ISO-10303-21;
HEADER;
FILE_DESCRIPTION(('Open CASCADE Model'),'2;1');
FILE_NAME('Open CASCADE Shape Model','2026-05-18T01:49:39',('Author'),(
    'Open CASCADE'),'Open CASCADE STEP processor 7.8','build123d',
  'Unknown');
FILE_SCHEMA(('AUTOMOTIVE_DESIGN { 1 0 10303 214 1 1 1 1 }'));
ENDSEC;
DATA;
#1 = APPLICATION_PROTOCOL_DEFINITION('international standard',
  'automotive_design',2000,#2);
#2 = APPLICATION_CONTEXT(
  'core data for automotive mechanical design processes');
#3 = SHAPE_DEFINITION_REPRESENTATION(#4,#10);
#4 = PRODUCT_DEFINITION_SHAPE('','',#5);
#5 = PRODUCT_DEFINITION('design','',#6,#9);
#6 = PRODUCT_DEFINITION_FORMATION('','',#7);
#7 = PRODUCT('ASSEMBLY','ASSEMBLY','',(#8));
#8 = PRODUCT_CONTEXT('',#2,'mechanical');
#9 = PRODUCT_DEFINITION_CONTEXT('part definition',#2,'design');
#10 = SHAPE_REPRESENTATION('',(#11,#15,#19,#23,#27,#31,#35,#39,#43,#47,
    #51,#55,#59,#63,#67,#71,#75,#79,#83,#87,#91,#95,#99,#103,#107,#111,
    #115,#119,#123,#127,#131,#135,#139,#143,#147,#151,#155,#159,#163,
    #167,#171),#175);
#11 = AXIS2_PLACEMENT_3D('',#12,#13,#14);
#12 = CARTESIAN_POINT('',(0.,0.,0.));
#13 = DIRECTION('',(0.,0.,1.));
#14 = DIRECTION('',(1.,0.,-0.));
#15 = AXIS2_PLACEMENT_3D('',#16,#17,#18);
#16 = CARTESIAN_POINT('',(-258.,-27.,383.5));
#17 = DIRECTION('',(-3.862756555534E-02,0.148072334629,0.988221885457));
#18 = DIRECTION('',(-0.249448843129,0.956220565329,-0.153027791931));
#19 = AXIS2_PLACEMENT_3D('',#20,#21,#22);
#20 = CARTESIAN_POINT('',(-319.,17.,380.5));
#21 = DIRECTION('',(-7.100136656941E-02,0.161366742203,0.98433712744));
#22 = DIRECTION('',(-0.396430570676,0.900978569717,-0.176296396855));
#23 = AXIS2_PLACEMENT_3D('',#24,#25,#26);
#24 = CARTESIAN_POINT('',(-269.,-15.,721.5));
#25 = DIRECTION('',(-4.067292815843E-02,-7.321127068517E-02,
    0.996486739882));
#26 = DIRECTION('',(-0.483936741237,-0.871086134226,-8.375068501402E-02)
  );
#27 = AXIS2_PLACEMENT_3D('',#28,#29,#30);
#28 = CARTESIAN_POINT('',(-349.,30.,719.5));
#29 = DIRECTION('',(-0.134678024112,-9.506684054965E-02,0.986318470703)
  );
#30 = DIRECTION('',(-0.805790493509,-0.568793289535,-0.164851067181));
#31 = AXIS2_PLACEMENT_3D('',#32,#33,#34);
#32 = CARTESIAN_POINT('',(-289.,46.,384.5));
#33 = DIRECTION('',(0.441298197683,-0.882596395366,0.162109542006));
#34 = DIRECTION('',(-7.249759114533E-02,0.144995182291,0.986772768367));
#35 = AXIS2_PLACEMENT_3D('',#36,#37,#38);
#36 = CARTESIAN_POINT('',(-310.,50.,715.5));
#37 = DIRECTION('',(0.822526444428,0.548350962952,0.150869048008));
#38 = DIRECTION('',(-0.125530635801,-8.36870905343E-02,0.988553756936));
#39 = AXIS2_PLACEMENT_3D('',#40,#41,#42);
#40 = CARTESIAN_POINT('',(-298.,18.,565.));
#41 = DIRECTION('',(0.,-1.,2.22044604925E-16));
#42 = DIRECTION('',(1.,0.,0.));
#43 = AXIS2_PLACEMENT_3D('',#44,#45,#46);
#44 = CARTESIAN_POINT('',(-298.,18.,565.));
#45 = DIRECTION('',(0.,-1.,2.22044604925E-16));
#46 = DIRECTION('',(1.,0.,0.));
#47 = AXIS2_PLACEMENT_3D('',#48,#49,#50);
#48 = CARTESIAN_POINT('',(-280.,-28.,220.));
#49 = DIRECTION('',(1.,-0.,2.22044604925E-16));
#50 = DIRECTION('',(2.22044604925E-16,0.,-1.));
#51 = AXIS2_PLACEMENT_3D('',#52,#53,#54);
#52 = CARTESIAN_POINT('',(-280.,-28.,252.));
#53 = DIRECTION('',(0.,-1.,2.22044604925E-16));
#54 = DIRECTION('',(1.,0.,0.));
#55 = AXIS2_PLACEMENT_3D('',#56,#57,#58);
#56 = CARTESIAN_POINT('',(-322.,-4.,872.));
#57 = DIRECTION('',(1.,-0.,2.22044604925E-16));
#58 = DIRECTION('',(2.22044604925E-16,0.,-1.));
#59 = AXIS2_PLACEMENT_3D('',#60,#61,#62);
#60 = CARTESIAN_POINT('',(-322.,-4.,950.));
#61 = DIRECTION('',(0.,-1.,2.22044604925E-16));
#62 = DIRECTION('',(1.,0.,0.));
#63 = AXIS2_PLACEMENT_3D('',#64,#65,#66);
#64 = CARTESIAN_POINT('',(-322.,-4.,794.));
#65 = DIRECTION('',(0.,0.,1.));
#66 = DIRECTION('',(1.,0.,-0.));
#67 = AXIS2_PLACEMENT_3D('',#68,#69,#70);
#68 = CARTESIAN_POINT('',(-280.,-28.,250.));
#69 = DIRECTION('',(0.,0.,1.));
#70 = DIRECTION('',(1.,0.,-0.));
#71 = AXIS2_PLACEMENT_3D('',#72,#73,#74);
#72 = CARTESIAN_POINT('',(-298.,18.,565.));
#73 = DIRECTION('',(0.,0.,1.));
#74 = DIRECTION('',(1.,0.,-0.));
#75 = AXIS2_PLACEMENT_3D('',#76,#77,#78);
#76 = CARTESIAN_POINT('',(-322.,-2.,848.));
#77 = DIRECTION('',(0.,0.,1.));
#78 = DIRECTION('',(1.,0.,-0.));
#79 = AXIS2_PLACEMENT_3D('',#80,#81,#82);
#80 = CARTESIAN_POINT('',(-214.,0.,401.));
#81 = DIRECTION('',(-1.429264352221E-02,0.114341148178,0.993338724794));
#82 = DIRECTION('',(-0.123208505087,0.985668040696,-0.115230975981));
#83 = AXIS2_PLACEMENT_3D('',#84,#85,#86);
#84 = CARTESIAN_POINT('',(-398.,10.,711.));
#85 = DIRECTION('',(-0.149229929277,-6.632441301179E-02,0.98657564355));
#86 = DIRECTION('',(-0.901544216664,-0.400686318517,-0.163304928135));
#87 = AXIS2_PLACEMENT_3D('',#88,#89,#90);
#88 = CARTESIAN_POINT('',(-239.,-39.,408.5));
#89 = DIRECTION('',(-3.768222792961E-02,3.768222792961E-02,
    0.998579040135));
#90 = DIRECTION('',(-0.70610201083,0.70610201083,-5.32907177985E-02));
#91 = AXIS2_PLACEMENT_3D('',#92,#93,#94);
#92 = CARTESIAN_POINT('',(-368.,-33.,711.5));
#93 = DIRECTION('',(-0.133802230447,8.362639402931E-03,0.990972769247));
#94 = DIRECTION('',(-0.989042927554,6.18151829721E-02,-0.134063308218));
#95 = AXIS2_PLACEMENT_3D('',#96,#97,#98);
#96 = CARTESIAN_POINT('',(258.,-27.,383.5));
#97 = DIRECTION('',(3.862756555534E-02,0.148072334629,0.988221885457));
#98 = DIRECTION('',(0.249448843129,0.956220565329,-0.153027791931));
#99 = AXIS2_PLACEMENT_3D('',#100,#101,#102);
#100 = CARTESIAN_POINT('',(319.,17.,380.5));
#101 = DIRECTION('',(7.100136656941E-02,0.161366742203,0.98433712744));
#102 = DIRECTION('',(0.396430570676,0.900978569717,-0.176296396855));
#103 = AXIS2_PLACEMENT_3D('',#104,#105,#106);
#104 = CARTESIAN_POINT('',(269.,-15.,721.5));
#105 = DIRECTION('',(4.067292815843E-02,-7.321127068517E-02,
    0.996486739882));
#106 = DIRECTION('',(0.483936741237,-0.871086134226,-8.375068501402E-02)
  );
#107 = AXIS2_PLACEMENT_3D('',#108,#109,#110);
#108 = CARTESIAN_POINT('',(349.,30.,719.5));
#109 = DIRECTION('',(0.134678024112,-9.506684054965E-02,0.986318470703)
  );
#110 = DIRECTION('',(0.805790493509,-0.568793289535,-0.164851067181));
#111 = AXIS2_PLACEMENT_3D('',#112,#113,#114);
#112 = CARTESIAN_POINT('',(289.,46.,384.5));
#113 = DIRECTION('',(-0.441298197683,-0.882596395366,0.162109542006));
#114 = DIRECTION('',(7.249759114533E-02,0.144995182291,0.986772768367));
#115 = AXIS2_PLACEMENT_3D('',#116,#117,#118);
#116 = CARTESIAN_POINT('',(310.,50.,715.5));
#117 = DIRECTION('',(-0.822526444428,0.548350962952,0.150869048008));
#118 = DIRECTION('',(0.125530635801,-8.36870905343E-02,0.988553756936));
#119 = AXIS2_PLACEMENT_3D('',#120,#121,#122);
#120 = CARTESIAN_POINT('',(298.,18.,565.));
#121 = DIRECTION('',(0.,-1.,2.22044604925E-16));
#122 = DIRECTION('',(1.,0.,0.));
#123 = AXIS2_PLACEMENT_3D('',#124,#125,#126);
#124 = CARTESIAN_POINT('',(298.,18.,565.));
#125 = DIRECTION('',(0.,-1.,2.22044604925E-16));
#126 = DIRECTION('',(1.,0.,0.));
#127 = AXIS2_PLACEMENT_3D('',#128,#129,#130);
#128 = CARTESIAN_POINT('',(280.,-28.,220.));
#129 = DIRECTION('',(1.,-0.,2.22044604925E-16));
#130 = DIRECTION('',(2.22044604925E-16,0.,-1.));
#131 = AXIS2_PLACEMENT_3D('',#132,#133,#134);
#132 = CARTESIAN_POINT('',(280.,-28.,252.));
#133 = DIRECTION('',(0.,-1.,2.22044604925E-16));
#134 = DIRECTION('',(1.,0.,0.));
#135 = AXIS2_PLACEMENT_3D('',#136,#137,#138);
#136 = CARTESIAN_POINT('',(322.,-4.,872.));
#137 = DIRECTION('',(1.,-0.,2.22044604925E-16));
#138 = DIRECTION('',(2.22044604925E-16,0.,-1.));
#139 = AXIS2_PLACEMENT_3D('',#140,#141,#142);
#140 = CARTESIAN_POINT('',(322.,-4.,950.));
#141 = DIRECTION('',(0.,-1.,2.22044604925E-16));
#142 = DIRECTION('',(1.,0.,0.));
#143 = AXIS2_PLACEMENT_3D('',#144,#145,#146);
#144 = CARTESIAN_POINT('',(322.,-4.,794.));
#145 = DIRECTION('',(0.,0.,1.));
#146 = DIRECTION('',(1.,0.,-0.));
#147 = AXIS2_PLACEMENT_3D('',#148,#149,#150);
#148 = CARTESIAN_POINT('',(280.,-28.,250.));
#149 = DIRECTION('',(0.,0.,1.));
#150 = DIRECTION('',(1.,0.,-0.));
#151 = AXIS2_PLACEMENT_3D('',#152,#153,#154);
#152 = CARTESIAN_POINT('',(298.,18.,565.));
#153 = DIRECTION('',(0.,0.,1.));
#154 = DIRECTION('',(1.,0.,-0.));
#155 = AXIS2_PLACEMENT_3D('',#156,#157,#158);
#156 = CARTESIAN_POINT('',(322.,-2.,848.));
#157 = DIRECTION('',(0.,0.,1.));
#158 = DIRECTION('',(1.,0.,-0.));
#159 = AXIS2_PLACEMENT_3D('',#160,#161,#162);
#160 = CARTESIAN_POINT('',(214.,0.,401.));
#161 = DIRECTION('',(1.429264352221E-02,0.114341148178,0.993338724794));
#162 = DIRECTION('',(0.123208505087,0.985668040696,-0.115230975981));
#163 = AXIS2_PLACEMENT_3D('',#164,#165,#166);
#164 = CARTESIAN_POINT('',(398.,10.,711.));
#165 = DIRECTION('',(0.149229929277,-6.632441301179E-02,0.98657564355));
#166 = DIRECTION('',(0.901544216664,-0.400686318517,-0.163304928135));
#167 = AXIS2_PLACEMENT_3D('',#168,#169,#170);
#168 = CARTESIAN_POINT('',(239.,-39.,408.5));
#169 = DIRECTION('',(3.768222792961E-02,3.768222792961E-02,
    0.998579040135));
#170 = DIRECTION('',(0.70610201083,0.70610201083,-5.32907177985E-02));
#171 = AXIS2_PLACEMENT_3D('',#172,#173,#174);
#172 = CARTESIAN_POINT('',(368.,-33.,711.5));
#173 = DIRECTION('',(0.133802230447,8.362639402931E-03,0.990972769247));
#174 = DIRECTION('',(0.989042927554,6.18151829721E-02,-0.134063308218));
#175 = ( GEOMETRIC_REPRESENTATION_CONTEXT(3) 
GLOBAL_UNCERTAINTY_ASSIGNED_CONTEXT((#179)) GLOBAL_UNIT_ASSIGNED_CONTEXT
((#176,#177,#178)) REPRESENTATION_CONTEXT('Context #1',
  '3D Context with UNIT and UNCERTAINTY') );
#176 = ( LENGTH_UNIT() NAMED_UNIT(*) SI_UNIT(.MILLI.,.METRE.) );
#177 = ( NAMED_UNIT(*) PLANE_ANGLE_UNIT() SI_UNIT($,.RADIAN.) );
#178 = ( NAMED_UNIT(*) SI_UNIT($,.STERADIAN.) SOLID_ANGLE_UNIT() );
#179 = UNCERTAINTY_MEASURE_WITH_UNIT(LENGTH_MEASURE(1.E-07),#176,
  'distance_accuracy_value','confusion accuracy');
#180 = PRODUCT_RELATED_PRODUCT_CATEGORY('part',$,(#7));
#181 = SHAPE_DEFINITION_REPRESENTATION(#182,#188);
#182 = PRODUCT_DEFINITION_SHAPE('','',#183);
#183 = PRODUCT_DEFINITION('design','',#184,#187);
#184 = PRODUCT_DEFINITION_FORMATION('','',#185);
#185 = PRODUCT('left_outer_lower_leg_load_link',
  'left_outer_lower_leg_load_link','',(#186));
#186 = PRODUCT_CONTEXT('',#2,'mechanical');
#187 = PRODUCT_DEFINITION_CONTEXT('part definition',#2,'design');
#188 = SHAPE_REPRESENTATION('',(#11,#189),#193);
#189 = AXIS2_PLACEMENT_3D('',#190,#191,#192);
#190 = CARTESIAN_POINT('',(0.,0.,-155.3294885074));
#191 = DIRECTION('',(0.,0.,1.));
#192 = DIRECTION('',(1.,0.,0.));
#193 = ( GEOMETRIC_REPRESENTATION_CONTEXT(3) 
GLOBAL_UNCERTAINTY_ASSIGNED_CONTEXT((#197)) GLOBAL_UNIT_ASSIGNED_CONTEXT
((#194,#195,#196)) REPRESENTATION_CONTEXT('Context #1',
  '3D Context with UNIT and UNCERTAINTY') );
#194 = ( LENGTH_UNIT() NAMED_UNIT(*) SI_UNIT(.MILLI.,.METRE.) );
#195 = ( NAMED_UNIT(*) PLANE_ANGLE_UNIT() SI_UNIT($,.RADIAN.) );
#196 = ( NAMED_UNIT(*) SI_UNIT($,.STERADIAN.) SOLID_ANGLE_UNIT() );
#197 = UNCERTAINTY_MEASURE_WITH_UNIT(LENGTH_MEASURE(1.E-07),#194,
  'distance_accuracy_value','confusion accuracy');
#198 = CONTEXT_DEPENDENT_SHAPE_REPRESENTATION(#199,#201);
#199 = ( REPRESENTATION_RELATIONSHIP('','',#188,#10) 
REPRESENTATION_RELATIONSHIP_WITH_TRANSFORMATION(#200) 
SHAPE_REPRESENTATION_RELATIONSHIP() );
#200 = ITEM_DEFINED_TRANSFORMATION('','',#11,#15);
#201 = PRODUCT_DEFINITION_SHAPE('Placement','Placement of an item',#202
  );
#202 = NEXT_ASSEMBLY_USAGE_OCCURRENCE('74','=>[0:1:1:2]','',#5,#183,$);
#203 = PRODUCT_RELATED_PRODUCT_CATEGORY('part',$,(#185));
#204 = SHAPE_DEFINITION_REPRESENTATION(#205,#211);
#205 = PRODUCT_DEFINITION_SHAPE('','',#206);
#206 = PRODUCT_DEFINITION('design','',#207,#210);
#207 = PRODUCT_DEFINITION_FORMATION('','',#208);
#208 = PRODUCT('SOLID','SOLID','',(#209));
#209 = PRODUCT_CONTEXT('',#2,'mechanical');
#210 = PRODUCT_DEFINITION_CONTEXT('part definition',#2,'design');
#211 = ADVANCED_BREP_SHAPE_REPRESENTATION('',(#11,#212),#310);
#212 = MANIFOLD_SOLID_BREP('',#213);
#213 = CLOSED_SHELL('',(#214,#302,#306));
#214 = ADVANCED_FACE('',(#215),#228,.T.);
#215 = FACE_BOUND('',#216,.T.);
#216 = EDGE_LOOP('',(#217,#251,#274,#301));
#217 = ORIENTED_EDGE('',*,*,#218,.F.);
#218 = EDGE_CURVE('',#219,#219,#221,.T.);
#219 = VERTEX_POINT('',#220);
#220 = CARTESIAN_POINT('',(18.,-4.40872847693E-15,310.65897701499));
#221 = SURFACE_CURVE('',#222,(#227,#239),.PCURVE_S1.);
#222 = CIRCLE('',#223,18.);
#223 = AXIS2_PLACEMENT_3D('',#224,#225,#226);
#224 = CARTESIAN_POINT('',(0.,0.,310.65897701499));
#225 = DIRECTION('',(0.,0.,1.));
#226 = DIRECTION('',(1.,0.,-0.));
#227 = PCURVE('',#228,#233);
#228 = CYLINDRICAL_SURFACE('',#229,18.);
#229 = AXIS2_PLACEMENT_3D('',#230,#231,#232);
#230 = CARTESIAN_POINT('',(0.,0.,0.));
#231 = DIRECTION('',(0.,0.,1.));
#232 = DIRECTION('',(1.,0.,-0.));
#233 = DEFINITIONAL_REPRESENTATION('',(#234),#238);
#234 = LINE('',#235,#236);
#235 = CARTESIAN_POINT('',(0.,310.65897701499));
#236 = VECTOR('',#237,1.);
#237 = DIRECTION('',(1.,0.));
#238 = ( GEOMETRIC_REPRESENTATION_CONTEXT(2) 
PARAMETRIC_REPRESENTATION_CONTEXT() REPRESENTATION_CONTEXT('2D SPACE',''
  ) );
#239 = PCURVE('',#240,#245);
#240 = PLANE('',#241);
#241 = AXIS2_PLACEMENT_3D('',#242,#243,#244);
#242 = CARTESIAN_POINT('',(0.,0.,310.65897701499));
#243 = DIRECTION('',(0.,0.,1.));
#244 = DIRECTION('',(1.,0.,-0.));
#245 = DEFINITIONAL_REPRESENTATION('',(#246),#250);
#246 = CIRCLE('',#247,18.);
#247 = AXIS2_PLACEMENT_2D('',#248,#249);
#248 = CARTESIAN_POINT('',(0.,0.));
#249 = DIRECTION('',(1.,0.));
#250 = ( GEOMETRIC_REPRESENTATION_CONTEXT(2) 
PARAMETRIC_REPRESENTATION_CONTEXT() REPRESENTATION_CONTEXT('2D SPACE',''
  ) );
#251 = ORIENTED_EDGE('',*,*,#252,.F.);
#252 = EDGE_CURVE('',#253,#219,#255,.T.);
#253 = VERTEX_POINT('',#254);
#254 = CARTESIAN_POINT('',(18.,-4.40872847693E-15,0.));
#255 = SEAM_CURVE('',#256,(#260,#267),.PCURVE_S1.);
#256 = LINE('',#257,#258);
#257 = CARTESIAN_POINT('',(18.,-4.40872847693E-15,0.));
#258 = VECTOR('',#259,1.);
#259 = DIRECTION('',(0.,0.,1.));
#260 = PCURVE('',#228,#261);
#261 = DEFINITIONAL_REPRESENTATION('',(#262),#266);
#262 = LINE('',#263,#264);
#263 = CARTESIAN_POINT('',(6.28318530718,-0.));
#264 = VECTOR('',#265,1.);
#265 = DIRECTION('',(0.,1.));
#266 = ( GEOMETRIC_REPRESENTATION_CONTEXT(2) 
PARAMETRIC_REPRESENTATION_CONTEXT() REPRESENTATION_CONTEXT('2D SPACE',''
  ) );
#267 = PCURVE('',#228,#268);
#268 = DEFINITIONAL_REPRESENTATION('',(#269),#273);
#269 = LINE('',#270,#271);
#270 = CARTESIAN_POINT('',(0.,-0.));
#271 = VECTOR('',#272,1.);
#272 = DIRECTION('',(0.,1.));
#273 = ( GEOMETRIC_REPRESENTATION_CONTEXT(2) 
PARAMETRIC_REPRESENTATION_CONTEXT() REPRESENTATION_CONTEXT('2D SPACE',''
  ) );
#274 = ORIENTED_EDGE('',*,*,#275,.T.);
#275 = EDGE_CURVE('',#253,#253,#276,.T.);
#276 = SURFACE_CURVE('',#277,(#282,#289),.PCURVE_S1.);
#277 = CIRCLE('',#278,18.);
#278 = AXIS2_PLACEMENT_3D('',#279,#280,#281);
#279 = CARTESIAN_POINT('',(0.,0.,0.));
#280 = DIRECTION('',(0.,0.,1.));
#281 = DIRECTION('',(1.,0.,-0.));
#282 = PCURVE('',#228,#283);
#283 = DEFINITIONAL_REPRESENTATION('',(#284),#288);
#284 = LINE('',#285,#286);
#285 = CARTESIAN_POINT('',(0.,0.));
#286 = VECTOR('',#287,1.);
#287 = DIRECTION('',(1.,0.));
#288 = ( GEOMETRIC_REPRESENTATION_CONTEXT(2) 
PARAMETRIC_REPRESENTATION_CONTEXT() REPRESENTATION_CONTEXT('2D SPACE',''
  ) );
#289 = PCURVE('',#290,#295);
#290 = PLANE('',#291);
#291 = AXIS2_PLACEMENT_3D('',#292,#293,#294);
#292 = CARTESIAN_POINT('',(0.,0.,0.));
#293 = DIRECTION('',(0.,0.,1.));
#294 = DIRECTION('',(1.,0.,-0.));
#295 = DEFINITIONAL_REPRESENTATION('',(#296),#300);
#296 = CIRCLE('',#297,18.);
#297 = AXIS2_PLACEMENT_2D('',#298,#299);
#298 = CARTESIAN_POINT('',(0.,0.));
#299 = DIRECTION('',(1.,0.));
#300 = ( GEOMETRIC_REPRESENTATION_CONTEXT(2) 
PARAMETRIC_REPRESENTATION_CONTEXT() REPRESENTATION_CONTEXT('2D SPACE',''
  ) );
#301 = ORIENTED_EDGE('',*,*,#252,.T.);
#302 = ADVANCED_FACE('',(#303),#240,.T.);
#303 = FACE_BOUND('',#304,.T.);
#304 = EDGE_LOOP('',(#305));
#305 = ORIENTED_EDGE('',*,*,#218,.T.);
#306 = ADVANCED_FACE('',(#307),#290,.F.);
#307 = FACE_BOUND('',#308,.T.);
#308 = EDGE_LOOP('',(#309));
#309 = ORIENTED_EDGE('',*,*,#275,.F.);
#310 = ( GEOMETRIC_REPRESENTATION_CONTEXT(3) 
GLOBAL_UNCERTAINTY_ASSIGNED_CONTEXT((#314)) GLOBAL_UNIT_ASSIGNED_CONTEXT
((#311,#312,#313)) REPRESENTATION_CONTEXT('Context #1',
  '3D Context with UNIT and UNCERTAINTY') );
#311 = ( LENGTH_UNIT() NAMED_UNIT(*) SI_UNIT(.MILLI.,.METRE.) );
#312 = ( NAMED_UNIT(*) PLANE_ANGLE_UNIT() SI_UNIT($,.RADIAN.) );
#313 = ( NAMED_UNIT(*) SI_UNIT($,.STERADIAN.) SOLID_ANGLE_UNIT() );
#314 = UNCERTAINTY_MEASURE_WITH_UNIT(LENGTH_MEASURE(1.E-07),#311,
  'distance_accuracy_value','confusion accuracy');
#315 = CONTEXT_DEPENDENT_SHAPE_REPRESENTATION(#316,#318);
#316 = ( REPRESENTATION_RELATIONSHIP('','',#211,#188) 
REPRESENTATION_RELATIONSHIP_WITH_TRANSFORMATION(#317) 
SHAPE_REPRESENTATION_RELATIONSHIP() );
#317 = ITEM_DEFINED_TRANSFORMATION('','',#11,#189);
#318 = PRODUCT_DEFINITION_SHAPE('Placement','Placement of an item',#319
  );
#319 = NEXT_ASSEMBLY_USAGE_OCCURRENCE('73','=>[0:1:1:3]','',#183,#206,$
  );
#320 = PRODUCT_RELATED_PRODUCT_CATEGORY('part',$,(#208));
#321 = SHAPE_DEFINITION_REPRESENTATION(#322,#328);
#322 = PRODUCT_DEFINITION_SHAPE('','',#323);
#323 = PRODUCT_DEFINITION('design','',#324,#327);
#324 = PRODUCT_DEFINITION_FORMATION('','',#325);
#325 = PRODUCT('left_inner_lower_leg_load_link',
  'left_inner_lower_leg_load_link','',(#326));
#326 = PRODUCT_CONTEXT('',#2,'mechanical');
#327 = PRODUCT_DEFINITION_CONTEXT('part definition',#2,'design');
#328 = SHAPE_REPRESENTATION('',(#11,#329),#333);
#329 = AXIS2_PLACEMENT_3D('',#330,#331,#332);
#330 = CARTESIAN_POINT('',(0.,0.,-154.9265955218));
#331 = DIRECTION('',(0.,0.,1.));
#332 = DIRECTION('',(1.,0.,0.));
#333 = ( GEOMETRIC_REPRESENTATION_CONTEXT(3) 
GLOBAL_UNCERTAINTY_ASSIGNED_CONTEXT((#337)) GLOBAL_UNIT_ASSIGNED_CONTEXT
((#334,#335,#336)) REPRESENTATION_CONTEXT('Context #1',
  '3D Context with UNIT and UNCERTAINTY') );
#334 = ( LENGTH_UNIT() NAMED_UNIT(*) SI_UNIT(.MILLI.,.METRE.) );
#335 = ( NAMED_UNIT(*) PLANE_ANGLE_UNIT() SI_UNIT($,.RADIAN.) );
#336 = ( NAMED_UNIT(*) SI_UNIT($,.STERADIAN.) SOLID_ANGLE_UNIT() );
#337 = UNCERTAINTY_MEASURE_WITH_UNIT(LENGTH_MEASURE(1.E-07),#334,
  'distance_accuracy_value','confusion accuracy');
#338 = CONTEXT_DEPENDENT_SHAPE_REPRESENTATION(#339,#341);
#339 = ( REPRESENTATION_RELATIONSHIP('','',#328,#10) 
REPRESENTATION_RELATIONSHIP_WITH_TRANSFORMATION(#340) 
SHAPE_REPRESENTATION_RELATIONSHIP() );
#340 = ITEM_DEFINED_TRANSFORMATION('','',#11,#19);
#341 = PRODUCT_DEFINITION_SHAPE('Placement','Placement of an item',#342
  );
#342 = NEXT_ASSEMBLY_USAGE_OCCURRENCE('76','=>[0:1:1:4]','',#5,#323,$);
#343 = PRODUCT_RELATED_PRODUCT_CATEGORY('part',$,(#325));
#344 = SHAPE_DEFINITION_REPRESENTATION(#345,#351);
#345 = PRODUCT_DEFINITION_SHAPE('','',#346);
#346 = PRODUCT_DEFINITION('design','',#347,#350);
#347 = PRODUCT_DEFINITION_FORMATION('','',#348);
#348 = PRODUCT('SOLID','SOLID','',(#349));
#349 = PRODUCT_CONTEXT('',#2,'mechanical');
#350 = PRODUCT_DEFINITION_CONTEXT('part definition',#2,'design');
#351 = ADVANCED_BREP_SHAPE_REPRESENTATION('',(#11,#352),#450);
#352 = MANIFOLD_SOLID_BREP('',#353);
#353 = CLOSED_SHELL('',(#354,#442,#446));
#354 = ADVANCED_FACE('',(#355),#368,.T.);
#355 = FACE_BOUND('',#356,.T.);
#356 = EDGE_LOOP('',(#357,#391,#414,#441));
#357 = ORIENTED_EDGE('',*,*,#358,.F.);
#358 = EDGE_CURVE('',#359,#359,#361,.T.);
#359 = VERTEX_POINT('',#360);
#360 = CARTESIAN_POINT('',(18.,-4.40872847693E-15,309.85319104375));
#361 = SURFACE_CURVE('',#362,(#367,#379),.PCURVE_S1.);
#362 = CIRCLE('',#363,18.);
#363 = AXIS2_PLACEMENT_3D('',#364,#365,#366);
#364 = CARTESIAN_POINT('',(0.,0.,309.85319104375));
#365 = DIRECTION('',(0.,0.,1.));
#366 = DIRECTION('',(1.,0.,-0.));
#367 = PCURVE('',#368,#373);
#368 = CYLINDRICAL_SURFACE('',#369,18.);
#369 = AXIS2_PLACEMENT_3D('',#370,#371,#372);
#370 = CARTESIAN_POINT('',(0.,0.,0.));
#371 = DIRECTION('',(0.,0.,1.));
#372 = DIRECTION('',(1.,0.,-0.));
#373 = DEFINITIONAL_REPRESENTATION('',(#374),#378);
#374 = LINE('',#375,#376);
#375 = CARTESIAN_POINT('',(0.,309.85319104375));
#376 = VECTOR('',#377,1.);
#377 = DIRECTION('',(1.,0.));
#378 = ( GEOMETRIC_REPRESENTATION_CONTEXT(2) 
PARAMETRIC_REPRESENTATION_CONTEXT() REPRESENTATION_CONTEXT('2D SPACE',''
  ) );
#379 = PCURVE('',#380,#385);
#380 = PLANE('',#381);
#381 = AXIS2_PLACEMENT_3D('',#382,#383,#384);
#382 = CARTESIAN_POINT('',(0.,0.,309.85319104375));
#383 = DIRECTION('',(0.,0.,1.));
#384 = DIRECTION('',(1.,0.,-0.));
#385 = DEFINITIONAL_REPRESENTATION('',(#386),#390);
#386 = CIRCLE('',#387,18.);
#387 = AXIS2_PLACEMENT_2D('',#388,#389);
#388 = CARTESIAN_POINT('',(0.,0.));
#389 = DIRECTION('',(1.,0.));
#390 = ( GEOMETRIC_REPRESENTATION_CONTEXT(2) 
PARAMETRIC_REPRESENTATION_CONTEXT() REPRESENTATION_CONTEXT('2D SPACE',''
  ) );
#391 = ORIENTED_EDGE('',*,*,#392,.F.);
#392 = EDGE_CURVE('',#393,#359,#395,.T.);
#393 = VERTEX_POINT('',#394);
#394 = CARTESIAN_POINT('',(18.,-4.40872847693E-15,0.));
#395 = SEAM_CURVE('',#396,(#400,#407),.PCURVE_S1.);
#396 = LINE('',#397,#398);
#397 = CARTESIAN_POINT('',(18.,-4.40872847693E-15,0.));
#398 = VECTOR('',#399,1.);
#399 = DIRECTION('',(0.,0.,1.));
#400 = PCURVE('',#368,#401);
#401 = DEFINITIONAL_REPRESENTATION('',(#402),#406);
#402 = LINE('',#403,#404);
#403 = CARTESIAN_POINT('',(6.28318530718,-0.));
#404 = VECTOR('',#405,1.);
#405 = DIRECTION('',(0.,1.));
#406 = ( GEOMETRIC_REPRESENTATION_CONTEXT(2) 
PARAMETRIC_REPRESENTATION_CONTEXT() REPRESENTATION_CONTEXT('2D SPACE',''
  ) );
#407 = PCURVE('',#368,#408);
#408 = DEFINITIONAL_REPRESENTATION('',(#409),#413);
#409 = LINE('',#410,#411);
#410 = CARTESIAN_POINT('',(0.,-0.));
#411 = VECTOR('',#412,1.);
#412 = DIRECTION('',(0.,1.));
#413 = ( GEOMETRIC_REPRESENTATION_CONTEXT(2) 
PARAMETRIC_REPRESENTATION_CONTEXT() REPRESENTATION_CONTEXT('2D SPACE',''
  ) );
#414 = ORIENTED_EDGE('',*,*,#415,.T.);
#415 = EDGE_CURVE('',#393,#393,#416,.T.);
#416 = SURFACE_CURVE('',#417,(#422,#429),.PCURVE_S1.);
#417 = CIRCLE('',#418,18.);
#418 = AXIS2_PLACEMENT_3D('',#419,#420,#421);
#419 = CARTESIAN_POINT('',(0.,0.,0.));
#420 = DIRECTION('',(0.,0.,1.));
#421 = DIRECTION('',(1.,0.,-0.));
#422 = PCURVE('',#368,#423);
#423 = DEFINITIONAL_REPRESENTATION('',(#424),#428);
#424 = LINE('',#425,#426);
#425 = CARTESIAN_POINT('',(0.,0.));
#426 = VECTOR('',#427,1.);
#427 = DIRECTION('',(1.,0.));
#428 = ( GEOMETRIC_REPRESENTATION_CONTEXT(2) 
PARAMETRIC_REPRESENTATION_CONTEXT() REPRESENTATION_CONTEXT('2D SPACE',''
  ) );
#429 = PCURVE('',#430,#435);
#430 = PLANE('',#431);
#431 = AXIS2_PLACEMENT_3D('',#432,#433,#434);
#432 = CARTESIAN_POINT('',(0.,0.,0.));
#433 = DIRECTION('',(0.,0.,1.));
#434 = DIRECTION('',(1.,0.,-0.));
#435 = DEFINITIONAL_REPRESENTATION('',(#436),#440);
#436 = CIRCLE('',#437,18.);
#437 = AXIS2_PLACEMENT_2D('',#438,#439);
#438 = CARTESIAN_POINT('',(0.,0.));
#439 = DIRECTION('',(1.,0.));
#440 = ( GEOMETRIC_REPRESENTATION_CONTEXT(2) 
PARAMETRIC_REPRESENTATION_CONTEXT() REPRESENTATION_CONTEXT('2D SPACE',''
  ) );
#441 = ORIENTED_EDGE('',*,*,#392,.T.);
#442 = ADVANCED_FACE('',(#443),#380,.T.);
#443 = FACE_BOUND('',#444,.T.);
#444 = EDGE_LOOP('',(#445));
#445 = ORIENTED_EDGE('',*,*,#358,.T.);
#446 = ADVANCED_FACE('',(#447),#430,.F.);
#447 = FACE_BOUND('',#448,.T.);
#448 = EDGE_LOOP('',(#449));
#449 = ORIENTED_EDGE('',*,*,#415,.F.);
#450 = ( GEOMETRIC_REPRESENTATION_CONTEXT(3) 
GLOBAL_UNCERTAINTY_ASSIGNED_CONTEXT((#454)) GLOBAL_UNIT_ASSIGNED_CONTEXT
((#451,#452,#453)) REPRESENTATION_CONTEXT('Context #1',
  '3D Context with UNIT and UNCERTAINTY') );
#451 = ( LENGTH_UNIT() NAMED_UNIT(*) SI_UNIT(.MILLI.,.METRE.) );
#452 = ( NAMED_UNIT(*) PLANE_ANGLE_UNIT() SI_UNIT($,.RADIAN.) );
#453 = ( NAMED_UNIT(*) SI_UNIT($,.STERADIAN.) SOLID_ANGLE_UNIT() );
#454 = UNCERTAINTY_MEASURE_WITH_UNIT(LENGTH_MEASURE(1.E-07),#451,
  'distance_accuracy_value','confusion accuracy');
#455 = CONTEXT_DEPENDENT_SHAPE_REPRESENTATION(#456,#458);
#456 = ( REPRESENTATION_RELATIONSHIP('','',#351,#328) 
REPRESENTATION_RELATIONSHIP_WITH_TRANSFORMATION(#457) 
SHAPE_REPRESENTATION_RELATIONSHIP() );
#457 = ITEM_DEFINED_TRANSFORMATION('','',#11,#329);
#458 = PRODUCT_DEFINITION_SHAPE('Placement','Placement of an item',#459
  );
#459 = NEXT_ASSEMBLY_USAGE_OCCURRENCE('75','=>[0:1:1:5]','',#323,#346,$
  );
#460 = PRODUCT_RELATED_PRODUCT_CATEGORY('part',$,(#348));
#461 = SHAPE_DEFINITION_REPRESENTATION(#462,#468);
#462 = PRODUCT_DEFINITION_SHAPE('','',#463);
#463 = PRODUCT_DEFINITION('design','',#464,#467);
#464 = PRODUCT_DEFINITION_FORMATION('','',#465);
#465 = PRODUCT('left_outer_upper_leg_load_link',
  'left_outer_upper_leg_load_link','',(#466));
#466 = PRODUCT_CONTEXT('',#2,'mechanical');
#467 = PRODUCT_DEFINITION_CONTEXT('part definition',#2,'design');
#468 = SHAPE_REPRESENTATION('',(#11,#469),#473);
#469 = AXIS2_PLACEMENT_3D('',#470,#471,#472);
#470 = CARTESIAN_POINT('',(0.,0.,-122.9318917124));
#471 = DIRECTION('',(0.,0.,1.));
#472 = DIRECTION('',(1.,0.,0.));
#473 = ( GEOMETRIC_REPRESENTATION_CONTEXT(3) 
GLOBAL_UNCERTAINTY_ASSIGNED_CONTEXT((#477)) GLOBAL_UNIT_ASSIGNED_CONTEXT
((#474,#475,#476)) REPRESENTATION_CONTEXT('Context #1',
  '3D Context with UNIT and UNCERTAINTY') );
#474 = ( LENGTH_UNIT() NAMED_UNIT(*) SI_UNIT(.MILLI.,.METRE.) );
#475 = ( NAMED_UNIT(*) PLANE_ANGLE_UNIT() SI_UNIT($,.RADIAN.) );
#476 = ( NAMED_UNIT(*) SI_UNIT($,.STERADIAN.) SOLID_ANGLE_UNIT() );
#477 = UNCERTAINTY_MEASURE_WITH_UNIT(LENGTH_MEASURE(1.E-07),#474,
  'distance_accuracy_value','confusion accuracy');
#478 = CONTEXT_DEPENDENT_SHAPE_REPRESENTATION(#479,#481);
#479 = ( REPRESENTATION_RELATIONSHIP('','',#468,#10) 
REPRESENTATION_RELATIONSHIP_WITH_TRANSFORMATION(#480) 
SHAPE_REPRESENTATION_RELATIONSHIP() );
#480 = ITEM_DEFINED_TRANSFORMATION('','',#11,#23);
#481 = PRODUCT_DEFINITION_SHAPE('Placement','Placement of an item',#482
  );
#482 = NEXT_ASSEMBLY_USAGE_OCCURRENCE('78','=>[0:1:1:6]','',#5,#463,$);
#483 = PRODUCT_RELATED_PRODUCT_CATEGORY('part',$,(#465));
#484 = SHAPE_DEFINITION_REPRESENTATION(#485,#491);
#485 = PRODUCT_DEFINITION_SHAPE('','',#486);
#486 = PRODUCT_DEFINITION('design','',#487,#490);
#487 = PRODUCT_DEFINITION_FORMATION('','',#488);
#488 = PRODUCT('SOLID','SOLID','',(#489));
#489 = PRODUCT_CONTEXT('',#2,'mechanical');
#490 = PRODUCT_DEFINITION_CONTEXT('part definition',#2,'design');
#491 = ADVANCED_BREP_SHAPE_REPRESENTATION('',(#11,#492),#590);
#492 = MANIFOLD_SOLID_BREP('',#493);
#493 = CLOSED_SHELL('',(#494,#582,#586));
#494 = ADVANCED_FACE('',(#495),#508,.T.);
#495 = FACE_BOUND('',#496,.T.);
#496 = EDGE_LOOP('',(#497,#531,#554,#581));
#497 = ORIENTED_EDGE('',*,*,#498,.F.);
#498 = EDGE_CURVE('',#499,#499,#501,.T.);
#499 = VERTEX_POINT('',#500);
#500 = CARTESIAN_POINT('',(20.,-4.898587196589E-15,245.86378342488));
#501 = SURFACE_CURVE('',#502,(#507,#519),.PCURVE_S1.);
#502 = CIRCLE('',#503,20.);
#503 = AXIS2_PLACEMENT_3D('',#504,#505,#506);
#504 = CARTESIAN_POINT('',(0.,0.,245.86378342488));
#505 = DIRECTION('',(0.,0.,1.));
#506 = DIRECTION('',(1.,0.,-0.));
#507 = PCURVE('',#508,#513);
#508 = CYLINDRICAL_SURFACE('',#509,20.);
#509 = AXIS2_PLACEMENT_3D('',#510,#511,#512);
#510 = CARTESIAN_POINT('',(0.,0.,0.));
#511 = DIRECTION('',(0.,0.,1.));
#512 = DIRECTION('',(1.,0.,-0.));
#513 = DEFINITIONAL_REPRESENTATION('',(#514),#518);
#514 = LINE('',#515,#516);
#515 = CARTESIAN_POINT('',(0.,245.86378342488));
#516 = VECTOR('',#517,1.);
#517 = DIRECTION('',(1.,0.));
#518 = ( GEOMETRIC_REPRESENTATION_CONTEXT(2) 
PARAMETRIC_REPRESENTATION_CONTEXT() REPRESENTATION_CONTEXT('2D SPACE',''
  ) );
#519 = PCURVE('',#520,#525);
#520 = PLANE('',#521);
#521 = AXIS2_PLACEMENT_3D('',#522,#523,#524);
#522 = CARTESIAN_POINT('',(0.,0.,245.86378342488));
#523 = DIRECTION('',(0.,0.,1.));
#524 = DIRECTION('',(1.,0.,-0.));
#525 = DEFINITIONAL_REPRESENTATION('',(#526),#530);
#526 = CIRCLE('',#527,20.);
#527 = AXIS2_PLACEMENT_2D('',#528,#529);
#528 = CARTESIAN_POINT('',(0.,0.));
#529 = DIRECTION('',(1.,0.));
#530 = ( GEOMETRIC_REPRESENTATION_CONTEXT(2) 
PARAMETRIC_REPRESENTATION_CONTEXT() REPRESENTATION_CONTEXT('2D SPACE',''
  ) );
#531 = ORIENTED_EDGE('',*,*,#532,.F.);
#532 = EDGE_CURVE('',#533,#499,#535,.T.);
#533 = VERTEX_POINT('',#534);
#534 = CARTESIAN_POINT('',(20.,-4.898587196589E-15,0.));
#535 = SEAM_CURVE('',#536,(#540,#547),.PCURVE_S1.);
#536 = LINE('',#537,#538);
#537 = CARTESIAN_POINT('',(20.,-4.898587196589E-15,0.));
#538 = VECTOR('',#539,1.);
#539 = DIRECTION('',(0.,0.,1.));
#540 = PCURVE('',#508,#541);
#541 = DEFINITIONAL_REPRESENTATION('',(#542),#546);
#542 = LINE('',#543,#544);
#543 = CARTESIAN_POINT('',(6.28318530718,-0.));
#544 = VECTOR('',#545,1.);
#545 = DIRECTION('',(0.,1.));
#546 = ( GEOMETRIC_REPRESENTATION_CONTEXT(2) 
PARAMETRIC_REPRESENTATION_CONTEXT() REPRESENTATION_CONTEXT('2D SPACE',''
  ) );
#547 = PCURVE('',#508,#548);
#548 = DEFINITIONAL_REPRESENTATION('',(#549),#553);
#549 = LINE('',#550,#551);
#550 = CARTESIAN_POINT('',(0.,-0.));
#551 = VECTOR('',#552,1.);
#552 = DIRECTION('',(0.,1.));
#553 = ( GEOMETRIC_REPRESENTATION_CONTEXT(2) 
PARAMETRIC_REPRESENTATION_CONTEXT() REPRESENTATION_CONTEXT('2D SPACE',''
  ) );
#554 = ORIENTED_EDGE('',*,*,#555,.T.);
#555 = EDGE_CURVE('',#533,#533,#556,.T.);
#556 = SURFACE_CURVE('',#557,(#562,#569),.PCURVE_S1.);
#557 = CIRCLE('',#558,20.);
#558 = AXIS2_PLACEMENT_3D('',#559,#560,#561);
#559 = CARTESIAN_POINT('',(0.,0.,0.));
#560 = DIRECTION('',(0.,0.,1.));
#561 = DIRECTION('',(1.,0.,-0.));
#562 = PCURVE('',#508,#563);
#563 = DEFINITIONAL_REPRESENTATION('',(#564),#568);
#564 = LINE('',#565,#566);
#565 = CARTESIAN_POINT('',(0.,0.));
#566 = VECTOR('',#567,1.);
#567 = DIRECTION('',(1.,0.));
#568 = ( GEOMETRIC_REPRESENTATION_CONTEXT(2) 
PARAMETRIC_REPRESENTATION_CONTEXT() REPRESENTATION_CONTEXT('2D SPACE',''
  ) );
#569 = PCURVE('',#570,#575);
#570 = PLANE('',#571);
#571 = AXIS2_PLACEMENT_3D('',#572,#573,#574);
#572 = CARTESIAN_POINT('',(0.,0.,0.));
#573 = DIRECTION('',(0.,0.,1.));
#574 = DIRECTION('',(1.,0.,-0.));
#575 = DEFINITIONAL_REPRESENTATION('',(#576),#580);
#576 = CIRCLE('',#577,20.);
#577 = AXIS2_PLACEMENT_2D('',#578,#579);
#578 = CARTESIAN_POINT('',(0.,0.));
#579 = DIRECTION('',(1.,0.));
#580 = ( GEOMETRIC_REPRESENTATION_CONTEXT(2) 
PARAMETRIC_REPRESENTATION_CONTEXT() REPRESENTATION_CONTEXT('2D SPACE',''
  ) );
#581 = ORIENTED_EDGE('',*,*,#532,.T.);
#582 = ADVANCED_FACE('',(#583),#520,.T.);
#583 = FACE_BOUND('',#584,.T.);
#584 = EDGE_LOOP('',(#585));
#585 = ORIENTED_EDGE('',*,*,#498,.T.);
#586 = ADVANCED_FACE('',(#587),#570,.F.);
#587 = FACE_BOUND('',#588,.T.);
#588 = EDGE_LOOP('',(#589));
#589 = ORIENTED_EDGE('',*,*,#555,.F.);
#590 = ( GEOMETRIC_REPRESENTATION_CONTEXT(3) 
GLOBAL_UNCERTAINTY_ASSIGNED_CONTEXT((#594)) GLOBAL_UNIT_ASSIGNED_CONTEXT
((#591,#592,#593)) REPRESENTATION_CONTEXT('Context #1',
  '3D Context with UNIT and UNCERTAINTY') );
#591 = ( LENGTH_UNIT() NAMED_UNIT(*) SI_UNIT(.MILLI.,.METRE.) );
#592 = ( NAMED_UNIT(*) PLANE_ANGLE_UNIT() SI_UNIT($,.RADIAN.) );
#593 = ( NAMED_UNIT(*) SI_UNIT($,.STERADIAN.) SOLID_ANGLE_UNIT() );
#594 = UNCERTAINTY_MEASURE_WITH_UNIT(LENGTH_MEASURE(1.E-07),#591,
  'distance_accuracy_value','confusion accuracy');
#595 = CONTEXT_DEPENDENT_SHAPE_REPRESENTATION(#596,#598);
#596 = ( REPRESENTATION_RELATIONSHIP('','',#491,#468) 
REPRESENTATION_RELATIONSHIP_WITH_TRANSFORMATION(#597) 
SHAPE_REPRESENTATION_RELATIONSHIP() );
#597 = ITEM_DEFINED_TRANSFORMATION('','',#11,#469);
#598 = PRODUCT_DEFINITION_SHAPE('Placement','Placement of an item',#599
  );
#599 = NEXT_ASSEMBLY_USAGE_OCCURRENCE('77','=>[0:1:1:7]','',#463,#486,$
  );
#600 = PRODUCT_RELATED_PRODUCT_CATEGORY('part',$,(#488));
#601 = SHAPE_DEFINITION_REPRESENTATION(#602,#608);
#602 = PRODUCT_DEFINITION_SHAPE('','',#603);
#603 = PRODUCT_DEFINITION('design','',#604,#607);
#604 = PRODUCT_DEFINITION_FORMATION('','',#605);
#605 = PRODUCT('left_inner_upper_leg_load_link',
  'left_inner_upper_leg_load_link','',(#606));
#606 = PRODUCT_CONTEXT('',#2,'mechanical');
#607 = PRODUCT_DEFINITION_CONTEXT('part definition',#2,'design');
#608 = SHAPE_REPRESENTATION('',(#11,#609),#613);
#609 = AXIS2_PLACEMENT_3D('',#610,#611,#612);
#610 = CARTESIAN_POINT('',(0.,0.,-126.2269780989));
#611 = DIRECTION('',(0.,0.,1.));
#612 = DIRECTION('',(1.,0.,0.));
#613 = ( GEOMETRIC_REPRESENTATION_CONTEXT(3) 
GLOBAL_UNCERTAINTY_ASSIGNED_CONTEXT((#617)) GLOBAL_UNIT_ASSIGNED_CONTEXT
((#614,#615,#616)) REPRESENTATION_CONTEXT('Context #1',
  '3D Context with UNIT and UNCERTAINTY') );
#614 = ( LENGTH_UNIT() NAMED_UNIT(*) SI_UNIT(.MILLI.,.METRE.) );
#615 = ( NAMED_UNIT(*) PLANE_ANGLE_UNIT() SI_UNIT($,.RADIAN.) );
#616 = ( NAMED_UNIT(*) SI_UNIT($,.STERADIAN.) SOLID_ANGLE_UNIT() );
#617 = UNCERTAINTY_MEASURE_WITH_UNIT(LENGTH_MEASURE(1.E-07),#614,
  'distance_accuracy_value','confusion accuracy');
#618 = CONTEXT_DEPENDENT_SHAPE_REPRESENTATION(#619,#621);
#619 = ( REPRESENTATION_RELATIONSHIP('','',#608,#10) 
REPRESENTATION_RELATIONSHIP_WITH_TRANSFORMATION(#620) 
SHAPE_REPRESENTATION_RELATIONSHIP() );
#620 = ITEM_DEFINED_TRANSFORMATION('','',#11,#27);
#621 = PRODUCT_DEFINITION_SHAPE('Placement','Placement of an item',#622
  );
#622 = NEXT_ASSEMBLY_USAGE_OCCURRENCE('80','=>[0:1:1:8]','',#5,#603,$);
#623 = PRODUCT_RELATED_PRODUCT_CATEGORY('part',$,(#605));
#624 = SHAPE_DEFINITION_REPRESENTATION(#625,#631);
#625 = PRODUCT_DEFINITION_SHAPE('','',#626);
#626 = PRODUCT_DEFINITION('design','',#627,#630);
#627 = PRODUCT_DEFINITION_FORMATION('','',#628);
#628 = PRODUCT('SOLID','SOLID','',(#629));
#629 = PRODUCT_CONTEXT('',#2,'mechanical');
#630 = PRODUCT_DEFINITION_CONTEXT('part definition',#2,'design');
#631 = ADVANCED_BREP_SHAPE_REPRESENTATION('',(#11,#632),#730);
#632 = MANIFOLD_SOLID_BREP('',#633);
#633 = CLOSED_SHELL('',(#634,#722,#726));
#634 = ADVANCED_FACE('',(#635),#648,.T.);
#635 = FACE_BOUND('',#636,.T.);
#636 = EDGE_LOOP('',(#637,#671,#694,#721));
#637 = ORIENTED_EDGE('',*,*,#638,.F.);
#638 = EDGE_CURVE('',#639,#639,#641,.T.);
#639 = VERTEX_POINT('',#640);
#640 = CARTESIAN_POINT('',(20.,-4.898587196589E-15,252.45395619795));
#641 = SURFACE_CURVE('',#642,(#647,#659),.PCURVE_S1.);
#642 = CIRCLE('',#643,20.);
#643 = AXIS2_PLACEMENT_3D('',#644,#645,#646);
#644 = CARTESIAN_POINT('',(0.,0.,252.45395619795));
#645 = DIRECTION('',(0.,0.,1.));
#646 = DIRECTION('',(1.,0.,-0.));
#647 = PCURVE('',#648,#653);
#648 = CYLINDRICAL_SURFACE('',#649,20.);
#649 = AXIS2_PLACEMENT_3D('',#650,#651,#652);
#650 = CARTESIAN_POINT('',(0.,0.,0.));
#651 = DIRECTION('',(0.,0.,1.));
#652 = DIRECTION('',(1.,0.,-0.));
#653 = DEFINITIONAL_REPRESENTATION('',(#654),#658);
#654 = LINE('',#655,#656);
#655 = CARTESIAN_POINT('',(0.,252.45395619795));
#656 = VECTOR('',#657,1.);
#657 = DIRECTION('',(1.,0.));
#658 = ( GEOMETRIC_REPRESENTATION_CONTEXT(2) 
PARAMETRIC_REPRESENTATION_CONTEXT() REPRESENTATION_CONTEXT('2D SPACE',''
  ) );
#659 = PCURVE('',#660,#665);
#660 = PLANE('',#661);
#661 = AXIS2_PLACEMENT_3D('',#662,#663,#664);
#662 = CARTESIAN_POINT('',(0.,0.,252.45395619795));
#663 = DIRECTION('',(0.,0.,1.));
#664 = DIRECTION('',(1.,0.,-0.));
#665 = DEFINITIONAL_REPRESENTATION('',(#666),#670);
#666 = CIRCLE('',#667,20.);
#667 = AXIS2_PLACEMENT_2D('',#668,#669);
#668 = CARTESIAN_POINT('',(0.,0.));
#669 = DIRECTION('',(1.,0.));
#670 = ( GEOMETRIC_REPRESENTATION_CONTEXT(2) 
PARAMETRIC_REPRESENTATION_CONTEXT() REPRESENTATION_CONTEXT('2D SPACE',''
  ) );
#671 = ORIENTED_EDGE('',*,*,#672,.F.);
#672 = EDGE_CURVE('',#673,#639,#675,.T.);
#673 = VERTEX_POINT('',#674);
#674 = CARTESIAN_POINT('',(20.,-4.898587196589E-15,0.));
#675 = SEAM_CURVE('',#676,(#680,#687),.PCURVE_S1.);
#676 = LINE('',#677,#678);
#677 = CARTESIAN_POINT('',(20.,-4.898587196589E-15,0.));
#678 = VECTOR('',#679,1.);
#679 = DIRECTION('',(0.,0.,1.));
#680 = PCURVE('',#648,#681);
#681 = DEFINITIONAL_REPRESENTATION('',(#682),#686);
#682 = LINE('',#683,#684);
#683 = CARTESIAN_POINT('',(6.28318530718,-0.));
#684 = VECTOR('',#685,1.);
#685 = DIRECTION('',(0.,1.));
#686 = ( GEOMETRIC_REPRESENTATION_CONTEXT(2) 
PARAMETRIC_REPRESENTATION_CONTEXT() REPRESENTATION_CONTEXT('2D SPACE',''
  ) );
#687 = PCURVE('',#648,#688);
#688 = DEFINITIONAL_REPRESENTATION('',(#689),#693);
#689 = LINE('',#690,#691);
#690 = CARTESIAN_POINT('',(0.,-0.));
#691 = VECTOR('',#692,1.);
#692 = DIRECTION('',(0.,1.));
#693 = ( GEOMETRIC_REPRESENTATION_CONTEXT(2) 
PARAMETRIC_REPRESENTATION_CONTEXT() REPRESENTATION_CONTEXT('2D SPACE',''
  ) );
#694 = ORIENTED_EDGE('',*,*,#695,.T.);
#695 = EDGE_CURVE('',#673,#673,#696,.T.);
#696 = SURFACE_CURVE('',#697,(#702,#709),.PCURVE_S1.);
#697 = CIRCLE('',#698,20.);
#698 = AXIS2_PLACEMENT_3D('',#699,#700,#701);
#699 = CARTESIAN_POINT('',(0.,0.,0.));
#700 = DIRECTION('',(0.,0.,1.));
#701 = DIRECTION('',(1.,0.,-0.));
#702 = PCURVE('',#648,#703);
#703 = DEFINITIONAL_REPRESENTATION('',(#704),#708);
#704 = LINE('',#705,#706);
#705 = CARTESIAN_POINT('',(0.,0.));
#706 = VECTOR('',#707,1.);
#707 = DIRECTION('',(1.,0.));
#708 = ( GEOMETRIC_REPRESENTATION_CONTEXT(2) 
PARAMETRIC_REPRESENTATION_CONTEXT() REPRESENTATION_CONTEXT('2D SPACE',''
  ) );
#709 = PCURVE('',#710,#715);
#710 = PLANE('',#711);
#711 = AXIS2_PLACEMENT_3D('',#712,#713,#714);
#712 = CARTESIAN_POINT('',(0.,0.,0.));
#713 = DIRECTION('',(0.,0.,1.));
#714 = DIRECTION('',(1.,0.,-0.));
#715 = DEFINITIONAL_REPRESENTATION('',(#716),#720);
#716 = CIRCLE('',#717,20.);
#717 = AXIS2_PLACEMENT_2D('',#718,#719);
#718 = CARTESIAN_POINT('',(0.,0.));
#719 = DIRECTION('',(1.,0.));
#720 = ( GEOMETRIC_REPRESENTATION_CONTEXT(2) 
PARAMETRIC_REPRESENTATION_CONTEXT() REPRESENTATION_CONTEXT('2D SPACE',''
  ) );
#721 = ORIENTED_EDGE('',*,*,#672,.T.);
#722 = ADVANCED_FACE('',(#723),#660,.T.);
#723 = FACE_BOUND('',#724,.T.);
#724 = EDGE_LOOP('',(#725));
#725 = ORIENTED_EDGE('',*,*,#638,.T.);
#726 = ADVANCED_FACE('',(#727),#710,.F.);
#727 = FACE_BOUND('',#728,.T.);
#728 = EDGE_LOOP('',(#729));
#729 = ORIENTED_EDGE('',*,*,#695,.F.);
#730 = ( GEOMETRIC_REPRESENTATION_CONTEXT(3) 
GLOBAL_UNCERTAINTY_ASSIGNED_CONTEXT((#734)) GLOBAL_UNIT_ASSIGNED_CONTEXT
((#731,#732,#733)) REPRESENTATION_CONTEXT('Context #1',
  '3D Context with UNIT and UNCERTAINTY') );
#731 = ( LENGTH_UNIT() NAMED_UNIT(*) SI_UNIT(.MILLI.,.METRE.) );
#732 = ( NAMED_UNIT(*) PLANE_ANGLE_UNIT() SI_UNIT($,.RADIAN.) );
#733 = ( NAMED_UNIT(*) SI_UNIT($,.STERADIAN.) SOLID_ANGLE_UNIT() );
#734 = UNCERTAINTY_MEASURE_WITH_UNIT(LENGTH_MEASURE(1.E-07),#731,
  'distance_accuracy_value','confusion accuracy');
#735 = CONTEXT_DEPENDENT_SHAPE_REPRESENTATION(#736,#738);
#736 = ( REPRESENTATION_RELATIONSHIP('','',#631,#608) 
REPRESENTATION_RELATIONSHIP_WITH_TRANSFORMATION(#737) 
SHAPE_REPRESENTATION_RELATIONSHIP() );
#737 = ITEM_DEFINED_TRANSFORMATION('','',#11,#609);
#738 = PRODUCT_DEFINITION_SHAPE('Placement','Placement of an item',#739
  );
#739 = NEXT_ASSEMBLY_USAGE_OCCURRENCE('79','=>[0:1:1:9]','',#603,#626,$
  );
#740 = PRODUCT_RELATED_PRODUCT_CATEGORY('part',$,(#628));
#741 = SHAPE_DEFINITION_REPRESENTATION(#742,#748);
#742 = PRODUCT_DEFINITION_SHAPE('','',#743);
#743 = PRODUCT_DEFINITION('design','',#744,#747);
#744 = PRODUCT_DEFINITION_FORMATION('','',#745);
#745 = PRODUCT('left_front_shin_composite_fairing',
  'left_front_shin_composite_fairing','',(#746));
#746 = PRODUCT_CONTEXT('',#2,'mechanical');
#747 = PRODUCT_DEFINITION_CONTEXT('part definition',#2,'design');
#748 = SHAPE_REPRESENTATION('',(#11,#749),#753);
#749 = AXIS2_PLACEMENT_3D('',#750,#751,#752);
#750 = CARTESIAN_POINT('',(-124.1420557264,-26.,-17.));
#751 = DIRECTION('',(0.,0.,1.));
#752 = DIRECTION('',(1.,0.,0.));
#753 = ( GEOMETRIC_REPRESENTATION_CONTEXT(3) 
GLOBAL_UNCERTAINTY_ASSIGNED_CONTEXT((#757)) GLOBAL_UNIT_ASSIGNED_CONTEXT
((#754,#755,#756)) REPRESENTATION_CONTEXT('Context #1',
  '3D Context with UNIT and UNCERTAINTY') );
#754 = ( LENGTH_UNIT() NAMED_UNIT(*) SI_UNIT(.MILLI.,.METRE.) );
#755 = ( NAMED_UNIT(*) PLANE_ANGLE_UNIT() SI_UNIT($,.RADIAN.) );
#756 = ( NAMED_UNIT(*) SI_UNIT($,.STERADIAN.) SOLID_ANGLE_UNIT() );
#757 = UNCERTAINTY_MEASURE_WITH_UNIT(LENGTH_MEASURE(1.E-07),#754,
  'distance_accuracy_value','confusion accuracy');
#758 = CONTEXT_DEPENDENT_SHAPE_REPRESENTATION(#759,#761);
#759 = ( REPRESENTATION_RELATIONSHIP('','',#748,#10) 
REPRESENTATION_RELATIONSHIP_WITH_TRANSFORMATION(#760) 
SHAPE_REPRESENTATION_RELATIONSHIP() );
#760 = ITEM_DEFINED_TRANSFORMATION('','',#11,#31);
#761 = PRODUCT_DEFINITION_SHAPE('Placement','Placement of an item',#762
  );
#762 = NEXT_ASSEMBLY_USAGE_OCCURRENCE('82','=>[0:1:1:10]','',#5,#743,$);
#763 = PRODUCT_RELATED_PRODUCT_CATEGORY('part',$,(#745));
#764 = SHAPE_DEFINITION_REPRESENTATION(#765,#771);
#765 = PRODUCT_DEFINITION_SHAPE('','',#766);
#766 = PRODUCT_DEFINITION('design','',#767,#770);
#767 = PRODUCT_DEFINITION_FORMATION('','',#768);
#768 = PRODUCT('SOLID','SOLID','',(#769));
#769 = PRODUCT_CONTEXT('',#2,'mechanical');
#770 = PRODUCT_DEFINITION_CONTEXT('part definition',#2,'design');
#771 = ADVANCED_BREP_SHAPE_REPRESENTATION('',(#11,#772),#1102);
#772 = MANIFOLD_SOLID_BREP('',#773);
#773 = CLOSED_SHELL('',(#774,#894,#994,#1041,#1088,#1095));
#774 = ADVANCED_FACE('',(#775),#789,.F.);
#775 = FACE_BOUND('',#776,.F.);
#776 = EDGE_LOOP('',(#777,#812,#840,#868));
#777 = ORIENTED_EDGE('',*,*,#778,.F.);
#778 = EDGE_CURVE('',#779,#781,#783,.T.);
#779 = VERTEX_POINT('',#780);
#780 = CARTESIAN_POINT('',(0.,0.,0.));
#781 = VERTEX_POINT('',#782);
#782 = CARTESIAN_POINT('',(0.,0.,34.));
#783 = SURFACE_CURVE('',#784,(#788,#800),.PCURVE_S1.);
#784 = LINE('',#785,#786);
#785 = CARTESIAN_POINT('',(0.,0.,0.));
#786 = VECTOR('',#787,1.);
#787 = DIRECTION('',(0.,0.,1.));
#788 = PCURVE('',#789,#794);
#789 = PLANE('',#790);
#790 = AXIS2_PLACEMENT_3D('',#791,#792,#793);
#791 = CARTESIAN_POINT('',(0.,0.,0.));
#792 = DIRECTION('',(1.,0.,-0.));
#793 = DIRECTION('',(0.,0.,1.));
#794 = DEFINITIONAL_REPRESENTATION('',(#795),#799);
#795 = LINE('',#796,#797);
#796 = CARTESIAN_POINT('',(0.,0.));
#797 = VECTOR('',#798,1.);
#798 = DIRECTION('',(1.,0.));
#799 = ( GEOMETRIC_REPRESENTATION_CONTEXT(2) 
PARAMETRIC_REPRESENTATION_CONTEXT() REPRESENTATION_CONTEXT('2D SPACE',''
  ) );
#800 = PCURVE('',#801,#806);
#801 = PLANE('',#802);
#802 = AXIS2_PLACEMENT_3D('',#803,#804,#805);
#803 = CARTESIAN_POINT('',(0.,0.,0.));
#804 = DIRECTION('',(-0.,1.,0.));
#805 = DIRECTION('',(0.,0.,1.));
#806 = DEFINITIONAL_REPRESENTATION('',(#807),#811);
#807 = LINE('',#808,#809);
#808 = CARTESIAN_POINT('',(0.,0.));
#809 = VECTOR('',#810,1.);
#810 = DIRECTION('',(1.,0.));
#811 = ( GEOMETRIC_REPRESENTATION_CONTEXT(2) 
PARAMETRIC_REPRESENTATION_CONTEXT() REPRESENTATION_CONTEXT('2D SPACE',''
  ) );
#812 = ORIENTED_EDGE('',*,*,#813,.T.);
#813 = EDGE_CURVE('',#779,#814,#816,.T.);
#814 = VERTEX_POINT('',#815);
#815 = CARTESIAN_POINT('',(0.,52.,0.));
#816 = SURFACE_CURVE('',#817,(#821,#828),.PCURVE_S1.);
#817 = LINE('',#818,#819);
#818 = CARTESIAN_POINT('',(0.,0.,0.));
#819 = VECTOR('',#820,1.);
#820 = DIRECTION('',(-0.,1.,0.));
#821 = PCURVE('',#789,#822);
#822 = DEFINITIONAL_REPRESENTATION('',(#823),#827);
#823 = LINE('',#824,#825);
#824 = CARTESIAN_POINT('',(0.,0.));
#825 = VECTOR('',#826,1.);
#826 = DIRECTION('',(0.,-1.));
#827 = ( GEOMETRIC_REPRESENTATION_CONTEXT(2) 
PARAMETRIC_REPRESENTATION_CONTEXT() REPRESENTATION_CONTEXT('2D SPACE',''
  ) );
#828 = PCURVE('',#829,#834);
#829 = PLANE('',#830);
#830 = AXIS2_PLACEMENT_3D('',#831,#832,#833);
#831 = CARTESIAN_POINT('',(0.,0.,0.));
#832 = DIRECTION('',(0.,0.,1.));
#833 = DIRECTION('',(1.,0.,-0.));
#834 = DEFINITIONAL_REPRESENTATION('',(#835),#839);
#835 = LINE('',#836,#837);
#836 = CARTESIAN_POINT('',(0.,0.));
#837 = VECTOR('',#838,1.);
#838 = DIRECTION('',(0.,1.));
#839 = ( GEOMETRIC_REPRESENTATION_CONTEXT(2) 
PARAMETRIC_REPRESENTATION_CONTEXT() REPRESENTATION_CONTEXT('2D SPACE',''
  ) );
#840 = ORIENTED_EDGE('',*,*,#841,.T.);
#841 = EDGE_CURVE('',#814,#842,#844,.T.);
#842 = VERTEX_POINT('',#843);
#843 = CARTESIAN_POINT('',(0.,52.,34.));
#844 = SURFACE_CURVE('',#845,(#849,#856),.PCURVE_S1.);
#845 = LINE('',#846,#847);
#846 = CARTESIAN_POINT('',(0.,52.,0.));
#847 = VECTOR('',#848,1.);
#848 = DIRECTION('',(0.,0.,1.));
#849 = PCURVE('',#789,#850);
#850 = DEFINITIONAL_REPRESENTATION('',(#851),#855);
#851 = LINE('',#852,#853);
#852 = CARTESIAN_POINT('',(0.,-52.));
#853 = VECTOR('',#854,1.);
#854 = DIRECTION('',(1.,0.));
#855 = ( GEOMETRIC_REPRESENTATION_CONTEXT(2) 
PARAMETRIC_REPRESENTATION_CONTEXT() REPRESENTATION_CONTEXT('2D SPACE',''
  ) );
#856 = PCURVE('',#857,#862);
#857 = PLANE('',#858);
#858 = AXIS2_PLACEMENT_3D('',#859,#860,#861);
#859 = CARTESIAN_POINT('',(0.,52.,0.));
#860 = DIRECTION('',(-0.,1.,0.));
#861 = DIRECTION('',(0.,0.,1.));
#862 = DEFINITIONAL_REPRESENTATION('',(#863),#867);
#863 = LINE('',#864,#865);
#864 = CARTESIAN_POINT('',(0.,0.));
#865 = VECTOR('',#866,1.);
#866 = DIRECTION('',(1.,0.));
#867 = ( GEOMETRIC_REPRESENTATION_CONTEXT(2) 
PARAMETRIC_REPRESENTATION_CONTEXT() REPRESENTATION_CONTEXT('2D SPACE',''
  ) );
#868 = ORIENTED_EDGE('',*,*,#869,.F.);
#869 = EDGE_CURVE('',#781,#842,#870,.T.);
#870 = SURFACE_CURVE('',#871,(#875,#882),.PCURVE_S1.);
#871 = LINE('',#872,#873);
#872 = CARTESIAN_POINT('',(0.,0.,34.));
#873 = VECTOR('',#874,1.);
#874 = DIRECTION('',(-0.,1.,0.));
#875 = PCURVE('',#789,#876);
#876 = DEFINITIONAL_REPRESENTATION('',(#877),#881);
#877 = LINE('',#878,#879);
#878 = CARTESIAN_POINT('',(34.,0.));
#879 = VECTOR('',#880,1.);
#880 = DIRECTION('',(0.,-1.));
#881 = ( GEOMETRIC_REPRESENTATION_CONTEXT(2) 
PARAMETRIC_REPRESENTATION_CONTEXT() REPRESENTATION_CONTEXT('2D SPACE',''
  ) );
#882 = PCURVE('',#883,#888);
#883 = PLANE('',#884);
#884 = AXIS2_PLACEMENT_3D('',#885,#886,#887);
#885 = CARTESIAN_POINT('',(0.,0.,34.));
#886 = DIRECTION('',(0.,0.,1.));
#887 = DIRECTION('',(1.,0.,-0.));
#888 = DEFINITIONAL_REPRESENTATION('',(#889),#893);
#889 = LINE('',#890,#891);
#890 = CARTESIAN_POINT('',(0.,0.));
#891 = VECTOR('',#892,1.);
#892 = DIRECTION('',(0.,1.));
#893 = ( GEOMETRIC_REPRESENTATION_CONTEXT(2) 
PARAMETRIC_REPRESENTATION_CONTEXT() REPRESENTATION_CONTEXT('2D SPACE',''
  ) );
#894 = ADVANCED_FACE('',(#895),#909,.T.);
#895 = FACE_BOUND('',#896,.T.);
#896 = EDGE_LOOP('',(#897,#927,#950,#973));
#897 = ORIENTED_EDGE('',*,*,#898,.F.);
#898 = EDGE_CURVE('',#899,#901,#903,.T.);
#899 = VERTEX_POINT('',#900);
#900 = CARTESIAN_POINT('',(248.28411145298,0.,0.));
#901 = VERTEX_POINT('',#902);
#902 = CARTESIAN_POINT('',(248.28411145298,0.,34.));
#903 = SURFACE_CURVE('',#904,(#908,#920),.PCURVE_S1.);
#904 = LINE('',#905,#906);
#905 = CARTESIAN_POINT('',(248.28411145298,0.,0.));
#906 = VECTOR('',#907,1.);
#907 = DIRECTION('',(0.,0.,1.));
#908 = PCURVE('',#909,#914);
#909 = PLANE('',#910);
#910 = AXIS2_PLACEMENT_3D('',#911,#912,#913);
#911 = CARTESIAN_POINT('',(248.28411145298,0.,0.));
#912 = DIRECTION('',(1.,0.,-0.));
#913 = DIRECTION('',(0.,0.,1.));
#914 = DEFINITIONAL_REPRESENTATION('',(#915),#919);
#915 = LINE('',#916,#917);
#916 = CARTESIAN_POINT('',(0.,0.));
#917 = VECTOR('',#918,1.);
#918 = DIRECTION('',(1.,0.));
#919 = ( GEOMETRIC_REPRESENTATION_CONTEXT(2) 
PARAMETRIC_REPRESENTATION_CONTEXT() REPRESENTATION_CONTEXT('2D SPACE',''
  ) );
#920 = PCURVE('',#801,#921);
#921 = DEFINITIONAL_REPRESENTATION('',(#922),#926);
#922 = LINE('',#923,#924);
#923 = CARTESIAN_POINT('',(0.,248.28411145298));
#924 = VECTOR('',#925,1.);
#925 = DIRECTION('',(1.,0.));
#926 = ( GEOMETRIC_REPRESENTATION_CONTEXT(2) 
PARAMETRIC_REPRESENTATION_CONTEXT() REPRESENTATION_CONTEXT('2D SPACE',''
  ) );
#927 = ORIENTED_EDGE('',*,*,#928,.T.);
#928 = EDGE_CURVE('',#899,#929,#931,.T.);
#929 = VERTEX_POINT('',#930);
#930 = CARTESIAN_POINT('',(248.28411145298,52.,0.));
#931 = SURFACE_CURVE('',#932,(#936,#943),.PCURVE_S1.);
#932 = LINE('',#933,#934);
#933 = CARTESIAN_POINT('',(248.28411145298,0.,0.));
#934 = VECTOR('',#935,1.);
#935 = DIRECTION('',(-0.,1.,0.));
#936 = PCURVE('',#909,#937);
#937 = DEFINITIONAL_REPRESENTATION('',(#938),#942);
#938 = LINE('',#939,#940);
#939 = CARTESIAN_POINT('',(0.,0.));
#940 = VECTOR('',#941,1.);
#941 = DIRECTION('',(0.,-1.));
#942 = ( GEOMETRIC_REPRESENTATION_CONTEXT(2) 
PARAMETRIC_REPRESENTATION_CONTEXT() REPRESENTATION_CONTEXT('2D SPACE',''
  ) );
#943 = PCURVE('',#829,#944);
#944 = DEFINITIONAL_REPRESENTATION('',(#945),#949);
#945 = LINE('',#946,#947);
#946 = CARTESIAN_POINT('',(248.28411145298,0.));
#947 = VECTOR('',#948,1.);
#948 = DIRECTION('',(0.,1.));
#949 = ( GEOMETRIC_REPRESENTATION_CONTEXT(2) 
PARAMETRIC_REPRESENTATION_CONTEXT() REPRESENTATION_CONTEXT('2D SPACE',''
  ) );
#950 = ORIENTED_EDGE('',*,*,#951,.T.);
#951 = EDGE_CURVE('',#929,#952,#954,.T.);
#952 = VERTEX_POINT('',#953);
#953 = CARTESIAN_POINT('',(248.28411145298,52.,34.));
#954 = SURFACE_CURVE('',#955,(#959,#966),.PCURVE_S1.);
#955 = LINE('',#956,#957);
#956 = CARTESIAN_POINT('',(248.28411145298,52.,0.));
#957 = VECTOR('',#958,1.);
#958 = DIRECTION('',(0.,0.,1.));
#959 = PCURVE('',#909,#960);
#960 = DEFINITIONAL_REPRESENTATION('',(#961),#965);
#961 = LINE('',#962,#963);
#962 = CARTESIAN_POINT('',(0.,-52.));
#963 = VECTOR('',#964,1.);
#964 = DIRECTION('',(1.,0.));
#965 = ( GEOMETRIC_REPRESENTATION_CONTEXT(2) 
PARAMETRIC_REPRESENTATION_CONTEXT() REPRESENTATION_CONTEXT('2D SPACE',''
  ) );
#966 = PCURVE('',#857,#967);
#967 = DEFINITIONAL_REPRESENTATION('',(#968),#972);
#968 = LINE('',#969,#970);
#969 = CARTESIAN_POINT('',(0.,248.28411145298));
#970 = VECTOR('',#971,1.);
#971 = DIRECTION('',(1.,0.));
#972 = ( GEOMETRIC_REPRESENTATION_CONTEXT(2) 
PARAMETRIC_REPRESENTATION_CONTEXT() REPRESENTATION_CONTEXT('2D SPACE',''
  ) );
#973 = ORIENTED_EDGE('',*,*,#974,.F.);
#974 = EDGE_CURVE('',#901,#952,#975,.T.);
#975 = SURFACE_CURVE('',#976,(#980,#987),.PCURVE_S1.);
#976 = LINE('',#977,#978);
#977 = CARTESIAN_POINT('',(248.28411145298,0.,34.));
#978 = VECTOR('',#979,1.);
#979 = DIRECTION('',(-0.,1.,0.));
#980 = PCURVE('',#909,#981);
#981 = DEFINITIONAL_REPRESENTATION('',(#982),#986);
#982 = LINE('',#983,#984);
#983 = CARTESIAN_POINT('',(34.,0.));
#984 = VECTOR('',#985,1.);
#985 = DIRECTION('',(0.,-1.));
#986 = ( GEOMETRIC_REPRESENTATION_CONTEXT(2) 
PARAMETRIC_REPRESENTATION_CONTEXT() REPRESENTATION_CONTEXT('2D SPACE',''
  ) );
#987 = PCURVE('',#883,#988);
#988 = DEFINITIONAL_REPRESENTATION('',(#989),#993);
#989 = LINE('',#990,#991);
#990 = CARTESIAN_POINT('',(248.28411145298,0.));
#991 = VECTOR('',#992,1.);
#992 = DIRECTION('',(0.,1.));
#993 = ( GEOMETRIC_REPRESENTATION_CONTEXT(2) 
PARAMETRIC_REPRESENTATION_CONTEXT() REPRESENTATION_CONTEXT('2D SPACE',''
  ) );
#994 = ADVANCED_FACE('',(#995),#801,.F.);
#995 = FACE_BOUND('',#996,.F.);
#996 = EDGE_LOOP('',(#997,#1018,#1019,#1040));
#997 = ORIENTED_EDGE('',*,*,#998,.F.);
#998 = EDGE_CURVE('',#779,#899,#999,.T.);
#999 = SURFACE_CURVE('',#1000,(#1004,#1011),.PCURVE_S1.);
#1000 = LINE('',#1001,#1002);
#1001 = CARTESIAN_POINT('',(0.,0.,0.));
#1002 = VECTOR('',#1003,1.);
#1003 = DIRECTION('',(1.,0.,-0.));
#1004 = PCURVE('',#801,#1005);
#1005 = DEFINITIONAL_REPRESENTATION('',(#1006),#1010);
#1006 = LINE('',#1007,#1008);
#1007 = CARTESIAN_POINT('',(0.,0.));
#1008 = VECTOR('',#1009,1.);
#1009 = DIRECTION('',(0.,1.));
#1010 = ( GEOMETRIC_REPRESENTATION_CONTEXT(2) 
PARAMETRIC_REPRESENTATION_CONTEXT() REPRESENTATION_CONTEXT('2D SPACE',''
  ) );
#1011 = PCURVE('',#829,#1012);
#1012 = DEFINITIONAL_REPRESENTATION('',(#1013),#1017);
#1013 = LINE('',#1014,#1015);
#1014 = CARTESIAN_POINT('',(0.,0.));
#1015 = VECTOR('',#1016,1.);
#1016 = DIRECTION('',(1.,0.));
#1017 = ( GEOMETRIC_REPRESENTATION_CONTEXT(2) 
PARAMETRIC_REPRESENTATION_CONTEXT() REPRESENTATION_CONTEXT('2D SPACE',''
  ) );
#1018 = ORIENTED_EDGE('',*,*,#778,.T.);
#1019 = ORIENTED_EDGE('',*,*,#1020,.T.);
#1020 = EDGE_CURVE('',#781,#901,#1021,.T.);
#1021 = SURFACE_CURVE('',#1022,(#1026,#1033),.PCURVE_S1.);
#1022 = LINE('',#1023,#1024);
#1023 = CARTESIAN_POINT('',(0.,0.,34.));
#1024 = VECTOR('',#1025,1.);
#1025 = DIRECTION('',(1.,0.,-0.));
#1026 = PCURVE('',#801,#1027);
#1027 = DEFINITIONAL_REPRESENTATION('',(#1028),#1032);
#1028 = LINE('',#1029,#1030);
#1029 = CARTESIAN_POINT('',(34.,0.));
#1030 = VECTOR('',#1031,1.);
#1031 = DIRECTION('',(0.,1.));
#1032 = ( GEOMETRIC_REPRESENTATION_CONTEXT(2) 
PARAMETRIC_REPRESENTATION_CONTEXT() REPRESENTATION_CONTEXT('2D SPACE',''
  ) );
#1033 = PCURVE('',#883,#1034);
#1034 = DEFINITIONAL_REPRESENTATION('',(#1035),#1039);
#1035 = LINE('',#1036,#1037);
#1036 = CARTESIAN_POINT('',(0.,0.));
#1037 = VECTOR('',#1038,1.);
#1038 = DIRECTION('',(1.,0.));
#1039 = ( GEOMETRIC_REPRESENTATION_CONTEXT(2) 
PARAMETRIC_REPRESENTATION_CONTEXT() REPRESENTATION_CONTEXT('2D SPACE',''
  ) );
#1040 = ORIENTED_EDGE('',*,*,#898,.F.);
#1041 = ADVANCED_FACE('',(#1042),#857,.T.);
#1042 = FACE_BOUND('',#1043,.T.);
#1043 = EDGE_LOOP('',(#1044,#1065,#1066,#1087));
#1044 = ORIENTED_EDGE('',*,*,#1045,.F.);
#1045 = EDGE_CURVE('',#814,#929,#1046,.T.);
#1046 = SURFACE_CURVE('',#1047,(#1051,#1058),.PCURVE_S1.);
#1047 = LINE('',#1048,#1049);
#1048 = CARTESIAN_POINT('',(0.,52.,0.));
#1049 = VECTOR('',#1050,1.);
#1050 = DIRECTION('',(1.,0.,-0.));
#1051 = PCURVE('',#857,#1052);
#1052 = DEFINITIONAL_REPRESENTATION('',(#1053),#1057);
#1053 = LINE('',#1054,#1055);
#1054 = CARTESIAN_POINT('',(0.,0.));
#1055 = VECTOR('',#1056,1.);
#1056 = DIRECTION('',(0.,1.));
#1057 = ( GEOMETRIC_REPRESENTATION_CONTEXT(2) 
PARAMETRIC_REPRESENTATION_CONTEXT() REPRESENTATION_CONTEXT('2D SPACE',''
  ) );
#1058 = PCURVE('',#829,#1059);
#1059 = DEFINITIONAL_REPRESENTATION('',(#1060),#1064);
#1060 = LINE('',#1061,#1062);
#1061 = CARTESIAN_POINT('',(0.,52.));
#1062 = VECTOR('',#1063,1.);
#1063 = DIRECTION('',(1.,0.));
#1064 = ( GEOMETRIC_REPRESENTATION_CONTEXT(2) 
PARAMETRIC_REPRESENTATION_CONTEXT() REPRESENTATION_CONTEXT('2D SPACE',''
  ) );
#1065 = ORIENTED_EDGE('',*,*,#841,.T.);
#1066 = ORIENTED_EDGE('',*,*,#1067,.T.);
#1067 = EDGE_CURVE('',#842,#952,#1068,.T.);
#1068 = SURFACE_CURVE('',#1069,(#1073,#1080),.PCURVE_S1.);
#1069 = LINE('',#1070,#1071);
#1070 = CARTESIAN_POINT('',(0.,52.,34.));
#1071 = VECTOR('',#1072,1.);
#1072 = DIRECTION('',(1.,0.,-0.));
#1073 = PCURVE('',#857,#1074);
#1074 = DEFINITIONAL_REPRESENTATION('',(#1075),#1079);
#1075 = LINE('',#1076,#1077);
#1076 = CARTESIAN_POINT('',(34.,0.));
#1077 = VECTOR('',#1078,1.);
#1078 = DIRECTION('',(0.,1.));
#1079 = ( GEOMETRIC_REPRESENTATION_CONTEXT(2) 
PARAMETRIC_REPRESENTATION_CONTEXT() REPRESENTATION_CONTEXT('2D SPACE',''
  ) );
#1080 = PCURVE('',#883,#1081);
#1081 = DEFINITIONAL_REPRESENTATION('',(#1082),#1086);
#1082 = LINE('',#1083,#1084);
#1083 = CARTESIAN_POINT('',(0.,52.));
#1084 = VECTOR('',#1085,1.);
#1085 = DIRECTION('',(1.,0.));
#1086 = ( GEOMETRIC_REPRESENTATION_CONTEXT(2) 
PARAMETRIC_REPRESENTATION_CONTEXT() REPRESENTATION_CONTEXT('2D SPACE',''
  ) );
#1087 = ORIENTED_EDGE('',*,*,#951,.F.);
#1088 = ADVANCED_FACE('',(#1089),#829,.F.);
#1089 = FACE_BOUND('',#1090,.F.);
#1090 = EDGE_LOOP('',(#1091,#1092,#1093,#1094));
#1091 = ORIENTED_EDGE('',*,*,#813,.F.);
#1092 = ORIENTED_EDGE('',*,*,#998,.T.);
#1093 = ORIENTED_EDGE('',*,*,#928,.T.);
#1094 = ORIENTED_EDGE('',*,*,#1045,.F.);
#1095 = ADVANCED_FACE('',(#1096),#883,.T.);
#1096 = FACE_BOUND('',#1097,.T.);
#1097 = EDGE_LOOP('',(#1098,#1099,#1100,#1101));
#1098 = ORIENTED_EDGE('',*,*,#869,.F.);
#1099 = ORIENTED_EDGE('',*,*,#1020,.T.);
#1100 = ORIENTED_EDGE('',*,*,#974,.T.);
#1101 = ORIENTED_EDGE('',*,*,#1067,.F.);
#1102 = ( GEOMETRIC_REPRESENTATION_CONTEXT(3) 
GLOBAL_UNCERTAINTY_ASSIGNED_CONTEXT((#1106)) 
GLOBAL_UNIT_ASSIGNED_CONTEXT((#1103,#1104,#1105)) REPRESENTATION_CONTEXT
('Context #1','3D Context with UNIT and UNCERTAINTY') );
#1103 = ( LENGTH_UNIT() NAMED_UNIT(*) SI_UNIT(.MILLI.,.METRE.) );
#1104 = ( NAMED_UNIT(*) PLANE_ANGLE_UNIT() SI_UNIT($,.RADIAN.) );
#1105 = ( NAMED_UNIT(*) SI_UNIT($,.STERADIAN.) SOLID_ANGLE_UNIT() );
#1106 = UNCERTAINTY_MEASURE_WITH_UNIT(LENGTH_MEASURE(1.E-07),#1103,
  'distance_accuracy_value','confusion accuracy');
#1107 = CONTEXT_DEPENDENT_SHAPE_REPRESENTATION(#1108,#1110);
#1108 = ( REPRESENTATION_RELATIONSHIP('','',#771,#748) 
REPRESENTATION_RELATIONSHIP_WITH_TRANSFORMATION(#1109) 
SHAPE_REPRESENTATION_RELATIONSHIP() );
#1109 = ITEM_DEFINED_TRANSFORMATION('','',#11,#749);
#1110 = PRODUCT_DEFINITION_SHAPE('Placement','Placement of an item',
  #1111);
#1111 = NEXT_ASSEMBLY_USAGE_OCCURRENCE('81','=>[0:1:1:11]','',#743,#766,
  $);
#1112 = PRODUCT_RELATED_PRODUCT_CATEGORY('part',$,(#768));
#1113 = SHAPE_DEFINITION_REPRESENTATION(#1114,#1120);
#1114 = PRODUCT_DEFINITION_SHAPE('','',#1115);
#1115 = PRODUCT_DEFINITION('design','',#1116,#1119);
#1116 = PRODUCT_DEFINITION_FORMATION('','',#1117);
#1117 = PRODUCT('left_front_thigh_composite_fairing',
  'left_front_thigh_composite_fairing','',(#1118));
#1118 = PRODUCT_CONTEXT('',#2,'mechanical');
#1119 = PRODUCT_DEFINITION_CONTEXT('part definition',#2,'design');
#1120 = SHAPE_REPRESENTATION('',(#11,#1121),#1125);
#1121 = AXIS2_PLACEMENT_3D('',#1122,#1123,#1124);
#1122 = CARTESIAN_POINT('',(-95.59419438438,-29.,-18.));
#1123 = DIRECTION('',(0.,0.,1.));
#1124 = DIRECTION('',(1.,0.,0.));
#1125 = ( GEOMETRIC_REPRESENTATION_CONTEXT(3) 
GLOBAL_UNCERTAINTY_ASSIGNED_CONTEXT((#1129)) 
GLOBAL_UNIT_ASSIGNED_CONTEXT((#1126,#1127,#1128)) REPRESENTATION_CONTEXT
('Context #1','3D Context with UNIT and UNCERTAINTY') );
#1126 = ( LENGTH_UNIT() NAMED_UNIT(*) SI_UNIT(.MILLI.,.METRE.) );
#1127 = ( NAMED_UNIT(*) PLANE_ANGLE_UNIT() SI_UNIT($,.RADIAN.) );
#1128 = ( NAMED_UNIT(*) SI_UNIT($,.STERADIAN.) SOLID_ANGLE_UNIT() );
#1129 = UNCERTAINTY_MEASURE_WITH_UNIT(LENGTH_MEASURE(1.E-07),#1126,
  'distance_accuracy_value','confusion accuracy');
#1130 = CONTEXT_DEPENDENT_SHAPE_REPRESENTATION(#1131,#1133);
#1131 = ( REPRESENTATION_RELATIONSHIP('','',#1120,#10) 
REPRESENTATION_RELATIONSHIP_WITH_TRANSFORMATION(#1132) 
SHAPE_REPRESENTATION_RELATIONSHIP() );
#1132 = ITEM_DEFINED_TRANSFORMATION('','',#11,#35);
#1133 = PRODUCT_DEFINITION_SHAPE('Placement','Placement of an item',
  #1134);
#1134 = NEXT_ASSEMBLY_USAGE_OCCURRENCE('84','=>[0:1:1:12]','',#5,#1115,$
  );
#1135 = PRODUCT_RELATED_PRODUCT_CATEGORY('part',$,(#1117));
#1136 = SHAPE_DEFINITION_REPRESENTATION(#1137,#1143);
#1137 = PRODUCT_DEFINITION_SHAPE('','',#1138);
#1138 = PRODUCT_DEFINITION('design','',#1139,#1142);
#1139 = PRODUCT_DEFINITION_FORMATION('','',#1140);
#1140 = PRODUCT('SOLID','SOLID','',(#1141));
#1141 = PRODUCT_CONTEXT('',#2,'mechanical');
#1142 = PRODUCT_DEFINITION_CONTEXT('part definition',#2,'design');
#1143 = ADVANCED_BREP_SHAPE_REPRESENTATION('',(#11,#1144),#1474);
#1144 = MANIFOLD_SOLID_BREP('',#1145);
#1145 = CLOSED_SHELL('',(#1146,#1266,#1366,#1413,#1460,#1467));
#1146 = ADVANCED_FACE('',(#1147),#1161,.F.);
#1147 = FACE_BOUND('',#1148,.F.);
#1148 = EDGE_LOOP('',(#1149,#1184,#1212,#1240));
#1149 = ORIENTED_EDGE('',*,*,#1150,.F.);
#1150 = EDGE_CURVE('',#1151,#1153,#1155,.T.);
#1151 = VERTEX_POINT('',#1152);
#1152 = CARTESIAN_POINT('',(0.,0.,0.));
#1153 = VERTEX_POINT('',#1154);
#1154 = CARTESIAN_POINT('',(0.,0.,36.));
#1155 = SURFACE_CURVE('',#1156,(#1160,#1172),.PCURVE_S1.);
#1156 = LINE('',#1157,#1158);
#1157 = CARTESIAN_POINT('',(0.,0.,0.));
#1158 = VECTOR('',#1159,1.);
#1159 = DIRECTION('',(0.,0.,1.));
#1160 = PCURVE('',#1161,#1166);
#1161 = PLANE('',#1162);
#1162 = AXIS2_PLACEMENT_3D('',#1163,#1164,#1165);
#1163 = CARTESIAN_POINT('',(0.,0.,0.));
#1164 = DIRECTION('',(1.,0.,-0.));
#1165 = DIRECTION('',(0.,0.,1.));
#1166 = DEFINITIONAL_REPRESENTATION('',(#1167),#1171);
#1167 = LINE('',#1168,#1169);
#1168 = CARTESIAN_POINT('',(0.,0.));
#1169 = VECTOR('',#1170,1.);
#1170 = DIRECTION('',(1.,0.));
#1171 = ( GEOMETRIC_REPRESENTATION_CONTEXT(2) 
PARAMETRIC_REPRESENTATION_CONTEXT() REPRESENTATION_CONTEXT('2D SPACE',''
  ) );
#1172 = PCURVE('',#1173,#1178);
#1173 = PLANE('',#1174);
#1174 = AXIS2_PLACEMENT_3D('',#1175,#1176,#1177);
#1175 = CARTESIAN_POINT('',(0.,0.,0.));
#1176 = DIRECTION('',(-0.,1.,0.));
#1177 = DIRECTION('',(0.,0.,1.));
#1178 = DEFINITIONAL_REPRESENTATION('',(#1179),#1183);
#1179 = LINE('',#1180,#1181);
#1180 = CARTESIAN_POINT('',(0.,0.));
#1181 = VECTOR('',#1182,1.);
#1182 = DIRECTION('',(1.,0.));
#1183 = ( GEOMETRIC_REPRESENTATION_CONTEXT(2) 
PARAMETRIC_REPRESENTATION_CONTEXT() REPRESENTATION_CONTEXT('2D SPACE',''
  ) );
#1184 = ORIENTED_EDGE('',*,*,#1185,.T.);
#1185 = EDGE_CURVE('',#1151,#1186,#1188,.T.);
#1186 = VERTEX_POINT('',#1187);
#1187 = CARTESIAN_POINT('',(0.,58.,0.));
#1188 = SURFACE_CURVE('',#1189,(#1193,#1200),.PCURVE_S1.);
#1189 = LINE('',#1190,#1191);
#1190 = CARTESIAN_POINT('',(0.,0.,0.));
#1191 = VECTOR('',#1192,1.);
#1192 = DIRECTION('',(-0.,1.,0.));
#1193 = PCURVE('',#1161,#1194);
#1194 = DEFINITIONAL_REPRESENTATION('',(#1195),#1199);
#1195 = LINE('',#1196,#1197);
#1196 = CARTESIAN_POINT('',(0.,0.));
#1197 = VECTOR('',#1198,1.);
#1198 = DIRECTION('',(0.,-1.));
#1199 = ( GEOMETRIC_REPRESENTATION_CONTEXT(2) 
PARAMETRIC_REPRESENTATION_CONTEXT() REPRESENTATION_CONTEXT('2D SPACE',''
  ) );
#1200 = PCURVE('',#1201,#1206);
#1201 = PLANE('',#1202);
#1202 = AXIS2_PLACEMENT_3D('',#1203,#1204,#1205);
#1203 = CARTESIAN_POINT('',(0.,0.,0.));
#1204 = DIRECTION('',(0.,0.,1.));
#1205 = DIRECTION('',(1.,0.,-0.));
#1206 = DEFINITIONAL_REPRESENTATION('',(#1207),#1211);
#1207 = LINE('',#1208,#1209);
#1208 = CARTESIAN_POINT('',(0.,0.));
#1209 = VECTOR('',#1210,1.);
#1210 = DIRECTION('',(0.,1.));
#1211 = ( GEOMETRIC_REPRESENTATION_CONTEXT(2) 
PARAMETRIC_REPRESENTATION_CONTEXT() REPRESENTATION_CONTEXT('2D SPACE',''
  ) );
#1212 = ORIENTED_EDGE('',*,*,#1213,.T.);
#1213 = EDGE_CURVE('',#1186,#1214,#1216,.T.);
#1214 = VERTEX_POINT('',#1215);
#1215 = CARTESIAN_POINT('',(0.,58.,36.));
#1216 = SURFACE_CURVE('',#1217,(#1221,#1228),.PCURVE_S1.);
#1217 = LINE('',#1218,#1219);
#1218 = CARTESIAN_POINT('',(0.,58.,0.));
#1219 = VECTOR('',#1220,1.);
#1220 = DIRECTION('',(0.,0.,1.));
#1221 = PCURVE('',#1161,#1222);
#1222 = DEFINITIONAL_REPRESENTATION('',(#1223),#1227);
#1223 = LINE('',#1224,#1225);
#1224 = CARTESIAN_POINT('',(0.,-58.));
#1225 = VECTOR('',#1226,1.);
#1226 = DIRECTION('',(1.,0.));
#1227 = ( GEOMETRIC_REPRESENTATION_CONTEXT(2) 
PARAMETRIC_REPRESENTATION_CONTEXT() REPRESENTATION_CONTEXT('2D SPACE',''
  ) );
#1228 = PCURVE('',#1229,#1234);
#1229 = PLANE('',#1230);
#1230 = AXIS2_PLACEMENT_3D('',#1231,#1232,#1233);
#1231 = CARTESIAN_POINT('',(0.,58.,0.));
#1232 = DIRECTION('',(-0.,1.,0.));
#1233 = DIRECTION('',(0.,0.,1.));
#1234 = DEFINITIONAL_REPRESENTATION('',(#1235),#1239);
#1235 = LINE('',#1236,#1237);
#1236 = CARTESIAN_POINT('',(0.,0.));
#1237 = VECTOR('',#1238,1.);
#1238 = DIRECTION('',(1.,0.));
#1239 = ( GEOMETRIC_REPRESENTATION_CONTEXT(2) 
PARAMETRIC_REPRESENTATION_CONTEXT() REPRESENTATION_CONTEXT('2D SPACE',''
  ) );
#1240 = ORIENTED_EDGE('',*,*,#1241,.F.);
#1241 = EDGE_CURVE('',#1153,#1214,#1242,.T.);
#1242 = SURFACE_CURVE('',#1243,(#1247,#1254),.PCURVE_S1.);
#1243 = LINE('',#1244,#1245);
#1244 = CARTESIAN_POINT('',(0.,0.,36.));
#1245 = VECTOR('',#1246,1.);
#1246 = DIRECTION('',(-0.,1.,0.));
#1247 = PCURVE('',#1161,#1248);
#1248 = DEFINITIONAL_REPRESENTATION('',(#1249),#1253);
#1249 = LINE('',#1250,#1251);
#1250 = CARTESIAN_POINT('',(36.,0.));
#1251 = VECTOR('',#1252,1.);
#1252 = DIRECTION('',(0.,-1.));
#1253 = ( GEOMETRIC_REPRESENTATION_CONTEXT(2) 
PARAMETRIC_REPRESENTATION_CONTEXT() REPRESENTATION_CONTEXT('2D SPACE',''
  ) );
#1254 = PCURVE('',#1255,#1260);
#1255 = PLANE('',#1256);
#1256 = AXIS2_PLACEMENT_3D('',#1257,#1258,#1259);
#1257 = CARTESIAN_POINT('',(0.,0.,36.));
#1258 = DIRECTION('',(0.,0.,1.));
#1259 = DIRECTION('',(1.,0.,-0.));
#1260 = DEFINITIONAL_REPRESENTATION('',(#1261),#1265);
#1261 = LINE('',#1262,#1263);
#1262 = CARTESIAN_POINT('',(0.,0.));
#1263 = VECTOR('',#1264,1.);
#1264 = DIRECTION('',(0.,1.));
#1265 = ( GEOMETRIC_REPRESENTATION_CONTEXT(2) 
PARAMETRIC_REPRESENTATION_CONTEXT() REPRESENTATION_CONTEXT('2D SPACE',''
  ) );
#1266 = ADVANCED_FACE('',(#1267),#1281,.T.);
#1267 = FACE_BOUND('',#1268,.T.);
#1268 = EDGE_LOOP('',(#1269,#1299,#1322,#1345));
#1269 = ORIENTED_EDGE('',*,*,#1270,.F.);
#1270 = EDGE_CURVE('',#1271,#1273,#1275,.T.);
#1271 = VERTEX_POINT('',#1272);
#1272 = CARTESIAN_POINT('',(191.18838876877,0.,0.));
#1273 = VERTEX_POINT('',#1274);
#1274 = CARTESIAN_POINT('',(191.18838876877,0.,36.));
#1275 = SURFACE_CURVE('',#1276,(#1280,#1292),.PCURVE_S1.);
#1276 = LINE('',#1277,#1278);
#1277 = CARTESIAN_POINT('',(191.18838876877,0.,0.));
#1278 = VECTOR('',#1279,1.);
#1279 = DIRECTION('',(0.,0.,1.));
#1280 = PCURVE('',#1281,#1286);
#1281 = PLANE('',#1282);
#1282 = AXIS2_PLACEMENT_3D('',#1283,#1284,#1285);
#1283 = CARTESIAN_POINT('',(191.18838876877,0.,0.));
#1284 = DIRECTION('',(1.,0.,-0.));
#1285 = DIRECTION('',(0.,0.,1.));
#1286 = DEFINITIONAL_REPRESENTATION('',(#1287),#1291);
#1287 = LINE('',#1288,#1289);
#1288 = CARTESIAN_POINT('',(0.,0.));
#1289 = VECTOR('',#1290,1.);
#1290 = DIRECTION('',(1.,0.));
#1291 = ( GEOMETRIC_REPRESENTATION_CONTEXT(2) 
PARAMETRIC_REPRESENTATION_CONTEXT() REPRESENTATION_CONTEXT('2D SPACE',''
  ) );
#1292 = PCURVE('',#1173,#1293);
#1293 = DEFINITIONAL_REPRESENTATION('',(#1294),#1298);
#1294 = LINE('',#1295,#1296);
#1295 = CARTESIAN_POINT('',(0.,191.18838876877));
#1296 = VECTOR('',#1297,1.);
#1297 = DIRECTION('',(1.,0.));
#1298 = ( GEOMETRIC_REPRESENTATION_CONTEXT(2) 
PARAMETRIC_REPRESENTATION_CONTEXT() REPRESENTATION_CONTEXT('2D SPACE',''
  ) );
#1299 = ORIENTED_EDGE('',*,*,#1300,.T.);
#1300 = EDGE_CURVE('',#1271,#1301,#1303,.T.);
#1301 = VERTEX_POINT('',#1302);
#1302 = CARTESIAN_POINT('',(191.18838876877,58.,0.));
#1303 = SURFACE_CURVE('',#1304,(#1308,#1315),.PCURVE_S1.);
#1304 = LINE('',#1305,#1306);
#1305 = CARTESIAN_POINT('',(191.18838876877,0.,0.));
#1306 = VECTOR('',#1307,1.);
#1307 = DIRECTION('',(-0.,1.,0.));
#1308 = PCURVE('',#1281,#1309);
#1309 = DEFINITIONAL_REPRESENTATION('',(#1310),#1314);
#1310 = LINE('',#1311,#1312);
#1311 = CARTESIAN_POINT('',(0.,0.));
#1312 = VECTOR('',#1313,1.);
#1313 = DIRECTION('',(0.,-1.));
#1314 = ( GEOMETRIC_REPRESENTATION_CONTEXT(2) 
PARAMETRIC_REPRESENTATION_CONTEXT() REPRESENTATION_CONTEXT('2D SPACE',''
  ) );
#1315 = PCURVE('',#1201,#1316);
#1316 = DEFINITIONAL_REPRESENTATION('',(#1317),#1321);
#1317 = LINE('',#1318,#1319);
#1318 = CARTESIAN_POINT('',(191.18838876877,0.));
#1319 = VECTOR('',#1320,1.);
#1320 = DIRECTION('',(0.,1.));
#1321 = ( GEOMETRIC_REPRESENTATION_CONTEXT(2) 
PARAMETRIC_REPRESENTATION_CONTEXT() REPRESENTATION_CONTEXT('2D SPACE',''
  ) );
#1322 = ORIENTED_EDGE('',*,*,#1323,.T.);
#1323 = EDGE_CURVE('',#1301,#1324,#1326,.T.);
#1324 = VERTEX_POINT('',#1325);
#1325 = CARTESIAN_POINT('',(191.18838876877,58.,36.));
#1326 = SURFACE_CURVE('',#1327,(#1331,#1338),.PCURVE_S1.);
#1327 = LINE('',#1328,#1329);
#1328 = CARTESIAN_POINT('',(191.18838876877,58.,0.));
#1329 = VECTOR('',#1330,1.);
#1330 = DIRECTION('',(0.,0.,1.));
#1331 = PCURVE('',#1281,#1332);
#1332 = DEFINITIONAL_REPRESENTATION('',(#1333),#1337);
#1333 = LINE('',#1334,#1335);
#1334 = CARTESIAN_POINT('',(0.,-58.));
#1335 = VECTOR('',#1336,1.);
#1336 = DIRECTION('',(1.,0.));
#1337 = ( GEOMETRIC_REPRESENTATION_CONTEXT(2) 
PARAMETRIC_REPRESENTATION_CONTEXT() REPRESENTATION_CONTEXT('2D SPACE',''
  ) );
#1338 = PCURVE('',#1229,#1339);
#1339 = DEFINITIONAL_REPRESENTATION('',(#1340),#1344);
#1340 = LINE('',#1341,#1342);
#1341 = CARTESIAN_POINT('',(0.,191.18838876877));
#1342 = VECTOR('',#1343,1.);
#1343 = DIRECTION('',(1.,0.));
#1344 = ( GEOMETRIC_REPRESENTATION_CONTEXT(2) 
PARAMETRIC_REPRESENTATION_CONTEXT() REPRESENTATION_CONTEXT('2D SPACE',''
  ) );
#1345 = ORIENTED_EDGE('',*,*,#1346,.F.);
#1346 = EDGE_CURVE('',#1273,#1324,#1347,.T.);
#1347 = SURFACE_CURVE('',#1348,(#1352,#1359),.PCURVE_S1.);
#1348 = LINE('',#1349,#1350);
#1349 = CARTESIAN_POINT('',(191.18838876877,0.,36.));
#1350 = VECTOR('',#1351,1.);
#1351 = DIRECTION('',(-0.,1.,0.));
#1352 = PCURVE('',#1281,#1353);
#1353 = DEFINITIONAL_REPRESENTATION('',(#1354),#1358);
#1354 = LINE('',#1355,#1356);
#1355 = CARTESIAN_POINT('',(36.,0.));
#1356 = VECTOR('',#1357,1.);
#1357 = DIRECTION('',(0.,-1.));
#1358 = ( GEOMETRIC_REPRESENTATION_CONTEXT(2) 
PARAMETRIC_REPRESENTATION_CONTEXT() REPRESENTATION_CONTEXT('2D SPACE',''
  ) );
#1359 = PCURVE('',#1255,#1360);
#1360 = DEFINITIONAL_REPRESENTATION('',(#1361),#1365);
#1361 = LINE('',#1362,#1363);
#1362 = CARTESIAN_POINT('',(191.18838876877,0.));
#1363 = VECTOR('',#1364,1.);
#1364 = DIRECTION('',(0.,1.));
#1365 = ( GEOMETRIC_REPRESENTATION_CONTEXT(2) 
PARAMETRIC_REPRESENTATION_CONTEXT() REPRESENTATION_CONTEXT('2D SPACE',''
  ) );
#1366 = ADVANCED_FACE('',(#1367),#1173,.F.);
#1367 = FACE_BOUND('',#1368,.F.);
#1368 = EDGE_LOOP('',(#1369,#1390,#1391,#1412));
#1369 = ORIENTED_EDGE('',*,*,#1370,.F.);
#1370 = EDGE_CURVE('',#1151,#1271,#1371,.T.);
#1371 = SURFACE_CURVE('',#1372,(#1376,#1383),.PCURVE_S1.);
#1372 = LINE('',#1373,#1374);
#1373 = CARTESIAN_POINT('',(0.,0.,0.));
#1374 = VECTOR('',#1375,1.);
#1375 = DIRECTION('',(1.,0.,-0.));
#1376 = PCURVE('',#1173,#1377);
#1377 = DEFINITIONAL_REPRESENTATION('',(#1378),#1382);
#1378 = LINE('',#1379,#1380);
#1379 = CARTESIAN_POINT('',(0.,0.));
#1380 = VECTOR('',#1381,1.);
#1381 = DIRECTION('',(0.,1.));
#1382 = ( GEOMETRIC_REPRESENTATION_CONTEXT(2) 
PARAMETRIC_REPRESENTATION_CONTEXT() REPRESENTATION_CONTEXT('2D SPACE',''
  ) );
#1383 = PCURVE('',#1201,#1384);
#1384 = DEFINITIONAL_REPRESENTATION('',(#1385),#1389);
#1385 = LINE('',#1386,#1387);
#1386 = CARTESIAN_POINT('',(0.,0.));
#1387 = VECTOR('',#1388,1.);
#1388 = DIRECTION('',(1.,0.));
#1389 = ( GEOMETRIC_REPRESENTATION_CONTEXT(2) 
PARAMETRIC_REPRESENTATION_CONTEXT() REPRESENTATION_CONTEXT('2D SPACE',''
  ) );
#1390 = ORIENTED_EDGE('',*,*,#1150,.T.);
#1391 = ORIENTED_EDGE('',*,*,#1392,.T.);
#1392 = EDGE_CURVE('',#1153,#1273,#1393,.T.);
#1393 = SURFACE_CURVE('',#1394,(#1398,#1405),.PCURVE_S1.);
#1394 = LINE('',#1395,#1396);
#1395 = CARTESIAN_POINT('',(0.,0.,36.));
#1396 = VECTOR('',#1397,1.);
#1397 = DIRECTION('',(1.,0.,-0.));
#1398 = PCURVE('',#1173,#1399);
#1399 = DEFINITIONAL_REPRESENTATION('',(#1400),#1404);
#1400 = LINE('',#1401,#1402);
#1401 = CARTESIAN_POINT('',(36.,0.));
#1402 = VECTOR('',#1403,1.);
#1403 = DIRECTION('',(0.,1.));
#1404 = ( GEOMETRIC_REPRESENTATION_CONTEXT(2) 
PARAMETRIC_REPRESENTATION_CONTEXT() REPRESENTATION_CONTEXT('2D SPACE',''
  ) );
#1405 = PCURVE('',#1255,#1406);
#1406 = DEFINITIONAL_REPRESENTATION('',(#1407),#1411);
#1407 = LINE('',#1408,#1409);
#1408 = CARTESIAN_POINT('',(0.,0.));
#1409 = VECTOR('',#1410,1.);
#1410 = DIRECTION('',(1.,0.));
#1411 = ( GEOMETRIC_REPRESENTATION_CONTEXT(2) 
PARAMETRIC_REPRESENTATION_CONTEXT() REPRESENTATION_CONTEXT('2D SPACE',''
  ) );
#1412 = ORIENTED_EDGE('',*,*,#1270,.F.);
#1413 = ADVANCED_FACE('',(#1414),#1229,.T.);
#1414 = FACE_BOUND('',#1415,.T.);
#1415 = EDGE_LOOP('',(#1416,#1437,#1438,#1459));
#1416 = ORIENTED_EDGE('',*,*,#1417,.F.);
#1417 = EDGE_CURVE('',#1186,#1301,#1418,.T.);
#1418 = SURFACE_CURVE('',#1419,(#1423,#1430),.PCURVE_S1.);
#1419 = LINE('',#1420,#1421);
#1420 = CARTESIAN_POINT('',(0.,58.,0.));
#1421 = VECTOR('',#1422,1.);
#1422 = DIRECTION('',(1.,0.,-0.));
#1423 = PCURVE('',#1229,#1424);
#1424 = DEFINITIONAL_REPRESENTATION('',(#1425),#1429);
#1425 = LINE('',#1426,#1427);
#1426 = CARTESIAN_POINT('',(0.,0.));
#1427 = VECTOR('',#1428,1.);
#1428 = DIRECTION('',(0.,1.));
#1429 = ( GEOMETRIC_REPRESENTATION_CONTEXT(2) 
PARAMETRIC_REPRESENTATION_CONTEXT() REPRESENTATION_CONTEXT('2D SPACE',''
  ) );
#1430 = PCURVE('',#1201,#1431);
#1431 = DEFINITIONAL_REPRESENTATION('',(#1432),#1436);
#1432 = LINE('',#1433,#1434);
#1433 = CARTESIAN_POINT('',(0.,58.));
#1434 = VECTOR('',#1435,1.);
#1435 = DIRECTION('',(1.,0.));
#1436 = ( GEOMETRIC_REPRESENTATION_CONTEXT(2) 
PARAMETRIC_REPRESENTATION_CONTEXT() REPRESENTATION_CONTEXT('2D SPACE',''
  ) );
#1437 = ORIENTED_EDGE('',*,*,#1213,.T.);
#1438 = ORIENTED_EDGE('',*,*,#1439,.T.);
#1439 = EDGE_CURVE('',#1214,#1324,#1440,.T.);
#1440 = SURFACE_CURVE('',#1441,(#1445,#1452),.PCURVE_S1.);
#1441 = LINE('',#1442,#1443);
#1442 = CARTESIAN_POINT('',(0.,58.,36.));
#1443 = VECTOR('',#1444,1.);
#1444 = DIRECTION('',(1.,0.,-0.));
#1445 = PCURVE('',#1229,#1446);
#1446 = DEFINITIONAL_REPRESENTATION('',(#1447),#1451);
#1447 = LINE('',#1448,#1449);
#1448 = CARTESIAN_POINT('',(36.,0.));
#1449 = VECTOR('',#1450,1.);
#1450 = DIRECTION('',(0.,1.));
#1451 = ( GEOMETRIC_REPRESENTATION_CONTEXT(2) 
PARAMETRIC_REPRESENTATION_CONTEXT() REPRESENTATION_CONTEXT('2D SPACE',''
  ) );
#1452 = PCURVE('',#1255,#1453);
#1453 = DEFINITIONAL_REPRESENTATION('',(#1454),#1458);
#1454 = LINE('',#1455,#1456);
#1455 = CARTESIAN_POINT('',(0.,58.));
#1456 = VECTOR('',#1457,1.);
#1457 = DIRECTION('',(1.,0.));
#1458 = ( GEOMETRIC_REPRESENTATION_CONTEXT(2) 
PARAMETRIC_REPRESENTATION_CONTEXT() REPRESENTATION_CONTEXT('2D SPACE',''
  ) );
#1459 = ORIENTED_EDGE('',*,*,#1323,.F.);
#1460 = ADVANCED_FACE('',(#1461),#1201,.F.);
#1461 = FACE_BOUND('',#1462,.F.);
#1462 = EDGE_LOOP('',(#1463,#1464,#1465,#1466));
#1463 = ORIENTED_EDGE('',*,*,#1185,.F.);
#1464 = ORIENTED_EDGE('',*,*,#1370,.T.);
#1465 = ORIENTED_EDGE('',*,*,#1300,.T.);
#1466 = ORIENTED_EDGE('',*,*,#1417,.F.);
#1467 = ADVANCED_FACE('',(#1468),#1255,.T.);
#1468 = FACE_BOUND('',#1469,.T.);
#1469 = EDGE_LOOP('',(#1470,#1471,#1472,#1473));
#1470 = ORIENTED_EDGE('',*,*,#1241,.F.);
#1471 = ORIENTED_EDGE('',*,*,#1392,.T.);
#1472 = ORIENTED_EDGE('',*,*,#1346,.T.);
#1473 = ORIENTED_EDGE('',*,*,#1439,.F.);
#1474 = ( GEOMETRIC_REPRESENTATION_CONTEXT(3) 
GLOBAL_UNCERTAINTY_ASSIGNED_CONTEXT((#1478)) 
GLOBAL_UNIT_ASSIGNED_CONTEXT((#1475,#1476,#1477)) REPRESENTATION_CONTEXT
('Context #1','3D Context with UNIT and UNCERTAINTY') );
#1475 = ( LENGTH_UNIT() NAMED_UNIT(*) SI_UNIT(.MILLI.,.METRE.) );
#1476 = ( NAMED_UNIT(*) PLANE_ANGLE_UNIT() SI_UNIT($,.RADIAN.) );
#1477 = ( NAMED_UNIT(*) SI_UNIT($,.STERADIAN.) SOLID_ANGLE_UNIT() );
#1478 = UNCERTAINTY_MEASURE_WITH_UNIT(LENGTH_MEASURE(1.E-07),#1475,
  'distance_accuracy_value','confusion accuracy');
#1479 = CONTEXT_DEPENDENT_SHAPE_REPRESENTATION(#1480,#1482);
#1480 = ( REPRESENTATION_RELATIONSHIP('','',#1143,#1120) 
REPRESENTATION_RELATIONSHIP_WITH_TRANSFORMATION(#1481) 
SHAPE_REPRESENTATION_RELATIONSHIP() );
#1481 = ITEM_DEFINED_TRANSFORMATION('','',#11,#1121);
#1482 = PRODUCT_DEFINITION_SHAPE('Placement','Placement of an item',
  #1483);
#1483 = NEXT_ASSEMBLY_USAGE_OCCURRENCE('83','=>[0:1:1:13]','',#1115,
  #1138,$);
#1484 = PRODUCT_RELATED_PRODUCT_CATEGORY('part',$,(#1140));
#1485 = SHAPE_DEFINITION_REPRESENTATION(#1486,#1492);
#1486 = PRODUCT_DEFINITION_SHAPE('','',#1487);
#1487 = PRODUCT_DEFINITION('design','',#1488,#1491);
#1488 = PRODUCT_DEFINITION_FORMATION('','',#1489);
#1489 = PRODUCT('left_knee_pitch_actuator_housing',
  'left_knee_pitch_actuator_housing','',(#1490));
#1490 = PRODUCT_CONTEXT('',#2,'mechanical');
#1491 = PRODUCT_DEFINITION_CONTEXT('part definition',#2,'design');
#1492 = SHAPE_REPRESENTATION('',(#11,#1493),#1497);
#1493 = AXIS2_PLACEMENT_3D('',#1494,#1495,#1496);
#1494 = CARTESIAN_POINT('',(0.,0.,-69.));
#1495 = DIRECTION('',(0.,0.,1.));
#1496 = DIRECTION('',(1.,0.,0.));
#1497 = ( GEOMETRIC_REPRESENTATION_CONTEXT(3) 
GLOBAL_UNCERTAINTY_ASSIGNED_CONTEXT((#1501)) 
GLOBAL_UNIT_ASSIGNED_CONTEXT((#1498,#1499,#1500)) REPRESENTATION_CONTEXT
('Context #1','3D Context with UNIT and UNCERTAINTY') );
#1498 = ( LENGTH_UNIT() NAMED_UNIT(*) SI_UNIT(.MILLI.,.METRE.) );
#1499 = ( NAMED_UNIT(*) PLANE_ANGLE_UNIT() SI_UNIT($,.RADIAN.) );
#1500 = ( NAMED_UNIT(*) SI_UNIT($,.STERADIAN.) SOLID_ANGLE_UNIT() );
#1501 = UNCERTAINTY_MEASURE_WITH_UNIT(LENGTH_MEASURE(1.E-07),#1498,
  'distance_accuracy_value','confusion accuracy');
#1502 = CONTEXT_DEPENDENT_SHAPE_REPRESENTATION(#1503,#1505);
#1503 = ( REPRESENTATION_RELATIONSHIP('','',#1492,#10) 
REPRESENTATION_RELATIONSHIP_WITH_TRANSFORMATION(#1504) 
SHAPE_REPRESENTATION_RELATIONSHIP() );
#1504 = ITEM_DEFINED_TRANSFORMATION('','',#11,#39);
#1505 = PRODUCT_DEFINITION_SHAPE('Placement','Placement of an item',
  #1506);
#1506 = NEXT_ASSEMBLY_USAGE_OCCURRENCE('86','=>[0:1:1:14]','',#5,#1487,$
  );
#1507 = PRODUCT_RELATED_PRODUCT_CATEGORY('part',$,(#1489));
#1508 = SHAPE_DEFINITION_REPRESENTATION(#1509,#1515);
#1509 = PRODUCT_DEFINITION_SHAPE('','',#1510);
#1510 = PRODUCT_DEFINITION('design','',#1511,#1514);
#1511 = PRODUCT_DEFINITION_FORMATION('','',#1512);
#1512 = PRODUCT('SOLID','SOLID','',(#1513));
#1513 = PRODUCT_CONTEXT('',#2,'mechanical');
#1514 = PRODUCT_DEFINITION_CONTEXT('part definition',#2,'design');
#1515 = ADVANCED_BREP_SHAPE_REPRESENTATION('',(#11,#1516),#1614);
#1516 = MANIFOLD_SOLID_BREP('',#1517);
#1517 = CLOSED_SHELL('',(#1518,#1606,#1610));
#1518 = ADVANCED_FACE('',(#1519),#1532,.T.);
#1519 = FACE_BOUND('',#1520,.T.);
#1520 = EDGE_LOOP('',(#1521,#1555,#1578,#1605));
#1521 = ORIENTED_EDGE('',*,*,#1522,.F.);
#1522 = EDGE_CURVE('',#1523,#1523,#1525,.T.);
#1523 = VERTEX_POINT('',#1524);
#1524 = CARTESIAN_POINT('',(62.,-1.518562030943E-14,138.));
#1525 = SURFACE_CURVE('',#1526,(#1531,#1543),.PCURVE_S1.);
#1526 = CIRCLE('',#1527,62.);
#1527 = AXIS2_PLACEMENT_3D('',#1528,#1529,#1530);
#1528 = CARTESIAN_POINT('',(0.,0.,138.));
#1529 = DIRECTION('',(0.,0.,1.));
#1530 = DIRECTION('',(1.,0.,-0.));
#1531 = PCURVE('',#1532,#1537);
#1532 = CYLINDRICAL_SURFACE('',#1533,62.);
#1533 = AXIS2_PLACEMENT_3D('',#1534,#1535,#1536);
#1534 = CARTESIAN_POINT('',(0.,0.,0.));
#1535 = DIRECTION('',(0.,0.,1.));
#1536 = DIRECTION('',(1.,0.,-0.));
#1537 = DEFINITIONAL_REPRESENTATION('',(#1538),#1542);
#1538 = LINE('',#1539,#1540);
#1539 = CARTESIAN_POINT('',(0.,138.));
#1540 = VECTOR('',#1541,1.);
#1541 = DIRECTION('',(1.,0.));
#1542 = ( GEOMETRIC_REPRESENTATION_CONTEXT(2) 
PARAMETRIC_REPRESENTATION_CONTEXT() REPRESENTATION_CONTEXT('2D SPACE',''
  ) );
#1543 = PCURVE('',#1544,#1549);
#1544 = PLANE('',#1545);
#1545 = AXIS2_PLACEMENT_3D('',#1546,#1547,#1548);
#1546 = CARTESIAN_POINT('',(0.,0.,138.));
#1547 = DIRECTION('',(0.,0.,1.));
#1548 = DIRECTION('',(1.,0.,-0.));
#1549 = DEFINITIONAL_REPRESENTATION('',(#1550),#1554);
#1550 = CIRCLE('',#1551,62.);
#1551 = AXIS2_PLACEMENT_2D('',#1552,#1553);
#1552 = CARTESIAN_POINT('',(0.,0.));
#1553 = DIRECTION('',(1.,0.));
#1554 = ( GEOMETRIC_REPRESENTATION_CONTEXT(2) 
PARAMETRIC_REPRESENTATION_CONTEXT() REPRESENTATION_CONTEXT('2D SPACE',''
  ) );
#1555 = ORIENTED_EDGE('',*,*,#1556,.F.);
#1556 = EDGE_CURVE('',#1557,#1523,#1559,.T.);
#1557 = VERTEX_POINT('',#1558);
#1558 = CARTESIAN_POINT('',(62.,-1.518562030943E-14,0.));
#1559 = SEAM_CURVE('',#1560,(#1564,#1571),.PCURVE_S1.);
#1560 = LINE('',#1561,#1562);
#1561 = CARTESIAN_POINT('',(62.,-1.518562030943E-14,0.));
#1562 = VECTOR('',#1563,1.);
#1563 = DIRECTION('',(0.,0.,1.));
#1564 = PCURVE('',#1532,#1565);
#1565 = DEFINITIONAL_REPRESENTATION('',(#1566),#1570);
#1566 = LINE('',#1567,#1568);
#1567 = CARTESIAN_POINT('',(6.28318530718,-0.));
#1568 = VECTOR('',#1569,1.);
#1569 = DIRECTION('',(0.,1.));
#1570 = ( GEOMETRIC_REPRESENTATION_CONTEXT(2) 
PARAMETRIC_REPRESENTATION_CONTEXT() REPRESENTATION_CONTEXT('2D SPACE',''
  ) );
#1571 = PCURVE('',#1532,#1572);
#1572 = DEFINITIONAL_REPRESENTATION('',(#1573),#1577);
#1573 = LINE('',#1574,#1575);
#1574 = CARTESIAN_POINT('',(0.,-0.));
#1575 = VECTOR('',#1576,1.);
#1576 = DIRECTION('',(0.,1.));
#1577 = ( GEOMETRIC_REPRESENTATION_CONTEXT(2) 
PARAMETRIC_REPRESENTATION_CONTEXT() REPRESENTATION_CONTEXT('2D SPACE',''
  ) );
#1578 = ORIENTED_EDGE('',*,*,#1579,.T.);
#1579 = EDGE_CURVE('',#1557,#1557,#1580,.T.);
#1580 = SURFACE_CURVE('',#1581,(#1586,#1593),.PCURVE_S1.);
#1581 = CIRCLE('',#1582,62.);
#1582 = AXIS2_PLACEMENT_3D('',#1583,#1584,#1585);
#1583 = CARTESIAN_POINT('',(0.,0.,0.));
#1584 = DIRECTION('',(0.,0.,1.));
#1585 = DIRECTION('',(1.,0.,-0.));
#1586 = PCURVE('',#1532,#1587);
#1587 = DEFINITIONAL_REPRESENTATION('',(#1588),#1592);
#1588 = LINE('',#1589,#1590);
#1589 = CARTESIAN_POINT('',(0.,0.));
#1590 = VECTOR('',#1591,1.);
#1591 = DIRECTION('',(1.,0.));
#1592 = ( GEOMETRIC_REPRESENTATION_CONTEXT(2) 
PARAMETRIC_REPRESENTATION_CONTEXT() REPRESENTATION_CONTEXT('2D SPACE',''
  ) );
#1593 = PCURVE('',#1594,#1599);
#1594 = PLANE('',#1595);
#1595 = AXIS2_PLACEMENT_3D('',#1596,#1597,#1598);
#1596 = CARTESIAN_POINT('',(0.,0.,0.));
#1597 = DIRECTION('',(0.,0.,1.));
#1598 = DIRECTION('',(1.,0.,-0.));
#1599 = DEFINITIONAL_REPRESENTATION('',(#1600),#1604);
#1600 = CIRCLE('',#1601,62.);
#1601 = AXIS2_PLACEMENT_2D('',#1602,#1603);
#1602 = CARTESIAN_POINT('',(0.,0.));
#1603 = DIRECTION('',(1.,0.));
#1604 = ( GEOMETRIC_REPRESENTATION_CONTEXT(2) 
PARAMETRIC_REPRESENTATION_CONTEXT() REPRESENTATION_CONTEXT('2D SPACE',''
  ) );
#1605 = ORIENTED_EDGE('',*,*,#1556,.T.);
#1606 = ADVANCED_FACE('',(#1607),#1544,.T.);
#1607 = FACE_BOUND('',#1608,.T.);
#1608 = EDGE_LOOP('',(#1609));
#1609 = ORIENTED_EDGE('',*,*,#1522,.T.);
#1610 = ADVANCED_FACE('',(#1611),#1594,.F.);
#1611 = FACE_BOUND('',#1612,.T.);
#1612 = EDGE_LOOP('',(#1613));
#1613 = ORIENTED_EDGE('',*,*,#1579,.F.);
#1614 = ( GEOMETRIC_REPRESENTATION_CONTEXT(3) 
GLOBAL_UNCERTAINTY_ASSIGNED_CONTEXT((#1618)) 
GLOBAL_UNIT_ASSIGNED_CONTEXT((#1615,#1616,#1617)) REPRESENTATION_CONTEXT
('Context #1','3D Context with UNIT and UNCERTAINTY') );
#1615 = ( LENGTH_UNIT() NAMED_UNIT(*) SI_UNIT(.MILLI.,.METRE.) );
#1616 = ( NAMED_UNIT(*) PLANE_ANGLE_UNIT() SI_UNIT($,.RADIAN.) );
#1617 = ( NAMED_UNIT(*) SI_UNIT($,.STERADIAN.) SOLID_ANGLE_UNIT() );
#1618 = UNCERTAINTY_MEASURE_WITH_UNIT(LENGTH_MEASURE(1.E-07),#1615,
  'distance_accuracy_value','confusion accuracy');
#1619 = CONTEXT_DEPENDENT_SHAPE_REPRESENTATION(#1620,#1622);
#1620 = ( REPRESENTATION_RELATIONSHIP('','',#1515,#1492) 
REPRESENTATION_RELATIONSHIP_WITH_TRANSFORMATION(#1621) 
SHAPE_REPRESENTATION_RELATIONSHIP() );
#1621 = ITEM_DEFINED_TRANSFORMATION('','',#11,#1493);
#1622 = PRODUCT_DEFINITION_SHAPE('Placement','Placement of an item',
  #1623);
#1623 = NEXT_ASSEMBLY_USAGE_OCCURRENCE('85','=>[0:1:1:15]','',#1487,
  #1510,$);
#1624 = PRODUCT_RELATED_PRODUCT_CATEGORY('part',$,(#1512));
#1625 = SHAPE_DEFINITION_REPRESENTATION(#1626,#1632);
#1626 = PRODUCT_DEFINITION_SHAPE('','',#1627);
#1627 = PRODUCT_DEFINITION('design','',#1628,#1631);
#1628 = PRODUCT_DEFINITION_FORMATION('','',#1629);
#1629 = PRODUCT('left_knee_torque_sensing_ring',
  'left_knee_torque_sensing_ring','',(#1630));
#1630 = PRODUCT_CONTEXT('',#2,'mechanical');
#1631 = PRODUCT_DEFINITION_CONTEXT('part definition',#2,'design');
#1632 = SHAPE_REPRESENTATION('',(#11,#1633),#1637);
#1633 = AXIS2_PLACEMENT_3D('',#1634,#1635,#1636);
#1634 = CARTESIAN_POINT('',(0.,0.,0.));
#1635 = DIRECTION('',(0.,0.,1.));
#1636 = DIRECTION('',(1.,0.,0.));
#1637 = ( GEOMETRIC_REPRESENTATION_CONTEXT(3) 
GLOBAL_UNCERTAINTY_ASSIGNED_CONTEXT((#1641)) 
GLOBAL_UNIT_ASSIGNED_CONTEXT((#1638,#1639,#1640)) REPRESENTATION_CONTEXT
('Context #1','3D Context with UNIT and UNCERTAINTY') );
#1638 = ( LENGTH_UNIT() NAMED_UNIT(*) SI_UNIT(.MILLI.,.METRE.) );
#1639 = ( NAMED_UNIT(*) PLANE_ANGLE_UNIT() SI_UNIT($,.RADIAN.) );
#1640 = ( NAMED_UNIT(*) SI_UNIT($,.STERADIAN.) SOLID_ANGLE_UNIT() );
#1641 = UNCERTAINTY_MEASURE_WITH_UNIT(LENGTH_MEASURE(1.E-07),#1638,
  'distance_accuracy_value','confusion accuracy');
#1642 = CONTEXT_DEPENDENT_SHAPE_REPRESENTATION(#1643,#1645);
#1643 = ( REPRESENTATION_RELATIONSHIP('','',#1632,#10) 
REPRESENTATION_RELATIONSHIP_WITH_TRANSFORMATION(#1644) 
SHAPE_REPRESENTATION_RELATIONSHIP() );
#1644 = ITEM_DEFINED_TRANSFORMATION('','',#11,#43);
#1645 = PRODUCT_DEFINITION_SHAPE('Placement','Placement of an item',
  #1646);
#1646 = NEXT_ASSEMBLY_USAGE_OCCURRENCE('88','=>[0:1:1:16]','',#5,#1627,$
  );
#1647 = PRODUCT_RELATED_PRODUCT_CATEGORY('part',$,(#1629));
#1648 = SHAPE_DEFINITION_REPRESENTATION(#1649,#1655);
#1649 = PRODUCT_DEFINITION_SHAPE('','',#1650);
#1650 = PRODUCT_DEFINITION('design','',#1651,#1654);
#1651 = PRODUCT_DEFINITION_FORMATION('','',#1652);
#1652 = PRODUCT('SOLID','SOLID','',(#1653));
#1653 = PRODUCT_CONTEXT('',#2,'mechanical');
#1654 = PRODUCT_DEFINITION_CONTEXT('part definition',#2,'design');
#1655 = ADVANCED_BREP_SHAPE_REPRESENTATION('',(#11,#1656),#1714);
#1656 = MANIFOLD_SOLID_BREP('',#1657);
#1657 = CLOSED_SHELL('',(#1658));
#1658 = ADVANCED_FACE('',(#1659),#1672,.T.);
#1659 = FACE_BOUND('',#1660,.T.);
#1660 = EDGE_LOOP('',(#1661,#1690,#1712,#1713));
#1661 = ORIENTED_EDGE('',*,*,#1662,.F.);
#1662 = EDGE_CURVE('',#1663,#1663,#1665,.T.);
#1663 = VERTEX_POINT('',#1664);
#1664 = CARTESIAN_POINT('',(72.5,-1.775737858764E-14,-1.592040838892E-15
    ));
#1665 = SEAM_CURVE('',#1666,(#1671,#1683),.PCURVE_S1.);
#1666 = CIRCLE('',#1667,72.5);
#1667 = AXIS2_PLACEMENT_3D('',#1668,#1669,#1670);
#1668 = CARTESIAN_POINT('',(0.,0.,-1.592040838892E-15));
#1669 = DIRECTION('',(0.,0.,1.));
#1670 = DIRECTION('',(1.,0.,-0.));
#1671 = PCURVE('',#1672,#1677);
#1672 = TOROIDAL_SURFACE('',#1673,66.,6.5);
#1673 = AXIS2_PLACEMENT_3D('',#1674,#1675,#1676);
#1674 = CARTESIAN_POINT('',(0.,0.,0.));
#1675 = DIRECTION('',(0.,0.,1.));
#1676 = DIRECTION('',(1.,0.,-0.));
#1677 = DEFINITIONAL_REPRESENTATION('',(#1678),#1682);
#1678 = LINE('',#1679,#1680);
#1679 = CARTESIAN_POINT('',(0.,6.28318530718));
#1680 = VECTOR('',#1681,1.);
#1681 = DIRECTION('',(1.,0.));
#1682 = ( GEOMETRIC_REPRESENTATION_CONTEXT(2) 
PARAMETRIC_REPRESENTATION_CONTEXT() REPRESENTATION_CONTEXT('2D SPACE',''
  ) );
#1683 = PCURVE('',#1672,#1684);
#1684 = DEFINITIONAL_REPRESENTATION('',(#1685),#1689);
#1685 = LINE('',#1686,#1687);
#1686 = CARTESIAN_POINT('',(0.,0.));
#1687 = VECTOR('',#1688,1.);
#1688 = DIRECTION('',(1.,0.));
#1689 = ( GEOMETRIC_REPRESENTATION_CONTEXT(2) 
PARAMETRIC_REPRESENTATION_CONTEXT() REPRESENTATION_CONTEXT('2D SPACE',''
  ) );
#1690 = ORIENTED_EDGE('',*,*,#1691,.F.);
#1691 = EDGE_CURVE('',#1663,#1663,#1692,.T.);
#1692 = SEAM_CURVE('',#1693,(#1698,#1705),.PCURVE_S1.);
#1693 = CIRCLE('',#1694,6.5);
#1694 = AXIS2_PLACEMENT_3D('',#1695,#1696,#1697);
#1695 = CARTESIAN_POINT('',(66.,-1.616533774875E-14,0.));
#1696 = DIRECTION('',(-2.449293598295E-16,-1.,0.));
#1697 = DIRECTION('',(1.,-2.449293598295E-16,0.));
#1698 = PCURVE('',#1672,#1699);
#1699 = DEFINITIONAL_REPRESENTATION('',(#1700),#1704);
#1700 = LINE('',#1701,#1702);
#1701 = CARTESIAN_POINT('',(6.28318530718,-0.));
#1702 = VECTOR('',#1703,1.);
#1703 = DIRECTION('',(0.,1.));
#1704 = ( GEOMETRIC_REPRESENTATION_CONTEXT(2) 
PARAMETRIC_REPRESENTATION_CONTEXT() REPRESENTATION_CONTEXT('2D SPACE',''
  ) );
#1705 = PCURVE('',#1672,#1706);
#1706 = DEFINITIONAL_REPRESENTATION('',(#1707),#1711);
#1707 = LINE('',#1708,#1709);
#1708 = CARTESIAN_POINT('',(0.,-0.));
#1709 = VECTOR('',#1710,1.);
#1710 = DIRECTION('',(0.,1.));
#1711 = ( GEOMETRIC_REPRESENTATION_CONTEXT(2) 
PARAMETRIC_REPRESENTATION_CONTEXT() REPRESENTATION_CONTEXT('2D SPACE',''
  ) );
#1712 = ORIENTED_EDGE('',*,*,#1662,.T.);
#1713 = ORIENTED_EDGE('',*,*,#1691,.T.);
#1714 = ( GEOMETRIC_REPRESENTATION_CONTEXT(3) 
GLOBAL_UNCERTAINTY_ASSIGNED_CONTEXT((#1718)) 
GLOBAL_UNIT_ASSIGNED_CONTEXT((#1715,#1716,#1717)) REPRESENTATION_CONTEXT
('Context #1','3D Context with UNIT and UNCERTAINTY') );
#1715 = ( LENGTH_UNIT() NAMED_UNIT(*) SI_UNIT(.MILLI.,.METRE.) );
#1716 = ( NAMED_UNIT(*) PLANE_ANGLE_UNIT() SI_UNIT($,.RADIAN.) );
#1717 = ( NAMED_UNIT(*) SI_UNIT($,.STERADIAN.) SOLID_ANGLE_UNIT() );
#1718 = UNCERTAINTY_MEASURE_WITH_UNIT(LENGTH_MEASURE(1.E-07),#1715,
  'distance_accuracy_value','confusion accuracy');
#1719 = CONTEXT_DEPENDENT_SHAPE_REPRESENTATION(#1720,#1722);
#1720 = ( REPRESENTATION_RELATIONSHIP('','',#1655,#1632) 
REPRESENTATION_RELATIONSHIP_WITH_TRANSFORMATION(#1721) 
SHAPE_REPRESENTATION_RELATIONSHIP() );
#1721 = ITEM_DEFINED_TRANSFORMATION('','',#11,#1633);
#1722 = PRODUCT_DEFINITION_SHAPE('Placement','Placement of an item',
  #1723);
#1723 = NEXT_ASSEMBLY_USAGE_OCCURRENCE('87','=>[0:1:1:17]','',#1627,
  #1650,$);
#1724 = PRODUCT_RELATED_PRODUCT_CATEGORY('part',$,(#1652));
#1725 = SHAPE_DEFINITION_REPRESENTATION(#1726,#1732);
#1726 = PRODUCT_DEFINITION_SHAPE('','',#1727);
#1727 = PRODUCT_DEFINITION('design','',#1728,#1731);
#1728 = PRODUCT_DEFINITION_FORMATION('','',#1729);
#1729 = PRODUCT('left_ankle_roll_actuator_housing',
  'left_ankle_roll_actuator_housing','',(#1730));
#1730 = PRODUCT_CONTEXT('',#2,'mechanical');
#1731 = PRODUCT_DEFINITION_CONTEXT('part definition',#2,'design');
#1732 = SHAPE_REPRESENTATION('',(#11,#1733),#1737);
#1733 = AXIS2_PLACEMENT_3D('',#1734,#1735,#1736);
#1734 = CARTESIAN_POINT('',(0.,0.,-59.));
#1735 = DIRECTION('',(0.,0.,1.));
#1736 = DIRECTION('',(1.,0.,0.));
#1737 = ( GEOMETRIC_REPRESENTATION_CONTEXT(3) 
GLOBAL_UNCERTAINTY_ASSIGNED_CONTEXT((#1741)) 
GLOBAL_UNIT_ASSIGNED_CONTEXT((#1738,#1739,#1740)) REPRESENTATION_CONTEXT
('Context #1','3D Context with UNIT and UNCERTAINTY') );
#1738 = ( LENGTH_UNIT() NAMED_UNIT(*) SI_UNIT(.MILLI.,.METRE.) );
#1739 = ( NAMED_UNIT(*) PLANE_ANGLE_UNIT() SI_UNIT($,.RADIAN.) );
#1740 = ( NAMED_UNIT(*) SI_UNIT($,.STERADIAN.) SOLID_ANGLE_UNIT() );
#1741 = UNCERTAINTY_MEASURE_WITH_UNIT(LENGTH_MEASURE(1.E-07),#1738,
  'distance_accuracy_value','confusion accuracy');
#1742 = CONTEXT_DEPENDENT_SHAPE_REPRESENTATION(#1743,#1745);
#1743 = ( REPRESENTATION_RELATIONSHIP('','',#1732,#10) 
REPRESENTATION_RELATIONSHIP_WITH_TRANSFORMATION(#1744) 
SHAPE_REPRESENTATION_RELATIONSHIP() );
#1744 = ITEM_DEFINED_TRANSFORMATION('','',#11,#47);
#1745 = PRODUCT_DEFINITION_SHAPE('Placement','Placement of an item',
  #1746);
#1746 = NEXT_ASSEMBLY_USAGE_OCCURRENCE('90','=>[0:1:1:18]','',#5,#1727,$
  );
#1747 = PRODUCT_RELATED_PRODUCT_CATEGORY('part',$,(#1729));
#1748 = SHAPE_DEFINITION_REPRESENTATION(#1749,#1755);
#1749 = PRODUCT_DEFINITION_SHAPE('','',#1750);
#1750 = PRODUCT_DEFINITION('design','',#1751,#1754);
#1751 = PRODUCT_DEFINITION_FORMATION('','',#1752);
#1752 = PRODUCT('SOLID','SOLID','',(#1753));
#1753 = PRODUCT_CONTEXT('',#2,'mechanical');
#1754 = PRODUCT_DEFINITION_CONTEXT('part definition',#2,'design');
#1755 = ADVANCED_BREP_SHAPE_REPRESENTATION('',(#11,#1756),#1854);
#1756 = MANIFOLD_SOLID_BREP('',#1757);
#1757 = CLOSED_SHELL('',(#1758,#1846,#1850));
#1758 = ADVANCED_FACE('',(#1759),#1772,.T.);
#1759 = FACE_BOUND('',#1760,.T.);
#1760 = EDGE_LOOP('',(#1761,#1795,#1818,#1845));
#1761 = ORIENTED_EDGE('',*,*,#1762,.F.);
#1762 = EDGE_CURVE('',#1763,#1763,#1765,.T.);
#1763 = VERTEX_POINT('',#1764);
#1764 = CARTESIAN_POINT('',(50.,-1.224646799147E-14,118.));
#1765 = SURFACE_CURVE('',#1766,(#1771,#1783),.PCURVE_S1.);
#1766 = CIRCLE('',#1767,50.);
#1767 = AXIS2_PLACEMENT_3D('',#1768,#1769,#1770);
#1768 = CARTESIAN_POINT('',(0.,0.,118.));
#1769 = DIRECTION('',(0.,0.,1.));
#1770 = DIRECTION('',(1.,0.,-0.));
#1771 = PCURVE('',#1772,#1777);
#1772 = CYLINDRICAL_SURFACE('',#1773,50.);
#1773 = AXIS2_PLACEMENT_3D('',#1774,#1775,#1776);
#1774 = CARTESIAN_POINT('',(0.,0.,0.));
#1775 = DIRECTION('',(0.,0.,1.));
#1776 = DIRECTION('',(1.,0.,-0.));
#1777 = DEFINITIONAL_REPRESENTATION('',(#1778),#1782);
#1778 = LINE('',#1779,#1780);
#1779 = CARTESIAN_POINT('',(0.,118.));
#1780 = VECTOR('',#1781,1.);
#1781 = DIRECTION('',(1.,0.));
#1782 = ( GEOMETRIC_REPRESENTATION_CONTEXT(2) 
PARAMETRIC_REPRESENTATION_CONTEXT() REPRESENTATION_CONTEXT('2D SPACE',''
  ) );
#1783 = PCURVE('',#1784,#1789);
#1784 = PLANE('',#1785);
#1785 = AXIS2_PLACEMENT_3D('',#1786,#1787,#1788);
#1786 = CARTESIAN_POINT('',(0.,0.,118.));
#1787 = DIRECTION('',(0.,0.,1.));
#1788 = DIRECTION('',(1.,0.,-0.));
#1789 = DEFINITIONAL_REPRESENTATION('',(#1790),#1794);
#1790 = CIRCLE('',#1791,50.);
#1791 = AXIS2_PLACEMENT_2D('',#1792,#1793);
#1792 = CARTESIAN_POINT('',(0.,0.));
#1793 = DIRECTION('',(1.,0.));
#1794 = ( GEOMETRIC_REPRESENTATION_CONTEXT(2) 
PARAMETRIC_REPRESENTATION_CONTEXT() REPRESENTATION_CONTEXT('2D SPACE',''
  ) );
#1795 = ORIENTED_EDGE('',*,*,#1796,.F.);
#1796 = EDGE_CURVE('',#1797,#1763,#1799,.T.);
#1797 = VERTEX_POINT('',#1798);
#1798 = CARTESIAN_POINT('',(50.,-1.224646799147E-14,0.));
#1799 = SEAM_CURVE('',#1800,(#1804,#1811),.PCURVE_S1.);
#1800 = LINE('',#1801,#1802);
#1801 = CARTESIAN_POINT('',(50.,-1.224646799147E-14,0.));
#1802 = VECTOR('',#1803,1.);
#1803 = DIRECTION('',(0.,0.,1.));
#1804 = PCURVE('',#1772,#1805);
#1805 = DEFINITIONAL_REPRESENTATION('',(#1806),#1810);
#1806 = LINE('',#1807,#1808);
#1807 = CARTESIAN_POINT('',(6.28318530718,-0.));
#1808 = VECTOR('',#1809,1.);
#1809 = DIRECTION('',(0.,1.));
#1810 = ( GEOMETRIC_REPRESENTATION_CONTEXT(2) 
PARAMETRIC_REPRESENTATION_CONTEXT() REPRESENTATION_CONTEXT('2D SPACE',''
  ) );
#1811 = PCURVE('',#1772,#1812);
#1812 = DEFINITIONAL_REPRESENTATION('',(#1813),#1817);
#1813 = LINE('',#1814,#1815);
#1814 = CARTESIAN_POINT('',(0.,-0.));
#1815 = VECTOR('',#1816,1.);
#1816 = DIRECTION('',(0.,1.));
#1817 = ( GEOMETRIC_REPRESENTATION_CONTEXT(2) 
PARAMETRIC_REPRESENTATION_CONTEXT() REPRESENTATION_CONTEXT('2D SPACE',''
  ) );
#1818 = ORIENTED_EDGE('',*,*,#1819,.T.);
#1819 = EDGE_CURVE('',#1797,#1797,#1820,.T.);
#1820 = SURFACE_CURVE('',#1821,(#1826,#1833),.PCURVE_S1.);
#1821 = CIRCLE('',#1822,50.);
#1822 = AXIS2_PLACEMENT_3D('',#1823,#1824,#1825);
#1823 = CARTESIAN_POINT('',(0.,0.,0.));
#1824 = DIRECTION('',(0.,0.,1.));
#1825 = DIRECTION('',(1.,0.,-0.));
#1826 = PCURVE('',#1772,#1827);
#1827 = DEFINITIONAL_REPRESENTATION('',(#1828),#1832);
#1828 = LINE('',#1829,#1830);
#1829 = CARTESIAN_POINT('',(0.,0.));
#1830 = VECTOR('',#1831,1.);
#1831 = DIRECTION('',(1.,0.));
#1832 = ( GEOMETRIC_REPRESENTATION_CONTEXT(2) 
PARAMETRIC_REPRESENTATION_CONTEXT() REPRESENTATION_CONTEXT('2D SPACE',''
  ) );
#1833 = PCURVE('',#1834,#1839);
#1834 = PLANE('',#1835);
#1835 = AXIS2_PLACEMENT_3D('',#1836,#1837,#1838);
#1836 = CARTESIAN_POINT('',(0.,0.,0.));
#1837 = DIRECTION('',(0.,0.,1.));
#1838 = DIRECTION('',(1.,0.,-0.));
#1839 = DEFINITIONAL_REPRESENTATION('',(#1840),#1844);
#1840 = CIRCLE('',#1841,50.);
#1841 = AXIS2_PLACEMENT_2D('',#1842,#1843);
#1842 = CARTESIAN_POINT('',(0.,0.));
#1843 = DIRECTION('',(1.,0.));
#1844 = ( GEOMETRIC_REPRESENTATION_CONTEXT(2) 
PARAMETRIC_REPRESENTATION_CONTEXT() REPRESENTATION_CONTEXT('2D SPACE',''
  ) );
#1845 = ORIENTED_EDGE('',*,*,#1796,.T.);
#1846 = ADVANCED_FACE('',(#1847),#1784,.T.);
#1847 = FACE_BOUND('',#1848,.T.);
#1848 = EDGE_LOOP('',(#1849));
#1849 = ORIENTED_EDGE('',*,*,#1762,.T.);
#1850 = ADVANCED_FACE('',(#1851),#1834,.F.);
#1851 = FACE_BOUND('',#1852,.T.);
#1852 = EDGE_LOOP('',(#1853));
#1853 = ORIENTED_EDGE('',*,*,#1819,.F.);
#1854 = ( GEOMETRIC_REPRESENTATION_CONTEXT(3) 
GLOBAL_UNCERTAINTY_ASSIGNED_CONTEXT((#1858)) 
GLOBAL_UNIT_ASSIGNED_CONTEXT((#1855,#1856,#1857)) REPRESENTATION_CONTEXT
('Context #1','3D Context with UNIT and UNCERTAINTY') );
#1855 = ( LENGTH_UNIT() NAMED_UNIT(*) SI_UNIT(.MILLI.,.METRE.) );
#1856 = ( NAMED_UNIT(*) PLANE_ANGLE_UNIT() SI_UNIT($,.RADIAN.) );
#1857 = ( NAMED_UNIT(*) SI_UNIT($,.STERADIAN.) SOLID_ANGLE_UNIT() );
#1858 = UNCERTAINTY_MEASURE_WITH_UNIT(LENGTH_MEASURE(1.E-07),#1855,
  'distance_accuracy_value','confusion accuracy');
#1859 = CONTEXT_DEPENDENT_SHAPE_REPRESENTATION(#1860,#1862);
#1860 = ( REPRESENTATION_RELATIONSHIP('','',#1755,#1732) 
REPRESENTATION_RELATIONSHIP_WITH_TRANSFORMATION(#1861) 
SHAPE_REPRESENTATION_RELATIONSHIP() );
#1861 = ITEM_DEFINED_TRANSFORMATION('','',#11,#1733);
#1862 = PRODUCT_DEFINITION_SHAPE('Placement','Placement of an item',
  #1863);
#1863 = NEXT_ASSEMBLY_USAGE_OCCURRENCE('89','=>[0:1:1:19]','',#1727,
  #1750,$);
#1864 = PRODUCT_RELATED_PRODUCT_CATEGORY('part',$,(#1752));
#1865 = SHAPE_DEFINITION_REPRESENTATION(#1866,#1872);
#1866 = PRODUCT_DEFINITION_SHAPE('','',#1867);
#1867 = PRODUCT_DEFINITION('design','',#1868,#1871);
#1868 = PRODUCT_DEFINITION_FORMATION('','',#1869);
#1869 = PRODUCT('left_ankle_pitch_actuator_housing',
  'left_ankle_pitch_actuator_housing','',(#1870));
#1870 = PRODUCT_CONTEXT('',#2,'mechanical');
#1871 = PRODUCT_DEFINITION_CONTEXT('part definition',#2,'design');
#1872 = SHAPE_REPRESENTATION('',(#11,#1873),#1877);
#1873 = AXIS2_PLACEMENT_3D('',#1874,#1875,#1876);
#1874 = CARTESIAN_POINT('',(0.,0.,-56.));
#1875 = DIRECTION('',(0.,0.,1.));
#1876 = DIRECTION('',(1.,0.,0.));
#1877 = ( GEOMETRIC_REPRESENTATION_CONTEXT(3) 
GLOBAL_UNCERTAINTY_ASSIGNED_CONTEXT((#1881)) 
GLOBAL_UNIT_ASSIGNED_CONTEXT((#1878,#1879,#1880)) REPRESENTATION_CONTEXT
('Context #1','3D Context with UNIT and UNCERTAINTY') );
#1878 = ( LENGTH_UNIT() NAMED_UNIT(*) SI_UNIT(.MILLI.,.METRE.) );
#1879 = ( NAMED_UNIT(*) PLANE_ANGLE_UNIT() SI_UNIT($,.RADIAN.) );
#1880 = ( NAMED_UNIT(*) SI_UNIT($,.STERADIAN.) SOLID_ANGLE_UNIT() );
#1881 = UNCERTAINTY_MEASURE_WITH_UNIT(LENGTH_MEASURE(1.E-07),#1878,
  'distance_accuracy_value','confusion accuracy');
#1882 = CONTEXT_DEPENDENT_SHAPE_REPRESENTATION(#1883,#1885);
#1883 = ( REPRESENTATION_RELATIONSHIP('','',#1872,#10) 
REPRESENTATION_RELATIONSHIP_WITH_TRANSFORMATION(#1884) 
SHAPE_REPRESENTATION_RELATIONSHIP() );
#1884 = ITEM_DEFINED_TRANSFORMATION('','',#11,#51);
#1885 = PRODUCT_DEFINITION_SHAPE('Placement','Placement of an item',
  #1886);
#1886 = NEXT_ASSEMBLY_USAGE_OCCURRENCE('92','=>[0:1:1:20]','',#5,#1867,$
  );
#1887 = PRODUCT_RELATED_PRODUCT_CATEGORY('part',$,(#1869));
#1888 = SHAPE_DEFINITION_REPRESENTATION(#1889,#1895);
#1889 = PRODUCT_DEFINITION_SHAPE('','',#1890);
#1890 = PRODUCT_DEFINITION('design','',#1891,#1894);
#1891 = PRODUCT_DEFINITION_FORMATION('','',#1892);
#1892 = PRODUCT('SOLID','SOLID','',(#1893));
#1893 = PRODUCT_CONTEXT('',#2,'mechanical');
#1894 = PRODUCT_DEFINITION_CONTEXT('part definition',#2,'design');
#1895 = ADVANCED_BREP_SHAPE_REPRESENTATION('',(#11,#1896),#1994);
#1896 = MANIFOLD_SOLID_BREP('',#1897);
#1897 = CLOSED_SHELL('',(#1898,#1986,#1990));
#1898 = ADVANCED_FACE('',(#1899),#1912,.T.);
#1899 = FACE_BOUND('',#1900,.T.);
#1900 = EDGE_LOOP('',(#1901,#1935,#1958,#1985));
#1901 = ORIENTED_EDGE('',*,*,#1902,.F.);
#1902 = EDGE_CURVE('',#1903,#1903,#1905,.T.);
#1903 = VERTEX_POINT('',#1904);
#1904 = CARTESIAN_POINT('',(44.,-1.07768918325E-14,112.));
#1905 = SURFACE_CURVE('',#1906,(#1911,#1923),.PCURVE_S1.);
#1906 = CIRCLE('',#1907,44.);
#1907 = AXIS2_PLACEMENT_3D('',#1908,#1909,#1910);
#1908 = CARTESIAN_POINT('',(0.,0.,112.));
#1909 = DIRECTION('',(0.,0.,1.));
#1910 = DIRECTION('',(1.,0.,-0.));
#1911 = PCURVE('',#1912,#1917);
#1912 = CYLINDRICAL_SURFACE('',#1913,44.);
#1913 = AXIS2_PLACEMENT_3D('',#1914,#1915,#1916);
#1914 = CARTESIAN_POINT('',(0.,0.,0.));
#1915 = DIRECTION('',(0.,0.,1.));
#1916 = DIRECTION('',(1.,0.,-0.));
#1917 = DEFINITIONAL_REPRESENTATION('',(#1918),#1922);
#1918 = LINE('',#1919,#1920);
#1919 = CARTESIAN_POINT('',(0.,112.));
#1920 = VECTOR('',#1921,1.);
#1921 = DIRECTION('',(1.,0.));
#1922 = ( GEOMETRIC_REPRESENTATION_CONTEXT(2) 
PARAMETRIC_REPRESENTATION_CONTEXT() REPRESENTATION_CONTEXT('2D SPACE',''
  ) );
#1923 = PCURVE('',#1924,#1929);
#1924 = PLANE('',#1925);
#1925 = AXIS2_PLACEMENT_3D('',#1926,#1927,#1928);
#1926 = CARTESIAN_POINT('',(0.,0.,112.));
#1927 = DIRECTION('',(0.,0.,1.));
#1928 = DIRECTION('',(1.,0.,-0.));
#1929 = DEFINITIONAL_REPRESENTATION('',(#1930),#1934);
#1930 = CIRCLE('',#1931,44.);
#1931 = AXIS2_PLACEMENT_2D('',#1932,#1933);
#1932 = CARTESIAN_POINT('',(0.,0.));
#1933 = DIRECTION('',(1.,0.));
#1934 = ( GEOMETRIC_REPRESENTATION_CONTEXT(2) 
PARAMETRIC_REPRESENTATION_CONTEXT() REPRESENTATION_CONTEXT('2D SPACE',''
  ) );
#1935 = ORIENTED_EDGE('',*,*,#1936,.F.);
#1936 = EDGE_CURVE('',#1937,#1903,#1939,.T.);
#1937 = VERTEX_POINT('',#1938);
#1938 = CARTESIAN_POINT('',(44.,-1.07768918325E-14,0.));
#1939 = SEAM_CURVE('',#1940,(#1944,#1951),.PCURVE_S1.);
#1940 = LINE('',#1941,#1942);
#1941 = CARTESIAN_POINT('',(44.,-1.07768918325E-14,0.));
#1942 = VECTOR('',#1943,1.);
#1943 = DIRECTION('',(0.,0.,1.));
#1944 = PCURVE('',#1912,#1945);
#1945 = DEFINITIONAL_REPRESENTATION('',(#1946),#1950);
#1946 = LINE('',#1947,#1948);
#1947 = CARTESIAN_POINT('',(6.28318530718,-0.));
#1948 = VECTOR('',#1949,1.);
#1949 = DIRECTION('',(0.,1.));
#1950 = ( GEOMETRIC_REPRESENTATION_CONTEXT(2) 
PARAMETRIC_REPRESENTATION_CONTEXT() REPRESENTATION_CONTEXT('2D SPACE',''
  ) );
#1951 = PCURVE('',#1912,#1952);
#1952 = DEFINITIONAL_REPRESENTATION('',(#1953),#1957);
#1953 = LINE('',#1954,#1955);
#1954 = CARTESIAN_POINT('',(0.,-0.));
#1955 = VECTOR('',#1956,1.);
#1956 = DIRECTION('',(0.,1.));
#1957 = ( GEOMETRIC_REPRESENTATION_CONTEXT(2) 
PARAMETRIC_REPRESENTATION_CONTEXT() REPRESENTATION_CONTEXT('2D SPACE',''
  ) );
#1958 = ORIENTED_EDGE('',*,*,#1959,.T.);
#1959 = EDGE_CURVE('',#1937,#1937,#1960,.T.);
#1960 = SURFACE_CURVE('',#1961,(#1966,#1973),.PCURVE_S1.);
#1961 = CIRCLE('',#1962,44.);
#1962 = AXIS2_PLACEMENT_3D('',#1963,#1964,#1965);
#1963 = CARTESIAN_POINT('',(0.,0.,0.));
#1964 = DIRECTION('',(0.,0.,1.));
#1965 = DIRECTION('',(1.,0.,-0.));
#1966 = PCURVE('',#1912,#1967);
#1967 = DEFINITIONAL_REPRESENTATION('',(#1968),#1972);
#1968 = LINE('',#1969,#1970);
#1969 = CARTESIAN_POINT('',(0.,0.));
#1970 = VECTOR('',#1971,1.);
#1971 = DIRECTION('',(1.,0.));
#1972 = ( GEOMETRIC_REPRESENTATION_CONTEXT(2) 
PARAMETRIC_REPRESENTATION_CONTEXT() REPRESENTATION_CONTEXT('2D SPACE',''
  ) );
#1973 = PCURVE('',#1974,#1979);
#1974 = PLANE('',#1975);
#1975 = AXIS2_PLACEMENT_3D('',#1976,#1977,#1978);
#1976 = CARTESIAN_POINT('',(0.,0.,0.));
#1977 = DIRECTION('',(0.,0.,1.));
#1978 = DIRECTION('',(1.,0.,-0.));
#1979 = DEFINITIONAL_REPRESENTATION('',(#1980),#1984);
#1980 = CIRCLE('',#1981,44.);
#1981 = AXIS2_PLACEMENT_2D('',#1982,#1983);
#1982 = CARTESIAN_POINT('',(0.,0.));
#1983 = DIRECTION('',(1.,0.));
#1984 = ( GEOMETRIC_REPRESENTATION_CONTEXT(2) 
PARAMETRIC_REPRESENTATION_CONTEXT() REPRESENTATION_CONTEXT('2D SPACE',''
  ) );
#1985 = ORIENTED_EDGE('',*,*,#1936,.T.);
#1986 = ADVANCED_FACE('',(#1987),#1924,.T.);
#1987 = FACE_BOUND('',#1988,.T.);
#1988 = EDGE_LOOP('',(#1989));
#1989 = ORIENTED_EDGE('',*,*,#1902,.T.);
#1990 = ADVANCED_FACE('',(#1991),#1974,.F.);
#1991 = FACE_BOUND('',#1992,.T.);
#1992 = EDGE_LOOP('',(#1993));
#1993 = ORIENTED_EDGE('',*,*,#1959,.F.);
#1994 = ( GEOMETRIC_REPRESENTATION_CONTEXT(3) 
GLOBAL_UNCERTAINTY_ASSIGNED_CONTEXT((#1998)) 
GLOBAL_UNIT_ASSIGNED_CONTEXT((#1995,#1996,#1997)) REPRESENTATION_CONTEXT
('Context #1','3D Context with UNIT and UNCERTAINTY') );
#1995 = ( LENGTH_UNIT() NAMED_UNIT(*) SI_UNIT(.MILLI.,.METRE.) );
#1996 = ( NAMED_UNIT(*) PLANE_ANGLE_UNIT() SI_UNIT($,.RADIAN.) );
#1997 = ( NAMED_UNIT(*) SI_UNIT($,.STERADIAN.) SOLID_ANGLE_UNIT() );
#1998 = UNCERTAINTY_MEASURE_WITH_UNIT(LENGTH_MEASURE(1.E-07),#1995,
  'distance_accuracy_value','confusion accuracy');
#1999 = CONTEXT_DEPENDENT_SHAPE_REPRESENTATION(#2000,#2002);
#2000 = ( REPRESENTATION_RELATIONSHIP('','',#1895,#1872) 
REPRESENTATION_RELATIONSHIP_WITH_TRANSFORMATION(#2001) 
SHAPE_REPRESENTATION_RELATIONSHIP() );
#2001 = ITEM_DEFINED_TRANSFORMATION('','',#11,#1873);
#2002 = PRODUCT_DEFINITION_SHAPE('Placement','Placement of an item',
  #2003);
#2003 = NEXT_ASSEMBLY_USAGE_OCCURRENCE('91','=>[0:1:1:21]','',#1867,
  #1890,$);
#2004 = PRODUCT_RELATED_PRODUCT_CATEGORY('part',$,(#1892));
#2005 = SHAPE_DEFINITION_REPRESENTATION(#2006,#2012);
#2006 = PRODUCT_DEFINITION_SHAPE('','',#2007);
#2007 = PRODUCT_DEFINITION('design','',#2008,#2011);
#2008 = PRODUCT_DEFINITION_FORMATION('','',#2009);
#2009 = PRODUCT('left_hip_roll_actuator_housing',
  'left_hip_roll_actuator_housing','',(#2010));
#2010 = PRODUCT_CONTEXT('',#2,'mechanical');
#2011 = PRODUCT_DEFINITION_CONTEXT('part definition',#2,'design');
#2012 = SHAPE_REPRESENTATION('',(#11,#2013),#2017);
#2013 = AXIS2_PLACEMENT_3D('',#2014,#2015,#2016);
#2014 = CARTESIAN_POINT('',(0.,0.,-70.));
#2015 = DIRECTION('',(0.,0.,1.));
#2016 = DIRECTION('',(1.,0.,0.));
#2017 = ( GEOMETRIC_REPRESENTATION_CONTEXT(3) 
GLOBAL_UNCERTAINTY_ASSIGNED_CONTEXT((#2021)) 
GLOBAL_UNIT_ASSIGNED_CONTEXT((#2018,#2019,#2020)) REPRESENTATION_CONTEXT
('Context #1','3D Context with UNIT and UNCERTAINTY') );
#2018 = ( LENGTH_UNIT() NAMED_UNIT(*) SI_UNIT(.MILLI.,.METRE.) );
#2019 = ( NAMED_UNIT(*) PLANE_ANGLE_UNIT() SI_UNIT($,.RADIAN.) );
#2020 = ( NAMED_UNIT(*) SI_UNIT($,.STERADIAN.) SOLID_ANGLE_UNIT() );
#2021 = UNCERTAINTY_MEASURE_WITH_UNIT(LENGTH_MEASURE(1.E-07),#2018,
  'distance_accuracy_value','confusion accuracy');
#2022 = CONTEXT_DEPENDENT_SHAPE_REPRESENTATION(#2023,#2025);
#2023 = ( REPRESENTATION_RELATIONSHIP('','',#2012,#10) 
REPRESENTATION_RELATIONSHIP_WITH_TRANSFORMATION(#2024) 
SHAPE_REPRESENTATION_RELATIONSHIP() );
#2024 = ITEM_DEFINED_TRANSFORMATION('','',#11,#55);
#2025 = PRODUCT_DEFINITION_SHAPE('Placement','Placement of an item',
  #2026);
#2026 = NEXT_ASSEMBLY_USAGE_OCCURRENCE('94','=>[0:1:1:22]','',#5,#2007,$
  );
#2027 = PRODUCT_RELATED_PRODUCT_CATEGORY('part',$,(#2009));
#2028 = SHAPE_DEFINITION_REPRESENTATION(#2029,#2035);
#2029 = PRODUCT_DEFINITION_SHAPE('','',#2030);
#2030 = PRODUCT_DEFINITION('design','',#2031,#2034);
#2031 = PRODUCT_DEFINITION_FORMATION('','',#2032);
#2032 = PRODUCT('SOLID','SOLID','',(#2033));
#2033 = PRODUCT_CONTEXT('',#2,'mechanical');
#2034 = PRODUCT_DEFINITION_CONTEXT('part definition',#2,'design');
#2035 = ADVANCED_BREP_SHAPE_REPRESENTATION('',(#11,#2036),#2134);
#2036 = MANIFOLD_SOLID_BREP('',#2037);
#2037 = CLOSED_SHELL('',(#2038,#2126,#2130));
#2038 = ADVANCED_FACE('',(#2039),#2052,.T.);
#2039 = FACE_BOUND('',#2040,.T.);
#2040 = EDGE_LOOP('',(#2041,#2075,#2098,#2125));
#2041 = ORIENTED_EDGE('',*,*,#2042,.F.);
#2042 = EDGE_CURVE('',#2043,#2043,#2045,.T.);
#2043 = VERTEX_POINT('',#2044);
#2044 = CARTESIAN_POINT('',(68.,-1.66551964684E-14,140.));
#2045 = SURFACE_CURVE('',#2046,(#2051,#2063),.PCURVE_S1.);
#2046 = CIRCLE('',#2047,68.);
#2047 = AXIS2_PLACEMENT_3D('',#2048,#2049,#2050);
#2048 = CARTESIAN_POINT('',(0.,0.,140.));
#2049 = DIRECTION('',(0.,0.,1.));
#2050 = DIRECTION('',(1.,0.,-0.));
#2051 = PCURVE('',#2052,#2057);
#2052 = CYLINDRICAL_SURFACE('',#2053,68.);
#2053 = AXIS2_PLACEMENT_3D('',#2054,#2055,#2056);
#2054 = CARTESIAN_POINT('',(0.,0.,0.));
#2055 = DIRECTION('',(0.,0.,1.));
#2056 = DIRECTION('',(1.,0.,-0.));
#2057 = DEFINITIONAL_REPRESENTATION('',(#2058),#2062);
#2058 = LINE('',#2059,#2060);
#2059 = CARTESIAN_POINT('',(0.,140.));
#2060 = VECTOR('',#2061,1.);
#2061 = DIRECTION('',(1.,0.));
#2062 = ( GEOMETRIC_REPRESENTATION_CONTEXT(2) 
PARAMETRIC_REPRESENTATION_CONTEXT() REPRESENTATION_CONTEXT('2D SPACE',''
  ) );
#2063 = PCURVE('',#2064,#2069);
#2064 = PLANE('',#2065);
#2065 = AXIS2_PLACEMENT_3D('',#2066,#2067,#2068);
#2066 = CARTESIAN_POINT('',(0.,0.,140.));
#2067 = DIRECTION('',(0.,0.,1.));
#2068 = DIRECTION('',(1.,0.,-0.));
#2069 = DEFINITIONAL_REPRESENTATION('',(#2070),#2074);
#2070 = CIRCLE('',#2071,68.);
#2071 = AXIS2_PLACEMENT_2D('',#2072,#2073);
#2072 = CARTESIAN_POINT('',(0.,0.));
#2073 = DIRECTION('',(1.,0.));
#2074 = ( GEOMETRIC_REPRESENTATION_CONTEXT(2) 
PARAMETRIC_REPRESENTATION_CONTEXT() REPRESENTATION_CONTEXT('2D SPACE',''
  ) );
#2075 = ORIENTED_EDGE('',*,*,#2076,.F.);
#2076 = EDGE_CURVE('',#2077,#2043,#2079,.T.);
#2077 = VERTEX_POINT('',#2078);
#2078 = CARTESIAN_POINT('',(68.,-1.66551964684E-14,0.));
#2079 = SEAM_CURVE('',#2080,(#2084,#2091),.PCURVE_S1.);
#2080 = LINE('',#2081,#2082);
#2081 = CARTESIAN_POINT('',(68.,-1.66551964684E-14,0.));
#2082 = VECTOR('',#2083,1.);
#2083 = DIRECTION('',(0.,0.,1.));
#2084 = PCURVE('',#2052,#2085);
#2085 = DEFINITIONAL_REPRESENTATION('',(#2086),#2090);
#2086 = LINE('',#2087,#2088);
#2087 = CARTESIAN_POINT('',(6.28318530718,-0.));
#2088 = VECTOR('',#2089,1.);
#2089 = DIRECTION('',(0.,1.));
#2090 = ( GEOMETRIC_REPRESENTATION_CONTEXT(2) 
PARAMETRIC_REPRESENTATION_CONTEXT() REPRESENTATION_CONTEXT('2D SPACE',''
  ) );
#2091 = PCURVE('',#2052,#2092);
#2092 = DEFINITIONAL_REPRESENTATION('',(#2093),#2097);
#2093 = LINE('',#2094,#2095);
#2094 = CARTESIAN_POINT('',(0.,-0.));
#2095 = VECTOR('',#2096,1.);
#2096 = DIRECTION('',(0.,1.));
#2097 = ( GEOMETRIC_REPRESENTATION_CONTEXT(2) 
PARAMETRIC_REPRESENTATION_CONTEXT() REPRESENTATION_CONTEXT('2D SPACE',''
  ) );
#2098 = ORIENTED_EDGE('',*,*,#2099,.T.);
#2099 = EDGE_CURVE('',#2077,#2077,#2100,.T.);
#2100 = SURFACE_CURVE('',#2101,(#2106,#2113),.PCURVE_S1.);
#2101 = CIRCLE('',#2102,68.);
#2102 = AXIS2_PLACEMENT_3D('',#2103,#2104,#2105);
#2103 = CARTESIAN_POINT('',(0.,0.,0.));
#2104 = DIRECTION('',(0.,0.,1.));
#2105 = DIRECTION('',(1.,0.,-0.));
#2106 = PCURVE('',#2052,#2107);
#2107 = DEFINITIONAL_REPRESENTATION('',(#2108),#2112);
#2108 = LINE('',#2109,#2110);
#2109 = CARTESIAN_POINT('',(0.,0.));
#2110 = VECTOR('',#2111,1.);
#2111 = DIRECTION('',(1.,0.));
#2112 = ( GEOMETRIC_REPRESENTATION_CONTEXT(2) 
PARAMETRIC_REPRESENTATION_CONTEXT() REPRESENTATION_CONTEXT('2D SPACE',''
  ) );
#2113 = PCURVE('',#2114,#2119);
#2114 = PLANE('',#2115);
#2115 = AXIS2_PLACEMENT_3D('',#2116,#2117,#2118);
#2116 = CARTESIAN_POINT('',(0.,0.,0.));
#2117 = DIRECTION('',(0.,0.,1.));
#2118 = DIRECTION('',(1.,0.,-0.));
#2119 = DEFINITIONAL_REPRESENTATION('',(#2120),#2124);
#2120 = CIRCLE('',#2121,68.);
#2121 = AXIS2_PLACEMENT_2D('',#2122,#2123);
#2122 = CARTESIAN_POINT('',(0.,0.));
#2123 = DIRECTION('',(1.,0.));
#2124 = ( GEOMETRIC_REPRESENTATION_CONTEXT(2) 
PARAMETRIC_REPRESENTATION_CONTEXT() REPRESENTATION_CONTEXT('2D SPACE',''
  ) );
#2125 = ORIENTED_EDGE('',*,*,#2076,.T.);
#2126 = ADVANCED_FACE('',(#2127),#2064,.T.);
#2127 = FACE_BOUND('',#2128,.T.);
#2128 = EDGE_LOOP('',(#2129));
#2129 = ORIENTED_EDGE('',*,*,#2042,.T.);
#2130 = ADVANCED_FACE('',(#2131),#2114,.F.);
#2131 = FACE_BOUND('',#2132,.T.);
#2132 = EDGE_LOOP('',(#2133));
#2133 = ORIENTED_EDGE('',*,*,#2099,.F.);
#2134 = ( GEOMETRIC_REPRESENTATION_CONTEXT(3) 
GLOBAL_UNCERTAINTY_ASSIGNED_CONTEXT((#2138)) 
GLOBAL_UNIT_ASSIGNED_CONTEXT((#2135,#2136,#2137)) REPRESENTATION_CONTEXT
('Context #1','3D Context with UNIT and UNCERTAINTY') );
#2135 = ( LENGTH_UNIT() NAMED_UNIT(*) SI_UNIT(.MILLI.,.METRE.) );
#2136 = ( NAMED_UNIT(*) PLANE_ANGLE_UNIT() SI_UNIT($,.RADIAN.) );
#2137 = ( NAMED_UNIT(*) SI_UNIT($,.STERADIAN.) SOLID_ANGLE_UNIT() );
#2138 = UNCERTAINTY_MEASURE_WITH_UNIT(LENGTH_MEASURE(1.E-07),#2135,
  'distance_accuracy_value','confusion accuracy');
#2139 = CONTEXT_DEPENDENT_SHAPE_REPRESENTATION(#2140,#2142);
#2140 = ( REPRESENTATION_RELATIONSHIP('','',#2035,#2012) 
REPRESENTATION_RELATIONSHIP_WITH_TRANSFORMATION(#2141) 
SHAPE_REPRESENTATION_RELATIONSHIP() );
#2141 = ITEM_DEFINED_TRANSFORMATION('','',#11,#2013);
#2142 = PRODUCT_DEFINITION_SHAPE('Placement','Placement of an item',
  #2143);
#2143 = NEXT_ASSEMBLY_USAGE_OCCURRENCE('93','=>[0:1:1:23]','',#2007,
  #2030,$);
#2144 = PRODUCT_RELATED_PRODUCT_CATEGORY('part',$,(#2032));
#2145 = SHAPE_DEFINITION_REPRESENTATION(#2146,#2152);
#2146 = PRODUCT_DEFINITION_SHAPE('','',#2147);
#2147 = PRODUCT_DEFINITION('design','',#2148,#2151);
#2148 = PRODUCT_DEFINITION_FORMATION('','',#2149);
#2149 = PRODUCT('left_hip_pitch_actuator_housing',
  'left_hip_pitch_actuator_housing','',(#2150));
#2150 = PRODUCT_CONTEXT('',#2,'mechanical');
#2151 = PRODUCT_DEFINITION_CONTEXT('part definition',#2,'design');
#2152 = SHAPE_REPRESENTATION('',(#11,#2153),#2157);
#2153 = AXIS2_PLACEMENT_3D('',#2154,#2155,#2156);
#2154 = CARTESIAN_POINT('',(0.,0.,-62.));
#2155 = DIRECTION('',(0.,0.,1.));
#2156 = DIRECTION('',(1.,0.,0.));
#2157 = ( GEOMETRIC_REPRESENTATION_CONTEXT(3) 
GLOBAL_UNCERTAINTY_ASSIGNED_CONTEXT((#2161)) 
GLOBAL_UNIT_ASSIGNED_CONTEXT((#2158,#2159,#2160)) REPRESENTATION_CONTEXT
('Context #1','3D Context with UNIT and UNCERTAINTY') );
#2158 = ( LENGTH_UNIT() NAMED_UNIT(*) SI_UNIT(.MILLI.,.METRE.) );
#2159 = ( NAMED_UNIT(*) PLANE_ANGLE_UNIT() SI_UNIT($,.RADIAN.) );
#2160 = ( NAMED_UNIT(*) SI_UNIT($,.STERADIAN.) SOLID_ANGLE_UNIT() );
#2161 = UNCERTAINTY_MEASURE_WITH_UNIT(LENGTH_MEASURE(1.E-07),#2158,
  'distance_accuracy_value','confusion accuracy');
#2162 = CONTEXT_DEPENDENT_SHAPE_REPRESENTATION(#2163,#2165);
#2163 = ( REPRESENTATION_RELATIONSHIP('','',#2152,#10) 
REPRESENTATION_RELATIONSHIP_WITH_TRANSFORMATION(#2164) 
SHAPE_REPRESENTATION_RELATIONSHIP() );
#2164 = ITEM_DEFINED_TRANSFORMATION('','',#11,#59);
#2165 = PRODUCT_DEFINITION_SHAPE('Placement','Placement of an item',
  #2166);
#2166 = NEXT_ASSEMBLY_USAGE_OCCURRENCE('96','=>[0:1:1:24]','',#5,#2147,$
  );
#2167 = PRODUCT_RELATED_PRODUCT_CATEGORY('part',$,(#2149));
#2168 = SHAPE_DEFINITION_REPRESENTATION(#2169,#2175);
#2169 = PRODUCT_DEFINITION_SHAPE('','',#2170);
#2170 = PRODUCT_DEFINITION('design','',#2171,#2174);
#2171 = PRODUCT_DEFINITION_FORMATION('','',#2172);
#2172 = PRODUCT('SOLID','SOLID','',(#2173));
#2173 = PRODUCT_CONTEXT('',#2,'mechanical');
#2174 = PRODUCT_DEFINITION_CONTEXT('part definition',#2,'design');
#2175 = ADVANCED_BREP_SHAPE_REPRESENTATION('',(#11,#2176),#2274);
#2176 = MANIFOLD_SOLID_BREP('',#2177);
#2177 = CLOSED_SHELL('',(#2178,#2266,#2270));
#2178 = ADVANCED_FACE('',(#2179),#2192,.T.);
#2179 = FACE_BOUND('',#2180,.T.);
#2180 = EDGE_LOOP('',(#2181,#2215,#2238,#2265));
#2181 = ORIENTED_EDGE('',*,*,#2182,.F.);
#2182 = EDGE_CURVE('',#2183,#2183,#2185,.T.);
#2183 = VERTEX_POINT('',#2184);
#2184 = CARTESIAN_POINT('',(58.,-1.420590287011E-14,124.));
#2185 = SURFACE_CURVE('',#2186,(#2191,#2203),.PCURVE_S1.);
#2186 = CIRCLE('',#2187,58.);
#2187 = AXIS2_PLACEMENT_3D('',#2188,#2189,#2190);
#2188 = CARTESIAN_POINT('',(0.,0.,124.));
#2189 = DIRECTION('',(0.,0.,1.));
#2190 = DIRECTION('',(1.,0.,-0.));
#2191 = PCURVE('',#2192,#2197);
#2192 = CYLINDRICAL_SURFACE('',#2193,58.);
#2193 = AXIS2_PLACEMENT_3D('',#2194,#2195,#2196);
#2194 = CARTESIAN_POINT('',(0.,0.,0.));
#2195 = DIRECTION('',(0.,0.,1.));
#2196 = DIRECTION('',(1.,0.,-0.));
#2197 = DEFINITIONAL_REPRESENTATION('',(#2198),#2202);
#2198 = LINE('',#2199,#2200);
#2199 = CARTESIAN_POINT('',(0.,124.));
#2200 = VECTOR('',#2201,1.);
#2201 = DIRECTION('',(1.,0.));
#2202 = ( GEOMETRIC_REPRESENTATION_CONTEXT(2) 
PARAMETRIC_REPRESENTATION_CONTEXT() REPRESENTATION_CONTEXT('2D SPACE',''
  ) );
#2203 = PCURVE('',#2204,#2209);
#2204 = PLANE('',#2205);
#2205 = AXIS2_PLACEMENT_3D('',#2206,#2207,#2208);
#2206 = CARTESIAN_POINT('',(0.,0.,124.));
#2207 = DIRECTION('',(0.,0.,1.));
#2208 = DIRECTION('',(1.,0.,-0.));
#2209 = DEFINITIONAL_REPRESENTATION('',(#2210),#2214);
#2210 = CIRCLE('',#2211,58.);
#2211 = AXIS2_PLACEMENT_2D('',#2212,#2213);
#2212 = CARTESIAN_POINT('',(0.,0.));
#2213 = DIRECTION('',(1.,0.));
#2214 = ( GEOMETRIC_REPRESENTATION_CONTEXT(2) 
PARAMETRIC_REPRESENTATION_CONTEXT() REPRESENTATION_CONTEXT('2D SPACE',''
  ) );
#2215 = ORIENTED_EDGE('',*,*,#2216,.F.);
#2216 = EDGE_CURVE('',#2217,#2183,#2219,.T.);
#2217 = VERTEX_POINT('',#2218);
#2218 = CARTESIAN_POINT('',(58.,-1.420590287011E-14,0.));
#2219 = SEAM_CURVE('',#2220,(#2224,#2231),.PCURVE_S1.);
#2220 = LINE('',#2221,#2222);
#2221 = CARTESIAN_POINT('',(58.,-1.420590287011E-14,0.));
#2222 = VECTOR('',#2223,1.);
#2223 = DIRECTION('',(0.,0.,1.));
#2224 = PCURVE('',#2192,#2225);
#2225 = DEFINITIONAL_REPRESENTATION('',(#2226),#2230);
#2226 = LINE('',#2227,#2228);
#2227 = CARTESIAN_POINT('',(6.28318530718,-0.));
#2228 = VECTOR('',#2229,1.);
#2229 = DIRECTION('',(0.,1.));
#2230 = ( GEOMETRIC_REPRESENTATION_CONTEXT(2) 
PARAMETRIC_REPRESENTATION_CONTEXT() REPRESENTATION_CONTEXT('2D SPACE',''
  ) );
#2231 = PCURVE('',#2192,#2232);
#2232 = DEFINITIONAL_REPRESENTATION('',(#2233),#2237);
#2233 = LINE('',#2234,#2235);
#2234 = CARTESIAN_POINT('',(0.,-0.));
#2235 = VECTOR('',#2236,1.);
#2236 = DIRECTION('',(0.,1.));
#2237 = ( GEOMETRIC_REPRESENTATION_CONTEXT(2) 
PARAMETRIC_REPRESENTATION_CONTEXT() REPRESENTATION_CONTEXT('2D SPACE',''
  ) );
#2238 = ORIENTED_EDGE('',*,*,#2239,.T.);
#2239 = EDGE_CURVE('',#2217,#2217,#2240,.T.);
#2240 = SURFACE_CURVE('',#2241,(#2246,#2253),.PCURVE_S1.);
#2241 = CIRCLE('',#2242,58.);
#2242 = AXIS2_PLACEMENT_3D('',#2243,#2244,#2245);
#2243 = CARTESIAN_POINT('',(0.,0.,0.));
#2244 = DIRECTION('',(0.,0.,1.));
#2245 = DIRECTION('',(1.,0.,-0.));
#2246 = PCURVE('',#2192,#2247);
#2247 = DEFINITIONAL_REPRESENTATION('',(#2248),#2252);
#2248 = LINE('',#2249,#2250);
#2249 = CARTESIAN_POINT('',(0.,0.));
#2250 = VECTOR('',#2251,1.);
#2251 = DIRECTION('',(1.,0.));
#2252 = ( GEOMETRIC_REPRESENTATION_CONTEXT(2) 
PARAMETRIC_REPRESENTATION_CONTEXT() REPRESENTATION_CONTEXT('2D SPACE',''
  ) );
#2253 = PCURVE('',#2254,#2259);
#2254 = PLANE('',#2255);
#2255 = AXIS2_PLACEMENT_3D('',#2256,#2257,#2258);
#2256 = CARTESIAN_POINT('',(0.,0.,0.));
#2257 = DIRECTION('',(0.,0.,1.));
#2258 = DIRECTION('',(1.,0.,-0.));
#2259 = DEFINITIONAL_REPRESENTATION('',(#2260),#2264);
#2260 = CIRCLE('',#2261,58.);
#2261 = AXIS2_PLACEMENT_2D('',#2262,#2263);
#2262 = CARTESIAN_POINT('',(0.,0.));
#2263 = DIRECTION('',(1.,0.));
#2264 = ( GEOMETRIC_REPRESENTATION_CONTEXT(2) 
PARAMETRIC_REPRESENTATION_CONTEXT() REPRESENTATION_CONTEXT('2D SPACE',''
  ) );
#2265 = ORIENTED_EDGE('',*,*,#2216,.T.);
#2266 = ADVANCED_FACE('',(#2267),#2204,.T.);
#2267 = FACE_BOUND('',#2268,.T.);
#2268 = EDGE_LOOP('',(#2269));
#2269 = ORIENTED_EDGE('',*,*,#2182,.T.);
#2270 = ADVANCED_FACE('',(#2271),#2254,.F.);
#2271 = FACE_BOUND('',#2272,.T.);
#2272 = EDGE_LOOP('',(#2273));
#2273 = ORIENTED_EDGE('',*,*,#2239,.F.);
#2274 = ( GEOMETRIC_REPRESENTATION_CONTEXT(3) 
GLOBAL_UNCERTAINTY_ASSIGNED_CONTEXT((#2278)) 
GLOBAL_UNIT_ASSIGNED_CONTEXT((#2275,#2276,#2277)) REPRESENTATION_CONTEXT
('Context #1','3D Context with UNIT and UNCERTAINTY') );
#2275 = ( LENGTH_UNIT() NAMED_UNIT(*) SI_UNIT(.MILLI.,.METRE.) );
#2276 = ( NAMED_UNIT(*) PLANE_ANGLE_UNIT() SI_UNIT($,.RADIAN.) );
#2277 = ( NAMED_UNIT(*) SI_UNIT($,.STERADIAN.) SOLID_ANGLE_UNIT() );
#2278 = UNCERTAINTY_MEASURE_WITH_UNIT(LENGTH_MEASURE(1.E-07),#2275,
  'distance_accuracy_value','confusion accuracy');
#2279 = CONTEXT_DEPENDENT_SHAPE_REPRESENTATION(#2280,#2282);
#2280 = ( REPRESENTATION_RELATIONSHIP('','',#2175,#2152) 
REPRESENTATION_RELATIONSHIP_WITH_TRANSFORMATION(#2281) 
SHAPE_REPRESENTATION_RELATIONSHIP() );
#2281 = ITEM_DEFINED_TRANSFORMATION('','',#11,#2153);
#2282 = PRODUCT_DEFINITION_SHAPE('Placement','Placement of an item',
  #2283);
#2283 = NEXT_ASSEMBLY_USAGE_OCCURRENCE('95','=>[0:1:1:25]','',#2147,
  #2170,$);
#2284 = PRODUCT_RELATED_PRODUCT_CATEGORY('part',$,(#2172));
#2285 = SHAPE_DEFINITION_REPRESENTATION(#2286,#2292);
#2286 = PRODUCT_DEFINITION_SHAPE('','',#2287);
#2287 = PRODUCT_DEFINITION('design','',#2288,#2291);
#2288 = PRODUCT_DEFINITION_FORMATION('','',#2289);
#2289 = PRODUCT('left_hip_yaw_actuator_stack',
  'left_hip_yaw_actuator_stack','',(#2290));
#2290 = PRODUCT_CONTEXT('',#2,'mechanical');
#2291 = PRODUCT_DEFINITION_CONTEXT('part definition',#2,'design');
#2292 = SHAPE_REPRESENTATION('',(#11,#2293),#2297);
#2293 = AXIS2_PLACEMENT_3D('',#2294,#2295,#2296);
#2294 = CARTESIAN_POINT('',(0.,0.,-37.));
#2295 = DIRECTION('',(0.,0.,1.));
#2296 = DIRECTION('',(1.,0.,0.));
#2297 = ( GEOMETRIC_REPRESENTATION_CONTEXT(3) 
GLOBAL_UNCERTAINTY_ASSIGNED_CONTEXT((#2301)) 
GLOBAL_UNIT_ASSIGNED_CONTEXT((#2298,#2299,#2300)) REPRESENTATION_CONTEXT
('Context #1','3D Context with UNIT and UNCERTAINTY') );
#2298 = ( LENGTH_UNIT() NAMED_UNIT(*) SI_UNIT(.MILLI.,.METRE.) );
#2299 = ( NAMED_UNIT(*) PLANE_ANGLE_UNIT() SI_UNIT($,.RADIAN.) );
#2300 = ( NAMED_UNIT(*) SI_UNIT($,.STERADIAN.) SOLID_ANGLE_UNIT() );
#2301 = UNCERTAINTY_MEASURE_WITH_UNIT(LENGTH_MEASURE(1.E-07),#2298,
  'distance_accuracy_value','confusion accuracy');
#2302 = CONTEXT_DEPENDENT_SHAPE_REPRESENTATION(#2303,#2305);
#2303 = ( REPRESENTATION_RELATIONSHIP('','',#2292,#10) 
REPRESENTATION_RELATIONSHIP_WITH_TRANSFORMATION(#2304) 
SHAPE_REPRESENTATION_RELATIONSHIP() );
#2304 = ITEM_DEFINED_TRANSFORMATION('','',#11,#63);
#2305 = PRODUCT_DEFINITION_SHAPE('Placement','Placement of an item',
  #2306);
#2306 = NEXT_ASSEMBLY_USAGE_OCCURRENCE('98','=>[0:1:1:26]','',#5,#2287,$
  );
#2307 = PRODUCT_RELATED_PRODUCT_CATEGORY('part',$,(#2289));
#2308 = SHAPE_DEFINITION_REPRESENTATION(#2309,#2315);
#2309 = PRODUCT_DEFINITION_SHAPE('','',#2310);
#2310 = PRODUCT_DEFINITION('design','',#2311,#2314);
#2311 = PRODUCT_DEFINITION_FORMATION('','',#2312);
#2312 = PRODUCT('SOLID','SOLID','',(#2313));
#2313 = PRODUCT_CONTEXT('',#2,'mechanical');
#2314 = PRODUCT_DEFINITION_CONTEXT('part definition',#2,'design');
#2315 = ADVANCED_BREP_SHAPE_REPRESENTATION('',(#11,#2316),#2414);
#2316 = MANIFOLD_SOLID_BREP('',#2317);
#2317 = CLOSED_SHELL('',(#2318,#2406,#2410));
#2318 = ADVANCED_FACE('',(#2319),#2332,.T.);
#2319 = FACE_BOUND('',#2320,.T.);
#2320 = EDGE_LOOP('',(#2321,#2355,#2378,#2405));
#2321 = ORIENTED_EDGE('',*,*,#2322,.F.);
#2322 = EDGE_CURVE('',#2323,#2323,#2325,.T.);
#2323 = VERTEX_POINT('',#2324);
#2324 = CARTESIAN_POINT('',(54.,-1.322618543079E-14,74.));
#2325 = SURFACE_CURVE('',#2326,(#2331,#2343),.PCURVE_S1.);
#2326 = CIRCLE('',#2327,54.);
#2327 = AXIS2_PLACEMENT_3D('',#2328,#2329,#2330);
#2328 = CARTESIAN_POINT('',(0.,0.,74.));
#2329 = DIRECTION('',(0.,0.,1.));
#2330 = DIRECTION('',(1.,0.,-0.));
#2331 = PCURVE('',#2332,#2337);
#2332 = CYLINDRICAL_SURFACE('',#2333,54.);
#2333 = AXIS2_PLACEMENT_3D('',#2334,#2335,#2336);
#2334 = CARTESIAN_POINT('',(0.,0.,0.));
#2335 = DIRECTION('',(0.,0.,1.));
#2336 = DIRECTION('',(1.,0.,-0.));
#2337 = DEFINITIONAL_REPRESENTATION('',(#2338),#2342);
#2338 = LINE('',#2339,#2340);
#2339 = CARTESIAN_POINT('',(0.,74.));
#2340 = VECTOR('',#2341,1.);
#2341 = DIRECTION('',(1.,0.));
#2342 = ( GEOMETRIC_REPRESENTATION_CONTEXT(2) 
PARAMETRIC_REPRESENTATION_CONTEXT() REPRESENTATION_CONTEXT('2D SPACE',''
  ) );
#2343 = PCURVE('',#2344,#2349);
#2344 = PLANE('',#2345);
#2345 = AXIS2_PLACEMENT_3D('',#2346,#2347,#2348);
#2346 = CARTESIAN_POINT('',(0.,0.,74.));
#2347 = DIRECTION('',(0.,0.,1.));
#2348 = DIRECTION('',(1.,0.,-0.));
#2349 = DEFINITIONAL_REPRESENTATION('',(#2350),#2354);
#2350 = CIRCLE('',#2351,54.);
#2351 = AXIS2_PLACEMENT_2D('',#2352,#2353);
#2352 = CARTESIAN_POINT('',(0.,0.));
#2353 = DIRECTION('',(1.,0.));
#2354 = ( GEOMETRIC_REPRESENTATION_CONTEXT(2) 
PARAMETRIC_REPRESENTATION_CONTEXT() REPRESENTATION_CONTEXT('2D SPACE',''
  ) );
#2355 = ORIENTED_EDGE('',*,*,#2356,.F.);
#2356 = EDGE_CURVE('',#2357,#2323,#2359,.T.);
#2357 = VERTEX_POINT('',#2358);
#2358 = CARTESIAN_POINT('',(54.,-1.322618543079E-14,0.));
#2359 = SEAM_CURVE('',#2360,(#2364,#2371),.PCURVE_S1.);
#2360 = LINE('',#2361,#2362);
#2361 = CARTESIAN_POINT('',(54.,-1.322618543079E-14,0.));
#2362 = VECTOR('',#2363,1.);
#2363 = DIRECTION('',(0.,0.,1.));
#2364 = PCURVE('',#2332,#2365);
#2365 = DEFINITIONAL_REPRESENTATION('',(#2366),#2370);
#2366 = LINE('',#2367,#2368);
#2367 = CARTESIAN_POINT('',(6.28318530718,-0.));
#2368 = VECTOR('',#2369,1.);
#2369 = DIRECTION('',(0.,1.));
#2370 = ( GEOMETRIC_REPRESENTATION_CONTEXT(2) 
PARAMETRIC_REPRESENTATION_CONTEXT() REPRESENTATION_CONTEXT('2D SPACE',''
  ) );
#2371 = PCURVE('',#2332,#2372);
#2372 = DEFINITIONAL_REPRESENTATION('',(#2373),#2377);
#2373 = LINE('',#2374,#2375);
#2374 = CARTESIAN_POINT('',(0.,-0.));
#2375 = VECTOR('',#2376,1.);
#2376 = DIRECTION('',(0.,1.));
#2377 = ( GEOMETRIC_REPRESENTATION_CONTEXT(2) 
PARAMETRIC_REPRESENTATION_CONTEXT() REPRESENTATION_CONTEXT('2D SPACE',''
  ) );
#2378 = ORIENTED_EDGE('',*,*,#2379,.T.);
#2379 = EDGE_CURVE('',#2357,#2357,#2380,.T.);
#2380 = SURFACE_CURVE('',#2381,(#2386,#2393),.PCURVE_S1.);
#2381 = CIRCLE('',#2382,54.);
#2382 = AXIS2_PLACEMENT_3D('',#2383,#2384,#2385);
#2383 = CARTESIAN_POINT('',(0.,0.,0.));
#2384 = DIRECTION('',(0.,0.,1.));
#2385 = DIRECTION('',(1.,0.,-0.));
#2386 = PCURVE('',#2332,#2387);
#2387 = DEFINITIONAL_REPRESENTATION('',(#2388),#2392);
#2388 = LINE('',#2389,#2390);
#2389 = CARTESIAN_POINT('',(0.,0.));
#2390 = VECTOR('',#2391,1.);
#2391 = DIRECTION('',(1.,0.));
#2392 = ( GEOMETRIC_REPRESENTATION_CONTEXT(2) 
PARAMETRIC_REPRESENTATION_CONTEXT() REPRESENTATION_CONTEXT('2D SPACE',''
  ) );
#2393 = PCURVE('',#2394,#2399);
#2394 = PLANE('',#2395);
#2395 = AXIS2_PLACEMENT_3D('',#2396,#2397,#2398);
#2396 = CARTESIAN_POINT('',(0.,0.,0.));
#2397 = DIRECTION('',(0.,0.,1.));
#2398 = DIRECTION('',(1.,0.,-0.));
#2399 = DEFINITIONAL_REPRESENTATION('',(#2400),#2404);
#2400 = CIRCLE('',#2401,54.);
#2401 = AXIS2_PLACEMENT_2D('',#2402,#2403);
#2402 = CARTESIAN_POINT('',(0.,0.));
#2403 = DIRECTION('',(1.,0.));
#2404 = ( GEOMETRIC_REPRESENTATION_CONTEXT(2) 
PARAMETRIC_REPRESENTATION_CONTEXT() REPRESENTATION_CONTEXT('2D SPACE',''
  ) );
#2405 = ORIENTED_EDGE('',*,*,#2356,.T.);
#2406 = ADVANCED_FACE('',(#2407),#2344,.T.);
#2407 = FACE_BOUND('',#2408,.T.);
#2408 = EDGE_LOOP('',(#2409));
#2409 = ORIENTED_EDGE('',*,*,#2322,.T.);
#2410 = ADVANCED_FACE('',(#2411),#2394,.F.);
#2411 = FACE_BOUND('',#2412,.T.);
#2412 = EDGE_LOOP('',(#2413));
#2413 = ORIENTED_EDGE('',*,*,#2379,.F.);
#2414 = ( GEOMETRIC_REPRESENTATION_CONTEXT(3) 
GLOBAL_UNCERTAINTY_ASSIGNED_CONTEXT((#2418)) 
GLOBAL_UNIT_ASSIGNED_CONTEXT((#2415,#2416,#2417)) REPRESENTATION_CONTEXT
('Context #1','3D Context with UNIT and UNCERTAINTY') );
#2415 = ( LENGTH_UNIT() NAMED_UNIT(*) SI_UNIT(.MILLI.,.METRE.) );
#2416 = ( NAMED_UNIT(*) PLANE_ANGLE_UNIT() SI_UNIT($,.RADIAN.) );
#2417 = ( NAMED_UNIT(*) SI_UNIT($,.STERADIAN.) SOLID_ANGLE_UNIT() );
#2418 = UNCERTAINTY_MEASURE_WITH_UNIT(LENGTH_MEASURE(1.E-07),#2415,
  'distance_accuracy_value','confusion accuracy');
#2419 = CONTEXT_DEPENDENT_SHAPE_REPRESENTATION(#2420,#2422);
#2420 = ( REPRESENTATION_RELATIONSHIP('','',#2315,#2292) 
REPRESENTATION_RELATIONSHIP_WITH_TRANSFORMATION(#2421) 
SHAPE_REPRESENTATION_RELATIONSHIP() );
#2421 = ITEM_DEFINED_TRANSFORMATION('','',#11,#2293);
#2422 = PRODUCT_DEFINITION_SHAPE('Placement','Placement of an item',
  #2423);
#2423 = NEXT_ASSEMBLY_USAGE_OCCURRENCE('97','=>[0:1:1:27]','',#2287,
  #2310,$);
#2424 = PRODUCT_RELATED_PRODUCT_CATEGORY('part',$,(#2312));
#2425 = SHAPE_DEFINITION_REPRESENTATION(#2426,#2432);
#2426 = PRODUCT_DEFINITION_SHAPE('','',#2427);
#2427 = PRODUCT_DEFINITION('design','',#2428,#2431);
#2428 = PRODUCT_DEFINITION_FORMATION('','',#2429);
#2429 = PRODUCT('left_ankle_clevis_bridge_to_shin_links',
  'left_ankle_clevis_bridge_to_shin_links','',(#2430));
#2430 = PRODUCT_CONTEXT('',#2,'mechanical');
#2431 = PRODUCT_DEFINITION_CONTEXT('part definition',#2,'design');
#2432 = SHAPE_REPRESENTATION('',(#11,#2433),#2437);
#2433 = AXIS2_PLACEMENT_3D('',#2434,#2435,#2436);
#2434 = CARTESIAN_POINT('',(-63.,-43.,-22.));
#2435 = DIRECTION('',(0.,0.,1.));
#2436 = DIRECTION('',(1.,0.,0.));
#2437 = ( GEOMETRIC_REPRESENTATION_CONTEXT(3) 
GLOBAL_UNCERTAINTY_ASSIGNED_CONTEXT((#2441)) 
GLOBAL_UNIT_ASSIGNED_CONTEXT((#2438,#2439,#2440)) REPRESENTATION_CONTEXT
('Context #1','3D Context with UNIT and UNCERTAINTY') );
#2438 = ( LENGTH_UNIT() NAMED_UNIT(*) SI_UNIT(.MILLI.,.METRE.) );
#2439 = ( NAMED_UNIT(*) PLANE_ANGLE_UNIT() SI_UNIT($,.RADIAN.) );
#2440 = ( NAMED_UNIT(*) SI_UNIT($,.STERADIAN.) SOLID_ANGLE_UNIT() );
#2441 = UNCERTAINTY_MEASURE_WITH_UNIT(LENGTH_MEASURE(1.E-07),#2438,
  'distance_accuracy_value','confusion accuracy');
#2442 = CONTEXT_DEPENDENT_SHAPE_REPRESENTATION(#2443,#2445);
#2443 = ( REPRESENTATION_RELATIONSHIP('','',#2432,#10) 
REPRESENTATION_RELATIONSHIP_WITH_TRANSFORMATION(#2444) 
SHAPE_REPRESENTATION_RELATIONSHIP() );
#2444 = ITEM_DEFINED_TRANSFORMATION('','',#11,#67);
#2445 = PRODUCT_DEFINITION_SHAPE('Placement','Placement of an item',
  #2446);
#2446 = NEXT_ASSEMBLY_USAGE_OCCURRENCE('100','=>[0:1:1:28]','',#5,#2427,
  $);
#2447 = PRODUCT_RELATED_PRODUCT_CATEGORY('part',$,(#2429));
#2448 = SHAPE_DEFINITION_REPRESENTATION(#2449,#2455);
#2449 = PRODUCT_DEFINITION_SHAPE('','',#2450);
#2450 = PRODUCT_DEFINITION('design','',#2451,#2454);
#2451 = PRODUCT_DEFINITION_FORMATION('','',#2452);
#2452 = PRODUCT('SOLID','SOLID','',(#2453));
#2453 = PRODUCT_CONTEXT('',#2,'mechanical');
#2454 = PRODUCT_DEFINITION_CONTEXT('part definition',#2,'design');
#2455 = ADVANCED_BREP_SHAPE_REPRESENTATION('',(#11,#2456),#2786);
#2456 = MANIFOLD_SOLID_BREP('',#2457);
#2457 = CLOSED_SHELL('',(#2458,#2578,#2678,#2725,#2772,#2779));
#2458 = ADVANCED_FACE('',(#2459),#2473,.F.);
#2459 = FACE_BOUND('',#2460,.F.);
#2460 = EDGE_LOOP('',(#2461,#2496,#2524,#2552));
#2461 = ORIENTED_EDGE('',*,*,#2462,.F.);
#2462 = EDGE_CURVE('',#2463,#2465,#2467,.T.);
#2463 = VERTEX_POINT('',#2464);
#2464 = CARTESIAN_POINT('',(0.,0.,0.));
#2465 = VERTEX_POINT('',#2466);
#2466 = CARTESIAN_POINT('',(0.,0.,44.));
#2467 = SURFACE_CURVE('',#2468,(#2472,#2484),.PCURVE_S1.);
#2468 = LINE('',#2469,#2470);
#2469 = CARTESIAN_POINT('',(0.,0.,0.));
#2470 = VECTOR('',#2471,1.);
#2471 = DIRECTION('',(0.,0.,1.));
#2472 = PCURVE('',#2473,#2478);
#2473 = PLANE('',#2474);
#2474 = AXIS2_PLACEMENT_3D('',#2475,#2476,#2477);
#2475 = CARTESIAN_POINT('',(0.,0.,0.));
#2476 = DIRECTION('',(1.,0.,-0.));
#2477 = DIRECTION('',(0.,0.,1.));
#2478 = DEFINITIONAL_REPRESENTATION('',(#2479),#2483);
#2479 = LINE('',#2480,#2481);
#2480 = CARTESIAN_POINT('',(0.,0.));
#2481 = VECTOR('',#2482,1.);
#2482 = DIRECTION('',(1.,0.));
#2483 = ( GEOMETRIC_REPRESENTATION_CONTEXT(2) 
PARAMETRIC_REPRESENTATION_CONTEXT() REPRESENTATION_CONTEXT('2D SPACE',''
  ) );
#2484 = PCURVE('',#2485,#2490);
#2485 = PLANE('',#2486);
#2486 = AXIS2_PLACEMENT_3D('',#2487,#2488,#2489);
#2487 = CARTESIAN_POINT('',(0.,0.,0.));
#2488 = DIRECTION('',(-0.,1.,0.));
#2489 = DIRECTION('',(0.,0.,1.));
#2490 = DEFINITIONAL_REPRESENTATION('',(#2491),#2495);
#2491 = LINE('',#2492,#2493);
#2492 = CARTESIAN_POINT('',(0.,0.));
#2493 = VECTOR('',#2494,1.);
#2494 = DIRECTION('',(1.,0.));
#2495 = ( GEOMETRIC_REPRESENTATION_CONTEXT(2) 
PARAMETRIC_REPRESENTATION_CONTEXT() REPRESENTATION_CONTEXT('2D SPACE',''
  ) );
#2496 = ORIENTED_EDGE('',*,*,#2497,.T.);
#2497 = EDGE_CURVE('',#2463,#2498,#2500,.T.);
#2498 = VERTEX_POINT('',#2499);
#2499 = CARTESIAN_POINT('',(0.,86.,0.));
#2500 = SURFACE_CURVE('',#2501,(#2505,#2512),.PCURVE_S1.);
#2501 = LINE('',#2502,#2503);
#2502 = CARTESIAN_POINT('',(0.,0.,0.));
#2503 = VECTOR('',#2504,1.);
#2504 = DIRECTION('',(-0.,1.,0.));
#2505 = PCURVE('',#2473,#2506);
#2506 = DEFINITIONAL_REPRESENTATION('',(#2507),#2511);
#2507 = LINE('',#2508,#2509);
#2508 = CARTESIAN_POINT('',(0.,0.));
#2509 = VECTOR('',#2510,1.);
#2510 = DIRECTION('',(0.,-1.));
#2511 = ( GEOMETRIC_REPRESENTATION_CONTEXT(2) 
PARAMETRIC_REPRESENTATION_CONTEXT() REPRESENTATION_CONTEXT('2D SPACE',''
  ) );
#2512 = PCURVE('',#2513,#2518);
#2513 = PLANE('',#2514);
#2514 = AXIS2_PLACEMENT_3D('',#2515,#2516,#2517);
#2515 = CARTESIAN_POINT('',(0.,0.,0.));
#2516 = DIRECTION('',(0.,0.,1.));
#2517 = DIRECTION('',(1.,0.,-0.));
#2518 = DEFINITIONAL_REPRESENTATION('',(#2519),#2523);
#2519 = LINE('',#2520,#2521);
#2520 = CARTESIAN_POINT('',(0.,0.));
#2521 = VECTOR('',#2522,1.);
#2522 = DIRECTION('',(0.,1.));
#2523 = ( GEOMETRIC_REPRESENTATION_CONTEXT(2) 
PARAMETRIC_REPRESENTATION_CONTEXT() REPRESENTATION_CONTEXT('2D SPACE',''
  ) );
#2524 = ORIENTED_EDGE('',*,*,#2525,.T.);
#2525 = EDGE_CURVE('',#2498,#2526,#2528,.T.);
#2526 = VERTEX_POINT('',#2527);
#2527 = CARTESIAN_POINT('',(0.,86.,44.));
#2528 = SURFACE_CURVE('',#2529,(#2533,#2540),.PCURVE_S1.);
#2529 = LINE('',#2530,#2531);
#2530 = CARTESIAN_POINT('',(0.,86.,0.));
#2531 = VECTOR('',#2532,1.);
#2532 = DIRECTION('',(0.,0.,1.));
#2533 = PCURVE('',#2473,#2534);
#2534 = DEFINITIONAL_REPRESENTATION('',(#2535),#2539);
#2535 = LINE('',#2536,#2537);
#2536 = CARTESIAN_POINT('',(0.,-86.));
#2537 = VECTOR('',#2538,1.);
#2538 = DIRECTION('',(1.,0.));
#2539 = ( GEOMETRIC_REPRESENTATION_CONTEXT(2) 
PARAMETRIC_REPRESENTATION_CONTEXT() REPRESENTATION_CONTEXT('2D SPACE',''
  ) );
#2540 = PCURVE('',#2541,#2546);
#2541 = PLANE('',#2542);
#2542 = AXIS2_PLACEMENT_3D('',#2543,#2544,#2545);
#2543 = CARTESIAN_POINT('',(0.,86.,0.));
#2544 = DIRECTION('',(-0.,1.,0.));
#2545 = DIRECTION('',(0.,0.,1.));
#2546 = DEFINITIONAL_REPRESENTATION('',(#2547),#2551);
#2547 = LINE('',#2548,#2549);
#2548 = CARTESIAN_POINT('',(0.,0.));
#2549 = VECTOR('',#2550,1.);
#2550 = DIRECTION('',(1.,0.));
#2551 = ( GEOMETRIC_REPRESENTATION_CONTEXT(2) 
PARAMETRIC_REPRESENTATION_CONTEXT() REPRESENTATION_CONTEXT('2D SPACE',''
  ) );
#2552 = ORIENTED_EDGE('',*,*,#2553,.F.);
#2553 = EDGE_CURVE('',#2465,#2526,#2554,.T.);
#2554 = SURFACE_CURVE('',#2555,(#2559,#2566),.PCURVE_S1.);
#2555 = LINE('',#2556,#2557);
#2556 = CARTESIAN_POINT('',(0.,0.,44.));
#2557 = VECTOR('',#2558,1.);
#2558 = DIRECTION('',(-0.,1.,0.));
#2559 = PCURVE('',#2473,#2560);
#2560 = DEFINITIONAL_REPRESENTATION('',(#2561),#2565);
#2561 = LINE('',#2562,#2563);
#2562 = CARTESIAN_POINT('',(44.,0.));
#2563 = VECTOR('',#2564,1.);
#2564 = DIRECTION('',(0.,-1.));
#2565 = ( GEOMETRIC_REPRESENTATION_CONTEXT(2) 
PARAMETRIC_REPRESENTATION_CONTEXT() REPRESENTATION_CONTEXT('2D SPACE',''
  ) );
#2566 = PCURVE('',#2567,#2572);
#2567 = PLANE('',#2568);
#2568 = AXIS2_PLACEMENT_3D('',#2569,#2570,#2571);
#2569 = CARTESIAN_POINT('',(0.,0.,44.));
#2570 = DIRECTION('',(0.,0.,1.));
#2571 = DIRECTION('',(1.,0.,-0.));
#2572 = DEFINITIONAL_REPRESENTATION('',(#2573),#2577);
#2573 = LINE('',#2574,#2575);
#2574 = CARTESIAN_POINT('',(0.,0.));
#2575 = VECTOR('',#2576,1.);
#2576 = DIRECTION('',(0.,1.));
#2577 = ( GEOMETRIC_REPRESENTATION_CONTEXT(2) 
PARAMETRIC_REPRESENTATION_CONTEXT() REPRESENTATION_CONTEXT('2D SPACE',''
  ) );
#2578 = ADVANCED_FACE('',(#2579),#2593,.T.);
#2579 = FACE_BOUND('',#2580,.T.);
#2580 = EDGE_LOOP('',(#2581,#2611,#2634,#2657));
#2581 = ORIENTED_EDGE('',*,*,#2582,.F.);
#2582 = EDGE_CURVE('',#2583,#2585,#2587,.T.);
#2583 = VERTEX_POINT('',#2584);
#2584 = CARTESIAN_POINT('',(126.,0.,0.));
#2585 = VERTEX_POINT('',#2586);
#2586 = CARTESIAN_POINT('',(126.,0.,44.));
#2587 = SURFACE_CURVE('',#2588,(#2592,#2604),.PCURVE_S1.);
#2588 = LINE('',#2589,#2590);
#2589 = CARTESIAN_POINT('',(126.,0.,0.));
#2590 = VECTOR('',#2591,1.);
#2591 = DIRECTION('',(0.,0.,1.));
#2592 = PCURVE('',#2593,#2598);
#2593 = PLANE('',#2594);
#2594 = AXIS2_PLACEMENT_3D('',#2595,#2596,#2597);
#2595 = CARTESIAN_POINT('',(126.,0.,0.));
#2596 = DIRECTION('',(1.,0.,-0.));
#2597 = DIRECTION('',(0.,0.,1.));
#2598 = DEFINITIONAL_REPRESENTATION('',(#2599),#2603);
#2599 = LINE('',#2600,#2601);
#2600 = CARTESIAN_POINT('',(0.,0.));
#2601 = VECTOR('',#2602,1.);
#2602 = DIRECTION('',(1.,0.));
#2603 = ( GEOMETRIC_REPRESENTATION_CONTEXT(2) 
PARAMETRIC_REPRESENTATION_CONTEXT() REPRESENTATION_CONTEXT('2D SPACE',''
  ) );
#2604 = PCURVE('',#2485,#2605);
#2605 = DEFINITIONAL_REPRESENTATION('',(#2606),#2610);
#2606 = LINE('',#2607,#2608);
#2607 = CARTESIAN_POINT('',(0.,126.));
#2608 = VECTOR('',#2609,1.);
#2609 = DIRECTION('',(1.,0.));
#2610 = ( GEOMETRIC_REPRESENTATION_CONTEXT(2) 
PARAMETRIC_REPRESENTATION_CONTEXT() REPRESENTATION_CONTEXT('2D SPACE',''
  ) );
#2611 = ORIENTED_EDGE('',*,*,#2612,.T.);
#2612 = EDGE_CURVE('',#2583,#2613,#2615,.T.);
#2613 = VERTEX_POINT('',#2614);
#2614 = CARTESIAN_POINT('',(126.,86.,0.));
#2615 = SURFACE_CURVE('',#2616,(#2620,#2627),.PCURVE_S1.);
#2616 = LINE('',#2617,#2618);
#2617 = CARTESIAN_POINT('',(126.,0.,0.));
#2618 = VECTOR('',#2619,1.);
#2619 = DIRECTION('',(-0.,1.,0.));
#2620 = PCURVE('',#2593,#2621);
#2621 = DEFINITIONAL_REPRESENTATION('',(#2622),#2626);
#2622 = LINE('',#2623,#2624);
#2623 = CARTESIAN_POINT('',(0.,0.));
#2624 = VECTOR('',#2625,1.);
#2625 = DIRECTION('',(0.,-1.));
#2626 = ( GEOMETRIC_REPRESENTATION_CONTEXT(2) 
PARAMETRIC_REPRESENTATION_CONTEXT() REPRESENTATION_CONTEXT('2D SPACE',''
  ) );
#2627 = PCURVE('',#2513,#2628);
#2628 = DEFINITIONAL_REPRESENTATION('',(#2629),#2633);
#2629 = LINE('',#2630,#2631);
#2630 = CARTESIAN_POINT('',(126.,0.));
#2631 = VECTOR('',#2632,1.);
#2632 = DIRECTION('',(0.,1.));
#2633 = ( GEOMETRIC_REPRESENTATION_CONTEXT(2) 
PARAMETRIC_REPRESENTATION_CONTEXT() REPRESENTATION_CONTEXT('2D SPACE',''
  ) );
#2634 = ORIENTED_EDGE('',*,*,#2635,.T.);
#2635 = EDGE_CURVE('',#2613,#2636,#2638,.T.);
#2636 = VERTEX_POINT('',#2637);
#2637 = CARTESIAN_POINT('',(126.,86.,44.));
#2638 = SURFACE_CURVE('',#2639,(#2643,#2650),.PCURVE_S1.);
#2639 = LINE('',#2640,#2641);
#2640 = CARTESIAN_POINT('',(126.,86.,0.));
#2641 = VECTOR('',#2642,1.);
#2642 = DIRECTION('',(0.,0.,1.));
#2643 = PCURVE('',#2593,#2644);
#2644 = DEFINITIONAL_REPRESENTATION('',(#2645),#2649);
#2645 = LINE('',#2646,#2647);
#2646 = CARTESIAN_POINT('',(0.,-86.));
#2647 = VECTOR('',#2648,1.);
#2648 = DIRECTION('',(1.,0.));
#2649 = ( GEOMETRIC_REPRESENTATION_CONTEXT(2) 
PARAMETRIC_REPRESENTATION_CONTEXT() REPRESENTATION_CONTEXT('2D SPACE',''
  ) );
#2650 = PCURVE('',#2541,#2651);
#2651 = DEFINITIONAL_REPRESENTATION('',(#2652),#2656);
#2652 = LINE('',#2653,#2654);
#2653 = CARTESIAN_POINT('',(0.,126.));
#2654 = VECTOR('',#2655,1.);
#2655 = DIRECTION('',(1.,0.));
#2656 = ( GEOMETRIC_REPRESENTATION_CONTEXT(2) 
PARAMETRIC_REPRESENTATION_CONTEXT() REPRESENTATION_CONTEXT('2D SPACE',''
  ) );
#2657 = ORIENTED_EDGE('',*,*,#2658,.F.);
#2658 = EDGE_CURVE('',#2585,#2636,#2659,.T.);
#2659 = SURFACE_CURVE('',#2660,(#2664,#2671),.PCURVE_S1.);
#2660 = LINE('',#2661,#2662);
#2661 = CARTESIAN_POINT('',(126.,0.,44.));
#2662 = VECTOR('',#2663,1.);
#2663 = DIRECTION('',(-0.,1.,0.));
#2664 = PCURVE('',#2593,#2665);
#2665 = DEFINITIONAL_REPRESENTATION('',(#2666),#2670);
#2666 = LINE('',#2667,#2668);
#2667 = CARTESIAN_POINT('',(44.,0.));
#2668 = VECTOR('',#2669,1.);
#2669 = DIRECTION('',(0.,-1.));
#2670 = ( GEOMETRIC_REPRESENTATION_CONTEXT(2) 
PARAMETRIC_REPRESENTATION_CONTEXT() REPRESENTATION_CONTEXT('2D SPACE',''
  ) );
#2671 = PCURVE('',#2567,#2672);
#2672 = DEFINITIONAL_REPRESENTATION('',(#2673),#2677);
#2673 = LINE('',#2674,#2675);
#2674 = CARTESIAN_POINT('',(126.,0.));
#2675 = VECTOR('',#2676,1.);
#2676 = DIRECTION('',(0.,1.));
#2677 = ( GEOMETRIC_REPRESENTATION_CONTEXT(2) 
PARAMETRIC_REPRESENTATION_CONTEXT() REPRESENTATION_CONTEXT('2D SPACE',''
  ) );
#2678 = ADVANCED_FACE('',(#2679),#2485,.F.);
#2679 = FACE_BOUND('',#2680,.F.);
#2680 = EDGE_LOOP('',(#2681,#2702,#2703,#2724));
#2681 = ORIENTED_EDGE('',*,*,#2682,.F.);
#2682 = EDGE_CURVE('',#2463,#2583,#2683,.T.);
#2683 = SURFACE_CURVE('',#2684,(#2688,#2695),.PCURVE_S1.);
#2684 = LINE('',#2685,#2686);
#2685 = CARTESIAN_POINT('',(0.,0.,0.));
#2686 = VECTOR('',#2687,1.);
#2687 = DIRECTION('',(1.,0.,-0.));
#2688 = PCURVE('',#2485,#2689);
#2689 = DEFINITIONAL_REPRESENTATION('',(#2690),#2694);
#2690 = LINE('',#2691,#2692);
#2691 = CARTESIAN_POINT('',(0.,0.));
#2692 = VECTOR('',#2693,1.);
#2693 = DIRECTION('',(0.,1.));
#2694 = ( GEOMETRIC_REPRESENTATION_CONTEXT(2) 
PARAMETRIC_REPRESENTATION_CONTEXT() REPRESENTATION_CONTEXT('2D SPACE',''
  ) );
#2695 = PCURVE('',#2513,#2696);
#2696 = DEFINITIONAL_REPRESENTATION('',(#2697),#2701);
#2697 = LINE('',#2698,#2699);
#2698 = CARTESIAN_POINT('',(0.,0.));
#2699 = VECTOR('',#2700,1.);
#2700 = DIRECTION('',(1.,0.));
#2701 = ( GEOMETRIC_REPRESENTATION_CONTEXT(2) 
PARAMETRIC_REPRESENTATION_CONTEXT() REPRESENTATION_CONTEXT('2D SPACE',''
  ) );
#2702 = ORIENTED_EDGE('',*,*,#2462,.T.);
#2703 = ORIENTED_EDGE('',*,*,#2704,.T.);
#2704 = EDGE_CURVE('',#2465,#2585,#2705,.T.);
#2705 = SURFACE_CURVE('',#2706,(#2710,#2717),.PCURVE_S1.);
#2706 = LINE('',#2707,#2708);
#2707 = CARTESIAN_POINT('',(0.,0.,44.));
#2708 = VECTOR('',#2709,1.);
#2709 = DIRECTION('',(1.,0.,-0.));
#2710 = PCURVE('',#2485,#2711);
#2711 = DEFINITIONAL_REPRESENTATION('',(#2712),#2716);
#2712 = LINE('',#2713,#2714);
#2713 = CARTESIAN_POINT('',(44.,0.));
#2714 = VECTOR('',#2715,1.);
#2715 = DIRECTION('',(0.,1.));
#2716 = ( GEOMETRIC_REPRESENTATION_CONTEXT(2) 
PARAMETRIC_REPRESENTATION_CONTEXT() REPRESENTATION_CONTEXT('2D SPACE',''
  ) );
#2717 = PCURVE('',#2567,#2718);
#2718 = DEFINITIONAL_REPRESENTATION('',(#2719),#2723);
#2719 = LINE('',#2720,#2721);
#2720 = CARTESIAN_POINT('',(0.,0.));
#2721 = VECTOR('',#2722,1.);
#2722 = DIRECTION('',(1.,0.));
#2723 = ( GEOMETRIC_REPRESENTATION_CONTEXT(2) 
PARAMETRIC_REPRESENTATION_CONTEXT() REPRESENTATION_CONTEXT('2D SPACE',''
  ) );
#2724 = ORIENTED_EDGE('',*,*,#2582,.F.);
#2725 = ADVANCED_FACE('',(#2726),#2541,.T.);
#2726 = FACE_BOUND('',#2727,.T.);
#2727 = EDGE_LOOP('',(#2728,#2749,#2750,#2771));
#2728 = ORIENTED_EDGE('',*,*,#2729,.F.);
#2729 = EDGE_CURVE('',#2498,#2613,#2730,.T.);
#2730 = SURFACE_CURVE('',#2731,(#2735,#2742),.PCURVE_S1.);
#2731 = LINE('',#2732,#2733);
#2732 = CARTESIAN_POINT('',(0.,86.,0.));
#2733 = VECTOR('',#2734,1.);
#2734 = DIRECTION('',(1.,0.,-0.));
#2735 = PCURVE('',#2541,#2736);
#2736 = DEFINITIONAL_REPRESENTATION('',(#2737),#2741);
#2737 = LINE('',#2738,#2739);
#2738 = CARTESIAN_POINT('',(0.,0.));
#2739 = VECTOR('',#2740,1.);
#2740 = DIRECTION('',(0.,1.));
#2741 = ( GEOMETRIC_REPRESENTATION_CONTEXT(2) 
PARAMETRIC_REPRESENTATION_CONTEXT() REPRESENTATION_CONTEXT('2D SPACE',''
  ) );
#2742 = PCURVE('',#2513,#2743);
#2743 = DEFINITIONAL_REPRESENTATION('',(#2744),#2748);
#2744 = LINE('',#2745,#2746);
#2745 = CARTESIAN_POINT('',(0.,86.));
#2746 = VECTOR('',#2747,1.);
#2747 = DIRECTION('',(1.,0.));
#2748 = ( GEOMETRIC_REPRESENTATION_CONTEXT(2) 
PARAMETRIC_REPRESENTATION_CONTEXT() REPRESENTATION_CONTEXT('2D SPACE',''
  ) );
#2749 = ORIENTED_EDGE('',*,*,#2525,.T.);
#2750 = ORIENTED_EDGE('',*,*,#2751,.T.);
#2751 = EDGE_CURVE('',#2526,#2636,#2752,.T.);
#2752 = SURFACE_CURVE('',#2753,(#2757,#2764),.PCURVE_S1.);
#2753 = LINE('',#2754,#2755);
#2754 = CARTESIAN_POINT('',(0.,86.,44.));
#2755 = VECTOR('',#2756,1.);
#2756 = DIRECTION('',(1.,0.,-0.));
#2757 = PCURVE('',#2541,#2758);
#2758 = DEFINITIONAL_REPRESENTATION('',(#2759),#2763);
#2759 = LINE('',#2760,#2761);
#2760 = CARTESIAN_POINT('',(44.,0.));
#2761 = VECTOR('',#2762,1.);
#2762 = DIRECTION('',(0.,1.));
#2763 = ( GEOMETRIC_REPRESENTATION_CONTEXT(2) 
PARAMETRIC_REPRESENTATION_CONTEXT() REPRESENTATION_CONTEXT('2D SPACE',''
  ) );
#2764 = PCURVE('',#2567,#2765);
#2765 = DEFINITIONAL_REPRESENTATION('',(#2766),#2770);
#2766 = LINE('',#2767,#2768);
#2767 = CARTESIAN_POINT('',(0.,86.));
#2768 = VECTOR('',#2769,1.);
#2769 = DIRECTION('',(1.,0.));
#2770 = ( GEOMETRIC_REPRESENTATION_CONTEXT(2) 
PARAMETRIC_REPRESENTATION_CONTEXT() REPRESENTATION_CONTEXT('2D SPACE',''
  ) );
#2771 = ORIENTED_EDGE('',*,*,#2635,.F.);
#2772 = ADVANCED_FACE('',(#2773),#2513,.F.);
#2773 = FACE_BOUND('',#2774,.F.);
#2774 = EDGE_LOOP('',(#2775,#2776,#2777,#2778));
#2775 = ORIENTED_EDGE('',*,*,#2497,.F.);
#2776 = ORIENTED_EDGE('',*,*,#2682,.T.);
#2777 = ORIENTED_EDGE('',*,*,#2612,.T.);
#2778 = ORIENTED_EDGE('',*,*,#2729,.F.);
#2779 = ADVANCED_FACE('',(#2780),#2567,.T.);
#2780 = FACE_BOUND('',#2781,.T.);
#2781 = EDGE_LOOP('',(#2782,#2783,#2784,#2785));
#2782 = ORIENTED_EDGE('',*,*,#2553,.F.);
#2783 = ORIENTED_EDGE('',*,*,#2704,.T.);
#2784 = ORIENTED_EDGE('',*,*,#2658,.T.);
#2785 = ORIENTED_EDGE('',*,*,#2751,.F.);
#2786 = ( GEOMETRIC_REPRESENTATION_CONTEXT(3) 
GLOBAL_UNCERTAINTY_ASSIGNED_CONTEXT((#2790)) 
GLOBAL_UNIT_ASSIGNED_CONTEXT((#2787,#2788,#2789)) REPRESENTATION_CONTEXT
('Context #1','3D Context with UNIT and UNCERTAINTY') );
#2787 = ( LENGTH_UNIT() NAMED_UNIT(*) SI_UNIT(.MILLI.,.METRE.) );
#2788 = ( NAMED_UNIT(*) PLANE_ANGLE_UNIT() SI_UNIT($,.RADIAN.) );
#2789 = ( NAMED_UNIT(*) SI_UNIT($,.STERADIAN.) SOLID_ANGLE_UNIT() );
#2790 = UNCERTAINTY_MEASURE_WITH_UNIT(LENGTH_MEASURE(1.E-07),#2787,
  'distance_accuracy_value','confusion accuracy');
#2791 = CONTEXT_DEPENDENT_SHAPE_REPRESENTATION(#2792,#2794);
#2792 = ( REPRESENTATION_RELATIONSHIP('','',#2455,#2432) 
REPRESENTATION_RELATIONSHIP_WITH_TRANSFORMATION(#2793) 
SHAPE_REPRESENTATION_RELATIONSHIP() );
#2793 = ITEM_DEFINED_TRANSFORMATION('','',#11,#2433);
#2794 = PRODUCT_DEFINITION_SHAPE('Placement','Placement of an item',
  #2795);
#2795 = NEXT_ASSEMBLY_USAGE_OCCURRENCE('99','=>[0:1:1:29]','',#2427,
  #2450,$);
#2796 = PRODUCT_RELATED_PRODUCT_CATEGORY('part',$,(#2452));
#2797 = SHAPE_DEFINITION_REPRESENTATION(#2798,#2804);
#2798 = PRODUCT_DEFINITION_SHAPE('','',#2799);
#2799 = PRODUCT_DEFINITION('design','',#2800,#2803);
#2800 = PRODUCT_DEFINITION_FORMATION('','',#2801);
#2801 = PRODUCT('left_knee_clevis_bridge_between_links',
  'left_knee_clevis_bridge_between_links','',(#2802));
#2802 = PRODUCT_CONTEXT('',#2,'mechanical');
#2803 = PRODUCT_DEFINITION_CONTEXT('part definition',#2,'design');
#2804 = SHAPE_REPRESENTATION('',(#11,#2805),#2809);
#2805 = AXIS2_PLACEMENT_3D('',#2806,#2807,#2808);
#2806 = CARTESIAN_POINT('',(-74.,-46.,-27.));
#2807 = DIRECTION('',(0.,0.,1.));
#2808 = DIRECTION('',(1.,0.,0.));
#2809 = ( GEOMETRIC_REPRESENTATION_CONTEXT(3) 
GLOBAL_UNCERTAINTY_ASSIGNED_CONTEXT((#2813)) 
GLOBAL_UNIT_ASSIGNED_CONTEXT((#2810,#2811,#2812)) REPRESENTATION_CONTEXT
('Context #1','3D Context with UNIT and UNCERTAINTY') );
#2810 = ( LENGTH_UNIT() NAMED_UNIT(*) SI_UNIT(.MILLI.,.METRE.) );
#2811 = ( NAMED_UNIT(*) PLANE_ANGLE_UNIT() SI_UNIT($,.RADIAN.) );
#2812 = ( NAMED_UNIT(*) SI_UNIT($,.STERADIAN.) SOLID_ANGLE_UNIT() );
#2813 = UNCERTAINTY_MEASURE_WITH_UNIT(LENGTH_MEASURE(1.E-07),#2810,
  'distance_accuracy_value','confusion accuracy');
#2814 = CONTEXT_DEPENDENT_SHAPE_REPRESENTATION(#2815,#2817);
#2815 = ( REPRESENTATION_RELATIONSHIP('','',#2804,#10) 
REPRESENTATION_RELATIONSHIP_WITH_TRANSFORMATION(#2816) 
SHAPE_REPRESENTATION_RELATIONSHIP() );
#2816 = ITEM_DEFINED_TRANSFORMATION('','',#11,#71);
#2817 = PRODUCT_DEFINITION_SHAPE('Placement','Placement of an item',
  #2818);
#2818 = NEXT_ASSEMBLY_USAGE_OCCURRENCE('102','=>[0:1:1:30]','',#5,#2799,
  $);
#2819 = PRODUCT_RELATED_PRODUCT_CATEGORY('part',$,(#2801));
#2820 = SHAPE_DEFINITION_REPRESENTATION(#2821,#2827);
#2821 = PRODUCT_DEFINITION_SHAPE('','',#2822);
#2822 = PRODUCT_DEFINITION('design','',#2823,#2826);
#2823 = PRODUCT_DEFINITION_FORMATION('','',#2824);
#2824 = PRODUCT('SOLID','SOLID','',(#2825));
#2825 = PRODUCT_CONTEXT('',#2,'mechanical');
#2826 = PRODUCT_DEFINITION_CONTEXT('part definition',#2,'design');
#2827 = ADVANCED_BREP_SHAPE_REPRESENTATION('',(#11,#2828),#3158);
#2828 = MANIFOLD_SOLID_BREP('',#2829);
#2829 = CLOSED_SHELL('',(#2830,#2950,#3050,#3097,#3144,#3151));
#2830 = ADVANCED_FACE('',(#2831),#2845,.F.);
#2831 = FACE_BOUND('',#2832,.F.);
#2832 = EDGE_LOOP('',(#2833,#2868,#2896,#2924));
#2833 = ORIENTED_EDGE('',*,*,#2834,.F.);
#2834 = EDGE_CURVE('',#2835,#2837,#2839,.T.);
#2835 = VERTEX_POINT('',#2836);
#2836 = CARTESIAN_POINT('',(0.,0.,0.));
#2837 = VERTEX_POINT('',#2838);
#2838 = CARTESIAN_POINT('',(0.,0.,54.));
#2839 = SURFACE_CURVE('',#2840,(#2844,#2856),.PCURVE_S1.);
#2840 = LINE('',#2841,#2842);
#2841 = CARTESIAN_POINT('',(0.,0.,0.));
#2842 = VECTOR('',#2843,1.);
#2843 = DIRECTION('',(0.,0.,1.));
#2844 = PCURVE('',#2845,#2850);
#2845 = PLANE('',#2846);
#2846 = AXIS2_PLACEMENT_3D('',#2847,#2848,#2849);
#2847 = CARTESIAN_POINT('',(0.,0.,0.));
#2848 = DIRECTION('',(1.,0.,-0.));
#2849 = DIRECTION('',(0.,0.,1.));
#2850 = DEFINITIONAL_REPRESENTATION('',(#2851),#2855);
#2851 = LINE('',#2852,#2853);
#2852 = CARTESIAN_POINT('',(0.,0.));
#2853 = VECTOR('',#2854,1.);
#2854 = DIRECTION('',(1.,0.));
#2855 = ( GEOMETRIC_REPRESENTATION_CONTEXT(2) 
PARAMETRIC_REPRESENTATION_CONTEXT() REPRESENTATION_CONTEXT('2D SPACE',''
  ) );
#2856 = PCURVE('',#2857,#2862);
#2857 = PLANE('',#2858);
#2858 = AXIS2_PLACEMENT_3D('',#2859,#2860,#2861);
#2859 = CARTESIAN_POINT('',(0.,0.,0.));
#2860 = DIRECTION('',(-0.,1.,0.));
#2861 = DIRECTION('',(0.,0.,1.));
#2862 = DEFINITIONAL_REPRESENTATION('',(#2863),#2867);
#2863 = LINE('',#2864,#2865);
#2864 = CARTESIAN_POINT('',(0.,0.));
#2865 = VECTOR('',#2866,1.);
#2866 = DIRECTION('',(1.,0.));
#2867 = ( GEOMETRIC_REPRESENTATION_CONTEXT(2) 
PARAMETRIC_REPRESENTATION_CONTEXT() REPRESENTATION_CONTEXT('2D SPACE',''
  ) );
#2868 = ORIENTED_EDGE('',*,*,#2869,.T.);
#2869 = EDGE_CURVE('',#2835,#2870,#2872,.T.);
#2870 = VERTEX_POINT('',#2871);
#2871 = CARTESIAN_POINT('',(0.,92.,0.));
#2872 = SURFACE_CURVE('',#2873,(#2877,#2884),.PCURVE_S1.);
#2873 = LINE('',#2874,#2875);
#2874 = CARTESIAN_POINT('',(0.,0.,0.));
#2875 = VECTOR('',#2876,1.);
#2876 = DIRECTION('',(-0.,1.,0.));
#2877 = PCURVE('',#2845,#2878);
#2878 = DEFINITIONAL_REPRESENTATION('',(#2879),#2883);
#2879 = LINE('',#2880,#2881);
#2880 = CARTESIAN_POINT('',(0.,0.));
#2881 = VECTOR('',#2882,1.);
#2882 = DIRECTION('',(0.,-1.));
#2883 = ( GEOMETRIC_REPRESENTATION_CONTEXT(2) 
PARAMETRIC_REPRESENTATION_CONTEXT() REPRESENTATION_CONTEXT('2D SPACE',''
  ) );
#2884 = PCURVE('',#2885,#2890);
#2885 = PLANE('',#2886);
#2886 = AXIS2_PLACEMENT_3D('',#2887,#2888,#2889);
#2887 = CARTESIAN_POINT('',(0.,0.,0.));
#2888 = DIRECTION('',(0.,0.,1.));
#2889 = DIRECTION('',(1.,0.,-0.));
#2890 = DEFINITIONAL_REPRESENTATION('',(#2891),#2895);
#2891 = LINE('',#2892,#2893);
#2892 = CARTESIAN_POINT('',(0.,0.));
#2893 = VECTOR('',#2894,1.);
#2894 = DIRECTION('',(0.,1.));
#2895 = ( GEOMETRIC_REPRESENTATION_CONTEXT(2) 
PARAMETRIC_REPRESENTATION_CONTEXT() REPRESENTATION_CONTEXT('2D SPACE',''
  ) );
#2896 = ORIENTED_EDGE('',*,*,#2897,.T.);
#2897 = EDGE_CURVE('',#2870,#2898,#2900,.T.);
#2898 = VERTEX_POINT('',#2899);
#2899 = CARTESIAN_POINT('',(0.,92.,54.));
#2900 = SURFACE_CURVE('',#2901,(#2905,#2912),.PCURVE_S1.);
#2901 = LINE('',#2902,#2903);
#2902 = CARTESIAN_POINT('',(0.,92.,0.));
#2903 = VECTOR('',#2904,1.);
#2904 = DIRECTION('',(0.,0.,1.));
#2905 = PCURVE('',#2845,#2906);
#2906 = DEFINITIONAL_REPRESENTATION('',(#2907),#2911);
#2907 = LINE('',#2908,#2909);
#2908 = CARTESIAN_POINT('',(0.,-92.));
#2909 = VECTOR('',#2910,1.);
#2910 = DIRECTION('',(1.,0.));
#2911 = ( GEOMETRIC_REPRESENTATION_CONTEXT(2) 
PARAMETRIC_REPRESENTATION_CONTEXT() REPRESENTATION_CONTEXT('2D SPACE',''
  ) );
#2912 = PCURVE('',#2913,#2918);
#2913 = PLANE('',#2914);
#2914 = AXIS2_PLACEMENT_3D('',#2915,#2916,#2917);
#2915 = CARTESIAN_POINT('',(0.,92.,0.));
#2916 = DIRECTION('',(-0.,1.,0.));
#2917 = DIRECTION('',(0.,0.,1.));
#2918 = DEFINITIONAL_REPRESENTATION('',(#2919),#2923);
#2919 = LINE('',#2920,#2921);
#2920 = CARTESIAN_POINT('',(0.,0.));
#2921 = VECTOR('',#2922,1.);
#2922 = DIRECTION('',(1.,0.));
#2923 = ( GEOMETRIC_REPRESENTATION_CONTEXT(2) 
PARAMETRIC_REPRESENTATION_CONTEXT() REPRESENTATION_CONTEXT('2D SPACE',''
  ) );
#2924 = ORIENTED_EDGE('',*,*,#2925,.F.);
#2925 = EDGE_CURVE('',#2837,#2898,#2926,.T.);
#2926 = SURFACE_CURVE('',#2927,(#2931,#2938),.PCURVE_S1.);
#2927 = LINE('',#2928,#2929);
#2928 = CARTESIAN_POINT('',(0.,0.,54.));
#2929 = VECTOR('',#2930,1.);
#2930 = DIRECTION('',(-0.,1.,0.));
#2931 = PCURVE('',#2845,#2932);
#2932 = DEFINITIONAL_REPRESENTATION('',(#2933),#2937);
#2933 = LINE('',#2934,#2935);
#2934 = CARTESIAN_POINT('',(54.,0.));
#2935 = VECTOR('',#2936,1.);
#2936 = DIRECTION('',(0.,-1.));
#2937 = ( GEOMETRIC_REPRESENTATION_CONTEXT(2) 
PARAMETRIC_REPRESENTATION_CONTEXT() REPRESENTATION_CONTEXT('2D SPACE',''
  ) );
#2938 = PCURVE('',#2939,#2944);
#2939 = PLANE('',#2940);
#2940 = AXIS2_PLACEMENT_3D('',#2941,#2942,#2943);
#2941 = CARTESIAN_POINT('',(0.,0.,54.));
#2942 = DIRECTION('',(0.,0.,1.));
#2943 = DIRECTION('',(1.,0.,-0.));
#2944 = DEFINITIONAL_REPRESENTATION('',(#2945),#2949);
#2945 = LINE('',#2946,#2947);
#2946 = CARTESIAN_POINT('',(0.,0.));
#2947 = VECTOR('',#2948,1.);
#2948 = DIRECTION('',(0.,1.));
#2949 = ( GEOMETRIC_REPRESENTATION_CONTEXT(2) 
PARAMETRIC_REPRESENTATION_CONTEXT() REPRESENTATION_CONTEXT('2D SPACE',''
  ) );
#2950 = ADVANCED_FACE('',(#2951),#2965,.T.);
#2951 = FACE_BOUND('',#2952,.T.);
#2952 = EDGE_LOOP('',(#2953,#2983,#3006,#3029));
#2953 = ORIENTED_EDGE('',*,*,#2954,.F.);
#2954 = EDGE_CURVE('',#2955,#2957,#2959,.T.);
#2955 = VERTEX_POINT('',#2956);
#2956 = CARTESIAN_POINT('',(148.,0.,0.));
#2957 = VERTEX_POINT('',#2958);
#2958 = CARTESIAN_POINT('',(148.,0.,54.));
#2959 = SURFACE_CURVE('',#2960,(#2964,#2976),.PCURVE_S1.);
#2960 = LINE('',#2961,#2962);
#2961 = CARTESIAN_POINT('',(148.,0.,0.));
#2962 = VECTOR('',#2963,1.);
#2963 = DIRECTION('',(0.,0.,1.));
#2964 = PCURVE('',#2965,#2970);
#2965 = PLANE('',#2966);
#2966 = AXIS2_PLACEMENT_3D('',#2967,#2968,#2969);
#2967 = CARTESIAN_POINT('',(148.,0.,0.));
#2968 = DIRECTION('',(1.,0.,-0.));
#2969 = DIRECTION('',(0.,0.,1.));
#2970 = DEFINITIONAL_REPRESENTATION('',(#2971),#2975);
#2971 = LINE('',#2972,#2973);
#2972 = CARTESIAN_POINT('',(0.,0.));
#2973 = VECTOR('',#2974,1.);
#2974 = DIRECTION('',(1.,0.));
#2975 = ( GEOMETRIC_REPRESENTATION_CONTEXT(2) 
PARAMETRIC_REPRESENTATION_CONTEXT() REPRESENTATION_CONTEXT('2D SPACE',''
  ) );
#2976 = PCURVE('',#2857,#2977);
#2977 = DEFINITIONAL_REPRESENTATION('',(#2978),#2982);
#2978 = LINE('',#2979,#2980);
#2979 = CARTESIAN_POINT('',(0.,148.));
#2980 = VECTOR('',#2981,1.);
#2981 = DIRECTION('',(1.,0.));
#2982 = ( GEOMETRIC_REPRESENTATION_CONTEXT(2) 
PARAMETRIC_REPRESENTATION_CONTEXT() REPRESENTATION_CONTEXT('2D SPACE',''
  ) );
#2983 = ORIENTED_EDGE('',*,*,#2984,.T.);
#2984 = EDGE_CURVE('',#2955,#2985,#2987,.T.);
#2985 = VERTEX_POINT('',#2986);
#2986 = CARTESIAN_POINT('',(148.,92.,0.));
#2987 = SURFACE_CURVE('',#2988,(#2992,#2999),.PCURVE_S1.);
#2988 = LINE('',#2989,#2990);
#2989 = CARTESIAN_POINT('',(148.,0.,0.));
#2990 = VECTOR('',#2991,1.);
#2991 = DIRECTION('',(-0.,1.,0.));
#2992 = PCURVE('',#2965,#2993);
#2993 = DEFINITIONAL_REPRESENTATION('',(#2994),#2998);
#2994 = LINE('',#2995,#2996);
#2995 = CARTESIAN_POINT('',(0.,0.));
#2996 = VECTOR('',#2997,1.);
#2997 = DIRECTION('',(0.,-1.));
#2998 = ( GEOMETRIC_REPRESENTATION_CONTEXT(2) 
PARAMETRIC_REPRESENTATION_CONTEXT() REPRESENTATION_CONTEXT('2D SPACE',''
  ) );
#2999 = PCURVE('',#2885,#3000);
#3000 = DEFINITIONAL_REPRESENTATION('',(#3001),#3005);
#3001 = LINE('',#3002,#3003);
#3002 = CARTESIAN_POINT('',(148.,0.));
#3003 = VECTOR('',#3004,1.);
#3004 = DIRECTION('',(0.,1.));
#3005 = ( GEOMETRIC_REPRESENTATION_CONTEXT(2) 
PARAMETRIC_REPRESENTATION_CONTEXT() REPRESENTATION_CONTEXT('2D SPACE',''
  ) );
#3006 = ORIENTED_EDGE('',*,*,#3007,.T.);
#3007 = EDGE_CURVE('',#2985,#3008,#3010,.T.);
#3008 = VERTEX_POINT('',#3009);
#3009 = CARTESIAN_POINT('',(148.,92.,54.));
#3010 = SURFACE_CURVE('',#3011,(#3015,#3022),.PCURVE_S1.);
#3011 = LINE('',#3012,#3013);
#3012 = CARTESIAN_POINT('',(148.,92.,0.));
#3013 = VECTOR('',#3014,1.);
#3014 = DIRECTION('',(0.,0.,1.));
#3015 = PCURVE('',#2965,#3016);
#3016 = DEFINITIONAL_REPRESENTATION('',(#3017),#3021);
#3017 = LINE('',#3018,#3019);
#3018 = CARTESIAN_POINT('',(0.,-92.));
#3019 = VECTOR('',#3020,1.);
#3020 = DIRECTION('',(1.,0.));
#3021 = ( GEOMETRIC_REPRESENTATION_CONTEXT(2) 
PARAMETRIC_REPRESENTATION_CONTEXT() REPRESENTATION_CONTEXT('2D SPACE',''
  ) );
#3022 = PCURVE('',#2913,#3023);
#3023 = DEFINITIONAL_REPRESENTATION('',(#3024),#3028);
#3024 = LINE('',#3025,#3026);
#3025 = CARTESIAN_POINT('',(0.,148.));
#3026 = VECTOR('',#3027,1.);
#3027 = DIRECTION('',(1.,0.));
#3028 = ( GEOMETRIC_REPRESENTATION_CONTEXT(2) 
PARAMETRIC_REPRESENTATION_CONTEXT() REPRESENTATION_CONTEXT('2D SPACE',''
  ) );
#3029 = ORIENTED_EDGE('',*,*,#3030,.F.);
#3030 = EDGE_CURVE('',#2957,#3008,#3031,.T.);
#3031 = SURFACE_CURVE('',#3032,(#3036,#3043),.PCURVE_S1.);
#3032 = LINE('',#3033,#3034);
#3033 = CARTESIAN_POINT('',(148.,0.,54.));
#3034 = VECTOR('',#3035,1.);
#3035 = DIRECTION('',(-0.,1.,0.));
#3036 = PCURVE('',#2965,#3037);
#3037 = DEFINITIONAL_REPRESENTATION('',(#3038),#3042);
#3038 = LINE('',#3039,#3040);
#3039 = CARTESIAN_POINT('',(54.,0.));
#3040 = VECTOR('',#3041,1.);
#3041 = DIRECTION('',(0.,-1.));
#3042 = ( GEOMETRIC_REPRESENTATION_CONTEXT(2) 
PARAMETRIC_REPRESENTATION_CONTEXT() REPRESENTATION_CONTEXT('2D SPACE',''
  ) );
#3043 = PCURVE('',#2939,#3044);
#3044 = DEFINITIONAL_REPRESENTATION('',(#3045),#3049);
#3045 = LINE('',#3046,#3047);
#3046 = CARTESIAN_POINT('',(148.,0.));
#3047 = VECTOR('',#3048,1.);
#3048 = DIRECTION('',(0.,1.));
#3049 = ( GEOMETRIC_REPRESENTATION_CONTEXT(2) 
PARAMETRIC_REPRESENTATION_CONTEXT() REPRESENTATION_CONTEXT('2D SPACE',''
  ) );
#3050 = ADVANCED_FACE('',(#3051),#2857,.F.);
#3051 = FACE_BOUND('',#3052,.F.);
#3052 = EDGE_LOOP('',(#3053,#3074,#3075,#3096));
#3053 = ORIENTED_EDGE('',*,*,#3054,.F.);
#3054 = EDGE_CURVE('',#2835,#2955,#3055,.T.);
#3055 = SURFACE_CURVE('',#3056,(#3060,#3067),.PCURVE_S1.);
#3056 = LINE('',#3057,#3058);
#3057 = CARTESIAN_POINT('',(0.,0.,0.));
#3058 = VECTOR('',#3059,1.);
#3059 = DIRECTION('',(1.,0.,-0.));
#3060 = PCURVE('',#2857,#3061);
#3061 = DEFINITIONAL_REPRESENTATION('',(#3062),#3066);
#3062 = LINE('',#3063,#3064);
#3063 = CARTESIAN_POINT('',(0.,0.));
#3064 = VECTOR('',#3065,1.);
#3065 = DIRECTION('',(0.,1.));
#3066 = ( GEOMETRIC_REPRESENTATION_CONTEXT(2) 
PARAMETRIC_REPRESENTATION_CONTEXT() REPRESENTATION_CONTEXT('2D SPACE',''
  ) );
#3067 = PCURVE('',#2885,#3068);
#3068 = DEFINITIONAL_REPRESENTATION('',(#3069),#3073);
#3069 = LINE('',#3070,#3071);
#3070 = CARTESIAN_POINT('',(0.,0.));
#3071 = VECTOR('',#3072,1.);
#3072 = DIRECTION('',(1.,0.));
#3073 = ( GEOMETRIC_REPRESENTATION_CONTEXT(2) 
PARAMETRIC_REPRESENTATION_CONTEXT() REPRESENTATION_CONTEXT('2D SPACE',''
  ) );
#3074 = ORIENTED_EDGE('',*,*,#2834,.T.);
#3075 = ORIENTED_EDGE('',*,*,#3076,.T.);
#3076 = EDGE_CURVE('',#2837,#2957,#3077,.T.);
#3077 = SURFACE_CURVE('',#3078,(#3082,#3089),.PCURVE_S1.);
#3078 = LINE('',#3079,#3080);
#3079 = CARTESIAN_POINT('',(0.,0.,54.));
#3080 = VECTOR('',#3081,1.);
#3081 = DIRECTION('',(1.,0.,-0.));
#3082 = PCURVE('',#2857,#3083);
#3083 = DEFINITIONAL_REPRESENTATION('',(#3084),#3088);
#3084 = LINE('',#3085,#3086);
#3085 = CARTESIAN_POINT('',(54.,0.));
#3086 = VECTOR('',#3087,1.);
#3087 = DIRECTION('',(0.,1.));
#3088 = ( GEOMETRIC_REPRESENTATION_CONTEXT(2) 
PARAMETRIC_REPRESENTATION_CONTEXT() REPRESENTATION_CONTEXT('2D SPACE',''
  ) );
#3089 = PCURVE('',#2939,#3090);
#3090 = DEFINITIONAL_REPRESENTATION('',(#3091),#3095);
#3091 = LINE('',#3092,#3093);
#3092 = CARTESIAN_POINT('',(0.,0.));
#3093 = VECTOR('',#3094,1.);
#3094 = DIRECTION('',(1.,0.));
#3095 = ( GEOMETRIC_REPRESENTATION_CONTEXT(2) 
PARAMETRIC_REPRESENTATION_CONTEXT() REPRESENTATION_CONTEXT('2D SPACE',''
  ) );
#3096 = ORIENTED_EDGE('',*,*,#2954,.F.);
#3097 = ADVANCED_FACE('',(#3098),#2913,.T.);
#3098 = FACE_BOUND('',#3099,.T.);
#3099 = EDGE_LOOP('',(#3100,#3121,#3122,#3143));
#3100 = ORIENTED_EDGE('',*,*,#3101,.F.);
#3101 = EDGE_CURVE('',#2870,#2985,#3102,.T.);
#3102 = SURFACE_CURVE('',#3103,(#3107,#3114),.PCURVE_S1.);
#3103 = LINE('',#3104,#3105);
#3104 = CARTESIAN_POINT('',(0.,92.,0.));
#3105 = VECTOR('',#3106,1.);
#3106 = DIRECTION('',(1.,0.,-0.));
#3107 = PCURVE('',#2913,#3108);
#3108 = DEFINITIONAL_REPRESENTATION('',(#3109),#3113);
#3109 = LINE('',#3110,#3111);
#3110 = CARTESIAN_POINT('',(0.,0.));
#3111 = VECTOR('',#3112,1.);
#3112 = DIRECTION('',(0.,1.));
#3113 = ( GEOMETRIC_REPRESENTATION_CONTEXT(2) 
PARAMETRIC_REPRESENTATION_CONTEXT() REPRESENTATION_CONTEXT('2D SPACE',''
  ) );
#3114 = PCURVE('',#2885,#3115);
#3115 = DEFINITIONAL_REPRESENTATION('',(#3116),#3120);
#3116 = LINE('',#3117,#3118);
#3117 = CARTESIAN_POINT('',(0.,92.));
#3118 = VECTOR('',#3119,1.);
#3119 = DIRECTION('',(1.,0.));
#3120 = ( GEOMETRIC_REPRESENTATION_CONTEXT(2) 
PARAMETRIC_REPRESENTATION_CONTEXT() REPRESENTATION_CONTEXT('2D SPACE',''
  ) );
#3121 = ORIENTED_EDGE('',*,*,#2897,.T.);
#3122 = ORIENTED_EDGE('',*,*,#3123,.T.);
#3123 = EDGE_CURVE('',#2898,#3008,#3124,.T.);
#3124 = SURFACE_CURVE('',#3125,(#3129,#3136),.PCURVE_S1.);
#3125 = LINE('',#3126,#3127);
#3126 = CARTESIAN_POINT('',(0.,92.,54.));
#3127 = VECTOR('',#3128,1.);
#3128 = DIRECTION('',(1.,0.,-0.));
#3129 = PCURVE('',#2913,#3130);
#3130 = DEFINITIONAL_REPRESENTATION('',(#3131),#3135);
#3131 = LINE('',#3132,#3133);
#3132 = CARTESIAN_POINT('',(54.,0.));
#3133 = VECTOR('',#3134,1.);
#3134 = DIRECTION('',(0.,1.));
#3135 = ( GEOMETRIC_REPRESENTATION_CONTEXT(2) 
PARAMETRIC_REPRESENTATION_CONTEXT() REPRESENTATION_CONTEXT('2D SPACE',''
  ) );
#3136 = PCURVE('',#2939,#3137);
#3137 = DEFINITIONAL_REPRESENTATION('',(#3138),#3142);
#3138 = LINE('',#3139,#3140);
#3139 = CARTESIAN_POINT('',(0.,92.));
#3140 = VECTOR('',#3141,1.);
#3141 = DIRECTION('',(1.,0.));
#3142 = ( GEOMETRIC_REPRESENTATION_CONTEXT(2) 
PARAMETRIC_REPRESENTATION_CONTEXT() REPRESENTATION_CONTEXT('2D SPACE',''
  ) );
#3143 = ORIENTED_EDGE('',*,*,#3007,.F.);
#3144 = ADVANCED_FACE('',(#3145),#2885,.F.);
#3145 = FACE_BOUND('',#3146,.F.);
#3146 = EDGE_LOOP('',(#3147,#3148,#3149,#3150));
#3147 = ORIENTED_EDGE('',*,*,#2869,.F.);
#3148 = ORIENTED_EDGE('',*,*,#3054,.T.);
#3149 = ORIENTED_EDGE('',*,*,#2984,.T.);
#3150 = ORIENTED_EDGE('',*,*,#3101,.F.);
#3151 = ADVANCED_FACE('',(#3152),#2939,.T.);
#3152 = FACE_BOUND('',#3153,.T.);
#3153 = EDGE_LOOP('',(#3154,#3155,#3156,#3157));
#3154 = ORIENTED_EDGE('',*,*,#2925,.F.);
#3155 = ORIENTED_EDGE('',*,*,#3076,.T.);
#3156 = ORIENTED_EDGE('',*,*,#3030,.T.);
#3157 = ORIENTED_EDGE('',*,*,#3123,.F.);
#3158 = ( GEOMETRIC_REPRESENTATION_CONTEXT(3) 
GLOBAL_UNCERTAINTY_ASSIGNED_CONTEXT((#3162)) 
GLOBAL_UNIT_ASSIGNED_CONTEXT((#3159,#3160,#3161)) REPRESENTATION_CONTEXT
('Context #1','3D Context with UNIT and UNCERTAINTY') );
#3159 = ( LENGTH_UNIT() NAMED_UNIT(*) SI_UNIT(.MILLI.,.METRE.) );
#3160 = ( NAMED_UNIT(*) PLANE_ANGLE_UNIT() SI_UNIT($,.RADIAN.) );
#3161 = ( NAMED_UNIT(*) SI_UNIT($,.STERADIAN.) SOLID_ANGLE_UNIT() );
#3162 = UNCERTAINTY_MEASURE_WITH_UNIT(LENGTH_MEASURE(1.E-07),#3159,
  'distance_accuracy_value','confusion accuracy');
#3163 = CONTEXT_DEPENDENT_SHAPE_REPRESENTATION(#3164,#3166);
#3164 = ( REPRESENTATION_RELATIONSHIP('','',#2827,#2804) 
REPRESENTATION_RELATIONSHIP_WITH_TRANSFORMATION(#3165) 
SHAPE_REPRESENTATION_RELATIONSHIP() );
#3165 = ITEM_DEFINED_TRANSFORMATION('','',#11,#2805);
#3166 = PRODUCT_DEFINITION_SHAPE('Placement','Placement of an item',
  #3167);
#3167 = NEXT_ASSEMBLY_USAGE_OCCURRENCE('101','=>[0:1:1:31]','',#2799,
  #2822,$);
#3168 = PRODUCT_RELATED_PRODUCT_CATEGORY('part',$,(#2824));
#3169 = SHAPE_DEFINITION_REPRESENTATION(#3170,#3176);
#3170 = PRODUCT_DEFINITION_SHAPE('','',#3171);
#3171 = PRODUCT_DEFINITION('design','',#3172,#3175);
#3172 = PRODUCT_DEFINITION_FORMATION('','',#3173);
#3173 = PRODUCT('left_hip_clevis_bridge_into_pelvis',
  'left_hip_clevis_bridge_into_pelvis','',(#3174));
#3174 = PRODUCT_CONTEXT('',#2,'mechanical');
#3175 = PRODUCT_DEFINITION_CONTEXT('part definition',#2,'design');
#3176 = SHAPE_REPRESENTATION('',(#11,#3177),#3181);
#3177 = AXIS2_PLACEMENT_3D('',#3178,#3179,#3180);
#3178 = CARTESIAN_POINT('',(-84.,-46.,-29.));
#3179 = DIRECTION('',(0.,0.,1.));
#3180 = DIRECTION('',(1.,0.,0.));
#3181 = ( GEOMETRIC_REPRESENTATION_CONTEXT(3) 
GLOBAL_UNCERTAINTY_ASSIGNED_CONTEXT((#3185)) 
GLOBAL_UNIT_ASSIGNED_CONTEXT((#3182,#3183,#3184)) REPRESENTATION_CONTEXT
('Context #1','3D Context with UNIT and UNCERTAINTY') );
#3182 = ( LENGTH_UNIT() NAMED_UNIT(*) SI_UNIT(.MILLI.,.METRE.) );
#3183 = ( NAMED_UNIT(*) PLANE_ANGLE_UNIT() SI_UNIT($,.RADIAN.) );
#3184 = ( NAMED_UNIT(*) SI_UNIT($,.STERADIAN.) SOLID_ANGLE_UNIT() );
#3185 = UNCERTAINTY_MEASURE_WITH_UNIT(LENGTH_MEASURE(1.E-07),#3182,
  'distance_accuracy_value','confusion accuracy');
#3186 = CONTEXT_DEPENDENT_SHAPE_REPRESENTATION(#3187,#3189);
#3187 = ( REPRESENTATION_RELATIONSHIP('','',#3176,#10) 
REPRESENTATION_RELATIONSHIP_WITH_TRANSFORMATION(#3188) 
SHAPE_REPRESENTATION_RELATIONSHIP() );
#3188 = ITEM_DEFINED_TRANSFORMATION('','',#11,#75);
#3189 = PRODUCT_DEFINITION_SHAPE('Placement','Placement of an item',
  #3190);
#3190 = NEXT_ASSEMBLY_USAGE_OCCURRENCE('104','=>[0:1:1:32]','',#5,#3171,
  $);
#3191 = PRODUCT_RELATED_PRODUCT_CATEGORY('part',$,(#3173));
#3192 = SHAPE_DEFINITION_REPRESENTATION(#3193,#3199);
#3193 = PRODUCT_DEFINITION_SHAPE('','',#3194);
#3194 = PRODUCT_DEFINITION('design','',#3195,#3198);
#3195 = PRODUCT_DEFINITION_FORMATION('','',#3196);
#3196 = PRODUCT('SOLID','SOLID','',(#3197));
#3197 = PRODUCT_CONTEXT('',#2,'mechanical');
#3198 = PRODUCT_DEFINITION_CONTEXT('part definition',#2,'design');
#3199 = ADVANCED_BREP_SHAPE_REPRESENTATION('',(#11,#3200),#3530);
#3200 = MANIFOLD_SOLID_BREP('',#3201);
#3201 = CLOSED_SHELL('',(#3202,#3322,#3422,#3469,#3516,#3523));
#3202 = ADVANCED_FACE('',(#3203),#3217,.F.);
#3203 = FACE_BOUND('',#3204,.F.);
#3204 = EDGE_LOOP('',(#3205,#3240,#3268,#3296));
#3205 = ORIENTED_EDGE('',*,*,#3206,.F.);
#3206 = EDGE_CURVE('',#3207,#3209,#3211,.T.);
#3207 = VERTEX_POINT('',#3208);
#3208 = CARTESIAN_POINT('',(0.,0.,0.));
#3209 = VERTEX_POINT('',#3210);
#3210 = CARTESIAN_POINT('',(0.,0.,58.));
#3211 = SURFACE_CURVE('',#3212,(#3216,#3228),.PCURVE_S1.);
#3212 = LINE('',#3213,#3214);
#3213 = CARTESIAN_POINT('',(0.,0.,0.));
#3214 = VECTOR('',#3215,1.);
#3215 = DIRECTION('',(0.,0.,1.));
#3216 = PCURVE('',#3217,#3222);
#3217 = PLANE('',#3218);
#3218 = AXIS2_PLACEMENT_3D('',#3219,#3220,#3221);
#3219 = CARTESIAN_POINT('',(0.,0.,0.));
#3220 = DIRECTION('',(1.,0.,-0.));
#3221 = DIRECTION('',(0.,0.,1.));
#3222 = DEFINITIONAL_REPRESENTATION('',(#3223),#3227);
#3223 = LINE('',#3224,#3225);
#3224 = CARTESIAN_POINT('',(0.,0.));
#3225 = VECTOR('',#3226,1.);
#3226 = DIRECTION('',(1.,0.));
#3227 = ( GEOMETRIC_REPRESENTATION_CONTEXT(2) 
PARAMETRIC_REPRESENTATION_CONTEXT() REPRESENTATION_CONTEXT('2D SPACE',''
  ) );
#3228 = PCURVE('',#3229,#3234);
#3229 = PLANE('',#3230);
#3230 = AXIS2_PLACEMENT_3D('',#3231,#3232,#3233);
#3231 = CARTESIAN_POINT('',(0.,0.,0.));
#3232 = DIRECTION('',(-0.,1.,0.));
#3233 = DIRECTION('',(0.,0.,1.));
#3234 = DEFINITIONAL_REPRESENTATION('',(#3235),#3239);
#3235 = LINE('',#3236,#3237);
#3236 = CARTESIAN_POINT('',(0.,0.));
#3237 = VECTOR('',#3238,1.);
#3238 = DIRECTION('',(1.,0.));
#3239 = ( GEOMETRIC_REPRESENTATION_CONTEXT(2) 
PARAMETRIC_REPRESENTATION_CONTEXT() REPRESENTATION_CONTEXT('2D SPACE',''
  ) );
#3240 = ORIENTED_EDGE('',*,*,#3241,.T.);
#3241 = EDGE_CURVE('',#3207,#3242,#3244,.T.);
#3242 = VERTEX_POINT('',#3243);
#3243 = CARTESIAN_POINT('',(0.,92.,0.));
#3244 = SURFACE_CURVE('',#3245,(#3249,#3256),.PCURVE_S1.);
#3245 = LINE('',#3246,#3247);
#3246 = CARTESIAN_POINT('',(0.,0.,0.));
#3247 = VECTOR('',#3248,1.);
#3248 = DIRECTION('',(-0.,1.,0.));
#3249 = PCURVE('',#3217,#3250);
#3250 = DEFINITIONAL_REPRESENTATION('',(#3251),#3255);
#3251 = LINE('',#3252,#3253);
#3252 = CARTESIAN_POINT('',(0.,0.));
#3253 = VECTOR('',#3254,1.);
#3254 = DIRECTION('',(0.,-1.));
#3255 = ( GEOMETRIC_REPRESENTATION_CONTEXT(2) 
PARAMETRIC_REPRESENTATION_CONTEXT() REPRESENTATION_CONTEXT('2D SPACE',''
  ) );
#3256 = PCURVE('',#3257,#3262);
#3257 = PLANE('',#3258);
#3258 = AXIS2_PLACEMENT_3D('',#3259,#3260,#3261);
#3259 = CARTESIAN_POINT('',(0.,0.,0.));
#3260 = DIRECTION('',(0.,0.,1.));
#3261 = DIRECTION('',(1.,0.,-0.));
#3262 = DEFINITIONAL_REPRESENTATION('',(#3263),#3267);
#3263 = LINE('',#3264,#3265);
#3264 = CARTESIAN_POINT('',(0.,0.));
#3265 = VECTOR('',#3266,1.);
#3266 = DIRECTION('',(0.,1.));
#3267 = ( GEOMETRIC_REPRESENTATION_CONTEXT(2) 
PARAMETRIC_REPRESENTATION_CONTEXT() REPRESENTATION_CONTEXT('2D SPACE',''
  ) );
#3268 = ORIENTED_EDGE('',*,*,#3269,.T.);
#3269 = EDGE_CURVE('',#3242,#3270,#3272,.T.);
#3270 = VERTEX_POINT('',#3271);
#3271 = CARTESIAN_POINT('',(0.,92.,58.));
#3272 = SURFACE_CURVE('',#3273,(#3277,#3284),.PCURVE_S1.);
#3273 = LINE('',#3274,#3275);
#3274 = CARTESIAN_POINT('',(0.,92.,0.));
#3275 = VECTOR('',#3276,1.);
#3276 = DIRECTION('',(0.,0.,1.));
#3277 = PCURVE('',#3217,#3278);
#3278 = DEFINITIONAL_REPRESENTATION('',(#3279),#3283);
#3279 = LINE('',#3280,#3281);
#3280 = CARTESIAN_POINT('',(0.,-92.));
#3281 = VECTOR('',#3282,1.);
#3282 = DIRECTION('',(1.,0.));
#3283 = ( GEOMETRIC_REPRESENTATION_CONTEXT(2) 
PARAMETRIC_REPRESENTATION_CONTEXT() REPRESENTATION_CONTEXT('2D SPACE',''
  ) );
#3284 = PCURVE('',#3285,#3290);
#3285 = PLANE('',#3286);
#3286 = AXIS2_PLACEMENT_3D('',#3287,#3288,#3289);
#3287 = CARTESIAN_POINT('',(0.,92.,0.));
#3288 = DIRECTION('',(-0.,1.,0.));
#3289 = DIRECTION('',(0.,0.,1.));
#3290 = DEFINITIONAL_REPRESENTATION('',(#3291),#3295);
#3291 = LINE('',#3292,#3293);
#3292 = CARTESIAN_POINT('',(0.,0.));
#3293 = VECTOR('',#3294,1.);
#3294 = DIRECTION('',(1.,0.));
#3295 = ( GEOMETRIC_REPRESENTATION_CONTEXT(2) 
PARAMETRIC_REPRESENTATION_CONTEXT() REPRESENTATION_CONTEXT('2D SPACE',''
  ) );
#3296 = ORIENTED_EDGE('',*,*,#3297,.F.);
#3297 = EDGE_CURVE('',#3209,#3270,#3298,.T.);
#3298 = SURFACE_CURVE('',#3299,(#3303,#3310),.PCURVE_S1.);
#3299 = LINE('',#3300,#3301);
#3300 = CARTESIAN_POINT('',(0.,0.,58.));
#3301 = VECTOR('',#3302,1.);
#3302 = DIRECTION('',(-0.,1.,0.));
#3303 = PCURVE('',#3217,#3304);
#3304 = DEFINITIONAL_REPRESENTATION('',(#3305),#3309);
#3305 = LINE('',#3306,#3307);
#3306 = CARTESIAN_POINT('',(58.,0.));
#3307 = VECTOR('',#3308,1.);
#3308 = DIRECTION('',(0.,-1.));
#3309 = ( GEOMETRIC_REPRESENTATION_CONTEXT(2) 
PARAMETRIC_REPRESENTATION_CONTEXT() REPRESENTATION_CONTEXT('2D SPACE',''
  ) );
#3310 = PCURVE('',#3311,#3316);
#3311 = PLANE('',#3312);
#3312 = AXIS2_PLACEMENT_3D('',#3313,#3314,#3315);
#3313 = CARTESIAN_POINT('',(0.,0.,58.));
#3314 = DIRECTION('',(0.,0.,1.));
#3315 = DIRECTION('',(1.,0.,-0.));
#3316 = DEFINITIONAL_REPRESENTATION('',(#3317),#3321);
#3317 = LINE('',#3318,#3319);
#3318 = CARTESIAN_POINT('',(0.,0.));
#3319 = VECTOR('',#3320,1.);
#3320 = DIRECTION('',(0.,1.));
#3321 = ( GEOMETRIC_REPRESENTATION_CONTEXT(2) 
PARAMETRIC_REPRESENTATION_CONTEXT() REPRESENTATION_CONTEXT('2D SPACE',''
  ) );
#3322 = ADVANCED_FACE('',(#3323),#3337,.T.);
#3323 = FACE_BOUND('',#3324,.T.);
#3324 = EDGE_LOOP('',(#3325,#3355,#3378,#3401));
#3325 = ORIENTED_EDGE('',*,*,#3326,.F.);
#3326 = EDGE_CURVE('',#3327,#3329,#3331,.T.);
#3327 = VERTEX_POINT('',#3328);
#3328 = CARTESIAN_POINT('',(168.,0.,0.));
#3329 = VERTEX_POINT('',#3330);
#3330 = CARTESIAN_POINT('',(168.,0.,58.));
#3331 = SURFACE_CURVE('',#3332,(#3336,#3348),.PCURVE_S1.);
#3332 = LINE('',#3333,#3334);
#3333 = CARTESIAN_POINT('',(168.,0.,0.));
#3334 = VECTOR('',#3335,1.);
#3335 = DIRECTION('',(0.,0.,1.));
#3336 = PCURVE('',#3337,#3342);
#3337 = PLANE('',#3338);
#3338 = AXIS2_PLACEMENT_3D('',#3339,#3340,#3341);
#3339 = CARTESIAN_POINT('',(168.,0.,0.));
#3340 = DIRECTION('',(1.,0.,-0.));
#3341 = DIRECTION('',(0.,0.,1.));
#3342 = DEFINITIONAL_REPRESENTATION('',(#3343),#3347);
#3343 = LINE('',#3344,#3345);
#3344 = CARTESIAN_POINT('',(0.,0.));
#3345 = VECTOR('',#3346,1.);
#3346 = DIRECTION('',(1.,0.));
#3347 = ( GEOMETRIC_REPRESENTATION_CONTEXT(2) 
PARAMETRIC_REPRESENTATION_CONTEXT() REPRESENTATION_CONTEXT('2D SPACE',''
  ) );
#3348 = PCURVE('',#3229,#3349);
#3349 = DEFINITIONAL_REPRESENTATION('',(#3350),#3354);
#3350 = LINE('',#3351,#3352);
#3351 = CARTESIAN_POINT('',(0.,168.));
#3352 = VECTOR('',#3353,1.);
#3353 = DIRECTION('',(1.,0.));
#3354 = ( GEOMETRIC_REPRESENTATION_CONTEXT(2) 
PARAMETRIC_REPRESENTATION_CONTEXT() REPRESENTATION_CONTEXT('2D SPACE',''
  ) );
#3355 = ORIENTED_EDGE('',*,*,#3356,.T.);
#3356 = EDGE_CURVE('',#3327,#3357,#3359,.T.);
#3357 = VERTEX_POINT('',#3358);
#3358 = CARTESIAN_POINT('',(168.,92.,0.));
#3359 = SURFACE_CURVE('',#3360,(#3364,#3371),.PCURVE_S1.);
#3360 = LINE('',#3361,#3362);
#3361 = CARTESIAN_POINT('',(168.,0.,0.));
#3362 = VECTOR('',#3363,1.);
#3363 = DIRECTION('',(-0.,1.,0.));
#3364 = PCURVE('',#3337,#3365);
#3365 = DEFINITIONAL_REPRESENTATION('',(#3366),#3370);
#3366 = LINE('',#3367,#3368);
#3367 = CARTESIAN_POINT('',(0.,0.));
#3368 = VECTOR('',#3369,1.);
#3369 = DIRECTION('',(0.,-1.));
#3370 = ( GEOMETRIC_REPRESENTATION_CONTEXT(2) 
PARAMETRIC_REPRESENTATION_CONTEXT() REPRESENTATION_CONTEXT('2D SPACE',''
  ) );
#3371 = PCURVE('',#3257,#3372);
#3372 = DEFINITIONAL_REPRESENTATION('',(#3373),#3377);
#3373 = LINE('',#3374,#3375);
#3374 = CARTESIAN_POINT('',(168.,0.));
#3375 = VECTOR('',#3376,1.);
#3376 = DIRECTION('',(0.,1.));
#3377 = ( GEOMETRIC_REPRESENTATION_CONTEXT(2) 
PARAMETRIC_REPRESENTATION_CONTEXT() REPRESENTATION_CONTEXT('2D SPACE',''
  ) );
#3378 = ORIENTED_EDGE('',*,*,#3379,.T.);
#3379 = EDGE_CURVE('',#3357,#3380,#3382,.T.);
#3380 = VERTEX_POINT('',#3381);
#3381 = CARTESIAN_POINT('',(168.,92.,58.));
#3382 = SURFACE_CURVE('',#3383,(#3387,#3394),.PCURVE_S1.);
#3383 = LINE('',#3384,#3385);
#3384 = CARTESIAN_POINT('',(168.,92.,0.));
#3385 = VECTOR('',#3386,1.);
#3386 = DIRECTION('',(0.,0.,1.));
#3387 = PCURVE('',#3337,#3388);
#3388 = DEFINITIONAL_REPRESENTATION('',(#3389),#3393);
#3389 = LINE('',#3390,#3391);
#3390 = CARTESIAN_POINT('',(0.,-92.));
#3391 = VECTOR('',#3392,1.);
#3392 = DIRECTION('',(1.,0.));
#3393 = ( GEOMETRIC_REPRESENTATION_CONTEXT(2) 
PARAMETRIC_REPRESENTATION_CONTEXT() REPRESENTATION_CONTEXT('2D SPACE',''
  ) );
#3394 = PCURVE('',#3285,#3395);
#3395 = DEFINITIONAL_REPRESENTATION('',(#3396),#3400);
#3396 = LINE('',#3397,#3398);
#3397 = CARTESIAN_POINT('',(0.,168.));
#3398 = VECTOR('',#3399,1.);
#3399 = DIRECTION('',(1.,0.));
#3400 = ( GEOMETRIC_REPRESENTATION_CONTEXT(2) 
PARAMETRIC_REPRESENTATION_CONTEXT() REPRESENTATION_CONTEXT('2D SPACE',''
  ) );
#3401 = ORIENTED_EDGE('',*,*,#3402,.F.);
#3402 = EDGE_CURVE('',#3329,#3380,#3403,.T.);
#3403 = SURFACE_CURVE('',#3404,(#3408,#3415),.PCURVE_S1.);
#3404 = LINE('',#3405,#3406);
#3405 = CARTESIAN_POINT('',(168.,0.,58.));
#3406 = VECTOR('',#3407,1.);
#3407 = DIRECTION('',(-0.,1.,0.));
#3408 = PCURVE('',#3337,#3409);
#3409 = DEFINITIONAL_REPRESENTATION('',(#3410),#3414);
#3410 = LINE('',#3411,#3412);
#3411 = CARTESIAN_POINT('',(58.,0.));
#3412 = VECTOR('',#3413,1.);
#3413 = DIRECTION('',(0.,-1.));
#3414 = ( GEOMETRIC_REPRESENTATION_CONTEXT(2) 
PARAMETRIC_REPRESENTATION_CONTEXT() REPRESENTATION_CONTEXT('2D SPACE',''
  ) );
#3415 = PCURVE('',#3311,#3416);
#3416 = DEFINITIONAL_REPRESENTATION('',(#3417),#3421);
#3417 = LINE('',#3418,#3419);
#3418 = CARTESIAN_POINT('',(168.,0.));
#3419 = VECTOR('',#3420,1.);
#3420 = DIRECTION('',(0.,1.));
#3421 = ( GEOMETRIC_REPRESENTATION_CONTEXT(2) 
PARAMETRIC_REPRESENTATION_CONTEXT() REPRESENTATION_CONTEXT('2D SPACE',''
  ) );
#3422 = ADVANCED_FACE('',(#3423),#3229,.F.);
#3423 = FACE_BOUND('',#3424,.F.);
#3424 = EDGE_LOOP('',(#3425,#3446,#3447,#3468));
#3425 = ORIENTED_EDGE('',*,*,#3426,.F.);
#3426 = EDGE_CURVE('',#3207,#3327,#3427,.T.);
#3427 = SURFACE_CURVE('',#3428,(#3432,#3439),.PCURVE_S1.);
#3428 = LINE('',#3429,#3430);
#3429 = CARTESIAN_POINT('',(0.,0.,0.));
#3430 = VECTOR('',#3431,1.);
#3431 = DIRECTION('',(1.,0.,-0.));
#3432 = PCURVE('',#3229,#3433);
#3433 = DEFINITIONAL_REPRESENTATION('',(#3434),#3438);
#3434 = LINE('',#3435,#3436);
#3435 = CARTESIAN_POINT('',(0.,0.));
#3436 = VECTOR('',#3437,1.);
#3437 = DIRECTION('',(0.,1.));
#3438 = ( GEOMETRIC_REPRESENTATION_CONTEXT(2) 
PARAMETRIC_REPRESENTATION_CONTEXT() REPRESENTATION_CONTEXT('2D SPACE',''
  ) );
#3439 = PCURVE('',#3257,#3440);
#3440 = DEFINITIONAL_REPRESENTATION('',(#3441),#3445);
#3441 = LINE('',#3442,#3443);
#3442 = CARTESIAN_POINT('',(0.,0.));
#3443 = VECTOR('',#3444,1.);
#3444 = DIRECTION('',(1.,0.));
#3445 = ( GEOMETRIC_REPRESENTATION_CONTEXT(2) 
PARAMETRIC_REPRESENTATION_CONTEXT() REPRESENTATION_CONTEXT('2D SPACE',''
  ) );
#3446 = ORIENTED_EDGE('',*,*,#3206,.T.);
#3447 = ORIENTED_EDGE('',*,*,#3448,.T.);
#3448 = EDGE_CURVE('',#3209,#3329,#3449,.T.);
#3449 = SURFACE_CURVE('',#3450,(#3454,#3461),.PCURVE_S1.);
#3450 = LINE('',#3451,#3452);
#3451 = CARTESIAN_POINT('',(0.,0.,58.));
#3452 = VECTOR('',#3453,1.);
#3453 = DIRECTION('',(1.,0.,-0.));
#3454 = PCURVE('',#3229,#3455);
#3455 = DEFINITIONAL_REPRESENTATION('',(#3456),#3460);
#3456 = LINE('',#3457,#3458);
#3457 = CARTESIAN_POINT('',(58.,0.));
#3458 = VECTOR('',#3459,1.);
#3459 = DIRECTION('',(0.,1.));
#3460 = ( GEOMETRIC_REPRESENTATION_CONTEXT(2) 
PARAMETRIC_REPRESENTATION_CONTEXT() REPRESENTATION_CONTEXT('2D SPACE',''
  ) );
#3461 = PCURVE('',#3311,#3462);
#3462 = DEFINITIONAL_REPRESENTATION('',(#3463),#3467);
#3463 = LINE('',#3464,#3465);
#3464 = CARTESIAN_POINT('',(0.,0.));
#3465 = VECTOR('',#3466,1.);
#3466 = DIRECTION('',(1.,0.));
#3467 = ( GEOMETRIC_REPRESENTATION_CONTEXT(2) 
PARAMETRIC_REPRESENTATION_CONTEXT() REPRESENTATION_CONTEXT('2D SPACE',''
  ) );
#3468 = ORIENTED_EDGE('',*,*,#3326,.F.);
#3469 = ADVANCED_FACE('',(#3470),#3285,.T.);
#3470 = FACE_BOUND('',#3471,.T.);
#3471 = EDGE_LOOP('',(#3472,#3493,#3494,#3515));
#3472 = ORIENTED_EDGE('',*,*,#3473,.F.);
#3473 = EDGE_CURVE('',#3242,#3357,#3474,.T.);
#3474 = SURFACE_CURVE('',#3475,(#3479,#3486),.PCURVE_S1.);
#3475 = LINE('',#3476,#3477);
#3476 = CARTESIAN_POINT('',(0.,92.,0.));
#3477 = VECTOR('',#3478,1.);
#3478 = DIRECTION('',(1.,0.,-0.));
#3479 = PCURVE('',#3285,#3480);
#3480 = DEFINITIONAL_REPRESENTATION('',(#3481),#3485);
#3481 = LINE('',#3482,#3483);
#3482 = CARTESIAN_POINT('',(0.,0.));
#3483 = VECTOR('',#3484,1.);
#3484 = DIRECTION('',(0.,1.));
#3485 = ( GEOMETRIC_REPRESENTATION_CONTEXT(2) 
PARAMETRIC_REPRESENTATION_CONTEXT() REPRESENTATION_CONTEXT('2D SPACE',''
  ) );
#3486 = PCURVE('',#3257,#3487);
#3487 = DEFINITIONAL_REPRESENTATION('',(#3488),#3492);
#3488 = LINE('',#3489,#3490);
#3489 = CARTESIAN_POINT('',(0.,92.));
#3490 = VECTOR('',#3491,1.);
#3491 = DIRECTION('',(1.,0.));
#3492 = ( GEOMETRIC_REPRESENTATION_CONTEXT(2) 
PARAMETRIC_REPRESENTATION_CONTEXT() REPRESENTATION_CONTEXT('2D SPACE',''
  ) );
#3493 = ORIENTED_EDGE('',*,*,#3269,.T.);
#3494 = ORIENTED_EDGE('',*,*,#3495,.T.);
#3495 = EDGE_CURVE('',#3270,#3380,#3496,.T.);
#3496 = SURFACE_CURVE('',#3497,(#3501,#3508),.PCURVE_S1.);
#3497 = LINE('',#3498,#3499);
#3498 = CARTESIAN_POINT('',(0.,92.,58.));
#3499 = VECTOR('',#3500,1.);
#3500 = DIRECTION('',(1.,0.,-0.));
#3501 = PCURVE('',#3285,#3502);
#3502 = DEFINITIONAL_REPRESENTATION('',(#3503),#3507);
#3503 = LINE('',#3504,#3505);
#3504 = CARTESIAN_POINT('',(58.,0.));
#3505 = VECTOR('',#3506,1.);
#3506 = DIRECTION('',(0.,1.));
#3507 = ( GEOMETRIC_REPRESENTATION_CONTEXT(2) 
PARAMETRIC_REPRESENTATION_CONTEXT() REPRESENTATION_CONTEXT('2D SPACE',''
  ) );
#3508 = PCURVE('',#3311,#3509);
#3509 = DEFINITIONAL_REPRESENTATION('',(#3510),#3514);
#3510 = LINE('',#3511,#3512);
#3511 = CARTESIAN_POINT('',(0.,92.));
#3512 = VECTOR('',#3513,1.);
#3513 = DIRECTION('',(1.,0.));
#3514 = ( GEOMETRIC_REPRESENTATION_CONTEXT(2) 
PARAMETRIC_REPRESENTATION_CONTEXT() REPRESENTATION_CONTEXT('2D SPACE',''
  ) );
#3515 = ORIENTED_EDGE('',*,*,#3379,.F.);
#3516 = ADVANCED_FACE('',(#3517),#3257,.F.);
#3517 = FACE_BOUND('',#3518,.F.);
#3518 = EDGE_LOOP('',(#3519,#3520,#3521,#3522));
#3519 = ORIENTED_EDGE('',*,*,#3241,.F.);
#3520 = ORIENTED_EDGE('',*,*,#3426,.T.);
#3521 = ORIENTED_EDGE('',*,*,#3356,.T.);
#3522 = ORIENTED_EDGE('',*,*,#3473,.F.);
#3523 = ADVANCED_FACE('',(#3524),#3311,.T.);
#3524 = FACE_BOUND('',#3525,.T.);
#3525 = EDGE_LOOP('',(#3526,#3527,#3528,#3529));
#3526 = ORIENTED_EDGE('',*,*,#3297,.F.);
#3527 = ORIENTED_EDGE('',*,*,#3448,.T.);
#3528 = ORIENTED_EDGE('',*,*,#3402,.T.);
#3529 = ORIENTED_EDGE('',*,*,#3495,.F.);
#3530 = ( GEOMETRIC_REPRESENTATION_CONTEXT(3) 
GLOBAL_UNCERTAINTY_ASSIGNED_CONTEXT((#3534)) 
GLOBAL_UNIT_ASSIGNED_CONTEXT((#3531,#3532,#3533)) REPRESENTATION_CONTEXT
('Context #1','3D Context with UNIT and UNCERTAINTY') );
#3531 = ( LENGTH_UNIT() NAMED_UNIT(*) SI_UNIT(.MILLI.,.METRE.) );
#3532 = ( NAMED_UNIT(*) PLANE_ANGLE_UNIT() SI_UNIT($,.RADIAN.) );
#3533 = ( NAMED_UNIT(*) SI_UNIT($,.STERADIAN.) SOLID_ANGLE_UNIT() );
#3534 = UNCERTAINTY_MEASURE_WITH_UNIT(LENGTH_MEASURE(1.E-07),#3531,
  'distance_accuracy_value','confusion accuracy');
#3535 = CONTEXT_DEPENDENT_SHAPE_REPRESENTATION(#3536,#3538);
#3536 = ( REPRESENTATION_RELATIONSHIP('','',#3199,#3176) 
REPRESENTATION_RELATIONSHIP_WITH_TRANSFORMATION(#3537) 
SHAPE_REPRESENTATION_RELATIONSHIP() );
#3537 = ITEM_DEFINED_TRANSFORMATION('','',#11,#3177);
#3538 = PRODUCT_DEFINITION_SHAPE('Placement','Placement of an item',
  #3539);
#3539 = NEXT_ASSEMBLY_USAGE_OCCURRENCE('103','=>[0:1:1:33]','',#3171,
  #3194,$);
#3540 = PRODUCT_RELATED_PRODUCT_CATEGORY('part',$,(#3196));
#3541 = SHAPE_DEFINITION_REPRESENTATION(#3542,#3548);
#3542 = PRODUCT_DEFINITION_SHAPE('','',#3543);
#3543 = PRODUCT_DEFINITION('design','',#3544,#3547);
#3544 = PRODUCT_DEFINITION_FORMATION('','',#3545);
#3545 = PRODUCT('left_rear_lower_leg_continuity_strut',
  'left_rear_lower_leg_continuity_strut','',(#3546));
#3546 = PRODUCT_CONTEXT('',#2,'mechanical');
#3547 = PRODUCT_DEFINITION_CONTEXT('part definition',#2,'design');
#3548 = SHAPE_REPRESENTATION('',(#11,#3549),#3553);
#3549 = AXIS2_PLACEMENT_3D('',#3550,#3551,#3552);
#3550 = CARTESIAN_POINT('',(0.,0.,-139.9321264041));
#3551 = DIRECTION('',(0.,0.,1.));
#3552 = DIRECTION('',(1.,0.,0.));
#3553 = ( GEOMETRIC_REPRESENTATION_CONTEXT(3) 
GLOBAL_UNCERTAINTY_ASSIGNED_CONTEXT((#3557)) 
GLOBAL_UNIT_ASSIGNED_CONTEXT((#3554,#3555,#3556)) REPRESENTATION_CONTEXT
('Context #1','3D Context with UNIT and UNCERTAINTY') );
#3554 = ( LENGTH_UNIT() NAMED_UNIT(*) SI_UNIT(.MILLI.,.METRE.) );
#3555 = ( NAMED_UNIT(*) PLANE_ANGLE_UNIT() SI_UNIT($,.RADIAN.) );
#3556 = ( NAMED_UNIT(*) SI_UNIT($,.STERADIAN.) SOLID_ANGLE_UNIT() );
#3557 = UNCERTAINTY_MEASURE_WITH_UNIT(LENGTH_MEASURE(1.E-07),#3554,
  'distance_accuracy_value','confusion accuracy');
#3558 = CONTEXT_DEPENDENT_SHAPE_REPRESENTATION(#3559,#3561);
#3559 = ( REPRESENTATION_RELATIONSHIP('','',#3548,#10) 
REPRESENTATION_RELATIONSHIP_WITH_TRANSFORMATION(#3560) 
SHAPE_REPRESENTATION_RELATIONSHIP() );
#3560 = ITEM_DEFINED_TRANSFORMATION('','',#11,#79);
#3561 = PRODUCT_DEFINITION_SHAPE('Placement','Placement of an item',
  #3562);
#3562 = NEXT_ASSEMBLY_USAGE_OCCURRENCE('106','=>[0:1:1:34]','',#5,#3543,
  $);
#3563 = PRODUCT_RELATED_PRODUCT_CATEGORY('part',$,(#3545));
#3564 = SHAPE_DEFINITION_REPRESENTATION(#3565,#3571);
#3565 = PRODUCT_DEFINITION_SHAPE('','',#3566);
#3566 = PRODUCT_DEFINITION('design','',#3567,#3570);
#3567 = PRODUCT_DEFINITION_FORMATION('','',#3568);
#3568 = PRODUCT('SOLID','SOLID','',(#3569));
#3569 = PRODUCT_CONTEXT('',#2,'mechanical');
#3570 = PRODUCT_DEFINITION_CONTEXT('part definition',#2,'design');
#3571 = ADVANCED_BREP_SHAPE_REPRESENTATION('',(#11,#3572),#3670);
#3572 = MANIFOLD_SOLID_BREP('',#3573);
#3573 = CLOSED_SHELL('',(#3574,#3662,#3666));
#3574 = ADVANCED_FACE('',(#3575),#3588,.T.);
#3575 = FACE_BOUND('',#3576,.T.);
#3576 = EDGE_LOOP('',(#3577,#3611,#3634,#3661));
#3577 = ORIENTED_EDGE('',*,*,#3578,.F.);
#3578 = EDGE_CURVE('',#3579,#3579,#3581,.T.);
#3579 = VERTEX_POINT('',#3580);
#3580 = CARTESIAN_POINT('',(9.,-2.204364238465E-15,279.86425280839));
#3581 = SURFACE_CURVE('',#3582,(#3587,#3599),.PCURVE_S1.);
#3582 = CIRCLE('',#3583,9.);
#3583 = AXIS2_PLACEMENT_3D('',#3584,#3585,#3586);
#3584 = CARTESIAN_POINT('',(0.,0.,279.86425280839));
#3585 = DIRECTION('',(0.,0.,1.));
#3586 = DIRECTION('',(1.,0.,-0.));
#3587 = PCURVE('',#3588,#3593);
#3588 = CYLINDRICAL_SURFACE('',#3589,9.);
#3589 = AXIS2_PLACEMENT_3D('',#3590,#3591,#3592);
#3590 = CARTESIAN_POINT('',(0.,0.,0.));
#3591 = DIRECTION('',(0.,0.,1.));
#3592 = DIRECTION('',(1.,0.,-0.));
#3593 = DEFINITIONAL_REPRESENTATION('',(#3594),#3598);
#3594 = LINE('',#3595,#3596);
#3595 = CARTESIAN_POINT('',(0.,279.86425280839));
#3596 = VECTOR('',#3597,1.);
#3597 = DIRECTION('',(1.,0.));
#3598 = ( GEOMETRIC_REPRESENTATION_CONTEXT(2) 
PARAMETRIC_REPRESENTATION_CONTEXT() REPRESENTATION_CONTEXT('2D SPACE',''
  ) );
#3599 = PCURVE('',#3600,#3605);
#3600 = PLANE('',#3601);
#3601 = AXIS2_PLACEMENT_3D('',#3602,#3603,#3604);
#3602 = CARTESIAN_POINT('',(0.,0.,279.86425280839));
#3603 = DIRECTION('',(0.,0.,1.));
#3604 = DIRECTION('',(1.,0.,-0.));
#3605 = DEFINITIONAL_REPRESENTATION('',(#3606),#3610);
#3606 = CIRCLE('',#3607,9.);
#3607 = AXIS2_PLACEMENT_2D('',#3608,#3609);
#3608 = CARTESIAN_POINT('',(0.,0.));
#3609 = DIRECTION('',(1.,0.));
#3610 = ( GEOMETRIC_REPRESENTATION_CONTEXT(2) 
PARAMETRIC_REPRESENTATION_CONTEXT() REPRESENTATION_CONTEXT('2D SPACE',''
  ) );
#3611 = ORIENTED_EDGE('',*,*,#3612,.F.);
#3612 = EDGE_CURVE('',#3613,#3579,#3615,.T.);
#3613 = VERTEX_POINT('',#3614);
#3614 = CARTESIAN_POINT('',(9.,-2.204364238465E-15,0.));
#3615 = SEAM_CURVE('',#3616,(#3620,#3627),.PCURVE_S1.);
#3616 = LINE('',#3617,#3618);
#3617 = CARTESIAN_POINT('',(9.,-2.204364238465E-15,0.));
#3618 = VECTOR('',#3619,1.);
#3619 = DIRECTION('',(0.,0.,1.));
#3620 = PCURVE('',#3588,#3621);
#3621 = DEFINITIONAL_REPRESENTATION('',(#3622),#3626);
#3622 = LINE('',#3623,#3624);
#3623 = CARTESIAN_POINT('',(6.28318530718,-0.));
#3624 = VECTOR('',#3625,1.);
#3625 = DIRECTION('',(0.,1.));
#3626 = ( GEOMETRIC_REPRESENTATION_CONTEXT(2) 
PARAMETRIC_REPRESENTATION_CONTEXT() REPRESENTATION_CONTEXT('2D SPACE',''
  ) );
#3627 = PCURVE('',#3588,#3628);
#3628 = DEFINITIONAL_REPRESENTATION('',(#3629),#3633);
#3629 = LINE('',#3630,#3631);
#3630 = CARTESIAN_POINT('',(0.,-0.));
#3631 = VECTOR('',#3632,1.);
#3632 = DIRECTION('',(0.,1.));
#3633 = ( GEOMETRIC_REPRESENTATION_CONTEXT(2) 
PARAMETRIC_REPRESENTATION_CONTEXT() REPRESENTATION_CONTEXT('2D SPACE',''
  ) );
#3634 = ORIENTED_EDGE('',*,*,#3635,.T.);
#3635 = EDGE_CURVE('',#3613,#3613,#3636,.T.);
#3636 = SURFACE_CURVE('',#3637,(#3642,#3649),.PCURVE_S1.);
#3637 = CIRCLE('',#3638,9.);
#3638 = AXIS2_PLACEMENT_3D('',#3639,#3640,#3641);
#3639 = CARTESIAN_POINT('',(0.,0.,0.));
#3640 = DIRECTION('',(0.,0.,1.));
#3641 = DIRECTION('',(1.,0.,-0.));
#3642 = PCURVE('',#3588,#3643);
#3643 = DEFINITIONAL_REPRESENTATION('',(#3644),#3648);
#3644 = LINE('',#3645,#3646);
#3645 = CARTESIAN_POINT('',(0.,0.));
#3646 = VECTOR('',#3647,1.);
#3647 = DIRECTION('',(1.,0.));
#3648 = ( GEOMETRIC_REPRESENTATION_CONTEXT(2) 
PARAMETRIC_REPRESENTATION_CONTEXT() REPRESENTATION_CONTEXT('2D SPACE',''
  ) );
#3649 = PCURVE('',#3650,#3655);
#3650 = PLANE('',#3651);
#3651 = AXIS2_PLACEMENT_3D('',#3652,#3653,#3654);
#3652 = CARTESIAN_POINT('',(0.,0.,0.));
#3653 = DIRECTION('',(0.,0.,1.));
#3654 = DIRECTION('',(1.,0.,-0.));
#3655 = DEFINITIONAL_REPRESENTATION('',(#3656),#3660);
#3656 = CIRCLE('',#3657,9.);
#3657 = AXIS2_PLACEMENT_2D('',#3658,#3659);
#3658 = CARTESIAN_POINT('',(0.,0.));
#3659 = DIRECTION('',(1.,0.));
#3660 = ( GEOMETRIC_REPRESENTATION_CONTEXT(2) 
PARAMETRIC_REPRESENTATION_CONTEXT() REPRESENTATION_CONTEXT('2D SPACE',''
  ) );
#3661 = ORIENTED_EDGE('',*,*,#3612,.T.);
#3662 = ADVANCED_FACE('',(#3663),#3600,.T.);
#3663 = FACE_BOUND('',#3664,.T.);
#3664 = EDGE_LOOP('',(#3665));
#3665 = ORIENTED_EDGE('',*,*,#3578,.T.);
#3666 = ADVANCED_FACE('',(#3667),#3650,.F.);
#3667 = FACE_BOUND('',#3668,.T.);
#3668 = EDGE_LOOP('',(#3669));
#3669 = ORIENTED_EDGE('',*,*,#3635,.F.);
#3670 = ( GEOMETRIC_REPRESENTATION_CONTEXT(3) 
GLOBAL_UNCERTAINTY_ASSIGNED_CONTEXT((#3674)) 
GLOBAL_UNIT_ASSIGNED_CONTEXT((#3671,#3672,#3673)) REPRESENTATION_CONTEXT
('Context #1','3D Context with UNIT and UNCERTAINTY') );
#3671 = ( LENGTH_UNIT() NAMED_UNIT(*) SI_UNIT(.MILLI.,.METRE.) );
#3672 = ( NAMED_UNIT(*) PLANE_ANGLE_UNIT() SI_UNIT($,.RADIAN.) );
#3673 = ( NAMED_UNIT(*) SI_UNIT($,.STERADIAN.) SOLID_ANGLE_UNIT() );
#3674 = UNCERTAINTY_MEASURE_WITH_UNIT(LENGTH_MEASURE(1.E-07),#3671,
  'distance_accuracy_value','confusion accuracy');
#3675 = CONTEXT_DEPENDENT_SHAPE_REPRESENTATION(#3676,#3678);
#3676 = ( REPRESENTATION_RELATIONSHIP('','',#3571,#3548) 
REPRESENTATION_RELATIONSHIP_WITH_TRANSFORMATION(#3677) 
SHAPE_REPRESENTATION_RELATIONSHIP() );
#3677 = ITEM_DEFINED_TRANSFORMATION('','',#11,#3549);
#3678 = PRODUCT_DEFINITION_SHAPE('Placement','Placement of an item',
  #3679);
#3679 = NEXT_ASSEMBLY_USAGE_OCCURRENCE('105','=>[0:1:1:35]','',#3543,
  #3566,$);
#3680 = PRODUCT_RELATED_PRODUCT_CATEGORY('part',$,(#3568));
#3681 = SHAPE_DEFINITION_REPRESENTATION(#3682,#3688);
#3682 = PRODUCT_DEFINITION_SHAPE('','',#3683);
#3683 = PRODUCT_DEFINITION('design','',#3684,#3687);
#3684 = PRODUCT_DEFINITION_FORMATION('','',#3685);
#3685 = PRODUCT('left_rear_upper_leg_continuity_strut',
  'left_rear_upper_leg_continuity_strut','',(#3686));
#3686 = PRODUCT_CONTEXT('',#2,'mechanical');
#3687 = PRODUCT_DEFINITION_CONTEXT('part definition',#2,'design');
#3688 = SHAPE_REPRESENTATION('',(#11,#3689),#3693);
#3689 = AXIS2_PLACEMENT_3D('',#3690,#3691,#3692);
#3690 = CARTESIAN_POINT('',(0.,0.,-120.6192356135));
#3691 = DIRECTION('',(0.,0.,1.));
#3692 = DIRECTION('',(1.,0.,0.));
#3693 = ( GEOMETRIC_REPRESENTATION_CONTEXT(3) 
GLOBAL_UNCERTAINTY_ASSIGNED_CONTEXT((#3697)) 
GLOBAL_UNIT_ASSIGNED_CONTEXT((#3694,#3695,#3696)) REPRESENTATION_CONTEXT
('Context #1','3D Context with UNIT and UNCERTAINTY') );
#3694 = ( LENGTH_UNIT() NAMED_UNIT(*) SI_UNIT(.MILLI.,.METRE.) );
#3695 = ( NAMED_UNIT(*) PLANE_ANGLE_UNIT() SI_UNIT($,.RADIAN.) );
#3696 = ( NAMED_UNIT(*) SI_UNIT($,.STERADIAN.) SOLID_ANGLE_UNIT() );
#3697 = UNCERTAINTY_MEASURE_WITH_UNIT(LENGTH_MEASURE(1.E-07),#3694,
  'distance_accuracy_value','confusion accuracy');
#3698 = CONTEXT_DEPENDENT_SHAPE_REPRESENTATION(#3699,#3701);
#3699 = ( REPRESENTATION_RELATIONSHIP('','',#3688,#10) 
REPRESENTATION_RELATIONSHIP_WITH_TRANSFORMATION(#3700) 
SHAPE_REPRESENTATION_RELATIONSHIP() );
#3700 = ITEM_DEFINED_TRANSFORMATION('','',#11,#83);
#3701 = PRODUCT_DEFINITION_SHAPE('Placement','Placement of an item',
  #3702);
#3702 = NEXT_ASSEMBLY_USAGE_OCCURRENCE('108','=>[0:1:1:36]','',#5,#3683,
  $);
#3703 = PRODUCT_RELATED_PRODUCT_CATEGORY('part',$,(#3685));
#3704 = SHAPE_DEFINITION_REPRESENTATION(#3705,#3711);
#3705 = PRODUCT_DEFINITION_SHAPE('','',#3706);
#3706 = PRODUCT_DEFINITION('design','',#3707,#3710);
#3707 = PRODUCT_DEFINITION_FORMATION('','',#3708);
#3708 = PRODUCT('SOLID','SOLID','',(#3709));
#3709 = PRODUCT_CONTEXT('',#2,'mechanical');
#3710 = PRODUCT_DEFINITION_CONTEXT('part definition',#2,'design');
#3711 = ADVANCED_BREP_SHAPE_REPRESENTATION('',(#11,#3712),#3810);
#3712 = MANIFOLD_SOLID_BREP('',#3713);
#3713 = CLOSED_SHELL('',(#3714,#3802,#3806));
#3714 = ADVANCED_FACE('',(#3715),#3728,.T.);
#3715 = FACE_BOUND('',#3716,.T.);
#3716 = EDGE_LOOP('',(#3717,#3751,#3774,#3801));
#3717 = ORIENTED_EDGE('',*,*,#3718,.F.);
#3718 = EDGE_CURVE('',#3719,#3719,#3721,.T.);
#3719 = VERTEX_POINT('',#3720);
#3720 = CARTESIAN_POINT('',(10.,-2.449293598295E-15,241.23847122712));
#3721 = SURFACE_CURVE('',#3722,(#3727,#3739),.PCURVE_S1.);
#3722 = CIRCLE('',#3723,10.);
#3723 = AXIS2_PLACEMENT_3D('',#3724,#3725,#3726);
#3724 = CARTESIAN_POINT('',(0.,0.,241.23847122712));
#3725 = DIRECTION('',(0.,0.,1.));
#3726 = DIRECTION('',(1.,0.,-0.));
#3727 = PCURVE('',#3728,#3733);
#3728 = CYLINDRICAL_SURFACE('',#3729,10.);
#3729 = AXIS2_PLACEMENT_3D('',#3730,#3731,#3732);
#3730 = CARTESIAN_POINT('',(0.,0.,0.));
#3731 = DIRECTION('',(0.,0.,1.));
#3732 = DIRECTION('',(1.,0.,-0.));
#3733 = DEFINITIONAL_REPRESENTATION('',(#3734),#3738);
#3734 = LINE('',#3735,#3736);
#3735 = CARTESIAN_POINT('',(0.,241.23847122712));
#3736 = VECTOR('',#3737,1.);
#3737 = DIRECTION('',(1.,0.));
#3738 = ( GEOMETRIC_REPRESENTATION_CONTEXT(2) 
PARAMETRIC_REPRESENTATION_CONTEXT() REPRESENTATION_CONTEXT('2D SPACE',''
  ) );
#3739 = PCURVE('',#3740,#3745);
#3740 = PLANE('',#3741);
#3741 = AXIS2_PLACEMENT_3D('',#3742,#3743,#3744);
#3742 = CARTESIAN_POINT('',(0.,0.,241.23847122712));
#3743 = DIRECTION('',(0.,0.,1.));
#3744 = DIRECTION('',(1.,0.,-0.));
#3745 = DEFINITIONAL_REPRESENTATION('',(#3746),#3750);
#3746 = CIRCLE('',#3747,10.);
#3747 = AXIS2_PLACEMENT_2D('',#3748,#3749);
#3748 = CARTESIAN_POINT('',(0.,0.));
#3749 = DIRECTION('',(1.,0.));
#3750 = ( GEOMETRIC_REPRESENTATION_CONTEXT(2) 
PARAMETRIC_REPRESENTATION_CONTEXT() REPRESENTATION_CONTEXT('2D SPACE',''
  ) );
#3751 = ORIENTED_EDGE('',*,*,#3752,.F.);
#3752 = EDGE_CURVE('',#3753,#3719,#3755,.T.);
#3753 = VERTEX_POINT('',#3754);
#3754 = CARTESIAN_POINT('',(10.,-2.449293598295E-15,0.));
#3755 = SEAM_CURVE('',#3756,(#3760,#3767),.PCURVE_S1.);
#3756 = LINE('',#3757,#3758);
#3757 = CARTESIAN_POINT('',(10.,-2.449293598295E-15,0.));
#3758 = VECTOR('',#3759,1.);
#3759 = DIRECTION('',(0.,0.,1.));
#3760 = PCURVE('',#3728,#3761);
#3761 = DEFINITIONAL_REPRESENTATION('',(#3762),#3766);
#3762 = LINE('',#3763,#3764);
#3763 = CARTESIAN_POINT('',(6.28318530718,-0.));
#3764 = VECTOR('',#3765,1.);
#3765 = DIRECTION('',(0.,1.));
#3766 = ( GEOMETRIC_REPRESENTATION_CONTEXT(2) 
PARAMETRIC_REPRESENTATION_CONTEXT() REPRESENTATION_CONTEXT('2D SPACE',''
  ) );
#3767 = PCURVE('',#3728,#3768);
#3768 = DEFINITIONAL_REPRESENTATION('',(#3769),#3773);
#3769 = LINE('',#3770,#3771);
#3770 = CARTESIAN_POINT('',(0.,-0.));
#3771 = VECTOR('',#3772,1.);
#3772 = DIRECTION('',(0.,1.));
#3773 = ( GEOMETRIC_REPRESENTATION_CONTEXT(2) 
PARAMETRIC_REPRESENTATION_CONTEXT() REPRESENTATION_CONTEXT('2D SPACE',''
  ) );
#3774 = ORIENTED_EDGE('',*,*,#3775,.T.);
#3775 = EDGE_CURVE('',#3753,#3753,#3776,.T.);
#3776 = SURFACE_CURVE('',#3777,(#3782,#3789),.PCURVE_S1.);
#3777 = CIRCLE('',#3778,10.);
#3778 = AXIS2_PLACEMENT_3D('',#3779,#3780,#3781);
#3779 = CARTESIAN_POINT('',(0.,0.,0.));
#3780 = DIRECTION('',(0.,0.,1.));
#3781 = DIRECTION('',(1.,0.,-0.));
#3782 = PCURVE('',#3728,#3783);
#3783 = DEFINITIONAL_REPRESENTATION('',(#3784),#3788);
#3784 = LINE('',#3785,#3786);
#3785 = CARTESIAN_POINT('',(0.,0.));
#3786 = VECTOR('',#3787,1.);
#3787 = DIRECTION('',(1.,0.));
#3788 = ( GEOMETRIC_REPRESENTATION_CONTEXT(2) 
PARAMETRIC_REPRESENTATION_CONTEXT() REPRESENTATION_CONTEXT('2D SPACE',''
  ) );
#3789 = PCURVE('',#3790,#3795);
#3790 = PLANE('',#3791);
#3791 = AXIS2_PLACEMENT_3D('',#3792,#3793,#3794);
#3792 = CARTESIAN_POINT('',(0.,0.,0.));
#3793 = DIRECTION('',(0.,0.,1.));
#3794 = DIRECTION('',(1.,0.,-0.));
#3795 = DEFINITIONAL_REPRESENTATION('',(#3796),#3800);
#3796 = CIRCLE('',#3797,10.);
#3797 = AXIS2_PLACEMENT_2D('',#3798,#3799);
#3798 = CARTESIAN_POINT('',(0.,0.));
#3799 = DIRECTION('',(1.,0.));
#3800 = ( GEOMETRIC_REPRESENTATION_CONTEXT(2) 
PARAMETRIC_REPRESENTATION_CONTEXT() REPRESENTATION_CONTEXT('2D SPACE',''
  ) );
#3801 = ORIENTED_EDGE('',*,*,#3752,.T.);
#3802 = ADVANCED_FACE('',(#3803),#3740,.T.);
#3803 = FACE_BOUND('',#3804,.T.);
#3804 = EDGE_LOOP('',(#3805));
#3805 = ORIENTED_EDGE('',*,*,#3718,.T.);
#3806 = ADVANCED_FACE('',(#3807),#3790,.F.);
#3807 = FACE_BOUND('',#3808,.T.);
#3808 = EDGE_LOOP('',(#3809));
#3809 = ORIENTED_EDGE('',*,*,#3775,.F.);
#3810 = ( GEOMETRIC_REPRESENTATION_CONTEXT(3) 
GLOBAL_UNCERTAINTY_ASSIGNED_CONTEXT((#3814)) 
GLOBAL_UNIT_ASSIGNED_CONTEXT((#3811,#3812,#3813)) REPRESENTATION_CONTEXT
('Context #1','3D Context with UNIT and UNCERTAINTY') );
#3811 = ( LENGTH_UNIT() NAMED_UNIT(*) SI_UNIT(.MILLI.,.METRE.) );
#3812 = ( NAMED_UNIT(*) PLANE_ANGLE_UNIT() SI_UNIT($,.RADIAN.) );
#3813 = ( NAMED_UNIT(*) SI_UNIT($,.STERADIAN.) SOLID_ANGLE_UNIT() );
#3814 = UNCERTAINTY_MEASURE_WITH_UNIT(LENGTH_MEASURE(1.E-07),#3811,
  'distance_accuracy_value','confusion accuracy');
#3815 = CONTEXT_DEPENDENT_SHAPE_REPRESENTATION(#3816,#3818);
#3816 = ( REPRESENTATION_RELATIONSHIP('','',#3711,#3688) 
REPRESENTATION_RELATIONSHIP_WITH_TRANSFORMATION(#3817) 
SHAPE_REPRESENTATION_RELATIONSHIP() );
#3817 = ITEM_DEFINED_TRANSFORMATION('','',#11,#3689);
#3818 = PRODUCT_DEFINITION_SHAPE('Placement','Placement of an item',
  #3819);
#3819 = NEXT_ASSEMBLY_USAGE_OCCURRENCE('107','=>[0:1:1:37]','',#3683,
  #3706,$);
#3820 = PRODUCT_RELATED_PRODUCT_CATEGORY('part',$,(#3708));
#3821 = SHAPE_DEFINITION_REPRESENTATION(#3822,#3828);
#3822 = PRODUCT_DEFINITION_SHAPE('','',#3823);
#3823 = PRODUCT_DEFINITION('design','',#3824,#3827);
#3824 = PRODUCT_DEFINITION_FORMATION('','',#3825);
#3825 = PRODUCT('left_integrated_lower_leg_damper_placeholder',
  'left_integrated_lower_leg_damper_placeholder','',(#3826));
#3826 = PRODUCT_CONTEXT('',#2,'mechanical');
#3827 = PRODUCT_DEFINITION_CONTEXT('part definition',#2,'design');
#3828 = SHAPE_REPRESENTATION('',(#11,#3829),#3833);
#3829 = AXIS2_PLACEMENT_3D('',#3830,#3831,#3832);
#3830 = CARTESIAN_POINT('',(0.,0.,-132.6885450971));
#3831 = DIRECTION('',(0.,0.,1.));
#3832 = DIRECTION('',(1.,0.,0.));
#3833 = ( GEOMETRIC_REPRESENTATION_CONTEXT(3) 
GLOBAL_UNCERTAINTY_ASSIGNED_CONTEXT((#3837)) 
GLOBAL_UNIT_ASSIGNED_CONTEXT((#3834,#3835,#3836)) REPRESENTATION_CONTEXT
('Context #1','3D Context with UNIT and UNCERTAINTY') );
#3834 = ( LENGTH_UNIT() NAMED_UNIT(*) SI_UNIT(.MILLI.,.METRE.) );
#3835 = ( NAMED_UNIT(*) PLANE_ANGLE_UNIT() SI_UNIT($,.RADIAN.) );
#3836 = ( NAMED_UNIT(*) SI_UNIT($,.STERADIAN.) SOLID_ANGLE_UNIT() );
#3837 = UNCERTAINTY_MEASURE_WITH_UNIT(LENGTH_MEASURE(1.E-07),#3834,
  'distance_accuracy_value','confusion accuracy');
#3838 = CONTEXT_DEPENDENT_SHAPE_REPRESENTATION(#3839,#3841);
#3839 = ( REPRESENTATION_RELATIONSHIP('','',#3828,#10) 
REPRESENTATION_RELATIONSHIP_WITH_TRANSFORMATION(#3840) 
SHAPE_REPRESENTATION_RELATIONSHIP() );
#3840 = ITEM_DEFINED_TRANSFORMATION('','',#11,#87);
#3841 = PRODUCT_DEFINITION_SHAPE('Placement','Placement of an item',
  #3842);
#3842 = NEXT_ASSEMBLY_USAGE_OCCURRENCE('110','=>[0:1:1:38]','',#5,#3823,
  $);
#3843 = PRODUCT_RELATED_PRODUCT_CATEGORY('part',$,(#3825));
#3844 = SHAPE_DEFINITION_REPRESENTATION(#3845,#3851);
#3845 = PRODUCT_DEFINITION_SHAPE('','',#3846);
#3846 = PRODUCT_DEFINITION('design','',#3847,#3850);
#3847 = PRODUCT_DEFINITION_FORMATION('','',#3848);
#3848 = PRODUCT('SOLID','SOLID','',(#3849));
#3849 = PRODUCT_CONTEXT('',#2,'mechanical');
#3850 = PRODUCT_DEFINITION_CONTEXT('part definition',#2,'design');
#3851 = ADVANCED_BREP_SHAPE_REPRESENTATION('',(#11,#3852),#3950);
#3852 = MANIFOLD_SOLID_BREP('',#3853);
#3853 = CLOSED_SHELL('',(#3854,#3942,#3946));
#3854 = ADVANCED_FACE('',(#3855),#3868,.T.);
#3855 = FACE_BOUND('',#3856,.T.);
#3856 = EDGE_LOOP('',(#3857,#3891,#3914,#3941));
#3857 = ORIENTED_EDGE('',*,*,#3858,.F.);
#3858 = EDGE_CURVE('',#3859,#3859,#3861,.T.);
#3859 = VERTEX_POINT('',#3860);
#3860 = CARTESIAN_POINT('',(8.,-1.959434878636E-15,265.37709019431));
#3861 = SURFACE_CURVE('',#3862,(#3867,#3879),.PCURVE_S1.);
#3862 = CIRCLE('',#3863,8.);
#3863 = AXIS2_PLACEMENT_3D('',#3864,#3865,#3866);
#3864 = CARTESIAN_POINT('',(0.,0.,265.37709019431));
#3865 = DIRECTION('',(0.,0.,1.));
#3866 = DIRECTION('',(1.,0.,-0.));
#3867 = PCURVE('',#3868,#3873);
#3868 = CYLINDRICAL_SURFACE('',#3869,8.);
#3869 = AXIS2_PLACEMENT_3D('',#3870,#3871,#3872);
#3870 = CARTESIAN_POINT('',(0.,0.,0.));
#3871 = DIRECTION('',(0.,0.,1.));
#3872 = DIRECTION('',(1.,0.,-0.));
#3873 = DEFINITIONAL_REPRESENTATION('',(#3874),#3878);
#3874 = LINE('',#3875,#3876);
#3875 = CARTESIAN_POINT('',(0.,265.37709019431));
#3876 = VECTOR('',#3877,1.);
#3877 = DIRECTION('',(1.,0.));
#3878 = ( GEOMETRIC_REPRESENTATION_CONTEXT(2) 
PARAMETRIC_REPRESENTATION_CONTEXT() REPRESENTATION_CONTEXT('2D SPACE',''
  ) );
#3879 = PCURVE('',#3880,#3885);
#3880 = PLANE('',#3881);
#3881 = AXIS2_PLACEMENT_3D('',#3882,#3883,#3884);
#3882 = CARTESIAN_POINT('',(0.,0.,265.37709019431));
#3883 = DIRECTION('',(0.,0.,1.));
#3884 = DIRECTION('',(1.,0.,-0.));
#3885 = DEFINITIONAL_REPRESENTATION('',(#3886),#3890);
#3886 = CIRCLE('',#3887,8.);
#3887 = AXIS2_PLACEMENT_2D('',#3888,#3889);
#3888 = CARTESIAN_POINT('',(0.,0.));
#3889 = DIRECTION('',(1.,0.));
#3890 = ( GEOMETRIC_REPRESENTATION_CONTEXT(2) 
PARAMETRIC_REPRESENTATION_CONTEXT() REPRESENTATION_CONTEXT('2D SPACE',''
  ) );
#3891 = ORIENTED_EDGE('',*,*,#3892,.F.);
#3892 = EDGE_CURVE('',#3893,#3859,#3895,.T.);
#3893 = VERTEX_POINT('',#3894);
#3894 = CARTESIAN_POINT('',(8.,-1.959434878636E-15,0.));
#3895 = SEAM_CURVE('',#3896,(#3900,#3907),.PCURVE_S1.);
#3896 = LINE('',#3897,#3898);
#3897 = CARTESIAN_POINT('',(8.,-1.959434878636E-15,0.));
#3898 = VECTOR('',#3899,1.);
#3899 = DIRECTION('',(0.,0.,1.));
#3900 = PCURVE('',#3868,#3901);
#3901 = DEFINITIONAL_REPRESENTATION('',(#3902),#3906);
#3902 = LINE('',#3903,#3904);
#3903 = CARTESIAN_POINT('',(6.28318530718,-0.));
#3904 = VECTOR('',#3905,1.);
#3905 = DIRECTION('',(0.,1.));
#3906 = ( GEOMETRIC_REPRESENTATION_CONTEXT(2) 
PARAMETRIC_REPRESENTATION_CONTEXT() REPRESENTATION_CONTEXT('2D SPACE',''
  ) );
#3907 = PCURVE('',#3868,#3908);
#3908 = DEFINITIONAL_REPRESENTATION('',(#3909),#3913);
#3909 = LINE('',#3910,#3911);
#3910 = CARTESIAN_POINT('',(0.,-0.));
#3911 = VECTOR('',#3912,1.);
#3912 = DIRECTION('',(0.,1.));
#3913 = ( GEOMETRIC_REPRESENTATION_CONTEXT(2) 
PARAMETRIC_REPRESENTATION_CONTEXT() REPRESENTATION_CONTEXT('2D SPACE',''
  ) );
#3914 = ORIENTED_EDGE('',*,*,#3915,.T.);
#3915 = EDGE_CURVE('',#3893,#3893,#3916,.T.);
#3916 = SURFACE_CURVE('',#3917,(#3922,#3929),.PCURVE_S1.);
#3917 = CIRCLE('',#3918,8.);
#3918 = AXIS2_PLACEMENT_3D('',#3919,#3920,#3921);
#3919 = CARTESIAN_POINT('',(0.,0.,0.));
#3920 = DIRECTION('',(0.,0.,1.));
#3921 = DIRECTION('',(1.,0.,-0.));
#3922 = PCURVE('',#3868,#3923);
#3923 = DEFINITIONAL_REPRESENTATION('',(#3924),#3928);
#3924 = LINE('',#3925,#3926);
#3925 = CARTESIAN_POINT('',(0.,0.));
#3926 = VECTOR('',#3927,1.);
#3927 = DIRECTION('',(1.,0.));
#3928 = ( GEOMETRIC_REPRESENTATION_CONTEXT(2) 
PARAMETRIC_REPRESENTATION_CONTEXT() REPRESENTATION_CONTEXT('2D SPACE',''
  ) );
#3929 = PCURVE('',#3930,#3935);
#3930 = PLANE('',#3931);
#3931 = AXIS2_PLACEMENT_3D('',#3932,#3933,#3934);
#3932 = CARTESIAN_POINT('',(0.,0.,0.));
#3933 = DIRECTION('',(0.,0.,1.));
#3934 = DIRECTION('',(1.,0.,-0.));
#3935 = DEFINITIONAL_REPRESENTATION('',(#3936),#3940);
#3936 = CIRCLE('',#3937,8.);
#3937 = AXIS2_PLACEMENT_2D('',#3938,#3939);
#3938 = CARTESIAN_POINT('',(0.,0.));
#3939 = DIRECTION('',(1.,0.));
#3940 = ( GEOMETRIC_REPRESENTATION_CONTEXT(2) 
PARAMETRIC_REPRESENTATION_CONTEXT() REPRESENTATION_CONTEXT('2D SPACE',''
  ) );
#3941 = ORIENTED_EDGE('',*,*,#3892,.T.);
#3942 = ADVANCED_FACE('',(#3943),#3880,.T.);
#3943 = FACE_BOUND('',#3944,.T.);
#3944 = EDGE_LOOP('',(#3945));
#3945 = ORIENTED_EDGE('',*,*,#3858,.T.);
#3946 = ADVANCED_FACE('',(#3947),#3930,.F.);
#3947 = FACE_BOUND('',#3948,.T.);
#3948 = EDGE_LOOP('',(#3949));
#3949 = ORIENTED_EDGE('',*,*,#3915,.F.);
#3950 = ( GEOMETRIC_REPRESENTATION_CONTEXT(3) 
GLOBAL_UNCERTAINTY_ASSIGNED_CONTEXT((#3954)) 
GLOBAL_UNIT_ASSIGNED_CONTEXT((#3951,#3952,#3953)) REPRESENTATION_CONTEXT
('Context #1','3D Context with UNIT and UNCERTAINTY') );
#3951 = ( LENGTH_UNIT() NAMED_UNIT(*) SI_UNIT(.MILLI.,.METRE.) );
#3952 = ( NAMED_UNIT(*) PLANE_ANGLE_UNIT() SI_UNIT($,.RADIAN.) );
#3953 = ( NAMED_UNIT(*) SI_UNIT($,.STERADIAN.) SOLID_ANGLE_UNIT() );
#3954 = UNCERTAINTY_MEASURE_WITH_UNIT(LENGTH_MEASURE(1.E-07),#3951,
  'distance_accuracy_value','confusion accuracy');
#3955 = CONTEXT_DEPENDENT_SHAPE_REPRESENTATION(#3956,#3958);
#3956 = ( REPRESENTATION_RELATIONSHIP('','',#3851,#3828) 
REPRESENTATION_RELATIONSHIP_WITH_TRANSFORMATION(#3957) 
SHAPE_REPRESENTATION_RELATIONSHIP() );
#3957 = ITEM_DEFINED_TRANSFORMATION('','',#11,#3829);
#3958 = PRODUCT_DEFINITION_SHAPE('Placement','Placement of an item',
  #3959);
#3959 = NEXT_ASSEMBLY_USAGE_OCCURRENCE('109','=>[0:1:1:39]','',#3823,
  #3846,$);
#3960 = PRODUCT_RELATED_PRODUCT_CATEGORY('part',$,(#3848));
#3961 = SHAPE_DEFINITION_REPRESENTATION(#3962,#3968);
#3962 = PRODUCT_DEFINITION_SHAPE('','',#3963);
#3963 = PRODUCT_DEFINITION('design','',#3964,#3967);
#3964 = PRODUCT_DEFINITION_FORMATION('','',#3965);
#3965 = PRODUCT('left_integrated_upper_leg_damper_placeholder',
  'left_integrated_upper_leg_damper_placeholder','',(#3966));
#3966 = PRODUCT_CONTEXT('',#2,'mechanical');
#3967 = PRODUCT_DEFINITION_CONTEXT('part definition',#2,'design');
#3968 = SHAPE_REPRESENTATION('',(#11,#3969),#3973);
#3969 = AXIS2_PLACEMENT_3D('',#3970,#3971,#3972);
#3970 = CARTESIAN_POINT('',(0.,0.,-119.5794714823));
#3971 = DIRECTION('',(0.,0.,1.));
#3972 = DIRECTION('',(1.,0.,0.));
#3973 = ( GEOMETRIC_REPRESENTATION_CONTEXT(3) 
GLOBAL_UNCERTAINTY_ASSIGNED_CONTEXT((#3977)) 
GLOBAL_UNIT_ASSIGNED_CONTEXT((#3974,#3975,#3976)) REPRESENTATION_CONTEXT
('Context #1','3D Context with UNIT and UNCERTAINTY') );
#3974 = ( LENGTH_UNIT() NAMED_UNIT(*) SI_UNIT(.MILLI.,.METRE.) );
#3975 = ( NAMED_UNIT(*) PLANE_ANGLE_UNIT() SI_UNIT($,.RADIAN.) );
#3976 = ( NAMED_UNIT(*) SI_UNIT($,.STERADIAN.) SOLID_ANGLE_UNIT() );
#3977 = UNCERTAINTY_MEASURE_WITH_UNIT(LENGTH_MEASURE(1.E-07),#3974,
  'distance_accuracy_value','confusion accuracy');
#3978 = CONTEXT_DEPENDENT_SHAPE_REPRESENTATION(#3979,#3981);
#3979 = ( REPRESENTATION_RELATIONSHIP('','',#3968,#10) 
REPRESENTATION_RELATIONSHIP_WITH_TRANSFORMATION(#3980) 
SHAPE_REPRESENTATION_RELATIONSHIP() );
#3980 = ITEM_DEFINED_TRANSFORMATION('','',#11,#91);
#3981 = PRODUCT_DEFINITION_SHAPE('Placement','Placement of an item',
  #3982);
#3982 = NEXT_ASSEMBLY_USAGE_OCCURRENCE('112','=>[0:1:1:40]','',#5,#3963,
  $);
#3983 = PRODUCT_RELATED_PRODUCT_CATEGORY('part',$,(#3965));
#3984 = SHAPE_DEFINITION_REPRESENTATION(#3985,#3991);
#3985 = PRODUCT_DEFINITION_SHAPE('','',#3986);
#3986 = PRODUCT_DEFINITION('design','',#3987,#3990);
#3987 = PRODUCT_DEFINITION_FORMATION('','',#3988);
#3988 = PRODUCT('SOLID','SOLID','',(#3989));
#3989 = PRODUCT_CONTEXT('',#2,'mechanical');
#3990 = PRODUCT_DEFINITION_CONTEXT('part definition',#2,'design');
#3991 = ADVANCED_BREP_SHAPE_REPRESENTATION('',(#11,#3992),#4090);
#3992 = MANIFOLD_SOLID_BREP('',#3993);
#3993 = CLOSED_SHELL('',(#3994,#4082,#4086));
#3994 = ADVANCED_FACE('',(#3995),#4008,.T.);
#3995 = FACE_BOUND('',#3996,.T.);
#3996 = EDGE_LOOP('',(#3997,#4031,#4054,#4081));
#3997 = ORIENTED_EDGE('',*,*,#3998,.F.);
#3998 = EDGE_CURVE('',#3999,#3999,#4001,.T.);
#3999 = VERTEX_POINT('',#4000);
#4000 = CARTESIAN_POINT('',(8.,-1.959434878636E-15,239.15894296471));
#4001 = SURFACE_CURVE('',#4002,(#4007,#4019),.PCURVE_S1.);
#4002 = CIRCLE('',#4003,8.);
#4003 = AXIS2_PLACEMENT_3D('',#4004,#4005,#4006);
#4004 = CARTESIAN_POINT('',(0.,0.,239.15894296471));
#4005 = DIRECTION('',(0.,0.,1.));
#4006 = DIRECTION('',(1.,0.,-0.));
#4007 = PCURVE('',#4008,#4013);
#4008 = CYLINDRICAL_SURFACE('',#4009,8.);
#4009 = AXIS2_PLACEMENT_3D('',#4010,#4011,#4012);
#4010 = CARTESIAN_POINT('',(0.,0.,0.));
#4011 = DIRECTION('',(0.,0.,1.));
#4012 = DIRECTION('',(1.,0.,-0.));
#4013 = DEFINITIONAL_REPRESENTATION('',(#4014),#4018);
#4014 = LINE('',#4015,#4016);
#4015 = CARTESIAN_POINT('',(0.,239.15894296471));
#4016 = VECTOR('',#4017,1.);
#4017 = DIRECTION('',(1.,0.));
#4018 = ( GEOMETRIC_REPRESENTATION_CONTEXT(2) 
PARAMETRIC_REPRESENTATION_CONTEXT() REPRESENTATION_CONTEXT('2D SPACE',''
  ) );
#4019 = PCURVE('',#4020,#4025);
#4020 = PLANE('',#4021);
#4021 = AXIS2_PLACEMENT_3D('',#4022,#4023,#4024);
#4022 = CARTESIAN_POINT('',(0.,0.,239.15894296471));
#4023 = DIRECTION('',(0.,0.,1.));
#4024 = DIRECTION('',(1.,0.,-0.));
#4025 = DEFINITIONAL_REPRESENTATION('',(#4026),#4030);
#4026 = CIRCLE('',#4027,8.);
#4027 = AXIS2_PLACEMENT_2D('',#4028,#4029);
#4028 = CARTESIAN_POINT('',(0.,0.));
#4029 = DIRECTION('',(1.,0.));
#4030 = ( GEOMETRIC_REPRESENTATION_CONTEXT(2) 
PARAMETRIC_REPRESENTATION_CONTEXT() REPRESENTATION_CONTEXT('2D SPACE',''
  ) );
#4031 = ORIENTED_EDGE('',*,*,#4032,.F.);
#4032 = EDGE_CURVE('',#4033,#3999,#4035,.T.);
#4033 = VERTEX_POINT('',#4034);
#4034 = CARTESIAN_POINT('',(8.,-1.959434878636E-15,0.));
#4035 = SEAM_CURVE('',#4036,(#4040,#4047),.PCURVE_S1.);
#4036 = LINE('',#4037,#4038);
#4037 = CARTESIAN_POINT('',(8.,-1.959434878636E-15,0.));
#4038 = VECTOR('',#4039,1.);
#4039 = DIRECTION('',(0.,0.,1.));
#4040 = PCURVE('',#4008,#4041);
#4041 = DEFINITIONAL_REPRESENTATION('',(#4042),#4046);
#4042 = LINE('',#4043,#4044);
#4043 = CARTESIAN_POINT('',(6.28318530718,-0.));
#4044 = VECTOR('',#4045,1.);
#4045 = DIRECTION('',(0.,1.));
#4046 = ( GEOMETRIC_REPRESENTATION_CONTEXT(2) 
PARAMETRIC_REPRESENTATION_CONTEXT() REPRESENTATION_CONTEXT('2D SPACE',''
  ) );
#4047 = PCURVE('',#4008,#4048);
#4048 = DEFINITIONAL_REPRESENTATION('',(#4049),#4053);
#4049 = LINE('',#4050,#4051);
#4050 = CARTESIAN_POINT('',(0.,-0.));
#4051 = VECTOR('',#4052,1.);
#4052 = DIRECTION('',(0.,1.));
#4053 = ( GEOMETRIC_REPRESENTATION_CONTEXT(2) 
PARAMETRIC_REPRESENTATION_CONTEXT() REPRESENTATION_CONTEXT('2D SPACE',''
  ) );
#4054 = ORIENTED_EDGE('',*,*,#4055,.T.);
#4055 = EDGE_CURVE('',#4033,#4033,#4056,.T.);
#4056 = SURFACE_CURVE('',#4057,(#4062,#4069),.PCURVE_S1.);
#4057 = CIRCLE('',#4058,8.);
#4058 = AXIS2_PLACEMENT_3D('',#4059,#4060,#4061);
#4059 = CARTESIAN_POINT('',(0.,0.,0.));
#4060 = DIRECTION('',(0.,0.,1.));
#4061 = DIRECTION('',(1.,0.,-0.));
#4062 = PCURVE('',#4008,#4063);
#4063 = DEFINITIONAL_REPRESENTATION('',(#4064),#4068);
#4064 = LINE('',#4065,#4066);
#4065 = CARTESIAN_POINT('',(0.,0.));
#4066 = VECTOR('',#4067,1.);
#4067 = DIRECTION('',(1.,0.));
#4068 = ( GEOMETRIC_REPRESENTATION_CONTEXT(2) 
PARAMETRIC_REPRESENTATION_CONTEXT() REPRESENTATION_CONTEXT('2D SPACE',''
  ) );
#4069 = PCURVE('',#4070,#4075);
#4070 = PLANE('',#4071);
#4071 = AXIS2_PLACEMENT_3D('',#4072,#4073,#4074);
#4072 = CARTESIAN_POINT('',(0.,0.,0.));
#4073 = DIRECTION('',(0.,0.,1.));
#4074 = DIRECTION('',(1.,0.,-0.));
#4075 = DEFINITIONAL_REPRESENTATION('',(#4076),#4080);
#4076 = CIRCLE('',#4077,8.);
#4077 = AXIS2_PLACEMENT_2D('',#4078,#4079);
#4078 = CARTESIAN_POINT('',(0.,0.));
#4079 = DIRECTION('',(1.,0.));
#4080 = ( GEOMETRIC_REPRESENTATION_CONTEXT(2) 
PARAMETRIC_REPRESENTATION_CONTEXT() REPRESENTATION_CONTEXT('2D SPACE',''
  ) );
#4081 = ORIENTED_EDGE('',*,*,#4032,.T.);
#4082 = ADVANCED_FACE('',(#4083),#4020,.T.);
#4083 = FACE_BOUND('',#4084,.T.);
#4084 = EDGE_LOOP('',(#4085));
#4085 = ORIENTED_EDGE('',*,*,#3998,.T.);
#4086 = ADVANCED_FACE('',(#4087),#4070,.F.);
#4087 = FACE_BOUND('',#4088,.T.);
#4088 = EDGE_LOOP('',(#4089));
#4089 = ORIENTED_EDGE('',*,*,#4055,.F.);
#4090 = ( GEOMETRIC_REPRESENTATION_CONTEXT(3) 
GLOBAL_UNCERTAINTY_ASSIGNED_CONTEXT((#4094)) 
GLOBAL_UNIT_ASSIGNED_CONTEXT((#4091,#4092,#4093)) REPRESENTATION_CONTEXT
('Context #1','3D Context with UNIT and UNCERTAINTY') );
#4091 = ( LENGTH_UNIT() NAMED_UNIT(*) SI_UNIT(.MILLI.,.METRE.) );
#4092 = ( NAMED_UNIT(*) PLANE_ANGLE_UNIT() SI_UNIT($,.RADIAN.) );
#4093 = ( NAMED_UNIT(*) SI_UNIT($,.STERADIAN.) SOLID_ANGLE_UNIT() );
#4094 = UNCERTAINTY_MEASURE_WITH_UNIT(LENGTH_MEASURE(1.E-07),#4091,
  'distance_accuracy_value','confusion accuracy');
#4095 = CONTEXT_DEPENDENT_SHAPE_REPRESENTATION(#4096,#4098);
#4096 = ( REPRESENTATION_RELATIONSHIP('','',#3991,#3968) 
REPRESENTATION_RELATIONSHIP_WITH_TRANSFORMATION(#4097) 
SHAPE_REPRESENTATION_RELATIONSHIP() );
#4097 = ITEM_DEFINED_TRANSFORMATION('','',#11,#3969);
#4098 = PRODUCT_DEFINITION_SHAPE('Placement','Placement of an item',
  #4099);
#4099 = NEXT_ASSEMBLY_USAGE_OCCURRENCE('111','=>[0:1:1:41]','',#3963,
  #3986,$);
#4100 = PRODUCT_RELATED_PRODUCT_CATEGORY('part',$,(#3988));
#4101 = SHAPE_DEFINITION_REPRESENTATION(#4102,#4108);
#4102 = PRODUCT_DEFINITION_SHAPE('','',#4103);
#4103 = PRODUCT_DEFINITION('design','',#4104,#4107);
#4104 = PRODUCT_DEFINITION_FORMATION('','',#4105);
#4105 = PRODUCT('right_outer_lower_leg_load_link',
  'right_outer_lower_leg_load_link','',(#4106));
#4106 = PRODUCT_CONTEXT('',#2,'mechanical');
#4107 = PRODUCT_DEFINITION_CONTEXT('part definition',#2,'design');
#4108 = SHAPE_REPRESENTATION('',(#11,#4109),#4113);
#4109 = AXIS2_PLACEMENT_3D('',#4110,#4111,#4112);
#4110 = CARTESIAN_POINT('',(0.,0.,-155.3294885074));
#4111 = DIRECTION('',(0.,0.,1.));
#4112 = DIRECTION('',(1.,0.,0.));
#4113 = ( GEOMETRIC_REPRESENTATION_CONTEXT(3) 
GLOBAL_UNCERTAINTY_ASSIGNED_CONTEXT((#4117)) 
GLOBAL_UNIT_ASSIGNED_CONTEXT((#4114,#4115,#4116)) REPRESENTATION_CONTEXT
('Context #1','3D Context with UNIT and UNCERTAINTY') );
#4114 = ( LENGTH_UNIT() NAMED_UNIT(*) SI_UNIT(.MILLI.,.METRE.) );
#4115 = ( NAMED_UNIT(*) PLANE_ANGLE_UNIT() SI_UNIT($,.RADIAN.) );
#4116 = ( NAMED_UNIT(*) SI_UNIT($,.STERADIAN.) SOLID_ANGLE_UNIT() );
#4117 = UNCERTAINTY_MEASURE_WITH_UNIT(LENGTH_MEASURE(1.E-07),#4114,
  'distance_accuracy_value','confusion accuracy');
#4118 = CONTEXT_DEPENDENT_SHAPE_REPRESENTATION(#4119,#4121);
#4119 = ( REPRESENTATION_RELATIONSHIP('','',#4108,#10) 
REPRESENTATION_RELATIONSHIP_WITH_TRANSFORMATION(#4120) 
SHAPE_REPRESENTATION_RELATIONSHIP() );
#4120 = ITEM_DEFINED_TRANSFORMATION('','',#11,#95);
#4121 = PRODUCT_DEFINITION_SHAPE('Placement','Placement of an item',
  #4122);
#4122 = NEXT_ASSEMBLY_USAGE_OCCURRENCE('114','=>[0:1:1:42]','',#5,#4103,
  $);
#4123 = PRODUCT_RELATED_PRODUCT_CATEGORY('part',$,(#4105));
#4124 = SHAPE_DEFINITION_REPRESENTATION(#4125,#4131);
#4125 = PRODUCT_DEFINITION_SHAPE('','',#4126);
#4126 = PRODUCT_DEFINITION('design','',#4127,#4130);
#4127 = PRODUCT_DEFINITION_FORMATION('','',#4128);
#4128 = PRODUCT('SOLID','SOLID','',(#4129));
#4129 = PRODUCT_CONTEXT('',#2,'mechanical');
#4130 = PRODUCT_DEFINITION_CONTEXT('part definition',#2,'design');
#4131 = ADVANCED_BREP_SHAPE_REPRESENTATION('',(#11,#4132),#4230);
#4132 = MANIFOLD_SOLID_BREP('',#4133);
#4133 = CLOSED_SHELL('',(#4134,#4222,#4226));
#4134 = ADVANCED_FACE('',(#4135),#4148,.T.);
#4135 = FACE_BOUND('',#4136,.T.);
#4136 = EDGE_LOOP('',(#4137,#4171,#4194,#4221));
#4137 = ORIENTED_EDGE('',*,*,#4138,.F.);
#4138 = EDGE_CURVE('',#4139,#4139,#4141,.T.);
#4139 = VERTEX_POINT('',#4140);
#4140 = CARTESIAN_POINT('',(18.,-4.40872847693E-15,310.65897701499));
#4141 = SURFACE_CURVE('',#4142,(#4147,#4159),.PCURVE_S1.);
#4142 = CIRCLE('',#4143,18.);
#4143 = AXIS2_PLACEMENT_3D('',#4144,#4145,#4146);
#4144 = CARTESIAN_POINT('',(0.,0.,310.65897701499));
#4145 = DIRECTION('',(0.,0.,1.));
#4146 = DIRECTION('',(1.,0.,-0.));
#4147 = PCURVE('',#4148,#4153);
#4148 = CYLINDRICAL_SURFACE('',#4149,18.);
#4149 = AXIS2_PLACEMENT_3D('',#4150,#4151,#4152);
#4150 = CARTESIAN_POINT('',(0.,0.,0.));
#4151 = DIRECTION('',(0.,0.,1.));
#4152 = DIRECTION('',(1.,0.,-0.));
#4153 = DEFINITIONAL_REPRESENTATION('',(#4154),#4158);
#4154 = LINE('',#4155,#4156);
#4155 = CARTESIAN_POINT('',(0.,310.65897701499));
#4156 = VECTOR('',#4157,1.);
#4157 = DIRECTION('',(1.,0.));
#4158 = ( GEOMETRIC_REPRESENTATION_CONTEXT(2) 
PARAMETRIC_REPRESENTATION_CONTEXT() REPRESENTATION_CONTEXT('2D SPACE',''
  ) );
#4159 = PCURVE('',#4160,#4165);
#4160 = PLANE('',#4161);
#4161 = AXIS2_PLACEMENT_3D('',#4162,#4163,#4164);
#4162 = CARTESIAN_POINT('',(0.,0.,310.65897701499));
#4163 = DIRECTION('',(0.,0.,1.));
#4164 = DIRECTION('',(1.,0.,-0.));
#4165 = DEFINITIONAL_REPRESENTATION('',(#4166),#4170);
#4166 = CIRCLE('',#4167,18.);
#4167 = AXIS2_PLACEMENT_2D('',#4168,#4169);
#4168 = CARTESIAN_POINT('',(0.,0.));
#4169 = DIRECTION('',(1.,0.));
#4170 = ( GEOMETRIC_REPRESENTATION_CONTEXT(2) 
PARAMETRIC_REPRESENTATION_CONTEXT() REPRESENTATION_CONTEXT('2D SPACE',''
  ) );
#4171 = ORIENTED_EDGE('',*,*,#4172,.F.);
#4172 = EDGE_CURVE('',#4173,#4139,#4175,.T.);
#4173 = VERTEX_POINT('',#4174);
#4174 = CARTESIAN_POINT('',(18.,-4.40872847693E-15,0.));
#4175 = SEAM_CURVE('',#4176,(#4180,#4187),.PCURVE_S1.);
#4176 = LINE('',#4177,#4178);
#4177 = CARTESIAN_POINT('',(18.,-4.40872847693E-15,0.));
#4178 = VECTOR('',#4179,1.);
#4179 = DIRECTION('',(0.,0.,1.));
#4180 = PCURVE('',#4148,#4181);
#4181 = DEFINITIONAL_REPRESENTATION('',(#4182),#4186);
#4182 = LINE('',#4183,#4184);
#4183 = CARTESIAN_POINT('',(6.28318530718,-0.));
#4184 = VECTOR('',#4185,1.);
#4185 = DIRECTION('',(0.,1.));
#4186 = ( GEOMETRIC_REPRESENTATION_CONTEXT(2) 
PARAMETRIC_REPRESENTATION_CONTEXT() REPRESENTATION_CONTEXT('2D SPACE',''
  ) );
#4187 = PCURVE('',#4148,#4188);
#4188 = DEFINITIONAL_REPRESENTATION('',(#4189),#4193);
#4189 = LINE('',#4190,#4191);
#4190 = CARTESIAN_POINT('',(0.,-0.));
#4191 = VECTOR('',#4192,1.);
#4192 = DIRECTION('',(0.,1.));
#4193 = ( GEOMETRIC_REPRESENTATION_CONTEXT(2) 
PARAMETRIC_REPRESENTATION_CONTEXT() REPRESENTATION_CONTEXT('2D SPACE',''
  ) );
#4194 = ORIENTED_EDGE('',*,*,#4195,.T.);
#4195 = EDGE_CURVE('',#4173,#4173,#4196,.T.);
#4196 = SURFACE_CURVE('',#4197,(#4202,#4209),.PCURVE_S1.);
#4197 = CIRCLE('',#4198,18.);
#4198 = AXIS2_PLACEMENT_3D('',#4199,#4200,#4201);
#4199 = CARTESIAN_POINT('',(0.,0.,0.));
#4200 = DIRECTION('',(0.,0.,1.));
#4201 = DIRECTION('',(1.,0.,-0.));
#4202 = PCURVE('',#4148,#4203);
#4203 = DEFINITIONAL_REPRESENTATION('',(#4204),#4208);
#4204 = LINE('',#4205,#4206);
#4205 = CARTESIAN_POINT('',(0.,0.));
#4206 = VECTOR('',#4207,1.);
#4207 = DIRECTION('',(1.,0.));
#4208 = ( GEOMETRIC_REPRESENTATION_CONTEXT(2) 
PARAMETRIC_REPRESENTATION_CONTEXT() REPRESENTATION_CONTEXT('2D SPACE',''
  ) );
#4209 = PCURVE('',#4210,#4215);
#4210 = PLANE('',#4211);
#4211 = AXIS2_PLACEMENT_3D('',#4212,#4213,#4214);
#4212 = CARTESIAN_POINT('',(0.,0.,0.));
#4213 = DIRECTION('',(0.,0.,1.));
#4214 = DIRECTION('',(1.,0.,-0.));
#4215 = DEFINITIONAL_REPRESENTATION('',(#4216),#4220);
#4216 = CIRCLE('',#4217,18.);
#4217 = AXIS2_PLACEMENT_2D('',#4218,#4219);
#4218 = CARTESIAN_POINT('',(0.,0.));
#4219 = DIRECTION('',(1.,0.));
#4220 = ( GEOMETRIC_REPRESENTATION_CONTEXT(2) 
PARAMETRIC_REPRESENTATION_CONTEXT() REPRESENTATION_CONTEXT('2D SPACE',''
  ) );
#4221 = ORIENTED_EDGE('',*,*,#4172,.T.);
#4222 = ADVANCED_FACE('',(#4223),#4160,.T.);
#4223 = FACE_BOUND('',#4224,.T.);
#4224 = EDGE_LOOP('',(#4225));
#4225 = ORIENTED_EDGE('',*,*,#4138,.T.);
#4226 = ADVANCED_FACE('',(#4227),#4210,.F.);
#4227 = FACE_BOUND('',#4228,.T.);
#4228 = EDGE_LOOP('',(#4229));
#4229 = ORIENTED_EDGE('',*,*,#4195,.F.);
#4230 = ( GEOMETRIC_REPRESENTATION_CONTEXT(3) 
GLOBAL_UNCERTAINTY_ASSIGNED_CONTEXT((#4234)) 
GLOBAL_UNIT_ASSIGNED_CONTEXT((#4231,#4232,#4233)) REPRESENTATION_CONTEXT
('Context #1','3D Context with UNIT and UNCERTAINTY') );
#4231 = ( LENGTH_UNIT() NAMED_UNIT(*) SI_UNIT(.MILLI.,.METRE.) );
#4232 = ( NAMED_UNIT(*) PLANE_ANGLE_UNIT() SI_UNIT($,.RADIAN.) );
#4233 = ( NAMED_UNIT(*) SI_UNIT($,.STERADIAN.) SOLID_ANGLE_UNIT() );
#4234 = UNCERTAINTY_MEASURE_WITH_UNIT(LENGTH_MEASURE(1.E-07),#4231,
  'distance_accuracy_value','confusion accuracy');
#4235 = CONTEXT_DEPENDENT_SHAPE_REPRESENTATION(#4236,#4238);
#4236 = ( REPRESENTATION_RELATIONSHIP('','',#4131,#4108) 
REPRESENTATION_RELATIONSHIP_WITH_TRANSFORMATION(#4237) 
SHAPE_REPRESENTATION_RELATIONSHIP() );
#4237 = ITEM_DEFINED_TRANSFORMATION('','',#11,#4109);
#4238 = PRODUCT_DEFINITION_SHAPE('Placement','Placement of an item',
  #4239);
#4239 = NEXT_ASSEMBLY_USAGE_OCCURRENCE('113','=>[0:1:1:43]','',#4103,
  #4126,$);
#4240 = PRODUCT_RELATED_PRODUCT_CATEGORY('part',$,(#4128));
#4241 = SHAPE_DEFINITION_REPRESENTATION(#4242,#4248);
#4242 = PRODUCT_DEFINITION_SHAPE('','',#4243);
#4243 = PRODUCT_DEFINITION('design','',#4244,#4247);
#4244 = PRODUCT_DEFINITION_FORMATION('','',#4245);
#4245 = PRODUCT('right_inner_lower_leg_load_link',
  'right_inner_lower_leg_load_link','',(#4246));
#4246 = PRODUCT_CONTEXT('',#2,'mechanical');
#4247 = PRODUCT_DEFINITION_CONTEXT('part definition',#2,'design');
#4248 = SHAPE_REPRESENTATION('',(#11,#4249),#4253);
#4249 = AXIS2_PLACEMENT_3D('',#4250,#4251,#4252);
#4250 = CARTESIAN_POINT('',(0.,0.,-154.9265955218));
#4251 = DIRECTION('',(0.,0.,1.));
#4252 = DIRECTION('',(1.,0.,0.));
#4253 = ( GEOMETRIC_REPRESENTATION_CONTEXT(3) 
GLOBAL_UNCERTAINTY_ASSIGNED_CONTEXT((#4257)) 
GLOBAL_UNIT_ASSIGNED_CONTEXT((#4254,#4255,#4256)) REPRESENTATION_CONTEXT
('Context #1','3D Context with UNIT and UNCERTAINTY') );
#4254 = ( LENGTH_UNIT() NAMED_UNIT(*) SI_UNIT(.MILLI.,.METRE.) );
#4255 = ( NAMED_UNIT(*) PLANE_ANGLE_UNIT() SI_UNIT($,.RADIAN.) );
#4256 = ( NAMED_UNIT(*) SI_UNIT($,.STERADIAN.) SOLID_ANGLE_UNIT() );
#4257 = UNCERTAINTY_MEASURE_WITH_UNIT(LENGTH_MEASURE(1.E-07),#4254,
  'distance_accuracy_value','confusion accuracy');
#4258 = CONTEXT_DEPENDENT_SHAPE_REPRESENTATION(#4259,#4261);
#4259 = ( REPRESENTATION_RELATIONSHIP('','',#4248,#10) 
REPRESENTATION_RELATIONSHIP_WITH_TRANSFORMATION(#4260) 
SHAPE_REPRESENTATION_RELATIONSHIP() );
#4260 = ITEM_DEFINED_TRANSFORMATION('','',#11,#99);
#4261 = PRODUCT_DEFINITION_SHAPE('Placement','Placement of an item',
  #4262);
#4262 = NEXT_ASSEMBLY_USAGE_OCCURRENCE('116','=>[0:1:1:44]','',#5,#4243,
  $);
#4263 = PRODUCT_RELATED_PRODUCT_CATEGORY('part',$,(#4245));
#4264 = SHAPE_DEFINITION_REPRESENTATION(#4265,#4271);
#4265 = PRODUCT_DEFINITION_SHAPE('','',#4266);
#4266 = PRODUCT_DEFINITION('design','',#4267,#4270);
#4267 = PRODUCT_DEFINITION_FORMATION('','',#4268);
#4268 = PRODUCT('SOLID','SOLID','',(#4269));
#4269 = PRODUCT_CONTEXT('',#2,'mechanical');
#4270 = PRODUCT_DEFINITION_CONTEXT('part definition',#2,'design');
#4271 = ADVANCED_BREP_SHAPE_REPRESENTATION('',(#11,#4272),#4370);
#4272 = MANIFOLD_SOLID_BREP('',#4273);
#4273 = CLOSED_SHELL('',(#4274,#4362,#4366));
#4274 = ADVANCED_FACE('',(#4275),#4288,.T.);
#4275 = FACE_BOUND('',#4276,.T.);
#4276 = EDGE_LOOP('',(#4277,#4311,#4334,#4361));
#4277 = ORIENTED_EDGE('',*,*,#4278,.F.);
#4278 = EDGE_CURVE('',#4279,#4279,#4281,.T.);
#4279 = VERTEX_POINT('',#4280);
#4280 = CARTESIAN_POINT('',(18.,-4.40872847693E-15,309.85319104375));
#4281 = SURFACE_CURVE('',#4282,(#4287,#4299),.PCURVE_S1.);
#4282 = CIRCLE('',#4283,18.);
#4283 = AXIS2_PLACEMENT_3D('',#4284,#4285,#4286);
#4284 = CARTESIAN_POINT('',(0.,0.,309.85319104375));
#4285 = DIRECTION('',(0.,0.,1.));
#4286 = DIRECTION('',(1.,0.,-0.));
#4287 = PCURVE('',#4288,#4293);
#4288 = CYLINDRICAL_SURFACE('',#4289,18.);
#4289 = AXIS2_PLACEMENT_3D('',#4290,#4291,#4292);
#4290 = CARTESIAN_POINT('',(0.,0.,0.));
#4291 = DIRECTION('',(0.,0.,1.));
#4292 = DIRECTION('',(1.,0.,-0.));
#4293 = DEFINITIONAL_REPRESENTATION('',(#4294),#4298);
#4294 = LINE('',#4295,#4296);
#4295 = CARTESIAN_POINT('',(0.,309.85319104375));
#4296 = VECTOR('',#4297,1.);
#4297 = DIRECTION('',(1.,0.));
#4298 = ( GEOMETRIC_REPRESENTATION_CONTEXT(2) 
PARAMETRIC_REPRESENTATION_CONTEXT() REPRESENTATION_CONTEXT('2D SPACE',''
  ) );
#4299 = PCURVE('',#4300,#4305);
#4300 = PLANE('',#4301);
#4301 = AXIS2_PLACEMENT_3D('',#4302,#4303,#4304);
#4302 = CARTESIAN_POINT('',(0.,0.,309.85319104375));
#4303 = DIRECTION('',(0.,0.,1.));
#4304 = DIRECTION('',(1.,0.,-0.));
#4305 = DEFINITIONAL_REPRESENTATION('',(#4306),#4310);
#4306 = CIRCLE('',#4307,18.);
#4307 = AXIS2_PLACEMENT_2D('',#4308,#4309);
#4308 = CARTESIAN_POINT('',(0.,0.));
#4309 = DIRECTION('',(1.,0.));
#4310 = ( GEOMETRIC_REPRESENTATION_CONTEXT(2) 
PARAMETRIC_REPRESENTATION_CONTEXT() REPRESENTATION_CONTEXT('2D SPACE',''
  ) );
#4311 = ORIENTED_EDGE('',*,*,#4312,.F.);
#4312 = EDGE_CURVE('',#4313,#4279,#4315,.T.);
#4313 = VERTEX_POINT('',#4314);
#4314 = CARTESIAN_POINT('',(18.,-4.40872847693E-15,0.));
#4315 = SEAM_CURVE('',#4316,(#4320,#4327),.PCURVE_S1.);
#4316 = LINE('',#4317,#4318);
#4317 = CARTESIAN_POINT('',(18.,-4.40872847693E-15,0.));
#4318 = VECTOR('',#4319,1.);
#4319 = DIRECTION('',(0.,0.,1.));
#4320 = PCURVE('',#4288,#4321);
#4321 = DEFINITIONAL_REPRESENTATION('',(#4322),#4326);
#4322 = LINE('',#4323,#4324);
#4323 = CARTESIAN_POINT('',(6.28318530718,-0.));
#4324 = VECTOR('',#4325,1.);
#4325 = DIRECTION('',(0.,1.));
#4326 = ( GEOMETRIC_REPRESENTATION_CONTEXT(2) 
PARAMETRIC_REPRESENTATION_CONTEXT() REPRESENTATION_CONTEXT('2D SPACE',''
  ) );
#4327 = PCURVE('',#4288,#4328);
#4328 = DEFINITIONAL_REPRESENTATION('',(#4329),#4333);
#4329 = LINE('',#4330,#4331);
#4330 = CARTESIAN_POINT('',(0.,-0.));
#4331 = VECTOR('',#4332,1.);
#4332 = DIRECTION('',(0.,1.));
#4333 = ( GEOMETRIC_REPRESENTATION_CONTEXT(2) 
PARAMETRIC_REPRESENTATION_CONTEXT() REPRESENTATION_CONTEXT('2D SPACE',''
  ) );
#4334 = ORIENTED_EDGE('',*,*,#4335,.T.);
#4335 = EDGE_CURVE('',#4313,#4313,#4336,.T.);
#4336 = SURFACE_CURVE('',#4337,(#4342,#4349),.PCURVE_S1.);
#4337 = CIRCLE('',#4338,18.);
#4338 = AXIS2_PLACEMENT_3D('',#4339,#4340,#4341);
#4339 = CARTESIAN_POINT('',(0.,0.,0.));
#4340 = DIRECTION('',(0.,0.,1.));
#4341 = DIRECTION('',(1.,0.,-0.));
#4342 = PCURVE('',#4288,#4343);
#4343 = DEFINITIONAL_REPRESENTATION('',(#4344),#4348);
#4344 = LINE('',#4345,#4346);
#4345 = CARTESIAN_POINT('',(0.,0.));
#4346 = VECTOR('',#4347,1.);
#4347 = DIRECTION('',(1.,0.));
#4348 = ( GEOMETRIC_REPRESENTATION_CONTEXT(2) 
PARAMETRIC_REPRESENTATION_CONTEXT() REPRESENTATION_CONTEXT('2D SPACE',''
  ) );
#4349 = PCURVE('',#4350,#4355);
#4350 = PLANE('',#4351);
#4351 = AXIS2_PLACEMENT_3D('',#4352,#4353,#4354);
#4352 = CARTESIAN_POINT('',(0.,0.,0.));
#4353 = DIRECTION('',(0.,0.,1.));
#4354 = DIRECTION('',(1.,0.,-0.));
#4355 = DEFINITIONAL_REPRESENTATION('',(#4356),#4360);
#4356 = CIRCLE('',#4357,18.);
#4357 = AXIS2_PLACEMENT_2D('',#4358,#4359);
#4358 = CARTESIAN_POINT('',(0.,0.));
#4359 = DIRECTION('',(1.,0.));
#4360 = ( GEOMETRIC_REPRESENTATION_CONTEXT(2) 
PARAMETRIC_REPRESENTATION_CONTEXT() REPRESENTATION_CONTEXT('2D SPACE',''
  ) );
#4361 = ORIENTED_EDGE('',*,*,#4312,.T.);
#4362 = ADVANCED_FACE('',(#4363),#4300,.T.);
#4363 = FACE_BOUND('',#4364,.T.);
#4364 = EDGE_LOOP('',(#4365));
#4365 = ORIENTED_EDGE('',*,*,#4278,.T.);
#4366 = ADVANCED_FACE('',(#4367),#4350,.F.);
#4367 = FACE_BOUND('',#4368,.T.);
#4368 = EDGE_LOOP('',(#4369));
#4369 = ORIENTED_EDGE('',*,*,#4335,.F.);
#4370 = ( GEOMETRIC_REPRESENTATION_CONTEXT(3) 
GLOBAL_UNCERTAINTY_ASSIGNED_CONTEXT((#4374)) 
GLOBAL_UNIT_ASSIGNED_CONTEXT((#4371,#4372,#4373)) REPRESENTATION_CONTEXT
('Context #1','3D Context with UNIT and UNCERTAINTY') );
#4371 = ( LENGTH_UNIT() NAMED_UNIT(*) SI_UNIT(.MILLI.,.METRE.) );
#4372 = ( NAMED_UNIT(*) PLANE_ANGLE_UNIT() SI_UNIT($,.RADIAN.) );
#4373 = ( NAMED_UNIT(*) SI_UNIT($,.STERADIAN.) SOLID_ANGLE_UNIT() );
#4374 = UNCERTAINTY_MEASURE_WITH_UNIT(LENGTH_MEASURE(1.E-07),#4371,
  'distance_accuracy_value','confusion accuracy');
#4375 = CONTEXT_DEPENDENT_SHAPE_REPRESENTATION(#4376,#4378);
#4376 = ( REPRESENTATION_RELATIONSHIP('','',#4271,#4248) 
REPRESENTATION_RELATIONSHIP_WITH_TRANSFORMATION(#4377) 
SHAPE_REPRESENTATION_RELATIONSHIP() );
#4377 = ITEM_DEFINED_TRANSFORMATION('','',#11,#4249);
#4378 = PRODUCT_DEFINITION_SHAPE('Placement','Placement of an item',
  #4379);
#4379 = NEXT_ASSEMBLY_USAGE_OCCURRENCE('115','=>[0:1:1:45]','',#4243,
  #4266,$);
#4380 = PRODUCT_RELATED_PRODUCT_CATEGORY('part',$,(#4268));
#4381 = SHAPE_DEFINITION_REPRESENTATION(#4382,#4388);
#4382 = PRODUCT_DEFINITION_SHAPE('','',#4383);
#4383 = PRODUCT_DEFINITION('design','',#4384,#4387);
#4384 = PRODUCT_DEFINITION_FORMATION('','',#4385);
#4385 = PRODUCT('right_outer_upper_leg_load_link',
  'right_outer_upper_leg_load_link','',(#4386));
#4386 = PRODUCT_CONTEXT('',#2,'mechanical');
#4387 = PRODUCT_DEFINITION_CONTEXT('part definition',#2,'design');
#4388 = SHAPE_REPRESENTATION('',(#11,#4389),#4393);
#4389 = AXIS2_PLACEMENT_3D('',#4390,#4391,#4392);
#4390 = CARTESIAN_POINT('',(0.,0.,-122.9318917124));
#4391 = DIRECTION('',(0.,0.,1.));
#4392 = DIRECTION('',(1.,0.,0.));
#4393 = ( GEOMETRIC_REPRESENTATION_CONTEXT(3) 
GLOBAL_UNCERTAINTY_ASSIGNED_CONTEXT((#4397)) 
GLOBAL_UNIT_ASSIGNED_CONTEXT((#4394,#4395,#4396)) REPRESENTATION_CONTEXT
('Context #1','3D Context with UNIT and UNCERTAINTY') );
#4394 = ( LENGTH_UNIT() NAMED_UNIT(*) SI_UNIT(.MILLI.,.METRE.) );
#4395 = ( NAMED_UNIT(*) PLANE_ANGLE_UNIT() SI_UNIT($,.RADIAN.) );
#4396 = ( NAMED_UNIT(*) SI_UNIT($,.STERADIAN.) SOLID_ANGLE_UNIT() );
#4397 = UNCERTAINTY_MEASURE_WITH_UNIT(LENGTH_MEASURE(1.E-07),#4394,
  'distance_accuracy_value','confusion accuracy');
#4398 = CONTEXT_DEPENDENT_SHAPE_REPRESENTATION(#4399,#4401);
#4399 = ( REPRESENTATION_RELATIONSHIP('','',#4388,#10) 
REPRESENTATION_RELATIONSHIP_WITH_TRANSFORMATION(#4400) 
SHAPE_REPRESENTATION_RELATIONSHIP() );
#4400 = ITEM_DEFINED_TRANSFORMATION('','',#11,#103);
#4401 = PRODUCT_DEFINITION_SHAPE('Placement','Placement of an item',
  #4402);
#4402 = NEXT_ASSEMBLY_USAGE_OCCURRENCE('118','=>[0:1:1:46]','',#5,#4383,
  $);
#4403 = PRODUCT_RELATED_PRODUCT_CATEGORY('part',$,(#4385));
#4404 = SHAPE_DEFINITION_REPRESENTATION(#4405,#4411);
#4405 = PRODUCT_DEFINITION_SHAPE('','',#4406);
#4406 = PRODUCT_DEFINITION('design','',#4407,#4410);
#4407 = PRODUCT_DEFINITION_FORMATION('','',#4408);
#4408 = PRODUCT('SOLID','SOLID','',(#4409));
#4409 = PRODUCT_CONTEXT('',#2,'mechanical');
#4410 = PRODUCT_DEFINITION_CONTEXT('part definition',#2,'design');
#4411 = ADVANCED_BREP_SHAPE_REPRESENTATION('',(#11,#4412),#4510);
#4412 = MANIFOLD_SOLID_BREP('',#4413);
#4413 = CLOSED_SHELL('',(#4414,#4502,#4506));
#4414 = ADVANCED_FACE('',(#4415),#4428,.T.);
#4415 = FACE_BOUND('',#4416,.T.);
#4416 = EDGE_LOOP('',(#4417,#4451,#4474,#4501));
#4417 = ORIENTED_EDGE('',*,*,#4418,.F.);
#4418 = EDGE_CURVE('',#4419,#4419,#4421,.T.);
#4419 = VERTEX_POINT('',#4420);
#4420 = CARTESIAN_POINT('',(20.,-4.898587196589E-15,245.86378342488));
#4421 = SURFACE_CURVE('',#4422,(#4427,#4439),.PCURVE_S1.);
#4422 = CIRCLE('',#4423,20.);
#4423 = AXIS2_PLACEMENT_3D('',#4424,#4425,#4426);
#4424 = CARTESIAN_POINT('',(0.,0.,245.86378342488));
#4425 = DIRECTION('',(0.,0.,1.));
#4426 = DIRECTION('',(1.,0.,-0.));
#4427 = PCURVE('',#4428,#4433);
#4428 = CYLINDRICAL_SURFACE('',#4429,20.);
#4429 = AXIS2_PLACEMENT_3D('',#4430,#4431,#4432);
#4430 = CARTESIAN_POINT('',(0.,0.,0.));
#4431 = DIRECTION('',(0.,0.,1.));
#4432 = DIRECTION('',(1.,0.,-0.));
#4433 = DEFINITIONAL_REPRESENTATION('',(#4434),#4438);
#4434 = LINE('',#4435,#4436);
#4435 = CARTESIAN_POINT('',(0.,245.86378342488));
#4436 = VECTOR('',#4437,1.);
#4437 = DIRECTION('',(1.,0.));
#4438 = ( GEOMETRIC_REPRESENTATION_CONTEXT(2) 
PARAMETRIC_REPRESENTATION_CONTEXT() REPRESENTATION_CONTEXT('2D SPACE',''
  ) );
#4439 = PCURVE('',#4440,#4445);
#4440 = PLANE('',#4441);
#4441 = AXIS2_PLACEMENT_3D('',#4442,#4443,#4444);
#4442 = CARTESIAN_POINT('',(0.,0.,245.86378342488));
#4443 = DIRECTION('',(0.,0.,1.));
#4444 = DIRECTION('',(1.,0.,-0.));
#4445 = DEFINITIONAL_REPRESENTATION('',(#4446),#4450);
#4446 = CIRCLE('',#4447,20.);
#4447 = AXIS2_PLACEMENT_2D('',#4448,#4449);
#4448 = CARTESIAN_POINT('',(0.,0.));
#4449 = DIRECTION('',(1.,0.));
#4450 = ( GEOMETRIC_REPRESENTATION_CONTEXT(2) 
PARAMETRIC_REPRESENTATION_CONTEXT() REPRESENTATION_CONTEXT('2D SPACE',''
  ) );
#4451 = ORIENTED_EDGE('',*,*,#4452,.F.);
#4452 = EDGE_CURVE('',#4453,#4419,#4455,.T.);
#4453 = VERTEX_POINT('',#4454);
#4454 = CARTESIAN_POINT('',(20.,-4.898587196589E-15,0.));
#4455 = SEAM_CURVE('',#4456,(#4460,#4467),.PCURVE_S1.);
#4456 = LINE('',#4457,#4458);
#4457 = CARTESIAN_POINT('',(20.,-4.898587196589E-15,0.));
#4458 = VECTOR('',#4459,1.);
#4459 = DIRECTION('',(0.,0.,1.));
#4460 = PCURVE('',#4428,#4461);
#4461 = DEFINITIONAL_REPRESENTATION('',(#4462),#4466);
#4462 = LINE('',#4463,#4464);
#4463 = CARTESIAN_POINT('',(6.28318530718,-0.));
#4464 = VECTOR('',#4465,1.);
#4465 = DIRECTION('',(0.,1.));
#4466 = ( GEOMETRIC_REPRESENTATION_CONTEXT(2) 
PARAMETRIC_REPRESENTATION_CONTEXT() REPRESENTATION_CONTEXT('2D SPACE',''
  ) );
#4467 = PCURVE('',#4428,#4468);
#4468 = DEFINITIONAL_REPRESENTATION('',(#4469),#4473);
#4469 = LINE('',#4470,#4471);
#4470 = CARTESIAN_POINT('',(0.,-0.));
#4471 = VECTOR('',#4472,1.);
#4472 = DIRECTION('',(0.,1.));
#4473 = ( GEOMETRIC_REPRESENTATION_CONTEXT(2) 
PARAMETRIC_REPRESENTATION_CONTEXT() REPRESENTATION_CONTEXT('2D SPACE',''
  ) );
#4474 = ORIENTED_EDGE('',*,*,#4475,.T.);
#4475 = EDGE_CURVE('',#4453,#4453,#4476,.T.);
#4476 = SURFACE_CURVE('',#4477,(#4482,#4489),.PCURVE_S1.);
#4477 = CIRCLE('',#4478,20.);
#4478 = AXIS2_PLACEMENT_3D('',#4479,#4480,#4481);
#4479 = CARTESIAN_POINT('',(0.,0.,0.));
#4480 = DIRECTION('',(0.,0.,1.));
#4481 = DIRECTION('',(1.,0.,-0.));
#4482 = PCURVE('',#4428,#4483);
#4483 = DEFINITIONAL_REPRESENTATION('',(#4484),#4488);
#4484 = LINE('',#4485,#4486);
#4485 = CARTESIAN_POINT('',(0.,0.));
#4486 = VECTOR('',#4487,1.);
#4487 = DIRECTION('',(1.,0.));
#4488 = ( GEOMETRIC_REPRESENTATION_CONTEXT(2) 
PARAMETRIC_REPRESENTATION_CONTEXT() REPRESENTATION_CONTEXT('2D SPACE',''
  ) );
#4489 = PCURVE('',#4490,#4495);
#4490 = PLANE('',#4491);
#4491 = AXIS2_PLACEMENT_3D('',#4492,#4493,#4494);
#4492 = CARTESIAN_POINT('',(0.,0.,0.));
#4493 = DIRECTION('',(0.,0.,1.));
#4494 = DIRECTION('',(1.,0.,-0.));
#4495 = DEFINITIONAL_REPRESENTATION('',(#4496),#4500);
#4496 = CIRCLE('',#4497,20.);
#4497 = AXIS2_PLACEMENT_2D('',#4498,#4499);
#4498 = CARTESIAN_POINT('',(0.,0.));
#4499 = DIRECTION('',(1.,0.));
#4500 = ( GEOMETRIC_REPRESENTATION_CONTEXT(2) 
PARAMETRIC_REPRESENTATION_CONTEXT() REPRESENTATION_CONTEXT('2D SPACE',''
  ) );
#4501 = ORIENTED_EDGE('',*,*,#4452,.T.);
#4502 = ADVANCED_FACE('',(#4503),#4440,.T.);
#4503 = FACE_BOUND('',#4504,.T.);
#4504 = EDGE_LOOP('',(#4505));
#4505 = ORIENTED_EDGE('',*,*,#4418,.T.);
#4506 = ADVANCED_FACE('',(#4507),#4490,.F.);
#4507 = FACE_BOUND('',#4508,.T.);
#4508 = EDGE_LOOP('',(#4509));
#4509 = ORIENTED_EDGE('',*,*,#4475,.F.);
#4510 = ( GEOMETRIC_REPRESENTATION_CONTEXT(3) 
GLOBAL_UNCERTAINTY_ASSIGNED_CONTEXT((#4514)) 
GLOBAL_UNIT_ASSIGNED_CONTEXT((#4511,#4512,#4513)) REPRESENTATION_CONTEXT
('Context #1','3D Context with UNIT and UNCERTAINTY') );
#4511 = ( LENGTH_UNIT() NAMED_UNIT(*) SI_UNIT(.MILLI.,.METRE.) );
#4512 = ( NAMED_UNIT(*) PLANE_ANGLE_UNIT() SI_UNIT($,.RADIAN.) );
#4513 = ( NAMED_UNIT(*) SI_UNIT($,.STERADIAN.) SOLID_ANGLE_UNIT() );
#4514 = UNCERTAINTY_MEASURE_WITH_UNIT(LENGTH_MEASURE(1.E-07),#4511,
  'distance_accuracy_value','confusion accuracy');
#4515 = CONTEXT_DEPENDENT_SHAPE_REPRESENTATION(#4516,#4518);
#4516 = ( REPRESENTATION_RELATIONSHIP('','',#4411,#4388) 
REPRESENTATION_RELATIONSHIP_WITH_TRANSFORMATION(#4517) 
SHAPE_REPRESENTATION_RELATIONSHIP() );
#4517 = ITEM_DEFINED_TRANSFORMATION('','',#11,#4389);
#4518 = PRODUCT_DEFINITION_SHAPE('Placement','Placement of an item',
  #4519);
#4519 = NEXT_ASSEMBLY_USAGE_OCCURRENCE('117','=>[0:1:1:47]','',#4383,
  #4406,$);
#4520 = PRODUCT_RELATED_PRODUCT_CATEGORY('part',$,(#4408));
#4521 = SHAPE_DEFINITION_REPRESENTATION(#4522,#4528);
#4522 = PRODUCT_DEFINITION_SHAPE('','',#4523);
#4523 = PRODUCT_DEFINITION('design','',#4524,#4527);
#4524 = PRODUCT_DEFINITION_FORMATION('','',#4525);
#4525 = PRODUCT('right_inner_upper_leg_load_link',
  'right_inner_upper_leg_load_link','',(#4526));
#4526 = PRODUCT_CONTEXT('',#2,'mechanical');
#4527 = PRODUCT_DEFINITION_CONTEXT('part definition',#2,'design');
#4528 = SHAPE_REPRESENTATION('',(#11,#4529),#4533);
#4529 = AXIS2_PLACEMENT_3D('',#4530,#4531,#4532);
#4530 = CARTESIAN_POINT('',(0.,0.,-126.2269780989));
#4531 = DIRECTION('',(0.,0.,1.));
#4532 = DIRECTION('',(1.,0.,0.));
#4533 = ( GEOMETRIC_REPRESENTATION_CONTEXT(3) 
GLOBAL_UNCERTAINTY_ASSIGNED_CONTEXT((#4537)) 
GLOBAL_UNIT_ASSIGNED_CONTEXT((#4534,#4535,#4536)) REPRESENTATION_CONTEXT
('Context #1','3D Context with UNIT and UNCERTAINTY') );
#4534 = ( LENGTH_UNIT() NAMED_UNIT(*) SI_UNIT(.MILLI.,.METRE.) );
#4535 = ( NAMED_UNIT(*) PLANE_ANGLE_UNIT() SI_UNIT($,.RADIAN.) );
#4536 = ( NAMED_UNIT(*) SI_UNIT($,.STERADIAN.) SOLID_ANGLE_UNIT() );
#4537 = UNCERTAINTY_MEASURE_WITH_UNIT(LENGTH_MEASURE(1.E-07),#4534,
  'distance_accuracy_value','confusion accuracy');
#4538 = CONTEXT_DEPENDENT_SHAPE_REPRESENTATION(#4539,#4541);
#4539 = ( REPRESENTATION_RELATIONSHIP('','',#4528,#10) 
REPRESENTATION_RELATIONSHIP_WITH_TRANSFORMATION(#4540) 
SHAPE_REPRESENTATION_RELATIONSHIP() );
#4540 = ITEM_DEFINED_TRANSFORMATION('','',#11,#107);
#4541 = PRODUCT_DEFINITION_SHAPE('Placement','Placement of an item',
  #4542);
#4542 = NEXT_ASSEMBLY_USAGE_OCCURRENCE('120','=>[0:1:1:48]','',#5,#4523,
  $);
#4543 = PRODUCT_RELATED_PRODUCT_CATEGORY('part',$,(#4525));
#4544 = SHAPE_DEFINITION_REPRESENTATION(#4545,#4551);
#4545 = PRODUCT_DEFINITION_SHAPE('','',#4546);
#4546 = PRODUCT_DEFINITION('design','',#4547,#4550);
#4547 = PRODUCT_DEFINITION_FORMATION('','',#4548);
#4548 = PRODUCT('SOLID','SOLID','',(#4549));
#4549 = PRODUCT_CONTEXT('',#2,'mechanical');
#4550 = PRODUCT_DEFINITION_CONTEXT('part definition',#2,'design');
#4551 = ADVANCED_BREP_SHAPE_REPRESENTATION('',(#11,#4552),#4650);
#4552 = MANIFOLD_SOLID_BREP('',#4553);
#4553 = CLOSED_SHELL('',(#4554,#4642,#4646));
#4554 = ADVANCED_FACE('',(#4555),#4568,.T.);
#4555 = FACE_BOUND('',#4556,.T.);
#4556 = EDGE_LOOP('',(#4557,#4591,#4614,#4641));
#4557 = ORIENTED_EDGE('',*,*,#4558,.F.);
#4558 = EDGE_CURVE('',#4559,#4559,#4561,.T.);
#4559 = VERTEX_POINT('',#4560);
#4560 = CARTESIAN_POINT('',(20.,-4.898587196589E-15,252.45395619795));
#4561 = SURFACE_CURVE('',#4562,(#4567,#4579),.PCURVE_S1.);
#4562 = CIRCLE('',#4563,20.);
#4563 = AXIS2_PLACEMENT_3D('',#4564,#4565,#4566);
#4564 = CARTESIAN_POINT('',(0.,0.,252.45395619795));
#4565 = DIRECTION('',(0.,0.,1.));
#4566 = DIRECTION('',(1.,0.,-0.));
#4567 = PCURVE('',#4568,#4573);
#4568 = CYLINDRICAL_SURFACE('',#4569,20.);
#4569 = AXIS2_PLACEMENT_3D('',#4570,#4571,#4572);
#4570 = CARTESIAN_POINT('',(0.,0.,0.));
#4571 = DIRECTION('',(0.,0.,1.));
#4572 = DIRECTION('',(1.,0.,-0.));
#4573 = DEFINITIONAL_REPRESENTATION('',(#4574),#4578);
#4574 = LINE('',#4575,#4576);
#4575 = CARTESIAN_POINT('',(0.,252.45395619795));
#4576 = VECTOR('',#4577,1.);
#4577 = DIRECTION('',(1.,0.));
#4578 = ( GEOMETRIC_REPRESENTATION_CONTEXT(2) 
PARAMETRIC_REPRESENTATION_CONTEXT() REPRESENTATION_CONTEXT('2D SPACE',''
  ) );
#4579 = PCURVE('',#4580,#4585);
#4580 = PLANE('',#4581);
#4581 = AXIS2_PLACEMENT_3D('',#4582,#4583,#4584);
#4582 = CARTESIAN_POINT('',(0.,0.,252.45395619795));
#4583 = DIRECTION('',(0.,0.,1.));
#4584 = DIRECTION('',(1.,0.,-0.));
#4585 = DEFINITIONAL_REPRESENTATION('',(#4586),#4590);
#4586 = CIRCLE('',#4587,20.);
#4587 = AXIS2_PLACEMENT_2D('',#4588,#4589);
#4588 = CARTESIAN_POINT('',(0.,0.));
#4589 = DIRECTION('',(1.,0.));
#4590 = ( GEOMETRIC_REPRESENTATION_CONTEXT(2) 
PARAMETRIC_REPRESENTATION_CONTEXT() REPRESENTATION_CONTEXT('2D SPACE',''
  ) );
#4591 = ORIENTED_EDGE('',*,*,#4592,.F.);
#4592 = EDGE_CURVE('',#4593,#4559,#4595,.T.);
#4593 = VERTEX_POINT('',#4594);
#4594 = CARTESIAN_POINT('',(20.,-4.898587196589E-15,0.));
#4595 = SEAM_CURVE('',#4596,(#4600,#4607),.PCURVE_S1.);
#4596 = LINE('',#4597,#4598);
#4597 = CARTESIAN_POINT('',(20.,-4.898587196589E-15,0.));
#4598 = VECTOR('',#4599,1.);
#4599 = DIRECTION('',(0.,0.,1.));
#4600 = PCURVE('',#4568,#4601);
#4601 = DEFINITIONAL_REPRESENTATION('',(#4602),#4606);
#4602 = LINE('',#4603,#4604);
#4603 = CARTESIAN_POINT('',(6.28318530718,-0.));
#4604 = VECTOR('',#4605,1.);
#4605 = DIRECTION('',(0.,1.));
#4606 = ( GEOMETRIC_REPRESENTATION_CONTEXT(2) 
PARAMETRIC_REPRESENTATION_CONTEXT() REPRESENTATION_CONTEXT('2D SPACE',''
  ) );
#4607 = PCURVE('',#4568,#4608);
#4608 = DEFINITIONAL_REPRESENTATION('',(#4609),#4613);
#4609 = LINE('',#4610,#4611);
#4610 = CARTESIAN_POINT('',(0.,-0.));
#4611 = VECTOR('',#4612,1.);
#4612 = DIRECTION('',(0.,1.));
#4613 = ( GEOMETRIC_REPRESENTATION_CONTEXT(2) 
PARAMETRIC_REPRESENTATION_CONTEXT() REPRESENTATION_CONTEXT('2D SPACE',''
  ) );
#4614 = ORIENTED_EDGE('',*,*,#4615,.T.);
#4615 = EDGE_CURVE('',#4593,#4593,#4616,.T.);
#4616 = SURFACE_CURVE('',#4617,(#4622,#4629),.PCURVE_S1.);
#4617 = CIRCLE('',#4618,20.);
#4618 = AXIS2_PLACEMENT_3D('',#4619,#4620,#4621);
#4619 = CARTESIAN_POINT('',(0.,0.,0.));
#4620 = DIRECTION('',(0.,0.,1.));
#4621 = DIRECTION('',(1.,0.,-0.));
#4622 = PCURVE('',#4568,#4623);
#4623 = DEFINITIONAL_REPRESENTATION('',(#4624),#4628);
#4624 = LINE('',#4625,#4626);
#4625 = CARTESIAN_POINT('',(0.,0.));
#4626 = VECTOR('',#4627,1.);
#4627 = DIRECTION('',(1.,0.));
#4628 = ( GEOMETRIC_REPRESENTATION_CONTEXT(2) 
PARAMETRIC_REPRESENTATION_CONTEXT() REPRESENTATION_CONTEXT('2D SPACE',''
  ) );
#4629 = PCURVE('',#4630,#4635);
#4630 = PLANE('',#4631);
#4631 = AXIS2_PLACEMENT_3D('',#4632,#4633,#4634);
#4632 = CARTESIAN_POINT('',(0.,0.,0.));
#4633 = DIRECTION('',(0.,0.,1.));
#4634 = DIRECTION('',(1.,0.,-0.));
#4635 = DEFINITIONAL_REPRESENTATION('',(#4636),#4640);
#4636 = CIRCLE('',#4637,20.);
#4637 = AXIS2_PLACEMENT_2D('',#4638,#4639);
#4638 = CARTESIAN_POINT('',(0.,0.));
#4639 = DIRECTION('',(1.,0.));
#4640 = ( GEOMETRIC_REPRESENTATION_CONTEXT(2) 
PARAMETRIC_REPRESENTATION_CONTEXT() REPRESENTATION_CONTEXT('2D SPACE',''
  ) );
#4641 = ORIENTED_EDGE('',*,*,#4592,.T.);
#4642 = ADVANCED_FACE('',(#4643),#4580,.T.);
#4643 = FACE_BOUND('',#4644,.T.);
#4644 = EDGE_LOOP('',(#4645));
#4645 = ORIENTED_EDGE('',*,*,#4558,.T.);
#4646 = ADVANCED_FACE('',(#4647),#4630,.F.);
#4647 = FACE_BOUND('',#4648,.T.);
#4648 = EDGE_LOOP('',(#4649));
#4649 = ORIENTED_EDGE('',*,*,#4615,.F.);
#4650 = ( GEOMETRIC_REPRESENTATION_CONTEXT(3) 
GLOBAL_UNCERTAINTY_ASSIGNED_CONTEXT((#4654)) 
GLOBAL_UNIT_ASSIGNED_CONTEXT((#4651,#4652,#4653)) REPRESENTATION_CONTEXT
('Context #1','3D Context with UNIT and UNCERTAINTY') );
#4651 = ( LENGTH_UNIT() NAMED_UNIT(*) SI_UNIT(.MILLI.,.METRE.) );
#4652 = ( NAMED_UNIT(*) PLANE_ANGLE_UNIT() SI_UNIT($,.RADIAN.) );
#4653 = ( NAMED_UNIT(*) SI_UNIT($,.STERADIAN.) SOLID_ANGLE_UNIT() );
#4654 = UNCERTAINTY_MEASURE_WITH_UNIT(LENGTH_MEASURE(1.E-07),#4651,
  'distance_accuracy_value','confusion accuracy');
#4655 = CONTEXT_DEPENDENT_SHAPE_REPRESENTATION(#4656,#4658);
#4656 = ( REPRESENTATION_RELATIONSHIP('','',#4551,#4528) 
REPRESENTATION_RELATIONSHIP_WITH_TRANSFORMATION(#4657) 
SHAPE_REPRESENTATION_RELATIONSHIP() );
#4657 = ITEM_DEFINED_TRANSFORMATION('','',#11,#4529);
#4658 = PRODUCT_DEFINITION_SHAPE('Placement','Placement of an item',
  #4659);
#4659 = NEXT_ASSEMBLY_USAGE_OCCURRENCE('119','=>[0:1:1:49]','',#4523,
  #4546,$);
#4660 = PRODUCT_RELATED_PRODUCT_CATEGORY('part',$,(#4548));
#4661 = SHAPE_DEFINITION_REPRESENTATION(#4662,#4668);
#4662 = PRODUCT_DEFINITION_SHAPE('','',#4663);
#4663 = PRODUCT_DEFINITION('design','',#4664,#4667);
#4664 = PRODUCT_DEFINITION_FORMATION('','',#4665);
#4665 = PRODUCT('right_front_shin_composite_fairing',
  'right_front_shin_composite_fairing','',(#4666));
#4666 = PRODUCT_CONTEXT('',#2,'mechanical');
#4667 = PRODUCT_DEFINITION_CONTEXT('part definition',#2,'design');
#4668 = SHAPE_REPRESENTATION('',(#11,#4669),#4673);
#4669 = AXIS2_PLACEMENT_3D('',#4670,#4671,#4672);
#4670 = CARTESIAN_POINT('',(-124.1420557264,-26.,-17.));
#4671 = DIRECTION('',(0.,0.,1.));
#4672 = DIRECTION('',(1.,0.,0.));
#4673 = ( GEOMETRIC_REPRESENTATION_CONTEXT(3) 
GLOBAL_UNCERTAINTY_ASSIGNED_CONTEXT((#4677)) 
GLOBAL_UNIT_ASSIGNED_CONTEXT((#4674,#4675,#4676)) REPRESENTATION_CONTEXT
('Context #1','3D Context with UNIT and UNCERTAINTY') );
#4674 = ( LENGTH_UNIT() NAMED_UNIT(*) SI_UNIT(.MILLI.,.METRE.) );
#4675 = ( NAMED_UNIT(*) PLANE_ANGLE_UNIT() SI_UNIT($,.RADIAN.) );
#4676 = ( NAMED_UNIT(*) SI_UNIT($,.STERADIAN.) SOLID_ANGLE_UNIT() );
#4677 = UNCERTAINTY_MEASURE_WITH_UNIT(LENGTH_MEASURE(1.E-07),#4674,
  'distance_accuracy_value','confusion accuracy');
#4678 = CONTEXT_DEPENDENT_SHAPE_REPRESENTATION(#4679,#4681);
#4679 = ( REPRESENTATION_RELATIONSHIP('','',#4668,#10) 
REPRESENTATION_RELATIONSHIP_WITH_TRANSFORMATION(#4680) 
SHAPE_REPRESENTATION_RELATIONSHIP() );
#4680 = ITEM_DEFINED_TRANSFORMATION('','',#11,#111);
#4681 = PRODUCT_DEFINITION_SHAPE('Placement','Placement of an item',
  #4682);
#4682 = NEXT_ASSEMBLY_USAGE_OCCURRENCE('122','=>[0:1:1:50]','',#5,#4663,
  $);
#4683 = PRODUCT_RELATED_PRODUCT_CATEGORY('part',$,(#4665));
#4684 = SHAPE_DEFINITION_REPRESENTATION(#4685,#4691);
#4685 = PRODUCT_DEFINITION_SHAPE('','',#4686);
#4686 = PRODUCT_DEFINITION('design','',#4687,#4690);
#4687 = PRODUCT_DEFINITION_FORMATION('','',#4688);
#4688 = PRODUCT('SOLID','SOLID','',(#4689));
#4689 = PRODUCT_CONTEXT('',#2,'mechanical');
#4690 = PRODUCT_DEFINITION_CONTEXT('part definition',#2,'design');
#4691 = ADVANCED_BREP_SHAPE_REPRESENTATION('',(#11,#4692),#5022);
#4692 = MANIFOLD_SOLID_BREP('',#4693);
#4693 = CLOSED_SHELL('',(#4694,#4814,#4914,#4961,#5008,#5015));
#4694 = ADVANCED_FACE('',(#4695),#4709,.F.);
#4695 = FACE_BOUND('',#4696,.F.);
#4696 = EDGE_LOOP('',(#4697,#4732,#4760,#4788));
#4697 = ORIENTED_EDGE('',*,*,#4698,.F.);
#4698 = EDGE_CURVE('',#4699,#4701,#4703,.T.);
#4699 = VERTEX_POINT('',#4700);
#4700 = CARTESIAN_POINT('',(0.,0.,0.));
#4701 = VERTEX_POINT('',#4702);
#4702 = CARTESIAN_POINT('',(0.,0.,34.));
#4703 = SURFACE_CURVE('',#4704,(#4708,#4720),.PCURVE_S1.);
#4704 = LINE('',#4705,#4706);
#4705 = CARTESIAN_POINT('',(0.,0.,0.));
#4706 = VECTOR('',#4707,1.);
#4707 = DIRECTION('',(0.,0.,1.));
#4708 = PCURVE('',#4709,#4714);
#4709 = PLANE('',#4710);
#4710 = AXIS2_PLACEMENT_3D('',#4711,#4712,#4713);
#4711 = CARTESIAN_POINT('',(0.,0.,0.));
#4712 = DIRECTION('',(1.,0.,-0.));
#4713 = DIRECTION('',(0.,0.,1.));
#4714 = DEFINITIONAL_REPRESENTATION('',(#4715),#4719);
#4715 = LINE('',#4716,#4717);
#4716 = CARTESIAN_POINT('',(0.,0.));
#4717 = VECTOR('',#4718,1.);
#4718 = DIRECTION('',(1.,0.));
#4719 = ( GEOMETRIC_REPRESENTATION_CONTEXT(2) 
PARAMETRIC_REPRESENTATION_CONTEXT() REPRESENTATION_CONTEXT('2D SPACE',''
  ) );
#4720 = PCURVE('',#4721,#4726);
#4721 = PLANE('',#4722);
#4722 = AXIS2_PLACEMENT_3D('',#4723,#4724,#4725);
#4723 = CARTESIAN_POINT('',(0.,0.,0.));
#4724 = DIRECTION('',(-0.,1.,0.));
#4725 = DIRECTION('',(0.,0.,1.));
#4726 = DEFINITIONAL_REPRESENTATION('',(#4727),#4731);
#4727 = LINE('',#4728,#4729);
#4728 = CARTESIAN_POINT('',(0.,0.));
#4729 = VECTOR('',#4730,1.);
#4730 = DIRECTION('',(1.,0.));
#4731 = ( GEOMETRIC_REPRESENTATION_CONTEXT(2) 
PARAMETRIC_REPRESENTATION_CONTEXT() REPRESENTATION_CONTEXT('2D SPACE',''
  ) );
#4732 = ORIENTED_EDGE('',*,*,#4733,.T.);
#4733 = EDGE_CURVE('',#4699,#4734,#4736,.T.);
#4734 = VERTEX_POINT('',#4735);
#4735 = CARTESIAN_POINT('',(0.,52.,0.));
#4736 = SURFACE_CURVE('',#4737,(#4741,#4748),.PCURVE_S1.);
#4737 = LINE('',#4738,#4739);
#4738 = CARTESIAN_POINT('',(0.,0.,0.));
#4739 = VECTOR('',#4740,1.);
#4740 = DIRECTION('',(-0.,1.,0.));
#4741 = PCURVE('',#4709,#4742);
#4742 = DEFINITIONAL_REPRESENTATION('',(#4743),#4747);
#4743 = LINE('',#4744,#4745);
#4744 = CARTESIAN_POINT('',(0.,0.));
#4745 = VECTOR('',#4746,1.);
#4746 = DIRECTION('',(0.,-1.));
#4747 = ( GEOMETRIC_REPRESENTATION_CONTEXT(2) 
PARAMETRIC_REPRESENTATION_CONTEXT() REPRESENTATION_CONTEXT('2D SPACE',''
  ) );
#4748 = PCURVE('',#4749,#4754);
#4749 = PLANE('',#4750);
#4750 = AXIS2_PLACEMENT_3D('',#4751,#4752,#4753);
#4751 = CARTESIAN_POINT('',(0.,0.,0.));
#4752 = DIRECTION('',(0.,0.,1.));
#4753 = DIRECTION('',(1.,0.,-0.));
#4754 = DEFINITIONAL_REPRESENTATION('',(#4755),#4759);
#4755 = LINE('',#4756,#4757);
#4756 = CARTESIAN_POINT('',(0.,0.));
#4757 = VECTOR('',#4758,1.);
#4758 = DIRECTION('',(0.,1.));
#4759 = ( GEOMETRIC_REPRESENTATION_CONTEXT(2) 
PARAMETRIC_REPRESENTATION_CONTEXT() REPRESENTATION_CONTEXT('2D SPACE',''
  ) );
#4760 = ORIENTED_EDGE('',*,*,#4761,.T.);
#4761 = EDGE_CURVE('',#4734,#4762,#4764,.T.);
#4762 = VERTEX_POINT('',#4763);
#4763 = CARTESIAN_POINT('',(0.,52.,34.));
#4764 = SURFACE_CURVE('',#4765,(#4769,#4776),.PCURVE_S1.);
#4765 = LINE('',#4766,#4767);
#4766 = CARTESIAN_POINT('',(0.,52.,0.));
#4767 = VECTOR('',#4768,1.);
#4768 = DIRECTION('',(0.,0.,1.));
#4769 = PCURVE('',#4709,#4770);
#4770 = DEFINITIONAL_REPRESENTATION('',(#4771),#4775);
#4771 = LINE('',#4772,#4773);
#4772 = CARTESIAN_POINT('',(0.,-52.));
#4773 = VECTOR('',#4774,1.);
#4774 = DIRECTION('',(1.,0.));
#4775 = ( GEOMETRIC_REPRESENTATION_CONTEXT(2) 
PARAMETRIC_REPRESENTATION_CONTEXT() REPRESENTATION_CONTEXT('2D SPACE',''
  ) );
#4776 = PCURVE('',#4777,#4782);
#4777 = PLANE('',#4778);
#4778 = AXIS2_PLACEMENT_3D('',#4779,#4780,#4781);
#4779 = CARTESIAN_POINT('',(0.,52.,0.));
#4780 = DIRECTION('',(-0.,1.,0.));
#4781 = DIRECTION('',(0.,0.,1.));
#4782 = DEFINITIONAL_REPRESENTATION('',(#4783),#4787);
#4783 = LINE('',#4784,#4785);
#4784 = CARTESIAN_POINT('',(0.,0.));
#4785 = VECTOR('',#4786,1.);
#4786 = DIRECTION('',(1.,0.));
#4787 = ( GEOMETRIC_REPRESENTATION_CONTEXT(2) 
PARAMETRIC_REPRESENTATION_CONTEXT() REPRESENTATION_CONTEXT('2D SPACE',''
  ) );
#4788 = ORIENTED_EDGE('',*,*,#4789,.F.);
#4789 = EDGE_CURVE('',#4701,#4762,#4790,.T.);
#4790 = SURFACE_CURVE('',#4791,(#4795,#4802),.PCURVE_S1.);
#4791 = LINE('',#4792,#4793);
#4792 = CARTESIAN_POINT('',(0.,0.,34.));
#4793 = VECTOR('',#4794,1.);
#4794 = DIRECTION('',(-0.,1.,0.));
#4795 = PCURVE('',#4709,#4796);
#4796 = DEFINITIONAL_REPRESENTATION('',(#4797),#4801);
#4797 = LINE('',#4798,#4799);
#4798 = CARTESIAN_POINT('',(34.,0.));
#4799 = VECTOR('',#4800,1.);
#4800 = DIRECTION('',(0.,-1.));
#4801 = ( GEOMETRIC_REPRESENTATION_CONTEXT(2) 
PARAMETRIC_REPRESENTATION_CONTEXT() REPRESENTATION_CONTEXT('2D SPACE',''
  ) );
#4802 = PCURVE('',#4803,#4808);
#4803 = PLANE('',#4804);
#4804 = AXIS2_PLACEMENT_3D('',#4805,#4806,#4807);
#4805 = CARTESIAN_POINT('',(0.,0.,34.));
#4806 = DIRECTION('',(0.,0.,1.));
#4807 = DIRECTION('',(1.,0.,-0.));
#4808 = DEFINITIONAL_REPRESENTATION('',(#4809),#4813);
#4809 = LINE('',#4810,#4811);
#4810 = CARTESIAN_POINT('',(0.,0.));
#4811 = VECTOR('',#4812,1.);
#4812 = DIRECTION('',(0.,1.));
#4813 = ( GEOMETRIC_REPRESENTATION_CONTEXT(2) 
PARAMETRIC_REPRESENTATION_CONTEXT() REPRESENTATION_CONTEXT('2D SPACE',''
  ) );
#4814 = ADVANCED_FACE('',(#4815),#4829,.T.);
#4815 = FACE_BOUND('',#4816,.T.);
#4816 = EDGE_LOOP('',(#4817,#4847,#4870,#4893));
#4817 = ORIENTED_EDGE('',*,*,#4818,.F.);
#4818 = EDGE_CURVE('',#4819,#4821,#4823,.T.);
#4819 = VERTEX_POINT('',#4820);
#4820 = CARTESIAN_POINT('',(248.28411145298,0.,0.));
#4821 = VERTEX_POINT('',#4822);
#4822 = CARTESIAN_POINT('',(248.28411145298,0.,34.));
#4823 = SURFACE_CURVE('',#4824,(#4828,#4840),.PCURVE_S1.);
#4824 = LINE('',#4825,#4826);
#4825 = CARTESIAN_POINT('',(248.28411145298,0.,0.));
#4826 = VECTOR('',#4827,1.);
#4827 = DIRECTION('',(0.,0.,1.));
#4828 = PCURVE('',#4829,#4834);
#4829 = PLANE('',#4830);
#4830 = AXIS2_PLACEMENT_3D('',#4831,#4832,#4833);
#4831 = CARTESIAN_POINT('',(248.28411145298,0.,0.));
#4832 = DIRECTION('',(1.,0.,-0.));
#4833 = DIRECTION('',(0.,0.,1.));
#4834 = DEFINITIONAL_REPRESENTATION('',(#4835),#4839);
#4835 = LINE('',#4836,#4837);
#4836 = CARTESIAN_POINT('',(0.,0.));
#4837 = VECTOR('',#4838,1.);
#4838 = DIRECTION('',(1.,0.));
#4839 = ( GEOMETRIC_REPRESENTATION_CONTEXT(2) 
PARAMETRIC_REPRESENTATION_CONTEXT() REPRESENTATION_CONTEXT('2D SPACE',''
  ) );
#4840 = PCURVE('',#4721,#4841);
#4841 = DEFINITIONAL_REPRESENTATION('',(#4842),#4846);
#4842 = LINE('',#4843,#4844);
#4843 = CARTESIAN_POINT('',(0.,248.28411145298));
#4844 = VECTOR('',#4845,1.);
#4845 = DIRECTION('',(1.,0.));
#4846 = ( GEOMETRIC_REPRESENTATION_CONTEXT(2) 
PARAMETRIC_REPRESENTATION_CONTEXT() REPRESENTATION_CONTEXT('2D SPACE',''
  ) );
#4847 = ORIENTED_EDGE('',*,*,#4848,.T.);
#4848 = EDGE_CURVE('',#4819,#4849,#4851,.T.);
#4849 = VERTEX_POINT('',#4850);
#4850 = CARTESIAN_POINT('',(248.28411145298,52.,0.));
#4851 = SURFACE_CURVE('',#4852,(#4856,#4863),.PCURVE_S1.);
#4852 = LINE('',#4853,#4854);
#4853 = CARTESIAN_POINT('',(248.28411145298,0.,0.));
#4854 = VECTOR('',#4855,1.);
#4855 = DIRECTION('',(-0.,1.,0.));
#4856 = PCURVE('',#4829,#4857);
#4857 = DEFINITIONAL_REPRESENTATION('',(#4858),#4862);
#4858 = LINE('',#4859,#4860);
#4859 = CARTESIAN_POINT('',(0.,0.));
#4860 = VECTOR('',#4861,1.);
#4861 = DIRECTION('',(0.,-1.));
#4862 = ( GEOMETRIC_REPRESENTATION_CONTEXT(2) 
PARAMETRIC_REPRESENTATION_CONTEXT() REPRESENTATION_CONTEXT('2D SPACE',''
  ) );
#4863 = PCURVE('',#4749,#4864);
#4864 = DEFINITIONAL_REPRESENTATION('',(#4865),#4869);
#4865 = LINE('',#4866,#4867);
#4866 = CARTESIAN_POINT('',(248.28411145298,0.));
#4867 = VECTOR('',#4868,1.);
#4868 = DIRECTION('',(0.,1.));
#4869 = ( GEOMETRIC_REPRESENTATION_CONTEXT(2) 
PARAMETRIC_REPRESENTATION_CONTEXT() REPRESENTATION_CONTEXT('2D SPACE',''
  ) );
#4870 = ORIENTED_EDGE('',*,*,#4871,.T.);
#4871 = EDGE_CURVE('',#4849,#4872,#4874,.T.);
#4872 = VERTEX_POINT('',#4873);
#4873 = CARTESIAN_POINT('',(248.28411145298,52.,34.));
#4874 = SURFACE_CURVE('',#4875,(#4879,#4886),.PCURVE_S1.);
#4875 = LINE('',#4876,#4877);
#4876 = CARTESIAN_POINT('',(248.28411145298,52.,0.));
#4877 = VECTOR('',#4878,1.);
#4878 = DIRECTION('',(0.,0.,1.));
#4879 = PCURVE('',#4829,#4880);
#4880 = DEFINITIONAL_REPRESENTATION('',(#4881),#4885);
#4881 = LINE('',#4882,#4883);
#4882 = CARTESIAN_POINT('',(0.,-52.));
#4883 = VECTOR('',#4884,1.);
#4884 = DIRECTION('',(1.,0.));
#4885 = ( GEOMETRIC_REPRESENTATION_CONTEXT(2) 
PARAMETRIC_REPRESENTATION_CONTEXT() REPRESENTATION_CONTEXT('2D SPACE',''
  ) );
#4886 = PCURVE('',#4777,#4887);
#4887 = DEFINITIONAL_REPRESENTATION('',(#4888),#4892);
#4888 = LINE('',#4889,#4890);
#4889 = CARTESIAN_POINT('',(0.,248.28411145298));
#4890 = VECTOR('',#4891,1.);
#4891 = DIRECTION('',(1.,0.));
#4892 = ( GEOMETRIC_REPRESENTATION_CONTEXT(2) 
PARAMETRIC_REPRESENTATION_CONTEXT() REPRESENTATION_CONTEXT('2D SPACE',''
  ) );
#4893 = ORIENTED_EDGE('',*,*,#4894,.F.);
#4894 = EDGE_CURVE('',#4821,#4872,#4895,.T.);
#4895 = SURFACE_CURVE('',#4896,(#4900,#4907),.PCURVE_S1.);
#4896 = LINE('',#4897,#4898);
#4897 = CARTESIAN_POINT('',(248.28411145298,0.,34.));
#4898 = VECTOR('',#4899,1.);
#4899 = DIRECTION('',(-0.,1.,0.));
#4900 = PCURVE('',#4829,#4901);
#4901 = DEFINITIONAL_REPRESENTATION('',(#4902),#4906);
#4902 = LINE('',#4903,#4904);
#4903 = CARTESIAN_POINT('',(34.,0.));
#4904 = VECTOR('',#4905,1.);
#4905 = DIRECTION('',(0.,-1.));
#4906 = ( GEOMETRIC_REPRESENTATION_CONTEXT(2) 
PARAMETRIC_REPRESENTATION_CONTEXT() REPRESENTATION_CONTEXT('2D SPACE',''
  ) );
#4907 = PCURVE('',#4803,#4908);
#4908 = DEFINITIONAL_REPRESENTATION('',(#4909),#4913);
#4909 = LINE('',#4910,#4911);
#4910 = CARTESIAN_POINT('',(248.28411145298,0.));
#4911 = VECTOR('',#4912,1.);
#4912 = DIRECTION('',(0.,1.));
#4913 = ( GEOMETRIC_REPRESENTATION_CONTEXT(2) 
PARAMETRIC_REPRESENTATION_CONTEXT() REPRESENTATION_CONTEXT('2D SPACE',''
  ) );
#4914 = ADVANCED_FACE('',(#4915),#4721,.F.);
#4915 = FACE_BOUND('',#4916,.F.);
#4916 = EDGE_LOOP('',(#4917,#4938,#4939,#4960));
#4917 = ORIENTED_EDGE('',*,*,#4918,.F.);
#4918 = EDGE_CURVE('',#4699,#4819,#4919,.T.);
#4919 = SURFACE_CURVE('',#4920,(#4924,#4931),.PCURVE_S1.);
#4920 = LINE('',#4921,#4922);
#4921 = CARTESIAN_POINT('',(0.,0.,0.));
#4922 = VECTOR('',#4923,1.);
#4923 = DIRECTION('',(1.,0.,-0.));
#4924 = PCURVE('',#4721,#4925);
#4925 = DEFINITIONAL_REPRESENTATION('',(#4926),#4930);
#4926 = LINE('',#4927,#4928);
#4927 = CARTESIAN_POINT('',(0.,0.));
#4928 = VECTOR('',#4929,1.);
#4929 = DIRECTION('',(0.,1.));
#4930 = ( GEOMETRIC_REPRESENTATION_CONTEXT(2) 
PARAMETRIC_REPRESENTATION_CONTEXT() REPRESENTATION_CONTEXT('2D SPACE',''
  ) );
#4931 = PCURVE('',#4749,#4932);
#4932 = DEFINITIONAL_REPRESENTATION('',(#4933),#4937);
#4933 = LINE('',#4934,#4935);
#4934 = CARTESIAN_POINT('',(0.,0.));
#4935 = VECTOR('',#4936,1.);
#4936 = DIRECTION('',(1.,0.));
#4937 = ( GEOMETRIC_REPRESENTATION_CONTEXT(2) 
PARAMETRIC_REPRESENTATION_CONTEXT() REPRESENTATION_CONTEXT('2D SPACE',''
  ) );
#4938 = ORIENTED_EDGE('',*,*,#4698,.T.);
#4939 = ORIENTED_EDGE('',*,*,#4940,.T.);
#4940 = EDGE_CURVE('',#4701,#4821,#4941,.T.);
#4941 = SURFACE_CURVE('',#4942,(#4946,#4953),.PCURVE_S1.);
#4942 = LINE('',#4943,#4944);
#4943 = CARTESIAN_POINT('',(0.,0.,34.));
#4944 = VECTOR('',#4945,1.);
#4945 = DIRECTION('',(1.,0.,-0.));
#4946 = PCURVE('',#4721,#4947);
#4947 = DEFINITIONAL_REPRESENTATION('',(#4948),#4952);
#4948 = LINE('',#4949,#4950);
#4949 = CARTESIAN_POINT('',(34.,0.));
#4950 = VECTOR('',#4951,1.);
#4951 = DIRECTION('',(0.,1.));
#4952 = ( GEOMETRIC_REPRESENTATION_CONTEXT(2) 
PARAMETRIC_REPRESENTATION_CONTEXT() REPRESENTATION_CONTEXT('2D SPACE',''
  ) );
#4953 = PCURVE('',#4803,#4954);
#4954 = DEFINITIONAL_REPRESENTATION('',(#4955),#4959);
#4955 = LINE('',#4956,#4957);
#4956 = CARTESIAN_POINT('',(0.,0.));
#4957 = VECTOR('',#4958,1.);
#4958 = DIRECTION('',(1.,0.));
#4959 = ( GEOMETRIC_REPRESENTATION_CONTEXT(2) 
PARAMETRIC_REPRESENTATION_CONTEXT() REPRESENTATION_CONTEXT('2D SPACE',''
  ) );
#4960 = ORIENTED_EDGE('',*,*,#4818,.F.);
#4961 = ADVANCED_FACE('',(#4962),#4777,.T.);
#4962 = FACE_BOUND('',#4963,.T.);
#4963 = EDGE_LOOP('',(#4964,#4985,#4986,#5007));
#4964 = ORIENTED_EDGE('',*,*,#4965,.F.);
#4965 = EDGE_CURVE('',#4734,#4849,#4966,.T.);
#4966 = SURFACE_CURVE('',#4967,(#4971,#4978),.PCURVE_S1.);
#4967 = LINE('',#4968,#4969);
#4968 = CARTESIAN_POINT('',(0.,52.,0.));
#4969 = VECTOR('',#4970,1.);
#4970 = DIRECTION('',(1.,0.,-0.));
#4971 = PCURVE('',#4777,#4972);
#4972 = DEFINITIONAL_REPRESENTATION('',(#4973),#4977);
#4973 = LINE('',#4974,#4975);
#4974 = CARTESIAN_POINT('',(0.,0.));
#4975 = VECTOR('',#4976,1.);
#4976 = DIRECTION('',(0.,1.));
#4977 = ( GEOMETRIC_REPRESENTATION_CONTEXT(2) 
PARAMETRIC_REPRESENTATION_CONTEXT() REPRESENTATION_CONTEXT('2D SPACE',''
  ) );
#4978 = PCURVE('',#4749,#4979);
#4979 = DEFINITIONAL_REPRESENTATION('',(#4980),#4984);
#4980 = LINE('',#4981,#4982);
#4981 = CARTESIAN_POINT('',(0.,52.));
#4982 = VECTOR('',#4983,1.);
#4983 = DIRECTION('',(1.,0.));
#4984 = ( GEOMETRIC_REPRESENTATION_CONTEXT(2) 
PARAMETRIC_REPRESENTATION_CONTEXT() REPRESENTATION_CONTEXT('2D SPACE',''
  ) );
#4985 = ORIENTED_EDGE('',*,*,#4761,.T.);
#4986 = ORIENTED_EDGE('',*,*,#4987,.T.);
#4987 = EDGE_CURVE('',#4762,#4872,#4988,.T.);
#4988 = SURFACE_CURVE('',#4989,(#4993,#5000),.PCURVE_S1.);
#4989 = LINE('',#4990,#4991);
#4990 = CARTESIAN_POINT('',(0.,52.,34.));
#4991 = VECTOR('',#4992,1.);
#4992 = DIRECTION('',(1.,0.,-0.));
#4993 = PCURVE('',#4777,#4994);
#4994 = DEFINITIONAL_REPRESENTATION('',(#4995),#4999);
#4995 = LINE('',#4996,#4997);
#4996 = CARTESIAN_POINT('',(34.,0.));
#4997 = VECTOR('',#4998,1.);
#4998 = DIRECTION('',(0.,1.));
#4999 = ( GEOMETRIC_REPRESENTATION_CONTEXT(2) 
PARAMETRIC_REPRESENTATION_CONTEXT() REPRESENTATION_CONTEXT('2D SPACE',''
  ) );
#5000 = PCURVE('',#4803,#5001);
#5001 = DEFINITIONAL_REPRESENTATION('',(#5002),#5006);
#5002 = LINE('',#5003,#5004);
#5003 = CARTESIAN_POINT('',(0.,52.));
#5004 = VECTOR('',#5005,1.);
#5005 = DIRECTION('',(1.,0.));
#5006 = ( GEOMETRIC_REPRESENTATION_CONTEXT(2) 
PARAMETRIC_REPRESENTATION_CONTEXT() REPRESENTATION_CONTEXT('2D SPACE',''
  ) );
#5007 = ORIENTED_EDGE('',*,*,#4871,.F.);
#5008 = ADVANCED_FACE('',(#5009),#4749,.F.);
#5009 = FACE_BOUND('',#5010,.F.);
#5010 = EDGE_LOOP('',(#5011,#5012,#5013,#5014));
#5011 = ORIENTED_EDGE('',*,*,#4733,.F.);
#5012 = ORIENTED_EDGE('',*,*,#4918,.T.);
#5013 = ORIENTED_EDGE('',*,*,#4848,.T.);
#5014 = ORIENTED_EDGE('',*,*,#4965,.F.);
#5015 = ADVANCED_FACE('',(#5016),#4803,.T.);
#5016 = FACE_BOUND('',#5017,.T.);
#5017 = EDGE_LOOP('',(#5018,#5019,#5020,#5021));
#5018 = ORIENTED_EDGE('',*,*,#4789,.F.);
#5019 = ORIENTED_EDGE('',*,*,#4940,.T.);
#5020 = ORIENTED_EDGE('',*,*,#4894,.T.);
#5021 = ORIENTED_EDGE('',*,*,#4987,.F.);
#5022 = ( GEOMETRIC_REPRESENTATION_CONTEXT(3) 
GLOBAL_UNCERTAINTY_ASSIGNED_CONTEXT((#5026)) 
GLOBAL_UNIT_ASSIGNED_CONTEXT((#5023,#5024,#5025)) REPRESENTATION_CONTEXT
('Context #1','3D Context with UNIT and UNCERTAINTY') );
#5023 = ( LENGTH_UNIT() NAMED_UNIT(*) SI_UNIT(.MILLI.,.METRE.) );
#5024 = ( NAMED_UNIT(*) PLANE_ANGLE_UNIT() SI_UNIT($,.RADIAN.) );
#5025 = ( NAMED_UNIT(*) SI_UNIT($,.STERADIAN.) SOLID_ANGLE_UNIT() );
#5026 = UNCERTAINTY_MEASURE_WITH_UNIT(LENGTH_MEASURE(1.E-07),#5023,
  'distance_accuracy_value','confusion accuracy');
#5027 = CONTEXT_DEPENDENT_SHAPE_REPRESENTATION(#5028,#5030);
#5028 = ( REPRESENTATION_RELATIONSHIP('','',#4691,#4668) 
REPRESENTATION_RELATIONSHIP_WITH_TRANSFORMATION(#5029) 
SHAPE_REPRESENTATION_RELATIONSHIP() );
#5029 = ITEM_DEFINED_TRANSFORMATION('','',#11,#4669);
#5030 = PRODUCT_DEFINITION_SHAPE('Placement','Placement of an item',
  #5031);
#5031 = NEXT_ASSEMBLY_USAGE_OCCURRENCE('121','=>[0:1:1:51]','',#4663,
  #4686,$);
#5032 = PRODUCT_RELATED_PRODUCT_CATEGORY('part',$,(#4688));
#5033 = SHAPE_DEFINITION_REPRESENTATION(#5034,#5040);
#5034 = PRODUCT_DEFINITION_SHAPE('','',#5035);
#5035 = PRODUCT_DEFINITION('design','',#5036,#5039);
#5036 = PRODUCT_DEFINITION_FORMATION('','',#5037);
#5037 = PRODUCT('right_front_thigh_composite_fairing',
  'right_front_thigh_composite_fairing','',(#5038));
#5038 = PRODUCT_CONTEXT('',#2,'mechanical');
#5039 = PRODUCT_DEFINITION_CONTEXT('part definition',#2,'design');
#5040 = SHAPE_REPRESENTATION('',(#11,#5041),#5045);
#5041 = AXIS2_PLACEMENT_3D('',#5042,#5043,#5044);
#5042 = CARTESIAN_POINT('',(-95.59419438438,-29.,-18.));
#5043 = DIRECTION('',(0.,0.,1.));
#5044 = DIRECTION('',(1.,0.,0.));
#5045 = ( GEOMETRIC_REPRESENTATION_CONTEXT(3) 
GLOBAL_UNCERTAINTY_ASSIGNED_CONTEXT((#5049)) 
GLOBAL_UNIT_ASSIGNED_CONTEXT((#5046,#5047,#5048)) REPRESENTATION_CONTEXT
('Context #1','3D Context with UNIT and UNCERTAINTY') );
#5046 = ( LENGTH_UNIT() NAMED_UNIT(*) SI_UNIT(.MILLI.,.METRE.) );
#5047 = ( NAMED_UNIT(*) PLANE_ANGLE_UNIT() SI_UNIT($,.RADIAN.) );
#5048 = ( NAMED_UNIT(*) SI_UNIT($,.STERADIAN.) SOLID_ANGLE_UNIT() );
#5049 = UNCERTAINTY_MEASURE_WITH_UNIT(LENGTH_MEASURE(1.E-07),#5046,
  'distance_accuracy_value','confusion accuracy');
#5050 = CONTEXT_DEPENDENT_SHAPE_REPRESENTATION(#5051,#5053);
#5051 = ( REPRESENTATION_RELATIONSHIP('','',#5040,#10) 
REPRESENTATION_RELATIONSHIP_WITH_TRANSFORMATION(#5052) 
SHAPE_REPRESENTATION_RELATIONSHIP() );
#5052 = ITEM_DEFINED_TRANSFORMATION('','',#11,#115);
#5053 = PRODUCT_DEFINITION_SHAPE('Placement','Placement of an item',
  #5054);
#5054 = NEXT_ASSEMBLY_USAGE_OCCURRENCE('124','=>[0:1:1:52]','',#5,#5035,
  $);
#5055 = PRODUCT_RELATED_PRODUCT_CATEGORY('part',$,(#5037));
#5056 = SHAPE_DEFINITION_REPRESENTATION(#5057,#5063);
#5057 = PRODUCT_DEFINITION_SHAPE('','',#5058);
#5058 = PRODUCT_DEFINITION('design','',#5059,#5062);
#5059 = PRODUCT_DEFINITION_FORMATION('','',#5060);
#5060 = PRODUCT('SOLID','SOLID','',(#5061));
#5061 = PRODUCT_CONTEXT('',#2,'mechanical');
#5062 = PRODUCT_DEFINITION_CONTEXT('part definition',#2,'design');
#5063 = ADVANCED_BREP_SHAPE_REPRESENTATION('',(#11,#5064),#5394);
#5064 = MANIFOLD_SOLID_BREP('',#5065);
#5065 = CLOSED_SHELL('',(#5066,#5186,#5286,#5333,#5380,#5387));
#5066 = ADVANCED_FACE('',(#5067),#5081,.F.);
#5067 = FACE_BOUND('',#5068,.F.);
#5068 = EDGE_LOOP('',(#5069,#5104,#5132,#5160));
#5069 = ORIENTED_EDGE('',*,*,#5070,.F.);
#5070 = EDGE_CURVE('',#5071,#5073,#5075,.T.);
#5071 = VERTEX_POINT('',#5072);
#5072 = CARTESIAN_POINT('',(0.,0.,0.));
#5073 = VERTEX_POINT('',#5074);
#5074 = CARTESIAN_POINT('',(0.,0.,36.));
#5075 = SURFACE_CURVE('',#5076,(#5080,#5092),.PCURVE_S1.);
#5076 = LINE('',#5077,#5078);
#5077 = CARTESIAN_POINT('',(0.,0.,0.));
#5078 = VECTOR('',#5079,1.);
#5079 = DIRECTION('',(0.,0.,1.));
#5080 = PCURVE('',#5081,#5086);
#5081 = PLANE('',#5082);
#5082 = AXIS2_PLACEMENT_3D('',#5083,#5084,#5085);
#5083 = CARTESIAN_POINT('',(0.,0.,0.));
#5084 = DIRECTION('',(1.,0.,-0.));
#5085 = DIRECTION('',(0.,0.,1.));
#5086 = DEFINITIONAL_REPRESENTATION('',(#5087),#5091);
#5087 = LINE('',#5088,#5089);
#5088 = CARTESIAN_POINT('',(0.,0.));
#5089 = VECTOR('',#5090,1.);
#5090 = DIRECTION('',(1.,0.));
#5091 = ( GEOMETRIC_REPRESENTATION_CONTEXT(2) 
PARAMETRIC_REPRESENTATION_CONTEXT() REPRESENTATION_CONTEXT('2D SPACE',''
  ) );
#5092 = PCURVE('',#5093,#5098);
#5093 = PLANE('',#5094);
#5094 = AXIS2_PLACEMENT_3D('',#5095,#5096,#5097);
#5095 = CARTESIAN_POINT('',(0.,0.,0.));
#5096 = DIRECTION('',(-0.,1.,0.));
#5097 = DIRECTION('',(0.,0.,1.));
#5098 = DEFINITIONAL_REPRESENTATION('',(#5099),#5103);
#5099 = LINE('',#5100,#5101);
#5100 = CARTESIAN_POINT('',(0.,0.));
#5101 = VECTOR('',#5102,1.);
#5102 = DIRECTION('',(1.,0.));
#5103 = ( GEOMETRIC_REPRESENTATION_CONTEXT(2) 
PARAMETRIC_REPRESENTATION_CONTEXT() REPRESENTATION_CONTEXT('2D SPACE',''
  ) );
#5104 = ORIENTED_EDGE('',*,*,#5105,.T.);
#5105 = EDGE_CURVE('',#5071,#5106,#5108,.T.);
#5106 = VERTEX_POINT('',#5107);
#5107 = CARTESIAN_POINT('',(0.,58.,0.));
#5108 = SURFACE_CURVE('',#5109,(#5113,#5120),.PCURVE_S1.);
#5109 = LINE('',#5110,#5111);
#5110 = CARTESIAN_POINT('',(0.,0.,0.));
#5111 = VECTOR('',#5112,1.);
#5112 = DIRECTION('',(-0.,1.,0.));
#5113 = PCURVE('',#5081,#5114);
#5114 = DEFINITIONAL_REPRESENTATION('',(#5115),#5119);
#5115 = LINE('',#5116,#5117);
#5116 = CARTESIAN_POINT('',(0.,0.));
#5117 = VECTOR('',#5118,1.);
#5118 = DIRECTION('',(0.,-1.));
#5119 = ( GEOMETRIC_REPRESENTATION_CONTEXT(2) 
PARAMETRIC_REPRESENTATION_CONTEXT() REPRESENTATION_CONTEXT('2D SPACE',''
  ) );
#5120 = PCURVE('',#5121,#5126);
#5121 = PLANE('',#5122);
#5122 = AXIS2_PLACEMENT_3D('',#5123,#5124,#5125);
#5123 = CARTESIAN_POINT('',(0.,0.,0.));
#5124 = DIRECTION('',(0.,0.,1.));
#5125 = DIRECTION('',(1.,0.,-0.));
#5126 = DEFINITIONAL_REPRESENTATION('',(#5127),#5131);
#5127 = LINE('',#5128,#5129);
#5128 = CARTESIAN_POINT('',(0.,0.));
#5129 = VECTOR('',#5130,1.);
#5130 = DIRECTION('',(0.,1.));
#5131 = ( GEOMETRIC_REPRESENTATION_CONTEXT(2) 
PARAMETRIC_REPRESENTATION_CONTEXT() REPRESENTATION_CONTEXT('2D SPACE',''
  ) );
#5132 = ORIENTED_EDGE('',*,*,#5133,.T.);
#5133 = EDGE_CURVE('',#5106,#5134,#5136,.T.);
#5134 = VERTEX_POINT('',#5135);
#5135 = CARTESIAN_POINT('',(0.,58.,36.));
#5136 = SURFACE_CURVE('',#5137,(#5141,#5148),.PCURVE_S1.);
#5137 = LINE('',#5138,#5139);
#5138 = CARTESIAN_POINT('',(0.,58.,0.));
#5139 = VECTOR('',#5140,1.);
#5140 = DIRECTION('',(0.,0.,1.));
#5141 = PCURVE('',#5081,#5142);
#5142 = DEFINITIONAL_REPRESENTATION('',(#5143),#5147);
#5143 = LINE('',#5144,#5145);
#5144 = CARTESIAN_POINT('',(0.,-58.));
#5145 = VECTOR('',#5146,1.);
#5146 = DIRECTION('',(1.,0.));
#5147 = ( GEOMETRIC_REPRESENTATION_CONTEXT(2) 
PARAMETRIC_REPRESENTATION_CONTEXT() REPRESENTATION_CONTEXT('2D SPACE',''
  ) );
#5148 = PCURVE('',#5149,#5154);
#5149 = PLANE('',#5150);
#5150 = AXIS2_PLACEMENT_3D('',#5151,#5152,#5153);
#5151 = CARTESIAN_POINT('',(0.,58.,0.));
#5152 = DIRECTION('',(-0.,1.,0.));
#5153 = DIRECTION('',(0.,0.,1.));
#5154 = DEFINITIONAL_REPRESENTATION('',(#5155),#5159);
#5155 = LINE('',#5156,#5157);
#5156 = CARTESIAN_POINT('',(0.,0.));
#5157 = VECTOR('',#5158,1.);
#5158 = DIRECTION('',(1.,0.));
#5159 = ( GEOMETRIC_REPRESENTATION_CONTEXT(2) 
PARAMETRIC_REPRESENTATION_CONTEXT() REPRESENTATION_CONTEXT('2D SPACE',''
  ) );
#5160 = ORIENTED_EDGE('',*,*,#5161,.F.);
#5161 = EDGE_CURVE('',#5073,#5134,#5162,.T.);
#5162 = SURFACE_CURVE('',#5163,(#5167,#5174),.PCURVE_S1.);
#5163 = LINE('',#5164,#5165);
#5164 = CARTESIAN_POINT('',(0.,0.,36.));
#5165 = VECTOR('',#5166,1.);
#5166 = DIRECTION('',(-0.,1.,0.));
#5167 = PCURVE('',#5081,#5168);
#5168 = DEFINITIONAL_REPRESENTATION('',(#5169),#5173);
#5169 = LINE('',#5170,#5171);
#5170 = CARTESIAN_POINT('',(36.,0.));
#5171 = VECTOR('',#5172,1.);
#5172 = DIRECTION('',(0.,-1.));
#5173 = ( GEOMETRIC_REPRESENTATION_CONTEXT(2) 
PARAMETRIC_REPRESENTATION_CONTEXT() REPRESENTATION_CONTEXT('2D SPACE',''
  ) );
#5174 = PCURVE('',#5175,#5180);
#5175 = PLANE('',#5176);
#5176 = AXIS2_PLACEMENT_3D('',#5177,#5178,#5179);
#5177 = CARTESIAN_POINT('',(0.,0.,36.));
#5178 = DIRECTION('',(0.,0.,1.));
#5179 = DIRECTION('',(1.,0.,-0.));
#5180 = DEFINITIONAL_REPRESENTATION('',(#5181),#5185);
#5181 = LINE('',#5182,#5183);
#5182 = CARTESIAN_POINT('',(0.,0.));
#5183 = VECTOR('',#5184,1.);
#5184 = DIRECTION('',(0.,1.));
#5185 = ( GEOMETRIC_REPRESENTATION_CONTEXT(2) 
PARAMETRIC_REPRESENTATION_CONTEXT() REPRESENTATION_CONTEXT('2D SPACE',''
  ) );
#5186 = ADVANCED_FACE('',(#5187),#5201,.T.);
#5187 = FACE_BOUND('',#5188,.T.);
#5188 = EDGE_LOOP('',(#5189,#5219,#5242,#5265));
#5189 = ORIENTED_EDGE('',*,*,#5190,.F.);
#5190 = EDGE_CURVE('',#5191,#5193,#5195,.T.);
#5191 = VERTEX_POINT('',#5192);
#5192 = CARTESIAN_POINT('',(191.18838876877,0.,0.));
#5193 = VERTEX_POINT('',#5194);
#5194 = CARTESIAN_POINT('',(191.18838876877,0.,36.));
#5195 = SURFACE_CURVE('',#5196,(#5200,#5212),.PCURVE_S1.);
#5196 = LINE('',#5197,#5198);
#5197 = CARTESIAN_POINT('',(191.18838876877,0.,0.));
#5198 = VECTOR('',#5199,1.);
#5199 = DIRECTION('',(0.,0.,1.));
#5200 = PCURVE('',#5201,#5206);
#5201 = PLANE('',#5202);
#5202 = AXIS2_PLACEMENT_3D('',#5203,#5204,#5205);
#5203 = CARTESIAN_POINT('',(191.18838876877,0.,0.));
#5204 = DIRECTION('',(1.,0.,-0.));
#5205 = DIRECTION('',(0.,0.,1.));
#5206 = DEFINITIONAL_REPRESENTATION('',(#5207),#5211);
#5207 = LINE('',#5208,#5209);
#5208 = CARTESIAN_POINT('',(0.,0.));
#5209 = VECTOR('',#5210,1.);
#5210 = DIRECTION('',(1.,0.));
#5211 = ( GEOMETRIC_REPRESENTATION_CONTEXT(2) 
PARAMETRIC_REPRESENTATION_CONTEXT() REPRESENTATION_CONTEXT('2D SPACE',''
  ) );
#5212 = PCURVE('',#5093,#5213);
#5213 = DEFINITIONAL_REPRESENTATION('',(#5214),#5218);
#5214 = LINE('',#5215,#5216);
#5215 = CARTESIAN_POINT('',(0.,191.18838876877));
#5216 = VECTOR('',#5217,1.);
#5217 = DIRECTION('',(1.,0.));
#5218 = ( GEOMETRIC_REPRESENTATION_CONTEXT(2) 
PARAMETRIC_REPRESENTATION_CONTEXT() REPRESENTATION_CONTEXT('2D SPACE',''
  ) );
#5219 = ORIENTED_EDGE('',*,*,#5220,.T.);
#5220 = EDGE_CURVE('',#5191,#5221,#5223,.T.);
#5221 = VERTEX_POINT('',#5222);
#5222 = CARTESIAN_POINT('',(191.18838876877,58.,0.));
#5223 = SURFACE_CURVE('',#5224,(#5228,#5235),.PCURVE_S1.);
#5224 = LINE('',#5225,#5226);
#5225 = CARTESIAN_POINT('',(191.18838876877,0.,0.));
#5226 = VECTOR('',#5227,1.);
#5227 = DIRECTION('',(-0.,1.,0.));
#5228 = PCURVE('',#5201,#5229);
#5229 = DEFINITIONAL_REPRESENTATION('',(#5230),#5234);
#5230 = LINE('',#5231,#5232);
#5231 = CARTESIAN_POINT('',(0.,0.));
#5232 = VECTOR('',#5233,1.);
#5233 = DIRECTION('',(0.,-1.));
#5234 = ( GEOMETRIC_REPRESENTATION_CONTEXT(2) 
PARAMETRIC_REPRESENTATION_CONTEXT() REPRESENTATION_CONTEXT('2D SPACE',''
  ) );
#5235 = PCURVE('',#5121,#5236);
#5236 = DEFINITIONAL_REPRESENTATION('',(#5237),#5241);
#5237 = LINE('',#5238,#5239);
#5238 = CARTESIAN_POINT('',(191.18838876877,0.));
#5239 = VECTOR('',#5240,1.);
#5240 = DIRECTION('',(0.,1.));
#5241 = ( GEOMETRIC_REPRESENTATION_CONTEXT(2) 
PARAMETRIC_REPRESENTATION_CONTEXT() REPRESENTATION_CONTEXT('2D SPACE',''
  ) );
#5242 = ORIENTED_EDGE('',*,*,#5243,.T.);
#5243 = EDGE_CURVE('',#5221,#5244,#5246,.T.);
#5244 = VERTEX_POINT('',#5245);
#5245 = CARTESIAN_POINT('',(191.18838876877,58.,36.));
#5246 = SURFACE_CURVE('',#5247,(#5251,#5258),.PCURVE_S1.);
#5247 = LINE('',#5248,#5249);
#5248 = CARTESIAN_POINT('',(191.18838876877,58.,0.));
#5249 = VECTOR('',#5250,1.);
#5250 = DIRECTION('',(0.,0.,1.));
#5251 = PCURVE('',#5201,#5252);
#5252 = DEFINITIONAL_REPRESENTATION('',(#5253),#5257);
#5253 = LINE('',#5254,#5255);
#5254 = CARTESIAN_POINT('',(0.,-58.));
#5255 = VECTOR('',#5256,1.);
#5256 = DIRECTION('',(1.,0.));
#5257 = ( GEOMETRIC_REPRESENTATION_CONTEXT(2) 
PARAMETRIC_REPRESENTATION_CONTEXT() REPRESENTATION_CONTEXT('2D SPACE',''
  ) );
#5258 = PCURVE('',#5149,#5259);
#5259 = DEFINITIONAL_REPRESENTATION('',(#5260),#5264);
#5260 = LINE('',#5261,#5262);
#5261 = CARTESIAN_POINT('',(0.,191.18838876877));
#5262 = VECTOR('',#5263,1.);
#5263 = DIRECTION('',(1.,0.));
#5264 = ( GEOMETRIC_REPRESENTATION_CONTEXT(2) 
PARAMETRIC_REPRESENTATION_CONTEXT() REPRESENTATION_CONTEXT('2D SPACE',''
  ) );
#5265 = ORIENTED_EDGE('',*,*,#5266,.F.);
#5266 = EDGE_CURVE('',#5193,#5244,#5267,.T.);
#5267 = SURFACE_CURVE('',#5268,(#5272,#5279),.PCURVE_S1.);
#5268 = LINE('',#5269,#5270);
#5269 = CARTESIAN_POINT('',(191.18838876877,0.,36.));
#5270 = VECTOR('',#5271,1.);
#5271 = DIRECTION('',(-0.,1.,0.));
#5272 = PCURVE('',#5201,#5273);
#5273 = DEFINITIONAL_REPRESENTATION('',(#5274),#5278);
#5274 = LINE('',#5275,#5276);
#5275 = CARTESIAN_POINT('',(36.,0.));
#5276 = VECTOR('',#5277,1.);
#5277 = DIRECTION('',(0.,-1.));
#5278 = ( GEOMETRIC_REPRESENTATION_CONTEXT(2) 
PARAMETRIC_REPRESENTATION_CONTEXT() REPRESENTATION_CONTEXT('2D SPACE',''
  ) );
#5279 = PCURVE('',#5175,#5280);
#5280 = DEFINITIONAL_REPRESENTATION('',(#5281),#5285);
#5281 = LINE('',#5282,#5283);
#5282 = CARTESIAN_POINT('',(191.18838876877,0.));
#5283 = VECTOR('',#5284,1.);
#5284 = DIRECTION('',(0.,1.));
#5285 = ( GEOMETRIC_REPRESENTATION_CONTEXT(2) 
PARAMETRIC_REPRESENTATION_CONTEXT() REPRESENTATION_CONTEXT('2D SPACE',''
  ) );
#5286 = ADVANCED_FACE('',(#5287),#5093,.F.);
#5287 = FACE_BOUND('',#5288,.F.);
#5288 = EDGE_LOOP('',(#5289,#5310,#5311,#5332));
#5289 = ORIENTED_EDGE('',*,*,#5290,.F.);
#5290 = EDGE_CURVE('',#5071,#5191,#5291,.T.);
#5291 = SURFACE_CURVE('',#5292,(#5296,#5303),.PCURVE_S1.);
#5292 = LINE('',#5293,#5294);
#5293 = CARTESIAN_POINT('',(0.,0.,0.));
#5294 = VECTOR('',#5295,1.);
#5295 = DIRECTION('',(1.,0.,-0.));
#5296 = PCURVE('',#5093,#5297);
#5297 = DEFINITIONAL_REPRESENTATION('',(#5298),#5302);
#5298 = LINE('',#5299,#5300);
#5299 = CARTESIAN_POINT('',(0.,0.));
#5300 = VECTOR('',#5301,1.);
#5301 = DIRECTION('',(0.,1.));
#5302 = ( GEOMETRIC_REPRESENTATION_CONTEXT(2) 
PARAMETRIC_REPRESENTATION_CONTEXT() REPRESENTATION_CONTEXT('2D SPACE',''
  ) );
#5303 = PCURVE('',#5121,#5304);
#5304 = DEFINITIONAL_REPRESENTATION('',(#5305),#5309);
#5305 = LINE('',#5306,#5307);
#5306 = CARTESIAN_POINT('',(0.,0.));
#5307 = VECTOR('',#5308,1.);
#5308 = DIRECTION('',(1.,0.));
#5309 = ( GEOMETRIC_REPRESENTATION_CONTEXT(2) 
PARAMETRIC_REPRESENTATION_CONTEXT() REPRESENTATION_CONTEXT('2D SPACE',''
  ) );
#5310 = ORIENTED_EDGE('',*,*,#5070,.T.);
#5311 = ORIENTED_EDGE('',*,*,#5312,.T.);
#5312 = EDGE_CURVE('',#5073,#5193,#5313,.T.);
#5313 = SURFACE_CURVE('',#5314,(#5318,#5325),.PCURVE_S1.);
#5314 = LINE('',#5315,#5316);
#5315 = CARTESIAN_POINT('',(0.,0.,36.));
#5316 = VECTOR('',#5317,1.);
#5317 = DIRECTION('',(1.,0.,-0.));
#5318 = PCURVE('',#5093,#5319);
#5319 = DEFINITIONAL_REPRESENTATION('',(#5320),#5324);
#5320 = LINE('',#5321,#5322);
#5321 = CARTESIAN_POINT('',(36.,0.));
#5322 = VECTOR('',#5323,1.);
#5323 = DIRECTION('',(0.,1.));
#5324 = ( GEOMETRIC_REPRESENTATION_CONTEXT(2) 
PARAMETRIC_REPRESENTATION_CONTEXT() REPRESENTATION_CONTEXT('2D SPACE',''
  ) );
#5325 = PCURVE('',#5175,#5326);
#5326 = DEFINITIONAL_REPRESENTATION('',(#5327),#5331);
#5327 = LINE('',#5328,#5329);
#5328 = CARTESIAN_POINT('',(0.,0.));
#5329 = VECTOR('',#5330,1.);
#5330 = DIRECTION('',(1.,0.));
#5331 = ( GEOMETRIC_REPRESENTATION_CONTEXT(2) 
PARAMETRIC_REPRESENTATION_CONTEXT() REPRESENTATION_CONTEXT('2D SPACE',''
  ) );
#5332 = ORIENTED_EDGE('',*,*,#5190,.F.);
#5333 = ADVANCED_FACE('',(#5334),#5149,.T.);
#5334 = FACE_BOUND('',#5335,.T.);
#5335 = EDGE_LOOP('',(#5336,#5357,#5358,#5379));
#5336 = ORIENTED_EDGE('',*,*,#5337,.F.);
#5337 = EDGE_CURVE('',#5106,#5221,#5338,.T.);
#5338 = SURFACE_CURVE('',#5339,(#5343,#5350),.PCURVE_S1.);
#5339 = LINE('',#5340,#5341);
#5340 = CARTESIAN_POINT('',(0.,58.,0.));
#5341 = VECTOR('',#5342,1.);
#5342 = DIRECTION('',(1.,0.,-0.));
#5343 = PCURVE('',#5149,#5344);
#5344 = DEFINITIONAL_REPRESENTATION('',(#5345),#5349);
#5345 = LINE('',#5346,#5347);
#5346 = CARTESIAN_POINT('',(0.,0.));
#5347 = VECTOR('',#5348,1.);
#5348 = DIRECTION('',(0.,1.));
#5349 = ( GEOMETRIC_REPRESENTATION_CONTEXT(2) 
PARAMETRIC_REPRESENTATION_CONTEXT() REPRESENTATION_CONTEXT('2D SPACE',''
  ) );
#5350 = PCURVE('',#5121,#5351);
#5351 = DEFINITIONAL_REPRESENTATION('',(#5352),#5356);
#5352 = LINE('',#5353,#5354);
#5353 = CARTESIAN_POINT('',(0.,58.));
#5354 = VECTOR('',#5355,1.);
#5355 = DIRECTION('',(1.,0.));
#5356 = ( GEOMETRIC_REPRESENTATION_CONTEXT(2) 
PARAMETRIC_REPRESENTATION_CONTEXT() REPRESENTATION_CONTEXT('2D SPACE',''
  ) );
#5357 = ORIENTED_EDGE('',*,*,#5133,.T.);
#5358 = ORIENTED_EDGE('',*,*,#5359,.T.);
#5359 = EDGE_CURVE('',#5134,#5244,#5360,.T.);
#5360 = SURFACE_CURVE('',#5361,(#5365,#5372),.PCURVE_S1.);
#5361 = LINE('',#5362,#5363);
#5362 = CARTESIAN_POINT('',(0.,58.,36.));
#5363 = VECTOR('',#5364,1.);
#5364 = DIRECTION('',(1.,0.,-0.));
#5365 = PCURVE('',#5149,#5366);
#5366 = DEFINITIONAL_REPRESENTATION('',(#5367),#5371);
#5367 = LINE('',#5368,#5369);
#5368 = CARTESIAN_POINT('',(36.,0.));
#5369 = VECTOR('',#5370,1.);
#5370 = DIRECTION('',(0.,1.));
#5371 = ( GEOMETRIC_REPRESENTATION_CONTEXT(2) 
PARAMETRIC_REPRESENTATION_CONTEXT() REPRESENTATION_CONTEXT('2D SPACE',''
  ) );
#5372 = PCURVE('',#5175,#5373);
#5373 = DEFINITIONAL_REPRESENTATION('',(#5374),#5378);
#5374 = LINE('',#5375,#5376);
#5375 = CARTESIAN_POINT('',(0.,58.));
#5376 = VECTOR('',#5377,1.);
#5377 = DIRECTION('',(1.,0.));
#5378 = ( GEOMETRIC_REPRESENTATION_CONTEXT(2) 
PARAMETRIC_REPRESENTATION_CONTEXT() REPRESENTATION_CONTEXT('2D SPACE',''
  ) );
#5379 = ORIENTED_EDGE('',*,*,#5243,.F.);
#5380 = ADVANCED_FACE('',(#5381),#5121,.F.);
#5381 = FACE_BOUND('',#5382,.F.);
#5382 = EDGE_LOOP('',(#5383,#5384,#5385,#5386));
#5383 = ORIENTED_EDGE('',*,*,#5105,.F.);
#5384 = ORIENTED_EDGE('',*,*,#5290,.T.);
#5385 = ORIENTED_EDGE('',*,*,#5220,.T.);
#5386 = ORIENTED_EDGE('',*,*,#5337,.F.);
#5387 = ADVANCED_FACE('',(#5388),#5175,.T.);
#5388 = FACE_BOUND('',#5389,.T.);
#5389 = EDGE_LOOP('',(#5390,#5391,#5392,#5393));
#5390 = ORIENTED_EDGE('',*,*,#5161,.F.);
#5391 = ORIENTED_EDGE('',*,*,#5312,.T.);
#5392 = ORIENTED_EDGE('',*,*,#5266,.T.);
#5393 = ORIENTED_EDGE('',*,*,#5359,.F.);
#5394 = ( GEOMETRIC_REPRESENTATION_CONTEXT(3) 
GLOBAL_UNCERTAINTY_ASSIGNED_CONTEXT((#5398)) 
GLOBAL_UNIT_ASSIGNED_CONTEXT((#5395,#5396,#5397)) REPRESENTATION_CONTEXT
('Context #1','3D Context with UNIT and UNCERTAINTY') );
#5395 = ( LENGTH_UNIT() NAMED_UNIT(*) SI_UNIT(.MILLI.,.METRE.) );
#5396 = ( NAMED_UNIT(*) PLANE_ANGLE_UNIT() SI_UNIT($,.RADIAN.) );
#5397 = ( NAMED_UNIT(*) SI_UNIT($,.STERADIAN.) SOLID_ANGLE_UNIT() );
#5398 = UNCERTAINTY_MEASURE_WITH_UNIT(LENGTH_MEASURE(1.E-07),#5395,
  'distance_accuracy_value','confusion accuracy');
#5399 = CONTEXT_DEPENDENT_SHAPE_REPRESENTATION(#5400,#5402);
#5400 = ( REPRESENTATION_RELATIONSHIP('','',#5063,#5040) 
REPRESENTATION_RELATIONSHIP_WITH_TRANSFORMATION(#5401) 
SHAPE_REPRESENTATION_RELATIONSHIP() );
#5401 = ITEM_DEFINED_TRANSFORMATION('','',#11,#5041);
#5402 = PRODUCT_DEFINITION_SHAPE('Placement','Placement of an item',
  #5403);
#5403 = NEXT_ASSEMBLY_USAGE_OCCURRENCE('123','=>[0:1:1:53]','',#5035,
  #5058,$);
#5404 = PRODUCT_RELATED_PRODUCT_CATEGORY('part',$,(#5060));
#5405 = SHAPE_DEFINITION_REPRESENTATION(#5406,#5412);
#5406 = PRODUCT_DEFINITION_SHAPE('','',#5407);
#5407 = PRODUCT_DEFINITION('design','',#5408,#5411);
#5408 = PRODUCT_DEFINITION_FORMATION('','',#5409);
#5409 = PRODUCT('right_knee_pitch_actuator_housing',
  'right_knee_pitch_actuator_housing','',(#5410));
#5410 = PRODUCT_CONTEXT('',#2,'mechanical');
#5411 = PRODUCT_DEFINITION_CONTEXT('part definition',#2,'design');
#5412 = SHAPE_REPRESENTATION('',(#11,#5413),#5417);
#5413 = AXIS2_PLACEMENT_3D('',#5414,#5415,#5416);
#5414 = CARTESIAN_POINT('',(0.,0.,-69.));
#5415 = DIRECTION('',(0.,0.,1.));
#5416 = DIRECTION('',(1.,0.,0.));
#5417 = ( GEOMETRIC_REPRESENTATION_CONTEXT(3) 
GLOBAL_UNCERTAINTY_ASSIGNED_CONTEXT((#5421)) 
GLOBAL_UNIT_ASSIGNED_CONTEXT((#5418,#5419,#5420)) REPRESENTATION_CONTEXT
('Context #1','3D Context with UNIT and UNCERTAINTY') );
#5418 = ( LENGTH_UNIT() NAMED_UNIT(*) SI_UNIT(.MILLI.,.METRE.) );
#5419 = ( NAMED_UNIT(*) PLANE_ANGLE_UNIT() SI_UNIT($,.RADIAN.) );
#5420 = ( NAMED_UNIT(*) SI_UNIT($,.STERADIAN.) SOLID_ANGLE_UNIT() );
#5421 = UNCERTAINTY_MEASURE_WITH_UNIT(LENGTH_MEASURE(1.E-07),#5418,
  'distance_accuracy_value','confusion accuracy');
#5422 = CONTEXT_DEPENDENT_SHAPE_REPRESENTATION(#5423,#5425);
#5423 = ( REPRESENTATION_RELATIONSHIP('','',#5412,#10) 
REPRESENTATION_RELATIONSHIP_WITH_TRANSFORMATION(#5424) 
SHAPE_REPRESENTATION_RELATIONSHIP() );
#5424 = ITEM_DEFINED_TRANSFORMATION('','',#11,#119);
#5425 = PRODUCT_DEFINITION_SHAPE('Placement','Placement of an item',
  #5426);
#5426 = NEXT_ASSEMBLY_USAGE_OCCURRENCE('126','=>[0:1:1:54]','',#5,#5407,
  $);
#5427 = PRODUCT_RELATED_PRODUCT_CATEGORY('part',$,(#5409));
#5428 = SHAPE_DEFINITION_REPRESENTATION(#5429,#5435);
#5429 = PRODUCT_DEFINITION_SHAPE('','',#5430);
#5430 = PRODUCT_DEFINITION('design','',#5431,#5434);
#5431 = PRODUCT_DEFINITION_FORMATION('','',#5432);
#5432 = PRODUCT('SOLID','SOLID','',(#5433));
#5433 = PRODUCT_CONTEXT('',#2,'mechanical');
#5434 = PRODUCT_DEFINITION_CONTEXT('part definition',#2,'design');
#5435 = ADVANCED_BREP_SHAPE_REPRESENTATION('',(#11,#5436),#5534);
#5436 = MANIFOLD_SOLID_BREP('',#5437);
#5437 = CLOSED_SHELL('',(#5438,#5526,#5530));
#5438 = ADVANCED_FACE('',(#5439),#5452,.T.);
#5439 = FACE_BOUND('',#5440,.T.);
#5440 = EDGE_LOOP('',(#5441,#5475,#5498,#5525));
#5441 = ORIENTED_EDGE('',*,*,#5442,.F.);
#5442 = EDGE_CURVE('',#5443,#5443,#5445,.T.);
#5443 = VERTEX_POINT('',#5444);
#5444 = CARTESIAN_POINT('',(62.,-1.518562030943E-14,138.));
#5445 = SURFACE_CURVE('',#5446,(#5451,#5463),.PCURVE_S1.);
#5446 = CIRCLE('',#5447,62.);
#5447 = AXIS2_PLACEMENT_3D('',#5448,#5449,#5450);
#5448 = CARTESIAN_POINT('',(0.,0.,138.));
#5449 = DIRECTION('',(0.,0.,1.));
#5450 = DIRECTION('',(1.,0.,-0.));
#5451 = PCURVE('',#5452,#5457);
#5452 = CYLINDRICAL_SURFACE('',#5453,62.);
#5453 = AXIS2_PLACEMENT_3D('',#5454,#5455,#5456);
#5454 = CARTESIAN_POINT('',(0.,0.,0.));
#5455 = DIRECTION('',(0.,0.,1.));
#5456 = DIRECTION('',(1.,0.,-0.));
#5457 = DEFINITIONAL_REPRESENTATION('',(#5458),#5462);
#5458 = LINE('',#5459,#5460);
#5459 = CARTESIAN_POINT('',(0.,138.));
#5460 = VECTOR('',#5461,1.);
#5461 = DIRECTION('',(1.,0.));
#5462 = ( GEOMETRIC_REPRESENTATION_CONTEXT(2) 
PARAMETRIC_REPRESENTATION_CONTEXT() REPRESENTATION_CONTEXT('2D SPACE',''
  ) );
#5463 = PCURVE('',#5464,#5469);
#5464 = PLANE('',#5465);
#5465 = AXIS2_PLACEMENT_3D('',#5466,#5467,#5468);
#5466 = CARTESIAN_POINT('',(0.,0.,138.));
#5467 = DIRECTION('',(0.,0.,1.));
#5468 = DIRECTION('',(1.,0.,-0.));
#5469 = DEFINITIONAL_REPRESENTATION('',(#5470),#5474);
#5470 = CIRCLE('',#5471,62.);
#5471 = AXIS2_PLACEMENT_2D('',#5472,#5473);
#5472 = CARTESIAN_POINT('',(0.,0.));
#5473 = DIRECTION('',(1.,0.));
#5474 = ( GEOMETRIC_REPRESENTATION_CONTEXT(2) 
PARAMETRIC_REPRESENTATION_CONTEXT() REPRESENTATION_CONTEXT('2D SPACE',''
  ) );
#5475 = ORIENTED_EDGE('',*,*,#5476,.F.);
#5476 = EDGE_CURVE('',#5477,#5443,#5479,.T.);
#5477 = VERTEX_POINT('',#5478);
#5478 = CARTESIAN_POINT('',(62.,-1.518562030943E-14,0.));
#5479 = SEAM_CURVE('',#5480,(#5484,#5491),.PCURVE_S1.);
#5480 = LINE('',#5481,#5482);
#5481 = CARTESIAN_POINT('',(62.,-1.518562030943E-14,0.));
#5482 = VECTOR('',#5483,1.);
#5483 = DIRECTION('',(0.,0.,1.));
#5484 = PCURVE('',#5452,#5485);
#5485 = DEFINITIONAL_REPRESENTATION('',(#5486),#5490);
#5486 = LINE('',#5487,#5488);
#5487 = CARTESIAN_POINT('',(6.28318530718,-0.));
#5488 = VECTOR('',#5489,1.);
#5489 = DIRECTION('',(0.,1.));
#5490 = ( GEOMETRIC_REPRESENTATION_CONTEXT(2) 
PARAMETRIC_REPRESENTATION_CONTEXT() REPRESENTATION_CONTEXT('2D SPACE',''
  ) );
#5491 = PCURVE('',#5452,#5492);
#5492 = DEFINITIONAL_REPRESENTATION('',(#5493),#5497);
#5493 = LINE('',#5494,#5495);
#5494 = CARTESIAN_POINT('',(0.,-0.));
#5495 = VECTOR('',#5496,1.);
#5496 = DIRECTION('',(0.,1.));
#5497 = ( GEOMETRIC_REPRESENTATION_CONTEXT(2) 
PARAMETRIC_REPRESENTATION_CONTEXT() REPRESENTATION_CONTEXT('2D SPACE',''
  ) );
#5498 = ORIENTED_EDGE('',*,*,#5499,.T.);
#5499 = EDGE_CURVE('',#5477,#5477,#5500,.T.);
#5500 = SURFACE_CURVE('',#5501,(#5506,#5513),.PCURVE_S1.);
#5501 = CIRCLE('',#5502,62.);
#5502 = AXIS2_PLACEMENT_3D('',#5503,#5504,#5505);
#5503 = CARTESIAN_POINT('',(0.,0.,0.));
#5504 = DIRECTION('',(0.,0.,1.));
#5505 = DIRECTION('',(1.,0.,-0.));
#5506 = PCURVE('',#5452,#5507);
#5507 = DEFINITIONAL_REPRESENTATION('',(#5508),#5512);
#5508 = LINE('',#5509,#5510);
#5509 = CARTESIAN_POINT('',(0.,0.));
#5510 = VECTOR('',#5511,1.);
#5511 = DIRECTION('',(1.,0.));
#5512 = ( GEOMETRIC_REPRESENTATION_CONTEXT(2) 
PARAMETRIC_REPRESENTATION_CONTEXT() REPRESENTATION_CONTEXT('2D SPACE',''
  ) );
#5513 = PCURVE('',#5514,#5519);
#5514 = PLANE('',#5515);
#5515 = AXIS2_PLACEMENT_3D('',#5516,#5517,#5518);
#5516 = CARTESIAN_POINT('',(0.,0.,0.));
#5517 = DIRECTION('',(0.,0.,1.));
#5518 = DIRECTION('',(1.,0.,-0.));
#5519 = DEFINITIONAL_REPRESENTATION('',(#5520),#5524);
#5520 = CIRCLE('',#5521,62.);
#5521 = AXIS2_PLACEMENT_2D('',#5522,#5523);
#5522 = CARTESIAN_POINT('',(0.,0.));
#5523 = DIRECTION('',(1.,0.));
#5524 = ( GEOMETRIC_REPRESENTATION_CONTEXT(2) 
PARAMETRIC_REPRESENTATION_CONTEXT() REPRESENTATION_CONTEXT('2D SPACE',''
  ) );
#5525 = ORIENTED_EDGE('',*,*,#5476,.T.);
#5526 = ADVANCED_FACE('',(#5527),#5464,.T.);
#5527 = FACE_BOUND('',#5528,.T.);
#5528 = EDGE_LOOP('',(#5529));
#5529 = ORIENTED_EDGE('',*,*,#5442,.T.);
#5530 = ADVANCED_FACE('',(#5531),#5514,.F.);
#5531 = FACE_BOUND('',#5532,.T.);
#5532 = EDGE_LOOP('',(#5533));
#5533 = ORIENTED_EDGE('',*,*,#5499,.F.);
#5534 = ( GEOMETRIC_REPRESENTATION_CONTEXT(3) 
GLOBAL_UNCERTAINTY_ASSIGNED_CONTEXT((#5538)) 
GLOBAL_UNIT_ASSIGNED_CONTEXT((#5535,#5536,#5537)) REPRESENTATION_CONTEXT
('Context #1','3D Context with UNIT and UNCERTAINTY') );
#5535 = ( LENGTH_UNIT() NAMED_UNIT(*) SI_UNIT(.MILLI.,.METRE.) );
#5536 = ( NAMED_UNIT(*) PLANE_ANGLE_UNIT() SI_UNIT($,.RADIAN.) );
#5537 = ( NAMED_UNIT(*) SI_UNIT($,.STERADIAN.) SOLID_ANGLE_UNIT() );
#5538 = UNCERTAINTY_MEASURE_WITH_UNIT(LENGTH_MEASURE(1.E-07),#5535,
  'distance_accuracy_value','confusion accuracy');
#5539 = CONTEXT_DEPENDENT_SHAPE_REPRESENTATION(#5540,#5542);
#5540 = ( REPRESENTATION_RELATIONSHIP('','',#5435,#5412) 
REPRESENTATION_RELATIONSHIP_WITH_TRANSFORMATION(#5541) 
SHAPE_REPRESENTATION_RELATIONSHIP() );
#5541 = ITEM_DEFINED_TRANSFORMATION('','',#11,#5413);
#5542 = PRODUCT_DEFINITION_SHAPE('Placement','Placement of an item',
  #5543);
#5543 = NEXT_ASSEMBLY_USAGE_OCCURRENCE('125','=>[0:1:1:55]','',#5407,
  #5430,$);
#5544 = PRODUCT_RELATED_PRODUCT_CATEGORY('part',$,(#5432));
#5545 = SHAPE_DEFINITION_REPRESENTATION(#5546,#5552);
#5546 = PRODUCT_DEFINITION_SHAPE('','',#5547);
#5547 = PRODUCT_DEFINITION('design','',#5548,#5551);
#5548 = PRODUCT_DEFINITION_FORMATION('','',#5549);
#5549 = PRODUCT('right_knee_torque_sensing_ring',
  'right_knee_torque_sensing_ring','',(#5550));
#5550 = PRODUCT_CONTEXT('',#2,'mechanical');
#5551 = PRODUCT_DEFINITION_CONTEXT('part definition',#2,'design');
#5552 = SHAPE_REPRESENTATION('',(#11,#5553),#5557);
#5553 = AXIS2_PLACEMENT_3D('',#5554,#5555,#5556);
#5554 = CARTESIAN_POINT('',(0.,0.,0.));
#5555 = DIRECTION('',(0.,0.,1.));
#5556 = DIRECTION('',(1.,0.,0.));
#5557 = ( GEOMETRIC_REPRESENTATION_CONTEXT(3) 
GLOBAL_UNCERTAINTY_ASSIGNED_CONTEXT((#5561)) 
GLOBAL_UNIT_ASSIGNED_CONTEXT((#5558,#5559,#5560)) REPRESENTATION_CONTEXT
('Context #1','3D Context with UNIT and UNCERTAINTY') );
#5558 = ( LENGTH_UNIT() NAMED_UNIT(*) SI_UNIT(.MILLI.,.METRE.) );
#5559 = ( NAMED_UNIT(*) PLANE_ANGLE_UNIT() SI_UNIT($,.RADIAN.) );
#5560 = ( NAMED_UNIT(*) SI_UNIT($,.STERADIAN.) SOLID_ANGLE_UNIT() );
#5561 = UNCERTAINTY_MEASURE_WITH_UNIT(LENGTH_MEASURE(1.E-07),#5558,
  'distance_accuracy_value','confusion accuracy');
#5562 = CONTEXT_DEPENDENT_SHAPE_REPRESENTATION(#5563,#5565);
#5563 = ( REPRESENTATION_RELATIONSHIP('','',#5552,#10) 
REPRESENTATION_RELATIONSHIP_WITH_TRANSFORMATION(#5564) 
SHAPE_REPRESENTATION_RELATIONSHIP() );
#5564 = ITEM_DEFINED_TRANSFORMATION('','',#11,#123);
#5565 = PRODUCT_DEFINITION_SHAPE('Placement','Placement of an item',
  #5566);
#5566 = NEXT_ASSEMBLY_USAGE_OCCURRENCE('128','=>[0:1:1:56]','',#5,#5547,
  $);
#5567 = PRODUCT_RELATED_PRODUCT_CATEGORY('part',$,(#5549));
#5568 = SHAPE_DEFINITION_REPRESENTATION(#5569,#5575);
#5569 = PRODUCT_DEFINITION_SHAPE('','',#5570);
#5570 = PRODUCT_DEFINITION('design','',#5571,#5574);
#5571 = PRODUCT_DEFINITION_FORMATION('','',#5572);
#5572 = PRODUCT('SOLID','SOLID','',(#5573));
#5573 = PRODUCT_CONTEXT('',#2,'mechanical');
#5574 = PRODUCT_DEFINITION_CONTEXT('part definition',#2,'design');
#5575 = ADVANCED_BREP_SHAPE_REPRESENTATION('',(#11,#5576),#5634);
#5576 = MANIFOLD_SOLID_BREP('',#5577);
#5577 = CLOSED_SHELL('',(#5578));
#5578 = ADVANCED_FACE('',(#5579),#5592,.T.);
#5579 = FACE_BOUND('',#5580,.T.);
#5580 = EDGE_LOOP('',(#5581,#5610,#5632,#5633));
#5581 = ORIENTED_EDGE('',*,*,#5582,.F.);
#5582 = EDGE_CURVE('',#5583,#5583,#5585,.T.);
#5583 = VERTEX_POINT('',#5584);
#5584 = CARTESIAN_POINT('',(72.5,-1.775737858764E-14,-1.592040838892E-15
    ));
#5585 = SEAM_CURVE('',#5586,(#5591,#5603),.PCURVE_S1.);
#5586 = CIRCLE('',#5587,72.5);
#5587 = AXIS2_PLACEMENT_3D('',#5588,#5589,#5590);
#5588 = CARTESIAN_POINT('',(0.,0.,-1.592040838892E-15));
#5589 = DIRECTION('',(0.,0.,1.));
#5590 = DIRECTION('',(1.,0.,-0.));
#5591 = PCURVE('',#5592,#5597);
#5592 = TOROIDAL_SURFACE('',#5593,66.,6.5);
#5593 = AXIS2_PLACEMENT_3D('',#5594,#5595,#5596);
#5594 = CARTESIAN_POINT('',(0.,0.,0.));
#5595 = DIRECTION('',(0.,0.,1.));
#5596 = DIRECTION('',(1.,0.,-0.));
#5597 = DEFINITIONAL_REPRESENTATION('',(#5598),#5602);
#5598 = LINE('',#5599,#5600);
#5599 = CARTESIAN_POINT('',(0.,6.28318530718));
#5600 = VECTOR('',#5601,1.);
#5601 = DIRECTION('',(1.,0.));
#5602 = ( GEOMETRIC_REPRESENTATION_CONTEXT(2) 
PARAMETRIC_REPRESENTATION_CONTEXT() REPRESENTATION_CONTEXT('2D SPACE',''
  ) );
#5603 = PCURVE('',#5592,#5604);
#5604 = DEFINITIONAL_REPRESENTATION('',(#5605),#5609);
#5605 = LINE('',#5606,#5607);
#5606 = CARTESIAN_POINT('',(0.,0.));
#5607 = VECTOR('',#5608,1.);
#5608 = DIRECTION('',(1.,0.));
#5609 = ( GEOMETRIC_REPRESENTATION_CONTEXT(2) 
PARAMETRIC_REPRESENTATION_CONTEXT() REPRESENTATION_CONTEXT('2D SPACE',''
  ) );
#5610 = ORIENTED_EDGE('',*,*,#5611,.F.);
#5611 = EDGE_CURVE('',#5583,#5583,#5612,.T.);
#5612 = SEAM_CURVE('',#5613,(#5618,#5625),.PCURVE_S1.);
#5613 = CIRCLE('',#5614,6.5);
#5614 = AXIS2_PLACEMENT_3D('',#5615,#5616,#5617);
#5615 = CARTESIAN_POINT('',(66.,-1.616533774875E-14,0.));
#5616 = DIRECTION('',(-2.449293598295E-16,-1.,0.));
#5617 = DIRECTION('',(1.,-2.449293598295E-16,0.));
#5618 = PCURVE('',#5592,#5619);
#5619 = DEFINITIONAL_REPRESENTATION('',(#5620),#5624);
#5620 = LINE('',#5621,#5622);
#5621 = CARTESIAN_POINT('',(6.28318530718,-0.));
#5622 = VECTOR('',#5623,1.);
#5623 = DIRECTION('',(0.,1.));
#5624 = ( GEOMETRIC_REPRESENTATION_CONTEXT(2) 
PARAMETRIC_REPRESENTATION_CONTEXT() REPRESENTATION_CONTEXT('2D SPACE',''
  ) );
#5625 = PCURVE('',#5592,#5626);
#5626 = DEFINITIONAL_REPRESENTATION('',(#5627),#5631);
#5627 = LINE('',#5628,#5629);
#5628 = CARTESIAN_POINT('',(0.,-0.));
#5629 = VECTOR('',#5630,1.);
#5630 = DIRECTION('',(0.,1.));
#5631 = ( GEOMETRIC_REPRESENTATION_CONTEXT(2) 
PARAMETRIC_REPRESENTATION_CONTEXT() REPRESENTATION_CONTEXT('2D SPACE',''
  ) );
#5632 = ORIENTED_EDGE('',*,*,#5582,.T.);
#5633 = ORIENTED_EDGE('',*,*,#5611,.T.);
#5634 = ( GEOMETRIC_REPRESENTATION_CONTEXT(3) 
GLOBAL_UNCERTAINTY_ASSIGNED_CONTEXT((#5638)) 
GLOBAL_UNIT_ASSIGNED_CONTEXT((#5635,#5636,#5637)) REPRESENTATION_CONTEXT
('Context #1','3D Context with UNIT and UNCERTAINTY') );
#5635 = ( LENGTH_UNIT() NAMED_UNIT(*) SI_UNIT(.MILLI.,.METRE.) );
#5636 = ( NAMED_UNIT(*) PLANE_ANGLE_UNIT() SI_UNIT($,.RADIAN.) );
#5637 = ( NAMED_UNIT(*) SI_UNIT($,.STERADIAN.) SOLID_ANGLE_UNIT() );
#5638 = UNCERTAINTY_MEASURE_WITH_UNIT(LENGTH_MEASURE(1.E-07),#5635,
  'distance_accuracy_value','confusion accuracy');
#5639 = CONTEXT_DEPENDENT_SHAPE_REPRESENTATION(#5640,#5642);
#5640 = ( REPRESENTATION_RELATIONSHIP('','',#5575,#5552) 
REPRESENTATION_RELATIONSHIP_WITH_TRANSFORMATION(#5641) 
SHAPE_REPRESENTATION_RELATIONSHIP() );
#5641 = ITEM_DEFINED_TRANSFORMATION('','',#11,#5553);
#5642 = PRODUCT_DEFINITION_SHAPE('Placement','Placement of an item',
  #5643);
#5643 = NEXT_ASSEMBLY_USAGE_OCCURRENCE('127','=>[0:1:1:57]','',#5547,
  #5570,$);
#5644 = PRODUCT_RELATED_PRODUCT_CATEGORY('part',$,(#5572));
#5645 = SHAPE_DEFINITION_REPRESENTATION(#5646,#5652);
#5646 = PRODUCT_DEFINITION_SHAPE('','',#5647);
#5647 = PRODUCT_DEFINITION('design','',#5648,#5651);
#5648 = PRODUCT_DEFINITION_FORMATION('','',#5649);
#5649 = PRODUCT('right_ankle_roll_actuator_housing',
  'right_ankle_roll_actuator_housing','',(#5650));
#5650 = PRODUCT_CONTEXT('',#2,'mechanical');
#5651 = PRODUCT_DEFINITION_CONTEXT('part definition',#2,'design');
#5652 = SHAPE_REPRESENTATION('',(#11,#5653),#5657);
#5653 = AXIS2_PLACEMENT_3D('',#5654,#5655,#5656);
#5654 = CARTESIAN_POINT('',(0.,0.,-59.));
#5655 = DIRECTION('',(0.,0.,1.));
#5656 = DIRECTION('',(1.,0.,0.));
#5657 = ( GEOMETRIC_REPRESENTATION_CONTEXT(3) 
GLOBAL_UNCERTAINTY_ASSIGNED_CONTEXT((#5661)) 
GLOBAL_UNIT_ASSIGNED_CONTEXT((#5658,#5659,#5660)) REPRESENTATION_CONTEXT
('Context #1','3D Context with UNIT and UNCERTAINTY') );
#5658 = ( LENGTH_UNIT() NAMED_UNIT(*) SI_UNIT(.MILLI.,.METRE.) );
#5659 = ( NAMED_UNIT(*) PLANE_ANGLE_UNIT() SI_UNIT($,.RADIAN.) );
#5660 = ( NAMED_UNIT(*) SI_UNIT($,.STERADIAN.) SOLID_ANGLE_UNIT() );
#5661 = UNCERTAINTY_MEASURE_WITH_UNIT(LENGTH_MEASURE(1.E-07),#5658,
  'distance_accuracy_value','confusion accuracy');
#5662 = CONTEXT_DEPENDENT_SHAPE_REPRESENTATION(#5663,#5665);
#5663 = ( REPRESENTATION_RELATIONSHIP('','',#5652,#10) 
REPRESENTATION_RELATIONSHIP_WITH_TRANSFORMATION(#5664) 
SHAPE_REPRESENTATION_RELATIONSHIP() );
#5664 = ITEM_DEFINED_TRANSFORMATION('','',#11,#127);
#5665 = PRODUCT_DEFINITION_SHAPE('Placement','Placement of an item',
  #5666);
#5666 = NEXT_ASSEMBLY_USAGE_OCCURRENCE('130','=>[0:1:1:58]','',#5,#5647,
  $);
#5667 = PRODUCT_RELATED_PRODUCT_CATEGORY('part',$,(#5649));
#5668 = SHAPE_DEFINITION_REPRESENTATION(#5669,#5675);
#5669 = PRODUCT_DEFINITION_SHAPE('','',#5670);
#5670 = PRODUCT_DEFINITION('design','',#5671,#5674);
#5671 = PRODUCT_DEFINITION_FORMATION('','',#5672);
#5672 = PRODUCT('SOLID','SOLID','',(#5673));
#5673 = PRODUCT_CONTEXT('',#2,'mechanical');
#5674 = PRODUCT_DEFINITION_CONTEXT('part definition',#2,'design');
#5675 = ADVANCED_BREP_SHAPE_REPRESENTATION('',(#11,#5676),#5774);
#5676 = MANIFOLD_SOLID_BREP('',#5677);
#5677 = CLOSED_SHELL('',(#5678,#5766,#5770));
#5678 = ADVANCED_FACE('',(#5679),#5692,.T.);
#5679 = FACE_BOUND('',#5680,.T.);
#5680 = EDGE_LOOP('',(#5681,#5715,#5738,#5765));
#5681 = ORIENTED_EDGE('',*,*,#5682,.F.);
#5682 = EDGE_CURVE('',#5683,#5683,#5685,.T.);
#5683 = VERTEX_POINT('',#5684);
#5684 = CARTESIAN_POINT('',(50.,-1.224646799147E-14,118.));
#5685 = SURFACE_CURVE('',#5686,(#5691,#5703),.PCURVE_S1.);
#5686 = CIRCLE('',#5687,50.);
#5687 = AXIS2_PLACEMENT_3D('',#5688,#5689,#5690);
#5688 = CARTESIAN_POINT('',(0.,0.,118.));
#5689 = DIRECTION('',(0.,0.,1.));
#5690 = DIRECTION('',(1.,0.,-0.));
#5691 = PCURVE('',#5692,#5697);
#5692 = CYLINDRICAL_SURFACE('',#5693,50.);
#5693 = AXIS2_PLACEMENT_3D('',#5694,#5695,#5696);
#5694 = CARTESIAN_POINT('',(0.,0.,0.));
#5695 = DIRECTION('',(0.,0.,1.));
#5696 = DIRECTION('',(1.,0.,-0.));
#5697 = DEFINITIONAL_REPRESENTATION('',(#5698),#5702);
#5698 = LINE('',#5699,#5700);
#5699 = CARTESIAN_POINT('',(0.,118.));
#5700 = VECTOR('',#5701,1.);
#5701 = DIRECTION('',(1.,0.));
#5702 = ( GEOMETRIC_REPRESENTATION_CONTEXT(2) 
PARAMETRIC_REPRESENTATION_CONTEXT() REPRESENTATION_CONTEXT('2D SPACE',''
  ) );
#5703 = PCURVE('',#5704,#5709);
#5704 = PLANE('',#5705);
#5705 = AXIS2_PLACEMENT_3D('',#5706,#5707,#5708);
#5706 = CARTESIAN_POINT('',(0.,0.,118.));
#5707 = DIRECTION('',(0.,0.,1.));
#5708 = DIRECTION('',(1.,0.,-0.));
#5709 = DEFINITIONAL_REPRESENTATION('',(#5710),#5714);
#5710 = CIRCLE('',#5711,50.);
#5711 = AXIS2_PLACEMENT_2D('',#5712,#5713);
#5712 = CARTESIAN_POINT('',(0.,0.));
#5713 = DIRECTION('',(1.,0.));
#5714 = ( GEOMETRIC_REPRESENTATION_CONTEXT(2) 
PARAMETRIC_REPRESENTATION_CONTEXT() REPRESENTATION_CONTEXT('2D SPACE',''
  ) );
#5715 = ORIENTED_EDGE('',*,*,#5716,.F.);
#5716 = EDGE_CURVE('',#5717,#5683,#5719,.T.);
#5717 = VERTEX_POINT('',#5718);
#5718 = CARTESIAN_POINT('',(50.,-1.224646799147E-14,0.));
#5719 = SEAM_CURVE('',#5720,(#5724,#5731),.PCURVE_S1.);
#5720 = LINE('',#5721,#5722);
#5721 = CARTESIAN_POINT('',(50.,-1.224646799147E-14,0.));
#5722 = VECTOR('',#5723,1.);
#5723 = DIRECTION('',(0.,0.,1.));
#5724 = PCURVE('',#5692,#5725);
#5725 = DEFINITIONAL_REPRESENTATION('',(#5726),#5730);
#5726 = LINE('',#5727,#5728);
#5727 = CARTESIAN_POINT('',(6.28318530718,-0.));
#5728 = VECTOR('',#5729,1.);
#5729 = DIRECTION('',(0.,1.));
#5730 = ( GEOMETRIC_REPRESENTATION_CONTEXT(2) 
PARAMETRIC_REPRESENTATION_CONTEXT() REPRESENTATION_CONTEXT('2D SPACE',''
  ) );
#5731 = PCURVE('',#5692,#5732);
#5732 = DEFINITIONAL_REPRESENTATION('',(#5733),#5737);
#5733 = LINE('',#5734,#5735);
#5734 = CARTESIAN_POINT('',(0.,-0.));
#5735 = VECTOR('',#5736,1.);
#5736 = DIRECTION('',(0.,1.));
#5737 = ( GEOMETRIC_REPRESENTATION_CONTEXT(2) 
PARAMETRIC_REPRESENTATION_CONTEXT() REPRESENTATION_CONTEXT('2D SPACE',''
  ) );
#5738 = ORIENTED_EDGE('',*,*,#5739,.T.);
#5739 = EDGE_CURVE('',#5717,#5717,#5740,.T.);
#5740 = SURFACE_CURVE('',#5741,(#5746,#5753),.PCURVE_S1.);
#5741 = CIRCLE('',#5742,50.);
#5742 = AXIS2_PLACEMENT_3D('',#5743,#5744,#5745);
#5743 = CARTESIAN_POINT('',(0.,0.,0.));
#5744 = DIRECTION('',(0.,0.,1.));
#5745 = DIRECTION('',(1.,0.,-0.));
#5746 = PCURVE('',#5692,#5747);
#5747 = DEFINITIONAL_REPRESENTATION('',(#5748),#5752);
#5748 = LINE('',#5749,#5750);
#5749 = CARTESIAN_POINT('',(0.,0.));
#5750 = VECTOR('',#5751,1.);
#5751 = DIRECTION('',(1.,0.));
#5752 = ( GEOMETRIC_REPRESENTATION_CONTEXT(2) 
PARAMETRIC_REPRESENTATION_CONTEXT() REPRESENTATION_CONTEXT('2D SPACE',''
  ) );
#5753 = PCURVE('',#5754,#5759);
#5754 = PLANE('',#5755);
#5755 = AXIS2_PLACEMENT_3D('',#5756,#5757,#5758);
#5756 = CARTESIAN_POINT('',(0.,0.,0.));
#5757 = DIRECTION('',(0.,0.,1.));
#5758 = DIRECTION('',(1.,0.,-0.));
#5759 = DEFINITIONAL_REPRESENTATION('',(#5760),#5764);
#5760 = CIRCLE('',#5761,50.);
#5761 = AXIS2_PLACEMENT_2D('',#5762,#5763);
#5762 = CARTESIAN_POINT('',(0.,0.));
#5763 = DIRECTION('',(1.,0.));
#5764 = ( GEOMETRIC_REPRESENTATION_CONTEXT(2) 
PARAMETRIC_REPRESENTATION_CONTEXT() REPRESENTATION_CONTEXT('2D SPACE',''
  ) );
#5765 = ORIENTED_EDGE('',*,*,#5716,.T.);
#5766 = ADVANCED_FACE('',(#5767),#5704,.T.);
#5767 = FACE_BOUND('',#5768,.T.);
#5768 = EDGE_LOOP('',(#5769));
#5769 = ORIENTED_EDGE('',*,*,#5682,.T.);
#5770 = ADVANCED_FACE('',(#5771),#5754,.F.);
#5771 = FACE_BOUND('',#5772,.T.);
#5772 = EDGE_LOOP('',(#5773));
#5773 = ORIENTED_EDGE('',*,*,#5739,.F.);
#5774 = ( GEOMETRIC_REPRESENTATION_CONTEXT(3) 
GLOBAL_UNCERTAINTY_ASSIGNED_CONTEXT((#5778)) 
GLOBAL_UNIT_ASSIGNED_CONTEXT((#5775,#5776,#5777)) REPRESENTATION_CONTEXT
('Context #1','3D Context with UNIT and UNCERTAINTY') );
#5775 = ( LENGTH_UNIT() NAMED_UNIT(*) SI_UNIT(.MILLI.,.METRE.) );
#5776 = ( NAMED_UNIT(*) PLANE_ANGLE_UNIT() SI_UNIT($,.RADIAN.) );
#5777 = ( NAMED_UNIT(*) SI_UNIT($,.STERADIAN.) SOLID_ANGLE_UNIT() );
#5778 = UNCERTAINTY_MEASURE_WITH_UNIT(LENGTH_MEASURE(1.E-07),#5775,
  'distance_accuracy_value','confusion accuracy');
#5779 = CONTEXT_DEPENDENT_SHAPE_REPRESENTATION(#5780,#5782);
#5780 = ( REPRESENTATION_RELATIONSHIP('','',#5675,#5652) 
REPRESENTATION_RELATIONSHIP_WITH_TRANSFORMATION(#5781) 
SHAPE_REPRESENTATION_RELATIONSHIP() );
#5781 = ITEM_DEFINED_TRANSFORMATION('','',#11,#5653);
#5782 = PRODUCT_DEFINITION_SHAPE('Placement','Placement of an item',
  #5783);
#5783 = NEXT_ASSEMBLY_USAGE_OCCURRENCE('129','=>[0:1:1:59]','',#5647,
  #5670,$);
#5784 = PRODUCT_RELATED_PRODUCT_CATEGORY('part',$,(#5672));
#5785 = SHAPE_DEFINITION_REPRESENTATION(#5786,#5792);
#5786 = PRODUCT_DEFINITION_SHAPE('','',#5787);
#5787 = PRODUCT_DEFINITION('design','',#5788,#5791);
#5788 = PRODUCT_DEFINITION_FORMATION('','',#5789);
#5789 = PRODUCT('right_ankle_pitch_actuator_housing',
  'right_ankle_pitch_actuator_housing','',(#5790));
#5790 = PRODUCT_CONTEXT('',#2,'mechanical');
#5791 = PRODUCT_DEFINITION_CONTEXT('part definition',#2,'design');
#5792 = SHAPE_REPRESENTATION('',(#11,#5793),#5797);
#5793 = AXIS2_PLACEMENT_3D('',#5794,#5795,#5796);
#5794 = CARTESIAN_POINT('',(0.,0.,-56.));
#5795 = DIRECTION('',(0.,0.,1.));
#5796 = DIRECTION('',(1.,0.,0.));
#5797 = ( GEOMETRIC_REPRESENTATION_CONTEXT(3) 
GLOBAL_UNCERTAINTY_ASSIGNED_CONTEXT((#5801)) 
GLOBAL_UNIT_ASSIGNED_CONTEXT((#5798,#5799,#5800)) REPRESENTATION_CONTEXT
('Context #1','3D Context with UNIT and UNCERTAINTY') );
#5798 = ( LENGTH_UNIT() NAMED_UNIT(*) SI_UNIT(.MILLI.,.METRE.) );
#5799 = ( NAMED_UNIT(*) PLANE_ANGLE_UNIT() SI_UNIT($,.RADIAN.) );
#5800 = ( NAMED_UNIT(*) SI_UNIT($,.STERADIAN.) SOLID_ANGLE_UNIT() );
#5801 = UNCERTAINTY_MEASURE_WITH_UNIT(LENGTH_MEASURE(1.E-07),#5798,
  'distance_accuracy_value','confusion accuracy');
#5802 = CONTEXT_DEPENDENT_SHAPE_REPRESENTATION(#5803,#5805);
#5803 = ( REPRESENTATION_RELATIONSHIP('','',#5792,#10) 
REPRESENTATION_RELATIONSHIP_WITH_TRANSFORMATION(#5804) 
SHAPE_REPRESENTATION_RELATIONSHIP() );
#5804 = ITEM_DEFINED_TRANSFORMATION('','',#11,#131);
#5805 = PRODUCT_DEFINITION_SHAPE('Placement','Placement of an item',
  #5806);
#5806 = NEXT_ASSEMBLY_USAGE_OCCURRENCE('132','=>[0:1:1:60]','',#5,#5787,
  $);
#5807 = PRODUCT_RELATED_PRODUCT_CATEGORY('part',$,(#5789));
#5808 = SHAPE_DEFINITION_REPRESENTATION(#5809,#5815);
#5809 = PRODUCT_DEFINITION_SHAPE('','',#5810);
#5810 = PRODUCT_DEFINITION('design','',#5811,#5814);
#5811 = PRODUCT_DEFINITION_FORMATION('','',#5812);
#5812 = PRODUCT('SOLID','SOLID','',(#5813));
#5813 = PRODUCT_CONTEXT('',#2,'mechanical');
#5814 = PRODUCT_DEFINITION_CONTEXT('part definition',#2,'design');
#5815 = ADVANCED_BREP_SHAPE_REPRESENTATION('',(#11,#5816),#5914);
#5816 = MANIFOLD_SOLID_BREP('',#5817);
#5817 = CLOSED_SHELL('',(#5818,#5906,#5910));
#5818 = ADVANCED_FACE('',(#5819),#5832,.T.);
#5819 = FACE_BOUND('',#5820,.T.);
#5820 = EDGE_LOOP('',(#5821,#5855,#5878,#5905));
#5821 = ORIENTED_EDGE('',*,*,#5822,.F.);
#5822 = EDGE_CURVE('',#5823,#5823,#5825,.T.);
#5823 = VERTEX_POINT('',#5824);
#5824 = CARTESIAN_POINT('',(44.,-1.07768918325E-14,112.));
#5825 = SURFACE_CURVE('',#5826,(#5831,#5843),.PCURVE_S1.);
#5826 = CIRCLE('',#5827,44.);
#5827 = AXIS2_PLACEMENT_3D('',#5828,#5829,#5830);
#5828 = CARTESIAN_POINT('',(0.,0.,112.));
#5829 = DIRECTION('',(0.,0.,1.));
#5830 = DIRECTION('',(1.,0.,-0.));
#5831 = PCURVE('',#5832,#5837);
#5832 = CYLINDRICAL_SURFACE('',#5833,44.);
#5833 = AXIS2_PLACEMENT_3D('',#5834,#5835,#5836);
#5834 = CARTESIAN_POINT('',(0.,0.,0.));
#5835 = DIRECTION('',(0.,0.,1.));
#5836 = DIRECTION('',(1.,0.,-0.));
#5837 = DEFINITIONAL_REPRESENTATION('',(#5838),#5842);
#5838 = LINE('',#5839,#5840);
#5839 = CARTESIAN_POINT('',(0.,112.));
#5840 = VECTOR('',#5841,1.);
#5841 = DIRECTION('',(1.,0.));
#5842 = ( GEOMETRIC_REPRESENTATION_CONTEXT(2) 
PARAMETRIC_REPRESENTATION_CONTEXT() REPRESENTATION_CONTEXT('2D SPACE',''
  ) );
#5843 = PCURVE('',#5844,#5849);
#5844 = PLANE('',#5845);
#5845 = AXIS2_PLACEMENT_3D('',#5846,#5847,#5848);
#5846 = CARTESIAN_POINT('',(0.,0.,112.));
#5847 = DIRECTION('',(0.,0.,1.));
#5848 = DIRECTION('',(1.,0.,-0.));
#5849 = DEFINITIONAL_REPRESENTATION('',(#5850),#5854);
#5850 = CIRCLE('',#5851,44.);
#5851 = AXIS2_PLACEMENT_2D('',#5852,#5853);
#5852 = CARTESIAN_POINT('',(0.,0.));
#5853 = DIRECTION('',(1.,0.));
#5854 = ( GEOMETRIC_REPRESENTATION_CONTEXT(2) 
PARAMETRIC_REPRESENTATION_CONTEXT() REPRESENTATION_CONTEXT('2D SPACE',''
  ) );
#5855 = ORIENTED_EDGE('',*,*,#5856,.F.);
#5856 = EDGE_CURVE('',#5857,#5823,#5859,.T.);
#5857 = VERTEX_POINT('',#5858);
#5858 = CARTESIAN_POINT('',(44.,-1.07768918325E-14,0.));
#5859 = SEAM_CURVE('',#5860,(#5864,#5871),.PCURVE_S1.);
#5860 = LINE('',#5861,#5862);
#5861 = CARTESIAN_POINT('',(44.,-1.07768918325E-14,0.));
#5862 = VECTOR('',#5863,1.);
#5863 = DIRECTION('',(0.,0.,1.));
#5864 = PCURVE('',#5832,#5865);
#5865 = DEFINITIONAL_REPRESENTATION('',(#5866),#5870);
#5866 = LINE('',#5867,#5868);
#5867 = CARTESIAN_POINT('',(6.28318530718,-0.));
#5868 = VECTOR('',#5869,1.);
#5869 = DIRECTION('',(0.,1.));
#5870 = ( GEOMETRIC_REPRESENTATION_CONTEXT(2) 
PARAMETRIC_REPRESENTATION_CONTEXT() REPRESENTATION_CONTEXT('2D SPACE',''
  ) );
#5871 = PCURVE('',#5832,#5872);
#5872 = DEFINITIONAL_REPRESENTATION('',(#5873),#5877);
#5873 = LINE('',#5874,#5875);
#5874 = CARTESIAN_POINT('',(0.,-0.));
#5875 = VECTOR('',#5876,1.);
#5876 = DIRECTION('',(0.,1.));
#5877 = ( GEOMETRIC_REPRESENTATION_CONTEXT(2) 
PARAMETRIC_REPRESENTATION_CONTEXT() REPRESENTATION_CONTEXT('2D SPACE',''
  ) );
#5878 = ORIENTED_EDGE('',*,*,#5879,.T.);
#5879 = EDGE_CURVE('',#5857,#5857,#5880,.T.);
#5880 = SURFACE_CURVE('',#5881,(#5886,#5893),.PCURVE_S1.);
#5881 = CIRCLE('',#5882,44.);
#5882 = AXIS2_PLACEMENT_3D('',#5883,#5884,#5885);
#5883 = CARTESIAN_POINT('',(0.,0.,0.));
#5884 = DIRECTION('',(0.,0.,1.));
#5885 = DIRECTION('',(1.,0.,-0.));
#5886 = PCURVE('',#5832,#5887);
#5887 = DEFINITIONAL_REPRESENTATION('',(#5888),#5892);
#5888 = LINE('',#5889,#5890);
#5889 = CARTESIAN_POINT('',(0.,0.));
#5890 = VECTOR('',#5891,1.);
#5891 = DIRECTION('',(1.,0.));
#5892 = ( GEOMETRIC_REPRESENTATION_CONTEXT(2) 
PARAMETRIC_REPRESENTATION_CONTEXT() REPRESENTATION_CONTEXT('2D SPACE',''
  ) );
#5893 = PCURVE('',#5894,#5899);
#5894 = PLANE('',#5895);
#5895 = AXIS2_PLACEMENT_3D('',#5896,#5897,#5898);
#5896 = CARTESIAN_POINT('',(0.,0.,0.));
#5897 = DIRECTION('',(0.,0.,1.));
#5898 = DIRECTION('',(1.,0.,-0.));
#5899 = DEFINITIONAL_REPRESENTATION('',(#5900),#5904);
#5900 = CIRCLE('',#5901,44.);
#5901 = AXIS2_PLACEMENT_2D('',#5902,#5903);
#5902 = CARTESIAN_POINT('',(0.,0.));
#5903 = DIRECTION('',(1.,0.));
#5904 = ( GEOMETRIC_REPRESENTATION_CONTEXT(2) 
PARAMETRIC_REPRESENTATION_CONTEXT() REPRESENTATION_CONTEXT('2D SPACE',''
  ) );
#5905 = ORIENTED_EDGE('',*,*,#5856,.T.);
#5906 = ADVANCED_FACE('',(#5907),#5844,.T.);
#5907 = FACE_BOUND('',#5908,.T.);
#5908 = EDGE_LOOP('',(#5909));
#5909 = ORIENTED_EDGE('',*,*,#5822,.T.);
#5910 = ADVANCED_FACE('',(#5911),#5894,.F.);
#5911 = FACE_BOUND('',#5912,.T.);
#5912 = EDGE_LOOP('',(#5913));
#5913 = ORIENTED_EDGE('',*,*,#5879,.F.);
#5914 = ( GEOMETRIC_REPRESENTATION_CONTEXT(3) 
GLOBAL_UNCERTAINTY_ASSIGNED_CONTEXT((#5918)) 
GLOBAL_UNIT_ASSIGNED_CONTEXT((#5915,#5916,#5917)) REPRESENTATION_CONTEXT
('Context #1','3D Context with UNIT and UNCERTAINTY') );
#5915 = ( LENGTH_UNIT() NAMED_UNIT(*) SI_UNIT(.MILLI.,.METRE.) );
#5916 = ( NAMED_UNIT(*) PLANE_ANGLE_UNIT() SI_UNIT($,.RADIAN.) );
#5917 = ( NAMED_UNIT(*) SI_UNIT($,.STERADIAN.) SOLID_ANGLE_UNIT() );
#5918 = UNCERTAINTY_MEASURE_WITH_UNIT(LENGTH_MEASURE(1.E-07),#5915,
  'distance_accuracy_value','confusion accuracy');
#5919 = CONTEXT_DEPENDENT_SHAPE_REPRESENTATION(#5920,#5922);
#5920 = ( REPRESENTATION_RELATIONSHIP('','',#5815,#5792) 
REPRESENTATION_RELATIONSHIP_WITH_TRANSFORMATION(#5921) 
SHAPE_REPRESENTATION_RELATIONSHIP() );
#5921 = ITEM_DEFINED_TRANSFORMATION('','',#11,#5793);
#5922 = PRODUCT_DEFINITION_SHAPE('Placement','Placement of an item',
  #5923);
#5923 = NEXT_ASSEMBLY_USAGE_OCCURRENCE('131','=>[0:1:1:61]','',#5787,
  #5810,$);
#5924 = PRODUCT_RELATED_PRODUCT_CATEGORY('part',$,(#5812));
#5925 = SHAPE_DEFINITION_REPRESENTATION(#5926,#5932);
#5926 = PRODUCT_DEFINITION_SHAPE('','',#5927);
#5927 = PRODUCT_DEFINITION('design','',#5928,#5931);
#5928 = PRODUCT_DEFINITION_FORMATION('','',#5929);
#5929 = PRODUCT('right_hip_roll_actuator_housing',
  'right_hip_roll_actuator_housing','',(#5930));
#5930 = PRODUCT_CONTEXT('',#2,'mechanical');
#5931 = PRODUCT_DEFINITION_CONTEXT('part definition',#2,'design');
#5932 = SHAPE_REPRESENTATION('',(#11,#5933),#5937);
#5933 = AXIS2_PLACEMENT_3D('',#5934,#5935,#5936);
#5934 = CARTESIAN_POINT('',(0.,0.,-70.));
#5935 = DIRECTION('',(0.,0.,1.));
#5936 = DIRECTION('',(1.,0.,0.));
#5937 = ( GEOMETRIC_REPRESENTATION_CONTEXT(3) 
GLOBAL_UNCERTAINTY_ASSIGNED_CONTEXT((#5941)) 
GLOBAL_UNIT_ASSIGNED_CONTEXT((#5938,#5939,#5940)) REPRESENTATION_CONTEXT
('Context #1','3D Context with UNIT and UNCERTAINTY') );
#5938 = ( LENGTH_UNIT() NAMED_UNIT(*) SI_UNIT(.MILLI.,.METRE.) );
#5939 = ( NAMED_UNIT(*) PLANE_ANGLE_UNIT() SI_UNIT($,.RADIAN.) );
#5940 = ( NAMED_UNIT(*) SI_UNIT($,.STERADIAN.) SOLID_ANGLE_UNIT() );
#5941 = UNCERTAINTY_MEASURE_WITH_UNIT(LENGTH_MEASURE(1.E-07),#5938,
  'distance_accuracy_value','confusion accuracy');
#5942 = CONTEXT_DEPENDENT_SHAPE_REPRESENTATION(#5943,#5945);
#5943 = ( REPRESENTATION_RELATIONSHIP('','',#5932,#10) 
REPRESENTATION_RELATIONSHIP_WITH_TRANSFORMATION(#5944) 
SHAPE_REPRESENTATION_RELATIONSHIP() );
#5944 = ITEM_DEFINED_TRANSFORMATION('','',#11,#135);
#5945 = PRODUCT_DEFINITION_SHAPE('Placement','Placement of an item',
  #5946);
#5946 = NEXT_ASSEMBLY_USAGE_OCCURRENCE('134','=>[0:1:1:62]','',#5,#5927,
  $);
#5947 = PRODUCT_RELATED_PRODUCT_CATEGORY('part',$,(#5929));
#5948 = SHAPE_DEFINITION_REPRESENTATION(#5949,#5955);
#5949 = PRODUCT_DEFINITION_SHAPE('','',#5950);
#5950 = PRODUCT_DEFINITION('design','',#5951,#5954);
#5951 = PRODUCT_DEFINITION_FORMATION('','',#5952);
#5952 = PRODUCT('SOLID','SOLID','',(#5953));
#5953 = PRODUCT_CONTEXT('',#2,'mechanical');
#5954 = PRODUCT_DEFINITION_CONTEXT('part definition',#2,'design');
#5955 = ADVANCED_BREP_SHAPE_REPRESENTATION('',(#11,#5956),#6054);
#5956 = MANIFOLD_SOLID_BREP('',#5957);
#5957 = CLOSED_SHELL('',(#5958,#6046,#6050));
#5958 = ADVANCED_FACE('',(#5959),#5972,.T.);
#5959 = FACE_BOUND('',#5960,.T.);
#5960 = EDGE_LOOP('',(#5961,#5995,#6018,#6045));
#5961 = ORIENTED_EDGE('',*,*,#5962,.F.);
#5962 = EDGE_CURVE('',#5963,#5963,#5965,.T.);
#5963 = VERTEX_POINT('',#5964);
#5964 = CARTESIAN_POINT('',(68.,-1.66551964684E-14,140.));
#5965 = SURFACE_CURVE('',#5966,(#5971,#5983),.PCURVE_S1.);
#5966 = CIRCLE('',#5967,68.);
#5967 = AXIS2_PLACEMENT_3D('',#5968,#5969,#5970);
#5968 = CARTESIAN_POINT('',(0.,0.,140.));
#5969 = DIRECTION('',(0.,0.,1.));
#5970 = DIRECTION('',(1.,0.,-0.));
#5971 = PCURVE('',#5972,#5977);
#5972 = CYLINDRICAL_SURFACE('',#5973,68.);
#5973 = AXIS2_PLACEMENT_3D('',#5974,#5975,#5976);
#5974 = CARTESIAN_POINT('',(0.,0.,0.));
#5975 = DIRECTION('',(0.,0.,1.));
#5976 = DIRECTION('',(1.,0.,-0.));
#5977 = DEFINITIONAL_REPRESENTATION('',(#5978),#5982);
#5978 = LINE('',#5979,#5980);
#5979 = CARTESIAN_POINT('',(0.,140.));
#5980 = VECTOR('',#5981,1.);
#5981 = DIRECTION('',(1.,0.));
#5982 = ( GEOMETRIC_REPRESENTATION_CONTEXT(2) 
PARAMETRIC_REPRESENTATION_CONTEXT() REPRESENTATION_CONTEXT('2D SPACE',''
  ) );
#5983 = PCURVE('',#5984,#5989);
#5984 = PLANE('',#5985);
#5985 = AXIS2_PLACEMENT_3D('',#5986,#5987,#5988);
#5986 = CARTESIAN_POINT('',(0.,0.,140.));
#5987 = DIRECTION('',(0.,0.,1.));
#5988 = DIRECTION('',(1.,0.,-0.));
#5989 = DEFINITIONAL_REPRESENTATION('',(#5990),#5994);
#5990 = CIRCLE('',#5991,68.);
#5991 = AXIS2_PLACEMENT_2D('',#5992,#5993);
#5992 = CARTESIAN_POINT('',(0.,0.));
#5993 = DIRECTION('',(1.,0.));
#5994 = ( GEOMETRIC_REPRESENTATION_CONTEXT(2) 
PARAMETRIC_REPRESENTATION_CONTEXT() REPRESENTATION_CONTEXT('2D SPACE',''
  ) );
#5995 = ORIENTED_EDGE('',*,*,#5996,.F.);
#5996 = EDGE_CURVE('',#5997,#5963,#5999,.T.);
#5997 = VERTEX_POINT('',#5998);
#5998 = CARTESIAN_POINT('',(68.,-1.66551964684E-14,0.));
#5999 = SEAM_CURVE('',#6000,(#6004,#6011),.PCURVE_S1.);
#6000 = LINE('',#6001,#6002);
#6001 = CARTESIAN_POINT('',(68.,-1.66551964684E-14,0.));
#6002 = VECTOR('',#6003,1.);
#6003 = DIRECTION('',(0.,0.,1.));
#6004 = PCURVE('',#5972,#6005);
#6005 = DEFINITIONAL_REPRESENTATION('',(#6006),#6010);
#6006 = LINE('',#6007,#6008);
#6007 = CARTESIAN_POINT('',(6.28318530718,-0.));
#6008 = VECTOR('',#6009,1.);
#6009 = DIRECTION('',(0.,1.));
#6010 = ( GEOMETRIC_REPRESENTATION_CONTEXT(2) 
PARAMETRIC_REPRESENTATION_CONTEXT() REPRESENTATION_CONTEXT('2D SPACE',''
  ) );
#6011 = PCURVE('',#5972,#6012);
#6012 = DEFINITIONAL_REPRESENTATION('',(#6013),#6017);
#6013 = LINE('',#6014,#6015);
#6014 = CARTESIAN_POINT('',(0.,-0.));
#6015 = VECTOR('',#6016,1.);
#6016 = DIRECTION('',(0.,1.));
#6017 = ( GEOMETRIC_REPRESENTATION_CONTEXT(2) 
PARAMETRIC_REPRESENTATION_CONTEXT() REPRESENTATION_CONTEXT('2D SPACE',''
  ) );
#6018 = ORIENTED_EDGE('',*,*,#6019,.T.);
#6019 = EDGE_CURVE('',#5997,#5997,#6020,.T.);
#6020 = SURFACE_CURVE('',#6021,(#6026,#6033),.PCURVE_S1.);
#6021 = CIRCLE('',#6022,68.);
#6022 = AXIS2_PLACEMENT_3D('',#6023,#6024,#6025);
#6023 = CARTESIAN_POINT('',(0.,0.,0.));
#6024 = DIRECTION('',(0.,0.,1.));
#6025 = DIRECTION('',(1.,0.,-0.));
#6026 = PCURVE('',#5972,#6027);
#6027 = DEFINITIONAL_REPRESENTATION('',(#6028),#6032);
#6028 = LINE('',#6029,#6030);
#6029 = CARTESIAN_POINT('',(0.,0.));
#6030 = VECTOR('',#6031,1.);
#6031 = DIRECTION('',(1.,0.));
#6032 = ( GEOMETRIC_REPRESENTATION_CONTEXT(2) 
PARAMETRIC_REPRESENTATION_CONTEXT() REPRESENTATION_CONTEXT('2D SPACE',''
  ) );
#6033 = PCURVE('',#6034,#6039);
#6034 = PLANE('',#6035);
#6035 = AXIS2_PLACEMENT_3D('',#6036,#6037,#6038);
#6036 = CARTESIAN_POINT('',(0.,0.,0.));
#6037 = DIRECTION('',(0.,0.,1.));
#6038 = DIRECTION('',(1.,0.,-0.));
#6039 = DEFINITIONAL_REPRESENTATION('',(#6040),#6044);
#6040 = CIRCLE('',#6041,68.);
#6041 = AXIS2_PLACEMENT_2D('',#6042,#6043);
#6042 = CARTESIAN_POINT('',(0.,0.));
#6043 = DIRECTION('',(1.,0.));
#6044 = ( GEOMETRIC_REPRESENTATION_CONTEXT(2) 
PARAMETRIC_REPRESENTATION_CONTEXT() REPRESENTATION_CONTEXT('2D SPACE',''
  ) );
#6045 = ORIENTED_EDGE('',*,*,#5996,.T.);
#6046 = ADVANCED_FACE('',(#6047),#5984,.T.);
#6047 = FACE_BOUND('',#6048,.T.);
#6048 = EDGE_LOOP('',(#6049));
#6049 = ORIENTED_EDGE('',*,*,#5962,.T.);
#6050 = ADVANCED_FACE('',(#6051),#6034,.F.);
#6051 = FACE_BOUND('',#6052,.T.);
#6052 = EDGE_LOOP('',(#6053));
#6053 = ORIENTED_EDGE('',*,*,#6019,.F.);
#6054 = ( GEOMETRIC_REPRESENTATION_CONTEXT(3) 
GLOBAL_UNCERTAINTY_ASSIGNED_CONTEXT((#6058)) 
GLOBAL_UNIT_ASSIGNED_CONTEXT((#6055,#6056,#6057)) REPRESENTATION_CONTEXT
('Context #1','3D Context with UNIT and UNCERTAINTY') );
#6055 = ( LENGTH_UNIT() NAMED_UNIT(*) SI_UNIT(.MILLI.,.METRE.) );
#6056 = ( NAMED_UNIT(*) PLANE_ANGLE_UNIT() SI_UNIT($,.RADIAN.) );
#6057 = ( NAMED_UNIT(*) SI_UNIT($,.STERADIAN.) SOLID_ANGLE_UNIT() );
#6058 = UNCERTAINTY_MEASURE_WITH_UNIT(LENGTH_MEASURE(1.E-07),#6055,
  'distance_accuracy_value','confusion accuracy');
#6059 = CONTEXT_DEPENDENT_SHAPE_REPRESENTATION(#6060,#6062);
#6060 = ( REPRESENTATION_RELATIONSHIP('','',#5955,#5932) 
REPRESENTATION_RELATIONSHIP_WITH_TRANSFORMATION(#6061) 
SHAPE_REPRESENTATION_RELATIONSHIP() );
#6061 = ITEM_DEFINED_TRANSFORMATION('','',#11,#5933);
#6062 = PRODUCT_DEFINITION_SHAPE('Placement','Placement of an item',
  #6063);
#6063 = NEXT_ASSEMBLY_USAGE_OCCURRENCE('133','=>[0:1:1:63]','',#5927,
  #5950,$);
#6064 = PRODUCT_RELATED_PRODUCT_CATEGORY('part',$,(#5952));
#6065 = SHAPE_DEFINITION_REPRESENTATION(#6066,#6072);
#6066 = PRODUCT_DEFINITION_SHAPE('','',#6067);
#6067 = PRODUCT_DEFINITION('design','',#6068,#6071);
#6068 = PRODUCT_DEFINITION_FORMATION('','',#6069);
#6069 = PRODUCT('right_hip_pitch_actuator_housing',
  'right_hip_pitch_actuator_housing','',(#6070));
#6070 = PRODUCT_CONTEXT('',#2,'mechanical');
#6071 = PRODUCT_DEFINITION_CONTEXT('part definition',#2,'design');
#6072 = SHAPE_REPRESENTATION('',(#11,#6073),#6077);
#6073 = AXIS2_PLACEMENT_3D('',#6074,#6075,#6076);
#6074 = CARTESIAN_POINT('',(0.,0.,-62.));
#6075 = DIRECTION('',(0.,0.,1.));
#6076 = DIRECTION('',(1.,0.,0.));
#6077 = ( GEOMETRIC_REPRESENTATION_CONTEXT(3) 
GLOBAL_UNCERTAINTY_ASSIGNED_CONTEXT((#6081)) 
GLOBAL_UNIT_ASSIGNED_CONTEXT((#6078,#6079,#6080)) REPRESENTATION_CONTEXT
('Context #1','3D Context with UNIT and UNCERTAINTY') );
#6078 = ( LENGTH_UNIT() NAMED_UNIT(*) SI_UNIT(.MILLI.,.METRE.) );
#6079 = ( NAMED_UNIT(*) PLANE_ANGLE_UNIT() SI_UNIT($,.RADIAN.) );
#6080 = ( NAMED_UNIT(*) SI_UNIT($,.STERADIAN.) SOLID_ANGLE_UNIT() );
#6081 = UNCERTAINTY_MEASURE_WITH_UNIT(LENGTH_MEASURE(1.E-07),#6078,
  'distance_accuracy_value','confusion accuracy');
#6082 = CONTEXT_DEPENDENT_SHAPE_REPRESENTATION(#6083,#6085);
#6083 = ( REPRESENTATION_RELATIONSHIP('','',#6072,#10) 
REPRESENTATION_RELATIONSHIP_WITH_TRANSFORMATION(#6084) 
SHAPE_REPRESENTATION_RELATIONSHIP() );
#6084 = ITEM_DEFINED_TRANSFORMATION('','',#11,#139);
#6085 = PRODUCT_DEFINITION_SHAPE('Placement','Placement of an item',
  #6086);
#6086 = NEXT_ASSEMBLY_USAGE_OCCURRENCE('136','=>[0:1:1:64]','',#5,#6067,
  $);
#6087 = PRODUCT_RELATED_PRODUCT_CATEGORY('part',$,(#6069));
#6088 = SHAPE_DEFINITION_REPRESENTATION(#6089,#6095);
#6089 = PRODUCT_DEFINITION_SHAPE('','',#6090);
#6090 = PRODUCT_DEFINITION('design','',#6091,#6094);
#6091 = PRODUCT_DEFINITION_FORMATION('','',#6092);
#6092 = PRODUCT('SOLID','SOLID','',(#6093));
#6093 = PRODUCT_CONTEXT('',#2,'mechanical');
#6094 = PRODUCT_DEFINITION_CONTEXT('part definition',#2,'design');
#6095 = ADVANCED_BREP_SHAPE_REPRESENTATION('',(#11,#6096),#6194);
#6096 = MANIFOLD_SOLID_BREP('',#6097);
#6097 = CLOSED_SHELL('',(#6098,#6186,#6190));
#6098 = ADVANCED_FACE('',(#6099),#6112,.T.);
#6099 = FACE_BOUND('',#6100,.T.);
#6100 = EDGE_LOOP('',(#6101,#6135,#6158,#6185));
#6101 = ORIENTED_EDGE('',*,*,#6102,.F.);
#6102 = EDGE_CURVE('',#6103,#6103,#6105,.T.);
#6103 = VERTEX_POINT('',#6104);
#6104 = CARTESIAN_POINT('',(58.,-1.420590287011E-14,124.));
#6105 = SURFACE_CURVE('',#6106,(#6111,#6123),.PCURVE_S1.);
#6106 = CIRCLE('',#6107,58.);
#6107 = AXIS2_PLACEMENT_3D('',#6108,#6109,#6110);
#6108 = CARTESIAN_POINT('',(0.,0.,124.));
#6109 = DIRECTION('',(0.,0.,1.));
#6110 = DIRECTION('',(1.,0.,-0.));
#6111 = PCURVE('',#6112,#6117);
#6112 = CYLINDRICAL_SURFACE('',#6113,58.);
#6113 = AXIS2_PLACEMENT_3D('',#6114,#6115,#6116);
#6114 = CARTESIAN_POINT('',(0.,0.,0.));
#6115 = DIRECTION('',(0.,0.,1.));
#6116 = DIRECTION('',(1.,0.,-0.));
#6117 = DEFINITIONAL_REPRESENTATION('',(#6118),#6122);
#6118 = LINE('',#6119,#6120);
#6119 = CARTESIAN_POINT('',(0.,124.));
#6120 = VECTOR('',#6121,1.);
#6121 = DIRECTION('',(1.,0.));
#6122 = ( GEOMETRIC_REPRESENTATION_CONTEXT(2) 
PARAMETRIC_REPRESENTATION_CONTEXT() REPRESENTATION_CONTEXT('2D SPACE',''
  ) );
#6123 = PCURVE('',#6124,#6129);
#6124 = PLANE('',#6125);
#6125 = AXIS2_PLACEMENT_3D('',#6126,#6127,#6128);
#6126 = CARTESIAN_POINT('',(0.,0.,124.));
#6127 = DIRECTION('',(0.,0.,1.));
#6128 = DIRECTION('',(1.,0.,-0.));
#6129 = DEFINITIONAL_REPRESENTATION('',(#6130),#6134);
#6130 = CIRCLE('',#6131,58.);
#6131 = AXIS2_PLACEMENT_2D('',#6132,#6133);
#6132 = CARTESIAN_POINT('',(0.,0.));
#6133 = DIRECTION('',(1.,0.));
#6134 = ( GEOMETRIC_REPRESENTATION_CONTEXT(2) 
PARAMETRIC_REPRESENTATION_CONTEXT() REPRESENTATION_CONTEXT('2D SPACE',''
  ) );
#6135 = ORIENTED_EDGE('',*,*,#6136,.F.);
#6136 = EDGE_CURVE('',#6137,#6103,#6139,.T.);
#6137 = VERTEX_POINT('',#6138);
#6138 = CARTESIAN_POINT('',(58.,-1.420590287011E-14,0.));
#6139 = SEAM_CURVE('',#6140,(#6144,#6151),.PCURVE_S1.);
#6140 = LINE('',#6141,#6142);
#6141 = CARTESIAN_POINT('',(58.,-1.420590287011E-14,0.));
#6142 = VECTOR('',#6143,1.);
#6143 = DIRECTION('',(0.,0.,1.));
#6144 = PCURVE('',#6112,#6145);
#6145 = DEFINITIONAL_REPRESENTATION('',(#6146),#6150);
#6146 = LINE('',#6147,#6148);
#6147 = CARTESIAN_POINT('',(6.28318530718,-0.));
#6148 = VECTOR('',#6149,1.);
#6149 = DIRECTION('',(0.,1.));
#6150 = ( GEOMETRIC_REPRESENTATION_CONTEXT(2) 
PARAMETRIC_REPRESENTATION_CONTEXT() REPRESENTATION_CONTEXT('2D SPACE',''
  ) );
#6151 = PCURVE('',#6112,#6152);
#6152 = DEFINITIONAL_REPRESENTATION('',(#6153),#6157);
#6153 = LINE('',#6154,#6155);
#6154 = CARTESIAN_POINT('',(0.,-0.));
#6155 = VECTOR('',#6156,1.);
#6156 = DIRECTION('',(0.,1.));
#6157 = ( GEOMETRIC_REPRESENTATION_CONTEXT(2) 
PARAMETRIC_REPRESENTATION_CONTEXT() REPRESENTATION_CONTEXT('2D SPACE',''
  ) );
#6158 = ORIENTED_EDGE('',*,*,#6159,.T.);
#6159 = EDGE_CURVE('',#6137,#6137,#6160,.T.);
#6160 = SURFACE_CURVE('',#6161,(#6166,#6173),.PCURVE_S1.);
#6161 = CIRCLE('',#6162,58.);
#6162 = AXIS2_PLACEMENT_3D('',#6163,#6164,#6165);
#6163 = CARTESIAN_POINT('',(0.,0.,0.));
#6164 = DIRECTION('',(0.,0.,1.));
#6165 = DIRECTION('',(1.,0.,-0.));
#6166 = PCURVE('',#6112,#6167);
#6167 = DEFINITIONAL_REPRESENTATION('',(#6168),#6172);
#6168 = LINE('',#6169,#6170);
#6169 = CARTESIAN_POINT('',(0.,0.));
#6170 = VECTOR('',#6171,1.);
#6171 = DIRECTION('',(1.,0.));
#6172 = ( GEOMETRIC_REPRESENTATION_CONTEXT(2) 
PARAMETRIC_REPRESENTATION_CONTEXT() REPRESENTATION_CONTEXT('2D SPACE',''
  ) );
#6173 = PCURVE('',#6174,#6179);
#6174 = PLANE('',#6175);
#6175 = AXIS2_PLACEMENT_3D('',#6176,#6177,#6178);
#6176 = CARTESIAN_POINT('',(0.,0.,0.));
#6177 = DIRECTION('',(0.,0.,1.));
#6178 = DIRECTION('',(1.,0.,-0.));
#6179 = DEFINITIONAL_REPRESENTATION('',(#6180),#6184);
#6180 = CIRCLE('',#6181,58.);
#6181 = AXIS2_PLACEMENT_2D('',#6182,#6183);
#6182 = CARTESIAN_POINT('',(0.,0.));
#6183 = DIRECTION('',(1.,0.));
#6184 = ( GEOMETRIC_REPRESENTATION_CONTEXT(2) 
PARAMETRIC_REPRESENTATION_CONTEXT() REPRESENTATION_CONTEXT('2D SPACE',''
  ) );
#6185 = ORIENTED_EDGE('',*,*,#6136,.T.);
#6186 = ADVANCED_FACE('',(#6187),#6124,.T.);
#6187 = FACE_BOUND('',#6188,.T.);
#6188 = EDGE_LOOP('',(#6189));
#6189 = ORIENTED_EDGE('',*,*,#6102,.T.);
#6190 = ADVANCED_FACE('',(#6191),#6174,.F.);
#6191 = FACE_BOUND('',#6192,.T.);
#6192 = EDGE_LOOP('',(#6193));
#6193 = ORIENTED_EDGE('',*,*,#6159,.F.);
#6194 = ( GEOMETRIC_REPRESENTATION_CONTEXT(3) 
GLOBAL_UNCERTAINTY_ASSIGNED_CONTEXT((#6198)) 
GLOBAL_UNIT_ASSIGNED_CONTEXT((#6195,#6196,#6197)) REPRESENTATION_CONTEXT
('Context #1','3D Context with UNIT and UNCERTAINTY') );
#6195 = ( LENGTH_UNIT() NAMED_UNIT(*) SI_UNIT(.MILLI.,.METRE.) );
#6196 = ( NAMED_UNIT(*) PLANE_ANGLE_UNIT() SI_UNIT($,.RADIAN.) );
#6197 = ( NAMED_UNIT(*) SI_UNIT($,.STERADIAN.) SOLID_ANGLE_UNIT() );
#6198 = UNCERTAINTY_MEASURE_WITH_UNIT(LENGTH_MEASURE(1.E-07),#6195,
  'distance_accuracy_value','confusion accuracy');
#6199 = CONTEXT_DEPENDENT_SHAPE_REPRESENTATION(#6200,#6202);
#6200 = ( REPRESENTATION_RELATIONSHIP('','',#6095,#6072) 
REPRESENTATION_RELATIONSHIP_WITH_TRANSFORMATION(#6201) 
SHAPE_REPRESENTATION_RELATIONSHIP() );
#6201 = ITEM_DEFINED_TRANSFORMATION('','',#11,#6073);
#6202 = PRODUCT_DEFINITION_SHAPE('Placement','Placement of an item',
  #6203);
#6203 = NEXT_ASSEMBLY_USAGE_OCCURRENCE('135','=>[0:1:1:65]','',#6067,
  #6090,$);
#6204 = PRODUCT_RELATED_PRODUCT_CATEGORY('part',$,(#6092));
#6205 = SHAPE_DEFINITION_REPRESENTATION(#6206,#6212);
#6206 = PRODUCT_DEFINITION_SHAPE('','',#6207);
#6207 = PRODUCT_DEFINITION('design','',#6208,#6211);
#6208 = PRODUCT_DEFINITION_FORMATION('','',#6209);
#6209 = PRODUCT('right_hip_yaw_actuator_stack',
  'right_hip_yaw_actuator_stack','',(#6210));
#6210 = PRODUCT_CONTEXT('',#2,'mechanical');
#6211 = PRODUCT_DEFINITION_CONTEXT('part definition',#2,'design');
#6212 = SHAPE_REPRESENTATION('',(#11,#6213),#6217);
#6213 = AXIS2_PLACEMENT_3D('',#6214,#6215,#6216);
#6214 = CARTESIAN_POINT('',(0.,0.,-37.));
#6215 = DIRECTION('',(0.,0.,1.));
#6216 = DIRECTION('',(1.,0.,0.));
#6217 = ( GEOMETRIC_REPRESENTATION_CONTEXT(3) 
GLOBAL_UNCERTAINTY_ASSIGNED_CONTEXT((#6221)) 
GLOBAL_UNIT_ASSIGNED_CONTEXT((#6218,#6219,#6220)) REPRESENTATION_CONTEXT
('Context #1','3D Context with UNIT and UNCERTAINTY') );
#6218 = ( LENGTH_UNIT() NAMED_UNIT(*) SI_UNIT(.MILLI.,.METRE.) );
#6219 = ( NAMED_UNIT(*) PLANE_ANGLE_UNIT() SI_UNIT($,.RADIAN.) );
#6220 = ( NAMED_UNIT(*) SI_UNIT($,.STERADIAN.) SOLID_ANGLE_UNIT() );
#6221 = UNCERTAINTY_MEASURE_WITH_UNIT(LENGTH_MEASURE(1.E-07),#6218,
  'distance_accuracy_value','confusion accuracy');
#6222 = CONTEXT_DEPENDENT_SHAPE_REPRESENTATION(#6223,#6225);
#6223 = ( REPRESENTATION_RELATIONSHIP('','',#6212,#10) 
REPRESENTATION_RELATIONSHIP_WITH_TRANSFORMATION(#6224) 
SHAPE_REPRESENTATION_RELATIONSHIP() );
#6224 = ITEM_DEFINED_TRANSFORMATION('','',#11,#143);
#6225 = PRODUCT_DEFINITION_SHAPE('Placement','Placement of an item',
  #6226);
#6226 = NEXT_ASSEMBLY_USAGE_OCCURRENCE('138','=>[0:1:1:66]','',#5,#6207,
  $);
#6227 = PRODUCT_RELATED_PRODUCT_CATEGORY('part',$,(#6209));
#6228 = SHAPE_DEFINITION_REPRESENTATION(#6229,#6235);
#6229 = PRODUCT_DEFINITION_SHAPE('','',#6230);
#6230 = PRODUCT_DEFINITION('design','',#6231,#6234);
#6231 = PRODUCT_DEFINITION_FORMATION('','',#6232);
#6232 = PRODUCT('SOLID','SOLID','',(#6233));
#6233 = PRODUCT_CONTEXT('',#2,'mechanical');
#6234 = PRODUCT_DEFINITION_CONTEXT('part definition',#2,'design');
#6235 = ADVANCED_BREP_SHAPE_REPRESENTATION('',(#11,#6236),#6334);
#6236 = MANIFOLD_SOLID_BREP('',#6237);
#6237 = CLOSED_SHELL('',(#6238,#6326,#6330));
#6238 = ADVANCED_FACE('',(#6239),#6252,.T.);
#6239 = FACE_BOUND('',#6240,.T.);
#6240 = EDGE_LOOP('',(#6241,#6275,#6298,#6325));
#6241 = ORIENTED_EDGE('',*,*,#6242,.F.);
#6242 = EDGE_CURVE('',#6243,#6243,#6245,.T.);
#6243 = VERTEX_POINT('',#6244);
#6244 = CARTESIAN_POINT('',(54.,-1.322618543079E-14,74.));
#6245 = SURFACE_CURVE('',#6246,(#6251,#6263),.PCURVE_S1.);
#6246 = CIRCLE('',#6247,54.);
#6247 = AXIS2_PLACEMENT_3D('',#6248,#6249,#6250);
#6248 = CARTESIAN_POINT('',(0.,0.,74.));
#6249 = DIRECTION('',(0.,0.,1.));
#6250 = DIRECTION('',(1.,0.,-0.));
#6251 = PCURVE('',#6252,#6257);
#6252 = CYLINDRICAL_SURFACE('',#6253,54.);
#6253 = AXIS2_PLACEMENT_3D('',#6254,#6255,#6256);
#6254 = CARTESIAN_POINT('',(0.,0.,0.));
#6255 = DIRECTION('',(0.,0.,1.));
#6256 = DIRECTION('',(1.,0.,-0.));
#6257 = DEFINITIONAL_REPRESENTATION('',(#6258),#6262);
#6258 = LINE('',#6259,#6260);
#6259 = CARTESIAN_POINT('',(0.,74.));
#6260 = VECTOR('',#6261,1.);
#6261 = DIRECTION('',(1.,0.));
#6262 = ( GEOMETRIC_REPRESENTATION_CONTEXT(2) 
PARAMETRIC_REPRESENTATION_CONTEXT() REPRESENTATION_CONTEXT('2D SPACE',''
  ) );
#6263 = PCURVE('',#6264,#6269);
#6264 = PLANE('',#6265);
#6265 = AXIS2_PLACEMENT_3D('',#6266,#6267,#6268);
#6266 = CARTESIAN_POINT('',(0.,0.,74.));
#6267 = DIRECTION('',(0.,0.,1.));
#6268 = DIRECTION('',(1.,0.,-0.));
#6269 = DEFINITIONAL_REPRESENTATION('',(#6270),#6274);
#6270 = CIRCLE('',#6271,54.);
#6271 = AXIS2_PLACEMENT_2D('',#6272,#6273);
#6272 = CARTESIAN_POINT('',(0.,0.));
#6273 = DIRECTION('',(1.,0.));
#6274 = ( GEOMETRIC_REPRESENTATION_CONTEXT(2) 
PARAMETRIC_REPRESENTATION_CONTEXT() REPRESENTATION_CONTEXT('2D SPACE',''
  ) );
#6275 = ORIENTED_EDGE('',*,*,#6276,.F.);
#6276 = EDGE_CURVE('',#6277,#6243,#6279,.T.);
#6277 = VERTEX_POINT('',#6278);
#6278 = CARTESIAN_POINT('',(54.,-1.322618543079E-14,0.));
#6279 = SEAM_CURVE('',#6280,(#6284,#6291),.PCURVE_S1.);
#6280 = LINE('',#6281,#6282);
#6281 = CARTESIAN_POINT('',(54.,-1.322618543079E-14,0.));
#6282 = VECTOR('',#6283,1.);
#6283 = DIRECTION('',(0.,0.,1.));
#6284 = PCURVE('',#6252,#6285);
#6285 = DEFINITIONAL_REPRESENTATION('',(#6286),#6290);
#6286 = LINE('',#6287,#6288);
#6287 = CARTESIAN_POINT('',(6.28318530718,-0.));
#6288 = VECTOR('',#6289,1.);
#6289 = DIRECTION('',(0.,1.));
#6290 = ( GEOMETRIC_REPRESENTATION_CONTEXT(2) 
PARAMETRIC_REPRESENTATION_CONTEXT() REPRESENTATION_CONTEXT('2D SPACE',''
  ) );
#6291 = PCURVE('',#6252,#6292);
#6292 = DEFINITIONAL_REPRESENTATION('',(#6293),#6297);
#6293 = LINE('',#6294,#6295);
#6294 = CARTESIAN_POINT('',(0.,-0.));
#6295 = VECTOR('',#6296,1.);
#6296 = DIRECTION('',(0.,1.));
#6297 = ( GEOMETRIC_REPRESENTATION_CONTEXT(2) 
PARAMETRIC_REPRESENTATION_CONTEXT() REPRESENTATION_CONTEXT('2D SPACE',''
  ) );
#6298 = ORIENTED_EDGE('',*,*,#6299,.T.);
#6299 = EDGE_CURVE('',#6277,#6277,#6300,.T.);
#6300 = SURFACE_CURVE('',#6301,(#6306,#6313),.PCURVE_S1.);
#6301 = CIRCLE('',#6302,54.);
#6302 = AXIS2_PLACEMENT_3D('',#6303,#6304,#6305);
#6303 = CARTESIAN_POINT('',(0.,0.,0.));
#6304 = DIRECTION('',(0.,0.,1.));
#6305 = DIRECTION('',(1.,0.,-0.));
#6306 = PCURVE('',#6252,#6307);
#6307 = DEFINITIONAL_REPRESENTATION('',(#6308),#6312);
#6308 = LINE('',#6309,#6310);
#6309 = CARTESIAN_POINT('',(0.,0.));
#6310 = VECTOR('',#6311,1.);
#6311 = DIRECTION('',(1.,0.));
#6312 = ( GEOMETRIC_REPRESENTATION_CONTEXT(2) 
PARAMETRIC_REPRESENTATION_CONTEXT() REPRESENTATION_CONTEXT('2D SPACE',''
  ) );
#6313 = PCURVE('',#6314,#6319);
#6314 = PLANE('',#6315);
#6315 = AXIS2_PLACEMENT_3D('',#6316,#6317,#6318);
#6316 = CARTESIAN_POINT('',(0.,0.,0.));
#6317 = DIRECTION('',(0.,0.,1.));
#6318 = DIRECTION('',(1.,0.,-0.));
#6319 = DEFINITIONAL_REPRESENTATION('',(#6320),#6324);
#6320 = CIRCLE('',#6321,54.);
#6321 = AXIS2_PLACEMENT_2D('',#6322,#6323);
#6322 = CARTESIAN_POINT('',(0.,0.));
#6323 = DIRECTION('',(1.,0.));
#6324 = ( GEOMETRIC_REPRESENTATION_CONTEXT(2) 
PARAMETRIC_REPRESENTATION_CONTEXT() REPRESENTATION_CONTEXT('2D SPACE',''
  ) );
#6325 = ORIENTED_EDGE('',*,*,#6276,.T.);
#6326 = ADVANCED_FACE('',(#6327),#6264,.T.);
#6327 = FACE_BOUND('',#6328,.T.);
#6328 = EDGE_LOOP('',(#6329));
#6329 = ORIENTED_EDGE('',*,*,#6242,.T.);
#6330 = ADVANCED_FACE('',(#6331),#6314,.F.);
#6331 = FACE_BOUND('',#6332,.T.);
#6332 = EDGE_LOOP('',(#6333));
#6333 = ORIENTED_EDGE('',*,*,#6299,.F.);
#6334 = ( GEOMETRIC_REPRESENTATION_CONTEXT(3) 
GLOBAL_UNCERTAINTY_ASSIGNED_CONTEXT((#6338)) 
GLOBAL_UNIT_ASSIGNED_CONTEXT((#6335,#6336,#6337)) REPRESENTATION_CONTEXT
('Context #1','3D Context with UNIT and UNCERTAINTY') );
#6335 = ( LENGTH_UNIT() NAMED_UNIT(*) SI_UNIT(.MILLI.,.METRE.) );
#6336 = ( NAMED_UNIT(*) PLANE_ANGLE_UNIT() SI_UNIT($,.RADIAN.) );
#6337 = ( NAMED_UNIT(*) SI_UNIT($,.STERADIAN.) SOLID_ANGLE_UNIT() );
#6338 = UNCERTAINTY_MEASURE_WITH_UNIT(LENGTH_MEASURE(1.E-07),#6335,
  'distance_accuracy_value','confusion accuracy');
#6339 = CONTEXT_DEPENDENT_SHAPE_REPRESENTATION(#6340,#6342);
#6340 = ( REPRESENTATION_RELATIONSHIP('','',#6235,#6212) 
REPRESENTATION_RELATIONSHIP_WITH_TRANSFORMATION(#6341) 
SHAPE_REPRESENTATION_RELATIONSHIP() );
#6341 = ITEM_DEFINED_TRANSFORMATION('','',#11,#6213);
#6342 = PRODUCT_DEFINITION_SHAPE('Placement','Placement of an item',
  #6343);
#6343 = NEXT_ASSEMBLY_USAGE_OCCURRENCE('137','=>[0:1:1:67]','',#6207,
  #6230,$);
#6344 = PRODUCT_RELATED_PRODUCT_CATEGORY('part',$,(#6232));
#6345 = SHAPE_DEFINITION_REPRESENTATION(#6346,#6352);
#6346 = PRODUCT_DEFINITION_SHAPE('','',#6347);
#6347 = PRODUCT_DEFINITION('design','',#6348,#6351);
#6348 = PRODUCT_DEFINITION_FORMATION('','',#6349);
#6349 = PRODUCT('right_ankle_clevis_bridge_to_shin_links',
  'right_ankle_clevis_bridge_to_shin_links','',(#6350));
#6350 = PRODUCT_CONTEXT('',#2,'mechanical');
#6351 = PRODUCT_DEFINITION_CONTEXT('part definition',#2,'design');
#6352 = SHAPE_REPRESENTATION('',(#11,#6353),#6357);
#6353 = AXIS2_PLACEMENT_3D('',#6354,#6355,#6356);
#6354 = CARTESIAN_POINT('',(-63.,-43.,-22.));
#6355 = DIRECTION('',(0.,0.,1.));
#6356 = DIRECTION('',(1.,0.,0.));
#6357 = ( GEOMETRIC_REPRESENTATION_CONTEXT(3) 
GLOBAL_UNCERTAINTY_ASSIGNED_CONTEXT((#6361)) 
GLOBAL_UNIT_ASSIGNED_CONTEXT((#6358,#6359,#6360)) REPRESENTATION_CONTEXT
('Context #1','3D Context with UNIT and UNCERTAINTY') );
#6358 = ( LENGTH_UNIT() NAMED_UNIT(*) SI_UNIT(.MILLI.,.METRE.) );
#6359 = ( NAMED_UNIT(*) PLANE_ANGLE_UNIT() SI_UNIT($,.RADIAN.) );
#6360 = ( NAMED_UNIT(*) SI_UNIT($,.STERADIAN.) SOLID_ANGLE_UNIT() );
#6361 = UNCERTAINTY_MEASURE_WITH_UNIT(LENGTH_MEASURE(1.E-07),#6358,
  'distance_accuracy_value','confusion accuracy');
#6362 = CONTEXT_DEPENDENT_SHAPE_REPRESENTATION(#6363,#6365);
#6363 = ( REPRESENTATION_RELATIONSHIP('','',#6352,#10) 
REPRESENTATION_RELATIONSHIP_WITH_TRANSFORMATION(#6364) 
SHAPE_REPRESENTATION_RELATIONSHIP() );
#6364 = ITEM_DEFINED_TRANSFORMATION('','',#11,#147);
#6365 = PRODUCT_DEFINITION_SHAPE('Placement','Placement of an item',
  #6366);
#6366 = NEXT_ASSEMBLY_USAGE_OCCURRENCE('140','=>[0:1:1:68]','',#5,#6347,
  $);
#6367 = PRODUCT_RELATED_PRODUCT_CATEGORY('part',$,(#6349));
#6368 = SHAPE_DEFINITION_REPRESENTATION(#6369,#6375);
#6369 = PRODUCT_DEFINITION_SHAPE('','',#6370);
#6370 = PRODUCT_DEFINITION('design','',#6371,#6374);
#6371 = PRODUCT_DEFINITION_FORMATION('','',#6372);
#6372 = PRODUCT('SOLID','SOLID','',(#6373));
#6373 = PRODUCT_CONTEXT('',#2,'mechanical');
#6374 = PRODUCT_DEFINITION_CONTEXT('part definition',#2,'design');
#6375 = ADVANCED_BREP_SHAPE_REPRESENTATION('',(#11,#6376),#6706);
#6376 = MANIFOLD_SOLID_BREP('',#6377);
#6377 = CLOSED_SHELL('',(#6378,#6498,#6598,#6645,#6692,#6699));
#6378 = ADVANCED_FACE('',(#6379),#6393,.F.);
#6379 = FACE_BOUND('',#6380,.F.);
#6380 = EDGE_LOOP('',(#6381,#6416,#6444,#6472));
#6381 = ORIENTED_EDGE('',*,*,#6382,.F.);
#6382 = EDGE_CURVE('',#6383,#6385,#6387,.T.);
#6383 = VERTEX_POINT('',#6384);
#6384 = CARTESIAN_POINT('',(0.,0.,0.));
#6385 = VERTEX_POINT('',#6386);
#6386 = CARTESIAN_POINT('',(0.,0.,44.));
#6387 = SURFACE_CURVE('',#6388,(#6392,#6404),.PCURVE_S1.);
#6388 = LINE('',#6389,#6390);
#6389 = CARTESIAN_POINT('',(0.,0.,0.));
#6390 = VECTOR('',#6391,1.);
#6391 = DIRECTION('',(0.,0.,1.));
#6392 = PCURVE('',#6393,#6398);
#6393 = PLANE('',#6394);
#6394 = AXIS2_PLACEMENT_3D('',#6395,#6396,#6397);
#6395 = CARTESIAN_POINT('',(0.,0.,0.));
#6396 = DIRECTION('',(1.,0.,-0.));
#6397 = DIRECTION('',(0.,0.,1.));
#6398 = DEFINITIONAL_REPRESENTATION('',(#6399),#6403);
#6399 = LINE('',#6400,#6401);
#6400 = CARTESIAN_POINT('',(0.,0.));
#6401 = VECTOR('',#6402,1.);
#6402 = DIRECTION('',(1.,0.));
#6403 = ( GEOMETRIC_REPRESENTATION_CONTEXT(2) 
PARAMETRIC_REPRESENTATION_CONTEXT() REPRESENTATION_CONTEXT('2D SPACE',''
  ) );
#6404 = PCURVE('',#6405,#6410);
#6405 = PLANE('',#6406);
#6406 = AXIS2_PLACEMENT_3D('',#6407,#6408,#6409);
#6407 = CARTESIAN_POINT('',(0.,0.,0.));
#6408 = DIRECTION('',(-0.,1.,0.));
#6409 = DIRECTION('',(0.,0.,1.));
#6410 = DEFINITIONAL_REPRESENTATION('',(#6411),#6415);
#6411 = LINE('',#6412,#6413);
#6412 = CARTESIAN_POINT('',(0.,0.));
#6413 = VECTOR('',#6414,1.);
#6414 = DIRECTION('',(1.,0.));
#6415 = ( GEOMETRIC_REPRESENTATION_CONTEXT(2) 
PARAMETRIC_REPRESENTATION_CONTEXT() REPRESENTATION_CONTEXT('2D SPACE',''
  ) );
#6416 = ORIENTED_EDGE('',*,*,#6417,.T.);
#6417 = EDGE_CURVE('',#6383,#6418,#6420,.T.);
#6418 = VERTEX_POINT('',#6419);
#6419 = CARTESIAN_POINT('',(0.,86.,0.));
#6420 = SURFACE_CURVE('',#6421,(#6425,#6432),.PCURVE_S1.);
#6421 = LINE('',#6422,#6423);
#6422 = CARTESIAN_POINT('',(0.,0.,0.));
#6423 = VECTOR('',#6424,1.);
#6424 = DIRECTION('',(-0.,1.,0.));
#6425 = PCURVE('',#6393,#6426);
#6426 = DEFINITIONAL_REPRESENTATION('',(#6427),#6431);
#6427 = LINE('',#6428,#6429);
#6428 = CARTESIAN_POINT('',(0.,0.));
#6429 = VECTOR('',#6430,1.);
#6430 = DIRECTION('',(0.,-1.));
#6431 = ( GEOMETRIC_REPRESENTATION_CONTEXT(2) 
PARAMETRIC_REPRESENTATION_CONTEXT() REPRESENTATION_CONTEXT('2D SPACE',''
  ) );
#6432 = PCURVE('',#6433,#6438);
#6433 = PLANE('',#6434);
#6434 = AXIS2_PLACEMENT_3D('',#6435,#6436,#6437);
#6435 = CARTESIAN_POINT('',(0.,0.,0.));
#6436 = DIRECTION('',(0.,0.,1.));
#6437 = DIRECTION('',(1.,0.,-0.));
#6438 = DEFINITIONAL_REPRESENTATION('',(#6439),#6443);
#6439 = LINE('',#6440,#6441);
#6440 = CARTESIAN_POINT('',(0.,0.));
#6441 = VECTOR('',#6442,1.);
#6442 = DIRECTION('',(0.,1.));
#6443 = ( GEOMETRIC_REPRESENTATION_CONTEXT(2) 
PARAMETRIC_REPRESENTATION_CONTEXT() REPRESENTATION_CONTEXT('2D SPACE',''
  ) );
#6444 = ORIENTED_EDGE('',*,*,#6445,.T.);
#6445 = EDGE_CURVE('',#6418,#6446,#6448,.T.);
#6446 = VERTEX_POINT('',#6447);
#6447 = CARTESIAN_POINT('',(0.,86.,44.));
#6448 = SURFACE_CURVE('',#6449,(#6453,#6460),.PCURVE_S1.);
#6449 = LINE('',#6450,#6451);
#6450 = CARTESIAN_POINT('',(0.,86.,0.));
#6451 = VECTOR('',#6452,1.);
#6452 = DIRECTION('',(0.,0.,1.));
#6453 = PCURVE('',#6393,#6454);
#6454 = DEFINITIONAL_REPRESENTATION('',(#6455),#6459);
#6455 = LINE('',#6456,#6457);
#6456 = CARTESIAN_POINT('',(0.,-86.));
#6457 = VECTOR('',#6458,1.);
#6458 = DIRECTION('',(1.,0.));
#6459 = ( GEOMETRIC_REPRESENTATION_CONTEXT(2) 
PARAMETRIC_REPRESENTATION_CONTEXT() REPRESENTATION_CONTEXT('2D SPACE',''
  ) );
#6460 = PCURVE('',#6461,#6466);
#6461 = PLANE('',#6462);
#6462 = AXIS2_PLACEMENT_3D('',#6463,#6464,#6465);
#6463 = CARTESIAN_POINT('',(0.,86.,0.));
#6464 = DIRECTION('',(-0.,1.,0.));
#6465 = DIRECTION('',(0.,0.,1.));
#6466 = DEFINITIONAL_REPRESENTATION('',(#6467),#6471);
#6467 = LINE('',#6468,#6469);
#6468 = CARTESIAN_POINT('',(0.,0.));
#6469 = VECTOR('',#6470,1.);
#6470 = DIRECTION('',(1.,0.));
#6471 = ( GEOMETRIC_REPRESENTATION_CONTEXT(2) 
PARAMETRIC_REPRESENTATION_CONTEXT() REPRESENTATION_CONTEXT('2D SPACE',''
  ) );
#6472 = ORIENTED_EDGE('',*,*,#6473,.F.);
#6473 = EDGE_CURVE('',#6385,#6446,#6474,.T.);
#6474 = SURFACE_CURVE('',#6475,(#6479,#6486),.PCURVE_S1.);
#6475 = LINE('',#6476,#6477);
#6476 = CARTESIAN_POINT('',(0.,0.,44.));
#6477 = VECTOR('',#6478,1.);
#6478 = DIRECTION('',(-0.,1.,0.));
#6479 = PCURVE('',#6393,#6480);
#6480 = DEFINITIONAL_REPRESENTATION('',(#6481),#6485);
#6481 = LINE('',#6482,#6483);
#6482 = CARTESIAN_POINT('',(44.,0.));
#6483 = VECTOR('',#6484,1.);
#6484 = DIRECTION('',(0.,-1.));
#6485 = ( GEOMETRIC_REPRESENTATION_CONTEXT(2) 
PARAMETRIC_REPRESENTATION_CONTEXT() REPRESENTATION_CONTEXT('2D SPACE',''
  ) );
#6486 = PCURVE('',#6487,#6492);
#6487 = PLANE('',#6488);
#6488 = AXIS2_PLACEMENT_3D('',#6489,#6490,#6491);
#6489 = CARTESIAN_POINT('',(0.,0.,44.));
#6490 = DIRECTION('',(0.,0.,1.));
#6491 = DIRECTION('',(1.,0.,-0.));
#6492 = DEFINITIONAL_REPRESENTATION('',(#6493),#6497);
#6493 = LINE('',#6494,#6495);
#6494 = CARTESIAN_POINT('',(0.,0.));
#6495 = VECTOR('',#6496,1.);
#6496 = DIRECTION('',(0.,1.));
#6497 = ( GEOMETRIC_REPRESENTATION_CONTEXT(2) 
PARAMETRIC_REPRESENTATION_CONTEXT() REPRESENTATION_CONTEXT('2D SPACE',''
  ) );
#6498 = ADVANCED_FACE('',(#6499),#6513,.T.);
#6499 = FACE_BOUND('',#6500,.T.);
#6500 = EDGE_LOOP('',(#6501,#6531,#6554,#6577));
#6501 = ORIENTED_EDGE('',*,*,#6502,.F.);
#6502 = EDGE_CURVE('',#6503,#6505,#6507,.T.);
#6503 = VERTEX_POINT('',#6504);
#6504 = CARTESIAN_POINT('',(126.,0.,0.));
#6505 = VERTEX_POINT('',#6506);
#6506 = CARTESIAN_POINT('',(126.,0.,44.));
#6507 = SURFACE_CURVE('',#6508,(#6512,#6524),.PCURVE_S1.);
#6508 = LINE('',#6509,#6510);
#6509 = CARTESIAN_POINT('',(126.,0.,0.));
#6510 = VECTOR('',#6511,1.);
#6511 = DIRECTION('',(0.,0.,1.));
#6512 = PCURVE('',#6513,#6518);
#6513 = PLANE('',#6514);
#6514 = AXIS2_PLACEMENT_3D('',#6515,#6516,#6517);
#6515 = CARTESIAN_POINT('',(126.,0.,0.));
#6516 = DIRECTION('',(1.,0.,-0.));
#6517 = DIRECTION('',(0.,0.,1.));
#6518 = DEFINITIONAL_REPRESENTATION('',(#6519),#6523);
#6519 = LINE('',#6520,#6521);
#6520 = CARTESIAN_POINT('',(0.,0.));
#6521 = VECTOR('',#6522,1.);
#6522 = DIRECTION('',(1.,0.));
#6523 = ( GEOMETRIC_REPRESENTATION_CONTEXT(2) 
PARAMETRIC_REPRESENTATION_CONTEXT() REPRESENTATION_CONTEXT('2D SPACE',''
  ) );
#6524 = PCURVE('',#6405,#6525);
#6525 = DEFINITIONAL_REPRESENTATION('',(#6526),#6530);
#6526 = LINE('',#6527,#6528);
#6527 = CARTESIAN_POINT('',(0.,126.));
#6528 = VECTOR('',#6529,1.);
#6529 = DIRECTION('',(1.,0.));
#6530 = ( GEOMETRIC_REPRESENTATION_CONTEXT(2) 
PARAMETRIC_REPRESENTATION_CONTEXT() REPRESENTATION_CONTEXT('2D SPACE',''
  ) );
#6531 = ORIENTED_EDGE('',*,*,#6532,.T.);
#6532 = EDGE_CURVE('',#6503,#6533,#6535,.T.);
#6533 = VERTEX_POINT('',#6534);
#6534 = CARTESIAN_POINT('',(126.,86.,0.));
#6535 = SURFACE_CURVE('',#6536,(#6540,#6547),.PCURVE_S1.);
#6536 = LINE('',#6537,#6538);
#6537 = CARTESIAN_POINT('',(126.,0.,0.));
#6538 = VECTOR('',#6539,1.);
#6539 = DIRECTION('',(-0.,1.,0.));
#6540 = PCURVE('',#6513,#6541);
#6541 = DEFINITIONAL_REPRESENTATION('',(#6542),#6546);
#6542 = LINE('',#6543,#6544);
#6543 = CARTESIAN_POINT('',(0.,0.));
#6544 = VECTOR('',#6545,1.);
#6545 = DIRECTION('',(0.,-1.));
#6546 = ( GEOMETRIC_REPRESENTATION_CONTEXT(2) 
PARAMETRIC_REPRESENTATION_CONTEXT() REPRESENTATION_CONTEXT('2D SPACE',''
  ) );
#6547 = PCURVE('',#6433,#6548);
#6548 = DEFINITIONAL_REPRESENTATION('',(#6549),#6553);
#6549 = LINE('',#6550,#6551);
#6550 = CARTESIAN_POINT('',(126.,0.));
#6551 = VECTOR('',#6552,1.);
#6552 = DIRECTION('',(0.,1.));
#6553 = ( GEOMETRIC_REPRESENTATION_CONTEXT(2) 
PARAMETRIC_REPRESENTATION_CONTEXT() REPRESENTATION_CONTEXT('2D SPACE',''
  ) );
#6554 = ORIENTED_EDGE('',*,*,#6555,.T.);
#6555 = EDGE_CURVE('',#6533,#6556,#6558,.T.);
#6556 = VERTEX_POINT('',#6557);
#6557 = CARTESIAN_POINT('',(126.,86.,44.));
#6558 = SURFACE_CURVE('',#6559,(#6563,#6570),.PCURVE_S1.);
#6559 = LINE('',#6560,#6561);
#6560 = CARTESIAN_POINT('',(126.,86.,0.));
#6561 = VECTOR('',#6562,1.);
#6562 = DIRECTION('',(0.,0.,1.));
#6563 = PCURVE('',#6513,#6564);
#6564 = DEFINITIONAL_REPRESENTATION('',(#6565),#6569);
#6565 = LINE('',#6566,#6567);
#6566 = CARTESIAN_POINT('',(0.,-86.));
#6567 = VECTOR('',#6568,1.);
#6568 = DIRECTION('',(1.,0.));
#6569 = ( GEOMETRIC_REPRESENTATION_CONTEXT(2) 
PARAMETRIC_REPRESENTATION_CONTEXT() REPRESENTATION_CONTEXT('2D SPACE',''
  ) );
#6570 = PCURVE('',#6461,#6571);
#6571 = DEFINITIONAL_REPRESENTATION('',(#6572),#6576);
#6572 = LINE('',#6573,#6574);
#6573 = CARTESIAN_POINT('',(0.,126.));
#6574 = VECTOR('',#6575,1.);
#6575 = DIRECTION('',(1.,0.));
#6576 = ( GEOMETRIC_REPRESENTATION_CONTEXT(2) 
PARAMETRIC_REPRESENTATION_CONTEXT() REPRESENTATION_CONTEXT('2D SPACE',''
  ) );
#6577 = ORIENTED_EDGE('',*,*,#6578,.F.);
#6578 = EDGE_CURVE('',#6505,#6556,#6579,.T.);
#6579 = SURFACE_CURVE('',#6580,(#6584,#6591),.PCURVE_S1.);
#6580 = LINE('',#6581,#6582);
#6581 = CARTESIAN_POINT('',(126.,0.,44.));
#6582 = VECTOR('',#6583,1.);
#6583 = DIRECTION('',(-0.,1.,0.));
#6584 = PCURVE('',#6513,#6585);
#6585 = DEFINITIONAL_REPRESENTATION('',(#6586),#6590);
#6586 = LINE('',#6587,#6588);
#6587 = CARTESIAN_POINT('',(44.,0.));
#6588 = VECTOR('',#6589,1.);
#6589 = DIRECTION('',(0.,-1.));
#6590 = ( GEOMETRIC_REPRESENTATION_CONTEXT(2) 
PARAMETRIC_REPRESENTATION_CONTEXT() REPRESENTATION_CONTEXT('2D SPACE',''
  ) );
#6591 = PCURVE('',#6487,#6592);
#6592 = DEFINITIONAL_REPRESENTATION('',(#6593),#6597);
#6593 = LINE('',#6594,#6595);
#6594 = CARTESIAN_POINT('',(126.,0.));
#6595 = VECTOR('',#6596,1.);
#6596 = DIRECTION('',(0.,1.));
#6597 = ( GEOMETRIC_REPRESENTATION_CONTEXT(2) 
PARAMETRIC_REPRESENTATION_CONTEXT() REPRESENTATION_CONTEXT('2D SPACE',''
  ) );
#6598 = ADVANCED_FACE('',(#6599),#6405,.F.);
#6599 = FACE_BOUND('',#6600,.F.);
#6600 = EDGE_LOOP('',(#6601,#6622,#6623,#6644));
#6601 = ORIENTED_EDGE('',*,*,#6602,.F.);
#6602 = EDGE_CURVE('',#6383,#6503,#6603,.T.);
#6603 = SURFACE_CURVE('',#6604,(#6608,#6615),.PCURVE_S1.);
#6604 = LINE('',#6605,#6606);
#6605 = CARTESIAN_POINT('',(0.,0.,0.));
#6606 = VECTOR('',#6607,1.);
#6607 = DIRECTION('',(1.,0.,-0.));
#6608 = PCURVE('',#6405,#6609);
#6609 = DEFINITIONAL_REPRESENTATION('',(#6610),#6614);
#6610 = LINE('',#6611,#6612);
#6611 = CARTESIAN_POINT('',(0.,0.));
#6612 = VECTOR('',#6613,1.);
#6613 = DIRECTION('',(0.,1.));
#6614 = ( GEOMETRIC_REPRESENTATION_CONTEXT(2) 
PARAMETRIC_REPRESENTATION_CONTEXT() REPRESENTATION_CONTEXT('2D SPACE',''
  ) );
#6615 = PCURVE('',#6433,#6616);
#6616 = DEFINITIONAL_REPRESENTATION('',(#6617),#6621);
#6617 = LINE('',#6618,#6619);
#6618 = CARTESIAN_POINT('',(0.,0.));
#6619 = VECTOR('',#6620,1.);
#6620 = DIRECTION('',(1.,0.));
#6621 = ( GEOMETRIC_REPRESENTATION_CONTEXT(2) 
PARAMETRIC_REPRESENTATION_CONTEXT() REPRESENTATION_CONTEXT('2D SPACE',''
  ) );
#6622 = ORIENTED_EDGE('',*,*,#6382,.T.);
#6623 = ORIENTED_EDGE('',*,*,#6624,.T.);
#6624 = EDGE_CURVE('',#6385,#6505,#6625,.T.);
#6625 = SURFACE_CURVE('',#6626,(#6630,#6637),.PCURVE_S1.);
#6626 = LINE('',#6627,#6628);
#6627 = CARTESIAN_POINT('',(0.,0.,44.));
#6628 = VECTOR('',#6629,1.);
#6629 = DIRECTION('',(1.,0.,-0.));
#6630 = PCURVE('',#6405,#6631);
#6631 = DEFINITIONAL_REPRESENTATION('',(#6632),#6636);
#6632 = LINE('',#6633,#6634);
#6633 = CARTESIAN_POINT('',(44.,0.));
#6634 = VECTOR('',#6635,1.);
#6635 = DIRECTION('',(0.,1.));
#6636 = ( GEOMETRIC_REPRESENTATION_CONTEXT(2) 
PARAMETRIC_REPRESENTATION_CONTEXT() REPRESENTATION_CONTEXT('2D SPACE',''
  ) );
#6637 = PCURVE('',#6487,#6638);
#6638 = DEFINITIONAL_REPRESENTATION('',(#6639),#6643);
#6639 = LINE('',#6640,#6641);
#6640 = CARTESIAN_POINT('',(0.,0.));
#6641 = VECTOR('',#6642,1.);
#6642 = DIRECTION('',(1.,0.));
#6643 = ( GEOMETRIC_REPRESENTATION_CONTEXT(2) 
PARAMETRIC_REPRESENTATION_CONTEXT() REPRESENTATION_CONTEXT('2D SPACE',''
  ) );
#6644 = ORIENTED_EDGE('',*,*,#6502,.F.);
#6645 = ADVANCED_FACE('',(#6646),#6461,.T.);
#6646 = FACE_BOUND('',#6647,.T.);
#6647 = EDGE_LOOP('',(#6648,#6669,#6670,#6691));
#6648 = ORIENTED_EDGE('',*,*,#6649,.F.);
#6649 = EDGE_CURVE('',#6418,#6533,#6650,.T.);
#6650 = SURFACE_CURVE('',#6651,(#6655,#6662),.PCURVE_S1.);
#6651 = LINE('',#6652,#6653);
#6652 = CARTESIAN_POINT('',(0.,86.,0.));
#6653 = VECTOR('',#6654,1.);
#6654 = DIRECTION('',(1.,0.,-0.));
#6655 = PCURVE('',#6461,#6656);
#6656 = DEFINITIONAL_REPRESENTATION('',(#6657),#6661);
#6657 = LINE('',#6658,#6659);
#6658 = CARTESIAN_POINT('',(0.,0.));
#6659 = VECTOR('',#6660,1.);
#6660 = DIRECTION('',(0.,1.));
#6661 = ( GEOMETRIC_REPRESENTATION_CONTEXT(2) 
PARAMETRIC_REPRESENTATION_CONTEXT() REPRESENTATION_CONTEXT('2D SPACE',''
  ) );
#6662 = PCURVE('',#6433,#6663);
#6663 = DEFINITIONAL_REPRESENTATION('',(#6664),#6668);
#6664 = LINE('',#6665,#6666);
#6665 = CARTESIAN_POINT('',(0.,86.));
#6666 = VECTOR('',#6667,1.);
#6667 = DIRECTION('',(1.,0.));
#6668 = ( GEOMETRIC_REPRESENTATION_CONTEXT(2) 
PARAMETRIC_REPRESENTATION_CONTEXT() REPRESENTATION_CONTEXT('2D SPACE',''
  ) );
#6669 = ORIENTED_EDGE('',*,*,#6445,.T.);
#6670 = ORIENTED_EDGE('',*,*,#6671,.T.);
#6671 = EDGE_CURVE('',#6446,#6556,#6672,.T.);
#6672 = SURFACE_CURVE('',#6673,(#6677,#6684),.PCURVE_S1.);
#6673 = LINE('',#6674,#6675);
#6674 = CARTESIAN_POINT('',(0.,86.,44.));
#6675 = VECTOR('',#6676,1.);
#6676 = DIRECTION('',(1.,0.,-0.));
#6677 = PCURVE('',#6461,#6678);
#6678 = DEFINITIONAL_REPRESENTATION('',(#6679),#6683);
#6679 = LINE('',#6680,#6681);
#6680 = CARTESIAN_POINT('',(44.,0.));
#6681 = VECTOR('',#6682,1.);
#6682 = DIRECTION('',(0.,1.));
#6683 = ( GEOMETRIC_REPRESENTATION_CONTEXT(2) 
PARAMETRIC_REPRESENTATION_CONTEXT() REPRESENTATION_CONTEXT('2D SPACE',''
  ) );
#6684 = PCURVE('',#6487,#6685);
#6685 = DEFINITIONAL_REPRESENTATION('',(#6686),#6690);
#6686 = LINE('',#6687,#6688);
#6687 = CARTESIAN_POINT('',(0.,86.));
#6688 = VECTOR('',#6689,1.);
#6689 = DIRECTION('',(1.,0.));
#6690 = ( GEOMETRIC_REPRESENTATION_CONTEXT(2) 
PARAMETRIC_REPRESENTATION_CONTEXT() REPRESENTATION_CONTEXT('2D SPACE',''
  ) );
#6691 = ORIENTED_EDGE('',*,*,#6555,.F.);
#6692 = ADVANCED_FACE('',(#6693),#6433,.F.);
#6693 = FACE_BOUND('',#6694,.F.);
#6694 = EDGE_LOOP('',(#6695,#6696,#6697,#6698));
#6695 = ORIENTED_EDGE('',*,*,#6417,.F.);
#6696 = ORIENTED_EDGE('',*,*,#6602,.T.);
#6697 = ORIENTED_EDGE('',*,*,#6532,.T.);
#6698 = ORIENTED_EDGE('',*,*,#6649,.F.);
#6699 = ADVANCED_FACE('',(#6700),#6487,.T.);
#6700 = FACE_BOUND('',#6701,.T.);
#6701 = EDGE_LOOP('',(#6702,#6703,#6704,#6705));
#6702 = ORIENTED_EDGE('',*,*,#6473,.F.);
#6703 = ORIENTED_EDGE('',*,*,#6624,.T.);
#6704 = ORIENTED_EDGE('',*,*,#6578,.T.);
#6705 = ORIENTED_EDGE('',*,*,#6671,.F.);
#6706 = ( GEOMETRIC_REPRESENTATION_CONTEXT(3) 
GLOBAL_UNCERTAINTY_ASSIGNED_CONTEXT((#6710)) 
GLOBAL_UNIT_ASSIGNED_CONTEXT((#6707,#6708,#6709)) REPRESENTATION_CONTEXT
('Context #1','3D Context with UNIT and UNCERTAINTY') );
#6707 = ( LENGTH_UNIT() NAMED_UNIT(*) SI_UNIT(.MILLI.,.METRE.) );
#6708 = ( NAMED_UNIT(*) PLANE_ANGLE_UNIT() SI_UNIT($,.RADIAN.) );
#6709 = ( NAMED_UNIT(*) SI_UNIT($,.STERADIAN.) SOLID_ANGLE_UNIT() );
#6710 = UNCERTAINTY_MEASURE_WITH_UNIT(LENGTH_MEASURE(1.E-07),#6707,
  'distance_accuracy_value','confusion accuracy');
#6711 = CONTEXT_DEPENDENT_SHAPE_REPRESENTATION(#6712,#6714);
#6712 = ( REPRESENTATION_RELATIONSHIP('','',#6375,#6352) 
REPRESENTATION_RELATIONSHIP_WITH_TRANSFORMATION(#6713) 
SHAPE_REPRESENTATION_RELATIONSHIP() );
#6713 = ITEM_DEFINED_TRANSFORMATION('','',#11,#6353);
#6714 = PRODUCT_DEFINITION_SHAPE('Placement','Placement of an item',
  #6715);
#6715 = NEXT_ASSEMBLY_USAGE_OCCURRENCE('139','=>[0:1:1:69]','',#6347,
  #6370,$);
#6716 = PRODUCT_RELATED_PRODUCT_CATEGORY('part',$,(#6372));
#6717 = SHAPE_DEFINITION_REPRESENTATION(#6718,#6724);
#6718 = PRODUCT_DEFINITION_SHAPE('','',#6719);
#6719 = PRODUCT_DEFINITION('design','',#6720,#6723);
#6720 = PRODUCT_DEFINITION_FORMATION('','',#6721);
#6721 = PRODUCT('right_knee_clevis_bridge_between_links',
  'right_knee_clevis_bridge_between_links','',(#6722));
#6722 = PRODUCT_CONTEXT('',#2,'mechanical');
#6723 = PRODUCT_DEFINITION_CONTEXT('part definition',#2,'design');
#6724 = SHAPE_REPRESENTATION('',(#11,#6725),#6729);
#6725 = AXIS2_PLACEMENT_3D('',#6726,#6727,#6728);
#6726 = CARTESIAN_POINT('',(-74.,-46.,-27.));
#6727 = DIRECTION('',(0.,0.,1.));
#6728 = DIRECTION('',(1.,0.,0.));
#6729 = ( GEOMETRIC_REPRESENTATION_CONTEXT(3) 
GLOBAL_UNCERTAINTY_ASSIGNED_CONTEXT((#6733)) 
GLOBAL_UNIT_ASSIGNED_CONTEXT((#6730,#6731,#6732)) REPRESENTATION_CONTEXT
('Context #1','3D Context with UNIT and UNCERTAINTY') );
#6730 = ( LENGTH_UNIT() NAMED_UNIT(*) SI_UNIT(.MILLI.,.METRE.) );
#6731 = ( NAMED_UNIT(*) PLANE_ANGLE_UNIT() SI_UNIT($,.RADIAN.) );
#6732 = ( NAMED_UNIT(*) SI_UNIT($,.STERADIAN.) SOLID_ANGLE_UNIT() );
#6733 = UNCERTAINTY_MEASURE_WITH_UNIT(LENGTH_MEASURE(1.E-07),#6730,
  'distance_accuracy_value','confusion accuracy');
#6734 = CONTEXT_DEPENDENT_SHAPE_REPRESENTATION(#6735,#6737);
#6735 = ( REPRESENTATION_RELATIONSHIP('','',#6724,#10) 
REPRESENTATION_RELATIONSHIP_WITH_TRANSFORMATION(#6736) 
SHAPE_REPRESENTATION_RELATIONSHIP() );
#6736 = ITEM_DEFINED_TRANSFORMATION('','',#11,#151);
#6737 = PRODUCT_DEFINITION_SHAPE('Placement','Placement of an item',
  #6738);
#6738 = NEXT_ASSEMBLY_USAGE_OCCURRENCE('142','=>[0:1:1:70]','',#5,#6719,
  $);
#6739 = PRODUCT_RELATED_PRODUCT_CATEGORY('part',$,(#6721));
#6740 = SHAPE_DEFINITION_REPRESENTATION(#6741,#6747);
#6741 = PRODUCT_DEFINITION_SHAPE('','',#6742);
#6742 = PRODUCT_DEFINITION('design','',#6743,#6746);
#6743 = PRODUCT_DEFINITION_FORMATION('','',#6744);
#6744 = PRODUCT('SOLID','SOLID','',(#6745));
#6745 = PRODUCT_CONTEXT('',#2,'mechanical');
#6746 = PRODUCT_DEFINITION_CONTEXT('part definition',#2,'design');
#6747 = ADVANCED_BREP_SHAPE_REPRESENTATION('',(#11,#6748),#7078);
#6748 = MANIFOLD_SOLID_BREP('',#6749);
#6749 = CLOSED_SHELL('',(#6750,#6870,#6970,#7017,#7064,#7071));
#6750 = ADVANCED_FACE('',(#6751),#6765,.F.);
#6751 = FACE_BOUND('',#6752,.F.);
#6752 = EDGE_LOOP('',(#6753,#6788,#6816,#6844));
#6753 = ORIENTED_EDGE('',*,*,#6754,.F.);
#6754 = EDGE_CURVE('',#6755,#6757,#6759,.T.);
#6755 = VERTEX_POINT('',#6756);
#6756 = CARTESIAN_POINT('',(0.,0.,0.));
#6757 = VERTEX_POINT('',#6758);
#6758 = CARTESIAN_POINT('',(0.,0.,54.));
#6759 = SURFACE_CURVE('',#6760,(#6764,#6776),.PCURVE_S1.);
#6760 = LINE('',#6761,#6762);
#6761 = CARTESIAN_POINT('',(0.,0.,0.));
#6762 = VECTOR('',#6763,1.);
#6763 = DIRECTION('',(0.,0.,1.));
#6764 = PCURVE('',#6765,#6770);
#6765 = PLANE('',#6766);
#6766 = AXIS2_PLACEMENT_3D('',#6767,#6768,#6769);
#6767 = CARTESIAN_POINT('',(0.,0.,0.));
#6768 = DIRECTION('',(1.,0.,-0.));
#6769 = DIRECTION('',(0.,0.,1.));
#6770 = DEFINITIONAL_REPRESENTATION('',(#6771),#6775);
#6771 = LINE('',#6772,#6773);
#6772 = CARTESIAN_POINT('',(0.,0.));
#6773 = VECTOR('',#6774,1.);
#6774 = DIRECTION('',(1.,0.));
#6775 = ( GEOMETRIC_REPRESENTATION_CONTEXT(2) 
PARAMETRIC_REPRESENTATION_CONTEXT() REPRESENTATION_CONTEXT('2D SPACE',''
  ) );
#6776 = PCURVE('',#6777,#6782);
#6777 = PLANE('',#6778);
#6778 = AXIS2_PLACEMENT_3D('',#6779,#6780,#6781);
#6779 = CARTESIAN_POINT('',(0.,0.,0.));
#6780 = DIRECTION('',(-0.,1.,0.));
#6781 = DIRECTION('',(0.,0.,1.));
#6782 = DEFINITIONAL_REPRESENTATION('',(#6783),#6787);
#6783 = LINE('',#6784,#6785);
#6784 = CARTESIAN_POINT('',(0.,0.));
#6785 = VECTOR('',#6786,1.);
#6786 = DIRECTION('',(1.,0.));
#6787 = ( GEOMETRIC_REPRESENTATION_CONTEXT(2) 
PARAMETRIC_REPRESENTATION_CONTEXT() REPRESENTATION_CONTEXT('2D SPACE',''
  ) );
#6788 = ORIENTED_EDGE('',*,*,#6789,.T.);
#6789 = EDGE_CURVE('',#6755,#6790,#6792,.T.);
#6790 = VERTEX_POINT('',#6791);
#6791 = CARTESIAN_POINT('',(0.,92.,0.));
#6792 = SURFACE_CURVE('',#6793,(#6797,#6804),.PCURVE_S1.);
#6793 = LINE('',#6794,#6795);
#6794 = CARTESIAN_POINT('',(0.,0.,0.));
#6795 = VECTOR('',#6796,1.);
#6796 = DIRECTION('',(-0.,1.,0.));
#6797 = PCURVE('',#6765,#6798);
#6798 = DEFINITIONAL_REPRESENTATION('',(#6799),#6803);
#6799 = LINE('',#6800,#6801);
#6800 = CARTESIAN_POINT('',(0.,0.));
#6801 = VECTOR('',#6802,1.);
#6802 = DIRECTION('',(0.,-1.));
#6803 = ( GEOMETRIC_REPRESENTATION_CONTEXT(2) 
PARAMETRIC_REPRESENTATION_CONTEXT() REPRESENTATION_CONTEXT('2D SPACE',''
  ) );
#6804 = PCURVE('',#6805,#6810);
#6805 = PLANE('',#6806);
#6806 = AXIS2_PLACEMENT_3D('',#6807,#6808,#6809);
#6807 = CARTESIAN_POINT('',(0.,0.,0.));
#6808 = DIRECTION('',(0.,0.,1.));
#6809 = DIRECTION('',(1.,0.,-0.));
#6810 = DEFINITIONAL_REPRESENTATION('',(#6811),#6815);
#6811 = LINE('',#6812,#6813);
#6812 = CARTESIAN_POINT('',(0.,0.));
#6813 = VECTOR('',#6814,1.);
#6814 = DIRECTION('',(0.,1.));
#6815 = ( GEOMETRIC_REPRESENTATION_CONTEXT(2) 
PARAMETRIC_REPRESENTATION_CONTEXT() REPRESENTATION_CONTEXT('2D SPACE',''
  ) );
#6816 = ORIENTED_EDGE('',*,*,#6817,.T.);
#6817 = EDGE_CURVE('',#6790,#6818,#6820,.T.);
#6818 = VERTEX_POINT('',#6819);
#6819 = CARTESIAN_POINT('',(0.,92.,54.));
#6820 = SURFACE_CURVE('',#6821,(#6825,#6832),.PCURVE_S1.);
#6821 = LINE('',#6822,#6823);
#6822 = CARTESIAN_POINT('',(0.,92.,0.));
#6823 = VECTOR('',#6824,1.);
#6824 = DIRECTION('',(0.,0.,1.));
#6825 = PCURVE('',#6765,#6826);
#6826 = DEFINITIONAL_REPRESENTATION('',(#6827),#6831);
#6827 = LINE('',#6828,#6829);
#6828 = CARTESIAN_POINT('',(0.,-92.));
#6829 = VECTOR('',#6830,1.);
#6830 = DIRECTION('',(1.,0.));
#6831 = ( GEOMETRIC_REPRESENTATION_CONTEXT(2) 
PARAMETRIC_REPRESENTATION_CONTEXT() REPRESENTATION_CONTEXT('2D SPACE',''
  ) );
#6832 = PCURVE('',#6833,#6838);
#6833 = PLANE('',#6834);
#6834 = AXIS2_PLACEMENT_3D('',#6835,#6836,#6837);
#6835 = CARTESIAN_POINT('',(0.,92.,0.));
#6836 = DIRECTION('',(-0.,1.,0.));
#6837 = DIRECTION('',(0.,0.,1.));
#6838 = DEFINITIONAL_REPRESENTATION('',(#6839),#6843);
#6839 = LINE('',#6840,#6841);
#6840 = CARTESIAN_POINT('',(0.,0.));
#6841 = VECTOR('',#6842,1.);
#6842 = DIRECTION('',(1.,0.));
#6843 = ( GEOMETRIC_REPRESENTATION_CONTEXT(2) 
PARAMETRIC_REPRESENTATION_CONTEXT() REPRESENTATION_CONTEXT('2D SPACE',''
  ) );
#6844 = ORIENTED_EDGE('',*,*,#6845,.F.);
#6845 = EDGE_CURVE('',#6757,#6818,#6846,.T.);
#6846 = SURFACE_CURVE('',#6847,(#6851,#6858),.PCURVE_S1.);
#6847 = LINE('',#6848,#6849);
#6848 = CARTESIAN_POINT('',(0.,0.,54.));
#6849 = VECTOR('',#6850,1.);
#6850 = DIRECTION('',(-0.,1.,0.));
#6851 = PCURVE('',#6765,#6852);
#6852 = DEFINITIONAL_REPRESENTATION('',(#6853),#6857);
#6853 = LINE('',#6854,#6855);
#6854 = CARTESIAN_POINT('',(54.,0.));
#6855 = VECTOR('',#6856,1.);
#6856 = DIRECTION('',(0.,-1.));
#6857 = ( GEOMETRIC_REPRESENTATION_CONTEXT(2) 
PARAMETRIC_REPRESENTATION_CONTEXT() REPRESENTATION_CONTEXT('2D SPACE',''
  ) );
#6858 = PCURVE('',#6859,#6864);
#6859 = PLANE('',#6860);
#6860 = AXIS2_PLACEMENT_3D('',#6861,#6862,#6863);
#6861 = CARTESIAN_POINT('',(0.,0.,54.));
#6862 = DIRECTION('',(0.,0.,1.));
#6863 = DIRECTION('',(1.,0.,-0.));
#6864 = DEFINITIONAL_REPRESENTATION('',(#6865),#6869);
#6865 = LINE('',#6866,#6867);
#6866 = CARTESIAN_POINT('',(0.,0.));
#6867 = VECTOR('',#6868,1.);
#6868 = DIRECTION('',(0.,1.));
#6869 = ( GEOMETRIC_REPRESENTATION_CONTEXT(2) 
PARAMETRIC_REPRESENTATION_CONTEXT() REPRESENTATION_CONTEXT('2D SPACE',''
  ) );
#6870 = ADVANCED_FACE('',(#6871),#6885,.T.);
#6871 = FACE_BOUND('',#6872,.T.);
#6872 = EDGE_LOOP('',(#6873,#6903,#6926,#6949));
#6873 = ORIENTED_EDGE('',*,*,#6874,.F.);
#6874 = EDGE_CURVE('',#6875,#6877,#6879,.T.);
#6875 = VERTEX_POINT('',#6876);
#6876 = CARTESIAN_POINT('',(148.,0.,0.));
#6877 = VERTEX_POINT('',#6878);
#6878 = CARTESIAN_POINT('',(148.,0.,54.));
#6879 = SURFACE_CURVE('',#6880,(#6884,#6896),.PCURVE_S1.);
#6880 = LINE('',#6881,#6882);
#6881 = CARTESIAN_POINT('',(148.,0.,0.));
#6882 = VECTOR('',#6883,1.);
#6883 = DIRECTION('',(0.,0.,1.));
#6884 = PCURVE('',#6885,#6890);
#6885 = PLANE('',#6886);
#6886 = AXIS2_PLACEMENT_3D('',#6887,#6888,#6889);
#6887 = CARTESIAN_POINT('',(148.,0.,0.));
#6888 = DIRECTION('',(1.,0.,-0.));
#6889 = DIRECTION('',(0.,0.,1.));
#6890 = DEFINITIONAL_REPRESENTATION('',(#6891),#6895);
#6891 = LINE('',#6892,#6893);
#6892 = CARTESIAN_POINT('',(0.,0.));
#6893 = VECTOR('',#6894,1.);
#6894 = DIRECTION('',(1.,0.));
#6895 = ( GEOMETRIC_REPRESENTATION_CONTEXT(2) 
PARAMETRIC_REPRESENTATION_CONTEXT() REPRESENTATION_CONTEXT('2D SPACE',''
  ) );
#6896 = PCURVE('',#6777,#6897);
#6897 = DEFINITIONAL_REPRESENTATION('',(#6898),#6902);
#6898 = LINE('',#6899,#6900);
#6899 = CARTESIAN_POINT('',(0.,148.));
#6900 = VECTOR('',#6901,1.);
#6901 = DIRECTION('',(1.,0.));
#6902 = ( GEOMETRIC_REPRESENTATION_CONTEXT(2) 
PARAMETRIC_REPRESENTATION_CONTEXT() REPRESENTATION_CONTEXT('2D SPACE',''
  ) );
#6903 = ORIENTED_EDGE('',*,*,#6904,.T.);
#6904 = EDGE_CURVE('',#6875,#6905,#6907,.T.);
#6905 = VERTEX_POINT('',#6906);
#6906 = CARTESIAN_POINT('',(148.,92.,0.));
#6907 = SURFACE_CURVE('',#6908,(#6912,#6919),.PCURVE_S1.);
#6908 = LINE('',#6909,#6910);
#6909 = CARTESIAN_POINT('',(148.,0.,0.));
#6910 = VECTOR('',#6911,1.);
#6911 = DIRECTION('',(-0.,1.,0.));
#6912 = PCURVE('',#6885,#6913);
#6913 = DEFINITIONAL_REPRESENTATION('',(#6914),#6918);
#6914 = LINE('',#6915,#6916);
#6915 = CARTESIAN_POINT('',(0.,0.));
#6916 = VECTOR('',#6917,1.);
#6917 = DIRECTION('',(0.,-1.));
#6918 = ( GEOMETRIC_REPRESENTATION_CONTEXT(2) 
PARAMETRIC_REPRESENTATION_CONTEXT() REPRESENTATION_CONTEXT('2D SPACE',''
  ) );
#6919 = PCURVE('',#6805,#6920);
#6920 = DEFINITIONAL_REPRESENTATION('',(#6921),#6925);
#6921 = LINE('',#6922,#6923);
#6922 = CARTESIAN_POINT('',(148.,0.));
#6923 = VECTOR('',#6924,1.);
#6924 = DIRECTION('',(0.,1.));
#6925 = ( GEOMETRIC_REPRESENTATION_CONTEXT(2) 
PARAMETRIC_REPRESENTATION_CONTEXT() REPRESENTATION_CONTEXT('2D SPACE',''
  ) );
#6926 = ORIENTED_EDGE('',*,*,#6927,.T.);
#6927 = EDGE_CURVE('',#6905,#6928,#6930,.T.);
#6928 = VERTEX_POINT('',#6929);
#6929 = CARTESIAN_POINT('',(148.,92.,54.));
#6930 = SURFACE_CURVE('',#6931,(#6935,#6942),.PCURVE_S1.);
#6931 = LINE('',#6932,#6933);
#6932 = CARTESIAN_POINT('',(148.,92.,0.));
#6933 = VECTOR('',#6934,1.);
#6934 = DIRECTION('',(0.,0.,1.));
#6935 = PCURVE('',#6885,#6936);
#6936 = DEFINITIONAL_REPRESENTATION('',(#6937),#6941);
#6937 = LINE('',#6938,#6939);
#6938 = CARTESIAN_POINT('',(0.,-92.));
#6939 = VECTOR('',#6940,1.);
#6940 = DIRECTION('',(1.,0.));
#6941 = ( GEOMETRIC_REPRESENTATION_CONTEXT(2) 
PARAMETRIC_REPRESENTATION_CONTEXT() REPRESENTATION_CONTEXT('2D SPACE',''
  ) );
#6942 = PCURVE('',#6833,#6943);
#6943 = DEFINITIONAL_REPRESENTATION('',(#6944),#6948);
#6944 = LINE('',#6945,#6946);
#6945 = CARTESIAN_POINT('',(0.,148.));
#6946 = VECTOR('',#6947,1.);
#6947 = DIRECTION('',(1.,0.));
#6948 = ( GEOMETRIC_REPRESENTATION_CONTEXT(2) 
PARAMETRIC_REPRESENTATION_CONTEXT() REPRESENTATION_CONTEXT('2D SPACE',''
  ) );
#6949 = ORIENTED_EDGE('',*,*,#6950,.F.);
#6950 = EDGE_CURVE('',#6877,#6928,#6951,.T.);
#6951 = SURFACE_CURVE('',#6952,(#6956,#6963),.PCURVE_S1.);
#6952 = LINE('',#6953,#6954);
#6953 = CARTESIAN_POINT('',(148.,0.,54.));
#6954 = VECTOR('',#6955,1.);
#6955 = DIRECTION('',(-0.,1.,0.));
#6956 = PCURVE('',#6885,#6957);
#6957 = DEFINITIONAL_REPRESENTATION('',(#6958),#6962);
#6958 = LINE('',#6959,#6960);
#6959 = CARTESIAN_POINT('',(54.,0.));
#6960 = VECTOR('',#6961,1.);
#6961 = DIRECTION('',(0.,-1.));
#6962 = ( GEOMETRIC_REPRESENTATION_CONTEXT(2) 
PARAMETRIC_REPRESENTATION_CONTEXT() REPRESENTATION_CONTEXT('2D SPACE',''
  ) );
#6963 = PCURVE('',#6859,#6964);
#6964 = DEFINITIONAL_REPRESENTATION('',(#6965),#6969);
#6965 = LINE('',#6966,#6967);
#6966 = CARTESIAN_POINT('',(148.,0.));
#6967 = VECTOR('',#6968,1.);
#6968 = DIRECTION('',(0.,1.));
#6969 = ( GEOMETRIC_REPRESENTATION_CONTEXT(2) 
PARAMETRIC_REPRESENTATION_CONTEXT() REPRESENTATION_CONTEXT('2D SPACE',''
  ) );
#6970 = ADVANCED_FACE('',(#6971),#6777,.F.);
#6971 = FACE_BOUND('',#6972,.F.);
#6972 = EDGE_LOOP('',(#6973,#6994,#6995,#7016));
#6973 = ORIENTED_EDGE('',*,*,#6974,.F.);
#6974 = EDGE_CURVE('',#6755,#6875,#6975,.T.);
#6975 = SURFACE_CURVE('',#6976,(#6980,#6987),.PCURVE_S1.);
#6976 = LINE('',#6977,#6978);
#6977 = CARTESIAN_POINT('',(0.,0.,0.));
#6978 = VECTOR('',#6979,1.);
#6979 = DIRECTION('',(1.,0.,-0.));
#6980 = PCURVE('',#6777,#6981);
#6981 = DEFINITIONAL_REPRESENTATION('',(#6982),#6986);
#6982 = LINE('',#6983,#6984);
#6983 = CARTESIAN_POINT('',(0.,0.));
#6984 = VECTOR('',#6985,1.);
#6985 = DIRECTION('',(0.,1.));
#6986 = ( GEOMETRIC_REPRESENTATION_CONTEXT(2) 
PARAMETRIC_REPRESENTATION_CONTEXT() REPRESENTATION_CONTEXT('2D SPACE',''
  ) );
#6987 = PCURVE('',#6805,#6988);
#6988 = DEFINITIONAL_REPRESENTATION('',(#6989),#6993);
#6989 = LINE('',#6990,#6991);
#6990 = CARTESIAN_POINT('',(0.,0.));
#6991 = VECTOR('',#6992,1.);
#6992 = DIRECTION('',(1.,0.));
#6993 = ( GEOMETRIC_REPRESENTATION_CONTEXT(2) 
PARAMETRIC_REPRESENTATION_CONTEXT() REPRESENTATION_CONTEXT('2D SPACE',''
  ) );
#6994 = ORIENTED_EDGE('',*,*,#6754,.T.);
#6995 = ORIENTED_EDGE('',*,*,#6996,.T.);
#6996 = EDGE_CURVE('',#6757,#6877,#6997,.T.);
#6997 = SURFACE_CURVE('',#6998,(#7002,#7009),.PCURVE_S1.);
#6998 = LINE('',#6999,#7000);
#6999 = CARTESIAN_POINT('',(0.,0.,54.));
#7000 = VECTOR('',#7001,1.);
#7001 = DIRECTION('',(1.,0.,-0.));
#7002 = PCURVE('',#6777,#7003);
#7003 = DEFINITIONAL_REPRESENTATION('',(#7004),#7008);
#7004 = LINE('',#7005,#7006);
#7005 = CARTESIAN_POINT('',(54.,0.));
#7006 = VECTOR('',#7007,1.);
#7007 = DIRECTION('',(0.,1.));
#7008 = ( GEOMETRIC_REPRESENTATION_CONTEXT(2) 
PARAMETRIC_REPRESENTATION_CONTEXT() REPRESENTATION_CONTEXT('2D SPACE',''
  ) );
#7009 = PCURVE('',#6859,#7010);
#7010 = DEFINITIONAL_REPRESENTATION('',(#7011),#7015);
#7011 = LINE('',#7012,#7013);
#7012 = CARTESIAN_POINT('',(0.,0.));
#7013 = VECTOR('',#7014,1.);
#7014 = DIRECTION('',(1.,0.));
#7015 = ( GEOMETRIC_REPRESENTATION_CONTEXT(2) 
PARAMETRIC_REPRESENTATION_CONTEXT() REPRESENTATION_CONTEXT('2D SPACE',''
  ) );
#7016 = ORIENTED_EDGE('',*,*,#6874,.F.);
#7017 = ADVANCED_FACE('',(#7018),#6833,.T.);
#7018 = FACE_BOUND('',#7019,.T.);
#7019 = EDGE_LOOP('',(#7020,#7041,#7042,#7063));
#7020 = ORIENTED_EDGE('',*,*,#7021,.F.);
#7021 = EDGE_CURVE('',#6790,#6905,#7022,.T.);
#7022 = SURFACE_CURVE('',#7023,(#7027,#7034),.PCURVE_S1.);
#7023 = LINE('',#7024,#7025);
#7024 = CARTESIAN_POINT('',(0.,92.,0.));
#7025 = VECTOR('',#7026,1.);
#7026 = DIRECTION('',(1.,0.,-0.));
#7027 = PCURVE('',#6833,#7028);
#7028 = DEFINITIONAL_REPRESENTATION('',(#7029),#7033);
#7029 = LINE('',#7030,#7031);
#7030 = CARTESIAN_POINT('',(0.,0.));
#7031 = VECTOR('',#7032,1.);
#7032 = DIRECTION('',(0.,1.));
#7033 = ( GEOMETRIC_REPRESENTATION_CONTEXT(2) 
PARAMETRIC_REPRESENTATION_CONTEXT() REPRESENTATION_CONTEXT('2D SPACE',''
  ) );
#7034 = PCURVE('',#6805,#7035);
#7035 = DEFINITIONAL_REPRESENTATION('',(#7036),#7040);
#7036 = LINE('',#7037,#7038);
#7037 = CARTESIAN_POINT('',(0.,92.));
#7038 = VECTOR('',#7039,1.);
#7039 = DIRECTION('',(1.,0.));
#7040 = ( GEOMETRIC_REPRESENTATION_CONTEXT(2) 
PARAMETRIC_REPRESENTATION_CONTEXT() REPRESENTATION_CONTEXT('2D SPACE',''
  ) );
#7041 = ORIENTED_EDGE('',*,*,#6817,.T.);
#7042 = ORIENTED_EDGE('',*,*,#7043,.T.);
#7043 = EDGE_CURVE('',#6818,#6928,#7044,.T.);
#7044 = SURFACE_CURVE('',#7045,(#7049,#7056),.PCURVE_S1.);
#7045 = LINE('',#7046,#7047);
#7046 = CARTESIAN_POINT('',(0.,92.,54.));
#7047 = VECTOR('',#7048,1.);
#7048 = DIRECTION('',(1.,0.,-0.));
#7049 = PCURVE('',#6833,#7050);
#7050 = DEFINITIONAL_REPRESENTATION('',(#7051),#7055);
#7051 = LINE('',#7052,#7053);
#7052 = CARTESIAN_POINT('',(54.,0.));
#7053 = VECTOR('',#7054,1.);
#7054 = DIRECTION('',(0.,1.));
#7055 = ( GEOMETRIC_REPRESENTATION_CONTEXT(2) 
PARAMETRIC_REPRESENTATION_CONTEXT() REPRESENTATION_CONTEXT('2D SPACE',''
  ) );
#7056 = PCURVE('',#6859,#7057);
#7057 = DEFINITIONAL_REPRESENTATION('',(#7058),#7062);
#7058 = LINE('',#7059,#7060);
#7059 = CARTESIAN_POINT('',(0.,92.));
#7060 = VECTOR('',#7061,1.);
#7061 = DIRECTION('',(1.,0.));
#7062 = ( GEOMETRIC_REPRESENTATION_CONTEXT(2) 
PARAMETRIC_REPRESENTATION_CONTEXT() REPRESENTATION_CONTEXT('2D SPACE',''
  ) );
#7063 = ORIENTED_EDGE('',*,*,#6927,.F.);
#7064 = ADVANCED_FACE('',(#7065),#6805,.F.);
#7065 = FACE_BOUND('',#7066,.F.);
#7066 = EDGE_LOOP('',(#7067,#7068,#7069,#7070));
#7067 = ORIENTED_EDGE('',*,*,#6789,.F.);
#7068 = ORIENTED_EDGE('',*,*,#6974,.T.);
#7069 = ORIENTED_EDGE('',*,*,#6904,.T.);
#7070 = ORIENTED_EDGE('',*,*,#7021,.F.);
#7071 = ADVANCED_FACE('',(#7072),#6859,.T.);
#7072 = FACE_BOUND('',#7073,.T.);
#7073 = EDGE_LOOP('',(#7074,#7075,#7076,#7077));
#7074 = ORIENTED_EDGE('',*,*,#6845,.F.);
#7075 = ORIENTED_EDGE('',*,*,#6996,.T.);
#7076 = ORIENTED_EDGE('',*,*,#6950,.T.);
#7077 = ORIENTED_EDGE('',*,*,#7043,.F.);
#7078 = ( GEOMETRIC_REPRESENTATION_CONTEXT(3) 
GLOBAL_UNCERTAINTY_ASSIGNED_CONTEXT((#7082)) 
GLOBAL_UNIT_ASSIGNED_CONTEXT((#7079,#7080,#7081)) REPRESENTATION_CONTEXT
('Context #1','3D Context with UNIT and UNCERTAINTY') );
#7079 = ( LENGTH_UNIT() NAMED_UNIT(*) SI_UNIT(.MILLI.,.METRE.) );
#7080 = ( NAMED_UNIT(*) PLANE_ANGLE_UNIT() SI_UNIT($,.RADIAN.) );
#7081 = ( NAMED_UNIT(*) SI_UNIT($,.STERADIAN.) SOLID_ANGLE_UNIT() );
#7082 = UNCERTAINTY_MEASURE_WITH_UNIT(LENGTH_MEASURE(1.E-07),#7079,
  'distance_accuracy_value','confusion accuracy');
#7083 = CONTEXT_DEPENDENT_SHAPE_REPRESENTATION(#7084,#7086);
#7084 = ( REPRESENTATION_RELATIONSHIP('','',#6747,#6724) 
REPRESENTATION_RELATIONSHIP_WITH_TRANSFORMATION(#7085) 
SHAPE_REPRESENTATION_RELATIONSHIP() );
#7085 = ITEM_DEFINED_TRANSFORMATION('','',#11,#6725);
#7086 = PRODUCT_DEFINITION_SHAPE('Placement','Placement of an item',
  #7087);
#7087 = NEXT_ASSEMBLY_USAGE_OCCURRENCE('141','=>[0:1:1:71]','',#6719,
  #6742,$);
#7088 = PRODUCT_RELATED_PRODUCT_CATEGORY('part',$,(#6744));
#7089 = SHAPE_DEFINITION_REPRESENTATION(#7090,#7096);
#7090 = PRODUCT_DEFINITION_SHAPE('','',#7091);
#7091 = PRODUCT_DEFINITION('design','',#7092,#7095);
#7092 = PRODUCT_DEFINITION_FORMATION('','',#7093);
#7093 = PRODUCT('right_hip_clevis_bridge_into_pelvis',
  'right_hip_clevis_bridge_into_pelvis','',(#7094));
#7094 = PRODUCT_CONTEXT('',#2,'mechanical');
#7095 = PRODUCT_DEFINITION_CONTEXT('part definition',#2,'design');
#7096 = SHAPE_REPRESENTATION('',(#11,#7097),#7101);
#7097 = AXIS2_PLACEMENT_3D('',#7098,#7099,#7100);
#7098 = CARTESIAN_POINT('',(-84.,-46.,-29.));
#7099 = DIRECTION('',(0.,0.,1.));
#7100 = DIRECTION('',(1.,0.,0.));
#7101 = ( GEOMETRIC_REPRESENTATION_CONTEXT(3) 
GLOBAL_UNCERTAINTY_ASSIGNED_CONTEXT((#7105)) 
GLOBAL_UNIT_ASSIGNED_CONTEXT((#7102,#7103,#7104)) REPRESENTATION_CONTEXT
('Context #1','3D Context with UNIT and UNCERTAINTY') );
#7102 = ( LENGTH_UNIT() NAMED_UNIT(*) SI_UNIT(.MILLI.,.METRE.) );
#7103 = ( NAMED_UNIT(*) PLANE_ANGLE_UNIT() SI_UNIT($,.RADIAN.) );
#7104 = ( NAMED_UNIT(*) SI_UNIT($,.STERADIAN.) SOLID_ANGLE_UNIT() );
#7105 = UNCERTAINTY_MEASURE_WITH_UNIT(LENGTH_MEASURE(1.E-07),#7102,
  'distance_accuracy_value','confusion accuracy');
#7106 = CONTEXT_DEPENDENT_SHAPE_REPRESENTATION(#7107,#7109);
#7107 = ( REPRESENTATION_RELATIONSHIP('','',#7096,#10) 
REPRESENTATION_RELATIONSHIP_WITH_TRANSFORMATION(#7108) 
SHAPE_REPRESENTATION_RELATIONSHIP() );
#7108 = ITEM_DEFINED_TRANSFORMATION('','',#11,#155);
#7109 = PRODUCT_DEFINITION_SHAPE('Placement','Placement of an item',
  #7110);
#7110 = NEXT_ASSEMBLY_USAGE_OCCURRENCE('144','=>[0:1:1:72]','',#5,#7091,
  $);
#7111 = PRODUCT_RELATED_PRODUCT_CATEGORY('part',$,(#7093));
#7112 = SHAPE_DEFINITION_REPRESENTATION(#7113,#7119);
#7113 = PRODUCT_DEFINITION_SHAPE('','',#7114);
#7114 = PRODUCT_DEFINITION('design','',#7115,#7118);
#7115 = PRODUCT_DEFINITION_FORMATION('','',#7116);
#7116 = PRODUCT('SOLID','SOLID','',(#7117));
#7117 = PRODUCT_CONTEXT('',#2,'mechanical');
#7118 = PRODUCT_DEFINITION_CONTEXT('part definition',#2,'design');
#7119 = ADVANCED_BREP_SHAPE_REPRESENTATION('',(#11,#7120),#7450);
#7120 = MANIFOLD_SOLID_BREP('',#7121);
#7121 = CLOSED_SHELL('',(#7122,#7242,#7342,#7389,#7436,#7443));
#7122 = ADVANCED_FACE('',(#7123),#7137,.F.);
#7123 = FACE_BOUND('',#7124,.F.);
#7124 = EDGE_LOOP('',(#7125,#7160,#7188,#7216));
#7125 = ORIENTED_EDGE('',*,*,#7126,.F.);
#7126 = EDGE_CURVE('',#7127,#7129,#7131,.T.);
#7127 = VERTEX_POINT('',#7128);
#7128 = CARTESIAN_POINT('',(0.,0.,0.));
#7129 = VERTEX_POINT('',#7130);
#7130 = CARTESIAN_POINT('',(0.,0.,58.));
#7131 = SURFACE_CURVE('',#7132,(#7136,#7148),.PCURVE_S1.);
#7132 = LINE('',#7133,#7134);
#7133 = CARTESIAN_POINT('',(0.,0.,0.));
#7134 = VECTOR('',#7135,1.);
#7135 = DIRECTION('',(0.,0.,1.));
#7136 = PCURVE('',#7137,#7142);
#7137 = PLANE('',#7138);
#7138 = AXIS2_PLACEMENT_3D('',#7139,#7140,#7141);
#7139 = CARTESIAN_POINT('',(0.,0.,0.));
#7140 = DIRECTION('',(1.,0.,-0.));
#7141 = DIRECTION('',(0.,0.,1.));
#7142 = DEFINITIONAL_REPRESENTATION('',(#7143),#7147);
#7143 = LINE('',#7144,#7145);
#7144 = CARTESIAN_POINT('',(0.,0.));
#7145 = VECTOR('',#7146,1.);
#7146 = DIRECTION('',(1.,0.));
#7147 = ( GEOMETRIC_REPRESENTATION_CONTEXT(2) 
PARAMETRIC_REPRESENTATION_CONTEXT() REPRESENTATION_CONTEXT('2D SPACE',''
  ) );
#7148 = PCURVE('',#7149,#7154);
#7149 = PLANE('',#7150);
#7150 = AXIS2_PLACEMENT_3D('',#7151,#7152,#7153);
#7151 = CARTESIAN_POINT('',(0.,0.,0.));
#7152 = DIRECTION('',(-0.,1.,0.));
#7153 = DIRECTION('',(0.,0.,1.));
#7154 = DEFINITIONAL_REPRESENTATION('',(#7155),#7159);
#7155 = LINE('',#7156,#7157);
#7156 = CARTESIAN_POINT('',(0.,0.));
#7157 = VECTOR('',#7158,1.);
#7158 = DIRECTION('',(1.,0.));
#7159 = ( GEOMETRIC_REPRESENTATION_CONTEXT(2) 
PARAMETRIC_REPRESENTATION_CONTEXT() REPRESENTATION_CONTEXT('2D SPACE',''
  ) );
#7160 = ORIENTED_EDGE('',*,*,#7161,.T.);
#7161 = EDGE_CURVE('',#7127,#7162,#7164,.T.);
#7162 = VERTEX_POINT('',#7163);
#7163 = CARTESIAN_POINT('',(0.,92.,0.));
#7164 = SURFACE_CURVE('',#7165,(#7169,#7176),.PCURVE_S1.);
#7165 = LINE('',#7166,#7167);
#7166 = CARTESIAN_POINT('',(0.,0.,0.));
#7167 = VECTOR('',#7168,1.);
#7168 = DIRECTION('',(-0.,1.,0.));
#7169 = PCURVE('',#7137,#7170);
#7170 = DEFINITIONAL_REPRESENTATION('',(#7171),#7175);
#7171 = LINE('',#7172,#7173);
#7172 = CARTESIAN_POINT('',(0.,0.));
#7173 = VECTOR('',#7174,1.);
#7174 = DIRECTION('',(0.,-1.));
#7175 = ( GEOMETRIC_REPRESENTATION_CONTEXT(2) 
PARAMETRIC_REPRESENTATION_CONTEXT() REPRESENTATION_CONTEXT('2D SPACE',''
  ) );
#7176 = PCURVE('',#7177,#7182);
#7177 = PLANE('',#7178);
#7178 = AXIS2_PLACEMENT_3D('',#7179,#7180,#7181);
#7179 = CARTESIAN_POINT('',(0.,0.,0.));
#7180 = DIRECTION('',(0.,0.,1.));
#7181 = DIRECTION('',(1.,0.,-0.));
#7182 = DEFINITIONAL_REPRESENTATION('',(#7183),#7187);
#7183 = LINE('',#7184,#7185);
#7184 = CARTESIAN_POINT('',(0.,0.));
#7185 = VECTOR('',#7186,1.);
#7186 = DIRECTION('',(0.,1.));
#7187 = ( GEOMETRIC_REPRESENTATION_CONTEXT(2) 
PARAMETRIC_REPRESENTATION_CONTEXT() REPRESENTATION_CONTEXT('2D SPACE',''
  ) );
#7188 = ORIENTED_EDGE('',*,*,#7189,.T.);
#7189 = EDGE_CURVE('',#7162,#7190,#7192,.T.);
#7190 = VERTEX_POINT('',#7191);
#7191 = CARTESIAN_POINT('',(0.,92.,58.));
#7192 = SURFACE_CURVE('',#7193,(#7197,#7204),.PCURVE_S1.);
#7193 = LINE('',#7194,#7195);
#7194 = CARTESIAN_POINT('',(0.,92.,0.));
#7195 = VECTOR('',#7196,1.);
#7196 = DIRECTION('',(0.,0.,1.));
#7197 = PCURVE('',#7137,#7198);
#7198 = DEFINITIONAL_REPRESENTATION('',(#7199),#7203);
#7199 = LINE('',#7200,#7201);
#7200 = CARTESIAN_POINT('',(0.,-92.));
#7201 = VECTOR('',#7202,1.);
#7202 = DIRECTION('',(1.,0.));
#7203 = ( GEOMETRIC_REPRESENTATION_CONTEXT(2) 
PARAMETRIC_REPRESENTATION_CONTEXT() REPRESENTATION_CONTEXT('2D SPACE',''
  ) );
#7204 = PCURVE('',#7205,#7210);
#7205 = PLANE('',#7206);
#7206 = AXIS2_PLACEMENT_3D('',#7207,#7208,#7209);
#7207 = CARTESIAN_POINT('',(0.,92.,0.));
#7208 = DIRECTION('',(-0.,1.,0.));
#7209 = DIRECTION('',(0.,0.,1.));
#7210 = DEFINITIONAL_REPRESENTATION('',(#7211),#7215);
#7211 = LINE('',#7212,#7213);
#7212 = CARTESIAN_POINT('',(0.,0.));
#7213 = VECTOR('',#7214,1.);
#7214 = DIRECTION('',(1.,0.));
#7215 = ( GEOMETRIC_REPRESENTATION_CONTEXT(2) 
PARAMETRIC_REPRESENTATION_CONTEXT() REPRESENTATION_CONTEXT('2D SPACE',''
  ) );
#7216 = ORIENTED_EDGE('',*,*,#7217,.F.);
#7217 = EDGE_CURVE('',#7129,#7190,#7218,.T.);
#7218 = SURFACE_CURVE('',#7219,(#7223,#7230),.PCURVE_S1.);
#7219 = LINE('',#7220,#7221);
#7220 = CARTESIAN_POINT('',(0.,0.,58.));
#7221 = VECTOR('',#7222,1.);
#7222 = DIRECTION('',(-0.,1.,0.));
#7223 = PCURVE('',#7137,#7224);
#7224 = DEFINITIONAL_REPRESENTATION('',(#7225),#7229);
#7225 = LINE('',#7226,#7227);
#7226 = CARTESIAN_POINT('',(58.,0.));
#7227 = VECTOR('',#7228,1.);
#7228 = DIRECTION('',(0.,-1.));
#7229 = ( GEOMETRIC_REPRESENTATION_CONTEXT(2) 
PARAMETRIC_REPRESENTATION_CONTEXT() REPRESENTATION_CONTEXT('2D SPACE',''
  ) );
#7230 = PCURVE('',#7231,#7236);
#7231 = PLANE('',#7232);
#7232 = AXIS2_PLACEMENT_3D('',#7233,#7234,#7235);
#7233 = CARTESIAN_POINT('',(0.,0.,58.));
#7234 = DIRECTION('',(0.,0.,1.));
#7235 = DIRECTION('',(1.,0.,-0.));
#7236 = DEFINITIONAL_REPRESENTATION('',(#7237),#7241);
#7237 = LINE('',#7238,#7239);
#7238 = CARTESIAN_POINT('',(0.,0.));
#7239 = VECTOR('',#7240,1.);
#7240 = DIRECTION('',(0.,1.));
#7241 = ( GEOMETRIC_REPRESENTATION_CONTEXT(2) 
PARAMETRIC_REPRESENTATION_CONTEXT() REPRESENTATION_CONTEXT('2D SPACE',''
  ) );
#7242 = ADVANCED_FACE('',(#7243),#7257,.T.);
#7243 = FACE_BOUND('',#7244,.T.);
#7244 = EDGE_LOOP('',(#7245,#7275,#7298,#7321));
#7245 = ORIENTED_EDGE('',*,*,#7246,.F.);
#7246 = EDGE_CURVE('',#7247,#7249,#7251,.T.);
#7247 = VERTEX_POINT('',#7248);
#7248 = CARTESIAN_POINT('',(168.,0.,0.));
#7249 = VERTEX_POINT('',#7250);
#7250 = CARTESIAN_POINT('',(168.,0.,58.));
#7251 = SURFACE_CURVE('',#7252,(#7256,#7268),.PCURVE_S1.);
#7252 = LINE('',#7253,#7254);
#7253 = CARTESIAN_POINT('',(168.,0.,0.));
#7254 = VECTOR('',#7255,1.);
#7255 = DIRECTION('',(0.,0.,1.));
#7256 = PCURVE('',#7257,#7262);
#7257 = PLANE('',#7258);
#7258 = AXIS2_PLACEMENT_3D('',#7259,#7260,#7261);
#7259 = CARTESIAN_POINT('',(168.,0.,0.));
#7260 = DIRECTION('',(1.,0.,-0.));
#7261 = DIRECTION('',(0.,0.,1.));
#7262 = DEFINITIONAL_REPRESENTATION('',(#7263),#7267);
#7263 = LINE('',#7264,#7265);
#7264 = CARTESIAN_POINT('',(0.,0.));
#7265 = VECTOR('',#7266,1.);
#7266 = DIRECTION('',(1.,0.));
#7267 = ( GEOMETRIC_REPRESENTATION_CONTEXT(2) 
PARAMETRIC_REPRESENTATION_CONTEXT() REPRESENTATION_CONTEXT('2D SPACE',''
  ) );
#7268 = PCURVE('',#7149,#7269);
#7269 = DEFINITIONAL_REPRESENTATION('',(#7270),#7274);
#7270 = LINE('',#7271,#7272);
#7271 = CARTESIAN_POINT('',(0.,168.));
#7272 = VECTOR('',#7273,1.);
#7273 = DIRECTION('',(1.,0.));
#7274 = ( GEOMETRIC_REPRESENTATION_CONTEXT(2) 
PARAMETRIC_REPRESENTATION_CONTEXT() REPRESENTATION_CONTEXT('2D SPACE',''
  ) );
#7275 = ORIENTED_EDGE('',*,*,#7276,.T.);
#7276 = EDGE_CURVE('',#7247,#7277,#7279,.T.);
#7277 = VERTEX_POINT('',#7278);
#7278 = CARTESIAN_POINT('',(168.,92.,0.));
#7279 = SURFACE_CURVE('',#7280,(#7284,#7291),.PCURVE_S1.);
#7280 = LINE('',#7281,#7282);
#7281 = CARTESIAN_POINT('',(168.,0.,0.));
#7282 = VECTOR('',#7283,1.);
#7283 = DIRECTION('',(-0.,1.,0.));
#7284 = PCURVE('',#7257,#7285);
#7285 = DEFINITIONAL_REPRESENTATION('',(#7286),#7290);
#7286 = LINE('',#7287,#7288);
#7287 = CARTESIAN_POINT('',(0.,0.));
#7288 = VECTOR('',#7289,1.);
#7289 = DIRECTION('',(0.,-1.));
#7290 = ( GEOMETRIC_REPRESENTATION_CONTEXT(2) 
PARAMETRIC_REPRESENTATION_CONTEXT() REPRESENTATION_CONTEXT('2D SPACE',''
  ) );
#7291 = PCURVE('',#7177,#7292);
#7292 = DEFINITIONAL_REPRESENTATION('',(#7293),#7297);
#7293 = LINE('',#7294,#7295);
#7294 = CARTESIAN_POINT('',(168.,0.));
#7295 = VECTOR('',#7296,1.);
#7296 = DIRECTION('',(0.,1.));
#7297 = ( GEOMETRIC_REPRESENTATION_CONTEXT(2) 
PARAMETRIC_REPRESENTATION_CONTEXT() REPRESENTATION_CONTEXT('2D SPACE',''
  ) );
#7298 = ORIENTED_EDGE('',*,*,#7299,.T.);
#7299 = EDGE_CURVE('',#7277,#7300,#7302,.T.);
#7300 = VERTEX_POINT('',#7301);
#7301 = CARTESIAN_POINT('',(168.,92.,58.));
#7302 = SURFACE_CURVE('',#7303,(#7307,#7314),.PCURVE_S1.);
#7303 = LINE('',#7304,#7305);
#7304 = CARTESIAN_POINT('',(168.,92.,0.));
#7305 = VECTOR('',#7306,1.);
#7306 = DIRECTION('',(0.,0.,1.));
#7307 = PCURVE('',#7257,#7308);
#7308 = DEFINITIONAL_REPRESENTATION('',(#7309),#7313);
#7309 = LINE('',#7310,#7311);
#7310 = CARTESIAN_POINT('',(0.,-92.));
#7311 = VECTOR('',#7312,1.);
#7312 = DIRECTION('',(1.,0.));
#7313 = ( GEOMETRIC_REPRESENTATION_CONTEXT(2) 
PARAMETRIC_REPRESENTATION_CONTEXT() REPRESENTATION_CONTEXT('2D SPACE',''
  ) );
#7314 = PCURVE('',#7205,#7315);
#7315 = DEFINITIONAL_REPRESENTATION('',(#7316),#7320);
#7316 = LINE('',#7317,#7318);
#7317 = CARTESIAN_POINT('',(0.,168.));
#7318 = VECTOR('',#7319,1.);
#7319 = DIRECTION('',(1.,0.));
#7320 = ( GEOMETRIC_REPRESENTATION_CONTEXT(2) 
PARAMETRIC_REPRESENTATION_CONTEXT() REPRESENTATION_CONTEXT('2D SPACE',''
  ) );
#7321 = ORIENTED_EDGE('',*,*,#7322,.F.);
#7322 = EDGE_CURVE('',#7249,#7300,#7323,.T.);
#7323 = SURFACE_CURVE('',#7324,(#7328,#7335),.PCURVE_S1.);
#7324 = LINE('',#7325,#7326);
#7325 = CARTESIAN_POINT('',(168.,0.,58.));
#7326 = VECTOR('',#7327,1.);
#7327 = DIRECTION('',(-0.,1.,0.));
#7328 = PCURVE('',#7257,#7329);
#7329 = DEFINITIONAL_REPRESENTATION('',(#7330),#7334);
#7330 = LINE('',#7331,#7332);
#7331 = CARTESIAN_POINT('',(58.,0.));
#7332 = VECTOR('',#7333,1.);
#7333 = DIRECTION('',(0.,-1.));
#7334 = ( GEOMETRIC_REPRESENTATION_CONTEXT(2) 
PARAMETRIC_REPRESENTATION_CONTEXT() REPRESENTATION_CONTEXT('2D SPACE',''
  ) );
#7335 = PCURVE('',#7231,#7336);
#7336 = DEFINITIONAL_REPRESENTATION('',(#7337),#7341);
#7337 = LINE('',#7338,#7339);
#7338 = CARTESIAN_POINT('',(168.,0.));
#7339 = VECTOR('',#7340,1.);
#7340 = DIRECTION('',(0.,1.));
#7341 = ( GEOMETRIC_REPRESENTATION_CONTEXT(2) 
PARAMETRIC_REPRESENTATION_CONTEXT() REPRESENTATION_CONTEXT('2D SPACE',''
  ) );
#7342 = ADVANCED_FACE('',(#7343),#7149,.F.);
#7343 = FACE_BOUND('',#7344,.F.);
#7344 = EDGE_LOOP('',(#7345,#7366,#7367,#7388));
#7345 = ORIENTED_EDGE('',*,*,#7346,.F.);
#7346 = EDGE_CURVE('',#7127,#7247,#7347,.T.);
#7347 = SURFACE_CURVE('',#7348,(#7352,#7359),.PCURVE_S1.);
#7348 = LINE('',#7349,#7350);
#7349 = CARTESIAN_POINT('',(0.,0.,0.));
#7350 = VECTOR('',#7351,1.);
#7351 = DIRECTION('',(1.,0.,-0.));
#7352 = PCURVE('',#7149,#7353);
#7353 = DEFINITIONAL_REPRESENTATION('',(#7354),#7358);
#7354 = LINE('',#7355,#7356);
#7355 = CARTESIAN_POINT('',(0.,0.));
#7356 = VECTOR('',#7357,1.);
#7357 = DIRECTION('',(0.,1.));
#7358 = ( GEOMETRIC_REPRESENTATION_CONTEXT(2) 
PARAMETRIC_REPRESENTATION_CONTEXT() REPRESENTATION_CONTEXT('2D SPACE',''
  ) );
#7359 = PCURVE('',#7177,#7360);
#7360 = DEFINITIONAL_REPRESENTATION('',(#7361),#7365);
#7361 = LINE('',#7362,#7363);
#7362 = CARTESIAN_POINT('',(0.,0.));
#7363 = VECTOR('',#7364,1.);
#7364 = DIRECTION('',(1.,0.));
#7365 = ( GEOMETRIC_REPRESENTATION_CONTEXT(2) 
PARAMETRIC_REPRESENTATION_CONTEXT() REPRESENTATION_CONTEXT('2D SPACE',''
  ) );
#7366 = ORIENTED_EDGE('',*,*,#7126,.T.);
#7367 = ORIENTED_EDGE('',*,*,#7368,.T.);
#7368 = EDGE_CURVE('',#7129,#7249,#7369,.T.);
#7369 = SURFACE_CURVE('',#7370,(#7374,#7381),.PCURVE_S1.);
#7370 = LINE('',#7371,#7372);
#7371 = CARTESIAN_POINT('',(0.,0.,58.));
#7372 = VECTOR('',#7373,1.);
#7373 = DIRECTION('',(1.,0.,-0.));
#7374 = PCURVE('',#7149,#7375);
#7375 = DEFINITIONAL_REPRESENTATION('',(#7376),#7380);
#7376 = LINE('',#7377,#7378);
#7377 = CARTESIAN_POINT('',(58.,0.));
#7378 = VECTOR('',#7379,1.);
#7379 = DIRECTION('',(0.,1.));
#7380 = ( GEOMETRIC_REPRESENTATION_CONTEXT(2) 
PARAMETRIC_REPRESENTATION_CONTEXT() REPRESENTATION_CONTEXT('2D SPACE',''
  ) );
#7381 = PCURVE('',#7231,#7382);
#7382 = DEFINITIONAL_REPRESENTATION('',(#7383),#7387);
#7383 = LINE('',#7384,#7385);
#7384 = CARTESIAN_POINT('',(0.,0.));
#7385 = VECTOR('',#7386,1.);
#7386 = DIRECTION('',(1.,0.));
#7387 = ( GEOMETRIC_REPRESENTATION_CONTEXT(2) 
PARAMETRIC_REPRESENTATION_CONTEXT() REPRESENTATION_CONTEXT('2D SPACE',''
  ) );
#7388 = ORIENTED_EDGE('',*,*,#7246,.F.);
#7389 = ADVANCED_FACE('',(#7390),#7205,.T.);
#7390 = FACE_BOUND('',#7391,.T.);
#7391 = EDGE_LOOP('',(#7392,#7413,#7414,#7435));
#7392 = ORIENTED_EDGE('',*,*,#7393,.F.);
#7393 = EDGE_CURVE('',#7162,#7277,#7394,.T.);
#7394 = SURFACE_CURVE('',#7395,(#7399,#7406),.PCURVE_S1.);
#7395 = LINE('',#7396,#7397);
#7396 = CARTESIAN_POINT('',(0.,92.,0.));
#7397 = VECTOR('',#7398,1.);
#7398 = DIRECTION('',(1.,0.,-0.));
#7399 = PCURVE('',#7205,#7400);
#7400 = DEFINITIONAL_REPRESENTATION('',(#7401),#7405);
#7401 = LINE('',#7402,#7403);
#7402 = CARTESIAN_POINT('',(0.,0.));
#7403 = VECTOR('',#7404,1.);
#7404 = DIRECTION('',(0.,1.));
#7405 = ( GEOMETRIC_REPRESENTATION_CONTEXT(2) 
PARAMETRIC_REPRESENTATION_CONTEXT() REPRESENTATION_CONTEXT('2D SPACE',''
  ) );
#7406 = PCURVE('',#7177,#7407);
#7407 = DEFINITIONAL_REPRESENTATION('',(#7408),#7412);
#7408 = LINE('',#7409,#7410);
#7409 = CARTESIAN_POINT('',(0.,92.));
#7410 = VECTOR('',#7411,1.);
#7411 = DIRECTION('',(1.,0.));
#7412 = ( GEOMETRIC_REPRESENTATION_CONTEXT(2) 
PARAMETRIC_REPRESENTATION_CONTEXT() REPRESENTATION_CONTEXT('2D SPACE',''
  ) );
#7413 = ORIENTED_EDGE('',*,*,#7189,.T.);
#7414 = ORIENTED_EDGE('',*,*,#7415,.T.);
#7415 = EDGE_CURVE('',#7190,#7300,#7416,.T.);
#7416 = SURFACE_CURVE('',#7417,(#7421,#7428),.PCURVE_S1.);
#7417 = LINE('',#7418,#7419);
#7418 = CARTESIAN_POINT('',(0.,92.,58.));
#7419 = VECTOR('',#7420,1.);
#7420 = DIRECTION('',(1.,0.,-0.));
#7421 = PCURVE('',#7205,#7422);
#7422 = DEFINITIONAL_REPRESENTATION('',(#7423),#7427);
#7423 = LINE('',#7424,#7425);
#7424 = CARTESIAN_POINT('',(58.,0.));
#7425 = VECTOR('',#7426,1.);
#7426 = DIRECTION('',(0.,1.));
#7427 = ( GEOMETRIC_REPRESENTATION_CONTEXT(2) 
PARAMETRIC_REPRESENTATION_CONTEXT() REPRESENTATION_CONTEXT('2D SPACE',''
  ) );
#7428 = PCURVE('',#7231,#7429);
#7429 = DEFINITIONAL_REPRESENTATION('',(#7430),#7434);
#7430 = LINE('',#7431,#7432);
#7431 = CARTESIAN_POINT('',(0.,92.));
#7432 = VECTOR('',#7433,1.);
#7433 = DIRECTION('',(1.,0.));
#7434 = ( GEOMETRIC_REPRESENTATION_CONTEXT(2) 
PARAMETRIC_REPRESENTATION_CONTEXT() REPRESENTATION_CONTEXT('2D SPACE',''
  ) );
#7435 = ORIENTED_EDGE('',*,*,#7299,.F.);
#7436 = ADVANCED_FACE('',(#7437),#7177,.F.);
#7437 = FACE_BOUND('',#7438,.F.);
#7438 = EDGE_LOOP('',(#7439,#7440,#7441,#7442));
#7439 = ORIENTED_EDGE('',*,*,#7161,.F.);
#7440 = ORIENTED_EDGE('',*,*,#7346,.T.);
#7441 = ORIENTED_EDGE('',*,*,#7276,.T.);
#7442 = ORIENTED_EDGE('',*,*,#7393,.F.);
#7443 = ADVANCED_FACE('',(#7444),#7231,.T.);
#7444 = FACE_BOUND('',#7445,.T.);
#7445 = EDGE_LOOP('',(#7446,#7447,#7448,#7449));
#7446 = ORIENTED_EDGE('',*,*,#7217,.F.);
#7447 = ORIENTED_EDGE('',*,*,#7368,.T.);
#7448 = ORIENTED_EDGE('',*,*,#7322,.T.);
#7449 = ORIENTED_EDGE('',*,*,#7415,.F.);
#7450 = ( GEOMETRIC_REPRESENTATION_CONTEXT(3) 
GLOBAL_UNCERTAINTY_ASSIGNED_CONTEXT((#7454)) 
GLOBAL_UNIT_ASSIGNED_CONTEXT((#7451,#7452,#7453)) REPRESENTATION_CONTEXT
('Context #1','3D Context with UNIT and UNCERTAINTY') );
#7451 = ( LENGTH_UNIT() NAMED_UNIT(*) SI_UNIT(.MILLI.,.METRE.) );
#7452 = ( NAMED_UNIT(*) PLANE_ANGLE_UNIT() SI_UNIT($,.RADIAN.) );
#7453 = ( NAMED_UNIT(*) SI_UNIT($,.STERADIAN.) SOLID_ANGLE_UNIT() );
#7454 = UNCERTAINTY_MEASURE_WITH_UNIT(LENGTH_MEASURE(1.E-07),#7451,
  'distance_accuracy_value','confusion accuracy');
#7455 = CONTEXT_DEPENDENT_SHAPE_REPRESENTATION(#7456,#7458);
#7456 = ( REPRESENTATION_RELATIONSHIP('','',#7119,#7096) 
REPRESENTATION_RELATIONSHIP_WITH_TRANSFORMATION(#7457) 
SHAPE_REPRESENTATION_RELATIONSHIP() );
#7457 = ITEM_DEFINED_TRANSFORMATION('','',#11,#7097);
#7458 = PRODUCT_DEFINITION_SHAPE('Placement','Placement of an item',
  #7459);
#7459 = NEXT_ASSEMBLY_USAGE_OCCURRENCE('143','=>[0:1:1:73]','',#7091,
  #7114,$);
#7460 = PRODUCT_RELATED_PRODUCT_CATEGORY('part',$,(#7116));
#7461 = SHAPE_DEFINITION_REPRESENTATION(#7462,#7468);
#7462 = PRODUCT_DEFINITION_SHAPE('','',#7463);
#7463 = PRODUCT_DEFINITION('design','',#7464,#7467);
#7464 = PRODUCT_DEFINITION_FORMATION('','',#7465);
#7465 = PRODUCT('right_rear_lower_leg_continuity_strut',
  'right_rear_lower_leg_continuity_strut','',(#7466));
#7466 = PRODUCT_CONTEXT('',#2,'mechanical');
#7467 = PRODUCT_DEFINITION_CONTEXT('part definition',#2,'design');
#7468 = SHAPE_REPRESENTATION('',(#11,#7469),#7473);
#7469 = AXIS2_PLACEMENT_3D('',#7470,#7471,#7472);
#7470 = CARTESIAN_POINT('',(0.,0.,-139.9321264041));
#7471 = DIRECTION('',(0.,0.,1.));
#7472 = DIRECTION('',(1.,0.,0.));
#7473 = ( GEOMETRIC_REPRESENTATION_CONTEXT(3) 
GLOBAL_UNCERTAINTY_ASSIGNED_CONTEXT((#7477)) 
GLOBAL_UNIT_ASSIGNED_CONTEXT((#7474,#7475,#7476)) REPRESENTATION_CONTEXT
('Context #1','3D Context with UNIT and UNCERTAINTY') );
#7474 = ( LENGTH_UNIT() NAMED_UNIT(*) SI_UNIT(.MILLI.,.METRE.) );
#7475 = ( NAMED_UNIT(*) PLANE_ANGLE_UNIT() SI_UNIT($,.RADIAN.) );
#7476 = ( NAMED_UNIT(*) SI_UNIT($,.STERADIAN.) SOLID_ANGLE_UNIT() );
#7477 = UNCERTAINTY_MEASURE_WITH_UNIT(LENGTH_MEASURE(1.E-07),#7474,
  'distance_accuracy_value','confusion accuracy');
#7478 = CONTEXT_DEPENDENT_SHAPE_REPRESENTATION(#7479,#7481);
#7479 = ( REPRESENTATION_RELATIONSHIP('','',#7468,#10) 
REPRESENTATION_RELATIONSHIP_WITH_TRANSFORMATION(#7480) 
SHAPE_REPRESENTATION_RELATIONSHIP() );
#7480 = ITEM_DEFINED_TRANSFORMATION('','',#11,#159);
#7481 = PRODUCT_DEFINITION_SHAPE('Placement','Placement of an item',
  #7482);
#7482 = NEXT_ASSEMBLY_USAGE_OCCURRENCE('146','=>[0:1:1:74]','',#5,#7463,
  $);
#7483 = PRODUCT_RELATED_PRODUCT_CATEGORY('part',$,(#7465));
#7484 = SHAPE_DEFINITION_REPRESENTATION(#7485,#7491);
#7485 = PRODUCT_DEFINITION_SHAPE('','',#7486);
#7486 = PRODUCT_DEFINITION('design','',#7487,#7490);
#7487 = PRODUCT_DEFINITION_FORMATION('','',#7488);
#7488 = PRODUCT('SOLID','SOLID','',(#7489));
#7489 = PRODUCT_CONTEXT('',#2,'mechanical');
#7490 = PRODUCT_DEFINITION_CONTEXT('part definition',#2,'design');
#7491 = ADVANCED_BREP_SHAPE_REPRESENTATION('',(#11,#7492),#7590);
#7492 = MANIFOLD_SOLID_BREP('',#7493);
#7493 = CLOSED_SHELL('',(#7494,#7582,#7586));
#7494 = ADVANCED_FACE('',(#7495),#7508,.T.);
#7495 = FACE_BOUND('',#7496,.T.);
#7496 = EDGE_LOOP('',(#7497,#7531,#7554,#7581));
#7497 = ORIENTED_EDGE('',*,*,#7498,.F.);
#7498 = EDGE_CURVE('',#7499,#7499,#7501,.T.);
#7499 = VERTEX_POINT('',#7500);
#7500 = CARTESIAN_POINT('',(9.,-2.204364238465E-15,279.86425280839));
#7501 = SURFACE_CURVE('',#7502,(#7507,#7519),.PCURVE_S1.);
#7502 = CIRCLE('',#7503,9.);
#7503 = AXIS2_PLACEMENT_3D('',#7504,#7505,#7506);
#7504 = CARTESIAN_POINT('',(0.,0.,279.86425280839));
#7505 = DIRECTION('',(0.,0.,1.));
#7506 = DIRECTION('',(1.,0.,-0.));
#7507 = PCURVE('',#7508,#7513);
#7508 = CYLINDRICAL_SURFACE('',#7509,9.);
#7509 = AXIS2_PLACEMENT_3D('',#7510,#7511,#7512);
#7510 = CARTESIAN_POINT('',(0.,0.,0.));
#7511 = DIRECTION('',(0.,0.,1.));
#7512 = DIRECTION('',(1.,0.,-0.));
#7513 = DEFINITIONAL_REPRESENTATION('',(#7514),#7518);
#7514 = LINE('',#7515,#7516);
#7515 = CARTESIAN_POINT('',(0.,279.86425280839));
#7516 = VECTOR('',#7517,1.);
#7517 = DIRECTION('',(1.,0.));
#7518 = ( GEOMETRIC_REPRESENTATION_CONTEXT(2) 
PARAMETRIC_REPRESENTATION_CONTEXT() REPRESENTATION_CONTEXT('2D SPACE',''
  ) );
#7519 = PCURVE('',#7520,#7525);
#7520 = PLANE('',#7521);
#7521 = AXIS2_PLACEMENT_3D('',#7522,#7523,#7524);
#7522 = CARTESIAN_POINT('',(0.,0.,279.86425280839));
#7523 = DIRECTION('',(0.,0.,1.));
#7524 = DIRECTION('',(1.,0.,-0.));
#7525 = DEFINITIONAL_REPRESENTATION('',(#7526),#7530);
#7526 = CIRCLE('',#7527,9.);
#7527 = AXIS2_PLACEMENT_2D('',#7528,#7529);
#7528 = CARTESIAN_POINT('',(0.,0.));
#7529 = DIRECTION('',(1.,0.));
#7530 = ( GEOMETRIC_REPRESENTATION_CONTEXT(2) 
PARAMETRIC_REPRESENTATION_CONTEXT() REPRESENTATION_CONTEXT('2D SPACE',''
  ) );
#7531 = ORIENTED_EDGE('',*,*,#7532,.F.);
#7532 = EDGE_CURVE('',#7533,#7499,#7535,.T.);
#7533 = VERTEX_POINT('',#7534);
#7534 = CARTESIAN_POINT('',(9.,-2.204364238465E-15,0.));
#7535 = SEAM_CURVE('',#7536,(#7540,#7547),.PCURVE_S1.);
#7536 = LINE('',#7537,#7538);
#7537 = CARTESIAN_POINT('',(9.,-2.204364238465E-15,0.));
#7538 = VECTOR('',#7539,1.);
#7539 = DIRECTION('',(0.,0.,1.));
#7540 = PCURVE('',#7508,#7541);
#7541 = DEFINITIONAL_REPRESENTATION('',(#7542),#7546);
#7542 = LINE('',#7543,#7544);
#7543 = CARTESIAN_POINT('',(6.28318530718,-0.));
#7544 = VECTOR('',#7545,1.);
#7545 = DIRECTION('',(0.,1.));
#7546 = ( GEOMETRIC_REPRESENTATION_CONTEXT(2) 
PARAMETRIC_REPRESENTATION_CONTEXT() REPRESENTATION_CONTEXT('2D SPACE',''
  ) );
#7547 = PCURVE('',#7508,#7548);
#7548 = DEFINITIONAL_REPRESENTATION('',(#7549),#7553);
#7549 = LINE('',#7550,#7551);
#7550 = CARTESIAN_POINT('',(0.,-0.));
#7551 = VECTOR('',#7552,1.);
#7552 = DIRECTION('',(0.,1.));
#7553 = ( GEOMETRIC_REPRESENTATION_CONTEXT(2) 
PARAMETRIC_REPRESENTATION_CONTEXT() REPRESENTATION_CONTEXT('2D SPACE',''
  ) );
#7554 = ORIENTED_EDGE('',*,*,#7555,.T.);
#7555 = EDGE_CURVE('',#7533,#7533,#7556,.T.);
#7556 = SURFACE_CURVE('',#7557,(#7562,#7569),.PCURVE_S1.);
#7557 = CIRCLE('',#7558,9.);
#7558 = AXIS2_PLACEMENT_3D('',#7559,#7560,#7561);
#7559 = CARTESIAN_POINT('',(0.,0.,0.));
#7560 = DIRECTION('',(0.,0.,1.));
#7561 = DIRECTION('',(1.,0.,-0.));
#7562 = PCURVE('',#7508,#7563);
#7563 = DEFINITIONAL_REPRESENTATION('',(#7564),#7568);
#7564 = LINE('',#7565,#7566);
#7565 = CARTESIAN_POINT('',(0.,0.));
#7566 = VECTOR('',#7567,1.);
#7567 = DIRECTION('',(1.,0.));
#7568 = ( GEOMETRIC_REPRESENTATION_CONTEXT(2) 
PARAMETRIC_REPRESENTATION_CONTEXT() REPRESENTATION_CONTEXT('2D SPACE',''
  ) );
#7569 = PCURVE('',#7570,#7575);
#7570 = PLANE('',#7571);
#7571 = AXIS2_PLACEMENT_3D('',#7572,#7573,#7574);
#7572 = CARTESIAN_POINT('',(0.,0.,0.));
#7573 = DIRECTION('',(0.,0.,1.));
#7574 = DIRECTION('',(1.,0.,-0.));
#7575 = DEFINITIONAL_REPRESENTATION('',(#7576),#7580);
#7576 = CIRCLE('',#7577,9.);
#7577 = AXIS2_PLACEMENT_2D('',#7578,#7579);
#7578 = CARTESIAN_POINT('',(0.,0.));
#7579 = DIRECTION('',(1.,0.));
#7580 = ( GEOMETRIC_REPRESENTATION_CONTEXT(2) 
PARAMETRIC_REPRESENTATION_CONTEXT() REPRESENTATION_CONTEXT('2D SPACE',''
  ) );
#7581 = ORIENTED_EDGE('',*,*,#7532,.T.);
#7582 = ADVANCED_FACE('',(#7583),#7520,.T.);
#7583 = FACE_BOUND('',#7584,.T.);
#7584 = EDGE_LOOP('',(#7585));
#7585 = ORIENTED_EDGE('',*,*,#7498,.T.);
#7586 = ADVANCED_FACE('',(#7587),#7570,.F.);
#7587 = FACE_BOUND('',#7588,.T.);
#7588 = EDGE_LOOP('',(#7589));
#7589 = ORIENTED_EDGE('',*,*,#7555,.F.);
#7590 = ( GEOMETRIC_REPRESENTATION_CONTEXT(3) 
GLOBAL_UNCERTAINTY_ASSIGNED_CONTEXT((#7594)) 
GLOBAL_UNIT_ASSIGNED_CONTEXT((#7591,#7592,#7593)) REPRESENTATION_CONTEXT
('Context #1','3D Context with UNIT and UNCERTAINTY') );
#7591 = ( LENGTH_UNIT() NAMED_UNIT(*) SI_UNIT(.MILLI.,.METRE.) );
#7592 = ( NAMED_UNIT(*) PLANE_ANGLE_UNIT() SI_UNIT($,.RADIAN.) );
#7593 = ( NAMED_UNIT(*) SI_UNIT($,.STERADIAN.) SOLID_ANGLE_UNIT() );
#7594 = UNCERTAINTY_MEASURE_WITH_UNIT(LENGTH_MEASURE(1.E-07),#7591,
  'distance_accuracy_value','confusion accuracy');
#7595 = CONTEXT_DEPENDENT_SHAPE_REPRESENTATION(#7596,#7598);
#7596 = ( REPRESENTATION_RELATIONSHIP('','',#7491,#7468) 
REPRESENTATION_RELATIONSHIP_WITH_TRANSFORMATION(#7597) 
SHAPE_REPRESENTATION_RELATIONSHIP() );
#7597 = ITEM_DEFINED_TRANSFORMATION('','',#11,#7469);
#7598 = PRODUCT_DEFINITION_SHAPE('Placement','Placement of an item',
  #7599);
#7599 = NEXT_ASSEMBLY_USAGE_OCCURRENCE('145','=>[0:1:1:75]','',#7463,
  #7486,$);
#7600 = PRODUCT_RELATED_PRODUCT_CATEGORY('part',$,(#7488));
#7601 = SHAPE_DEFINITION_REPRESENTATION(#7602,#7608);
#7602 = PRODUCT_DEFINITION_SHAPE('','',#7603);
#7603 = PRODUCT_DEFINITION('design','',#7604,#7607);
#7604 = PRODUCT_DEFINITION_FORMATION('','',#7605);
#7605 = PRODUCT('right_rear_upper_leg_continuity_strut',
  'right_rear_upper_leg_continuity_strut','',(#7606));
#7606 = PRODUCT_CONTEXT('',#2,'mechanical');
#7607 = PRODUCT_DEFINITION_CONTEXT('part definition',#2,'design');
#7608 = SHAPE_REPRESENTATION('',(#11,#7609),#7613);
#7609 = AXIS2_PLACEMENT_3D('',#7610,#7611,#7612);
#7610 = CARTESIAN_POINT('',(0.,0.,-120.6192356135));
#7611 = DIRECTION('',(0.,0.,1.));
#7612 = DIRECTION('',(1.,0.,0.));
#7613 = ( GEOMETRIC_REPRESENTATION_CONTEXT(3) 
GLOBAL_UNCERTAINTY_ASSIGNED_CONTEXT((#7617)) 
GLOBAL_UNIT_ASSIGNED_CONTEXT((#7614,#7615,#7616)) REPRESENTATION_CONTEXT
('Context #1','3D Context with UNIT and UNCERTAINTY') );
#7614 = ( LENGTH_UNIT() NAMED_UNIT(*) SI_UNIT(.MILLI.,.METRE.) );
#7615 = ( NAMED_UNIT(*) PLANE_ANGLE_UNIT() SI_UNIT($,.RADIAN.) );
#7616 = ( NAMED_UNIT(*) SI_UNIT($,.STERADIAN.) SOLID_ANGLE_UNIT() );
#7617 = UNCERTAINTY_MEASURE_WITH_UNIT(LENGTH_MEASURE(1.E-07),#7614,
  'distance_accuracy_value','confusion accuracy');
#7618 = CONTEXT_DEPENDENT_SHAPE_REPRESENTATION(#7619,#7621);
#7619 = ( REPRESENTATION_RELATIONSHIP('','',#7608,#10) 
REPRESENTATION_RELATIONSHIP_WITH_TRANSFORMATION(#7620) 
SHAPE_REPRESENTATION_RELATIONSHIP() );
#7620 = ITEM_DEFINED_TRANSFORMATION('','',#11,#163);
#7621 = PRODUCT_DEFINITION_SHAPE('Placement','Placement of an item',
  #7622);
#7622 = NEXT_ASSEMBLY_USAGE_OCCURRENCE('148','=>[0:1:1:76]','',#5,#7603,
  $);
#7623 = PRODUCT_RELATED_PRODUCT_CATEGORY('part',$,(#7605));
#7624 = SHAPE_DEFINITION_REPRESENTATION(#7625,#7631);
#7625 = PRODUCT_DEFINITION_SHAPE('','',#7626);
#7626 = PRODUCT_DEFINITION('design','',#7627,#7630);
#7627 = PRODUCT_DEFINITION_FORMATION('','',#7628);
#7628 = PRODUCT('SOLID','SOLID','',(#7629));
#7629 = PRODUCT_CONTEXT('',#2,'mechanical');
#7630 = PRODUCT_DEFINITION_CONTEXT('part definition',#2,'design');
#7631 = ADVANCED_BREP_SHAPE_REPRESENTATION('',(#11,#7632),#7730);
#7632 = MANIFOLD_SOLID_BREP('',#7633);
#7633 = CLOSED_SHELL('',(#7634,#7722,#7726));
#7634 = ADVANCED_FACE('',(#7635),#7648,.T.);
#7635 = FACE_BOUND('',#7636,.T.);
#7636 = EDGE_LOOP('',(#7637,#7671,#7694,#7721));
#7637 = ORIENTED_EDGE('',*,*,#7638,.F.);
#7638 = EDGE_CURVE('',#7639,#7639,#7641,.T.);
#7639 = VERTEX_POINT('',#7640);
#7640 = CARTESIAN_POINT('',(10.,-2.449293598295E-15,241.23847122712));
#7641 = SURFACE_CURVE('',#7642,(#7647,#7659),.PCURVE_S1.);
#7642 = CIRCLE('',#7643,10.);
#7643 = AXIS2_PLACEMENT_3D('',#7644,#7645,#7646);
#7644 = CARTESIAN_POINT('',(0.,0.,241.23847122712));
#7645 = DIRECTION('',(0.,0.,1.));
#7646 = DIRECTION('',(1.,0.,-0.));
#7647 = PCURVE('',#7648,#7653);
#7648 = CYLINDRICAL_SURFACE('',#7649,10.);
#7649 = AXIS2_PLACEMENT_3D('',#7650,#7651,#7652);
#7650 = CARTESIAN_POINT('',(0.,0.,0.));
#7651 = DIRECTION('',(0.,0.,1.));
#7652 = DIRECTION('',(1.,0.,-0.));
#7653 = DEFINITIONAL_REPRESENTATION('',(#7654),#7658);
#7654 = LINE('',#7655,#7656);
#7655 = CARTESIAN_POINT('',(0.,241.23847122712));
#7656 = VECTOR('',#7657,1.);
#7657 = DIRECTION('',(1.,0.));
#7658 = ( GEOMETRIC_REPRESENTATION_CONTEXT(2) 
PARAMETRIC_REPRESENTATION_CONTEXT() REPRESENTATION_CONTEXT('2D SPACE',''
  ) );
#7659 = PCURVE('',#7660,#7665);
#7660 = PLANE('',#7661);
#7661 = AXIS2_PLACEMENT_3D('',#7662,#7663,#7664);
#7662 = CARTESIAN_POINT('',(0.,0.,241.23847122712));
#7663 = DIRECTION('',(0.,0.,1.));
#7664 = DIRECTION('',(1.,0.,-0.));
#7665 = DEFINITIONAL_REPRESENTATION('',(#7666),#7670);
#7666 = CIRCLE('',#7667,10.);
#7667 = AXIS2_PLACEMENT_2D('',#7668,#7669);
#7668 = CARTESIAN_POINT('',(0.,0.));
#7669 = DIRECTION('',(1.,0.));
#7670 = ( GEOMETRIC_REPRESENTATION_CONTEXT(2) 
PARAMETRIC_REPRESENTATION_CONTEXT() REPRESENTATION_CONTEXT('2D SPACE',''
  ) );
#7671 = ORIENTED_EDGE('',*,*,#7672,.F.);
#7672 = EDGE_CURVE('',#7673,#7639,#7675,.T.);
#7673 = VERTEX_POINT('',#7674);
#7674 = CARTESIAN_POINT('',(10.,-2.449293598295E-15,0.));
#7675 = SEAM_CURVE('',#7676,(#7680,#7687),.PCURVE_S1.);
#7676 = LINE('',#7677,#7678);
#7677 = CARTESIAN_POINT('',(10.,-2.449293598295E-15,0.));
#7678 = VECTOR('',#7679,1.);
#7679 = DIRECTION('',(0.,0.,1.));
#7680 = PCURVE('',#7648,#7681);
#7681 = DEFINITIONAL_REPRESENTATION('',(#7682),#7686);
#7682 = LINE('',#7683,#7684);
#7683 = CARTESIAN_POINT('',(6.28318530718,-0.));
#7684 = VECTOR('',#7685,1.);
#7685 = DIRECTION('',(0.,1.));
#7686 = ( GEOMETRIC_REPRESENTATION_CONTEXT(2) 
PARAMETRIC_REPRESENTATION_CONTEXT() REPRESENTATION_CONTEXT('2D SPACE',''
  ) );
#7687 = PCURVE('',#7648,#7688);
#7688 = DEFINITIONAL_REPRESENTATION('',(#7689),#7693);
#7689 = LINE('',#7690,#7691);
#7690 = CARTESIAN_POINT('',(0.,-0.));
#7691 = VECTOR('',#7692,1.);
#7692 = DIRECTION('',(0.,1.));
#7693 = ( GEOMETRIC_REPRESENTATION_CONTEXT(2) 
PARAMETRIC_REPRESENTATION_CONTEXT() REPRESENTATION_CONTEXT('2D SPACE',''
  ) );
#7694 = ORIENTED_EDGE('',*,*,#7695,.T.);
#7695 = EDGE_CURVE('',#7673,#7673,#7696,.T.);
#7696 = SURFACE_CURVE('',#7697,(#7702,#7709),.PCURVE_S1.);
#7697 = CIRCLE('',#7698,10.);
#7698 = AXIS2_PLACEMENT_3D('',#7699,#7700,#7701);
#7699 = CARTESIAN_POINT('',(0.,0.,0.));
#7700 = DIRECTION('',(0.,0.,1.));
#7701 = DIRECTION('',(1.,0.,-0.));
#7702 = PCURVE('',#7648,#7703);
#7703 = DEFINITIONAL_REPRESENTATION('',(#7704),#7708);
#7704 = LINE('',#7705,#7706);
#7705 = CARTESIAN_POINT('',(0.,0.));
#7706 = VECTOR('',#7707,1.);
#7707 = DIRECTION('',(1.,0.));
#7708 = ( GEOMETRIC_REPRESENTATION_CONTEXT(2) 
PARAMETRIC_REPRESENTATION_CONTEXT() REPRESENTATION_CONTEXT('2D SPACE',''
  ) );
#7709 = PCURVE('',#7710,#7715);
#7710 = PLANE('',#7711);
#7711 = AXIS2_PLACEMENT_3D('',#7712,#7713,#7714);
#7712 = CARTESIAN_POINT('',(0.,0.,0.));
#7713 = DIRECTION('',(0.,0.,1.));
#7714 = DIRECTION('',(1.,0.,-0.));
#7715 = DEFINITIONAL_REPRESENTATION('',(#7716),#7720);
#7716 = CIRCLE('',#7717,10.);
#7717 = AXIS2_PLACEMENT_2D('',#7718,#7719);
#7718 = CARTESIAN_POINT('',(0.,0.));
#7719 = DIRECTION('',(1.,0.));
#7720 = ( GEOMETRIC_REPRESENTATION_CONTEXT(2) 
PARAMETRIC_REPRESENTATION_CONTEXT() REPRESENTATION_CONTEXT('2D SPACE',''
  ) );
#7721 = ORIENTED_EDGE('',*,*,#7672,.T.);
#7722 = ADVANCED_FACE('',(#7723),#7660,.T.);
#7723 = FACE_BOUND('',#7724,.T.);
#7724 = EDGE_LOOP('',(#7725));
#7725 = ORIENTED_EDGE('',*,*,#7638,.T.);
#7726 = ADVANCED_FACE('',(#7727),#7710,.F.);
#7727 = FACE_BOUND('',#7728,.T.);
#7728 = EDGE_LOOP('',(#7729));
#7729 = ORIENTED_EDGE('',*,*,#7695,.F.);
#7730 = ( GEOMETRIC_REPRESENTATION_CONTEXT(3) 
GLOBAL_UNCERTAINTY_ASSIGNED_CONTEXT((#7734)) 
GLOBAL_UNIT_ASSIGNED_CONTEXT((#7731,#7732,#7733)) REPRESENTATION_CONTEXT
('Context #1','3D Context with UNIT and UNCERTAINTY') );
#7731 = ( LENGTH_UNIT() NAMED_UNIT(*) SI_UNIT(.MILLI.,.METRE.) );
#7732 = ( NAMED_UNIT(*) PLANE_ANGLE_UNIT() SI_UNIT($,.RADIAN.) );
#7733 = ( NAMED_UNIT(*) SI_UNIT($,.STERADIAN.) SOLID_ANGLE_UNIT() );
#7734 = UNCERTAINTY_MEASURE_WITH_UNIT(LENGTH_MEASURE(1.E-07),#7731,
  'distance_accuracy_value','confusion accuracy');
#7735 = CONTEXT_DEPENDENT_SHAPE_REPRESENTATION(#7736,#7738);
#7736 = ( REPRESENTATION_RELATIONSHIP('','',#7631,#7608) 
REPRESENTATION_RELATIONSHIP_WITH_TRANSFORMATION(#7737) 
SHAPE_REPRESENTATION_RELATIONSHIP() );
#7737 = ITEM_DEFINED_TRANSFORMATION('','',#11,#7609);
#7738 = PRODUCT_DEFINITION_SHAPE('Placement','Placement of an item',
  #7739);
#7739 = NEXT_ASSEMBLY_USAGE_OCCURRENCE('147','=>[0:1:1:77]','',#7603,
  #7626,$);
#7740 = PRODUCT_RELATED_PRODUCT_CATEGORY('part',$,(#7628));
#7741 = SHAPE_DEFINITION_REPRESENTATION(#7742,#7748);
#7742 = PRODUCT_DEFINITION_SHAPE('','',#7743);
#7743 = PRODUCT_DEFINITION('design','',#7744,#7747);
#7744 = PRODUCT_DEFINITION_FORMATION('','',#7745);
#7745 = PRODUCT('right_integrated_lower_leg_damper_placeholder',
  'right_integrated_lower_leg_damper_placeholder','',(#7746));
#7746 = PRODUCT_CONTEXT('',#2,'mechanical');
#7747 = PRODUCT_DEFINITION_CONTEXT('part definition',#2,'design');
#7748 = SHAPE_REPRESENTATION('',(#11,#7749),#7753);
#7749 = AXIS2_PLACEMENT_3D('',#7750,#7751,#7752);
#7750 = CARTESIAN_POINT('',(0.,0.,-132.6885450971));
#7751 = DIRECTION('',(0.,0.,1.));
#7752 = DIRECTION('',(1.,0.,0.));
#7753 = ( GEOMETRIC_REPRESENTATION_CONTEXT(3) 
GLOBAL_UNCERTAINTY_ASSIGNED_CONTEXT((#7757)) 
GLOBAL_UNIT_ASSIGNED_CONTEXT((#7754,#7755,#7756)) REPRESENTATION_CONTEXT
('Context #1','3D Context with UNIT and UNCERTAINTY') );
#7754 = ( LENGTH_UNIT() NAMED_UNIT(*) SI_UNIT(.MILLI.,.METRE.) );
#7755 = ( NAMED_UNIT(*) PLANE_ANGLE_UNIT() SI_UNIT($,.RADIAN.) );
#7756 = ( NAMED_UNIT(*) SI_UNIT($,.STERADIAN.) SOLID_ANGLE_UNIT() );
#7757 = UNCERTAINTY_MEASURE_WITH_UNIT(LENGTH_MEASURE(1.E-07),#7754,
  'distance_accuracy_value','confusion accuracy');
#7758 = CONTEXT_DEPENDENT_SHAPE_REPRESENTATION(#7759,#7761);
#7759 = ( REPRESENTATION_RELATIONSHIP('','',#7748,#10) 
REPRESENTATION_RELATIONSHIP_WITH_TRANSFORMATION(#7760) 
SHAPE_REPRESENTATION_RELATIONSHIP() );
#7760 = ITEM_DEFINED_TRANSFORMATION('','',#11,#167);
#7761 = PRODUCT_DEFINITION_SHAPE('Placement','Placement of an item',
  #7762);
#7762 = NEXT_ASSEMBLY_USAGE_OCCURRENCE('150','=>[0:1:1:78]','',#5,#7743,
  $);
#7763 = PRODUCT_RELATED_PRODUCT_CATEGORY('part',$,(#7745));
#7764 = SHAPE_DEFINITION_REPRESENTATION(#7765,#7771);
#7765 = PRODUCT_DEFINITION_SHAPE('','',#7766);
#7766 = PRODUCT_DEFINITION('design','',#7767,#7770);
#7767 = PRODUCT_DEFINITION_FORMATION('','',#7768);
#7768 = PRODUCT('SOLID','SOLID','',(#7769));
#7769 = PRODUCT_CONTEXT('',#2,'mechanical');
#7770 = PRODUCT_DEFINITION_CONTEXT('part definition',#2,'design');
#7771 = ADVANCED_BREP_SHAPE_REPRESENTATION('',(#11,#7772),#7870);
#7772 = MANIFOLD_SOLID_BREP('',#7773);
#7773 = CLOSED_SHELL('',(#7774,#7862,#7866));
#7774 = ADVANCED_FACE('',(#7775),#7788,.T.);
#7775 = FACE_BOUND('',#7776,.T.);
#7776 = EDGE_LOOP('',(#7777,#7811,#7834,#7861));
#7777 = ORIENTED_EDGE('',*,*,#7778,.F.);
#7778 = EDGE_CURVE('',#7779,#7779,#7781,.T.);
#7779 = VERTEX_POINT('',#7780);
#7780 = CARTESIAN_POINT('',(8.,-1.959434878636E-15,265.37709019431));
#7781 = SURFACE_CURVE('',#7782,(#7787,#7799),.PCURVE_S1.);
#7782 = CIRCLE('',#7783,8.);
#7783 = AXIS2_PLACEMENT_3D('',#7784,#7785,#7786);
#7784 = CARTESIAN_POINT('',(0.,0.,265.37709019431));
#7785 = DIRECTION('',(0.,0.,1.));
#7786 = DIRECTION('',(1.,0.,-0.));
#7787 = PCURVE('',#7788,#7793);
#7788 = CYLINDRICAL_SURFACE('',#7789,8.);
#7789 = AXIS2_PLACEMENT_3D('',#7790,#7791,#7792);
#7790 = CARTESIAN_POINT('',(0.,0.,0.));
#7791 = DIRECTION('',(0.,0.,1.));
#7792 = DIRECTION('',(1.,0.,-0.));
#7793 = DEFINITIONAL_REPRESENTATION('',(#7794),#7798);
#7794 = LINE('',#7795,#7796);
#7795 = CARTESIAN_POINT('',(0.,265.37709019431));
#7796 = VECTOR('',#7797,1.);
#7797 = DIRECTION('',(1.,0.));
#7798 = ( GEOMETRIC_REPRESENTATION_CONTEXT(2) 
PARAMETRIC_REPRESENTATION_CONTEXT() REPRESENTATION_CONTEXT('2D SPACE',''
  ) );
#7799 = PCURVE('',#7800,#7805);
#7800 = PLANE('',#7801);
#7801 = AXIS2_PLACEMENT_3D('',#7802,#7803,#7804);
#7802 = CARTESIAN_POINT('',(0.,0.,265.37709019431));
#7803 = DIRECTION('',(0.,0.,1.));
#7804 = DIRECTION('',(1.,0.,-0.));
#7805 = DEFINITIONAL_REPRESENTATION('',(#7806),#7810);
#7806 = CIRCLE('',#7807,8.);
#7807 = AXIS2_PLACEMENT_2D('',#7808,#7809);
#7808 = CARTESIAN_POINT('',(0.,0.));
#7809 = DIRECTION('',(1.,0.));
#7810 = ( GEOMETRIC_REPRESENTATION_CONTEXT(2) 
PARAMETRIC_REPRESENTATION_CONTEXT() REPRESENTATION_CONTEXT('2D SPACE',''
  ) );
#7811 = ORIENTED_EDGE('',*,*,#7812,.F.);
#7812 = EDGE_CURVE('',#7813,#7779,#7815,.T.);
#7813 = VERTEX_POINT('',#7814);
#7814 = CARTESIAN_POINT('',(8.,-1.959434878636E-15,0.));
#7815 = SEAM_CURVE('',#7816,(#7820,#7827),.PCURVE_S1.);
#7816 = LINE('',#7817,#7818);
#7817 = CARTESIAN_POINT('',(8.,-1.959434878636E-15,0.));
#7818 = VECTOR('',#7819,1.);
#7819 = DIRECTION('',(0.,0.,1.));
#7820 = PCURVE('',#7788,#7821);
#7821 = DEFINITIONAL_REPRESENTATION('',(#7822),#7826);
#7822 = LINE('',#7823,#7824);
#7823 = CARTESIAN_POINT('',(6.28318530718,-0.));
#7824 = VECTOR('',#7825,1.);
#7825 = DIRECTION('',(0.,1.));
#7826 = ( GEOMETRIC_REPRESENTATION_CONTEXT(2) 
PARAMETRIC_REPRESENTATION_CONTEXT() REPRESENTATION_CONTEXT('2D SPACE',''
  ) );
#7827 = PCURVE('',#7788,#7828);
#7828 = DEFINITIONAL_REPRESENTATION('',(#7829),#7833);
#7829 = LINE('',#7830,#7831);
#7830 = CARTESIAN_POINT('',(0.,-0.));
#7831 = VECTOR('',#7832,1.);
#7832 = DIRECTION('',(0.,1.));
#7833 = ( GEOMETRIC_REPRESENTATION_CONTEXT(2) 
PARAMETRIC_REPRESENTATION_CONTEXT() REPRESENTATION_CONTEXT('2D SPACE',''
  ) );
#7834 = ORIENTED_EDGE('',*,*,#7835,.T.);
#7835 = EDGE_CURVE('',#7813,#7813,#7836,.T.);
#7836 = SURFACE_CURVE('',#7837,(#7842,#7849),.PCURVE_S1.);
#7837 = CIRCLE('',#7838,8.);
#7838 = AXIS2_PLACEMENT_3D('',#7839,#7840,#7841);
#7839 = CARTESIAN_POINT('',(0.,0.,0.));
#7840 = DIRECTION('',(0.,0.,1.));
#7841 = DIRECTION('',(1.,0.,-0.));
#7842 = PCURVE('',#7788,#7843);
#7843 = DEFINITIONAL_REPRESENTATION('',(#7844),#7848);
#7844 = LINE('',#7845,#7846);
#7845 = CARTESIAN_POINT('',(0.,0.));
#7846 = VECTOR('',#7847,1.);
#7847 = DIRECTION('',(1.,0.));
#7848 = ( GEOMETRIC_REPRESENTATION_CONTEXT(2) 
PARAMETRIC_REPRESENTATION_CONTEXT() REPRESENTATION_CONTEXT('2D SPACE',''
  ) );
#7849 = PCURVE('',#7850,#7855);
#7850 = PLANE('',#7851);
#7851 = AXIS2_PLACEMENT_3D('',#7852,#7853,#7854);
#7852 = CARTESIAN_POINT('',(0.,0.,0.));
#7853 = DIRECTION('',(0.,0.,1.));
#7854 = DIRECTION('',(1.,0.,-0.));
#7855 = DEFINITIONAL_REPRESENTATION('',(#7856),#7860);
#7856 = CIRCLE('',#7857,8.);
#7857 = AXIS2_PLACEMENT_2D('',#7858,#7859);
#7858 = CARTESIAN_POINT('',(0.,0.));
#7859 = DIRECTION('',(1.,0.));
#7860 = ( GEOMETRIC_REPRESENTATION_CONTEXT(2) 
PARAMETRIC_REPRESENTATION_CONTEXT() REPRESENTATION_CONTEXT('2D SPACE',''
  ) );
#7861 = ORIENTED_EDGE('',*,*,#7812,.T.);
#7862 = ADVANCED_FACE('',(#7863),#7800,.T.);
#7863 = FACE_BOUND('',#7864,.T.);
#7864 = EDGE_LOOP('',(#7865));
#7865 = ORIENTED_EDGE('',*,*,#7778,.T.);
#7866 = ADVANCED_FACE('',(#7867),#7850,.F.);
#7867 = FACE_BOUND('',#7868,.T.);
#7868 = EDGE_LOOP('',(#7869));
#7869 = ORIENTED_EDGE('',*,*,#7835,.F.);
#7870 = ( GEOMETRIC_REPRESENTATION_CONTEXT(3) 
GLOBAL_UNCERTAINTY_ASSIGNED_CONTEXT((#7874)) 
GLOBAL_UNIT_ASSIGNED_CONTEXT((#7871,#7872,#7873)) REPRESENTATION_CONTEXT
('Context #1','3D Context with UNIT and UNCERTAINTY') );
#7871 = ( LENGTH_UNIT() NAMED_UNIT(*) SI_UNIT(.MILLI.,.METRE.) );
#7872 = ( NAMED_UNIT(*) PLANE_ANGLE_UNIT() SI_UNIT($,.RADIAN.) );
#7873 = ( NAMED_UNIT(*) SI_UNIT($,.STERADIAN.) SOLID_ANGLE_UNIT() );
#7874 = UNCERTAINTY_MEASURE_WITH_UNIT(LENGTH_MEASURE(1.E-07),#7871,
  'distance_accuracy_value','confusion accuracy');
#7875 = CONTEXT_DEPENDENT_SHAPE_REPRESENTATION(#7876,#7878);
#7876 = ( REPRESENTATION_RELATIONSHIP('','',#7771,#7748) 
REPRESENTATION_RELATIONSHIP_WITH_TRANSFORMATION(#7877) 
SHAPE_REPRESENTATION_RELATIONSHIP() );
#7877 = ITEM_DEFINED_TRANSFORMATION('','',#11,#7749);
#7878 = PRODUCT_DEFINITION_SHAPE('Placement','Placement of an item',
  #7879);
#7879 = NEXT_ASSEMBLY_USAGE_OCCURRENCE('149','=>[0:1:1:79]','',#7743,
  #7766,$);
#7880 = PRODUCT_RELATED_PRODUCT_CATEGORY('part',$,(#7768));
#7881 = SHAPE_DEFINITION_REPRESENTATION(#7882,#7888);
#7882 = PRODUCT_DEFINITION_SHAPE('','',#7883);
#7883 = PRODUCT_DEFINITION('design','',#7884,#7887);
#7884 = PRODUCT_DEFINITION_FORMATION('','',#7885);
#7885 = PRODUCT('right_integrated_upper_leg_damper_placeholder',
  'right_integrated_upper_leg_damper_placeholder','',(#7886));
#7886 = PRODUCT_CONTEXT('',#2,'mechanical');
#7887 = PRODUCT_DEFINITION_CONTEXT('part definition',#2,'design');
#7888 = SHAPE_REPRESENTATION('',(#11,#7889),#7893);
#7889 = AXIS2_PLACEMENT_3D('',#7890,#7891,#7892);
#7890 = CARTESIAN_POINT('',(0.,0.,-119.5794714823));
#7891 = DIRECTION('',(0.,0.,1.));
#7892 = DIRECTION('',(1.,0.,0.));
#7893 = ( GEOMETRIC_REPRESENTATION_CONTEXT(3) 
GLOBAL_UNCERTAINTY_ASSIGNED_CONTEXT((#7897)) 
GLOBAL_UNIT_ASSIGNED_CONTEXT((#7894,#7895,#7896)) REPRESENTATION_CONTEXT
('Context #1','3D Context with UNIT and UNCERTAINTY') );
#7894 = ( LENGTH_UNIT() NAMED_UNIT(*) SI_UNIT(.MILLI.,.METRE.) );
#7895 = ( NAMED_UNIT(*) PLANE_ANGLE_UNIT() SI_UNIT($,.RADIAN.) );
#7896 = ( NAMED_UNIT(*) SI_UNIT($,.STERADIAN.) SOLID_ANGLE_UNIT() );
#7897 = UNCERTAINTY_MEASURE_WITH_UNIT(LENGTH_MEASURE(1.E-07),#7894,
  'distance_accuracy_value','confusion accuracy');
#7898 = CONTEXT_DEPENDENT_SHAPE_REPRESENTATION(#7899,#7901);
#7899 = ( REPRESENTATION_RELATIONSHIP('','',#7888,#10) 
REPRESENTATION_RELATIONSHIP_WITH_TRANSFORMATION(#7900) 
SHAPE_REPRESENTATION_RELATIONSHIP() );
#7900 = ITEM_DEFINED_TRANSFORMATION('','',#11,#171);
#7901 = PRODUCT_DEFINITION_SHAPE('Placement','Placement of an item',
  #7902);
#7902 = NEXT_ASSEMBLY_USAGE_OCCURRENCE('152','=>[0:1:1:80]','',#5,#7883,
  $);
#7903 = PRODUCT_RELATED_PRODUCT_CATEGORY('part',$,(#7885));
#7904 = SHAPE_DEFINITION_REPRESENTATION(#7905,#7911);
#7905 = PRODUCT_DEFINITION_SHAPE('','',#7906);
#7906 = PRODUCT_DEFINITION('design','',#7907,#7910);
#7907 = PRODUCT_DEFINITION_FORMATION('','',#7908);
#7908 = PRODUCT('SOLID','SOLID','',(#7909));
#7909 = PRODUCT_CONTEXT('',#2,'mechanical');
#7910 = PRODUCT_DEFINITION_CONTEXT('part definition',#2,'design');
#7911 = ADVANCED_BREP_SHAPE_REPRESENTATION('',(#11,#7912),#8010);
#7912 = MANIFOLD_SOLID_BREP('',#7913);
#7913 = CLOSED_SHELL('',(#7914,#8002,#8006));
#7914 = ADVANCED_FACE('',(#7915),#7928,.T.);
#7915 = FACE_BOUND('',#7916,.T.);
#7916 = EDGE_LOOP('',(#7917,#7951,#7974,#8001));
#7917 = ORIENTED_EDGE('',*,*,#7918,.F.);
#7918 = EDGE_CURVE('',#7919,#7919,#7921,.T.);
#7919 = VERTEX_POINT('',#7920);
#7920 = CARTESIAN_POINT('',(8.,-1.959434878636E-15,239.15894296471));
#7921 = SURFACE_CURVE('',#7922,(#7927,#7939),.PCURVE_S1.);
#7922 = CIRCLE('',#7923,8.);
#7923 = AXIS2_PLACEMENT_3D('',#7924,#7925,#7926);
#7924 = CARTESIAN_POINT('',(0.,0.,239.15894296471));
#7925 = DIRECTION('',(0.,0.,1.));
#7926 = DIRECTION('',(1.,0.,-0.));
#7927 = PCURVE('',#7928,#7933);
#7928 = CYLINDRICAL_SURFACE('',#7929,8.);
#7929 = AXIS2_PLACEMENT_3D('',#7930,#7931,#7932);
#7930 = CARTESIAN_POINT('',(0.,0.,0.));
#7931 = DIRECTION('',(0.,0.,1.));
#7932 = DIRECTION('',(1.,0.,-0.));
#7933 = DEFINITIONAL_REPRESENTATION('',(#7934),#7938);
#7934 = LINE('',#7935,#7936);
#7935 = CARTESIAN_POINT('',(0.,239.15894296471));
#7936 = VECTOR('',#7937,1.);
#7937 = DIRECTION('',(1.,0.));
#7938 = ( GEOMETRIC_REPRESENTATION_CONTEXT(2) 
PARAMETRIC_REPRESENTATION_CONTEXT() REPRESENTATION_CONTEXT('2D SPACE',''
  ) );
#7939 = PCURVE('',#7940,#7945);
#7940 = PLANE('',#7941);
#7941 = AXIS2_PLACEMENT_3D('',#7942,#7943,#7944);
#7942 = CARTESIAN_POINT('',(0.,0.,239.15894296471));
#7943 = DIRECTION('',(0.,0.,1.));
#7944 = DIRECTION('',(1.,0.,-0.));
#7945 = DEFINITIONAL_REPRESENTATION('',(#7946),#7950);
#7946 = CIRCLE('',#7947,8.);
#7947 = AXIS2_PLACEMENT_2D('',#7948,#7949);
#7948 = CARTESIAN_POINT('',(0.,0.));
#7949 = DIRECTION('',(1.,0.));
#7950 = ( GEOMETRIC_REPRESENTATION_CONTEXT(2) 
PARAMETRIC_REPRESENTATION_CONTEXT() REPRESENTATION_CONTEXT('2D SPACE',''
  ) );
#7951 = ORIENTED_EDGE('',*,*,#7952,.F.);
#7952 = EDGE_CURVE('',#7953,#7919,#7955,.T.);
#7953 = VERTEX_POINT('',#7954);
#7954 = CARTESIAN_POINT('',(8.,-1.959434878636E-15,0.));
#7955 = SEAM_CURVE('',#7956,(#7960,#7967),.PCURVE_S1.);
#7956 = LINE('',#7957,#7958);
#7957 = CARTESIAN_POINT('',(8.,-1.959434878636E-15,0.));
#7958 = VECTOR('',#7959,1.);
#7959 = DIRECTION('',(0.,0.,1.));
#7960 = PCURVE('',#7928,#7961);
#7961 = DEFINITIONAL_REPRESENTATION('',(#7962),#7966);
#7962 = LINE('',#7963,#7964);
#7963 = CARTESIAN_POINT('',(6.28318530718,-0.));
#7964 = VECTOR('',#7965,1.);
#7965 = DIRECTION('',(0.,1.));
#7966 = ( GEOMETRIC_REPRESENTATION_CONTEXT(2) 
PARAMETRIC_REPRESENTATION_CONTEXT() REPRESENTATION_CONTEXT('2D SPACE',''
  ) );
#7967 = PCURVE('',#7928,#7968);
#7968 = DEFINITIONAL_REPRESENTATION('',(#7969),#7973);
#7969 = LINE('',#7970,#7971);
#7970 = CARTESIAN_POINT('',(0.,-0.));
#7971 = VECTOR('',#7972,1.);
#7972 = DIRECTION('',(0.,1.));
#7973 = ( GEOMETRIC_REPRESENTATION_CONTEXT(2) 
PARAMETRIC_REPRESENTATION_CONTEXT() REPRESENTATION_CONTEXT('2D SPACE',''
  ) );
#7974 = ORIENTED_EDGE('',*,*,#7975,.T.);
#7975 = EDGE_CURVE('',#7953,#7953,#7976,.T.);
#7976 = SURFACE_CURVE('',#7977,(#7982,#7989),.PCURVE_S1.);
#7977 = CIRCLE('',#7978,8.);
#7978 = AXIS2_PLACEMENT_3D('',#7979,#7980,#7981);
#7979 = CARTESIAN_POINT('',(0.,0.,0.));
#7980 = DIRECTION('',(0.,0.,1.));
#7981 = DIRECTION('',(1.,0.,-0.));
#7982 = PCURVE('',#7928,#7983);
#7983 = DEFINITIONAL_REPRESENTATION('',(#7984),#7988);
#7984 = LINE('',#7985,#7986);
#7985 = CARTESIAN_POINT('',(0.,0.));
#7986 = VECTOR('',#7987,1.);
#7987 = DIRECTION('',(1.,0.));
#7988 = ( GEOMETRIC_REPRESENTATION_CONTEXT(2) 
PARAMETRIC_REPRESENTATION_CONTEXT() REPRESENTATION_CONTEXT('2D SPACE',''
  ) );
#7989 = PCURVE('',#7990,#7995);
#7990 = PLANE('',#7991);
#7991 = AXIS2_PLACEMENT_3D('',#7992,#7993,#7994);
#7992 = CARTESIAN_POINT('',(0.,0.,0.));
#7993 = DIRECTION('',(0.,0.,1.));
#7994 = DIRECTION('',(1.,0.,-0.));
#7995 = DEFINITIONAL_REPRESENTATION('',(#7996),#8000);
#7996 = CIRCLE('',#7997,8.);
#7997 = AXIS2_PLACEMENT_2D('',#7998,#7999);
#7998 = CARTESIAN_POINT('',(0.,0.));
#7999 = DIRECTION('',(1.,0.));
#8000 = ( GEOMETRIC_REPRESENTATION_CONTEXT(2) 
PARAMETRIC_REPRESENTATION_CONTEXT() REPRESENTATION_CONTEXT('2D SPACE',''
  ) );
#8001 = ORIENTED_EDGE('',*,*,#7952,.T.);
#8002 = ADVANCED_FACE('',(#8003),#7940,.T.);
#8003 = FACE_BOUND('',#8004,.T.);
#8004 = EDGE_LOOP('',(#8005));
#8005 = ORIENTED_EDGE('',*,*,#7918,.T.);
#8006 = ADVANCED_FACE('',(#8007),#7990,.F.);
#8007 = FACE_BOUND('',#8008,.T.);
#8008 = EDGE_LOOP('',(#8009));
#8009 = ORIENTED_EDGE('',*,*,#7975,.F.);
#8010 = ( GEOMETRIC_REPRESENTATION_CONTEXT(3) 
GLOBAL_UNCERTAINTY_ASSIGNED_CONTEXT((#8014)) 
GLOBAL_UNIT_ASSIGNED_CONTEXT((#8011,#8012,#8013)) REPRESENTATION_CONTEXT
('Context #1','3D Context with UNIT and UNCERTAINTY') );
#8011 = ( LENGTH_UNIT() NAMED_UNIT(*) SI_UNIT(.MILLI.,.METRE.) );
#8012 = ( NAMED_UNIT(*) PLANE_ANGLE_UNIT() SI_UNIT($,.RADIAN.) );
#8013 = ( NAMED_UNIT(*) SI_UNIT($,.STERADIAN.) SOLID_ANGLE_UNIT() );
#8014 = UNCERTAINTY_MEASURE_WITH_UNIT(LENGTH_MEASURE(1.E-07),#8011,
  'distance_accuracy_value','confusion accuracy');
#8015 = CONTEXT_DEPENDENT_SHAPE_REPRESENTATION(#8016,#8018);
#8016 = ( REPRESENTATION_RELATIONSHIP('','',#7911,#7888) 
REPRESENTATION_RELATIONSHIP_WITH_TRANSFORMATION(#8017) 
SHAPE_REPRESENTATION_RELATIONSHIP() );
#8017 = ITEM_DEFINED_TRANSFORMATION('','',#11,#7889);
#8018 = PRODUCT_DEFINITION_SHAPE('Placement','Placement of an item',
  #8019);
#8019 = NEXT_ASSEMBLY_USAGE_OCCURRENCE('151','=>[0:1:1:81]','',#7883,
  #7906,$);
#8020 = PRODUCT_RELATED_PRODUCT_CATEGORY('part',$,(#7908));
#8021 = MECHANICAL_DESIGN_GEOMETRIC_PRESENTATION_REPRESENTATION('',(
    #8022),#6194);
#8022 = STYLED_ITEM('color',(#8023),#6096);
#8023 = PRESENTATION_STYLE_ASSIGNMENT((#8024));
#8024 = SURFACE_STYLE_USAGE(.BOTH.,#8025);
#8025 = SURFACE_SIDE_STYLE('',(#8026));
#8026 = SURFACE_STYLE_FILL_AREA(#8027);
#8027 = FILL_AREA_STYLE('',(#8028));
#8028 = FILL_AREA_STYLE_COLOUR('',#8029);
#8029 = COLOUR_RGB('',0.436627062838,0.449203874658,0.449203874658);
#8030 = MECHANICAL_DESIGN_GEOMETRIC_PRESENTATION_REPRESENTATION('',(
    #8031),#2786);
#8031 = STYLED_ITEM('color',(#8032),#2456);
#8032 = PRESENTATION_STYLE_ASSIGNMENT((#8033));
#8033 = SURFACE_STYLE_USAGE(.BOTH.,#8034);
#8034 = SURFACE_SIDE_STYLE('',(#8035));
#8035 = SURFACE_STYLE_FILL_AREA(#8036);
#8036 = FILL_AREA_STYLE('',(#8037));
#8037 = FILL_AREA_STYLE_COLOUR('',#8038);
#8038 = COLOUR_RGB('',0.303532057365,0.309439308976,0.313304153717);
#8039 = MECHANICAL_DESIGN_GEOMETRIC_PRESENTATION_REPRESENTATION('',(
    #8040),#3670);
#8040 = STYLED_ITEM('color',(#8041),#3572);
#8041 = PRESENTATION_STYLE_ASSIGNMENT((#8042));
#8042 = SURFACE_STYLE_USAGE(.BOTH.,#8043);
#8043 = SURFACE_SIDE_STYLE('',(#8044));
#8044 = SURFACE_STYLE_FILL_AREA(#8045);
#8045 = FILL_AREA_STYLE('',(#8046));
#8046 = FILL_AREA_STYLE_COLOUR('',#8029);
#8047 = MECHANICAL_DESIGN_GEOMETRIC_PRESENTATION_REPRESENTATION('',(
    #8048),#4650);
#8048 = STYLED_ITEM('color',(#8049),#4552);
#8049 = PRESENTATION_STYLE_ASSIGNMENT((#8050));
#8050 = SURFACE_STYLE_USAGE(.BOTH.,#8051);
#8051 = SURFACE_SIDE_STYLE('',(#8052));
#8052 = SURFACE_STYLE_FILL_AREA(#8053);
#8053 = FILL_AREA_STYLE('',(#8054));
#8054 = FILL_AREA_STYLE_COLOUR('',#8055);
#8055 = COLOUR_RGB('',0.815250645058,0.820979840171,0.809468152636);
#8056 = MECHANICAL_DESIGN_GEOMETRIC_PRESENTATION_REPRESENTATION('',(
    #8057),#4090);
#8057 = STYLED_ITEM('color',(#8058),#3992);
#8058 = PRESENTATION_STYLE_ASSIGNMENT((#8059));
#8059 = SURFACE_STYLE_USAGE(.BOTH.,#8060);
#8060 = SURFACE_SIDE_STYLE('',(#8061));
#8061 = SURFACE_STYLE_FILL_AREA(#8062);
#8062 = FILL_AREA_STYLE('',(#8063));
#8063 = FILL_AREA_STYLE_COLOUR('',#8029);
#8064 = MECHANICAL_DESIGN_GEOMETRIC_PRESENTATION_REPRESENTATION('',(
    #8065),#2414);
#8065 = STYLED_ITEM('color',(#8066),#2316);
#8066 = PRESENTATION_STYLE_ASSIGNMENT((#8067));
#8067 = SURFACE_STYLE_USAGE(.BOTH.,#8068);
#8068 = SURFACE_SIDE_STYLE('',(#8069));
#8069 = SURFACE_STYLE_FILL_AREA(#8070);
#8070 = FILL_AREA_STYLE('',(#8071));
#8071 = FILL_AREA_STYLE_COLOUR('',#8029);
#8072 = MECHANICAL_DESIGN_GEOMETRIC_PRESENTATION_REPRESENTATION('',(
    #8073),#5774);
#8073 = STYLED_ITEM('color',(#8074),#5676);
#8074 = PRESENTATION_STYLE_ASSIGNMENT((#8075));
#8075 = SURFACE_STYLE_USAGE(.BOTH.,#8076);
#8076 = SURFACE_SIDE_STYLE('',(#8077));
#8077 = SURFACE_STYLE_FILL_AREA(#8078);
#8078 = FILL_AREA_STYLE('',(#8079));
#8079 = FILL_AREA_STYLE_COLOUR('',#8029);
#8080 = MECHANICAL_DESIGN_GEOMETRIC_PRESENTATION_REPRESENTATION('',(
    #8081),#1474);
#8081 = STYLED_ITEM('color',(#8082),#1144);
#8082 = PRESENTATION_STYLE_ASSIGNMENT((#8083));
#8083 = SURFACE_STYLE_USAGE(.BOTH.,#8084);
#8084 = SURFACE_SIDE_STYLE('',(#8085));
#8085 = SURFACE_STYLE_FILL_AREA(#8086);
#8086 = FILL_AREA_STYLE('',(#8087));
#8087 = FILL_AREA_STYLE_COLOUR('',#8088);
#8088 = COLOUR_RGB('',0.896243869286,0.891143312335,0.854305825093);
#8089 = MECHANICAL_DESIGN_GEOMETRIC_PRESENTATION_REPRESENTATION('',(
    #8090),#5022);
#8090 = STYLED_ITEM('color',(#8091),#4692);
#8091 = PRESENTATION_STYLE_ASSIGNMENT((#8092));
#8092 = SURFACE_STYLE_USAGE(.BOTH.,#8093);
#8093 = SURFACE_SIDE_STYLE('',(#8094));
#8094 = SURFACE_STYLE_FILL_AREA(#8095);
#8095 = FILL_AREA_STYLE('',(#8096));
#8096 = FILL_AREA_STYLE_COLOUR('',#8088);
#8097 = MECHANICAL_DESIGN_GEOMETRIC_PRESENTATION_REPRESENTATION('',(
    #8098),#1102);
#8098 = STYLED_ITEM('color',(#8099),#772);
#8099 = PRESENTATION_STYLE_ASSIGNMENT((#8100));
#8100 = SURFACE_STYLE_USAGE(.BOTH.,#8101);
#8101 = SURFACE_SIDE_STYLE('',(#8102));
#8102 = SURFACE_STYLE_FILL_AREA(#8103);
#8103 = FILL_AREA_STYLE('',(#8104));
#8104 = FILL_AREA_STYLE_COLOUR('',#8088);
#8105 = MECHANICAL_DESIGN_GEOMETRIC_PRESENTATION_REPRESENTATION('',(
    #8106),#3530);
#8106 = STYLED_ITEM('color',(#8107),#3200);
#8107 = PRESENTATION_STYLE_ASSIGNMENT((#8108));
#8108 = SURFACE_STYLE_USAGE(.BOTH.,#8109);
#8109 = SURFACE_SIDE_STYLE('',(#8110));
#8110 = SURFACE_STYLE_FILL_AREA(#8111);
#8111 = FILL_AREA_STYLE('',(#8112));
#8112 = FILL_AREA_STYLE_COLOUR('',#8038);
#8113 = MECHANICAL_DESIGN_GEOMETRIC_PRESENTATION_REPRESENTATION('',(
    #8114),#7870);
#8114 = STYLED_ITEM('color',(#8115),#7772);
#8115 = PRESENTATION_STYLE_ASSIGNMENT((#8116));
#8116 = SURFACE_STYLE_USAGE(.BOTH.,#8117);
#8117 = SURFACE_SIDE_STYLE('',(#8118));
#8118 = SURFACE_STYLE_FILL_AREA(#8119);
#8119 = FILL_AREA_STYLE('',(#8120));
#8120 = FILL_AREA_STYLE_COLOUR('',#8029);
#8121 = MECHANICAL_DESIGN_GEOMETRIC_PRESENTATION_REPRESENTATION('',(
    #8122),#5534);
#8122 = STYLED_ITEM('color',(#8123),#5436);
#8123 = PRESENTATION_STYLE_ASSIGNMENT((#8124));
#8124 = SURFACE_STYLE_USAGE(.BOTH.,#8125);
#8125 = SURFACE_SIDE_STYLE('',(#8126));
#8126 = SURFACE_STYLE_FILL_AREA(#8127);
#8127 = FILL_AREA_STYLE('',(#8128));
#8128 = FILL_AREA_STYLE_COLOUR('',#8029);
#8129 = MECHANICAL_DESIGN_GEOMETRIC_PRESENTATION_REPRESENTATION('',(
    #8130),#4230);
#8130 = STYLED_ITEM('color',(#8131),#4132);
#8131 = PRESENTATION_STYLE_ASSIGNMENT((#8132));
#8132 = SURFACE_STYLE_USAGE(.BOTH.,#8133);
#8133 = SURFACE_SIDE_STYLE('',(#8134));
#8134 = SURFACE_STYLE_FILL_AREA(#8135);
#8135 = FILL_AREA_STYLE('',(#8136));
#8136 = FILL_AREA_STYLE_COLOUR('',#8055);
#8137 = MECHANICAL_DESIGN_GEOMETRIC_PRESENTATION_REPRESENTATION('',(
    #8138),#1714);
#8138 = STYLED_ITEM('color',(#8139),#1656);
#8139 = PRESENTATION_STYLE_ASSIGNMENT((#8140));
#8140 = SURFACE_STYLE_USAGE(.BOTH.,#8141);
#8141 = SURFACE_SIDE_STYLE('',(#8142));
#8142 = SURFACE_STYLE_FILL_AREA(#8143);
#8143 = FILL_AREA_STYLE('',(#8144));
#8144 = FILL_AREA_STYLE_COLOUR('',#8029);
#8145 = MECHANICAL_DESIGN_GEOMETRIC_PRESENTATION_REPRESENTATION('',(
    #8146),#7078);
#8146 = STYLED_ITEM('color',(#8147),#6748);
#8147 = PRESENTATION_STYLE_ASSIGNMENT((#8148));
#8148 = SURFACE_STYLE_USAGE(.BOTH.,#8149);
#8149 = SURFACE_SIDE_STYLE('',(#8150));
#8150 = SURFACE_STYLE_FILL_AREA(#8151);
#8151 = FILL_AREA_STYLE('',(#8152));
#8152 = FILL_AREA_STYLE_COLOUR('',#8038);
#8153 = MECHANICAL_DESIGN_GEOMETRIC_PRESENTATION_REPRESENTATION('',(
    #8154),#5394);
#8154 = STYLED_ITEM('color',(#8155),#5064);
#8155 = PRESENTATION_STYLE_ASSIGNMENT((#8156));
#8156 = SURFACE_STYLE_USAGE(.BOTH.,#8157);
#8157 = SURFACE_SIDE_STYLE('',(#8158));
#8158 = SURFACE_STYLE_FILL_AREA(#8159);
#8159 = FILL_AREA_STYLE('',(#8160));
#8160 = FILL_AREA_STYLE_COLOUR('',#8088);
#8161 = MECHANICAL_DESIGN_GEOMETRIC_PRESENTATION_REPRESENTATION('',(
    #8162),#6334);
#8162 = STYLED_ITEM('color',(#8163),#6236);
#8163 = PRESENTATION_STYLE_ASSIGNMENT((#8164));
#8164 = SURFACE_STYLE_USAGE(.BOTH.,#8165);
#8165 = SURFACE_SIDE_STYLE('',(#8166));
#8166 = SURFACE_STYLE_FILL_AREA(#8167);
#8167 = FILL_AREA_STYLE('',(#8168));
#8168 = FILL_AREA_STYLE_COLOUR('',#8029);
#8169 = MECHANICAL_DESIGN_GEOMETRIC_PRESENTATION_REPRESENTATION('',(
    #8170),#1854);
#8170 = STYLED_ITEM('color',(#8171),#1756);
#8171 = PRESENTATION_STYLE_ASSIGNMENT((#8172));
#8172 = SURFACE_STYLE_USAGE(.BOTH.,#8173);
#8173 = SURFACE_SIDE_STYLE('',(#8174));
#8174 = SURFACE_STYLE_FILL_AREA(#8175);
#8175 = FILL_AREA_STYLE('',(#8176));
#8176 = FILL_AREA_STYLE_COLOUR('',#8029);
#8177 = MECHANICAL_DESIGN_GEOMETRIC_PRESENTATION_REPRESENTATION('',(
    #8178),#3950);
#8178 = STYLED_ITEM('color',(#8179),#3852);
#8179 = PRESENTATION_STYLE_ASSIGNMENT((#8180));
#8180 = SURFACE_STYLE_USAGE(.BOTH.,#8181);
#8181 = SURFACE_SIDE_STYLE('',(#8182));
#8182 = SURFACE_STYLE_FILL_AREA(#8183);
#8183 = FILL_AREA_STYLE('',(#8184));
#8184 = FILL_AREA_STYLE_COLOUR('',#8029);
#8185 = MECHANICAL_DESIGN_GEOMETRIC_PRESENTATION_REPRESENTATION('',(
    #8186),#6706);
#8186 = STYLED_ITEM('color',(#8187),#6376);
#8187 = PRESENTATION_STYLE_ASSIGNMENT((#8188));
#8188 = SURFACE_STYLE_USAGE(.BOTH.,#8189);
#8189 = SURFACE_SIDE_STYLE('',(#8190));
#8190 = SURFACE_STYLE_FILL_AREA(#8191);
#8191 = FILL_AREA_STYLE('',(#8192));
#8192 = FILL_AREA_STYLE_COLOUR('',#8038);
#8193 = MECHANICAL_DESIGN_GEOMETRIC_PRESENTATION_REPRESENTATION('',(
    #8194),#6054);
#8194 = STYLED_ITEM('color',(#8195),#5956);
#8195 = PRESENTATION_STYLE_ASSIGNMENT((#8196));
#8196 = SURFACE_STYLE_USAGE(.BOTH.,#8197);
#8197 = SURFACE_SIDE_STYLE('',(#8198));
#8198 = SURFACE_STYLE_FILL_AREA(#8199);
#8199 = FILL_AREA_STYLE('',(#8200));
#8200 = FILL_AREA_STYLE_COLOUR('',#8029);
#8201 = MECHANICAL_DESIGN_GEOMETRIC_PRESENTATION_REPRESENTATION('',(
    #8202),#4510);
#8202 = STYLED_ITEM('color',(#8203),#4412);
#8203 = PRESENTATION_STYLE_ASSIGNMENT((#8204));
#8204 = SURFACE_STYLE_USAGE(.BOTH.,#8205);
#8205 = SURFACE_SIDE_STYLE('',(#8206));
#8206 = SURFACE_STYLE_FILL_AREA(#8207);
#8207 = FILL_AREA_STYLE('',(#8208));
#8208 = FILL_AREA_STYLE_COLOUR('',#8055);
#8209 = MECHANICAL_DESIGN_GEOMETRIC_PRESENTATION_REPRESENTATION('',(
    #8210),#3810);
#8210 = STYLED_ITEM('color',(#8211),#3712);
#8211 = PRESENTATION_STYLE_ASSIGNMENT((#8212));
#8212 = SURFACE_STYLE_USAGE(.BOTH.,#8213);
#8213 = SURFACE_SIDE_STYLE('',(#8214));
#8214 = SURFACE_STYLE_FILL_AREA(#8215);
#8215 = FILL_AREA_STYLE('',(#8216));
#8216 = FILL_AREA_STYLE_COLOUR('',#8029);
#8217 = MECHANICAL_DESIGN_GEOMETRIC_PRESENTATION_REPRESENTATION('',(
    #8218),#7450);
#8218 = STYLED_ITEM('color',(#8219),#7120);
#8219 = PRESENTATION_STYLE_ASSIGNMENT((#8220));
#8220 = SURFACE_STYLE_USAGE(.BOTH.,#8221);
#8221 = SURFACE_SIDE_STYLE('',(#8222));
#8222 = SURFACE_STYLE_FILL_AREA(#8223);
#8223 = FILL_AREA_STYLE('',(#8224));
#8224 = FILL_AREA_STYLE_COLOUR('',#8038);
#8225 = MECHANICAL_DESIGN_GEOMETRIC_PRESENTATION_REPRESENTATION('',(
    #8226),#1614);
#8226 = STYLED_ITEM('color',(#8227),#1516);
#8227 = PRESENTATION_STYLE_ASSIGNMENT((#8228));
#8228 = SURFACE_STYLE_USAGE(.BOTH.,#8229);
#8229 = SURFACE_SIDE_STYLE('',(#8230));
#8230 = SURFACE_STYLE_FILL_AREA(#8231);
#8231 = FILL_AREA_STYLE('',(#8232));
#8232 = FILL_AREA_STYLE_COLOUR('',#8029);
#8233 = MECHANICAL_DESIGN_GEOMETRIC_PRESENTATION_REPRESENTATION('',(
    #8234),#5634);
#8234 = STYLED_ITEM('color',(#8235),#5576);
#8235 = PRESENTATION_STYLE_ASSIGNMENT((#8236));
#8236 = SURFACE_STYLE_USAGE(.BOTH.,#8237);
#8237 = SURFACE_SIDE_STYLE('',(#8238));
#8238 = SURFACE_STYLE_FILL_AREA(#8239);
#8239 = FILL_AREA_STYLE('',(#8240));
#8240 = FILL_AREA_STYLE_COLOUR('',#8029);
#8241 = MECHANICAL_DESIGN_GEOMETRIC_PRESENTATION_REPRESENTATION('',(
    #8242),#2134);
#8242 = STYLED_ITEM('color',(#8243),#2036);
#8243 = PRESENTATION_STYLE_ASSIGNMENT((#8244));
#8244 = SURFACE_STYLE_USAGE(.BOTH.,#8245);
#8245 = SURFACE_SIDE_STYLE('',(#8246));
#8246 = SURFACE_STYLE_FILL_AREA(#8247);
#8247 = FILL_AREA_STYLE('',(#8248));
#8248 = FILL_AREA_STYLE_COLOUR('',#8029);
#8249 = MECHANICAL_DESIGN_GEOMETRIC_PRESENTATION_REPRESENTATION('',(
    #8250),#310);
#8250 = STYLED_ITEM('color',(#8251),#212);
#8251 = PRESENTATION_STYLE_ASSIGNMENT((#8252));
#8252 = SURFACE_STYLE_USAGE(.BOTH.,#8253);
#8253 = SURFACE_SIDE_STYLE('',(#8254));
#8254 = SURFACE_STYLE_FILL_AREA(#8255);
#8255 = FILL_AREA_STYLE('',(#8256));
#8256 = FILL_AREA_STYLE_COLOUR('',#8055);
#8257 = MECHANICAL_DESIGN_GEOMETRIC_PRESENTATION_REPRESENTATION('',(
    #8258),#730);
#8258 = STYLED_ITEM('color',(#8259),#632);
#8259 = PRESENTATION_STYLE_ASSIGNMENT((#8260));
#8260 = SURFACE_STYLE_USAGE(.BOTH.,#8261);
#8261 = SURFACE_SIDE_STYLE('',(#8262));
#8262 = SURFACE_STYLE_FILL_AREA(#8263);
#8263 = FILL_AREA_STYLE('',(#8264));
#8264 = FILL_AREA_STYLE_COLOUR('',#8055);
#8265 = MECHANICAL_DESIGN_GEOMETRIC_PRESENTATION_REPRESENTATION('',(
    #8266),#450);
#8266 = STYLED_ITEM('color',(#8267),#352);
#8267 = PRESENTATION_STYLE_ASSIGNMENT((#8268));
#8268 = SURFACE_STYLE_USAGE(.BOTH.,#8269);
#8269 = SURFACE_SIDE_STYLE('',(#8270));
#8270 = SURFACE_STYLE_FILL_AREA(#8271);
#8271 = FILL_AREA_STYLE('',(#8272));
#8272 = FILL_AREA_STYLE_COLOUR('',#8055);
#8273 = MECHANICAL_DESIGN_GEOMETRIC_PRESENTATION_REPRESENTATION('',(
    #8274),#8010);
#8274 = STYLED_ITEM('color',(#8275),#7912);
#8275 = PRESENTATION_STYLE_ASSIGNMENT((#8276));
#8276 = SURFACE_STYLE_USAGE(.BOTH.,#8277);
#8277 = SURFACE_SIDE_STYLE('',(#8278));
#8278 = SURFACE_STYLE_FILL_AREA(#8279);
#8279 = FILL_AREA_STYLE('',(#8280));
#8280 = FILL_AREA_STYLE_COLOUR('',#8029);
#8281 = MECHANICAL_DESIGN_GEOMETRIC_PRESENTATION_REPRESENTATION('',(
    #8282),#1994);
#8282 = STYLED_ITEM('color',(#8283),#1896);
#8283 = PRESENTATION_STYLE_ASSIGNMENT((#8284));
#8284 = SURFACE_STYLE_USAGE(.BOTH.,#8285);
#8285 = SURFACE_SIDE_STYLE('',(#8286));
#8286 = SURFACE_STYLE_FILL_AREA(#8287);
#8287 = FILL_AREA_STYLE('',(#8288));
#8288 = FILL_AREA_STYLE_COLOUR('',#8029);
#8289 = MECHANICAL_DESIGN_GEOMETRIC_PRESENTATION_REPRESENTATION('',(
    #8290),#590);
#8290 = STYLED_ITEM('color',(#8291),#492);
#8291 = PRESENTATION_STYLE_ASSIGNMENT((#8292));
#8292 = SURFACE_STYLE_USAGE(.BOTH.,#8293);
#8293 = SURFACE_SIDE_STYLE('',(#8294));
#8294 = SURFACE_STYLE_FILL_AREA(#8295);
#8295 = FILL_AREA_STYLE('',(#8296));
#8296 = FILL_AREA_STYLE_COLOUR('',#8055);
#8297 = MECHANICAL_DESIGN_GEOMETRIC_PRESENTATION_REPRESENTATION('',(
    #8298),#3158);
#8298 = STYLED_ITEM('color',(#8299),#2828);
#8299 = PRESENTATION_STYLE_ASSIGNMENT((#8300));
#8300 = SURFACE_STYLE_USAGE(.BOTH.,#8301);
#8301 = SURFACE_SIDE_STYLE('',(#8302));
#8302 = SURFACE_STYLE_FILL_AREA(#8303);
#8303 = FILL_AREA_STYLE('',(#8304));
#8304 = FILL_AREA_STYLE_COLOUR('',#8038);
#8305 = MECHANICAL_DESIGN_GEOMETRIC_PRESENTATION_REPRESENTATION('',(
    #8306),#5914);
#8306 = STYLED_ITEM('color',(#8307),#5816);
#8307 = PRESENTATION_STYLE_ASSIGNMENT((#8308));
#8308 = SURFACE_STYLE_USAGE(.BOTH.,#8309);
#8309 = SURFACE_SIDE_STYLE('',(#8310));
#8310 = SURFACE_STYLE_FILL_AREA(#8311);
#8311 = FILL_AREA_STYLE('',(#8312));
#8312 = FILL_AREA_STYLE_COLOUR('',#8029);
#8313 = MECHANICAL_DESIGN_GEOMETRIC_PRESENTATION_REPRESENTATION('',(
    #8314),#7730);
#8314 = STYLED_ITEM('color',(#8315),#7632);
#8315 = PRESENTATION_STYLE_ASSIGNMENT((#8316));
#8316 = SURFACE_STYLE_USAGE(.BOTH.,#8317);
#8317 = SURFACE_SIDE_STYLE('',(#8318));
#8318 = SURFACE_STYLE_FILL_AREA(#8319);
#8319 = FILL_AREA_STYLE('',(#8320));
#8320 = FILL_AREA_STYLE_COLOUR('',#8029);
#8321 = MECHANICAL_DESIGN_GEOMETRIC_PRESENTATION_REPRESENTATION('',(
    #8322),#7590);
#8322 = STYLED_ITEM('color',(#8323),#7492);
#8323 = PRESENTATION_STYLE_ASSIGNMENT((#8324));
#8324 = SURFACE_STYLE_USAGE(.BOTH.,#8325);
#8325 = SURFACE_SIDE_STYLE('',(#8326));
#8326 = SURFACE_STYLE_FILL_AREA(#8327);
#8327 = FILL_AREA_STYLE('',(#8328));
#8328 = FILL_AREA_STYLE_COLOUR('',#8029);
#8329 = MECHANICAL_DESIGN_GEOMETRIC_PRESENTATION_REPRESENTATION('',(
    #8330),#4370);
#8330 = STYLED_ITEM('color',(#8331),#4272);
#8331 = PRESENTATION_STYLE_ASSIGNMENT((#8332));
#8332 = SURFACE_STYLE_USAGE(.BOTH.,#8333);
#8333 = SURFACE_SIDE_STYLE('',(#8334));
#8334 = SURFACE_STYLE_FILL_AREA(#8335);
#8335 = FILL_AREA_STYLE('',(#8336));
#8336 = FILL_AREA_STYLE_COLOUR('',#8055);
#8337 = MECHANICAL_DESIGN_GEOMETRIC_PRESENTATION_REPRESENTATION('',(
    #8338),#2274);
#8338 = STYLED_ITEM('color',(#8339),#2176);
#8339 = PRESENTATION_STYLE_ASSIGNMENT((#8340));
#8340 = SURFACE_STYLE_USAGE(.BOTH.,#8341);
#8341 = SURFACE_SIDE_STYLE('',(#8342));
#8342 = SURFACE_STYLE_FILL_AREA(#8343);
#8343 = FILL_AREA_STYLE('',(#8344));
#8344 = FILL_AREA_STYLE_COLOUR('',#8029);
ENDSEC;
END-ISO-10303-21;
