ISO-10303-21;
HEADER;
FILE_DESCRIPTION(('Open CASCADE Model'),'2;1');
FILE_NAME('Open CASCADE Shape Model','2026-05-15T19:58:43',('Author'),(
    'Open CASCADE'),'Open CASCADE STEP processor 7.8','build123d',
  'Unknown');
FILE_SCHEMA(('AUTOMOTIVE_DESIGN { 1 0 10303 214 1 1 1 1 }'));
ENDSEC;
DATA;
#1 = APPLICATION_PROTOCOL_DEFINITION('international standard',
  'automotive_design',2000,#2);
#2 = APPLICATION_CONTEXT(
  'core data for automotive mechanical design processes');
#3 = SHAPE_DEFINITION_REPRESENTATION(#4,#10);
#4 = PRODUCT_DEFINITION_SHAPE('','',#5);
#5 = PRODUCT_DEFINITION('design','',#6,#9);
#6 = PRODUCT_DEFINITION_FORMATION('','',#7);
#7 = PRODUCT('ASSEMBLY','ASSEMBLY','',(#8));
#8 = PRODUCT_CONTEXT('',#2,'mechanical');
#9 = PRODUCT_DEFINITION_CONTEXT('part definition',#2,'design');
#10 = SHAPE_REPRESENTATION('',(#11,#15,#19,#23,#27,#31,#35,#39,#43,#47,
    #51,#55,#59,#63,#67,#71,#75,#79,#83,#87,#91,#95,#99,#103,#107,#111,
    #115,#119,#123,#127,#131,#135,#139,#143,#147,#151,#155,#159,#163,
    #167,#171,#175,#179,#183,#187,#191,#195,#199,#203),#207);
#11 = AXIS2_PLACEMENT_3D('',#12,#13,#14);
#12 = CARTESIAN_POINT('',(0.,0.,0.));
#13 = DIRECTION('',(0.,0.,1.));
#14 = DIRECTION('',(1.,0.,-0.));
#15 = AXIS2_PLACEMENT_3D('',#16,#17,#18);
#16 = CARTESIAN_POINT('',(-1.825E+03,-1.07E+03,460.));
#17 = DIRECTION('',(0.,-1.,2.22044604925E-16));
#18 = DIRECTION('',(1.,0.,0.));
#19 = AXIS2_PLACEMENT_3D('',#20,#21,#22);
#20 = CARTESIAN_POINT('',(-1.825E+03,-1.07E+03,460.));
#21 = DIRECTION('',(0.,-1.,2.22044604925E-16));
#22 = DIRECTION('',(1.,0.,0.));
#23 = AXIS2_PLACEMENT_3D('',#24,#25,#26);
#24 = CARTESIAN_POINT('',(-1.825E+03,-1.07E+03,460.));
#25 = DIRECTION('',(0.,-1.,2.22044604925E-16));
#26 = DIRECTION('',(1.,0.,0.));
#27 = AXIS2_PLACEMENT_3D('',#28,#29,#30);
#28 = CARTESIAN_POINT('',(-1.825E+03,-1.07E+03,460.));
#29 = DIRECTION('',(0.,-1.,2.22044604925E-16));
#30 = DIRECTION('',(1.,0.,0.));
#31 = AXIS2_PLACEMENT_3D('',#32,#33,#34);
#32 = CARTESIAN_POINT('',(-1.825E+03,-1.2435E+03,621.));
#33 = DIRECTION('',(0.,0.,1.));
#34 = DIRECTION('',(1.,0.,-0.));
#35 = AXIS2_PLACEMENT_3D('',#36,#37,#38);
#36 = CARTESIAN_POINT('',(-1.825E+03,-1.2715E+03,726.8));
#37 = DIRECTION('',(0.,0.,1.));
#38 = DIRECTION('',(1.,0.,-0.));
#39 = AXIS2_PLACEMENT_3D('',#40,#41,#42);
#40 = CARTESIAN_POINT('',(-1.825E+03,-1.07E+03,460.));
#41 = DIRECTION('',(0.,0.,1.));
#42 = DIRECTION('',(1.,0.,0.));
#43 = AXIS2_PLACEMENT_3D('',#44,#45,#46);
#44 = CARTESIAN_POINT('',(-1.825E+03,-1.07E+03,460.));
#45 = DIRECTION('',(0.5,-0.,0.866025403784));
#46 = DIRECTION('',(0.866025403784,0.,-0.5));
#47 = AXIS2_PLACEMENT_3D('',#48,#49,#50);
#48 = CARTESIAN_POINT('',(-1.825E+03,-1.07E+03,460.));
#49 = DIRECTION('',(0.866025403784,-0.,0.5));
#50 = DIRECTION('',(0.5,0.,-0.866025403784));
#51 = AXIS2_PLACEMENT_3D('',#52,#53,#54);
#52 = CARTESIAN_POINT('',(-1.825E+03,-1.07E+03,460.));
#53 = DIRECTION('',(1.,-0.,2.22044604925E-16));
#54 = DIRECTION('',(2.22044604925E-16,0.,-1.));
#55 = AXIS2_PLACEMENT_3D('',#56,#57,#58);
#56 = CARTESIAN_POINT('',(-1.825E+03,-1.07E+03,460.));
#57 = DIRECTION('',(0.866025403784,0.,-0.5));
#58 = DIRECTION('',(-0.5,0.,-0.866025403784));
#59 = AXIS2_PLACEMENT_3D('',#60,#61,#62);
#60 = CARTESIAN_POINT('',(-1.825E+03,-1.07E+03,460.));
#61 = DIRECTION('',(0.5,0.,-0.866025403784));
#62 = DIRECTION('',(-0.866025403784,0.,-0.5));
#63 = AXIS2_PLACEMENT_3D('',#64,#65,#66);
#64 = CARTESIAN_POINT('',(-1.825E+03,1.07E+03,460.));
#65 = DIRECTION('',(0.,-1.,2.22044604925E-16));
#66 = DIRECTION('',(1.,0.,0.));
#67 = AXIS2_PLACEMENT_3D('',#68,#69,#70);
#68 = CARTESIAN_POINT('',(-1.825E+03,1.07E+03,460.));
#69 = DIRECTION('',(0.,-1.,2.22044604925E-16));
#70 = DIRECTION('',(1.,0.,0.));
#71 = AXIS2_PLACEMENT_3D('',#72,#73,#74);
#72 = CARTESIAN_POINT('',(-1.825E+03,1.07E+03,460.));
#73 = DIRECTION('',(0.,-1.,2.22044604925E-16));
#74 = DIRECTION('',(1.,0.,0.));
#75 = AXIS2_PLACEMENT_3D('',#76,#77,#78);
#76 = CARTESIAN_POINT('',(-1.825E+03,1.07E+03,460.));
#77 = DIRECTION('',(0.,-1.,2.22044604925E-16));
#78 = DIRECTION('',(1.,0.,0.));
#79 = AXIS2_PLACEMENT_3D('',#80,#81,#82);
#80 = CARTESIAN_POINT('',(-1.825E+03,1.2435E+03,621.));
#81 = DIRECTION('',(0.,0.,1.));
#82 = DIRECTION('',(1.,0.,-0.));
#83 = AXIS2_PLACEMENT_3D('',#84,#85,#86);
#84 = CARTESIAN_POINT('',(-1.825E+03,1.2715E+03,726.8));
#85 = DIRECTION('',(0.,0.,1.));
#86 = DIRECTION('',(1.,0.,-0.));
#87 = AXIS2_PLACEMENT_3D('',#88,#89,#90);
#88 = CARTESIAN_POINT('',(-1.825E+03,1.07E+03,460.));
#89 = DIRECTION('',(0.,0.,1.));
#90 = DIRECTION('',(1.,0.,0.));
#91 = AXIS2_PLACEMENT_3D('',#92,#93,#94);
#92 = CARTESIAN_POINT('',(-1.825E+03,1.07E+03,460.));
#93 = DIRECTION('',(0.5,-0.,0.866025403784));
#94 = DIRECTION('',(0.866025403784,0.,-0.5));
#95 = AXIS2_PLACEMENT_3D('',#96,#97,#98);
#96 = CARTESIAN_POINT('',(-1.825E+03,1.07E+03,460.));
#97 = DIRECTION('',(0.866025403784,-0.,0.5));
#98 = DIRECTION('',(0.5,0.,-0.866025403784));
#99 = AXIS2_PLACEMENT_3D('',#100,#101,#102);
#100 = CARTESIAN_POINT('',(-1.825E+03,1.07E+03,460.));
#101 = DIRECTION('',(1.,-0.,2.22044604925E-16));
#102 = DIRECTION('',(2.22044604925E-16,0.,-1.));
#103 = AXIS2_PLACEMENT_3D('',#104,#105,#106);
#104 = CARTESIAN_POINT('',(-1.825E+03,1.07E+03,460.));
#105 = DIRECTION('',(0.866025403784,0.,-0.5));
#106 = DIRECTION('',(-0.5,0.,-0.866025403784));
#107 = AXIS2_PLACEMENT_3D('',#108,#109,#110);
#108 = CARTESIAN_POINT('',(-1.825E+03,1.07E+03,460.));
#109 = DIRECTION('',(0.5,0.,-0.866025403784));
#110 = DIRECTION('',(-0.866025403784,0.,-0.5));
#111 = AXIS2_PLACEMENT_3D('',#112,#113,#114);
#112 = CARTESIAN_POINT('',(1.825E+03,-1.07E+03,460.));
#113 = DIRECTION('',(0.,-1.,2.22044604925E-16));
#114 = DIRECTION('',(1.,0.,0.));
#115 = AXIS2_PLACEMENT_3D('',#116,#117,#118);
#116 = CARTESIAN_POINT('',(1.825E+03,-1.07E+03,460.));
#117 = DIRECTION('',(0.,-1.,2.22044604925E-16));
#118 = DIRECTION('',(1.,0.,0.));
#119 = AXIS2_PLACEMENT_3D('',#120,#121,#122);
#120 = CARTESIAN_POINT('',(1.825E+03,-1.07E+03,460.));
#121 = DIRECTION('',(0.,-1.,2.22044604925E-16));
#122 = DIRECTION('',(1.,0.,0.));
#123 = AXIS2_PLACEMENT_3D('',#124,#125,#126);
#124 = CARTESIAN_POINT('',(1.825E+03,-1.07E+03,460.));
#125 = DIRECTION('',(0.,-1.,2.22044604925E-16));
#126 = DIRECTION('',(1.,0.,0.));
#127 = AXIS2_PLACEMENT_3D('',#128,#129,#130);
#128 = CARTESIAN_POINT('',(1.825E+03,-1.2435E+03,621.));
#129 = DIRECTION('',(0.,0.,1.));
#130 = DIRECTION('',(1.,0.,-0.));
#131 = AXIS2_PLACEMENT_3D('',#132,#133,#134);
#132 = CARTESIAN_POINT('',(1.825E+03,-1.2715E+03,726.8));
#133 = DIRECTION('',(0.,0.,1.));
#134 = DIRECTION('',(1.,0.,-0.));
#135 = AXIS2_PLACEMENT_3D('',#136,#137,#138);
#136 = CARTESIAN_POINT('',(1.825E+03,-1.07E+03,460.));
#137 = DIRECTION('',(0.,0.,1.));
#138 = DIRECTION('',(1.,0.,0.));
#139 = AXIS2_PLACEMENT_3D('',#140,#141,#142);
#140 = CARTESIAN_POINT('',(1.825E+03,-1.07E+03,460.));
#141 = DIRECTION('',(0.5,-0.,0.866025403784));
#142 = DIRECTION('',(0.866025403784,0.,-0.5));
#143 = AXIS2_PLACEMENT_3D('',#144,#145,#146);
#144 = CARTESIAN_POINT('',(1.825E+03,-1.07E+03,460.));
#145 = DIRECTION('',(0.866025403784,-0.,0.5));
#146 = DIRECTION('',(0.5,0.,-0.866025403784));
#147 = AXIS2_PLACEMENT_3D('',#148,#149,#150);
#148 = CARTESIAN_POINT('',(1.825E+03,-1.07E+03,460.));
#149 = DIRECTION('',(1.,-0.,2.22044604925E-16));
#150 = DIRECTION('',(2.22044604925E-16,0.,-1.));
#151 = AXIS2_PLACEMENT_3D('',#152,#153,#154);
#152 = CARTESIAN_POINT('',(1.825E+03,-1.07E+03,460.));
#153 = DIRECTION('',(0.866025403784,0.,-0.5));
#154 = DIRECTION('',(-0.5,0.,-0.866025403784));
#155 = AXIS2_PLACEMENT_3D('',#156,#157,#158);
#156 = CARTESIAN_POINT('',(1.825E+03,-1.07E+03,460.));
#157 = DIRECTION('',(0.5,0.,-0.866025403784));
#158 = DIRECTION('',(-0.866025403784,0.,-0.5));
#159 = AXIS2_PLACEMENT_3D('',#160,#161,#162);
#160 = CARTESIAN_POINT('',(1.825E+03,1.07E+03,460.));
#161 = DIRECTION('',(0.,-1.,2.22044604925E-16));
#162 = DIRECTION('',(1.,0.,0.));
#163 = AXIS2_PLACEMENT_3D('',#164,#165,#166);
#164 = CARTESIAN_POINT('',(1.825E+03,1.07E+03,460.));
#165 = DIRECTION('',(0.,-1.,2.22044604925E-16));
#166 = DIRECTION('',(1.,0.,0.));
#167 = AXIS2_PLACEMENT_3D('',#168,#169,#170);
#168 = CARTESIAN_POINT('',(1.825E+03,1.07E+03,460.));
#169 = DIRECTION('',(0.,-1.,2.22044604925E-16));
#170 = DIRECTION('',(1.,0.,0.));
#171 = AXIS2_PLACEMENT_3D('',#172,#173,#174);
#172 = CARTESIAN_POINT('',(1.825E+03,1.07E+03,460.));
#173 = DIRECTION('',(0.,-1.,2.22044604925E-16));
#174 = DIRECTION('',(1.,0.,0.));
#175 = AXIS2_PLACEMENT_3D('',#176,#177,#178);
#176 = CARTESIAN_POINT('',(1.825E+03,1.2435E+03,621.));
#177 = DIRECTION('',(0.,0.,1.));
#178 = DIRECTION('',(1.,0.,-0.));
#179 = AXIS2_PLACEMENT_3D('',#180,#181,#182);
#180 = CARTESIAN_POINT('',(1.825E+03,1.2715E+03,726.8));
#181 = DIRECTION('',(0.,0.,1.));
#182 = DIRECTION('',(1.,0.,-0.));
#183 = AXIS2_PLACEMENT_3D('',#184,#185,#186);
#184 = CARTESIAN_POINT('',(1.825E+03,1.07E+03,460.));
#185 = DIRECTION('',(0.,0.,1.));
#186 = DIRECTION('',(1.,0.,0.));
#187 = AXIS2_PLACEMENT_3D('',#188,#189,#190);
#188 = CARTESIAN_POINT('',(1.825E+03,1.07E+03,460.));
#189 = DIRECTION('',(0.5,-0.,0.866025403784));
#190 = DIRECTION('',(0.866025403784,0.,-0.5));
#191 = AXIS2_PLACEMENT_3D('',#192,#193,#194);
#192 = CARTESIAN_POINT('',(1.825E+03,1.07E+03,460.));
#193 = DIRECTION('',(0.866025403784,-0.,0.5));
#194 = DIRECTION('',(0.5,0.,-0.866025403784));
#195 = AXIS2_PLACEMENT_3D('',#196,#197,#198);
#196 = CARTESIAN_POINT('',(1.825E+03,1.07E+03,460.));
#197 = DIRECTION('',(1.,-0.,2.22044604925E-16));
#198 = DIRECTION('',(2.22044604925E-16,0.,-1.));
#199 = AXIS2_PLACEMENT_3D('',#200,#201,#202);
#200 = CARTESIAN_POINT('',(1.825E+03,1.07E+03,460.));
#201 = DIRECTION('',(0.866025403784,0.,-0.5));
#202 = DIRECTION('',(-0.5,0.,-0.866025403784));
#203 = AXIS2_PLACEMENT_3D('',#204,#205,#206);
#204 = CARTESIAN_POINT('',(1.825E+03,1.07E+03,460.));
#205 = DIRECTION('',(0.5,0.,-0.866025403784));
#206 = DIRECTION('',(-0.866025403784,0.,-0.5));
#207 = ( GEOMETRIC_REPRESENTATION_CONTEXT(3) 
GLOBAL_UNCERTAINTY_ASSIGNED_CONTEXT((#211)) GLOBAL_UNIT_ASSIGNED_CONTEXT
((#208,#209,#210)) REPRESENTATION_CONTEXT('Context #1',
  '3D Context with UNIT and UNCERTAINTY') );
#208 = ( LENGTH_UNIT() NAMED_UNIT(*) SI_UNIT(.MILLI.,.METRE.) );
#209 = ( NAMED_UNIT(*) PLANE_ANGLE_UNIT() SI_UNIT($,.RADIAN.) );
#210 = ( NAMED_UNIT(*) SI_UNIT($,.STERADIAN.) SOLID_ANGLE_UNIT() );
#211 = UNCERTAINTY_MEASURE_WITH_UNIT(LENGTH_MEASURE(1.E-07),#208,
  'distance_accuracy_value','confusion accuracy');
#212 = PRODUCT_RELATED_PRODUCT_CATEGORY('part',$,(#7));
#213 = SHAPE_DEFINITION_REPRESENTATION(#214,#220);
#214 = PRODUCT_DEFINITION_SHAPE('','',#215);
#215 = PRODUCT_DEFINITION('design','',#216,#219);
#216 = PRODUCT_DEFINITION_FORMATION('','',#217);
#217 = PRODUCT('left_front_large_low_rolling_resistance_tire',
  'left_front_large_low_rolling_resistance_tire','',(#218));
#218 = PRODUCT_CONTEXT('',#2,'mechanical');
#219 = PRODUCT_DEFINITION_CONTEXT('part definition',#2,'design');
#220 = SHAPE_REPRESENTATION('',(#11,#221),#225);
#221 = AXIS2_PLACEMENT_3D('',#222,#223,#224);
#222 = CARTESIAN_POINT('',(0.,0.,-157.5));
#223 = DIRECTION('',(0.,0.,1.));
#224 = DIRECTION('',(1.,0.,0.));
#225 = ( GEOMETRIC_REPRESENTATION_CONTEXT(3) 
GLOBAL_UNCERTAINTY_ASSIGNED_CONTEXT((#229)) GLOBAL_UNIT_ASSIGNED_CONTEXT
((#226,#227,#228)) REPRESENTATION_CONTEXT('Context #1',
  '3D Context with UNIT and UNCERTAINTY') );
#226 = ( LENGTH_UNIT() NAMED_UNIT(*) SI_UNIT(.MILLI.,.METRE.) );
#227 = ( NAMED_UNIT(*) PLANE_ANGLE_UNIT() SI_UNIT($,.RADIAN.) );
#228 = ( NAMED_UNIT(*) SI_UNIT($,.STERADIAN.) SOLID_ANGLE_UNIT() );
#229 = UNCERTAINTY_MEASURE_WITH_UNIT(LENGTH_MEASURE(1.E-07),#226,
  'distance_accuracy_value','confusion accuracy');
#230 = CONTEXT_DEPENDENT_SHAPE_REPRESENTATION(#231,#233);
#231 = ( REPRESENTATION_RELATIONSHIP('','',#220,#10) 
REPRESENTATION_RELATIONSHIP_WITH_TRANSFORMATION(#232) 
SHAPE_REPRESENTATION_RELATIONSHIP() );
#232 = ITEM_DEFINED_TRANSFORMATION('','',#11,#15);
#233 = PRODUCT_DEFINITION_SHAPE('Placement','Placement of an item',#234
  );
#234 = NEXT_ASSEMBLY_USAGE_OCCURRENCE('66','=>[0:1:1:2]','',#5,#215,$);
#235 = PRODUCT_RELATED_PRODUCT_CATEGORY('part',$,(#217));
#236 = SHAPE_DEFINITION_REPRESENTATION(#237,#243);
#237 = PRODUCT_DEFINITION_SHAPE('','',#238);
#238 = PRODUCT_DEFINITION('design','',#239,#242);
#239 = PRODUCT_DEFINITION_FORMATION('','',#240);
#240 = PRODUCT('SOLID','SOLID','',(#241));
#241 = PRODUCT_CONTEXT('',#2,'mechanical');
#242 = PRODUCT_DEFINITION_CONTEXT('part definition',#2,'design');
#243 = ADVANCED_BREP_SHAPE_REPRESENTATION('',(#11,#244),#342);
#244 = MANIFOLD_SOLID_BREP('',#245);
#245 = CLOSED_SHELL('',(#246,#334,#338));
#246 = ADVANCED_FACE('',(#247),#260,.T.);
#247 = FACE_BOUND('',#248,.T.);
#248 = EDGE_LOOP('',(#249,#283,#306,#333));
#249 = ORIENTED_EDGE('',*,*,#250,.F.);
#250 = EDGE_CURVE('',#251,#251,#253,.T.);
#251 = VERTEX_POINT('',#252);
#252 = CARTESIAN_POINT('',(460.,-1.126675055216E-13,315.));
#253 = SURFACE_CURVE('',#254,(#259,#271),.PCURVE_S1.);
#254 = CIRCLE('',#255,460.);
#255 = AXIS2_PLACEMENT_3D('',#256,#257,#258);
#256 = CARTESIAN_POINT('',(0.,0.,315.));
#257 = DIRECTION('',(0.,0.,1.));
#258 = DIRECTION('',(1.,0.,-0.));
#259 = PCURVE('',#260,#265);
#260 = CYLINDRICAL_SURFACE('',#261,460.);
#261 = AXIS2_PLACEMENT_3D('',#262,#263,#264);
#262 = CARTESIAN_POINT('',(0.,0.,0.));
#263 = DIRECTION('',(0.,0.,1.));
#264 = DIRECTION('',(1.,0.,-0.));
#265 = DEFINITIONAL_REPRESENTATION('',(#266),#270);
#266 = LINE('',#267,#268);
#267 = CARTESIAN_POINT('',(0.,315.));
#268 = VECTOR('',#269,1.);
#269 = DIRECTION('',(1.,0.));
#270 = ( GEOMETRIC_REPRESENTATION_CONTEXT(2) 
PARAMETRIC_REPRESENTATION_CONTEXT() REPRESENTATION_CONTEXT('2D SPACE',''
  ) );
#271 = PCURVE('',#272,#277);
#272 = PLANE('',#273);
#273 = AXIS2_PLACEMENT_3D('',#274,#275,#276);
#274 = CARTESIAN_POINT('',(0.,0.,315.));
#275 = DIRECTION('',(0.,0.,1.));
#276 = DIRECTION('',(1.,0.,-0.));
#277 = DEFINITIONAL_REPRESENTATION('',(#278),#282);
#278 = CIRCLE('',#279,460.);
#279 = AXIS2_PLACEMENT_2D('',#280,#281);
#280 = CARTESIAN_POINT('',(0.,0.));
#281 = DIRECTION('',(1.,0.));
#282 = ( GEOMETRIC_REPRESENTATION_CONTEXT(2) 
PARAMETRIC_REPRESENTATION_CONTEXT() REPRESENTATION_CONTEXT('2D SPACE',''
  ) );
#283 = ORIENTED_EDGE('',*,*,#284,.F.);
#284 = EDGE_CURVE('',#285,#251,#287,.T.);
#285 = VERTEX_POINT('',#286);
#286 = CARTESIAN_POINT('',(460.,-1.126675055216E-13,0.));
#287 = SEAM_CURVE('',#288,(#292,#299),.PCURVE_S1.);
#288 = LINE('',#289,#290);
#289 = CARTESIAN_POINT('',(460.,-1.126675055216E-13,0.));
#290 = VECTOR('',#291,1.);
#291 = DIRECTION('',(0.,0.,1.));
#292 = PCURVE('',#260,#293);
#293 = DEFINITIONAL_REPRESENTATION('',(#294),#298);
#294 = LINE('',#295,#296);
#295 = CARTESIAN_POINT('',(6.28318530718,-0.));
#296 = VECTOR('',#297,1.);
#297 = DIRECTION('',(0.,1.));
#298 = ( GEOMETRIC_REPRESENTATION_CONTEXT(2) 
PARAMETRIC_REPRESENTATION_CONTEXT() REPRESENTATION_CONTEXT('2D SPACE',''
  ) );
#299 = PCURVE('',#260,#300);
#300 = DEFINITIONAL_REPRESENTATION('',(#301),#305);
#301 = LINE('',#302,#303);
#302 = CARTESIAN_POINT('',(0.,-0.));
#303 = VECTOR('',#304,1.);
#304 = DIRECTION('',(0.,1.));
#305 = ( GEOMETRIC_REPRESENTATION_CONTEXT(2) 
PARAMETRIC_REPRESENTATION_CONTEXT() REPRESENTATION_CONTEXT('2D SPACE',''
  ) );
#306 = ORIENTED_EDGE('',*,*,#307,.T.);
#307 = EDGE_CURVE('',#285,#285,#308,.T.);
#308 = SURFACE_CURVE('',#309,(#314,#321),.PCURVE_S1.);
#309 = CIRCLE('',#310,460.);
#310 = AXIS2_PLACEMENT_3D('',#311,#312,#313);
#311 = CARTESIAN_POINT('',(0.,0.,0.));
#312 = DIRECTION('',(0.,0.,1.));
#313 = DIRECTION('',(1.,0.,-0.));
#314 = PCURVE('',#260,#315);
#315 = DEFINITIONAL_REPRESENTATION('',(#316),#320);
#316 = LINE('',#317,#318);
#317 = CARTESIAN_POINT('',(0.,0.));
#318 = VECTOR('',#319,1.);
#319 = DIRECTION('',(1.,0.));
#320 = ( GEOMETRIC_REPRESENTATION_CONTEXT(2) 
PARAMETRIC_REPRESENTATION_CONTEXT() REPRESENTATION_CONTEXT('2D SPACE',''
  ) );
#321 = PCURVE('',#322,#327);
#322 = PLANE('',#323);
#323 = AXIS2_PLACEMENT_3D('',#324,#325,#326);
#324 = CARTESIAN_POINT('',(0.,0.,0.));
#325 = DIRECTION('',(0.,0.,1.));
#326 = DIRECTION('',(1.,0.,-0.));
#327 = DEFINITIONAL_REPRESENTATION('',(#328),#332);
#328 = CIRCLE('',#329,460.);
#329 = AXIS2_PLACEMENT_2D('',#330,#331);
#330 = CARTESIAN_POINT('',(0.,0.));
#331 = DIRECTION('',(1.,0.));
#332 = ( GEOMETRIC_REPRESENTATION_CONTEXT(2) 
PARAMETRIC_REPRESENTATION_CONTEXT() REPRESENTATION_CONTEXT('2D SPACE',''
  ) );
#333 = ORIENTED_EDGE('',*,*,#284,.T.);
#334 = ADVANCED_FACE('',(#335),#272,.T.);
#335 = FACE_BOUND('',#336,.T.);
#336 = EDGE_LOOP('',(#337));
#337 = ORIENTED_EDGE('',*,*,#250,.T.);
#338 = ADVANCED_FACE('',(#339),#322,.F.);
#339 = FACE_BOUND('',#340,.T.);
#340 = EDGE_LOOP('',(#341));
#341 = ORIENTED_EDGE('',*,*,#307,.F.);
#342 = ( GEOMETRIC_REPRESENTATION_CONTEXT(3) 
GLOBAL_UNCERTAINTY_ASSIGNED_CONTEXT((#346)) GLOBAL_UNIT_ASSIGNED_CONTEXT
((#343,#344,#345)) REPRESENTATION_CONTEXT('Context #1',
  '3D Context with UNIT and UNCERTAINTY') );
#343 = ( LENGTH_UNIT() NAMED_UNIT(*) SI_UNIT(.MILLI.,.METRE.) );
#344 = ( NAMED_UNIT(*) PLANE_ANGLE_UNIT() SI_UNIT($,.RADIAN.) );
#345 = ( NAMED_UNIT(*) SI_UNIT($,.STERADIAN.) SOLID_ANGLE_UNIT() );
#346 = UNCERTAINTY_MEASURE_WITH_UNIT(LENGTH_MEASURE(1.E-07),#343,
  'distance_accuracy_value','confusion accuracy');
#347 = CONTEXT_DEPENDENT_SHAPE_REPRESENTATION(#348,#350);
#348 = ( REPRESENTATION_RELATIONSHIP('','',#243,#220) 
REPRESENTATION_RELATIONSHIP_WITH_TRANSFORMATION(#349) 
SHAPE_REPRESENTATION_RELATIONSHIP() );
#349 = ITEM_DEFINED_TRANSFORMATION('','',#11,#221);
#350 = PRODUCT_DEFINITION_SHAPE('Placement','Placement of an item',#351
  );
#351 = NEXT_ASSEMBLY_USAGE_OCCURRENCE('65','=>[0:1:1:3]','',#215,#238,$
  );
#352 = PRODUCT_RELATED_PRODUCT_CATEGORY('part',$,(#240));
#353 = SHAPE_DEFINITION_REPRESENTATION(#354,#360);
#354 = PRODUCT_DEFINITION_SHAPE('','',#355);
#355 = PRODUCT_DEFINITION('design','',#356,#359);
#356 = PRODUCT_DEFINITION_FORMATION('','',#357);
#357 = PRODUCT('left_front_faceted_aero_wheel_cover',
  'left_front_faceted_aero_wheel_cover','',(#358));
#358 = PRODUCT_CONTEXT('',#2,'mechanical');
#359 = PRODUCT_DEFINITION_CONTEXT('part definition',#2,'design');
#360 = SHAPE_REPRESENTATION('',(#11,#361),#365);
#361 = AXIS2_PLACEMENT_3D('',#362,#363,#364);
#362 = CARTESIAN_POINT('',(0.,0.,-162.5));
#363 = DIRECTION('',(0.,0.,1.));
#364 = DIRECTION('',(1.,0.,0.));
#365 = ( GEOMETRIC_REPRESENTATION_CONTEXT(3) 
GLOBAL_UNCERTAINTY_ASSIGNED_CONTEXT((#369)) GLOBAL_UNIT_ASSIGNED_CONTEXT
((#366,#367,#368)) REPRESENTATION_CONTEXT('Context #1',
  '3D Context with UNIT and UNCERTAINTY') );
#366 = ( LENGTH_UNIT() NAMED_UNIT(*) SI_UNIT(.MILLI.,.METRE.) );
#367 = ( NAMED_UNIT(*) PLANE_ANGLE_UNIT() SI_UNIT($,.RADIAN.) );
#368 = ( NAMED_UNIT(*) SI_UNIT($,.STERADIAN.) SOLID_ANGLE_UNIT() );
#369 = UNCERTAINTY_MEASURE_WITH_UNIT(LENGTH_MEASURE(1.E-07),#366,
  'distance_accuracy_value','confusion accuracy');
#370 = CONTEXT_DEPENDENT_SHAPE_REPRESENTATION(#371,#373);
#371 = ( REPRESENTATION_RELATIONSHIP('','',#360,#10) 
REPRESENTATION_RELATIONSHIP_WITH_TRANSFORMATION(#372) 
SHAPE_REPRESENTATION_RELATIONSHIP() );
#372 = ITEM_DEFINED_TRANSFORMATION('','',#11,#19);
#373 = PRODUCT_DEFINITION_SHAPE('Placement','Placement of an item',#374
  );
#374 = NEXT_ASSEMBLY_USAGE_OCCURRENCE('68','=>[0:1:1:4]','',#5,#355,$);
#375 = PRODUCT_RELATED_PRODUCT_CATEGORY('part',$,(#357));
#376 = SHAPE_DEFINITION_REPRESENTATION(#377,#383);
#377 = PRODUCT_DEFINITION_SHAPE('','',#378);
#378 = PRODUCT_DEFINITION('design','',#379,#382);
#379 = PRODUCT_DEFINITION_FORMATION('','',#380);
#380 = PRODUCT('SOLID','SOLID','',(#381));
#381 = PRODUCT_CONTEXT('',#2,'mechanical');
#382 = PRODUCT_DEFINITION_CONTEXT('part definition',#2,'design');
#383 = ADVANCED_BREP_SHAPE_REPRESENTATION('',(#11,#384),#482);
#384 = MANIFOLD_SOLID_BREP('',#385);
#385 = CLOSED_SHELL('',(#386,#474,#478));
#386 = ADVANCED_FACE('',(#387),#400,.T.);
#387 = FACE_BOUND('',#388,.T.);
#388 = EDGE_LOOP('',(#389,#423,#446,#473));
#389 = ORIENTED_EDGE('',*,*,#390,.F.);
#390 = EDGE_CURVE('',#391,#391,#393,.T.);
#391 = VERTEX_POINT('',#392);
#392 = CARTESIAN_POINT('',(303.6,-7.436055364423E-14,325.));
#393 = SURFACE_CURVE('',#394,(#399,#411),.PCURVE_S1.);
#394 = CIRCLE('',#395,303.6);
#395 = AXIS2_PLACEMENT_3D('',#396,#397,#398);
#396 = CARTESIAN_POINT('',(0.,0.,325.));
#397 = DIRECTION('',(0.,0.,1.));
#398 = DIRECTION('',(1.,0.,-0.));
#399 = PCURVE('',#400,#405);
#400 = CYLINDRICAL_SURFACE('',#401,303.6);
#401 = AXIS2_PLACEMENT_3D('',#402,#403,#404);
#402 = CARTESIAN_POINT('',(0.,0.,0.));
#403 = DIRECTION('',(0.,0.,1.));
#404 = DIRECTION('',(1.,0.,-0.));
#405 = DEFINITIONAL_REPRESENTATION('',(#406),#410);
#406 = LINE('',#407,#408);
#407 = CARTESIAN_POINT('',(0.,325.));
#408 = VECTOR('',#409,1.);
#409 = DIRECTION('',(1.,0.));
#410 = ( GEOMETRIC_REPRESENTATION_CONTEXT(2) 
PARAMETRIC_REPRESENTATION_CONTEXT() REPRESENTATION_CONTEXT('2D SPACE',''
  ) );
#411 = PCURVE('',#412,#417);
#412 = PLANE('',#413);
#413 = AXIS2_PLACEMENT_3D('',#414,#415,#416);
#414 = CARTESIAN_POINT('',(0.,0.,325.));
#415 = DIRECTION('',(0.,0.,1.));
#416 = DIRECTION('',(1.,0.,-0.));
#417 = DEFINITIONAL_REPRESENTATION('',(#418),#422);
#418 = CIRCLE('',#419,303.6);
#419 = AXIS2_PLACEMENT_2D('',#420,#421);
#420 = CARTESIAN_POINT('',(0.,0.));
#421 = DIRECTION('',(1.,0.));
#422 = ( GEOMETRIC_REPRESENTATION_CONTEXT(2) 
PARAMETRIC_REPRESENTATION_CONTEXT() REPRESENTATION_CONTEXT('2D SPACE',''
  ) );
#423 = ORIENTED_EDGE('',*,*,#424,.F.);
#424 = EDGE_CURVE('',#425,#391,#427,.T.);
#425 = VERTEX_POINT('',#426);
#426 = CARTESIAN_POINT('',(303.6,-7.436055364423E-14,0.));
#427 = SEAM_CURVE('',#428,(#432,#439),.PCURVE_S1.);
#428 = LINE('',#429,#430);
#429 = CARTESIAN_POINT('',(303.6,-7.436055364423E-14,0.));
#430 = VECTOR('',#431,1.);
#431 = DIRECTION('',(0.,0.,1.));
#432 = PCURVE('',#400,#433);
#433 = DEFINITIONAL_REPRESENTATION('',(#434),#438);
#434 = LINE('',#435,#436);
#435 = CARTESIAN_POINT('',(6.28318530718,-0.));
#436 = VECTOR('',#437,1.);
#437 = DIRECTION('',(0.,1.));
#438 = ( GEOMETRIC_REPRESENTATION_CONTEXT(2) 
PARAMETRIC_REPRESENTATION_CONTEXT() REPRESENTATION_CONTEXT('2D SPACE',''
  ) );
#439 = PCURVE('',#400,#440);
#440 = DEFINITIONAL_REPRESENTATION('',(#441),#445);
#441 = LINE('',#442,#443);
#442 = CARTESIAN_POINT('',(0.,-0.));
#443 = VECTOR('',#444,1.);
#444 = DIRECTION('',(0.,1.));
#445 = ( GEOMETRIC_REPRESENTATION_CONTEXT(2) 
PARAMETRIC_REPRESENTATION_CONTEXT() REPRESENTATION_CONTEXT('2D SPACE',''
  ) );
#446 = ORIENTED_EDGE('',*,*,#447,.T.);
#447 = EDGE_CURVE('',#425,#425,#448,.T.);
#448 = SURFACE_CURVE('',#449,(#454,#461),.PCURVE_S1.);
#449 = CIRCLE('',#450,303.6);
#450 = AXIS2_PLACEMENT_3D('',#451,#452,#453);
#451 = CARTESIAN_POINT('',(0.,0.,0.));
#452 = DIRECTION('',(0.,0.,1.));
#453 = DIRECTION('',(1.,0.,-0.));
#454 = PCURVE('',#400,#455);
#455 = DEFINITIONAL_REPRESENTATION('',(#456),#460);
#456 = LINE('',#457,#458);
#457 = CARTESIAN_POINT('',(0.,0.));
#458 = VECTOR('',#459,1.);
#459 = DIRECTION('',(1.,0.));
#460 = ( GEOMETRIC_REPRESENTATION_CONTEXT(2) 
PARAMETRIC_REPRESENTATION_CONTEXT() REPRESENTATION_CONTEXT('2D SPACE',''
  ) );
#461 = PCURVE('',#462,#467);
#462 = PLANE('',#463);
#463 = AXIS2_PLACEMENT_3D('',#464,#465,#466);
#464 = CARTESIAN_POINT('',(0.,0.,0.));
#465 = DIRECTION('',(0.,0.,1.));
#466 = DIRECTION('',(1.,0.,-0.));
#467 = DEFINITIONAL_REPRESENTATION('',(#468),#472);
#468 = CIRCLE('',#469,303.6);
#469 = AXIS2_PLACEMENT_2D('',#470,#471);
#470 = CARTESIAN_POINT('',(0.,0.));
#471 = DIRECTION('',(1.,0.));
#472 = ( GEOMETRIC_REPRESENTATION_CONTEXT(2) 
PARAMETRIC_REPRESENTATION_CONTEXT() REPRESENTATION_CONTEXT('2D SPACE',''
  ) );
#473 = ORIENTED_EDGE('',*,*,#424,.T.);
#474 = ADVANCED_FACE('',(#475),#412,.T.);
#475 = FACE_BOUND('',#476,.T.);
#476 = EDGE_LOOP('',(#477));
#477 = ORIENTED_EDGE('',*,*,#390,.T.);
#478 = ADVANCED_FACE('',(#479),#462,.F.);
#479 = FACE_BOUND('',#480,.T.);
#480 = EDGE_LOOP('',(#481));
#481 = ORIENTED_EDGE('',*,*,#447,.F.);
#482 = ( GEOMETRIC_REPRESENTATION_CONTEXT(3) 
GLOBAL_UNCERTAINTY_ASSIGNED_CONTEXT((#486)) GLOBAL_UNIT_ASSIGNED_CONTEXT
((#483,#484,#485)) REPRESENTATION_CONTEXT('Context #1',
  '3D Context with UNIT and UNCERTAINTY') );
#483 = ( LENGTH_UNIT() NAMED_UNIT(*) SI_UNIT(.MILLI.,.METRE.) );
#484 = ( NAMED_UNIT(*) PLANE_ANGLE_UNIT() SI_UNIT($,.RADIAN.) );
#485 = ( NAMED_UNIT(*) SI_UNIT($,.STERADIAN.) SOLID_ANGLE_UNIT() );
#486 = UNCERTAINTY_MEASURE_WITH_UNIT(LENGTH_MEASURE(1.E-07),#483,
  'distance_accuracy_value','confusion accuracy');
#487 = CONTEXT_DEPENDENT_SHAPE_REPRESENTATION(#488,#490);
#488 = ( REPRESENTATION_RELATIONSHIP('','',#383,#360) 
REPRESENTATION_RELATIONSHIP_WITH_TRANSFORMATION(#489) 
SHAPE_REPRESENTATION_RELATIONSHIP() );
#489 = ITEM_DEFINED_TRANSFORMATION('','',#11,#361);
#490 = PRODUCT_DEFINITION_SHAPE('Placement','Placement of an item',#491
  );
#491 = NEXT_ASSEMBLY_USAGE_OCCURRENCE('67','=>[0:1:1:5]','',#355,#378,$
  );
#492 = PRODUCT_RELATED_PRODUCT_CATEGORY('part',$,(#380));
#493 = SHAPE_DEFINITION_REPRESENTATION(#494,#500);
#494 = PRODUCT_DEFINITION_SHAPE('','',#495);
#495 = PRODUCT_DEFINITION('design','',#496,#499);
#496 = PRODUCT_DEFINITION_FORMATION('','',#497);
#497 = PRODUCT('left_front_simplified_brake_disc_solid',
  'left_front_simplified_brake_disc_solid','',(#498));
#498 = PRODUCT_CONTEXT('',#2,'mechanical');
#499 = PRODUCT_DEFINITION_CONTEXT('part definition',#2,'design');
#500 = SHAPE_REPRESENTATION('',(#11,#501),#505);
#501 = AXIS2_PLACEMENT_3D('',#502,#503,#504);
#502 = CARTESIAN_POINT('',(0.,0.,-166.5));
#503 = DIRECTION('',(0.,0.,1.));
#504 = DIRECTION('',(1.,0.,0.));
#505 = ( GEOMETRIC_REPRESENTATION_CONTEXT(3) 
GLOBAL_UNCERTAINTY_ASSIGNED_CONTEXT((#509)) GLOBAL_UNIT_ASSIGNED_CONTEXT
((#506,#507,#508)) REPRESENTATION_CONTEXT('Context #1',
  '3D Context with UNIT and UNCERTAINTY') );
#506 = ( LENGTH_UNIT() NAMED_UNIT(*) SI_UNIT(.MILLI.,.METRE.) );
#507 = ( NAMED_UNIT(*) PLANE_ANGLE_UNIT() SI_UNIT($,.RADIAN.) );
#508 = ( NAMED_UNIT(*) SI_UNIT($,.STERADIAN.) SOLID_ANGLE_UNIT() );
#509 = UNCERTAINTY_MEASURE_WITH_UNIT(LENGTH_MEASURE(1.E-07),#506,
  'distance_accuracy_value','confusion accuracy');
#510 = CONTEXT_DEPENDENT_SHAPE_REPRESENTATION(#511,#513);
#511 = ( REPRESENTATION_RELATIONSHIP('','',#500,#10) 
REPRESENTATION_RELATIONSHIP_WITH_TRANSFORMATION(#512) 
SHAPE_REPRESENTATION_RELATIONSHIP() );
#512 = ITEM_DEFINED_TRANSFORMATION('','',#11,#23);
#513 = PRODUCT_DEFINITION_SHAPE('Placement','Placement of an item',#514
  );
#514 = NEXT_ASSEMBLY_USAGE_OCCURRENCE('70','=>[0:1:1:6]','',#5,#495,$);
#515 = PRODUCT_RELATED_PRODUCT_CATEGORY('part',$,(#497));
#516 = SHAPE_DEFINITION_REPRESENTATION(#517,#523);
#517 = PRODUCT_DEFINITION_SHAPE('','',#518);
#518 = PRODUCT_DEFINITION('design','',#519,#522);
#519 = PRODUCT_DEFINITION_FORMATION('','',#520);
#520 = PRODUCT('SOLID','SOLID','',(#521));
#521 = PRODUCT_CONTEXT('',#2,'mechanical');
#522 = PRODUCT_DEFINITION_CONTEXT('part definition',#2,'design');
#523 = ADVANCED_BREP_SHAPE_REPRESENTATION('',(#11,#524),#622);
#524 = MANIFOLD_SOLID_BREP('',#525);
#525 = CLOSED_SHELL('',(#526,#614,#618));
#526 = ADVANCED_FACE('',(#527),#540,.T.);
#527 = FACE_BOUND('',#528,.T.);
#528 = EDGE_LOOP('',(#529,#563,#586,#613));
#529 = ORIENTED_EDGE('',*,*,#530,.F.);
#530 = EDGE_CURVE('',#531,#531,#533,.T.);
#531 = VERTEX_POINT('',#532);
#532 = CARTESIAN_POINT('',(197.8,-4.844702737427E-14,333.));
#533 = SURFACE_CURVE('',#534,(#539,#551),.PCURVE_S1.);
#534 = CIRCLE('',#535,197.8);
#535 = AXIS2_PLACEMENT_3D('',#536,#537,#538);
#536 = CARTESIAN_POINT('',(0.,0.,333.));
#537 = DIRECTION('',(0.,0.,1.));
#538 = DIRECTION('',(1.,0.,-0.));
#539 = PCURVE('',#540,#545);
#540 = CYLINDRICAL_SURFACE('',#541,197.8);
#541 = AXIS2_PLACEMENT_3D('',#542,#543,#544);
#542 = CARTESIAN_POINT('',(0.,0.,0.));
#543 = DIRECTION('',(0.,0.,1.));
#544 = DIRECTION('',(1.,0.,-0.));
#545 = DEFINITIONAL_REPRESENTATION('',(#546),#550);
#546 = LINE('',#547,#548);
#547 = CARTESIAN_POINT('',(0.,333.));
#548 = VECTOR('',#549,1.);
#549 = DIRECTION('',(1.,0.));
#550 = ( GEOMETRIC_REPRESENTATION_CONTEXT(2) 
PARAMETRIC_REPRESENTATION_CONTEXT() REPRESENTATION_CONTEXT('2D SPACE',''
  ) );
#551 = PCURVE('',#552,#557);
#552 = PLANE('',#553);
#553 = AXIS2_PLACEMENT_3D('',#554,#555,#556);
#554 = CARTESIAN_POINT('',(0.,0.,333.));
#555 = DIRECTION('',(0.,0.,1.));
#556 = DIRECTION('',(1.,0.,-0.));
#557 = DEFINITIONAL_REPRESENTATION('',(#558),#562);
#558 = CIRCLE('',#559,197.8);
#559 = AXIS2_PLACEMENT_2D('',#560,#561);
#560 = CARTESIAN_POINT('',(0.,0.));
#561 = DIRECTION('',(1.,0.));
#562 = ( GEOMETRIC_REPRESENTATION_CONTEXT(2) 
PARAMETRIC_REPRESENTATION_CONTEXT() REPRESENTATION_CONTEXT('2D SPACE',''
  ) );
#563 = ORIENTED_EDGE('',*,*,#564,.F.);
#564 = EDGE_CURVE('',#565,#531,#567,.T.);
#565 = VERTEX_POINT('',#566);
#566 = CARTESIAN_POINT('',(197.8,-4.844702737427E-14,0.));
#567 = SEAM_CURVE('',#568,(#572,#579),.PCURVE_S1.);
#568 = LINE('',#569,#570);
#569 = CARTESIAN_POINT('',(197.8,-4.844702737427E-14,0.));
#570 = VECTOR('',#571,1.);
#571 = DIRECTION('',(0.,0.,1.));
#572 = PCURVE('',#540,#573);
#573 = DEFINITIONAL_REPRESENTATION('',(#574),#578);
#574 = LINE('',#575,#576);
#575 = CARTESIAN_POINT('',(6.28318530718,-0.));
#576 = VECTOR('',#577,1.);
#577 = DIRECTION('',(0.,1.));
#578 = ( GEOMETRIC_REPRESENTATION_CONTEXT(2) 
PARAMETRIC_REPRESENTATION_CONTEXT() REPRESENTATION_CONTEXT('2D SPACE',''
  ) );
#579 = PCURVE('',#540,#580);
#580 = DEFINITIONAL_REPRESENTATION('',(#581),#585);
#581 = LINE('',#582,#583);
#582 = CARTESIAN_POINT('',(0.,-0.));
#583 = VECTOR('',#584,1.);
#584 = DIRECTION('',(0.,1.));
#585 = ( GEOMETRIC_REPRESENTATION_CONTEXT(2) 
PARAMETRIC_REPRESENTATION_CONTEXT() REPRESENTATION_CONTEXT('2D SPACE',''
  ) );
#586 = ORIENTED_EDGE('',*,*,#587,.T.);
#587 = EDGE_CURVE('',#565,#565,#588,.T.);
#588 = SURFACE_CURVE('',#589,(#594,#601),.PCURVE_S1.);
#589 = CIRCLE('',#590,197.8);
#590 = AXIS2_PLACEMENT_3D('',#591,#592,#593);
#591 = CARTESIAN_POINT('',(0.,0.,0.));
#592 = DIRECTION('',(0.,0.,1.));
#593 = DIRECTION('',(1.,0.,-0.));
#594 = PCURVE('',#540,#595);
#595 = DEFINITIONAL_REPRESENTATION('',(#596),#600);
#596 = LINE('',#597,#598);
#597 = CARTESIAN_POINT('',(0.,0.));
#598 = VECTOR('',#599,1.);
#599 = DIRECTION('',(1.,0.));
#600 = ( GEOMETRIC_REPRESENTATION_CONTEXT(2) 
PARAMETRIC_REPRESENTATION_CONTEXT() REPRESENTATION_CONTEXT('2D SPACE',''
  ) );
#601 = PCURVE('',#602,#607);
#602 = PLANE('',#603);
#603 = AXIS2_PLACEMENT_3D('',#604,#605,#606);
#604 = CARTESIAN_POINT('',(0.,0.,0.));
#605 = DIRECTION('',(0.,0.,1.));
#606 = DIRECTION('',(1.,0.,-0.));
#607 = DEFINITIONAL_REPRESENTATION('',(#608),#612);
#608 = CIRCLE('',#609,197.8);
#609 = AXIS2_PLACEMENT_2D('',#610,#611);
#610 = CARTESIAN_POINT('',(0.,0.));
#611 = DIRECTION('',(1.,0.));
#612 = ( GEOMETRIC_REPRESENTATION_CONTEXT(2) 
PARAMETRIC_REPRESENTATION_CONTEXT() REPRESENTATION_CONTEXT('2D SPACE',''
  ) );
#613 = ORIENTED_EDGE('',*,*,#564,.T.);
#614 = ADVANCED_FACE('',(#615),#552,.T.);
#615 = FACE_BOUND('',#616,.T.);
#616 = EDGE_LOOP('',(#617));
#617 = ORIENTED_EDGE('',*,*,#530,.T.);
#618 = ADVANCED_FACE('',(#619),#602,.F.);
#619 = FACE_BOUND('',#620,.T.);
#620 = EDGE_LOOP('',(#621));
#621 = ORIENTED_EDGE('',*,*,#587,.F.);
#622 = ( GEOMETRIC_REPRESENTATION_CONTEXT(3) 
GLOBAL_UNCERTAINTY_ASSIGNED_CONTEXT((#626)) GLOBAL_UNIT_ASSIGNED_CONTEXT
((#623,#624,#625)) REPRESENTATION_CONTEXT('Context #1',
  '3D Context with UNIT and UNCERTAINTY') );
#623 = ( LENGTH_UNIT() NAMED_UNIT(*) SI_UNIT(.MILLI.,.METRE.) );
#624 = ( NAMED_UNIT(*) PLANE_ANGLE_UNIT() SI_UNIT($,.RADIAN.) );
#625 = ( NAMED_UNIT(*) SI_UNIT($,.STERADIAN.) SOLID_ANGLE_UNIT() );
#626 = UNCERTAINTY_MEASURE_WITH_UNIT(LENGTH_MEASURE(1.E-07),#623,
  'distance_accuracy_value','confusion accuracy');
#627 = CONTEXT_DEPENDENT_SHAPE_REPRESENTATION(#628,#630);
#628 = ( REPRESENTATION_RELATIONSHIP('','',#523,#500) 
REPRESENTATION_RELATIONSHIP_WITH_TRANSFORMATION(#629) 
SHAPE_REPRESENTATION_RELATIONSHIP() );
#629 = ITEM_DEFINED_TRANSFORMATION('','',#11,#501);
#630 = PRODUCT_DEFINITION_SHAPE('Placement','Placement of an item',#631
  );
#631 = NEXT_ASSEMBLY_USAGE_OCCURRENCE('69','=>[0:1:1:7]','',#495,#518,$
  );
#632 = PRODUCT_RELATED_PRODUCT_CATEGORY('part',$,(#520));
#633 = SHAPE_DEFINITION_REPRESENTATION(#634,#640);
#634 = PRODUCT_DEFINITION_SHAPE('','',#635);
#635 = PRODUCT_DEFINITION('design','',#636,#639);
#636 = PRODUCT_DEFINITION_FORMATION('','',#637);
#637 = PRODUCT('left_front_flush_center_hub',
  'left_front_flush_center_hub','',(#638));
#638 = PRODUCT_CONTEXT('',#2,'mechanical');
#639 = PRODUCT_DEFINITION_CONTEXT('part definition',#2,'design');
#640 = SHAPE_REPRESENTATION('',(#11,#641),#645);
#641 = AXIS2_PLACEMENT_3D('',#642,#643,#644);
#642 = CARTESIAN_POINT('',(0.,0.,-169.5));
#643 = DIRECTION('',(0.,0.,1.));
#644 = DIRECTION('',(1.,0.,0.));
#645 = ( GEOMETRIC_REPRESENTATION_CONTEXT(3) 
GLOBAL_UNCERTAINTY_ASSIGNED_CONTEXT((#649)) GLOBAL_UNIT_ASSIGNED_CONTEXT
((#646,#647,#648)) REPRESENTATION_CONTEXT('Context #1',
  '3D Context with UNIT and UNCERTAINTY') );
#646 = ( LENGTH_UNIT() NAMED_UNIT(*) SI_UNIT(.MILLI.,.METRE.) );
#647 = ( NAMED_UNIT(*) PLANE_ANGLE_UNIT() SI_UNIT($,.RADIAN.) );
#648 = ( NAMED_UNIT(*) SI_UNIT($,.STERADIAN.) SOLID_ANGLE_UNIT() );
#649 = UNCERTAINTY_MEASURE_WITH_UNIT(LENGTH_MEASURE(1.E-07),#646,
  'distance_accuracy_value','confusion accuracy');
#650 = CONTEXT_DEPENDENT_SHAPE_REPRESENTATION(#651,#653);
#651 = ( REPRESENTATION_RELATIONSHIP('','',#640,#10) 
REPRESENTATION_RELATIONSHIP_WITH_TRANSFORMATION(#652) 
SHAPE_REPRESENTATION_RELATIONSHIP() );
#652 = ITEM_DEFINED_TRANSFORMATION('','',#11,#27);
#653 = PRODUCT_DEFINITION_SHAPE('Placement','Placement of an item',#654
  );
#654 = NEXT_ASSEMBLY_USAGE_OCCURRENCE('72','=>[0:1:1:8]','',#5,#635,$);
#655 = PRODUCT_RELATED_PRODUCT_CATEGORY('part',$,(#637));
#656 = SHAPE_DEFINITION_REPRESENTATION(#657,#663);
#657 = PRODUCT_DEFINITION_SHAPE('','',#658);
#658 = PRODUCT_DEFINITION('design','',#659,#662);
#659 = PRODUCT_DEFINITION_FORMATION('','',#660);
#660 = PRODUCT('SOLID','SOLID','',(#661));
#661 = PRODUCT_CONTEXT('',#2,'mechanical');
#662 = PRODUCT_DEFINITION_CONTEXT('part definition',#2,'design');
#663 = ADVANCED_BREP_SHAPE_REPRESENTATION('',(#11,#664),#762);
#664 = MANIFOLD_SOLID_BREP('',#665);
#665 = CLOSED_SHELL('',(#666,#754,#758));
#666 = ADVANCED_FACE('',(#667),#680,.T.);
#667 = FACE_BOUND('',#668,.T.);
#668 = EDGE_LOOP('',(#669,#703,#726,#753));
#669 = ORIENTED_EDGE('',*,*,#670,.F.);
#670 = EDGE_CURVE('',#671,#671,#673,.T.);
#671 = VERTEX_POINT('',#672);
#672 = CARTESIAN_POINT('',(69.,-1.690012582823E-14,339.));
#673 = SURFACE_CURVE('',#674,(#679,#691),.PCURVE_S1.);
#674 = CIRCLE('',#675,69.);
#675 = AXIS2_PLACEMENT_3D('',#676,#677,#678);
#676 = CARTESIAN_POINT('',(0.,0.,339.));
#677 = DIRECTION('',(0.,0.,1.));
#678 = DIRECTION('',(1.,0.,-0.));
#679 = PCURVE('',#680,#685);
#680 = CYLINDRICAL_SURFACE('',#681,69.);
#681 = AXIS2_PLACEMENT_3D('',#682,#683,#684);
#682 = CARTESIAN_POINT('',(0.,0.,0.));
#683 = DIRECTION('',(0.,0.,1.));
#684 = DIRECTION('',(1.,0.,-0.));
#685 = DEFINITIONAL_REPRESENTATION('',(#686),#690);
#686 = LINE('',#687,#688);
#687 = CARTESIAN_POINT('',(0.,339.));
#688 = VECTOR('',#689,1.);
#689 = DIRECTION('',(1.,0.));
#690 = ( GEOMETRIC_REPRESENTATION_CONTEXT(2) 
PARAMETRIC_REPRESENTATION_CONTEXT() REPRESENTATION_CONTEXT('2D SPACE',''
  ) );
#691 = PCURVE('',#692,#697);
#692 = PLANE('',#693);
#693 = AXIS2_PLACEMENT_3D('',#694,#695,#696);
#694 = CARTESIAN_POINT('',(0.,0.,339.));
#695 = DIRECTION('',(0.,0.,1.));
#696 = DIRECTION('',(1.,0.,-0.));
#697 = DEFINITIONAL_REPRESENTATION('',(#698),#702);
#698 = CIRCLE('',#699,69.);
#699 = AXIS2_PLACEMENT_2D('',#700,#701);
#700 = CARTESIAN_POINT('',(0.,0.));
#701 = DIRECTION('',(1.,0.));
#702 = ( GEOMETRIC_REPRESENTATION_CONTEXT(2) 
PARAMETRIC_REPRESENTATION_CONTEXT() REPRESENTATION_CONTEXT('2D SPACE',''
  ) );
#703 = ORIENTED_EDGE('',*,*,#704,.F.);
#704 = EDGE_CURVE('',#705,#671,#707,.T.);
#705 = VERTEX_POINT('',#706);
#706 = CARTESIAN_POINT('',(69.,-1.690012582823E-14,0.));
#707 = SEAM_CURVE('',#708,(#712,#719),.PCURVE_S1.);
#708 = LINE('',#709,#710);
#709 = CARTESIAN_POINT('',(69.,-1.690012582823E-14,0.));
#710 = VECTOR('',#711,1.);
#711 = DIRECTION('',(0.,0.,1.));
#712 = PCURVE('',#680,#713);
#713 = DEFINITIONAL_REPRESENTATION('',(#714),#718);
#714 = LINE('',#715,#716);
#715 = CARTESIAN_POINT('',(6.28318530718,-0.));
#716 = VECTOR('',#717,1.);
#717 = DIRECTION('',(0.,1.));
#718 = ( GEOMETRIC_REPRESENTATION_CONTEXT(2) 
PARAMETRIC_REPRESENTATION_CONTEXT() REPRESENTATION_CONTEXT('2D SPACE',''
  ) );
#719 = PCURVE('',#680,#720);
#720 = DEFINITIONAL_REPRESENTATION('',(#721),#725);
#721 = LINE('',#722,#723);
#722 = CARTESIAN_POINT('',(0.,-0.));
#723 = VECTOR('',#724,1.);
#724 = DIRECTION('',(0.,1.));
#725 = ( GEOMETRIC_REPRESENTATION_CONTEXT(2) 
PARAMETRIC_REPRESENTATION_CONTEXT() REPRESENTATION_CONTEXT('2D SPACE',''
  ) );
#726 = ORIENTED_EDGE('',*,*,#727,.T.);
#727 = EDGE_CURVE('',#705,#705,#728,.T.);
#728 = SURFACE_CURVE('',#729,(#734,#741),.PCURVE_S1.);
#729 = CIRCLE('',#730,69.);
#730 = AXIS2_PLACEMENT_3D('',#731,#732,#733);
#731 = CARTESIAN_POINT('',(0.,0.,0.));
#732 = DIRECTION('',(0.,0.,1.));
#733 = DIRECTION('',(1.,0.,-0.));
#734 = PCURVE('',#680,#735);
#735 = DEFINITIONAL_REPRESENTATION('',(#736),#740);
#736 = LINE('',#737,#738);
#737 = CARTESIAN_POINT('',(0.,0.));
#738 = VECTOR('',#739,1.);
#739 = DIRECTION('',(1.,0.));
#740 = ( GEOMETRIC_REPRESENTATION_CONTEXT(2) 
PARAMETRIC_REPRESENTATION_CONTEXT() REPRESENTATION_CONTEXT('2D SPACE',''
  ) );
#741 = PCURVE('',#742,#747);
#742 = PLANE('',#743);
#743 = AXIS2_PLACEMENT_3D('',#744,#745,#746);
#744 = CARTESIAN_POINT('',(0.,0.,0.));
#745 = DIRECTION('',(0.,0.,1.));
#746 = DIRECTION('',(1.,0.,-0.));
#747 = DEFINITIONAL_REPRESENTATION('',(#748),#752);
#748 = CIRCLE('',#749,69.);
#749 = AXIS2_PLACEMENT_2D('',#750,#751);
#750 = CARTESIAN_POINT('',(0.,0.));
#751 = DIRECTION('',(1.,0.));
#752 = ( GEOMETRIC_REPRESENTATION_CONTEXT(2) 
PARAMETRIC_REPRESENTATION_CONTEXT() REPRESENTATION_CONTEXT('2D SPACE',''
  ) );
#753 = ORIENTED_EDGE('',*,*,#704,.T.);
#754 = ADVANCED_FACE('',(#755),#692,.T.);
#755 = FACE_BOUND('',#756,.T.);
#756 = EDGE_LOOP('',(#757));
#757 = ORIENTED_EDGE('',*,*,#670,.T.);
#758 = ADVANCED_FACE('',(#759),#742,.F.);
#759 = FACE_BOUND('',#760,.T.);
#760 = EDGE_LOOP('',(#761));
#761 = ORIENTED_EDGE('',*,*,#727,.F.);
#762 = ( GEOMETRIC_REPRESENTATION_CONTEXT(3) 
GLOBAL_UNCERTAINTY_ASSIGNED_CONTEXT((#766)) GLOBAL_UNIT_ASSIGNED_CONTEXT
((#763,#764,#765)) REPRESENTATION_CONTEXT('Context #1',
  '3D Context with UNIT and UNCERTAINTY') );
#763 = ( LENGTH_UNIT() NAMED_UNIT(*) SI_UNIT(.MILLI.,.METRE.) );
#764 = ( NAMED_UNIT(*) PLANE_ANGLE_UNIT() SI_UNIT($,.RADIAN.) );
#765 = ( NAMED_UNIT(*) SI_UNIT($,.STERADIAN.) SOLID_ANGLE_UNIT() );
#766 = UNCERTAINTY_MEASURE_WITH_UNIT(LENGTH_MEASURE(1.E-07),#763,
  'distance_accuracy_value','confusion accuracy');
#767 = CONTEXT_DEPENDENT_SHAPE_REPRESENTATION(#768,#770);
#768 = ( REPRESENTATION_RELATIONSHIP('','',#663,#640) 
REPRESENTATION_RELATIONSHIP_WITH_TRANSFORMATION(#769) 
SHAPE_REPRESENTATION_RELATIONSHIP() );
#769 = ITEM_DEFINED_TRANSFORMATION('','',#11,#641);
#770 = PRODUCT_DEFINITION_SHAPE('Placement','Placement of an item',#771
  );
#771 = NEXT_ASSEMBLY_USAGE_OCCURRENCE('71','=>[0:1:1:9]','',#635,#658,$
  );
#772 = PRODUCT_RELATED_PRODUCT_CATEGORY('part',$,(#660));
#773 = SHAPE_DEFINITION_REPRESENTATION(#774,#780);
#774 = PRODUCT_DEFINITION_SHAPE('','',#775);
#775 = PRODUCT_DEFINITION('design','',#776,#779);
#776 = PRODUCT_DEFINITION_FORMATION('','',#777);
#777 = PRODUCT('left_front_dark_wheel_arch_cutout_backer',
  'left_front_dark_wheel_arch_cutout_backer','',(#778));
#778 = PRODUCT_CONTEXT('',#2,'mechanical');
#779 = PRODUCT_DEFINITION_CONTEXT('part definition',#2,'design');
#780 = SHAPE_REPRESENTATION('',(#11,#781),#785);
#781 = AXIS2_PLACEMENT_3D('',#782,#783,#784);
#782 = CARTESIAN_POINT('',(-380.,-17.,-220.));
#783 = DIRECTION('',(0.,0.,1.));
#784 = DIRECTION('',(1.,0.,0.));
#785 = ( GEOMETRIC_REPRESENTATION_CONTEXT(3) 
GLOBAL_UNCERTAINTY_ASSIGNED_CONTEXT((#789)) GLOBAL_UNIT_ASSIGNED_CONTEXT
((#786,#787,#788)) REPRESENTATION_CONTEXT('Context #1',
  '3D Context with UNIT and UNCERTAINTY') );
#786 = ( LENGTH_UNIT() NAMED_UNIT(*) SI_UNIT(.MILLI.,.METRE.) );
#787 = ( NAMED_UNIT(*) PLANE_ANGLE_UNIT() SI_UNIT($,.RADIAN.) );
#788 = ( NAMED_UNIT(*) SI_UNIT($,.STERADIAN.) SOLID_ANGLE_UNIT() );
#789 = UNCERTAINTY_MEASURE_WITH_UNIT(LENGTH_MEASURE(1.E-07),#786,
  'distance_accuracy_value','confusion accuracy');
#790 = CONTEXT_DEPENDENT_SHAPE_REPRESENTATION(#791,#793);
#791 = ( REPRESENTATION_RELATIONSHIP('','',#780,#10) 
REPRESENTATION_RELATIONSHIP_WITH_TRANSFORMATION(#792) 
SHAPE_REPRESENTATION_RELATIONSHIP() );
#792 = ITEM_DEFINED_TRANSFORMATION('','',#11,#31);
#793 = PRODUCT_DEFINITION_SHAPE('Placement','Placement of an item',#794
  );
#794 = NEXT_ASSEMBLY_USAGE_OCCURRENCE('74','=>[0:1:1:10]','',#5,#775,$);
#795 = PRODUCT_RELATED_PRODUCT_CATEGORY('part',$,(#777));
#796 = SHAPE_DEFINITION_REPRESENTATION(#797,#803);
#797 = PRODUCT_DEFINITION_SHAPE('','',#798);
#798 = PRODUCT_DEFINITION('design','',#799,#802);
#799 = PRODUCT_DEFINITION_FORMATION('','',#800);
#800 = PRODUCT('SOLID','SOLID','',(#801));
#801 = PRODUCT_CONTEXT('',#2,'mechanical');
#802 = PRODUCT_DEFINITION_CONTEXT('part definition',#2,'design');
#803 = ADVANCED_BREP_SHAPE_REPRESENTATION('',(#11,#804),#1134);
#804 = MANIFOLD_SOLID_BREP('',#805);
#805 = CLOSED_SHELL('',(#806,#926,#1026,#1073,#1120,#1127));
#806 = ADVANCED_FACE('',(#807),#821,.F.);
#807 = FACE_BOUND('',#808,.F.);
#808 = EDGE_LOOP('',(#809,#844,#872,#900));
#809 = ORIENTED_EDGE('',*,*,#810,.F.);
#810 = EDGE_CURVE('',#811,#813,#815,.T.);
#811 = VERTEX_POINT('',#812);
#812 = CARTESIAN_POINT('',(0.,0.,0.));
#813 = VERTEX_POINT('',#814);
#814 = CARTESIAN_POINT('',(0.,0.,440.));
#815 = SURFACE_CURVE('',#816,(#820,#832),.PCURVE_S1.);
#816 = LINE('',#817,#818);
#817 = CARTESIAN_POINT('',(0.,0.,0.));
#818 = VECTOR('',#819,1.);
#819 = DIRECTION('',(0.,0.,1.));
#820 = PCURVE('',#821,#826);
#821 = PLANE('',#822);
#822 = AXIS2_PLACEMENT_3D('',#823,#824,#825);
#823 = CARTESIAN_POINT('',(0.,0.,0.));
#824 = DIRECTION('',(1.,0.,-0.));
#825 = DIRECTION('',(0.,0.,1.));
#826 = DEFINITIONAL_REPRESENTATION('',(#827),#831);
#827 = LINE('',#828,#829);
#828 = CARTESIAN_POINT('',(0.,0.));
#829 = VECTOR('',#830,1.);
#830 = DIRECTION('',(1.,0.));
#831 = ( GEOMETRIC_REPRESENTATION_CONTEXT(2) 
PARAMETRIC_REPRESENTATION_CONTEXT() REPRESENTATION_CONTEXT('2D SPACE',''
  ) );
#832 = PCURVE('',#833,#838);
#833 = PLANE('',#834);
#834 = AXIS2_PLACEMENT_3D('',#835,#836,#837);
#835 = CARTESIAN_POINT('',(0.,0.,0.));
#836 = DIRECTION('',(-0.,1.,0.));
#837 = DIRECTION('',(0.,0.,1.));
#838 = DEFINITIONAL_REPRESENTATION('',(#839),#843);
#839 = LINE('',#840,#841);
#840 = CARTESIAN_POINT('',(0.,0.));
#841 = VECTOR('',#842,1.);
#842 = DIRECTION('',(1.,0.));
#843 = ( GEOMETRIC_REPRESENTATION_CONTEXT(2) 
PARAMETRIC_REPRESENTATION_CONTEXT() REPRESENTATION_CONTEXT('2D SPACE',''
  ) );
#844 = ORIENTED_EDGE('',*,*,#845,.T.);
#845 = EDGE_CURVE('',#811,#846,#848,.T.);
#846 = VERTEX_POINT('',#847);
#847 = CARTESIAN_POINT('',(0.,34.,0.));
#848 = SURFACE_CURVE('',#849,(#853,#860),.PCURVE_S1.);
#849 = LINE('',#850,#851);
#850 = CARTESIAN_POINT('',(0.,0.,0.));
#851 = VECTOR('',#852,1.);
#852 = DIRECTION('',(-0.,1.,0.));
#853 = PCURVE('',#821,#854);
#854 = DEFINITIONAL_REPRESENTATION('',(#855),#859);
#855 = LINE('',#856,#857);
#856 = CARTESIAN_POINT('',(0.,0.));
#857 = VECTOR('',#858,1.);
#858 = DIRECTION('',(0.,-1.));
#859 = ( GEOMETRIC_REPRESENTATION_CONTEXT(2) 
PARAMETRIC_REPRESENTATION_CONTEXT() REPRESENTATION_CONTEXT('2D SPACE',''
  ) );
#860 = PCURVE('',#861,#866);
#861 = PLANE('',#862);
#862 = AXIS2_PLACEMENT_3D('',#863,#864,#865);
#863 = CARTESIAN_POINT('',(0.,0.,0.));
#864 = DIRECTION('',(0.,0.,1.));
#865 = DIRECTION('',(1.,0.,-0.));
#866 = DEFINITIONAL_REPRESENTATION('',(#867),#871);
#867 = LINE('',#868,#869);
#868 = CARTESIAN_POINT('',(0.,0.));
#869 = VECTOR('',#870,1.);
#870 = DIRECTION('',(0.,1.));
#871 = ( GEOMETRIC_REPRESENTATION_CONTEXT(2) 
PARAMETRIC_REPRESENTATION_CONTEXT() REPRESENTATION_CONTEXT('2D SPACE',''
  ) );
#872 = ORIENTED_EDGE('',*,*,#873,.T.);
#873 = EDGE_CURVE('',#846,#874,#876,.T.);
#874 = VERTEX_POINT('',#875);
#875 = CARTESIAN_POINT('',(0.,34.,440.));
#876 = SURFACE_CURVE('',#877,(#881,#888),.PCURVE_S1.);
#877 = LINE('',#878,#879);
#878 = CARTESIAN_POINT('',(0.,34.,0.));
#879 = VECTOR('',#880,1.);
#880 = DIRECTION('',(0.,0.,1.));
#881 = PCURVE('',#821,#882);
#882 = DEFINITIONAL_REPRESENTATION('',(#883),#887);
#883 = LINE('',#884,#885);
#884 = CARTESIAN_POINT('',(0.,-34.));
#885 = VECTOR('',#886,1.);
#886 = DIRECTION('',(1.,0.));
#887 = ( GEOMETRIC_REPRESENTATION_CONTEXT(2) 
PARAMETRIC_REPRESENTATION_CONTEXT() REPRESENTATION_CONTEXT('2D SPACE',''
  ) );
#888 = PCURVE('',#889,#894);
#889 = PLANE('',#890);
#890 = AXIS2_PLACEMENT_3D('',#891,#892,#893);
#891 = CARTESIAN_POINT('',(0.,34.,0.));
#892 = DIRECTION('',(-0.,1.,0.));
#893 = DIRECTION('',(0.,0.,1.));
#894 = DEFINITIONAL_REPRESENTATION('',(#895),#899);
#895 = LINE('',#896,#897);
#896 = CARTESIAN_POINT('',(0.,0.));
#897 = VECTOR('',#898,1.);
#898 = DIRECTION('',(1.,0.));
#899 = ( GEOMETRIC_REPRESENTATION_CONTEXT(2) 
PARAMETRIC_REPRESENTATION_CONTEXT() REPRESENTATION_CONTEXT('2D SPACE',''
  ) );
#900 = ORIENTED_EDGE('',*,*,#901,.F.);
#901 = EDGE_CURVE('',#813,#874,#902,.T.);
#902 = SURFACE_CURVE('',#903,(#907,#914),.PCURVE_S1.);
#903 = LINE('',#904,#905);
#904 = CARTESIAN_POINT('',(0.,0.,440.));
#905 = VECTOR('',#906,1.);
#906 = DIRECTION('',(-0.,1.,0.));
#907 = PCURVE('',#821,#908);
#908 = DEFINITIONAL_REPRESENTATION('',(#909),#913);
#909 = LINE('',#910,#911);
#910 = CARTESIAN_POINT('',(440.,0.));
#911 = VECTOR('',#912,1.);
#912 = DIRECTION('',(0.,-1.));
#913 = ( GEOMETRIC_REPRESENTATION_CONTEXT(2) 
PARAMETRIC_REPRESENTATION_CONTEXT() REPRESENTATION_CONTEXT('2D SPACE',''
  ) );
#914 = PCURVE('',#915,#920);
#915 = PLANE('',#916);
#916 = AXIS2_PLACEMENT_3D('',#917,#918,#919);
#917 = CARTESIAN_POINT('',(0.,0.,440.));
#918 = DIRECTION('',(0.,0.,1.));
#919 = DIRECTION('',(1.,0.,-0.));
#920 = DEFINITIONAL_REPRESENTATION('',(#921),#925);
#921 = LINE('',#922,#923);
#922 = CARTESIAN_POINT('',(0.,0.));
#923 = VECTOR('',#924,1.);
#924 = DIRECTION('',(0.,1.));
#925 = ( GEOMETRIC_REPRESENTATION_CONTEXT(2) 
PARAMETRIC_REPRESENTATION_CONTEXT() REPRESENTATION_CONTEXT('2D SPACE',''
  ) );
#926 = ADVANCED_FACE('',(#927),#941,.T.);
#927 = FACE_BOUND('',#928,.T.);
#928 = EDGE_LOOP('',(#929,#959,#982,#1005));
#929 = ORIENTED_EDGE('',*,*,#930,.F.);
#930 = EDGE_CURVE('',#931,#933,#935,.T.);
#931 = VERTEX_POINT('',#932);
#932 = CARTESIAN_POINT('',(760.,0.,0.));
#933 = VERTEX_POINT('',#934);
#934 = CARTESIAN_POINT('',(760.,0.,440.));
#935 = SURFACE_CURVE('',#936,(#940,#952),.PCURVE_S1.);
#936 = LINE('',#937,#938);
#937 = CARTESIAN_POINT('',(760.,0.,0.));
#938 = VECTOR('',#939,1.);
#939 = DIRECTION('',(0.,0.,1.));
#940 = PCURVE('',#941,#946);
#941 = PLANE('',#942);
#942 = AXIS2_PLACEMENT_3D('',#943,#944,#945);
#943 = CARTESIAN_POINT('',(760.,0.,0.));
#944 = DIRECTION('',(1.,0.,-0.));
#945 = DIRECTION('',(0.,0.,1.));
#946 = DEFINITIONAL_REPRESENTATION('',(#947),#951);
#947 = LINE('',#948,#949);
#948 = CARTESIAN_POINT('',(0.,0.));
#949 = VECTOR('',#950,1.);
#950 = DIRECTION('',(1.,0.));
#951 = ( GEOMETRIC_REPRESENTATION_CONTEXT(2) 
PARAMETRIC_REPRESENTATION_CONTEXT() REPRESENTATION_CONTEXT('2D SPACE',''
  ) );
#952 = PCURVE('',#833,#953);
#953 = DEFINITIONAL_REPRESENTATION('',(#954),#958);
#954 = LINE('',#955,#956);
#955 = CARTESIAN_POINT('',(0.,760.));
#956 = VECTOR('',#957,1.);
#957 = DIRECTION('',(1.,0.));
#958 = ( GEOMETRIC_REPRESENTATION_CONTEXT(2) 
PARAMETRIC_REPRESENTATION_CONTEXT() REPRESENTATION_CONTEXT('2D SPACE',''
  ) );
#959 = ORIENTED_EDGE('',*,*,#960,.T.);
#960 = EDGE_CURVE('',#931,#961,#963,.T.);
#961 = VERTEX_POINT('',#962);
#962 = CARTESIAN_POINT('',(760.,34.,0.));
#963 = SURFACE_CURVE('',#964,(#968,#975),.PCURVE_S1.);
#964 = LINE('',#965,#966);
#965 = CARTESIAN_POINT('',(760.,0.,0.));
#966 = VECTOR('',#967,1.);
#967 = DIRECTION('',(-0.,1.,0.));
#968 = PCURVE('',#941,#969);
#969 = DEFINITIONAL_REPRESENTATION('',(#970),#974);
#970 = LINE('',#971,#972);
#971 = CARTESIAN_POINT('',(0.,0.));
#972 = VECTOR('',#973,1.);
#973 = DIRECTION('',(0.,-1.));
#974 = ( GEOMETRIC_REPRESENTATION_CONTEXT(2) 
PARAMETRIC_REPRESENTATION_CONTEXT() REPRESENTATION_CONTEXT('2D SPACE',''
  ) );
#975 = PCURVE('',#861,#976);
#976 = DEFINITIONAL_REPRESENTATION('',(#977),#981);
#977 = LINE('',#978,#979);
#978 = CARTESIAN_POINT('',(760.,0.));
#979 = VECTOR('',#980,1.);
#980 = DIRECTION('',(0.,1.));
#981 = ( GEOMETRIC_REPRESENTATION_CONTEXT(2) 
PARAMETRIC_REPRESENTATION_CONTEXT() REPRESENTATION_CONTEXT('2D SPACE',''
  ) );
#982 = ORIENTED_EDGE('',*,*,#983,.T.);
#983 = EDGE_CURVE('',#961,#984,#986,.T.);
#984 = VERTEX_POINT('',#985);
#985 = CARTESIAN_POINT('',(760.,34.,440.));
#986 = SURFACE_CURVE('',#987,(#991,#998),.PCURVE_S1.);
#987 = LINE('',#988,#989);
#988 = CARTESIAN_POINT('',(760.,34.,0.));
#989 = VECTOR('',#990,1.);
#990 = DIRECTION('',(0.,0.,1.));
#991 = PCURVE('',#941,#992);
#992 = DEFINITIONAL_REPRESENTATION('',(#993),#997);
#993 = LINE('',#994,#995);
#994 = CARTESIAN_POINT('',(0.,-34.));
#995 = VECTOR('',#996,1.);
#996 = DIRECTION('',(1.,0.));
#997 = ( GEOMETRIC_REPRESENTATION_CONTEXT(2) 
PARAMETRIC_REPRESENTATION_CONTEXT() REPRESENTATION_CONTEXT('2D SPACE',''
  ) );
#998 = PCURVE('',#889,#999);
#999 = DEFINITIONAL_REPRESENTATION('',(#1000),#1004);
#1000 = LINE('',#1001,#1002);
#1001 = CARTESIAN_POINT('',(0.,760.));
#1002 = VECTOR('',#1003,1.);
#1003 = DIRECTION('',(1.,0.));
#1004 = ( GEOMETRIC_REPRESENTATION_CONTEXT(2) 
PARAMETRIC_REPRESENTATION_CONTEXT() REPRESENTATION_CONTEXT('2D SPACE',''
  ) );
#1005 = ORIENTED_EDGE('',*,*,#1006,.F.);
#1006 = EDGE_CURVE('',#933,#984,#1007,.T.);
#1007 = SURFACE_CURVE('',#1008,(#1012,#1019),.PCURVE_S1.);
#1008 = LINE('',#1009,#1010);
#1009 = CARTESIAN_POINT('',(760.,0.,440.));
#1010 = VECTOR('',#1011,1.);
#1011 = DIRECTION('',(-0.,1.,0.));
#1012 = PCURVE('',#941,#1013);
#1013 = DEFINITIONAL_REPRESENTATION('',(#1014),#1018);
#1014 = LINE('',#1015,#1016);
#1015 = CARTESIAN_POINT('',(440.,0.));
#1016 = VECTOR('',#1017,1.);
#1017 = DIRECTION('',(0.,-1.));
#1018 = ( GEOMETRIC_REPRESENTATION_CONTEXT(2) 
PARAMETRIC_REPRESENTATION_CONTEXT() REPRESENTATION_CONTEXT('2D SPACE',''
  ) );
#1019 = PCURVE('',#915,#1020);
#1020 = DEFINITIONAL_REPRESENTATION('',(#1021),#1025);
#1021 = LINE('',#1022,#1023);
#1022 = CARTESIAN_POINT('',(760.,0.));
#1023 = VECTOR('',#1024,1.);
#1024 = DIRECTION('',(0.,1.));
#1025 = ( GEOMETRIC_REPRESENTATION_CONTEXT(2) 
PARAMETRIC_REPRESENTATION_CONTEXT() REPRESENTATION_CONTEXT('2D SPACE',''
  ) );
#1026 = ADVANCED_FACE('',(#1027),#833,.F.);
#1027 = FACE_BOUND('',#1028,.F.);
#1028 = EDGE_LOOP('',(#1029,#1050,#1051,#1072));
#1029 = ORIENTED_EDGE('',*,*,#1030,.F.);
#1030 = EDGE_CURVE('',#811,#931,#1031,.T.);
#1031 = SURFACE_CURVE('',#1032,(#1036,#1043),.PCURVE_S1.);
#1032 = LINE('',#1033,#1034);
#1033 = CARTESIAN_POINT('',(0.,0.,0.));
#1034 = VECTOR('',#1035,1.);
#1035 = DIRECTION('',(1.,0.,-0.));
#1036 = PCURVE('',#833,#1037);
#1037 = DEFINITIONAL_REPRESENTATION('',(#1038),#1042);
#1038 = LINE('',#1039,#1040);
#1039 = CARTESIAN_POINT('',(0.,0.));
#1040 = VECTOR('',#1041,1.);
#1041 = DIRECTION('',(0.,1.));
#1042 = ( GEOMETRIC_REPRESENTATION_CONTEXT(2) 
PARAMETRIC_REPRESENTATION_CONTEXT() REPRESENTATION_CONTEXT('2D SPACE',''
  ) );
#1043 = PCURVE('',#861,#1044);
#1044 = DEFINITIONAL_REPRESENTATION('',(#1045),#1049);
#1045 = LINE('',#1046,#1047);
#1046 = CARTESIAN_POINT('',(0.,0.));
#1047 = VECTOR('',#1048,1.);
#1048 = DIRECTION('',(1.,0.));
#1049 = ( GEOMETRIC_REPRESENTATION_CONTEXT(2) 
PARAMETRIC_REPRESENTATION_CONTEXT() REPRESENTATION_CONTEXT('2D SPACE',''
  ) );
#1050 = ORIENTED_EDGE('',*,*,#810,.T.);
#1051 = ORIENTED_EDGE('',*,*,#1052,.T.);
#1052 = EDGE_CURVE('',#813,#933,#1053,.T.);
#1053 = SURFACE_CURVE('',#1054,(#1058,#1065),.PCURVE_S1.);
#1054 = LINE('',#1055,#1056);
#1055 = CARTESIAN_POINT('',(0.,0.,440.));
#1056 = VECTOR('',#1057,1.);
#1057 = DIRECTION('',(1.,0.,-0.));
#1058 = PCURVE('',#833,#1059);
#1059 = DEFINITIONAL_REPRESENTATION('',(#1060),#1064);
#1060 = LINE('',#1061,#1062);
#1061 = CARTESIAN_POINT('',(440.,0.));
#1062 = VECTOR('',#1063,1.);
#1063 = DIRECTION('',(0.,1.));
#1064 = ( GEOMETRIC_REPRESENTATION_CONTEXT(2) 
PARAMETRIC_REPRESENTATION_CONTEXT() REPRESENTATION_CONTEXT('2D SPACE',''
  ) );
#1065 = PCURVE('',#915,#1066);
#1066 = DEFINITIONAL_REPRESENTATION('',(#1067),#1071);
#1067 = LINE('',#1068,#1069);
#1068 = CARTESIAN_POINT('',(0.,0.));
#1069 = VECTOR('',#1070,1.);
#1070 = DIRECTION('',(1.,0.));
#1071 = ( GEOMETRIC_REPRESENTATION_CONTEXT(2) 
PARAMETRIC_REPRESENTATION_CONTEXT() REPRESENTATION_CONTEXT('2D SPACE',''
  ) );
#1072 = ORIENTED_EDGE('',*,*,#930,.F.);
#1073 = ADVANCED_FACE('',(#1074),#889,.T.);
#1074 = FACE_BOUND('',#1075,.T.);
#1075 = EDGE_LOOP('',(#1076,#1097,#1098,#1119));
#1076 = ORIENTED_EDGE('',*,*,#1077,.F.);
#1077 = EDGE_CURVE('',#846,#961,#1078,.T.);
#1078 = SURFACE_CURVE('',#1079,(#1083,#1090),.PCURVE_S1.);
#1079 = LINE('',#1080,#1081);
#1080 = CARTESIAN_POINT('',(0.,34.,0.));
#1081 = VECTOR('',#1082,1.);
#1082 = DIRECTION('',(1.,0.,-0.));
#1083 = PCURVE('',#889,#1084);
#1084 = DEFINITIONAL_REPRESENTATION('',(#1085),#1089);
#1085 = LINE('',#1086,#1087);
#1086 = CARTESIAN_POINT('',(0.,0.));
#1087 = VECTOR('',#1088,1.);
#1088 = DIRECTION('',(0.,1.));
#1089 = ( GEOMETRIC_REPRESENTATION_CONTEXT(2) 
PARAMETRIC_REPRESENTATION_CONTEXT() REPRESENTATION_CONTEXT('2D SPACE',''
  ) );
#1090 = PCURVE('',#861,#1091);
#1091 = DEFINITIONAL_REPRESENTATION('',(#1092),#1096);
#1092 = LINE('',#1093,#1094);
#1093 = CARTESIAN_POINT('',(0.,34.));
#1094 = VECTOR('',#1095,1.);
#1095 = DIRECTION('',(1.,0.));
#1096 = ( GEOMETRIC_REPRESENTATION_CONTEXT(2) 
PARAMETRIC_REPRESENTATION_CONTEXT() REPRESENTATION_CONTEXT('2D SPACE',''
  ) );
#1097 = ORIENTED_EDGE('',*,*,#873,.T.);
#1098 = ORIENTED_EDGE('',*,*,#1099,.T.);
#1099 = EDGE_CURVE('',#874,#984,#1100,.T.);
#1100 = SURFACE_CURVE('',#1101,(#1105,#1112),.PCURVE_S1.);
#1101 = LINE('',#1102,#1103);
#1102 = CARTESIAN_POINT('',(0.,34.,440.));
#1103 = VECTOR('',#1104,1.);
#1104 = DIRECTION('',(1.,0.,-0.));
#1105 = PCURVE('',#889,#1106);
#1106 = DEFINITIONAL_REPRESENTATION('',(#1107),#1111);
#1107 = LINE('',#1108,#1109);
#1108 = CARTESIAN_POINT('',(440.,0.));
#1109 = VECTOR('',#1110,1.);
#1110 = DIRECTION('',(0.,1.));
#1111 = ( GEOMETRIC_REPRESENTATION_CONTEXT(2) 
PARAMETRIC_REPRESENTATION_CONTEXT() REPRESENTATION_CONTEXT('2D SPACE',''
  ) );
#1112 = PCURVE('',#915,#1113);
#1113 = DEFINITIONAL_REPRESENTATION('',(#1114),#1118);
#1114 = LINE('',#1115,#1116);
#1115 = CARTESIAN_POINT('',(0.,34.));
#1116 = VECTOR('',#1117,1.);
#1117 = DIRECTION('',(1.,0.));
#1118 = ( GEOMETRIC_REPRESENTATION_CONTEXT(2) 
PARAMETRIC_REPRESENTATION_CONTEXT() REPRESENTATION_CONTEXT('2D SPACE',''
  ) );
#1119 = ORIENTED_EDGE('',*,*,#983,.F.);
#1120 = ADVANCED_FACE('',(#1121),#861,.F.);
#1121 = FACE_BOUND('',#1122,.F.);
#1122 = EDGE_LOOP('',(#1123,#1124,#1125,#1126));
#1123 = ORIENTED_EDGE('',*,*,#845,.F.);
#1124 = ORIENTED_EDGE('',*,*,#1030,.T.);
#1125 = ORIENTED_EDGE('',*,*,#960,.T.);
#1126 = ORIENTED_EDGE('',*,*,#1077,.F.);
#1127 = ADVANCED_FACE('',(#1128),#915,.T.);
#1128 = FACE_BOUND('',#1129,.T.);
#1129 = EDGE_LOOP('',(#1130,#1131,#1132,#1133));
#1130 = ORIENTED_EDGE('',*,*,#901,.F.);
#1131 = ORIENTED_EDGE('',*,*,#1052,.T.);
#1132 = ORIENTED_EDGE('',*,*,#1006,.T.);
#1133 = ORIENTED_EDGE('',*,*,#1099,.F.);
#1134 = ( GEOMETRIC_REPRESENTATION_CONTEXT(3) 
GLOBAL_UNCERTAINTY_ASSIGNED_CONTEXT((#1138)) 
GLOBAL_UNIT_ASSIGNED_CONTEXT((#1135,#1136,#1137)) REPRESENTATION_CONTEXT
('Context #1','3D Context with UNIT and UNCERTAINTY') );
#1135 = ( LENGTH_UNIT() NAMED_UNIT(*) SI_UNIT(.MILLI.,.METRE.) );
#1136 = ( NAMED_UNIT(*) PLANE_ANGLE_UNIT() SI_UNIT($,.RADIAN.) );
#1137 = ( NAMED_UNIT(*) SI_UNIT($,.STERADIAN.) SOLID_ANGLE_UNIT() );
#1138 = UNCERTAINTY_MEASURE_WITH_UNIT(LENGTH_MEASURE(1.E-07),#1135,
  'distance_accuracy_value','confusion accuracy');
#1139 = CONTEXT_DEPENDENT_SHAPE_REPRESENTATION(#1140,#1142);
#1140 = ( REPRESENTATION_RELATIONSHIP('','',#803,#780) 
REPRESENTATION_RELATIONSHIP_WITH_TRANSFORMATION(#1141) 
SHAPE_REPRESENTATION_RELATIONSHIP() );
#1141 = ITEM_DEFINED_TRANSFORMATION('','',#11,#781);
#1142 = PRODUCT_DEFINITION_SHAPE('Placement','Placement of an item',
  #1143);
#1143 = NEXT_ASSEMBLY_USAGE_OCCURRENCE('73','=>[0:1:1:11]','',#775,#798,
  $);
#1144 = PRODUCT_RELATED_PRODUCT_CATEGORY('part',$,(#800));
#1145 = SHAPE_DEFINITION_REPRESENTATION(#1146,#1152);
#1146 = PRODUCT_DEFINITION_SHAPE('','',#1147);
#1147 = PRODUCT_DEFINITION('design','',#1148,#1151);
#1148 = PRODUCT_DEFINITION_FORMATION('','',#1149);
#1149 = PRODUCT('left_front_sharp_aero_fender_brow_surface',
  'left_front_sharp_aero_fender_brow_surface','',(#1150));
#1150 = PRODUCT_CONTEXT('',#2,'mechanical');
#1151 = PRODUCT_DEFINITION_CONTEXT('part definition',#2,'design');
#1152 = SHAPE_REPRESENTATION('',(#11,#1153),#1157);
#1153 = AXIS2_PLACEMENT_3D('',#1154,#1155,#1156);
#1154 = CARTESIAN_POINT('',(-430.,-28.,-44.));
#1155 = DIRECTION('',(0.,0.,1.));
#1156 = DIRECTION('',(1.,0.,0.));
#1157 = ( GEOMETRIC_REPRESENTATION_CONTEXT(3) 
GLOBAL_UNCERTAINTY_ASSIGNED_CONTEXT((#1161)) 
GLOBAL_UNIT_ASSIGNED_CONTEXT((#1158,#1159,#1160)) REPRESENTATION_CONTEXT
('Context #1','3D Context with UNIT and UNCERTAINTY') );
#1158 = ( LENGTH_UNIT() NAMED_UNIT(*) SI_UNIT(.MILLI.,.METRE.) );
#1159 = ( NAMED_UNIT(*) PLANE_ANGLE_UNIT() SI_UNIT($,.RADIAN.) );
#1160 = ( NAMED_UNIT(*) SI_UNIT($,.STERADIAN.) SOLID_ANGLE_UNIT() );
#1161 = UNCERTAINTY_MEASURE_WITH_UNIT(LENGTH_MEASURE(1.E-07),#1158,
  'distance_accuracy_value','confusion accuracy');
#1162 = CONTEXT_DEPENDENT_SHAPE_REPRESENTATION(#1163,#1165);
#1163 = ( REPRESENTATION_RELATIONSHIP('','',#1152,#10) 
REPRESENTATION_RELATIONSHIP_WITH_TRANSFORMATION(#1164) 
SHAPE_REPRESENTATION_RELATIONSHIP() );
#1164 = ITEM_DEFINED_TRANSFORMATION('','',#11,#35);
#1165 = PRODUCT_DEFINITION_SHAPE('Placement','Placement of an item',
  #1166);
#1166 = NEXT_ASSEMBLY_USAGE_OCCURRENCE('76','=>[0:1:1:12]','',#5,#1147,$
  );
#1167 = PRODUCT_RELATED_PRODUCT_CATEGORY('part',$,(#1149));
#1168 = SHAPE_DEFINITION_REPRESENTATION(#1169,#1175);
#1169 = PRODUCT_DEFINITION_SHAPE('','',#1170);
#1170 = PRODUCT_DEFINITION('design','',#1171,#1174);
#1171 = PRODUCT_DEFINITION_FORMATION('','',#1172);
#1172 = PRODUCT('SOLID','SOLID','',(#1173));
#1173 = PRODUCT_CONTEXT('',#2,'mechanical');
#1174 = PRODUCT_DEFINITION_CONTEXT('part definition',#2,'design');
#1175 = ADVANCED_BREP_SHAPE_REPRESENTATION('',(#11,#1176),#1506);
#1176 = MANIFOLD_SOLID_BREP('',#1177);
#1177 = CLOSED_SHELL('',(#1178,#1298,#1398,#1445,#1492,#1499));
#1178 = ADVANCED_FACE('',(#1179),#1193,.F.);
#1179 = FACE_BOUND('',#1180,.F.);
#1180 = EDGE_LOOP('',(#1181,#1216,#1244,#1272));
#1181 = ORIENTED_EDGE('',*,*,#1182,.F.);
#1182 = EDGE_CURVE('',#1183,#1185,#1187,.T.);
#1183 = VERTEX_POINT('',#1184);
#1184 = CARTESIAN_POINT('',(0.,0.,0.));
#1185 = VERTEX_POINT('',#1186);
#1186 = CARTESIAN_POINT('',(0.,0.,88.));
#1187 = SURFACE_CURVE('',#1188,(#1192,#1204),.PCURVE_S1.);
#1188 = LINE('',#1189,#1190);
#1189 = CARTESIAN_POINT('',(0.,0.,0.));
#1190 = VECTOR('',#1191,1.);
#1191 = DIRECTION('',(0.,0.,1.));
#1192 = PCURVE('',#1193,#1198);
#1193 = PLANE('',#1194);
#1194 = AXIS2_PLACEMENT_3D('',#1195,#1196,#1197);
#1195 = CARTESIAN_POINT('',(0.,0.,0.));
#1196 = DIRECTION('',(1.,0.,-0.));
#1197 = DIRECTION('',(0.,0.,1.));
#1198 = DEFINITIONAL_REPRESENTATION('',(#1199),#1203);
#1199 = LINE('',#1200,#1201);
#1200 = CARTESIAN_POINT('',(0.,0.));
#1201 = VECTOR('',#1202,1.);
#1202 = DIRECTION('',(1.,0.));
#1203 = ( GEOMETRIC_REPRESENTATION_CONTEXT(2) 
PARAMETRIC_REPRESENTATION_CONTEXT() REPRESENTATION_CONTEXT('2D SPACE',''
  ) );
#1204 = PCURVE('',#1205,#1210);
#1205 = PLANE('',#1206);
#1206 = AXIS2_PLACEMENT_3D('',#1207,#1208,#1209);
#1207 = CARTESIAN_POINT('',(0.,0.,0.));
#1208 = DIRECTION('',(-0.,1.,0.));
#1209 = DIRECTION('',(0.,0.,1.));
#1210 = DEFINITIONAL_REPRESENTATION('',(#1211),#1215);
#1211 = LINE('',#1212,#1213);
#1212 = CARTESIAN_POINT('',(0.,0.));
#1213 = VECTOR('',#1214,1.);
#1214 = DIRECTION('',(1.,0.));
#1215 = ( GEOMETRIC_REPRESENTATION_CONTEXT(2) 
PARAMETRIC_REPRESENTATION_CONTEXT() REPRESENTATION_CONTEXT('2D SPACE',''
  ) );
#1216 = ORIENTED_EDGE('',*,*,#1217,.T.);
#1217 = EDGE_CURVE('',#1183,#1218,#1220,.T.);
#1218 = VERTEX_POINT('',#1219);
#1219 = CARTESIAN_POINT('',(0.,56.,0.));
#1220 = SURFACE_CURVE('',#1221,(#1225,#1232),.PCURVE_S1.);
#1221 = LINE('',#1222,#1223);
#1222 = CARTESIAN_POINT('',(0.,0.,0.));
#1223 = VECTOR('',#1224,1.);
#1224 = DIRECTION('',(-0.,1.,0.));
#1225 = PCURVE('',#1193,#1226);
#1226 = DEFINITIONAL_REPRESENTATION('',(#1227),#1231);
#1227 = LINE('',#1228,#1229);
#1228 = CARTESIAN_POINT('',(0.,0.));
#1229 = VECTOR('',#1230,1.);
#1230 = DIRECTION('',(0.,-1.));
#1231 = ( GEOMETRIC_REPRESENTATION_CONTEXT(2) 
PARAMETRIC_REPRESENTATION_CONTEXT() REPRESENTATION_CONTEXT('2D SPACE',''
  ) );
#1232 = PCURVE('',#1233,#1238);
#1233 = PLANE('',#1234);
#1234 = AXIS2_PLACEMENT_3D('',#1235,#1236,#1237);
#1235 = CARTESIAN_POINT('',(0.,0.,0.));
#1236 = DIRECTION('',(0.,0.,1.));
#1237 = DIRECTION('',(1.,0.,-0.));
#1238 = DEFINITIONAL_REPRESENTATION('',(#1239),#1243);
#1239 = LINE('',#1240,#1241);
#1240 = CARTESIAN_POINT('',(0.,0.));
#1241 = VECTOR('',#1242,1.);
#1242 = DIRECTION('',(0.,1.));
#1243 = ( GEOMETRIC_REPRESENTATION_CONTEXT(2) 
PARAMETRIC_REPRESENTATION_CONTEXT() REPRESENTATION_CONTEXT('2D SPACE',''
  ) );
#1244 = ORIENTED_EDGE('',*,*,#1245,.T.);
#1245 = EDGE_CURVE('',#1218,#1246,#1248,.T.);
#1246 = VERTEX_POINT('',#1247);
#1247 = CARTESIAN_POINT('',(0.,56.,88.));
#1248 = SURFACE_CURVE('',#1249,(#1253,#1260),.PCURVE_S1.);
#1249 = LINE('',#1250,#1251);
#1250 = CARTESIAN_POINT('',(0.,56.,0.));
#1251 = VECTOR('',#1252,1.);
#1252 = DIRECTION('',(0.,0.,1.));
#1253 = PCURVE('',#1193,#1254);
#1254 = DEFINITIONAL_REPRESENTATION('',(#1255),#1259);
#1255 = LINE('',#1256,#1257);
#1256 = CARTESIAN_POINT('',(0.,-56.));
#1257 = VECTOR('',#1258,1.);
#1258 = DIRECTION('',(1.,0.));
#1259 = ( GEOMETRIC_REPRESENTATION_CONTEXT(2) 
PARAMETRIC_REPRESENTATION_CONTEXT() REPRESENTATION_CONTEXT('2D SPACE',''
  ) );
#1260 = PCURVE('',#1261,#1266);
#1261 = PLANE('',#1262);
#1262 = AXIS2_PLACEMENT_3D('',#1263,#1264,#1265);
#1263 = CARTESIAN_POINT('',(0.,56.,0.));
#1264 = DIRECTION('',(-0.,1.,0.));
#1265 = DIRECTION('',(0.,0.,1.));
#1266 = DEFINITIONAL_REPRESENTATION('',(#1267),#1271);
#1267 = LINE('',#1268,#1269);
#1268 = CARTESIAN_POINT('',(0.,0.));
#1269 = VECTOR('',#1270,1.);
#1270 = DIRECTION('',(1.,0.));
#1271 = ( GEOMETRIC_REPRESENTATION_CONTEXT(2) 
PARAMETRIC_REPRESENTATION_CONTEXT() REPRESENTATION_CONTEXT('2D SPACE',''
  ) );
#1272 = ORIENTED_EDGE('',*,*,#1273,.F.);
#1273 = EDGE_CURVE('',#1185,#1246,#1274,.T.);
#1274 = SURFACE_CURVE('',#1275,(#1279,#1286),.PCURVE_S1.);
#1275 = LINE('',#1276,#1277);
#1276 = CARTESIAN_POINT('',(0.,0.,88.));
#1277 = VECTOR('',#1278,1.);
#1278 = DIRECTION('',(-0.,1.,0.));
#1279 = PCURVE('',#1193,#1280);
#1280 = DEFINITIONAL_REPRESENTATION('',(#1281),#1285);
#1281 = LINE('',#1282,#1283);
#1282 = CARTESIAN_POINT('',(88.,0.));
#1283 = VECTOR('',#1284,1.);
#1284 = DIRECTION('',(0.,-1.));
#1285 = ( GEOMETRIC_REPRESENTATION_CONTEXT(2) 
PARAMETRIC_REPRESENTATION_CONTEXT() REPRESENTATION_CONTEXT('2D SPACE',''
  ) );
#1286 = PCURVE('',#1287,#1292);
#1287 = PLANE('',#1288);
#1288 = AXIS2_PLACEMENT_3D('',#1289,#1290,#1291);
#1289 = CARTESIAN_POINT('',(0.,0.,88.));
#1290 = DIRECTION('',(0.,0.,1.));
#1291 = DIRECTION('',(1.,0.,-0.));
#1292 = DEFINITIONAL_REPRESENTATION('',(#1293),#1297);
#1293 = LINE('',#1294,#1295);
#1294 = CARTESIAN_POINT('',(0.,0.));
#1295 = VECTOR('',#1296,1.);
#1296 = DIRECTION('',(0.,1.));
#1297 = ( GEOMETRIC_REPRESENTATION_CONTEXT(2) 
PARAMETRIC_REPRESENTATION_CONTEXT() REPRESENTATION_CONTEXT('2D SPACE',''
  ) );
#1298 = ADVANCED_FACE('',(#1299),#1313,.T.);
#1299 = FACE_BOUND('',#1300,.T.);
#1300 = EDGE_LOOP('',(#1301,#1331,#1354,#1377));
#1301 = ORIENTED_EDGE('',*,*,#1302,.F.);
#1302 = EDGE_CURVE('',#1303,#1305,#1307,.T.);
#1303 = VERTEX_POINT('',#1304);
#1304 = CARTESIAN_POINT('',(860.,0.,0.));
#1305 = VERTEX_POINT('',#1306);
#1306 = CARTESIAN_POINT('',(860.,0.,88.));
#1307 = SURFACE_CURVE('',#1308,(#1312,#1324),.PCURVE_S1.);
#1308 = LINE('',#1309,#1310);
#1309 = CARTESIAN_POINT('',(860.,0.,0.));
#1310 = VECTOR('',#1311,1.);
#1311 = DIRECTION('',(0.,0.,1.));
#1312 = PCURVE('',#1313,#1318);
#1313 = PLANE('',#1314);
#1314 = AXIS2_PLACEMENT_3D('',#1315,#1316,#1317);
#1315 = CARTESIAN_POINT('',(860.,0.,0.));
#1316 = DIRECTION('',(1.,0.,-0.));
#1317 = DIRECTION('',(0.,0.,1.));
#1318 = DEFINITIONAL_REPRESENTATION('',(#1319),#1323);
#1319 = LINE('',#1320,#1321);
#1320 = CARTESIAN_POINT('',(0.,0.));
#1321 = VECTOR('',#1322,1.);
#1322 = DIRECTION('',(1.,0.));
#1323 = ( GEOMETRIC_REPRESENTATION_CONTEXT(2) 
PARAMETRIC_REPRESENTATION_CONTEXT() REPRESENTATION_CONTEXT('2D SPACE',''
  ) );
#1324 = PCURVE('',#1205,#1325);
#1325 = DEFINITIONAL_REPRESENTATION('',(#1326),#1330);
#1326 = LINE('',#1327,#1328);
#1327 = CARTESIAN_POINT('',(0.,860.));
#1328 = VECTOR('',#1329,1.);
#1329 = DIRECTION('',(1.,0.));
#1330 = ( GEOMETRIC_REPRESENTATION_CONTEXT(2) 
PARAMETRIC_REPRESENTATION_CONTEXT() REPRESENTATION_CONTEXT('2D SPACE',''
  ) );
#1331 = ORIENTED_EDGE('',*,*,#1332,.T.);
#1332 = EDGE_CURVE('',#1303,#1333,#1335,.T.);
#1333 = VERTEX_POINT('',#1334);
#1334 = CARTESIAN_POINT('',(860.,56.,0.));
#1335 = SURFACE_CURVE('',#1336,(#1340,#1347),.PCURVE_S1.);
#1336 = LINE('',#1337,#1338);
#1337 = CARTESIAN_POINT('',(860.,0.,0.));
#1338 = VECTOR('',#1339,1.);
#1339 = DIRECTION('',(-0.,1.,0.));
#1340 = PCURVE('',#1313,#1341);
#1341 = DEFINITIONAL_REPRESENTATION('',(#1342),#1346);
#1342 = LINE('',#1343,#1344);
#1343 = CARTESIAN_POINT('',(0.,0.));
#1344 = VECTOR('',#1345,1.);
#1345 = DIRECTION('',(0.,-1.));
#1346 = ( GEOMETRIC_REPRESENTATION_CONTEXT(2) 
PARAMETRIC_REPRESENTATION_CONTEXT() REPRESENTATION_CONTEXT('2D SPACE',''
  ) );
#1347 = PCURVE('',#1233,#1348);
#1348 = DEFINITIONAL_REPRESENTATION('',(#1349),#1353);
#1349 = LINE('',#1350,#1351);
#1350 = CARTESIAN_POINT('',(860.,0.));
#1351 = VECTOR('',#1352,1.);
#1352 = DIRECTION('',(0.,1.));
#1353 = ( GEOMETRIC_REPRESENTATION_CONTEXT(2) 
PARAMETRIC_REPRESENTATION_CONTEXT() REPRESENTATION_CONTEXT('2D SPACE',''
  ) );
#1354 = ORIENTED_EDGE('',*,*,#1355,.T.);
#1355 = EDGE_CURVE('',#1333,#1356,#1358,.T.);
#1356 = VERTEX_POINT('',#1357);
#1357 = CARTESIAN_POINT('',(860.,56.,88.));
#1358 = SURFACE_CURVE('',#1359,(#1363,#1370),.PCURVE_S1.);
#1359 = LINE('',#1360,#1361);
#1360 = CARTESIAN_POINT('',(860.,56.,0.));
#1361 = VECTOR('',#1362,1.);
#1362 = DIRECTION('',(0.,0.,1.));
#1363 = PCURVE('',#1313,#1364);
#1364 = DEFINITIONAL_REPRESENTATION('',(#1365),#1369);
#1365 = LINE('',#1366,#1367);
#1366 = CARTESIAN_POINT('',(0.,-56.));
#1367 = VECTOR('',#1368,1.);
#1368 = DIRECTION('',(1.,0.));
#1369 = ( GEOMETRIC_REPRESENTATION_CONTEXT(2) 
PARAMETRIC_REPRESENTATION_CONTEXT() REPRESENTATION_CONTEXT('2D SPACE',''
  ) );
#1370 = PCURVE('',#1261,#1371);
#1371 = DEFINITIONAL_REPRESENTATION('',(#1372),#1376);
#1372 = LINE('',#1373,#1374);
#1373 = CARTESIAN_POINT('',(0.,860.));
#1374 = VECTOR('',#1375,1.);
#1375 = DIRECTION('',(1.,0.));
#1376 = ( GEOMETRIC_REPRESENTATION_CONTEXT(2) 
PARAMETRIC_REPRESENTATION_CONTEXT() REPRESENTATION_CONTEXT('2D SPACE',''
  ) );
#1377 = ORIENTED_EDGE('',*,*,#1378,.F.);
#1378 = EDGE_CURVE('',#1305,#1356,#1379,.T.);
#1379 = SURFACE_CURVE('',#1380,(#1384,#1391),.PCURVE_S1.);
#1380 = LINE('',#1381,#1382);
#1381 = CARTESIAN_POINT('',(860.,0.,88.));
#1382 = VECTOR('',#1383,1.);
#1383 = DIRECTION('',(-0.,1.,0.));
#1384 = PCURVE('',#1313,#1385);
#1385 = DEFINITIONAL_REPRESENTATION('',(#1386),#1390);
#1386 = LINE('',#1387,#1388);
#1387 = CARTESIAN_POINT('',(88.,0.));
#1388 = VECTOR('',#1389,1.);
#1389 = DIRECTION('',(0.,-1.));
#1390 = ( GEOMETRIC_REPRESENTATION_CONTEXT(2) 
PARAMETRIC_REPRESENTATION_CONTEXT() REPRESENTATION_CONTEXT('2D SPACE',''
  ) );
#1391 = PCURVE('',#1287,#1392);
#1392 = DEFINITIONAL_REPRESENTATION('',(#1393),#1397);
#1393 = LINE('',#1394,#1395);
#1394 = CARTESIAN_POINT('',(860.,0.));
#1395 = VECTOR('',#1396,1.);
#1396 = DIRECTION('',(0.,1.));
#1397 = ( GEOMETRIC_REPRESENTATION_CONTEXT(2) 
PARAMETRIC_REPRESENTATION_CONTEXT() REPRESENTATION_CONTEXT('2D SPACE',''
  ) );
#1398 = ADVANCED_FACE('',(#1399),#1205,.F.);
#1399 = FACE_BOUND('',#1400,.F.);
#1400 = EDGE_LOOP('',(#1401,#1422,#1423,#1444));
#1401 = ORIENTED_EDGE('',*,*,#1402,.F.);
#1402 = EDGE_CURVE('',#1183,#1303,#1403,.T.);
#1403 = SURFACE_CURVE('',#1404,(#1408,#1415),.PCURVE_S1.);
#1404 = LINE('',#1405,#1406);
#1405 = CARTESIAN_POINT('',(0.,0.,0.));
#1406 = VECTOR('',#1407,1.);
#1407 = DIRECTION('',(1.,0.,-0.));
#1408 = PCURVE('',#1205,#1409);
#1409 = DEFINITIONAL_REPRESENTATION('',(#1410),#1414);
#1410 = LINE('',#1411,#1412);
#1411 = CARTESIAN_POINT('',(0.,0.));
#1412 = VECTOR('',#1413,1.);
#1413 = DIRECTION('',(0.,1.));
#1414 = ( GEOMETRIC_REPRESENTATION_CONTEXT(2) 
PARAMETRIC_REPRESENTATION_CONTEXT() REPRESENTATION_CONTEXT('2D SPACE',''
  ) );
#1415 = PCURVE('',#1233,#1416);
#1416 = DEFINITIONAL_REPRESENTATION('',(#1417),#1421);
#1417 = LINE('',#1418,#1419);
#1418 = CARTESIAN_POINT('',(0.,0.));
#1419 = VECTOR('',#1420,1.);
#1420 = DIRECTION('',(1.,0.));
#1421 = ( GEOMETRIC_REPRESENTATION_CONTEXT(2) 
PARAMETRIC_REPRESENTATION_CONTEXT() REPRESENTATION_CONTEXT('2D SPACE',''
  ) );
#1422 = ORIENTED_EDGE('',*,*,#1182,.T.);
#1423 = ORIENTED_EDGE('',*,*,#1424,.T.);
#1424 = EDGE_CURVE('',#1185,#1305,#1425,.T.);
#1425 = SURFACE_CURVE('',#1426,(#1430,#1437),.PCURVE_S1.);
#1426 = LINE('',#1427,#1428);
#1427 = CARTESIAN_POINT('',(0.,0.,88.));
#1428 = VECTOR('',#1429,1.);
#1429 = DIRECTION('',(1.,0.,-0.));
#1430 = PCURVE('',#1205,#1431);
#1431 = DEFINITIONAL_REPRESENTATION('',(#1432),#1436);
#1432 = LINE('',#1433,#1434);
#1433 = CARTESIAN_POINT('',(88.,0.));
#1434 = VECTOR('',#1435,1.);
#1435 = DIRECTION('',(0.,1.));
#1436 = ( GEOMETRIC_REPRESENTATION_CONTEXT(2) 
PARAMETRIC_REPRESENTATION_CONTEXT() REPRESENTATION_CONTEXT('2D SPACE',''
  ) );
#1437 = PCURVE('',#1287,#1438);
#1438 = DEFINITIONAL_REPRESENTATION('',(#1439),#1443);
#1439 = LINE('',#1440,#1441);
#1440 = CARTESIAN_POINT('',(0.,0.));
#1441 = VECTOR('',#1442,1.);
#1442 = DIRECTION('',(1.,0.));
#1443 = ( GEOMETRIC_REPRESENTATION_CONTEXT(2) 
PARAMETRIC_REPRESENTATION_CONTEXT() REPRESENTATION_CONTEXT('2D SPACE',''
  ) );
#1444 = ORIENTED_EDGE('',*,*,#1302,.F.);
#1445 = ADVANCED_FACE('',(#1446),#1261,.T.);
#1446 = FACE_BOUND('',#1447,.T.);
#1447 = EDGE_LOOP('',(#1448,#1469,#1470,#1491));
#1448 = ORIENTED_EDGE('',*,*,#1449,.F.);
#1449 = EDGE_CURVE('',#1218,#1333,#1450,.T.);
#1450 = SURFACE_CURVE('',#1451,(#1455,#1462),.PCURVE_S1.);
#1451 = LINE('',#1452,#1453);
#1452 = CARTESIAN_POINT('',(0.,56.,0.));
#1453 = VECTOR('',#1454,1.);
#1454 = DIRECTION('',(1.,0.,-0.));
#1455 = PCURVE('',#1261,#1456);
#1456 = DEFINITIONAL_REPRESENTATION('',(#1457),#1461);
#1457 = LINE('',#1458,#1459);
#1458 = CARTESIAN_POINT('',(0.,0.));
#1459 = VECTOR('',#1460,1.);
#1460 = DIRECTION('',(0.,1.));
#1461 = ( GEOMETRIC_REPRESENTATION_CONTEXT(2) 
PARAMETRIC_REPRESENTATION_CONTEXT() REPRESENTATION_CONTEXT('2D SPACE',''
  ) );
#1462 = PCURVE('',#1233,#1463);
#1463 = DEFINITIONAL_REPRESENTATION('',(#1464),#1468);
#1464 = LINE('',#1465,#1466);
#1465 = CARTESIAN_POINT('',(0.,56.));
#1466 = VECTOR('',#1467,1.);
#1467 = DIRECTION('',(1.,0.));
#1468 = ( GEOMETRIC_REPRESENTATION_CONTEXT(2) 
PARAMETRIC_REPRESENTATION_CONTEXT() REPRESENTATION_CONTEXT('2D SPACE',''
  ) );
#1469 = ORIENTED_EDGE('',*,*,#1245,.T.);
#1470 = ORIENTED_EDGE('',*,*,#1471,.T.);
#1471 = EDGE_CURVE('',#1246,#1356,#1472,.T.);
#1472 = SURFACE_CURVE('',#1473,(#1477,#1484),.PCURVE_S1.);
#1473 = LINE('',#1474,#1475);
#1474 = CARTESIAN_POINT('',(0.,56.,88.));
#1475 = VECTOR('',#1476,1.);
#1476 = DIRECTION('',(1.,0.,-0.));
#1477 = PCURVE('',#1261,#1478);
#1478 = DEFINITIONAL_REPRESENTATION('',(#1479),#1483);
#1479 = LINE('',#1480,#1481);
#1480 = CARTESIAN_POINT('',(88.,0.));
#1481 = VECTOR('',#1482,1.);
#1482 = DIRECTION('',(0.,1.));
#1483 = ( GEOMETRIC_REPRESENTATION_CONTEXT(2) 
PARAMETRIC_REPRESENTATION_CONTEXT() REPRESENTATION_CONTEXT('2D SPACE',''
  ) );
#1484 = PCURVE('',#1287,#1485);
#1485 = DEFINITIONAL_REPRESENTATION('',(#1486),#1490);
#1486 = LINE('',#1487,#1488);
#1487 = CARTESIAN_POINT('',(0.,56.));
#1488 = VECTOR('',#1489,1.);
#1489 = DIRECTION('',(1.,0.));
#1490 = ( GEOMETRIC_REPRESENTATION_CONTEXT(2) 
PARAMETRIC_REPRESENTATION_CONTEXT() REPRESENTATION_CONTEXT('2D SPACE',''
  ) );
#1491 = ORIENTED_EDGE('',*,*,#1355,.F.);
#1492 = ADVANCED_FACE('',(#1493),#1233,.F.);
#1493 = FACE_BOUND('',#1494,.F.);
#1494 = EDGE_LOOP('',(#1495,#1496,#1497,#1498));
#1495 = ORIENTED_EDGE('',*,*,#1217,.F.);
#1496 = ORIENTED_EDGE('',*,*,#1402,.T.);
#1497 = ORIENTED_EDGE('',*,*,#1332,.T.);
#1498 = ORIENTED_EDGE('',*,*,#1449,.F.);
#1499 = ADVANCED_FACE('',(#1500),#1287,.T.);
#1500 = FACE_BOUND('',#1501,.T.);
#1501 = EDGE_LOOP('',(#1502,#1503,#1504,#1505));
#1502 = ORIENTED_EDGE('',*,*,#1273,.F.);
#1503 = ORIENTED_EDGE('',*,*,#1424,.T.);
#1504 = ORIENTED_EDGE('',*,*,#1378,.T.);
#1505 = ORIENTED_EDGE('',*,*,#1471,.F.);
#1506 = ( GEOMETRIC_REPRESENTATION_CONTEXT(3) 
GLOBAL_UNCERTAINTY_ASSIGNED_CONTEXT((#1510)) 
GLOBAL_UNIT_ASSIGNED_CONTEXT((#1507,#1508,#1509)) REPRESENTATION_CONTEXT
('Context #1','3D Context with UNIT and UNCERTAINTY') );
#1507 = ( LENGTH_UNIT() NAMED_UNIT(*) SI_UNIT(.MILLI.,.METRE.) );
#1508 = ( NAMED_UNIT(*) PLANE_ANGLE_UNIT() SI_UNIT($,.RADIAN.) );
#1509 = ( NAMED_UNIT(*) SI_UNIT($,.STERADIAN.) SOLID_ANGLE_UNIT() );
#1510 = UNCERTAINTY_MEASURE_WITH_UNIT(LENGTH_MEASURE(1.E-07),#1507,
  'distance_accuracy_value','confusion accuracy');
#1511 = CONTEXT_DEPENDENT_SHAPE_REPRESENTATION(#1512,#1514);
#1512 = ( REPRESENTATION_RELATIONSHIP('','',#1175,#1152) 
REPRESENTATION_RELATIONSHIP_WITH_TRANSFORMATION(#1513) 
SHAPE_REPRESENTATION_RELATIONSHIP() );
#1513 = ITEM_DEFINED_TRANSFORMATION('','',#11,#1153);
#1514 = PRODUCT_DEFINITION_SHAPE('Placement','Placement of an item',
  #1515);
#1515 = NEXT_ASSEMBLY_USAGE_OCCURRENCE('75','=>[0:1:1:13]','',#1147,
  #1170,$);
#1516 = PRODUCT_RELATED_PRODUCT_CATEGORY('part',$,(#1172));
#1517 = SHAPE_DEFINITION_REPRESENTATION(#1518,#1524);
#1518 = PRODUCT_DEFINITION_SHAPE('','',#1519);
#1519 = PRODUCT_DEFINITION('design','',#1520,#1523);
#1520 = PRODUCT_DEFINITION_FORMATION('','',#1521);
#1521 = PRODUCT('left_front_covered_wheel_spoke_01',
  'left_front_covered_wheel_spoke_01','',(#1522));
#1522 = PRODUCT_CONTEXT('',#2,'mechanical');
#1523 = PRODUCT_DEFINITION_CONTEXT('part definition',#2,'design');
#1524 = SHAPE_REPRESENTATION('',(#11,#1525),#1529);
#1525 = AXIS2_PLACEMENT_3D('',#1526,#1527,#1528);
#1526 = CARTESIAN_POINT('',(-22.,-173.5,-216.2));
#1527 = DIRECTION('',(0.,0.,1.));
#1528 = DIRECTION('',(1.,0.,0.));
#1529 = ( GEOMETRIC_REPRESENTATION_CONTEXT(3) 
GLOBAL_UNCERTAINTY_ASSIGNED_CONTEXT((#1533)) 
GLOBAL_UNIT_ASSIGNED_CONTEXT((#1530,#1531,#1532)) REPRESENTATION_CONTEXT
('Context #1','3D Context with UNIT and UNCERTAINTY') );
#1530 = ( LENGTH_UNIT() NAMED_UNIT(*) SI_UNIT(.MILLI.,.METRE.) );
#1531 = ( NAMED_UNIT(*) PLANE_ANGLE_UNIT() SI_UNIT($,.RADIAN.) );
#1532 = ( NAMED_UNIT(*) SI_UNIT($,.STERADIAN.) SOLID_ANGLE_UNIT() );
#1533 = UNCERTAINTY_MEASURE_WITH_UNIT(LENGTH_MEASURE(1.E-07),#1530,
  'distance_accuracy_value','confusion accuracy');
#1534 = CONTEXT_DEPENDENT_SHAPE_REPRESENTATION(#1535,#1537);
#1535 = ( REPRESENTATION_RELATIONSHIP('','',#1524,#10) 
REPRESENTATION_RELATIONSHIP_WITH_TRANSFORMATION(#1536) 
SHAPE_REPRESENTATION_RELATIONSHIP() );
#1536 = ITEM_DEFINED_TRANSFORMATION('','',#11,#39);
#1537 = PRODUCT_DEFINITION_SHAPE('Placement','Placement of an item',
  #1538);
#1538 = NEXT_ASSEMBLY_USAGE_OCCURRENCE('78','=>[0:1:1:14]','',#5,#1519,$
  );
#1539 = PRODUCT_RELATED_PRODUCT_CATEGORY('part',$,(#1521));
#1540 = SHAPE_DEFINITION_REPRESENTATION(#1541,#1547);
#1541 = PRODUCT_DEFINITION_SHAPE('','',#1542);
#1542 = PRODUCT_DEFINITION('design','',#1543,#1546);
#1543 = PRODUCT_DEFINITION_FORMATION('','',#1544);
#1544 = PRODUCT('SOLID','SOLID','',(#1545));
#1545 = PRODUCT_CONTEXT('',#2,'mechanical');
#1546 = PRODUCT_DEFINITION_CONTEXT('part definition',#2,'design');
#1547 = ADVANCED_BREP_SHAPE_REPRESENTATION('',(#11,#1548),#1878);
#1548 = MANIFOLD_SOLID_BREP('',#1549);
#1549 = CLOSED_SHELL('',(#1550,#1670,#1770,#1817,#1864,#1871));
#1550 = ADVANCED_FACE('',(#1551),#1565,.F.);
#1551 = FACE_BOUND('',#1552,.F.);
#1552 = EDGE_LOOP('',(#1553,#1588,#1616,#1644));
#1553 = ORIENTED_EDGE('',*,*,#1554,.F.);
#1554 = EDGE_CURVE('',#1555,#1557,#1559,.T.);
#1555 = VERTEX_POINT('',#1556);
#1556 = CARTESIAN_POINT('',(0.,0.,0.));
#1557 = VERTEX_POINT('',#1558);
#1558 = CARTESIAN_POINT('',(0.,0.,432.4));
#1559 = SURFACE_CURVE('',#1560,(#1564,#1576),.PCURVE_S1.);
#1560 = LINE('',#1561,#1562);
#1561 = CARTESIAN_POINT('',(0.,0.,0.));
#1562 = VECTOR('',#1563,1.);
#1563 = DIRECTION('',(0.,0.,1.));
#1564 = PCURVE('',#1565,#1570);
#1565 = PLANE('',#1566);
#1566 = AXIS2_PLACEMENT_3D('',#1567,#1568,#1569);
#1567 = CARTESIAN_POINT('',(0.,0.,0.));
#1568 = DIRECTION('',(1.,0.,-0.));
#1569 = DIRECTION('',(0.,0.,1.));
#1570 = DEFINITIONAL_REPRESENTATION('',(#1571),#1575);
#1571 = LINE('',#1572,#1573);
#1572 = CARTESIAN_POINT('',(0.,0.));
#1573 = VECTOR('',#1574,1.);
#1574 = DIRECTION('',(1.,0.));
#1575 = ( GEOMETRIC_REPRESENTATION_CONTEXT(2) 
PARAMETRIC_REPRESENTATION_CONTEXT() REPRESENTATION_CONTEXT('2D SPACE',''
  ) );
#1576 = PCURVE('',#1577,#1582);
#1577 = PLANE('',#1578);
#1578 = AXIS2_PLACEMENT_3D('',#1579,#1580,#1581);
#1579 = CARTESIAN_POINT('',(0.,0.,0.));
#1580 = DIRECTION('',(-0.,1.,0.));
#1581 = DIRECTION('',(0.,0.,1.));
#1582 = DEFINITIONAL_REPRESENTATION('',(#1583),#1587);
#1583 = LINE('',#1584,#1585);
#1584 = CARTESIAN_POINT('',(0.,0.));
#1585 = VECTOR('',#1586,1.);
#1586 = DIRECTION('',(1.,0.));
#1587 = ( GEOMETRIC_REPRESENTATION_CONTEXT(2) 
PARAMETRIC_REPRESENTATION_CONTEXT() REPRESENTATION_CONTEXT('2D SPACE',''
  ) );
#1588 = ORIENTED_EDGE('',*,*,#1589,.T.);
#1589 = EDGE_CURVE('',#1555,#1590,#1592,.T.);
#1590 = VERTEX_POINT('',#1591);
#1591 = CARTESIAN_POINT('',(0.,347.,0.));
#1592 = SURFACE_CURVE('',#1593,(#1597,#1604),.PCURVE_S1.);
#1593 = LINE('',#1594,#1595);
#1594 = CARTESIAN_POINT('',(0.,0.,0.));
#1595 = VECTOR('',#1596,1.);
#1596 = DIRECTION('',(-0.,1.,0.));
#1597 = PCURVE('',#1565,#1598);
#1598 = DEFINITIONAL_REPRESENTATION('',(#1599),#1603);
#1599 = LINE('',#1600,#1601);
#1600 = CARTESIAN_POINT('',(0.,0.));
#1601 = VECTOR('',#1602,1.);
#1602 = DIRECTION('',(0.,-1.));
#1603 = ( GEOMETRIC_REPRESENTATION_CONTEXT(2) 
PARAMETRIC_REPRESENTATION_CONTEXT() REPRESENTATION_CONTEXT('2D SPACE',''
  ) );
#1604 = PCURVE('',#1605,#1610);
#1605 = PLANE('',#1606);
#1606 = AXIS2_PLACEMENT_3D('',#1607,#1608,#1609);
#1607 = CARTESIAN_POINT('',(0.,0.,0.));
#1608 = DIRECTION('',(0.,0.,1.));
#1609 = DIRECTION('',(1.,0.,-0.));
#1610 = DEFINITIONAL_REPRESENTATION('',(#1611),#1615);
#1611 = LINE('',#1612,#1613);
#1612 = CARTESIAN_POINT('',(0.,0.));
#1613 = VECTOR('',#1614,1.);
#1614 = DIRECTION('',(0.,1.));
#1615 = ( GEOMETRIC_REPRESENTATION_CONTEXT(2) 
PARAMETRIC_REPRESENTATION_CONTEXT() REPRESENTATION_CONTEXT('2D SPACE',''
  ) );
#1616 = ORIENTED_EDGE('',*,*,#1617,.T.);
#1617 = EDGE_CURVE('',#1590,#1618,#1620,.T.);
#1618 = VERTEX_POINT('',#1619);
#1619 = CARTESIAN_POINT('',(0.,347.,432.4));
#1620 = SURFACE_CURVE('',#1621,(#1625,#1632),.PCURVE_S1.);
#1621 = LINE('',#1622,#1623);
#1622 = CARTESIAN_POINT('',(0.,347.,0.));
#1623 = VECTOR('',#1624,1.);
#1624 = DIRECTION('',(0.,0.,1.));
#1625 = PCURVE('',#1565,#1626);
#1626 = DEFINITIONAL_REPRESENTATION('',(#1627),#1631);
#1627 = LINE('',#1628,#1629);
#1628 = CARTESIAN_POINT('',(0.,-347.));
#1629 = VECTOR('',#1630,1.);
#1630 = DIRECTION('',(1.,0.));
#1631 = ( GEOMETRIC_REPRESENTATION_CONTEXT(2) 
PARAMETRIC_REPRESENTATION_CONTEXT() REPRESENTATION_CONTEXT('2D SPACE',''
  ) );
#1632 = PCURVE('',#1633,#1638);
#1633 = PLANE('',#1634);
#1634 = AXIS2_PLACEMENT_3D('',#1635,#1636,#1637);
#1635 = CARTESIAN_POINT('',(0.,347.,0.));
#1636 = DIRECTION('',(-0.,1.,0.));
#1637 = DIRECTION('',(0.,0.,1.));
#1638 = DEFINITIONAL_REPRESENTATION('',(#1639),#1643);
#1639 = LINE('',#1640,#1641);
#1640 = CARTESIAN_POINT('',(0.,0.));
#1641 = VECTOR('',#1642,1.);
#1642 = DIRECTION('',(1.,0.));
#1643 = ( GEOMETRIC_REPRESENTATION_CONTEXT(2) 
PARAMETRIC_REPRESENTATION_CONTEXT() REPRESENTATION_CONTEXT('2D SPACE',''
  ) );
#1644 = ORIENTED_EDGE('',*,*,#1645,.F.);
#1645 = EDGE_CURVE('',#1557,#1618,#1646,.T.);
#1646 = SURFACE_CURVE('',#1647,(#1651,#1658),.PCURVE_S1.);
#1647 = LINE('',#1648,#1649);
#1648 = CARTESIAN_POINT('',(0.,0.,432.4));
#1649 = VECTOR('',#1650,1.);
#1650 = DIRECTION('',(-0.,1.,0.));
#1651 = PCURVE('',#1565,#1652);
#1652 = DEFINITIONAL_REPRESENTATION('',(#1653),#1657);
#1653 = LINE('',#1654,#1655);
#1654 = CARTESIAN_POINT('',(432.4,0.));
#1655 = VECTOR('',#1656,1.);
#1656 = DIRECTION('',(0.,-1.));
#1657 = ( GEOMETRIC_REPRESENTATION_CONTEXT(2) 
PARAMETRIC_REPRESENTATION_CONTEXT() REPRESENTATION_CONTEXT('2D SPACE',''
  ) );
#1658 = PCURVE('',#1659,#1664);
#1659 = PLANE('',#1660);
#1660 = AXIS2_PLACEMENT_3D('',#1661,#1662,#1663);
#1661 = CARTESIAN_POINT('',(0.,0.,432.4));
#1662 = DIRECTION('',(0.,0.,1.));
#1663 = DIRECTION('',(1.,0.,-0.));
#1664 = DEFINITIONAL_REPRESENTATION('',(#1665),#1669);
#1665 = LINE('',#1666,#1667);
#1666 = CARTESIAN_POINT('',(0.,0.));
#1667 = VECTOR('',#1668,1.);
#1668 = DIRECTION('',(0.,1.));
#1669 = ( GEOMETRIC_REPRESENTATION_CONTEXT(2) 
PARAMETRIC_REPRESENTATION_CONTEXT() REPRESENTATION_CONTEXT('2D SPACE',''
  ) );
#1670 = ADVANCED_FACE('',(#1671),#1685,.T.);
#1671 = FACE_BOUND('',#1672,.T.);
#1672 = EDGE_LOOP('',(#1673,#1703,#1726,#1749));
#1673 = ORIENTED_EDGE('',*,*,#1674,.F.);
#1674 = EDGE_CURVE('',#1675,#1677,#1679,.T.);
#1675 = VERTEX_POINT('',#1676);
#1676 = CARTESIAN_POINT('',(44.,0.,0.));
#1677 = VERTEX_POINT('',#1678);
#1678 = CARTESIAN_POINT('',(44.,0.,432.4));
#1679 = SURFACE_CURVE('',#1680,(#1684,#1696),.PCURVE_S1.);
#1680 = LINE('',#1681,#1682);
#1681 = CARTESIAN_POINT('',(44.,0.,0.));
#1682 = VECTOR('',#1683,1.);
#1683 = DIRECTION('',(0.,0.,1.));
#1684 = PCURVE('',#1685,#1690);
#1685 = PLANE('',#1686);
#1686 = AXIS2_PLACEMENT_3D('',#1687,#1688,#1689);
#1687 = CARTESIAN_POINT('',(44.,0.,0.));
#1688 = DIRECTION('',(1.,0.,-0.));
#1689 = DIRECTION('',(0.,0.,1.));
#1690 = DEFINITIONAL_REPRESENTATION('',(#1691),#1695);
#1691 = LINE('',#1692,#1693);
#1692 = CARTESIAN_POINT('',(0.,0.));
#1693 = VECTOR('',#1694,1.);
#1694 = DIRECTION('',(1.,0.));
#1695 = ( GEOMETRIC_REPRESENTATION_CONTEXT(2) 
PARAMETRIC_REPRESENTATION_CONTEXT() REPRESENTATION_CONTEXT('2D SPACE',''
  ) );
#1696 = PCURVE('',#1577,#1697);
#1697 = DEFINITIONAL_REPRESENTATION('',(#1698),#1702);
#1698 = LINE('',#1699,#1700);
#1699 = CARTESIAN_POINT('',(0.,44.));
#1700 = VECTOR('',#1701,1.);
#1701 = DIRECTION('',(1.,0.));
#1702 = ( GEOMETRIC_REPRESENTATION_CONTEXT(2) 
PARAMETRIC_REPRESENTATION_CONTEXT() REPRESENTATION_CONTEXT('2D SPACE',''
  ) );
#1703 = ORIENTED_EDGE('',*,*,#1704,.T.);
#1704 = EDGE_CURVE('',#1675,#1705,#1707,.T.);
#1705 = VERTEX_POINT('',#1706);
#1706 = CARTESIAN_POINT('',(44.,347.,0.));
#1707 = SURFACE_CURVE('',#1708,(#1712,#1719),.PCURVE_S1.);
#1708 = LINE('',#1709,#1710);
#1709 = CARTESIAN_POINT('',(44.,0.,0.));
#1710 = VECTOR('',#1711,1.);
#1711 = DIRECTION('',(-0.,1.,0.));
#1712 = PCURVE('',#1685,#1713);
#1713 = DEFINITIONAL_REPRESENTATION('',(#1714),#1718);
#1714 = LINE('',#1715,#1716);
#1715 = CARTESIAN_POINT('',(0.,0.));
#1716 = VECTOR('',#1717,1.);
#1717 = DIRECTION('',(0.,-1.));
#1718 = ( GEOMETRIC_REPRESENTATION_CONTEXT(2) 
PARAMETRIC_REPRESENTATION_CONTEXT() REPRESENTATION_CONTEXT('2D SPACE',''
  ) );
#1719 = PCURVE('',#1605,#1720);
#1720 = DEFINITIONAL_REPRESENTATION('',(#1721),#1725);
#1721 = LINE('',#1722,#1723);
#1722 = CARTESIAN_POINT('',(44.,0.));
#1723 = VECTOR('',#1724,1.);
#1724 = DIRECTION('',(0.,1.));
#1725 = ( GEOMETRIC_REPRESENTATION_CONTEXT(2) 
PARAMETRIC_REPRESENTATION_CONTEXT() REPRESENTATION_CONTEXT('2D SPACE',''
  ) );
#1726 = ORIENTED_EDGE('',*,*,#1727,.T.);
#1727 = EDGE_CURVE('',#1705,#1728,#1730,.T.);
#1728 = VERTEX_POINT('',#1729);
#1729 = CARTESIAN_POINT('',(44.,347.,432.4));
#1730 = SURFACE_CURVE('',#1731,(#1735,#1742),.PCURVE_S1.);
#1731 = LINE('',#1732,#1733);
#1732 = CARTESIAN_POINT('',(44.,347.,0.));
#1733 = VECTOR('',#1734,1.);
#1734 = DIRECTION('',(0.,0.,1.));
#1735 = PCURVE('',#1685,#1736);
#1736 = DEFINITIONAL_REPRESENTATION('',(#1737),#1741);
#1737 = LINE('',#1738,#1739);
#1738 = CARTESIAN_POINT('',(0.,-347.));
#1739 = VECTOR('',#1740,1.);
#1740 = DIRECTION('',(1.,0.));
#1741 = ( GEOMETRIC_REPRESENTATION_CONTEXT(2) 
PARAMETRIC_REPRESENTATION_CONTEXT() REPRESENTATION_CONTEXT('2D SPACE',''
  ) );
#1742 = PCURVE('',#1633,#1743);
#1743 = DEFINITIONAL_REPRESENTATION('',(#1744),#1748);
#1744 = LINE('',#1745,#1746);
#1745 = CARTESIAN_POINT('',(0.,44.));
#1746 = VECTOR('',#1747,1.);
#1747 = DIRECTION('',(1.,0.));
#1748 = ( GEOMETRIC_REPRESENTATION_CONTEXT(2) 
PARAMETRIC_REPRESENTATION_CONTEXT() REPRESENTATION_CONTEXT('2D SPACE',''
  ) );
#1749 = ORIENTED_EDGE('',*,*,#1750,.F.);
#1750 = EDGE_CURVE('',#1677,#1728,#1751,.T.);
#1751 = SURFACE_CURVE('',#1752,(#1756,#1763),.PCURVE_S1.);
#1752 = LINE('',#1753,#1754);
#1753 = CARTESIAN_POINT('',(44.,0.,432.4));
#1754 = VECTOR('',#1755,1.);
#1755 = DIRECTION('',(-0.,1.,0.));
#1756 = PCURVE('',#1685,#1757);
#1757 = DEFINITIONAL_REPRESENTATION('',(#1758),#1762);
#1758 = LINE('',#1759,#1760);
#1759 = CARTESIAN_POINT('',(432.4,0.));
#1760 = VECTOR('',#1761,1.);
#1761 = DIRECTION('',(0.,-1.));
#1762 = ( GEOMETRIC_REPRESENTATION_CONTEXT(2) 
PARAMETRIC_REPRESENTATION_CONTEXT() REPRESENTATION_CONTEXT('2D SPACE',''
  ) );
#1763 = PCURVE('',#1659,#1764);
#1764 = DEFINITIONAL_REPRESENTATION('',(#1765),#1769);
#1765 = LINE('',#1766,#1767);
#1766 = CARTESIAN_POINT('',(44.,0.));
#1767 = VECTOR('',#1768,1.);
#1768 = DIRECTION('',(0.,1.));
#1769 = ( GEOMETRIC_REPRESENTATION_CONTEXT(2) 
PARAMETRIC_REPRESENTATION_CONTEXT() REPRESENTATION_CONTEXT('2D SPACE',''
  ) );
#1770 = ADVANCED_FACE('',(#1771),#1577,.F.);
#1771 = FACE_BOUND('',#1772,.F.);
#1772 = EDGE_LOOP('',(#1773,#1794,#1795,#1816));
#1773 = ORIENTED_EDGE('',*,*,#1774,.F.);
#1774 = EDGE_CURVE('',#1555,#1675,#1775,.T.);
#1775 = SURFACE_CURVE('',#1776,(#1780,#1787),.PCURVE_S1.);
#1776 = LINE('',#1777,#1778);
#1777 = CARTESIAN_POINT('',(0.,0.,0.));
#1778 = VECTOR('',#1779,1.);
#1779 = DIRECTION('',(1.,0.,-0.));
#1780 = PCURVE('',#1577,#1781);
#1781 = DEFINITIONAL_REPRESENTATION('',(#1782),#1786);
#1782 = LINE('',#1783,#1784);
#1783 = CARTESIAN_POINT('',(0.,0.));
#1784 = VECTOR('',#1785,1.);
#1785 = DIRECTION('',(0.,1.));
#1786 = ( GEOMETRIC_REPRESENTATION_CONTEXT(2) 
PARAMETRIC_REPRESENTATION_CONTEXT() REPRESENTATION_CONTEXT('2D SPACE',''
  ) );
#1787 = PCURVE('',#1605,#1788);
#1788 = DEFINITIONAL_REPRESENTATION('',(#1789),#1793);
#1789 = LINE('',#1790,#1791);
#1790 = CARTESIAN_POINT('',(0.,0.));
#1791 = VECTOR('',#1792,1.);
#1792 = DIRECTION('',(1.,0.));
#1793 = ( GEOMETRIC_REPRESENTATION_CONTEXT(2) 
PARAMETRIC_REPRESENTATION_CONTEXT() REPRESENTATION_CONTEXT('2D SPACE',''
  ) );
#1794 = ORIENTED_EDGE('',*,*,#1554,.T.);
#1795 = ORIENTED_EDGE('',*,*,#1796,.T.);
#1796 = EDGE_CURVE('',#1557,#1677,#1797,.T.);
#1797 = SURFACE_CURVE('',#1798,(#1802,#1809),.PCURVE_S1.);
#1798 = LINE('',#1799,#1800);
#1799 = CARTESIAN_POINT('',(0.,0.,432.4));
#1800 = VECTOR('',#1801,1.);
#1801 = DIRECTION('',(1.,0.,-0.));
#1802 = PCURVE('',#1577,#1803);
#1803 = DEFINITIONAL_REPRESENTATION('',(#1804),#1808);
#1804 = LINE('',#1805,#1806);
#1805 = CARTESIAN_POINT('',(432.4,0.));
#1806 = VECTOR('',#1807,1.);
#1807 = DIRECTION('',(0.,1.));
#1808 = ( GEOMETRIC_REPRESENTATION_CONTEXT(2) 
PARAMETRIC_REPRESENTATION_CONTEXT() REPRESENTATION_CONTEXT('2D SPACE',''
  ) );
#1809 = PCURVE('',#1659,#1810);
#1810 = DEFINITIONAL_REPRESENTATION('',(#1811),#1815);
#1811 = LINE('',#1812,#1813);
#1812 = CARTESIAN_POINT('',(0.,0.));
#1813 = VECTOR('',#1814,1.);
#1814 = DIRECTION('',(1.,0.));
#1815 = ( GEOMETRIC_REPRESENTATION_CONTEXT(2) 
PARAMETRIC_REPRESENTATION_CONTEXT() REPRESENTATION_CONTEXT('2D SPACE',''
  ) );
#1816 = ORIENTED_EDGE('',*,*,#1674,.F.);
#1817 = ADVANCED_FACE('',(#1818),#1633,.T.);
#1818 = FACE_BOUND('',#1819,.T.);
#1819 = EDGE_LOOP('',(#1820,#1841,#1842,#1863));
#1820 = ORIENTED_EDGE('',*,*,#1821,.F.);
#1821 = EDGE_CURVE('',#1590,#1705,#1822,.T.);
#1822 = SURFACE_CURVE('',#1823,(#1827,#1834),.PCURVE_S1.);
#1823 = LINE('',#1824,#1825);
#1824 = CARTESIAN_POINT('',(0.,347.,0.));
#1825 = VECTOR('',#1826,1.);
#1826 = DIRECTION('',(1.,0.,-0.));
#1827 = PCURVE('',#1633,#1828);
#1828 = DEFINITIONAL_REPRESENTATION('',(#1829),#1833);
#1829 = LINE('',#1830,#1831);
#1830 = CARTESIAN_POINT('',(0.,0.));
#1831 = VECTOR('',#1832,1.);
#1832 = DIRECTION('',(0.,1.));
#1833 = ( GEOMETRIC_REPRESENTATION_CONTEXT(2) 
PARAMETRIC_REPRESENTATION_CONTEXT() REPRESENTATION_CONTEXT('2D SPACE',''
  ) );
#1834 = PCURVE('',#1605,#1835);
#1835 = DEFINITIONAL_REPRESENTATION('',(#1836),#1840);
#1836 = LINE('',#1837,#1838);
#1837 = CARTESIAN_POINT('',(0.,347.));
#1838 = VECTOR('',#1839,1.);
#1839 = DIRECTION('',(1.,0.));
#1840 = ( GEOMETRIC_REPRESENTATION_CONTEXT(2) 
PARAMETRIC_REPRESENTATION_CONTEXT() REPRESENTATION_CONTEXT('2D SPACE',''
  ) );
#1841 = ORIENTED_EDGE('',*,*,#1617,.T.);
#1842 = ORIENTED_EDGE('',*,*,#1843,.T.);
#1843 = EDGE_CURVE('',#1618,#1728,#1844,.T.);
#1844 = SURFACE_CURVE('',#1845,(#1849,#1856),.PCURVE_S1.);
#1845 = LINE('',#1846,#1847);
#1846 = CARTESIAN_POINT('',(0.,347.,432.4));
#1847 = VECTOR('',#1848,1.);
#1848 = DIRECTION('',(1.,0.,-0.));
#1849 = PCURVE('',#1633,#1850);
#1850 = DEFINITIONAL_REPRESENTATION('',(#1851),#1855);
#1851 = LINE('',#1852,#1853);
#1852 = CARTESIAN_POINT('',(432.4,0.));
#1853 = VECTOR('',#1854,1.);
#1854 = DIRECTION('',(0.,1.));
#1855 = ( GEOMETRIC_REPRESENTATION_CONTEXT(2) 
PARAMETRIC_REPRESENTATION_CONTEXT() REPRESENTATION_CONTEXT('2D SPACE',''
  ) );
#1856 = PCURVE('',#1659,#1857);
#1857 = DEFINITIONAL_REPRESENTATION('',(#1858),#1862);
#1858 = LINE('',#1859,#1860);
#1859 = CARTESIAN_POINT('',(0.,347.));
#1860 = VECTOR('',#1861,1.);
#1861 = DIRECTION('',(1.,0.));
#1862 = ( GEOMETRIC_REPRESENTATION_CONTEXT(2) 
PARAMETRIC_REPRESENTATION_CONTEXT() REPRESENTATION_CONTEXT('2D SPACE',''
  ) );
#1863 = ORIENTED_EDGE('',*,*,#1727,.F.);
#1864 = ADVANCED_FACE('',(#1865),#1605,.F.);
#1865 = FACE_BOUND('',#1866,.F.);
#1866 = EDGE_LOOP('',(#1867,#1868,#1869,#1870));
#1867 = ORIENTED_EDGE('',*,*,#1589,.F.);
#1868 = ORIENTED_EDGE('',*,*,#1774,.T.);
#1869 = ORIENTED_EDGE('',*,*,#1704,.T.);
#1870 = ORIENTED_EDGE('',*,*,#1821,.F.);
#1871 = ADVANCED_FACE('',(#1872),#1659,.T.);
#1872 = FACE_BOUND('',#1873,.T.);
#1873 = EDGE_LOOP('',(#1874,#1875,#1876,#1877));
#1874 = ORIENTED_EDGE('',*,*,#1645,.F.);
#1875 = ORIENTED_EDGE('',*,*,#1796,.T.);
#1876 = ORIENTED_EDGE('',*,*,#1750,.T.);
#1877 = ORIENTED_EDGE('',*,*,#1843,.F.);
#1878 = ( GEOMETRIC_REPRESENTATION_CONTEXT(3) 
GLOBAL_UNCERTAINTY_ASSIGNED_CONTEXT((#1882)) 
GLOBAL_UNIT_ASSIGNED_CONTEXT((#1879,#1880,#1881)) REPRESENTATION_CONTEXT
('Context #1','3D Context with UNIT and UNCERTAINTY') );
#1879 = ( LENGTH_UNIT() NAMED_UNIT(*) SI_UNIT(.MILLI.,.METRE.) );
#1880 = ( NAMED_UNIT(*) PLANE_ANGLE_UNIT() SI_UNIT($,.RADIAN.) );
#1881 = ( NAMED_UNIT(*) SI_UNIT($,.STERADIAN.) SOLID_ANGLE_UNIT() );
#1882 = UNCERTAINTY_MEASURE_WITH_UNIT(LENGTH_MEASURE(1.E-07),#1879,
  'distance_accuracy_value','confusion accuracy');
#1883 = CONTEXT_DEPENDENT_SHAPE_REPRESENTATION(#1884,#1886);
#1884 = ( REPRESENTATION_RELATIONSHIP('','',#1547,#1524) 
REPRESENTATION_RELATIONSHIP_WITH_TRANSFORMATION(#1885) 
SHAPE_REPRESENTATION_RELATIONSHIP() );
#1885 = ITEM_DEFINED_TRANSFORMATION('','',#11,#1525);
#1886 = PRODUCT_DEFINITION_SHAPE('Placement','Placement of an item',
  #1887);
#1887 = NEXT_ASSEMBLY_USAGE_OCCURRENCE('77','=>[0:1:1:15]','',#1519,
  #1542,$);
#1888 = PRODUCT_RELATED_PRODUCT_CATEGORY('part',$,(#1544));
#1889 = SHAPE_DEFINITION_REPRESENTATION(#1890,#1896);
#1890 = PRODUCT_DEFINITION_SHAPE('','',#1891);
#1891 = PRODUCT_DEFINITION('design','',#1892,#1895);
#1892 = PRODUCT_DEFINITION_FORMATION('','',#1893);
#1893 = PRODUCT('left_front_covered_wheel_spoke_02',
  'left_front_covered_wheel_spoke_02','',(#1894));
#1894 = PRODUCT_CONTEXT('',#2,'mechanical');
#1895 = PRODUCT_DEFINITION_CONTEXT('part definition',#2,'design');
#1896 = SHAPE_REPRESENTATION('',(#11,#1897),#1901);
#1897 = AXIS2_PLACEMENT_3D('',#1898,#1899,#1900);
#1898 = CARTESIAN_POINT('',(-22.,-173.5,-216.2));
#1899 = DIRECTION('',(0.,0.,1.));
#1900 = DIRECTION('',(1.,0.,0.));
#1901 = ( GEOMETRIC_REPRESENTATION_CONTEXT(3) 
GLOBAL_UNCERTAINTY_ASSIGNED_CONTEXT((#1905)) 
GLOBAL_UNIT_ASSIGNED_CONTEXT((#1902,#1903,#1904)) REPRESENTATION_CONTEXT
('Context #1','3D Context with UNIT and UNCERTAINTY') );
#1902 = ( LENGTH_UNIT() NAMED_UNIT(*) SI_UNIT(.MILLI.,.METRE.) );
#1903 = ( NAMED_UNIT(*) PLANE_ANGLE_UNIT() SI_UNIT($,.RADIAN.) );
#1904 = ( NAMED_UNIT(*) SI_UNIT($,.STERADIAN.) SOLID_ANGLE_UNIT() );
#1905 = UNCERTAINTY_MEASURE_WITH_UNIT(LENGTH_MEASURE(1.E-07),#1902,
  'distance_accuracy_value','confusion accuracy');
#1906 = CONTEXT_DEPENDENT_SHAPE_REPRESENTATION(#1907,#1909);
#1907 = ( REPRESENTATION_RELATIONSHIP('','',#1896,#10) 
REPRESENTATION_RELATIONSHIP_WITH_TRANSFORMATION(#1908) 
SHAPE_REPRESENTATION_RELATIONSHIP() );
#1908 = ITEM_DEFINED_TRANSFORMATION('','',#11,#43);
#1909 = PRODUCT_DEFINITION_SHAPE('Placement','Placement of an item',
  #1910);
#1910 = NEXT_ASSEMBLY_USAGE_OCCURRENCE('80','=>[0:1:1:16]','',#5,#1891,$
  );
#1911 = PRODUCT_RELATED_PRODUCT_CATEGORY('part',$,(#1893));
#1912 = SHAPE_DEFINITION_REPRESENTATION(#1913,#1919);
#1913 = PRODUCT_DEFINITION_SHAPE('','',#1914);
#1914 = PRODUCT_DEFINITION('design','',#1915,#1918);
#1915 = PRODUCT_DEFINITION_FORMATION('','',#1916);
#1916 = PRODUCT('SOLID','SOLID','',(#1917));
#1917 = PRODUCT_CONTEXT('',#2,'mechanical');
#1918 = PRODUCT_DEFINITION_CONTEXT('part definition',#2,'design');
#1919 = ADVANCED_BREP_SHAPE_REPRESENTATION('',(#11,#1920),#2250);
#1920 = MANIFOLD_SOLID_BREP('',#1921);
#1921 = CLOSED_SHELL('',(#1922,#2042,#2142,#2189,#2236,#2243));
#1922 = ADVANCED_FACE('',(#1923),#1937,.F.);
#1923 = FACE_BOUND('',#1924,.F.);
#1924 = EDGE_LOOP('',(#1925,#1960,#1988,#2016));
#1925 = ORIENTED_EDGE('',*,*,#1926,.F.);
#1926 = EDGE_CURVE('',#1927,#1929,#1931,.T.);
#1927 = VERTEX_POINT('',#1928);
#1928 = CARTESIAN_POINT('',(0.,0.,0.));
#1929 = VERTEX_POINT('',#1930);
#1930 = CARTESIAN_POINT('',(0.,0.,432.4));
#1931 = SURFACE_CURVE('',#1932,(#1936,#1948),.PCURVE_S1.);
#1932 = LINE('',#1933,#1934);
#1933 = CARTESIAN_POINT('',(0.,0.,0.));
#1934 = VECTOR('',#1935,1.);
#1935 = DIRECTION('',(0.,0.,1.));
#1936 = PCURVE('',#1937,#1942);
#1937 = PLANE('',#1938);
#1938 = AXIS2_PLACEMENT_3D('',#1939,#1940,#1941);
#1939 = CARTESIAN_POINT('',(0.,0.,0.));
#1940 = DIRECTION('',(1.,0.,-0.));
#1941 = DIRECTION('',(0.,0.,1.));
#1942 = DEFINITIONAL_REPRESENTATION('',(#1943),#1947);
#1943 = LINE('',#1944,#1945);
#1944 = CARTESIAN_POINT('',(0.,0.));
#1945 = VECTOR('',#1946,1.);
#1946 = DIRECTION('',(1.,0.));
#1947 = ( GEOMETRIC_REPRESENTATION_CONTEXT(2) 
PARAMETRIC_REPRESENTATION_CONTEXT() REPRESENTATION_CONTEXT('2D SPACE',''
  ) );
#1948 = PCURVE('',#1949,#1954);
#1949 = PLANE('',#1950);
#1950 = AXIS2_PLACEMENT_3D('',#1951,#1952,#1953);
#1951 = CARTESIAN_POINT('',(0.,0.,0.));
#1952 = DIRECTION('',(-0.,1.,0.));
#1953 = DIRECTION('',(0.,0.,1.));
#1954 = DEFINITIONAL_REPRESENTATION('',(#1955),#1959);
#1955 = LINE('',#1956,#1957);
#1956 = CARTESIAN_POINT('',(0.,0.));
#1957 = VECTOR('',#1958,1.);
#1958 = DIRECTION('',(1.,0.));
#1959 = ( GEOMETRIC_REPRESENTATION_CONTEXT(2) 
PARAMETRIC_REPRESENTATION_CONTEXT() REPRESENTATION_CONTEXT('2D SPACE',''
  ) );
#1960 = ORIENTED_EDGE('',*,*,#1961,.T.);
#1961 = EDGE_CURVE('',#1927,#1962,#1964,.T.);
#1962 = VERTEX_POINT('',#1963);
#1963 = CARTESIAN_POINT('',(0.,347.,0.));
#1964 = SURFACE_CURVE('',#1965,(#1969,#1976),.PCURVE_S1.);
#1965 = LINE('',#1966,#1967);
#1966 = CARTESIAN_POINT('',(0.,0.,0.));
#1967 = VECTOR('',#1968,1.);
#1968 = DIRECTION('',(-0.,1.,0.));
#1969 = PCURVE('',#1937,#1970);
#1970 = DEFINITIONAL_REPRESENTATION('',(#1971),#1975);
#1971 = LINE('',#1972,#1973);
#1972 = CARTESIAN_POINT('',(0.,0.));
#1973 = VECTOR('',#1974,1.);
#1974 = DIRECTION('',(0.,-1.));
#1975 = ( GEOMETRIC_REPRESENTATION_CONTEXT(2) 
PARAMETRIC_REPRESENTATION_CONTEXT() REPRESENTATION_CONTEXT('2D SPACE',''
  ) );
#1976 = PCURVE('',#1977,#1982);
#1977 = PLANE('',#1978);
#1978 = AXIS2_PLACEMENT_3D('',#1979,#1980,#1981);
#1979 = CARTESIAN_POINT('',(0.,0.,0.));
#1980 = DIRECTION('',(0.,0.,1.));
#1981 = DIRECTION('',(1.,0.,-0.));
#1982 = DEFINITIONAL_REPRESENTATION('',(#1983),#1987);
#1983 = LINE('',#1984,#1985);
#1984 = CARTESIAN_POINT('',(0.,0.));
#1985 = VECTOR('',#1986,1.);
#1986 = DIRECTION('',(0.,1.));
#1987 = ( GEOMETRIC_REPRESENTATION_CONTEXT(2) 
PARAMETRIC_REPRESENTATION_CONTEXT() REPRESENTATION_CONTEXT('2D SPACE',''
  ) );
#1988 = ORIENTED_EDGE('',*,*,#1989,.T.);
#1989 = EDGE_CURVE('',#1962,#1990,#1992,.T.);
#1990 = VERTEX_POINT('',#1991);
#1991 = CARTESIAN_POINT('',(0.,347.,432.4));
#1992 = SURFACE_CURVE('',#1993,(#1997,#2004),.PCURVE_S1.);
#1993 = LINE('',#1994,#1995);
#1994 = CARTESIAN_POINT('',(0.,347.,0.));
#1995 = VECTOR('',#1996,1.);
#1996 = DIRECTION('',(0.,0.,1.));
#1997 = PCURVE('',#1937,#1998);
#1998 = DEFINITIONAL_REPRESENTATION('',(#1999),#2003);
#1999 = LINE('',#2000,#2001);
#2000 = CARTESIAN_POINT('',(0.,-347.));
#2001 = VECTOR('',#2002,1.);
#2002 = DIRECTION('',(1.,0.));
#2003 = ( GEOMETRIC_REPRESENTATION_CONTEXT(2) 
PARAMETRIC_REPRESENTATION_CONTEXT() REPRESENTATION_CONTEXT('2D SPACE',''
  ) );
#2004 = PCURVE('',#2005,#2010);
#2005 = PLANE('',#2006);
#2006 = AXIS2_PLACEMENT_3D('',#2007,#2008,#2009);
#2007 = CARTESIAN_POINT('',(0.,347.,0.));
#2008 = DIRECTION('',(-0.,1.,0.));
#2009 = DIRECTION('',(0.,0.,1.));
#2010 = DEFINITIONAL_REPRESENTATION('',(#2011),#2015);
#2011 = LINE('',#2012,#2013);
#2012 = CARTESIAN_POINT('',(0.,0.));
#2013 = VECTOR('',#2014,1.);
#2014 = DIRECTION('',(1.,0.));
#2015 = ( GEOMETRIC_REPRESENTATION_CONTEXT(2) 
PARAMETRIC_REPRESENTATION_CONTEXT() REPRESENTATION_CONTEXT('2D SPACE',''
  ) );
#2016 = ORIENTED_EDGE('',*,*,#2017,.F.);
#2017 = EDGE_CURVE('',#1929,#1990,#2018,.T.);
#2018 = SURFACE_CURVE('',#2019,(#2023,#2030),.PCURVE_S1.);
#2019 = LINE('',#2020,#2021);
#2020 = CARTESIAN_POINT('',(0.,0.,432.4));
#2021 = VECTOR('',#2022,1.);
#2022 = DIRECTION('',(-0.,1.,0.));
#2023 = PCURVE('',#1937,#2024);
#2024 = DEFINITIONAL_REPRESENTATION('',(#2025),#2029);
#2025 = LINE('',#2026,#2027);
#2026 = CARTESIAN_POINT('',(432.4,0.));
#2027 = VECTOR('',#2028,1.);
#2028 = DIRECTION('',(0.,-1.));
#2029 = ( GEOMETRIC_REPRESENTATION_CONTEXT(2) 
PARAMETRIC_REPRESENTATION_CONTEXT() REPRESENTATION_CONTEXT('2D SPACE',''
  ) );
#2030 = PCURVE('',#2031,#2036);
#2031 = PLANE('',#2032);
#2032 = AXIS2_PLACEMENT_3D('',#2033,#2034,#2035);
#2033 = CARTESIAN_POINT('',(0.,0.,432.4));
#2034 = DIRECTION('',(0.,0.,1.));
#2035 = DIRECTION('',(1.,0.,-0.));
#2036 = DEFINITIONAL_REPRESENTATION('',(#2037),#2041);
#2037 = LINE('',#2038,#2039);
#2038 = CARTESIAN_POINT('',(0.,0.));
#2039 = VECTOR('',#2040,1.);
#2040 = DIRECTION('',(0.,1.));
#2041 = ( GEOMETRIC_REPRESENTATION_CONTEXT(2) 
PARAMETRIC_REPRESENTATION_CONTEXT() REPRESENTATION_CONTEXT('2D SPACE',''
  ) );
#2042 = ADVANCED_FACE('',(#2043),#2057,.T.);
#2043 = FACE_BOUND('',#2044,.T.);
#2044 = EDGE_LOOP('',(#2045,#2075,#2098,#2121));
#2045 = ORIENTED_EDGE('',*,*,#2046,.F.);
#2046 = EDGE_CURVE('',#2047,#2049,#2051,.T.);
#2047 = VERTEX_POINT('',#2048);
#2048 = CARTESIAN_POINT('',(44.,0.,0.));
#2049 = VERTEX_POINT('',#2050);
#2050 = CARTESIAN_POINT('',(44.,0.,432.4));
#2051 = SURFACE_CURVE('',#2052,(#2056,#2068),.PCURVE_S1.);
#2052 = LINE('',#2053,#2054);
#2053 = CARTESIAN_POINT('',(44.,0.,0.));
#2054 = VECTOR('',#2055,1.);
#2055 = DIRECTION('',(0.,0.,1.));
#2056 = PCURVE('',#2057,#2062);
#2057 = PLANE('',#2058);
#2058 = AXIS2_PLACEMENT_3D('',#2059,#2060,#2061);
#2059 = CARTESIAN_POINT('',(44.,0.,0.));
#2060 = DIRECTION('',(1.,0.,-0.));
#2061 = DIRECTION('',(0.,0.,1.));
#2062 = DEFINITIONAL_REPRESENTATION('',(#2063),#2067);
#2063 = LINE('',#2064,#2065);
#2064 = CARTESIAN_POINT('',(0.,0.));
#2065 = VECTOR('',#2066,1.);
#2066 = DIRECTION('',(1.,0.));
#2067 = ( GEOMETRIC_REPRESENTATION_CONTEXT(2) 
PARAMETRIC_REPRESENTATION_CONTEXT() REPRESENTATION_CONTEXT('2D SPACE',''
  ) );
#2068 = PCURVE('',#1949,#2069);
#2069 = DEFINITIONAL_REPRESENTATION('',(#2070),#2074);
#2070 = LINE('',#2071,#2072);
#2071 = CARTESIAN_POINT('',(0.,44.));
#2072 = VECTOR('',#2073,1.);
#2073 = DIRECTION('',(1.,0.));
#2074 = ( GEOMETRIC_REPRESENTATION_CONTEXT(2) 
PARAMETRIC_REPRESENTATION_CONTEXT() REPRESENTATION_CONTEXT('2D SPACE',''
  ) );
#2075 = ORIENTED_EDGE('',*,*,#2076,.T.);
#2076 = EDGE_CURVE('',#2047,#2077,#2079,.T.);
#2077 = VERTEX_POINT('',#2078);
#2078 = CARTESIAN_POINT('',(44.,347.,0.));
#2079 = SURFACE_CURVE('',#2080,(#2084,#2091),.PCURVE_S1.);
#2080 = LINE('',#2081,#2082);
#2081 = CARTESIAN_POINT('',(44.,0.,0.));
#2082 = VECTOR('',#2083,1.);
#2083 = DIRECTION('',(-0.,1.,0.));
#2084 = PCURVE('',#2057,#2085);
#2085 = DEFINITIONAL_REPRESENTATION('',(#2086),#2090);
#2086 = LINE('',#2087,#2088);
#2087 = CARTESIAN_POINT('',(0.,0.));
#2088 = VECTOR('',#2089,1.);
#2089 = DIRECTION('',(0.,-1.));
#2090 = ( GEOMETRIC_REPRESENTATION_CONTEXT(2) 
PARAMETRIC_REPRESENTATION_CONTEXT() REPRESENTATION_CONTEXT('2D SPACE',''
  ) );
#2091 = PCURVE('',#1977,#2092);
#2092 = DEFINITIONAL_REPRESENTATION('',(#2093),#2097);
#2093 = LINE('',#2094,#2095);
#2094 = CARTESIAN_POINT('',(44.,0.));
#2095 = VECTOR('',#2096,1.);
#2096 = DIRECTION('',(0.,1.));
#2097 = ( GEOMETRIC_REPRESENTATION_CONTEXT(2) 
PARAMETRIC_REPRESENTATION_CONTEXT() REPRESENTATION_CONTEXT('2D SPACE',''
  ) );
#2098 = ORIENTED_EDGE('',*,*,#2099,.T.);
#2099 = EDGE_CURVE('',#2077,#2100,#2102,.T.);
#2100 = VERTEX_POINT('',#2101);
#2101 = CARTESIAN_POINT('',(44.,347.,432.4));
#2102 = SURFACE_CURVE('',#2103,(#2107,#2114),.PCURVE_S1.);
#2103 = LINE('',#2104,#2105);
#2104 = CARTESIAN_POINT('',(44.,347.,0.));
#2105 = VECTOR('',#2106,1.);
#2106 = DIRECTION('',(0.,0.,1.));
#2107 = PCURVE('',#2057,#2108);
#2108 = DEFINITIONAL_REPRESENTATION('',(#2109),#2113);
#2109 = LINE('',#2110,#2111);
#2110 = CARTESIAN_POINT('',(0.,-347.));
#2111 = VECTOR('',#2112,1.);
#2112 = DIRECTION('',(1.,0.));
#2113 = ( GEOMETRIC_REPRESENTATION_CONTEXT(2) 
PARAMETRIC_REPRESENTATION_CONTEXT() REPRESENTATION_CONTEXT('2D SPACE',''
  ) );
#2114 = PCURVE('',#2005,#2115);
#2115 = DEFINITIONAL_REPRESENTATION('',(#2116),#2120);
#2116 = LINE('',#2117,#2118);
#2117 = CARTESIAN_POINT('',(0.,44.));
#2118 = VECTOR('',#2119,1.);
#2119 = DIRECTION('',(1.,0.));
#2120 = ( GEOMETRIC_REPRESENTATION_CONTEXT(2) 
PARAMETRIC_REPRESENTATION_CONTEXT() REPRESENTATION_CONTEXT('2D SPACE',''
  ) );
#2121 = ORIENTED_EDGE('',*,*,#2122,.F.);
#2122 = EDGE_CURVE('',#2049,#2100,#2123,.T.);
#2123 = SURFACE_CURVE('',#2124,(#2128,#2135),.PCURVE_S1.);
#2124 = LINE('',#2125,#2126);
#2125 = CARTESIAN_POINT('',(44.,0.,432.4));
#2126 = VECTOR('',#2127,1.);
#2127 = DIRECTION('',(-0.,1.,0.));
#2128 = PCURVE('',#2057,#2129);
#2129 = DEFINITIONAL_REPRESENTATION('',(#2130),#2134);
#2130 = LINE('',#2131,#2132);
#2131 = CARTESIAN_POINT('',(432.4,0.));
#2132 = VECTOR('',#2133,1.);
#2133 = DIRECTION('',(0.,-1.));
#2134 = ( GEOMETRIC_REPRESENTATION_CONTEXT(2) 
PARAMETRIC_REPRESENTATION_CONTEXT() REPRESENTATION_CONTEXT('2D SPACE',''
  ) );
#2135 = PCURVE('',#2031,#2136);
#2136 = DEFINITIONAL_REPRESENTATION('',(#2137),#2141);
#2137 = LINE('',#2138,#2139);
#2138 = CARTESIAN_POINT('',(44.,0.));
#2139 = VECTOR('',#2140,1.);
#2140 = DIRECTION('',(0.,1.));
#2141 = ( GEOMETRIC_REPRESENTATION_CONTEXT(2) 
PARAMETRIC_REPRESENTATION_CONTEXT() REPRESENTATION_CONTEXT('2D SPACE',''
  ) );
#2142 = ADVANCED_FACE('',(#2143),#1949,.F.);
#2143 = FACE_BOUND('',#2144,.F.);
#2144 = EDGE_LOOP('',(#2145,#2166,#2167,#2188));
#2145 = ORIENTED_EDGE('',*,*,#2146,.F.);
#2146 = EDGE_CURVE('',#1927,#2047,#2147,.T.);
#2147 = SURFACE_CURVE('',#2148,(#2152,#2159),.PCURVE_S1.);
#2148 = LINE('',#2149,#2150);
#2149 = CARTESIAN_POINT('',(0.,0.,0.));
#2150 = VECTOR('',#2151,1.);
#2151 = DIRECTION('',(1.,0.,-0.));
#2152 = PCURVE('',#1949,#2153);
#2153 = DEFINITIONAL_REPRESENTATION('',(#2154),#2158);
#2154 = LINE('',#2155,#2156);
#2155 = CARTESIAN_POINT('',(0.,0.));
#2156 = VECTOR('',#2157,1.);
#2157 = DIRECTION('',(0.,1.));
#2158 = ( GEOMETRIC_REPRESENTATION_CONTEXT(2) 
PARAMETRIC_REPRESENTATION_CONTEXT() REPRESENTATION_CONTEXT('2D SPACE',''
  ) );
#2159 = PCURVE('',#1977,#2160);
#2160 = DEFINITIONAL_REPRESENTATION('',(#2161),#2165);
#2161 = LINE('',#2162,#2163);
#2162 = CARTESIAN_POINT('',(0.,0.));
#2163 = VECTOR('',#2164,1.);
#2164 = DIRECTION('',(1.,0.));
#2165 = ( GEOMETRIC_REPRESENTATION_CONTEXT(2) 
PARAMETRIC_REPRESENTATION_CONTEXT() REPRESENTATION_CONTEXT('2D SPACE',''
  ) );
#2166 = ORIENTED_EDGE('',*,*,#1926,.T.);
#2167 = ORIENTED_EDGE('',*,*,#2168,.T.);
#2168 = EDGE_CURVE('',#1929,#2049,#2169,.T.);
#2169 = SURFACE_CURVE('',#2170,(#2174,#2181),.PCURVE_S1.);
#2170 = LINE('',#2171,#2172);
#2171 = CARTESIAN_POINT('',(0.,0.,432.4));
#2172 = VECTOR('',#2173,1.);
#2173 = DIRECTION('',(1.,0.,-0.));
#2174 = PCURVE('',#1949,#2175);
#2175 = DEFINITIONAL_REPRESENTATION('',(#2176),#2180);
#2176 = LINE('',#2177,#2178);
#2177 = CARTESIAN_POINT('',(432.4,0.));
#2178 = VECTOR('',#2179,1.);
#2179 = DIRECTION('',(0.,1.));
#2180 = ( GEOMETRIC_REPRESENTATION_CONTEXT(2) 
PARAMETRIC_REPRESENTATION_CONTEXT() REPRESENTATION_CONTEXT('2D SPACE',''
  ) );
#2181 = PCURVE('',#2031,#2182);
#2182 = DEFINITIONAL_REPRESENTATION('',(#2183),#2187);
#2183 = LINE('',#2184,#2185);
#2184 = CARTESIAN_POINT('',(0.,0.));
#2185 = VECTOR('',#2186,1.);
#2186 = DIRECTION('',(1.,0.));
#2187 = ( GEOMETRIC_REPRESENTATION_CONTEXT(2) 
PARAMETRIC_REPRESENTATION_CONTEXT() REPRESENTATION_CONTEXT('2D SPACE',''
  ) );
#2188 = ORIENTED_EDGE('',*,*,#2046,.F.);
#2189 = ADVANCED_FACE('',(#2190),#2005,.T.);
#2190 = FACE_BOUND('',#2191,.T.);
#2191 = EDGE_LOOP('',(#2192,#2213,#2214,#2235));
#2192 = ORIENTED_EDGE('',*,*,#2193,.F.);
#2193 = EDGE_CURVE('',#1962,#2077,#2194,.T.);
#2194 = SURFACE_CURVE('',#2195,(#2199,#2206),.PCURVE_S1.);
#2195 = LINE('',#2196,#2197);
#2196 = CARTESIAN_POINT('',(0.,347.,0.));
#2197 = VECTOR('',#2198,1.);
#2198 = DIRECTION('',(1.,0.,-0.));
#2199 = PCURVE('',#2005,#2200);
#2200 = DEFINITIONAL_REPRESENTATION('',(#2201),#2205);
#2201 = LINE('',#2202,#2203);
#2202 = CARTESIAN_POINT('',(0.,0.));
#2203 = VECTOR('',#2204,1.);
#2204 = DIRECTION('',(0.,1.));
#2205 = ( GEOMETRIC_REPRESENTATION_CONTEXT(2) 
PARAMETRIC_REPRESENTATION_CONTEXT() REPRESENTATION_CONTEXT('2D SPACE',''
  ) );
#2206 = PCURVE('',#1977,#2207);
#2207 = DEFINITIONAL_REPRESENTATION('',(#2208),#2212);
#2208 = LINE('',#2209,#2210);
#2209 = CARTESIAN_POINT('',(0.,347.));
#2210 = VECTOR('',#2211,1.);
#2211 = DIRECTION('',(1.,0.));
#2212 = ( GEOMETRIC_REPRESENTATION_CONTEXT(2) 
PARAMETRIC_REPRESENTATION_CONTEXT() REPRESENTATION_CONTEXT('2D SPACE',''
  ) );
#2213 = ORIENTED_EDGE('',*,*,#1989,.T.);
#2214 = ORIENTED_EDGE('',*,*,#2215,.T.);
#2215 = EDGE_CURVE('',#1990,#2100,#2216,.T.);
#2216 = SURFACE_CURVE('',#2217,(#2221,#2228),.PCURVE_S1.);
#2217 = LINE('',#2218,#2219);
#2218 = CARTESIAN_POINT('',(0.,347.,432.4));
#2219 = VECTOR('',#2220,1.);
#2220 = DIRECTION('',(1.,0.,-0.));
#2221 = PCURVE('',#2005,#2222);
#2222 = DEFINITIONAL_REPRESENTATION('',(#2223),#2227);
#2223 = LINE('',#2224,#2225);
#2224 = CARTESIAN_POINT('',(432.4,0.));
#2225 = VECTOR('',#2226,1.);
#2226 = DIRECTION('',(0.,1.));
#2227 = ( GEOMETRIC_REPRESENTATION_CONTEXT(2) 
PARAMETRIC_REPRESENTATION_CONTEXT() REPRESENTATION_CONTEXT('2D SPACE',''
  ) );
#2228 = PCURVE('',#2031,#2229);
#2229 = DEFINITIONAL_REPRESENTATION('',(#2230),#2234);
#2230 = LINE('',#2231,#2232);
#2231 = CARTESIAN_POINT('',(0.,347.));
#2232 = VECTOR('',#2233,1.);
#2233 = DIRECTION('',(1.,0.));
#2234 = ( GEOMETRIC_REPRESENTATION_CONTEXT(2) 
PARAMETRIC_REPRESENTATION_CONTEXT() REPRESENTATION_CONTEXT('2D SPACE',''
  ) );
#2235 = ORIENTED_EDGE('',*,*,#2099,.F.);
#2236 = ADVANCED_FACE('',(#2237),#1977,.F.);
#2237 = FACE_BOUND('',#2238,.F.);
#2238 = EDGE_LOOP('',(#2239,#2240,#2241,#2242));
#2239 = ORIENTED_EDGE('',*,*,#1961,.F.);
#2240 = ORIENTED_EDGE('',*,*,#2146,.T.);
#2241 = ORIENTED_EDGE('',*,*,#2076,.T.);
#2242 = ORIENTED_EDGE('',*,*,#2193,.F.);
#2243 = ADVANCED_FACE('',(#2244),#2031,.T.);
#2244 = FACE_BOUND('',#2245,.T.);
#2245 = EDGE_LOOP('',(#2246,#2247,#2248,#2249));
#2246 = ORIENTED_EDGE('',*,*,#2017,.F.);
#2247 = ORIENTED_EDGE('',*,*,#2168,.T.);
#2248 = ORIENTED_EDGE('',*,*,#2122,.T.);
#2249 = ORIENTED_EDGE('',*,*,#2215,.F.);
#2250 = ( GEOMETRIC_REPRESENTATION_CONTEXT(3) 
GLOBAL_UNCERTAINTY_ASSIGNED_CONTEXT((#2254)) 
GLOBAL_UNIT_ASSIGNED_CONTEXT((#2251,#2252,#2253)) REPRESENTATION_CONTEXT
('Context #1','3D Context with UNIT and UNCERTAINTY') );
#2251 = ( LENGTH_UNIT() NAMED_UNIT(*) SI_UNIT(.MILLI.,.METRE.) );
#2252 = ( NAMED_UNIT(*) PLANE_ANGLE_UNIT() SI_UNIT($,.RADIAN.) );
#2253 = ( NAMED_UNIT(*) SI_UNIT($,.STERADIAN.) SOLID_ANGLE_UNIT() );
#2254 = UNCERTAINTY_MEASURE_WITH_UNIT(LENGTH_MEASURE(1.E-07),#2251,
  'distance_accuracy_value','confusion accuracy');
#2255 = CONTEXT_DEPENDENT_SHAPE_REPRESENTATION(#2256,#2258);
#2256 = ( REPRESENTATION_RELATIONSHIP('','',#1919,#1896) 
REPRESENTATION_RELATIONSHIP_WITH_TRANSFORMATION(#2257) 
SHAPE_REPRESENTATION_RELATIONSHIP() );
#2257 = ITEM_DEFINED_TRANSFORMATION('','',#11,#1897);
#2258 = PRODUCT_DEFINITION_SHAPE('Placement','Placement of an item',
  #2259);
#2259 = NEXT_ASSEMBLY_USAGE_OCCURRENCE('79','=>[0:1:1:17]','',#1891,
  #1914,$);
#2260 = PRODUCT_RELATED_PRODUCT_CATEGORY('part',$,(#1916));
#2261 = SHAPE_DEFINITION_REPRESENTATION(#2262,#2268);
#2262 = PRODUCT_DEFINITION_SHAPE('','',#2263);
#2263 = PRODUCT_DEFINITION('design','',#2264,#2267);
#2264 = PRODUCT_DEFINITION_FORMATION('','',#2265);
#2265 = PRODUCT('left_front_covered_wheel_spoke_03',
  'left_front_covered_wheel_spoke_03','',(#2266));
#2266 = PRODUCT_CONTEXT('',#2,'mechanical');
#2267 = PRODUCT_DEFINITION_CONTEXT('part definition',#2,'design');
#2268 = SHAPE_REPRESENTATION('',(#11,#2269),#2273);
#2269 = AXIS2_PLACEMENT_3D('',#2270,#2271,#2272);
#2270 = CARTESIAN_POINT('',(-22.,-173.5,-216.2));
#2271 = DIRECTION('',(0.,0.,1.));
#2272 = DIRECTION('',(1.,0.,0.));
#2273 = ( GEOMETRIC_REPRESENTATION_CONTEXT(3) 
GLOBAL_UNCERTAINTY_ASSIGNED_CONTEXT((#2277)) 
GLOBAL_UNIT_ASSIGNED_CONTEXT((#2274,#2275,#2276)) REPRESENTATION_CONTEXT
('Context #1','3D Context with UNIT and UNCERTAINTY') );
#2274 = ( LENGTH_UNIT() NAMED_UNIT(*) SI_UNIT(.MILLI.,.METRE.) );
#2275 = ( NAMED_UNIT(*) PLANE_ANGLE_UNIT() SI_UNIT($,.RADIAN.) );
#2276 = ( NAMED_UNIT(*) SI_UNIT($,.STERADIAN.) SOLID_ANGLE_UNIT() );
#2277 = UNCERTAINTY_MEASURE_WITH_UNIT(LENGTH_MEASURE(1.E-07),#2274,
  'distance_accuracy_value','confusion accuracy');
#2278 = CONTEXT_DEPENDENT_SHAPE_REPRESENTATION(#2279,#2281);
#2279 = ( REPRESENTATION_RELATIONSHIP('','',#2268,#10) 
REPRESENTATION_RELATIONSHIP_WITH_TRANSFORMATION(#2280) 
SHAPE_REPRESENTATION_RELATIONSHIP() );
#2280 = ITEM_DEFINED_TRANSFORMATION('','',#11,#47);
#2281 = PRODUCT_DEFINITION_SHAPE('Placement','Placement of an item',
  #2282);
#2282 = NEXT_ASSEMBLY_USAGE_OCCURRENCE('82','=>[0:1:1:18]','',#5,#2263,$
  );
#2283 = PRODUCT_RELATED_PRODUCT_CATEGORY('part',$,(#2265));
#2284 = SHAPE_DEFINITION_REPRESENTATION(#2285,#2291);
#2285 = PRODUCT_DEFINITION_SHAPE('','',#2286);
#2286 = PRODUCT_DEFINITION('design','',#2287,#2290);
#2287 = PRODUCT_DEFINITION_FORMATION('','',#2288);
#2288 = PRODUCT('SOLID','SOLID','',(#2289));
#2289 = PRODUCT_CONTEXT('',#2,'mechanical');
#2290 = PRODUCT_DEFINITION_CONTEXT('part definition',#2,'design');
#2291 = ADVANCED_BREP_SHAPE_REPRESENTATION('',(#11,#2292),#2622);
#2292 = MANIFOLD_SOLID_BREP('',#2293);
#2293 = CLOSED_SHELL('',(#2294,#2414,#2514,#2561,#2608,#2615));
#2294 = ADVANCED_FACE('',(#2295),#2309,.F.);
#2295 = FACE_BOUND('',#2296,.F.);
#2296 = EDGE_LOOP('',(#2297,#2332,#2360,#2388));
#2297 = ORIENTED_EDGE('',*,*,#2298,.F.);
#2298 = EDGE_CURVE('',#2299,#2301,#2303,.T.);
#2299 = VERTEX_POINT('',#2300);
#2300 = CARTESIAN_POINT('',(0.,0.,0.));
#2301 = VERTEX_POINT('',#2302);
#2302 = CARTESIAN_POINT('',(0.,0.,432.4));
#2303 = SURFACE_CURVE('',#2304,(#2308,#2320),.PCURVE_S1.);
#2304 = LINE('',#2305,#2306);
#2305 = CARTESIAN_POINT('',(0.,0.,0.));
#2306 = VECTOR('',#2307,1.);
#2307 = DIRECTION('',(0.,0.,1.));
#2308 = PCURVE('',#2309,#2314);
#2309 = PLANE('',#2310);
#2310 = AXIS2_PLACEMENT_3D('',#2311,#2312,#2313);
#2311 = CARTESIAN_POINT('',(0.,0.,0.));
#2312 = DIRECTION('',(1.,0.,-0.));
#2313 = DIRECTION('',(0.,0.,1.));
#2314 = DEFINITIONAL_REPRESENTATION('',(#2315),#2319);
#2315 = LINE('',#2316,#2317);
#2316 = CARTESIAN_POINT('',(0.,0.));
#2317 = VECTOR('',#2318,1.);
#2318 = DIRECTION('',(1.,0.));
#2319 = ( GEOMETRIC_REPRESENTATION_CONTEXT(2) 
PARAMETRIC_REPRESENTATION_CONTEXT() REPRESENTATION_CONTEXT('2D SPACE',''
  ) );
#2320 = PCURVE('',#2321,#2326);
#2321 = PLANE('',#2322);
#2322 = AXIS2_PLACEMENT_3D('',#2323,#2324,#2325);
#2323 = CARTESIAN_POINT('',(0.,0.,0.));
#2324 = DIRECTION('',(-0.,1.,0.));
#2325 = DIRECTION('',(0.,0.,1.));
#2326 = DEFINITIONAL_REPRESENTATION('',(#2327),#2331);
#2327 = LINE('',#2328,#2329);
#2328 = CARTESIAN_POINT('',(0.,0.));
#2329 = VECTOR('',#2330,1.);
#2330 = DIRECTION('',(1.,0.));
#2331 = ( GEOMETRIC_REPRESENTATION_CONTEXT(2) 
PARAMETRIC_REPRESENTATION_CONTEXT() REPRESENTATION_CONTEXT('2D SPACE',''
  ) );
#2332 = ORIENTED_EDGE('',*,*,#2333,.T.);
#2333 = EDGE_CURVE('',#2299,#2334,#2336,.T.);
#2334 = VERTEX_POINT('',#2335);
#2335 = CARTESIAN_POINT('',(0.,347.,0.));
#2336 = SURFACE_CURVE('',#2337,(#2341,#2348),.PCURVE_S1.);
#2337 = LINE('',#2338,#2339);
#2338 = CARTESIAN_POINT('',(0.,0.,0.));
#2339 = VECTOR('',#2340,1.);
#2340 = DIRECTION('',(-0.,1.,0.));
#2341 = PCURVE('',#2309,#2342);
#2342 = DEFINITIONAL_REPRESENTATION('',(#2343),#2347);
#2343 = LINE('',#2344,#2345);
#2344 = CARTESIAN_POINT('',(0.,0.));
#2345 = VECTOR('',#2346,1.);
#2346 = DIRECTION('',(0.,-1.));
#2347 = ( GEOMETRIC_REPRESENTATION_CONTEXT(2) 
PARAMETRIC_REPRESENTATION_CONTEXT() REPRESENTATION_CONTEXT('2D SPACE',''
  ) );
#2348 = PCURVE('',#2349,#2354);
#2349 = PLANE('',#2350);
#2350 = AXIS2_PLACEMENT_3D('',#2351,#2352,#2353);
#2351 = CARTESIAN_POINT('',(0.,0.,0.));
#2352 = DIRECTION('',(0.,0.,1.));
#2353 = DIRECTION('',(1.,0.,-0.));
#2354 = DEFINITIONAL_REPRESENTATION('',(#2355),#2359);
#2355 = LINE('',#2356,#2357);
#2356 = CARTESIAN_POINT('',(0.,0.));
#2357 = VECTOR('',#2358,1.);
#2358 = DIRECTION('',(0.,1.));
#2359 = ( GEOMETRIC_REPRESENTATION_CONTEXT(2) 
PARAMETRIC_REPRESENTATION_CONTEXT() REPRESENTATION_CONTEXT('2D SPACE',''
  ) );
#2360 = ORIENTED_EDGE('',*,*,#2361,.T.);
#2361 = EDGE_CURVE('',#2334,#2362,#2364,.T.);
#2362 = VERTEX_POINT('',#2363);
#2363 = CARTESIAN_POINT('',(0.,347.,432.4));
#2364 = SURFACE_CURVE('',#2365,(#2369,#2376),.PCURVE_S1.);
#2365 = LINE('',#2366,#2367);
#2366 = CARTESIAN_POINT('',(0.,347.,0.));
#2367 = VECTOR('',#2368,1.);
#2368 = DIRECTION('',(0.,0.,1.));
#2369 = PCURVE('',#2309,#2370);
#2370 = DEFINITIONAL_REPRESENTATION('',(#2371),#2375);
#2371 = LINE('',#2372,#2373);
#2372 = CARTESIAN_POINT('',(0.,-347.));
#2373 = VECTOR('',#2374,1.);
#2374 = DIRECTION('',(1.,0.));
#2375 = ( GEOMETRIC_REPRESENTATION_CONTEXT(2) 
PARAMETRIC_REPRESENTATION_CONTEXT() REPRESENTATION_CONTEXT('2D SPACE',''
  ) );
#2376 = PCURVE('',#2377,#2382);
#2377 = PLANE('',#2378);
#2378 = AXIS2_PLACEMENT_3D('',#2379,#2380,#2381);
#2379 = CARTESIAN_POINT('',(0.,347.,0.));
#2380 = DIRECTION('',(-0.,1.,0.));
#2381 = DIRECTION('',(0.,0.,1.));
#2382 = DEFINITIONAL_REPRESENTATION('',(#2383),#2387);
#2383 = LINE('',#2384,#2385);
#2384 = CARTESIAN_POINT('',(0.,0.));
#2385 = VECTOR('',#2386,1.);
#2386 = DIRECTION('',(1.,0.));
#2387 = ( GEOMETRIC_REPRESENTATION_CONTEXT(2) 
PARAMETRIC_REPRESENTATION_CONTEXT() REPRESENTATION_CONTEXT('2D SPACE',''
  ) );
#2388 = ORIENTED_EDGE('',*,*,#2389,.F.);
#2389 = EDGE_CURVE('',#2301,#2362,#2390,.T.);
#2390 = SURFACE_CURVE('',#2391,(#2395,#2402),.PCURVE_S1.);
#2391 = LINE('',#2392,#2393);
#2392 = CARTESIAN_POINT('',(0.,0.,432.4));
#2393 = VECTOR('',#2394,1.);
#2394 = DIRECTION('',(-0.,1.,0.));
#2395 = PCURVE('',#2309,#2396);
#2396 = DEFINITIONAL_REPRESENTATION('',(#2397),#2401);
#2397 = LINE('',#2398,#2399);
#2398 = CARTESIAN_POINT('',(432.4,0.));
#2399 = VECTOR('',#2400,1.);
#2400 = DIRECTION('',(0.,-1.));
#2401 = ( GEOMETRIC_REPRESENTATION_CONTEXT(2) 
PARAMETRIC_REPRESENTATION_CONTEXT() REPRESENTATION_CONTEXT('2D SPACE',''
  ) );
#2402 = PCURVE('',#2403,#2408);
#2403 = PLANE('',#2404);
#2404 = AXIS2_PLACEMENT_3D('',#2405,#2406,#2407);
#2405 = CARTESIAN_POINT('',(0.,0.,432.4));
#2406 = DIRECTION('',(0.,0.,1.));
#2407 = DIRECTION('',(1.,0.,-0.));
#2408 = DEFINITIONAL_REPRESENTATION('',(#2409),#2413);
#2409 = LINE('',#2410,#2411);
#2410 = CARTESIAN_POINT('',(0.,0.));
#2411 = VECTOR('',#2412,1.);
#2412 = DIRECTION('',(0.,1.));
#2413 = ( GEOMETRIC_REPRESENTATION_CONTEXT(2) 
PARAMETRIC_REPRESENTATION_CONTEXT() REPRESENTATION_CONTEXT('2D SPACE',''
  ) );
#2414 = ADVANCED_FACE('',(#2415),#2429,.T.);
#2415 = FACE_BOUND('',#2416,.T.);
#2416 = EDGE_LOOP('',(#2417,#2447,#2470,#2493));
#2417 = ORIENTED_EDGE('',*,*,#2418,.F.);
#2418 = EDGE_CURVE('',#2419,#2421,#2423,.T.);
#2419 = VERTEX_POINT('',#2420);
#2420 = CARTESIAN_POINT('',(44.,0.,0.));
#2421 = VERTEX_POINT('',#2422);
#2422 = CARTESIAN_POINT('',(44.,0.,432.4));
#2423 = SURFACE_CURVE('',#2424,(#2428,#2440),.PCURVE_S1.);
#2424 = LINE('',#2425,#2426);
#2425 = CARTESIAN_POINT('',(44.,0.,0.));
#2426 = VECTOR('',#2427,1.);
#2427 = DIRECTION('',(0.,0.,1.));
#2428 = PCURVE('',#2429,#2434);
#2429 = PLANE('',#2430);
#2430 = AXIS2_PLACEMENT_3D('',#2431,#2432,#2433);
#2431 = CARTESIAN_POINT('',(44.,0.,0.));
#2432 = DIRECTION('',(1.,0.,-0.));
#2433 = DIRECTION('',(0.,0.,1.));
#2434 = DEFINITIONAL_REPRESENTATION('',(#2435),#2439);
#2435 = LINE('',#2436,#2437);
#2436 = CARTESIAN_POINT('',(0.,0.));
#2437 = VECTOR('',#2438,1.);
#2438 = DIRECTION('',(1.,0.));
#2439 = ( GEOMETRIC_REPRESENTATION_CONTEXT(2) 
PARAMETRIC_REPRESENTATION_CONTEXT() REPRESENTATION_CONTEXT('2D SPACE',''
  ) );
#2440 = PCURVE('',#2321,#2441);
#2441 = DEFINITIONAL_REPRESENTATION('',(#2442),#2446);
#2442 = LINE('',#2443,#2444);
#2443 = CARTESIAN_POINT('',(0.,44.));
#2444 = VECTOR('',#2445,1.);
#2445 = DIRECTION('',(1.,0.));
#2446 = ( GEOMETRIC_REPRESENTATION_CONTEXT(2) 
PARAMETRIC_REPRESENTATION_CONTEXT() REPRESENTATION_CONTEXT('2D SPACE',''
  ) );
#2447 = ORIENTED_EDGE('',*,*,#2448,.T.);
#2448 = EDGE_CURVE('',#2419,#2449,#2451,.T.);
#2449 = VERTEX_POINT('',#2450);
#2450 = CARTESIAN_POINT('',(44.,347.,0.));
#2451 = SURFACE_CURVE('',#2452,(#2456,#2463),.PCURVE_S1.);
#2452 = LINE('',#2453,#2454);
#2453 = CARTESIAN_POINT('',(44.,0.,0.));
#2454 = VECTOR('',#2455,1.);
#2455 = DIRECTION('',(-0.,1.,0.));
#2456 = PCURVE('',#2429,#2457);
#2457 = DEFINITIONAL_REPRESENTATION('',(#2458),#2462);
#2458 = LINE('',#2459,#2460);
#2459 = CARTESIAN_POINT('',(0.,0.));
#2460 = VECTOR('',#2461,1.);
#2461 = DIRECTION('',(0.,-1.));
#2462 = ( GEOMETRIC_REPRESENTATION_CONTEXT(2) 
PARAMETRIC_REPRESENTATION_CONTEXT() REPRESENTATION_CONTEXT('2D SPACE',''
  ) );
#2463 = PCURVE('',#2349,#2464);
#2464 = DEFINITIONAL_REPRESENTATION('',(#2465),#2469);
#2465 = LINE('',#2466,#2467);
#2466 = CARTESIAN_POINT('',(44.,0.));
#2467 = VECTOR('',#2468,1.);
#2468 = DIRECTION('',(0.,1.));
#2469 = ( GEOMETRIC_REPRESENTATION_CONTEXT(2) 
PARAMETRIC_REPRESENTATION_CONTEXT() REPRESENTATION_CONTEXT('2D SPACE',''
  ) );
#2470 = ORIENTED_EDGE('',*,*,#2471,.T.);
#2471 = EDGE_CURVE('',#2449,#2472,#2474,.T.);
#2472 = VERTEX_POINT('',#2473);
#2473 = CARTESIAN_POINT('',(44.,347.,432.4));
#2474 = SURFACE_CURVE('',#2475,(#2479,#2486),.PCURVE_S1.);
#2475 = LINE('',#2476,#2477);
#2476 = CARTESIAN_POINT('',(44.,347.,0.));
#2477 = VECTOR('',#2478,1.);
#2478 = DIRECTION('',(0.,0.,1.));
#2479 = PCURVE('',#2429,#2480);
#2480 = DEFINITIONAL_REPRESENTATION('',(#2481),#2485);
#2481 = LINE('',#2482,#2483);
#2482 = CARTESIAN_POINT('',(0.,-347.));
#2483 = VECTOR('',#2484,1.);
#2484 = DIRECTION('',(1.,0.));
#2485 = ( GEOMETRIC_REPRESENTATION_CONTEXT(2) 
PARAMETRIC_REPRESENTATION_CONTEXT() REPRESENTATION_CONTEXT('2D SPACE',''
  ) );
#2486 = PCURVE('',#2377,#2487);
#2487 = DEFINITIONAL_REPRESENTATION('',(#2488),#2492);
#2488 = LINE('',#2489,#2490);
#2489 = CARTESIAN_POINT('',(0.,44.));
#2490 = VECTOR('',#2491,1.);
#2491 = DIRECTION('',(1.,0.));
#2492 = ( GEOMETRIC_REPRESENTATION_CONTEXT(2) 
PARAMETRIC_REPRESENTATION_CONTEXT() REPRESENTATION_CONTEXT('2D SPACE',''
  ) );
#2493 = ORIENTED_EDGE('',*,*,#2494,.F.);
#2494 = EDGE_CURVE('',#2421,#2472,#2495,.T.);
#2495 = SURFACE_CURVE('',#2496,(#2500,#2507),.PCURVE_S1.);
#2496 = LINE('',#2497,#2498);
#2497 = CARTESIAN_POINT('',(44.,0.,432.4));
#2498 = VECTOR('',#2499,1.);
#2499 = DIRECTION('',(-0.,1.,0.));
#2500 = PCURVE('',#2429,#2501);
#2501 = DEFINITIONAL_REPRESENTATION('',(#2502),#2506);
#2502 = LINE('',#2503,#2504);
#2503 = CARTESIAN_POINT('',(432.4,0.));
#2504 = VECTOR('',#2505,1.);
#2505 = DIRECTION('',(0.,-1.));
#2506 = ( GEOMETRIC_REPRESENTATION_CONTEXT(2) 
PARAMETRIC_REPRESENTATION_CONTEXT() REPRESENTATION_CONTEXT('2D SPACE',''
  ) );
#2507 = PCURVE('',#2403,#2508);
#2508 = DEFINITIONAL_REPRESENTATION('',(#2509),#2513);
#2509 = LINE('',#2510,#2511);
#2510 = CARTESIAN_POINT('',(44.,0.));
#2511 = VECTOR('',#2512,1.);
#2512 = DIRECTION('',(0.,1.));
#2513 = ( GEOMETRIC_REPRESENTATION_CONTEXT(2) 
PARAMETRIC_REPRESENTATION_CONTEXT() REPRESENTATION_CONTEXT('2D SPACE',''
  ) );
#2514 = ADVANCED_FACE('',(#2515),#2321,.F.);
#2515 = FACE_BOUND('',#2516,.F.);
#2516 = EDGE_LOOP('',(#2517,#2538,#2539,#2560));
#2517 = ORIENTED_EDGE('',*,*,#2518,.F.);
#2518 = EDGE_CURVE('',#2299,#2419,#2519,.T.);
#2519 = SURFACE_CURVE('',#2520,(#2524,#2531),.PCURVE_S1.);
#2520 = LINE('',#2521,#2522);
#2521 = CARTESIAN_POINT('',(0.,0.,0.));
#2522 = VECTOR('',#2523,1.);
#2523 = DIRECTION('',(1.,0.,-0.));
#2524 = PCURVE('',#2321,#2525);
#2525 = DEFINITIONAL_REPRESENTATION('',(#2526),#2530);
#2526 = LINE('',#2527,#2528);
#2527 = CARTESIAN_POINT('',(0.,0.));
#2528 = VECTOR('',#2529,1.);
#2529 = DIRECTION('',(0.,1.));
#2530 = ( GEOMETRIC_REPRESENTATION_CONTEXT(2) 
PARAMETRIC_REPRESENTATION_CONTEXT() REPRESENTATION_CONTEXT('2D SPACE',''
  ) );
#2531 = PCURVE('',#2349,#2532);
#2532 = DEFINITIONAL_REPRESENTATION('',(#2533),#2537);
#2533 = LINE('',#2534,#2535);
#2534 = CARTESIAN_POINT('',(0.,0.));
#2535 = VECTOR('',#2536,1.);
#2536 = DIRECTION('',(1.,0.));
#2537 = ( GEOMETRIC_REPRESENTATION_CONTEXT(2) 
PARAMETRIC_REPRESENTATION_CONTEXT() REPRESENTATION_CONTEXT('2D SPACE',''
  ) );
#2538 = ORIENTED_EDGE('',*,*,#2298,.T.);
#2539 = ORIENTED_EDGE('',*,*,#2540,.T.);
#2540 = EDGE_CURVE('',#2301,#2421,#2541,.T.);
#2541 = SURFACE_CURVE('',#2542,(#2546,#2553),.PCURVE_S1.);
#2542 = LINE('',#2543,#2544);
#2543 = CARTESIAN_POINT('',(0.,0.,432.4));
#2544 = VECTOR('',#2545,1.);
#2545 = DIRECTION('',(1.,0.,-0.));
#2546 = PCURVE('',#2321,#2547);
#2547 = DEFINITIONAL_REPRESENTATION('',(#2548),#2552);
#2548 = LINE('',#2549,#2550);
#2549 = CARTESIAN_POINT('',(432.4,0.));
#2550 = VECTOR('',#2551,1.);
#2551 = DIRECTION('',(0.,1.));
#2552 = ( GEOMETRIC_REPRESENTATION_CONTEXT(2) 
PARAMETRIC_REPRESENTATION_CONTEXT() REPRESENTATION_CONTEXT('2D SPACE',''
  ) );
#2553 = PCURVE('',#2403,#2554);
#2554 = DEFINITIONAL_REPRESENTATION('',(#2555),#2559);
#2555 = LINE('',#2556,#2557);
#2556 = CARTESIAN_POINT('',(0.,0.));
#2557 = VECTOR('',#2558,1.);
#2558 = DIRECTION('',(1.,0.));
#2559 = ( GEOMETRIC_REPRESENTATION_CONTEXT(2) 
PARAMETRIC_REPRESENTATION_CONTEXT() REPRESENTATION_CONTEXT('2D SPACE',''
  ) );
#2560 = ORIENTED_EDGE('',*,*,#2418,.F.);
#2561 = ADVANCED_FACE('',(#2562),#2377,.T.);
#2562 = FACE_BOUND('',#2563,.T.);
#2563 = EDGE_LOOP('',(#2564,#2585,#2586,#2607));
#2564 = ORIENTED_EDGE('',*,*,#2565,.F.);
#2565 = EDGE_CURVE('',#2334,#2449,#2566,.T.);
#2566 = SURFACE_CURVE('',#2567,(#2571,#2578),.PCURVE_S1.);
#2567 = LINE('',#2568,#2569);
#2568 = CARTESIAN_POINT('',(0.,347.,0.));
#2569 = VECTOR('',#2570,1.);
#2570 = DIRECTION('',(1.,0.,-0.));
#2571 = PCURVE('',#2377,#2572);
#2572 = DEFINITIONAL_REPRESENTATION('',(#2573),#2577);
#2573 = LINE('',#2574,#2575);
#2574 = CARTESIAN_POINT('',(0.,0.));
#2575 = VECTOR('',#2576,1.);
#2576 = DIRECTION('',(0.,1.));
#2577 = ( GEOMETRIC_REPRESENTATION_CONTEXT(2) 
PARAMETRIC_REPRESENTATION_CONTEXT() REPRESENTATION_CONTEXT('2D SPACE',''
  ) );
#2578 = PCURVE('',#2349,#2579);
#2579 = DEFINITIONAL_REPRESENTATION('',(#2580),#2584);
#2580 = LINE('',#2581,#2582);
#2581 = CARTESIAN_POINT('',(0.,347.));
#2582 = VECTOR('',#2583,1.);
#2583 = DIRECTION('',(1.,0.));
#2584 = ( GEOMETRIC_REPRESENTATION_CONTEXT(2) 
PARAMETRIC_REPRESENTATION_CONTEXT() REPRESENTATION_CONTEXT('2D SPACE',''
  ) );
#2585 = ORIENTED_EDGE('',*,*,#2361,.T.);
#2586 = ORIENTED_EDGE('',*,*,#2587,.T.);
#2587 = EDGE_CURVE('',#2362,#2472,#2588,.T.);
#2588 = SURFACE_CURVE('',#2589,(#2593,#2600),.PCURVE_S1.);
#2589 = LINE('',#2590,#2591);
#2590 = CARTESIAN_POINT('',(0.,347.,432.4));
#2591 = VECTOR('',#2592,1.);
#2592 = DIRECTION('',(1.,0.,-0.));
#2593 = PCURVE('',#2377,#2594);
#2594 = DEFINITIONAL_REPRESENTATION('',(#2595),#2599);
#2595 = LINE('',#2596,#2597);
#2596 = CARTESIAN_POINT('',(432.4,0.));
#2597 = VECTOR('',#2598,1.);
#2598 = DIRECTION('',(0.,1.));
#2599 = ( GEOMETRIC_REPRESENTATION_CONTEXT(2) 
PARAMETRIC_REPRESENTATION_CONTEXT() REPRESENTATION_CONTEXT('2D SPACE',''
  ) );
#2600 = PCURVE('',#2403,#2601);
#2601 = DEFINITIONAL_REPRESENTATION('',(#2602),#2606);
#2602 = LINE('',#2603,#2604);
#2603 = CARTESIAN_POINT('',(0.,347.));
#2604 = VECTOR('',#2605,1.);
#2605 = DIRECTION('',(1.,0.));
#2606 = ( GEOMETRIC_REPRESENTATION_CONTEXT(2) 
PARAMETRIC_REPRESENTATION_CONTEXT() REPRESENTATION_CONTEXT('2D SPACE',''
  ) );
#2607 = ORIENTED_EDGE('',*,*,#2471,.F.);
#2608 = ADVANCED_FACE('',(#2609),#2349,.F.);
#2609 = FACE_BOUND('',#2610,.F.);
#2610 = EDGE_LOOP('',(#2611,#2612,#2613,#2614));
#2611 = ORIENTED_EDGE('',*,*,#2333,.F.);
#2612 = ORIENTED_EDGE('',*,*,#2518,.T.);
#2613 = ORIENTED_EDGE('',*,*,#2448,.T.);
#2614 = ORIENTED_EDGE('',*,*,#2565,.F.);
#2615 = ADVANCED_FACE('',(#2616),#2403,.T.);
#2616 = FACE_BOUND('',#2617,.T.);
#2617 = EDGE_LOOP('',(#2618,#2619,#2620,#2621));
#2618 = ORIENTED_EDGE('',*,*,#2389,.F.);
#2619 = ORIENTED_EDGE('',*,*,#2540,.T.);
#2620 = ORIENTED_EDGE('',*,*,#2494,.T.);
#2621 = ORIENTED_EDGE('',*,*,#2587,.F.);
#2622 = ( GEOMETRIC_REPRESENTATION_CONTEXT(3) 
GLOBAL_UNCERTAINTY_ASSIGNED_CONTEXT((#2626)) 
GLOBAL_UNIT_ASSIGNED_CONTEXT((#2623,#2624,#2625)) REPRESENTATION_CONTEXT
('Context #1','3D Context with UNIT and UNCERTAINTY') );
#2623 = ( LENGTH_UNIT() NAMED_UNIT(*) SI_UNIT(.MILLI.,.METRE.) );
#2624 = ( NAMED_UNIT(*) PLANE_ANGLE_UNIT() SI_UNIT($,.RADIAN.) );
#2625 = ( NAMED_UNIT(*) SI_UNIT($,.STERADIAN.) SOLID_ANGLE_UNIT() );
#2626 = UNCERTAINTY_MEASURE_WITH_UNIT(LENGTH_MEASURE(1.E-07),#2623,
  'distance_accuracy_value','confusion accuracy');
#2627 = CONTEXT_DEPENDENT_SHAPE_REPRESENTATION(#2628,#2630);
#2628 = ( REPRESENTATION_RELATIONSHIP('','',#2291,#2268) 
REPRESENTATION_RELATIONSHIP_WITH_TRANSFORMATION(#2629) 
SHAPE_REPRESENTATION_RELATIONSHIP() );
#2629 = ITEM_DEFINED_TRANSFORMATION('','',#11,#2269);
#2630 = PRODUCT_DEFINITION_SHAPE('Placement','Placement of an item',
  #2631);
#2631 = NEXT_ASSEMBLY_USAGE_OCCURRENCE('81','=>[0:1:1:19]','',#2263,
  #2286,$);
#2632 = PRODUCT_RELATED_PRODUCT_CATEGORY('part',$,(#2288));
#2633 = SHAPE_DEFINITION_REPRESENTATION(#2634,#2640);
#2634 = PRODUCT_DEFINITION_SHAPE('','',#2635);
#2635 = PRODUCT_DEFINITION('design','',#2636,#2639);
#2636 = PRODUCT_DEFINITION_FORMATION('','',#2637);
#2637 = PRODUCT('left_front_covered_wheel_spoke_04',
  'left_front_covered_wheel_spoke_04','',(#2638));
#2638 = PRODUCT_CONTEXT('',#2,'mechanical');
#2639 = PRODUCT_DEFINITION_CONTEXT('part definition',#2,'design');
#2640 = SHAPE_REPRESENTATION('',(#11,#2641),#2645);
#2641 = AXIS2_PLACEMENT_3D('',#2642,#2643,#2644);
#2642 = CARTESIAN_POINT('',(-22.,-173.5,-216.2));
#2643 = DIRECTION('',(0.,0.,1.));
#2644 = DIRECTION('',(1.,0.,0.));
#2645 = ( GEOMETRIC_REPRESENTATION_CONTEXT(3) 
GLOBAL_UNCERTAINTY_ASSIGNED_CONTEXT((#2649)) 
GLOBAL_UNIT_ASSIGNED_CONTEXT((#2646,#2647,#2648)) REPRESENTATION_CONTEXT
('Context #1','3D Context with UNIT and UNCERTAINTY') );
#2646 = ( LENGTH_UNIT() NAMED_UNIT(*) SI_UNIT(.MILLI.,.METRE.) );
#2647 = ( NAMED_UNIT(*) PLANE_ANGLE_UNIT() SI_UNIT($,.RADIAN.) );
#2648 = ( NAMED_UNIT(*) SI_UNIT($,.STERADIAN.) SOLID_ANGLE_UNIT() );
#2649 = UNCERTAINTY_MEASURE_WITH_UNIT(LENGTH_MEASURE(1.E-07),#2646,
  'distance_accuracy_value','confusion accuracy');
#2650 = CONTEXT_DEPENDENT_SHAPE_REPRESENTATION(#2651,#2653);
#2651 = ( REPRESENTATION_RELATIONSHIP('','',#2640,#10) 
REPRESENTATION_RELATIONSHIP_WITH_TRANSFORMATION(#2652) 
SHAPE_REPRESENTATION_RELATIONSHIP() );
#2652 = ITEM_DEFINED_TRANSFORMATION('','',#11,#51);
#2653 = PRODUCT_DEFINITION_SHAPE('Placement','Placement of an item',
  #2654);
#2654 = NEXT_ASSEMBLY_USAGE_OCCURRENCE('84','=>[0:1:1:20]','',#5,#2635,$
  );
#2655 = PRODUCT_RELATED_PRODUCT_CATEGORY('part',$,(#2637));
#2656 = SHAPE_DEFINITION_REPRESENTATION(#2657,#2663);
#2657 = PRODUCT_DEFINITION_SHAPE('','',#2658);
#2658 = PRODUCT_DEFINITION('design','',#2659,#2662);
#2659 = PRODUCT_DEFINITION_FORMATION('','',#2660);
#2660 = PRODUCT('SOLID','SOLID','',(#2661));
#2661 = PRODUCT_CONTEXT('',#2,'mechanical');
#2662 = PRODUCT_DEFINITION_CONTEXT('part definition',#2,'design');
#2663 = ADVANCED_BREP_SHAPE_REPRESENTATION('',(#11,#2664),#2994);
#2664 = MANIFOLD_SOLID_BREP('',#2665);
#2665 = CLOSED_SHELL('',(#2666,#2786,#2886,#2933,#2980,#2987));
#2666 = ADVANCED_FACE('',(#2667),#2681,.F.);
#2667 = FACE_BOUND('',#2668,.F.);
#2668 = EDGE_LOOP('',(#2669,#2704,#2732,#2760));
#2669 = ORIENTED_EDGE('',*,*,#2670,.F.);
#2670 = EDGE_CURVE('',#2671,#2673,#2675,.T.);
#2671 = VERTEX_POINT('',#2672);
#2672 = CARTESIAN_POINT('',(0.,0.,0.));
#2673 = VERTEX_POINT('',#2674);
#2674 = CARTESIAN_POINT('',(0.,0.,432.4));
#2675 = SURFACE_CURVE('',#2676,(#2680,#2692),.PCURVE_S1.);
#2676 = LINE('',#2677,#2678);
#2677 = CARTESIAN_POINT('',(0.,0.,0.));
#2678 = VECTOR('',#2679,1.);
#2679 = DIRECTION('',(0.,0.,1.));
#2680 = PCURVE('',#2681,#2686);
#2681 = PLANE('',#2682);
#2682 = AXIS2_PLACEMENT_3D('',#2683,#2684,#2685);
#2683 = CARTESIAN_POINT('',(0.,0.,0.));
#2684 = DIRECTION('',(1.,0.,-0.));
#2685 = DIRECTION('',(0.,0.,1.));
#2686 = DEFINITIONAL_REPRESENTATION('',(#2687),#2691);
#2687 = LINE('',#2688,#2689);
#2688 = CARTESIAN_POINT('',(0.,0.));
#2689 = VECTOR('',#2690,1.);
#2690 = DIRECTION('',(1.,0.));
#2691 = ( GEOMETRIC_REPRESENTATION_CONTEXT(2) 
PARAMETRIC_REPRESENTATION_CONTEXT() REPRESENTATION_CONTEXT('2D SPACE',''
  ) );
#2692 = PCURVE('',#2693,#2698);
#2693 = PLANE('',#2694);
#2694 = AXIS2_PLACEMENT_3D('',#2695,#2696,#2697);
#2695 = CARTESIAN_POINT('',(0.,0.,0.));
#2696 = DIRECTION('',(-0.,1.,0.));
#2697 = DIRECTION('',(0.,0.,1.));
#2698 = DEFINITIONAL_REPRESENTATION('',(#2699),#2703);
#2699 = LINE('',#2700,#2701);
#2700 = CARTESIAN_POINT('',(0.,0.));
#2701 = VECTOR('',#2702,1.);
#2702 = DIRECTION('',(1.,0.));
#2703 = ( GEOMETRIC_REPRESENTATION_CONTEXT(2) 
PARAMETRIC_REPRESENTATION_CONTEXT() REPRESENTATION_CONTEXT('2D SPACE',''
  ) );
#2704 = ORIENTED_EDGE('',*,*,#2705,.T.);
#2705 = EDGE_CURVE('',#2671,#2706,#2708,.T.);
#2706 = VERTEX_POINT('',#2707);
#2707 = CARTESIAN_POINT('',(0.,347.,0.));
#2708 = SURFACE_CURVE('',#2709,(#2713,#2720),.PCURVE_S1.);
#2709 = LINE('',#2710,#2711);
#2710 = CARTESIAN_POINT('',(0.,0.,0.));
#2711 = VECTOR('',#2712,1.);
#2712 = DIRECTION('',(-0.,1.,0.));
#2713 = PCURVE('',#2681,#2714);
#2714 = DEFINITIONAL_REPRESENTATION('',(#2715),#2719);
#2715 = LINE('',#2716,#2717);
#2716 = CARTESIAN_POINT('',(0.,0.));
#2717 = VECTOR('',#2718,1.);
#2718 = DIRECTION('',(0.,-1.));
#2719 = ( GEOMETRIC_REPRESENTATION_CONTEXT(2) 
PARAMETRIC_REPRESENTATION_CONTEXT() REPRESENTATION_CONTEXT('2D SPACE',''
  ) );
#2720 = PCURVE('',#2721,#2726);
#2721 = PLANE('',#2722);
#2722 = AXIS2_PLACEMENT_3D('',#2723,#2724,#2725);
#2723 = CARTESIAN_POINT('',(0.,0.,0.));
#2724 = DIRECTION('',(0.,0.,1.));
#2725 = DIRECTION('',(1.,0.,-0.));
#2726 = DEFINITIONAL_REPRESENTATION('',(#2727),#2731);
#2727 = LINE('',#2728,#2729);
#2728 = CARTESIAN_POINT('',(0.,0.));
#2729 = VECTOR('',#2730,1.);
#2730 = DIRECTION('',(0.,1.));
#2731 = ( GEOMETRIC_REPRESENTATION_CONTEXT(2) 
PARAMETRIC_REPRESENTATION_CONTEXT() REPRESENTATION_CONTEXT('2D SPACE',''
  ) );
#2732 = ORIENTED_EDGE('',*,*,#2733,.T.);
#2733 = EDGE_CURVE('',#2706,#2734,#2736,.T.);
#2734 = VERTEX_POINT('',#2735);
#2735 = CARTESIAN_POINT('',(0.,347.,432.4));
#2736 = SURFACE_CURVE('',#2737,(#2741,#2748),.PCURVE_S1.);
#2737 = LINE('',#2738,#2739);
#2738 = CARTESIAN_POINT('',(0.,347.,0.));
#2739 = VECTOR('',#2740,1.);
#2740 = DIRECTION('',(0.,0.,1.));
#2741 = PCURVE('',#2681,#2742);
#2742 = DEFINITIONAL_REPRESENTATION('',(#2743),#2747);
#2743 = LINE('',#2744,#2745);
#2744 = CARTESIAN_POINT('',(0.,-347.));
#2745 = VECTOR('',#2746,1.);
#2746 = DIRECTION('',(1.,0.));
#2747 = ( GEOMETRIC_REPRESENTATION_CONTEXT(2) 
PARAMETRIC_REPRESENTATION_CONTEXT() REPRESENTATION_CONTEXT('2D SPACE',''
  ) );
#2748 = PCURVE('',#2749,#2754);
#2749 = PLANE('',#2750);
#2750 = AXIS2_PLACEMENT_3D('',#2751,#2752,#2753);
#2751 = CARTESIAN_POINT('',(0.,347.,0.));
#2752 = DIRECTION('',(-0.,1.,0.));
#2753 = DIRECTION('',(0.,0.,1.));
#2754 = DEFINITIONAL_REPRESENTATION('',(#2755),#2759);
#2755 = LINE('',#2756,#2757);
#2756 = CARTESIAN_POINT('',(0.,0.));
#2757 = VECTOR('',#2758,1.);
#2758 = DIRECTION('',(1.,0.));
#2759 = ( GEOMETRIC_REPRESENTATION_CONTEXT(2) 
PARAMETRIC_REPRESENTATION_CONTEXT() REPRESENTATION_CONTEXT('2D SPACE',''
  ) );
#2760 = ORIENTED_EDGE('',*,*,#2761,.F.);
#2761 = EDGE_CURVE('',#2673,#2734,#2762,.T.);
#2762 = SURFACE_CURVE('',#2763,(#2767,#2774),.PCURVE_S1.);
#2763 = LINE('',#2764,#2765);
#2764 = CARTESIAN_POINT('',(0.,0.,432.4));
#2765 = VECTOR('',#2766,1.);
#2766 = DIRECTION('',(-0.,1.,0.));
#2767 = PCURVE('',#2681,#2768);
#2768 = DEFINITIONAL_REPRESENTATION('',(#2769),#2773);
#2769 = LINE('',#2770,#2771);
#2770 = CARTESIAN_POINT('',(432.4,0.));
#2771 = VECTOR('',#2772,1.);
#2772 = DIRECTION('',(0.,-1.));
#2773 = ( GEOMETRIC_REPRESENTATION_CONTEXT(2) 
PARAMETRIC_REPRESENTATION_CONTEXT() REPRESENTATION_CONTEXT('2D SPACE',''
  ) );
#2774 = PCURVE('',#2775,#2780);
#2775 = PLANE('',#2776);
#2776 = AXIS2_PLACEMENT_3D('',#2777,#2778,#2779);
#2777 = CARTESIAN_POINT('',(0.,0.,432.4));
#2778 = DIRECTION('',(0.,0.,1.));
#2779 = DIRECTION('',(1.,0.,-0.));
#2780 = DEFINITIONAL_REPRESENTATION('',(#2781),#2785);
#2781 = LINE('',#2782,#2783);
#2782 = CARTESIAN_POINT('',(0.,0.));
#2783 = VECTOR('',#2784,1.);
#2784 = DIRECTION('',(0.,1.));
#2785 = ( GEOMETRIC_REPRESENTATION_CONTEXT(2) 
PARAMETRIC_REPRESENTATION_CONTEXT() REPRESENTATION_CONTEXT('2D SPACE',''
  ) );
#2786 = ADVANCED_FACE('',(#2787),#2801,.T.);
#2787 = FACE_BOUND('',#2788,.T.);
#2788 = EDGE_LOOP('',(#2789,#2819,#2842,#2865));
#2789 = ORIENTED_EDGE('',*,*,#2790,.F.);
#2790 = EDGE_CURVE('',#2791,#2793,#2795,.T.);
#2791 = VERTEX_POINT('',#2792);
#2792 = CARTESIAN_POINT('',(44.,0.,0.));
#2793 = VERTEX_POINT('',#2794);
#2794 = CARTESIAN_POINT('',(44.,0.,432.4));
#2795 = SURFACE_CURVE('',#2796,(#2800,#2812),.PCURVE_S1.);
#2796 = LINE('',#2797,#2798);
#2797 = CARTESIAN_POINT('',(44.,0.,0.));
#2798 = VECTOR('',#2799,1.);
#2799 = DIRECTION('',(0.,0.,1.));
#2800 = PCURVE('',#2801,#2806);
#2801 = PLANE('',#2802);
#2802 = AXIS2_PLACEMENT_3D('',#2803,#2804,#2805);
#2803 = CARTESIAN_POINT('',(44.,0.,0.));
#2804 = DIRECTION('',(1.,0.,-0.));
#2805 = DIRECTION('',(0.,0.,1.));
#2806 = DEFINITIONAL_REPRESENTATION('',(#2807),#2811);
#2807 = LINE('',#2808,#2809);
#2808 = CARTESIAN_POINT('',(0.,0.));
#2809 = VECTOR('',#2810,1.);
#2810 = DIRECTION('',(1.,0.));
#2811 = ( GEOMETRIC_REPRESENTATION_CONTEXT(2) 
PARAMETRIC_REPRESENTATION_CONTEXT() REPRESENTATION_CONTEXT('2D SPACE',''
  ) );
#2812 = PCURVE('',#2693,#2813);
#2813 = DEFINITIONAL_REPRESENTATION('',(#2814),#2818);
#2814 = LINE('',#2815,#2816);
#2815 = CARTESIAN_POINT('',(0.,44.));
#2816 = VECTOR('',#2817,1.);
#2817 = DIRECTION('',(1.,0.));
#2818 = ( GEOMETRIC_REPRESENTATION_CONTEXT(2) 
PARAMETRIC_REPRESENTATION_CONTEXT() REPRESENTATION_CONTEXT('2D SPACE',''
  ) );
#2819 = ORIENTED_EDGE('',*,*,#2820,.T.);
#2820 = EDGE_CURVE('',#2791,#2821,#2823,.T.);
#2821 = VERTEX_POINT('',#2822);
#2822 = CARTESIAN_POINT('',(44.,347.,0.));
#2823 = SURFACE_CURVE('',#2824,(#2828,#2835),.PCURVE_S1.);
#2824 = LINE('',#2825,#2826);
#2825 = CARTESIAN_POINT('',(44.,0.,0.));
#2826 = VECTOR('',#2827,1.);
#2827 = DIRECTION('',(-0.,1.,0.));
#2828 = PCURVE('',#2801,#2829);
#2829 = DEFINITIONAL_REPRESENTATION('',(#2830),#2834);
#2830 = LINE('',#2831,#2832);
#2831 = CARTESIAN_POINT('',(0.,0.));
#2832 = VECTOR('',#2833,1.);
#2833 = DIRECTION('',(0.,-1.));
#2834 = ( GEOMETRIC_REPRESENTATION_CONTEXT(2) 
PARAMETRIC_REPRESENTATION_CONTEXT() REPRESENTATION_CONTEXT('2D SPACE',''
  ) );
#2835 = PCURVE('',#2721,#2836);
#2836 = DEFINITIONAL_REPRESENTATION('',(#2837),#2841);
#2837 = LINE('',#2838,#2839);
#2838 = CARTESIAN_POINT('',(44.,0.));
#2839 = VECTOR('',#2840,1.);
#2840 = DIRECTION('',(0.,1.));
#2841 = ( GEOMETRIC_REPRESENTATION_CONTEXT(2) 
PARAMETRIC_REPRESENTATION_CONTEXT() REPRESENTATION_CONTEXT('2D SPACE',''
  ) );
#2842 = ORIENTED_EDGE('',*,*,#2843,.T.);
#2843 = EDGE_CURVE('',#2821,#2844,#2846,.T.);
#2844 = VERTEX_POINT('',#2845);
#2845 = CARTESIAN_POINT('',(44.,347.,432.4));
#2846 = SURFACE_CURVE('',#2847,(#2851,#2858),.PCURVE_S1.);
#2847 = LINE('',#2848,#2849);
#2848 = CARTESIAN_POINT('',(44.,347.,0.));
#2849 = VECTOR('',#2850,1.);
#2850 = DIRECTION('',(0.,0.,1.));
#2851 = PCURVE('',#2801,#2852);
#2852 = DEFINITIONAL_REPRESENTATION('',(#2853),#2857);
#2853 = LINE('',#2854,#2855);
#2854 = CARTESIAN_POINT('',(0.,-347.));
#2855 = VECTOR('',#2856,1.);
#2856 = DIRECTION('',(1.,0.));
#2857 = ( GEOMETRIC_REPRESENTATION_CONTEXT(2) 
PARAMETRIC_REPRESENTATION_CONTEXT() REPRESENTATION_CONTEXT('2D SPACE',''
  ) );
#2858 = PCURVE('',#2749,#2859);
#2859 = DEFINITIONAL_REPRESENTATION('',(#2860),#2864);
#2860 = LINE('',#2861,#2862);
#2861 = CARTESIAN_POINT('',(0.,44.));
#2862 = VECTOR('',#2863,1.);
#2863 = DIRECTION('',(1.,0.));
#2864 = ( GEOMETRIC_REPRESENTATION_CONTEXT(2) 
PARAMETRIC_REPRESENTATION_CONTEXT() REPRESENTATION_CONTEXT('2D SPACE',''
  ) );
#2865 = ORIENTED_EDGE('',*,*,#2866,.F.);
#2866 = EDGE_CURVE('',#2793,#2844,#2867,.T.);
#2867 = SURFACE_CURVE('',#2868,(#2872,#2879),.PCURVE_S1.);
#2868 = LINE('',#2869,#2870);
#2869 = CARTESIAN_POINT('',(44.,0.,432.4));
#2870 = VECTOR('',#2871,1.);
#2871 = DIRECTION('',(-0.,1.,0.));
#2872 = PCURVE('',#2801,#2873);
#2873 = DEFINITIONAL_REPRESENTATION('',(#2874),#2878);
#2874 = LINE('',#2875,#2876);
#2875 = CARTESIAN_POINT('',(432.4,0.));
#2876 = VECTOR('',#2877,1.);
#2877 = DIRECTION('',(0.,-1.));
#2878 = ( GEOMETRIC_REPRESENTATION_CONTEXT(2) 
PARAMETRIC_REPRESENTATION_CONTEXT() REPRESENTATION_CONTEXT('2D SPACE',''
  ) );
#2879 = PCURVE('',#2775,#2880);
#2880 = DEFINITIONAL_REPRESENTATION('',(#2881),#2885);
#2881 = LINE('',#2882,#2883);
#2882 = CARTESIAN_POINT('',(44.,0.));
#2883 = VECTOR('',#2884,1.);
#2884 = DIRECTION('',(0.,1.));
#2885 = ( GEOMETRIC_REPRESENTATION_CONTEXT(2) 
PARAMETRIC_REPRESENTATION_CONTEXT() REPRESENTATION_CONTEXT('2D SPACE',''
  ) );
#2886 = ADVANCED_FACE('',(#2887),#2693,.F.);
#2887 = FACE_BOUND('',#2888,.F.);
#2888 = EDGE_LOOP('',(#2889,#2910,#2911,#2932));
#2889 = ORIENTED_EDGE('',*,*,#2890,.F.);
#2890 = EDGE_CURVE('',#2671,#2791,#2891,.T.);
#2891 = SURFACE_CURVE('',#2892,(#2896,#2903),.PCURVE_S1.);
#2892 = LINE('',#2893,#2894);
#2893 = CARTESIAN_POINT('',(0.,0.,0.));
#2894 = VECTOR('',#2895,1.);
#2895 = DIRECTION('',(1.,0.,-0.));
#2896 = PCURVE('',#2693,#2897);
#2897 = DEFINITIONAL_REPRESENTATION('',(#2898),#2902);
#2898 = LINE('',#2899,#2900);
#2899 = CARTESIAN_POINT('',(0.,0.));
#2900 = VECTOR('',#2901,1.);
#2901 = DIRECTION('',(0.,1.));
#2902 = ( GEOMETRIC_REPRESENTATION_CONTEXT(2) 
PARAMETRIC_REPRESENTATION_CONTEXT() REPRESENTATION_CONTEXT('2D SPACE',''
  ) );
#2903 = PCURVE('',#2721,#2904);
#2904 = DEFINITIONAL_REPRESENTATION('',(#2905),#2909);
#2905 = LINE('',#2906,#2907);
#2906 = CARTESIAN_POINT('',(0.,0.));
#2907 = VECTOR('',#2908,1.);
#2908 = DIRECTION('',(1.,0.));
#2909 = ( GEOMETRIC_REPRESENTATION_CONTEXT(2) 
PARAMETRIC_REPRESENTATION_CONTEXT() REPRESENTATION_CONTEXT('2D SPACE',''
  ) );
#2910 = ORIENTED_EDGE('',*,*,#2670,.T.);
#2911 = ORIENTED_EDGE('',*,*,#2912,.T.);
#2912 = EDGE_CURVE('',#2673,#2793,#2913,.T.);
#2913 = SURFACE_CURVE('',#2914,(#2918,#2925),.PCURVE_S1.);
#2914 = LINE('',#2915,#2916);
#2915 = CARTESIAN_POINT('',(0.,0.,432.4));
#2916 = VECTOR('',#2917,1.);
#2917 = DIRECTION('',(1.,0.,-0.));
#2918 = PCURVE('',#2693,#2919);
#2919 = DEFINITIONAL_REPRESENTATION('',(#2920),#2924);
#2920 = LINE('',#2921,#2922);
#2921 = CARTESIAN_POINT('',(432.4,0.));
#2922 = VECTOR('',#2923,1.);
#2923 = DIRECTION('',(0.,1.));
#2924 = ( GEOMETRIC_REPRESENTATION_CONTEXT(2) 
PARAMETRIC_REPRESENTATION_CONTEXT() REPRESENTATION_CONTEXT('2D SPACE',''
  ) );
#2925 = PCURVE('',#2775,#2926);
#2926 = DEFINITIONAL_REPRESENTATION('',(#2927),#2931);
#2927 = LINE('',#2928,#2929);
#2928 = CARTESIAN_POINT('',(0.,0.));
#2929 = VECTOR('',#2930,1.);
#2930 = DIRECTION('',(1.,0.));
#2931 = ( GEOMETRIC_REPRESENTATION_CONTEXT(2) 
PARAMETRIC_REPRESENTATION_CONTEXT() REPRESENTATION_CONTEXT('2D SPACE',''
  ) );
#2932 = ORIENTED_EDGE('',*,*,#2790,.F.);
#2933 = ADVANCED_FACE('',(#2934),#2749,.T.);
#2934 = FACE_BOUND('',#2935,.T.);
#2935 = EDGE_LOOP('',(#2936,#2957,#2958,#2979));
#2936 = ORIENTED_EDGE('',*,*,#2937,.F.);
#2937 = EDGE_CURVE('',#2706,#2821,#2938,.T.);
#2938 = SURFACE_CURVE('',#2939,(#2943,#2950),.PCURVE_S1.);
#2939 = LINE('',#2940,#2941);
#2940 = CARTESIAN_POINT('',(0.,347.,0.));
#2941 = VECTOR('',#2942,1.);
#2942 = DIRECTION('',(1.,0.,-0.));
#2943 = PCURVE('',#2749,#2944);
#2944 = DEFINITIONAL_REPRESENTATION('',(#2945),#2949);
#2945 = LINE('',#2946,#2947);
#2946 = CARTESIAN_POINT('',(0.,0.));
#2947 = VECTOR('',#2948,1.);
#2948 = DIRECTION('',(0.,1.));
#2949 = ( GEOMETRIC_REPRESENTATION_CONTEXT(2) 
PARAMETRIC_REPRESENTATION_CONTEXT() REPRESENTATION_CONTEXT('2D SPACE',''
  ) );
#2950 = PCURVE('',#2721,#2951);
#2951 = DEFINITIONAL_REPRESENTATION('',(#2952),#2956);
#2952 = LINE('',#2953,#2954);
#2953 = CARTESIAN_POINT('',(0.,347.));
#2954 = VECTOR('',#2955,1.);
#2955 = DIRECTION('',(1.,0.));
#2956 = ( GEOMETRIC_REPRESENTATION_CONTEXT(2) 
PARAMETRIC_REPRESENTATION_CONTEXT() REPRESENTATION_CONTEXT('2D SPACE',''
  ) );
#2957 = ORIENTED_EDGE('',*,*,#2733,.T.);
#2958 = ORIENTED_EDGE('',*,*,#2959,.T.);
#2959 = EDGE_CURVE('',#2734,#2844,#2960,.T.);
#2960 = SURFACE_CURVE('',#2961,(#2965,#2972),.PCURVE_S1.);
#2961 = LINE('',#2962,#2963);
#2962 = CARTESIAN_POINT('',(0.,347.,432.4));
#2963 = VECTOR('',#2964,1.);
#2964 = DIRECTION('',(1.,0.,-0.));
#2965 = PCURVE('',#2749,#2966);
#2966 = DEFINITIONAL_REPRESENTATION('',(#2967),#2971);
#2967 = LINE('',#2968,#2969);
#2968 = CARTESIAN_POINT('',(432.4,0.));
#2969 = VECTOR('',#2970,1.);
#2970 = DIRECTION('',(0.,1.));
#2971 = ( GEOMETRIC_REPRESENTATION_CONTEXT(2) 
PARAMETRIC_REPRESENTATION_CONTEXT() REPRESENTATION_CONTEXT('2D SPACE',''
  ) );
#2972 = PCURVE('',#2775,#2973);
#2973 = DEFINITIONAL_REPRESENTATION('',(#2974),#2978);
#2974 = LINE('',#2975,#2976);
#2975 = CARTESIAN_POINT('',(0.,347.));
#2976 = VECTOR('',#2977,1.);
#2977 = DIRECTION('',(1.,0.));
#2978 = ( GEOMETRIC_REPRESENTATION_CONTEXT(2) 
PARAMETRIC_REPRESENTATION_CONTEXT() REPRESENTATION_CONTEXT('2D SPACE',''
  ) );
#2979 = ORIENTED_EDGE('',*,*,#2843,.F.);
#2980 = ADVANCED_FACE('',(#2981),#2721,.F.);
#2981 = FACE_BOUND('',#2982,.F.);
#2982 = EDGE_LOOP('',(#2983,#2984,#2985,#2986));
#2983 = ORIENTED_EDGE('',*,*,#2705,.F.);
#2984 = ORIENTED_EDGE('',*,*,#2890,.T.);
#2985 = ORIENTED_EDGE('',*,*,#2820,.T.);
#2986 = ORIENTED_EDGE('',*,*,#2937,.F.);
#2987 = ADVANCED_FACE('',(#2988),#2775,.T.);
#2988 = FACE_BOUND('',#2989,.T.);
#2989 = EDGE_LOOP('',(#2990,#2991,#2992,#2993));
#2990 = ORIENTED_EDGE('',*,*,#2761,.F.);
#2991 = ORIENTED_EDGE('',*,*,#2912,.T.);
#2992 = ORIENTED_EDGE('',*,*,#2866,.T.);
#2993 = ORIENTED_EDGE('',*,*,#2959,.F.);
#2994 = ( GEOMETRIC_REPRESENTATION_CONTEXT(3) 
GLOBAL_UNCERTAINTY_ASSIGNED_CONTEXT((#2998)) 
GLOBAL_UNIT_ASSIGNED_CONTEXT((#2995,#2996,#2997)) REPRESENTATION_CONTEXT
('Context #1','3D Context with UNIT and UNCERTAINTY') );
#2995 = ( LENGTH_UNIT() NAMED_UNIT(*) SI_UNIT(.MILLI.,.METRE.) );
#2996 = ( NAMED_UNIT(*) PLANE_ANGLE_UNIT() SI_UNIT($,.RADIAN.) );
#2997 = ( NAMED_UNIT(*) SI_UNIT($,.STERADIAN.) SOLID_ANGLE_UNIT() );
#2998 = UNCERTAINTY_MEASURE_WITH_UNIT(LENGTH_MEASURE(1.E-07),#2995,
  'distance_accuracy_value','confusion accuracy');
#2999 = CONTEXT_DEPENDENT_SHAPE_REPRESENTATION(#3000,#3002);
#3000 = ( REPRESENTATION_RELATIONSHIP('','',#2663,#2640) 
REPRESENTATION_RELATIONSHIP_WITH_TRANSFORMATION(#3001) 
SHAPE_REPRESENTATION_RELATIONSHIP() );
#3001 = ITEM_DEFINED_TRANSFORMATION('','',#11,#2641);
#3002 = PRODUCT_DEFINITION_SHAPE('Placement','Placement of an item',
  #3003);
#3003 = NEXT_ASSEMBLY_USAGE_OCCURRENCE('83','=>[0:1:1:21]','',#2635,
  #2658,$);
#3004 = PRODUCT_RELATED_PRODUCT_CATEGORY('part',$,(#2660));
#3005 = SHAPE_DEFINITION_REPRESENTATION(#3006,#3012);
#3006 = PRODUCT_DEFINITION_SHAPE('','',#3007);
#3007 = PRODUCT_DEFINITION('design','',#3008,#3011);
#3008 = PRODUCT_DEFINITION_FORMATION('','',#3009);
#3009 = PRODUCT('left_front_covered_wheel_spoke_05',
  'left_front_covered_wheel_spoke_05','',(#3010));
#3010 = PRODUCT_CONTEXT('',#2,'mechanical');
#3011 = PRODUCT_DEFINITION_CONTEXT('part definition',#2,'design');
#3012 = SHAPE_REPRESENTATION('',(#11,#3013),#3017);
#3013 = AXIS2_PLACEMENT_3D('',#3014,#3015,#3016);
#3014 = CARTESIAN_POINT('',(-22.,-173.5,-216.2));
#3015 = DIRECTION('',(0.,0.,1.));
#3016 = DIRECTION('',(1.,0.,0.));
#3017 = ( GEOMETRIC_REPRESENTATION_CONTEXT(3) 
GLOBAL_UNCERTAINTY_ASSIGNED_CONTEXT((#3021)) 
GLOBAL_UNIT_ASSIGNED_CONTEXT((#3018,#3019,#3020)) REPRESENTATION_CONTEXT
('Context #1','3D Context with UNIT and UNCERTAINTY') );
#3018 = ( LENGTH_UNIT() NAMED_UNIT(*) SI_UNIT(.MILLI.,.METRE.) );
#3019 = ( NAMED_UNIT(*) PLANE_ANGLE_UNIT() SI_UNIT($,.RADIAN.) );
#3020 = ( NAMED_UNIT(*) SI_UNIT($,.STERADIAN.) SOLID_ANGLE_UNIT() );
#3021 = UNCERTAINTY_MEASURE_WITH_UNIT(LENGTH_MEASURE(1.E-07),#3018,
  'distance_accuracy_value','confusion accuracy');
#3022 = CONTEXT_DEPENDENT_SHAPE_REPRESENTATION(#3023,#3025);
#3023 = ( REPRESENTATION_RELATIONSHIP('','',#3012,#10) 
REPRESENTATION_RELATIONSHIP_WITH_TRANSFORMATION(#3024) 
SHAPE_REPRESENTATION_RELATIONSHIP() );
#3024 = ITEM_DEFINED_TRANSFORMATION('','',#11,#55);
#3025 = PRODUCT_DEFINITION_SHAPE('Placement','Placement of an item',
  #3026);
#3026 = NEXT_ASSEMBLY_USAGE_OCCURRENCE('86','=>[0:1:1:22]','',#5,#3007,$
  );
#3027 = PRODUCT_RELATED_PRODUCT_CATEGORY('part',$,(#3009));
#3028 = SHAPE_DEFINITION_REPRESENTATION(#3029,#3035);
#3029 = PRODUCT_DEFINITION_SHAPE('','',#3030);
#3030 = PRODUCT_DEFINITION('design','',#3031,#3034);
#3031 = PRODUCT_DEFINITION_FORMATION('','',#3032);
#3032 = PRODUCT('SOLID','SOLID','',(#3033));
#3033 = PRODUCT_CONTEXT('',#2,'mechanical');
#3034 = PRODUCT_DEFINITION_CONTEXT('part definition',#2,'design');
#3035 = ADVANCED_BREP_SHAPE_REPRESENTATION('',(#11,#3036),#3366);
#3036 = MANIFOLD_SOLID_BREP('',#3037);
#3037 = CLOSED_SHELL('',(#3038,#3158,#3258,#3305,#3352,#3359));
#3038 = ADVANCED_FACE('',(#3039),#3053,.F.);
#3039 = FACE_BOUND('',#3040,.F.);
#3040 = EDGE_LOOP('',(#3041,#3076,#3104,#3132));
#3041 = ORIENTED_EDGE('',*,*,#3042,.F.);
#3042 = EDGE_CURVE('',#3043,#3045,#3047,.T.);
#3043 = VERTEX_POINT('',#3044);
#3044 = CARTESIAN_POINT('',(0.,0.,0.));
#3045 = VERTEX_POINT('',#3046);
#3046 = CARTESIAN_POINT('',(0.,0.,432.4));
#3047 = SURFACE_CURVE('',#3048,(#3052,#3064),.PCURVE_S1.);
#3048 = LINE('',#3049,#3050);
#3049 = CARTESIAN_POINT('',(0.,0.,0.));
#3050 = VECTOR('',#3051,1.);
#3051 = DIRECTION('',(0.,0.,1.));
#3052 = PCURVE('',#3053,#3058);
#3053 = PLANE('',#3054);
#3054 = AXIS2_PLACEMENT_3D('',#3055,#3056,#3057);
#3055 = CARTESIAN_POINT('',(0.,0.,0.));
#3056 = DIRECTION('',(1.,0.,-0.));
#3057 = DIRECTION('',(0.,0.,1.));
#3058 = DEFINITIONAL_REPRESENTATION('',(#3059),#3063);
#3059 = LINE('',#3060,#3061);
#3060 = CARTESIAN_POINT('',(0.,0.));
#3061 = VECTOR('',#3062,1.);
#3062 = DIRECTION('',(1.,0.));
#3063 = ( GEOMETRIC_REPRESENTATION_CONTEXT(2) 
PARAMETRIC_REPRESENTATION_CONTEXT() REPRESENTATION_CONTEXT('2D SPACE',''
  ) );
#3064 = PCURVE('',#3065,#3070);
#3065 = PLANE('',#3066);
#3066 = AXIS2_PLACEMENT_3D('',#3067,#3068,#3069);
#3067 = CARTESIAN_POINT('',(0.,0.,0.));
#3068 = DIRECTION('',(-0.,1.,0.));
#3069 = DIRECTION('',(0.,0.,1.));
#3070 = DEFINITIONAL_REPRESENTATION('',(#3071),#3075);
#3071 = LINE('',#3072,#3073);
#3072 = CARTESIAN_POINT('',(0.,0.));
#3073 = VECTOR('',#3074,1.);
#3074 = DIRECTION('',(1.,0.));
#3075 = ( GEOMETRIC_REPRESENTATION_CONTEXT(2) 
PARAMETRIC_REPRESENTATION_CONTEXT() REPRESENTATION_CONTEXT('2D SPACE',''
  ) );
#3076 = ORIENTED_EDGE('',*,*,#3077,.T.);
#3077 = EDGE_CURVE('',#3043,#3078,#3080,.T.);
#3078 = VERTEX_POINT('',#3079);
#3079 = CARTESIAN_POINT('',(0.,347.,0.));
#3080 = SURFACE_CURVE('',#3081,(#3085,#3092),.PCURVE_S1.);
#3081 = LINE('',#3082,#3083);
#3082 = CARTESIAN_POINT('',(0.,0.,0.));
#3083 = VECTOR('',#3084,1.);
#3084 = DIRECTION('',(-0.,1.,0.));
#3085 = PCURVE('',#3053,#3086);
#3086 = DEFINITIONAL_REPRESENTATION('',(#3087),#3091);
#3087 = LINE('',#3088,#3089);
#3088 = CARTESIAN_POINT('',(0.,0.));
#3089 = VECTOR('',#3090,1.);
#3090 = DIRECTION('',(0.,-1.));
#3091 = ( GEOMETRIC_REPRESENTATION_CONTEXT(2) 
PARAMETRIC_REPRESENTATION_CONTEXT() REPRESENTATION_CONTEXT('2D SPACE',''
  ) );
#3092 = PCURVE('',#3093,#3098);
#3093 = PLANE('',#3094);
#3094 = AXIS2_PLACEMENT_3D('',#3095,#3096,#3097);
#3095 = CARTESIAN_POINT('',(0.,0.,0.));
#3096 = DIRECTION('',(0.,0.,1.));
#3097 = DIRECTION('',(1.,0.,-0.));
#3098 = DEFINITIONAL_REPRESENTATION('',(#3099),#3103);
#3099 = LINE('',#3100,#3101);
#3100 = CARTESIAN_POINT('',(0.,0.));
#3101 = VECTOR('',#3102,1.);
#3102 = DIRECTION('',(0.,1.));
#3103 = ( GEOMETRIC_REPRESENTATION_CONTEXT(2) 
PARAMETRIC_REPRESENTATION_CONTEXT() REPRESENTATION_CONTEXT('2D SPACE',''
  ) );
#3104 = ORIENTED_EDGE('',*,*,#3105,.T.);
#3105 = EDGE_CURVE('',#3078,#3106,#3108,.T.);
#3106 = VERTEX_POINT('',#3107);
#3107 = CARTESIAN_POINT('',(0.,347.,432.4));
#3108 = SURFACE_CURVE('',#3109,(#3113,#3120),.PCURVE_S1.);
#3109 = LINE('',#3110,#3111);
#3110 = CARTESIAN_POINT('',(0.,347.,0.));
#3111 = VECTOR('',#3112,1.);
#3112 = DIRECTION('',(0.,0.,1.));
#3113 = PCURVE('',#3053,#3114);
#3114 = DEFINITIONAL_REPRESENTATION('',(#3115),#3119);
#3115 = LINE('',#3116,#3117);
#3116 = CARTESIAN_POINT('',(0.,-347.));
#3117 = VECTOR('',#3118,1.);
#3118 = DIRECTION('',(1.,0.));
#3119 = ( GEOMETRIC_REPRESENTATION_CONTEXT(2) 
PARAMETRIC_REPRESENTATION_CONTEXT() REPRESENTATION_CONTEXT('2D SPACE',''
  ) );
#3120 = PCURVE('',#3121,#3126);
#3121 = PLANE('',#3122);
#3122 = AXIS2_PLACEMENT_3D('',#3123,#3124,#3125);
#3123 = CARTESIAN_POINT('',(0.,347.,0.));
#3124 = DIRECTION('',(-0.,1.,0.));
#3125 = DIRECTION('',(0.,0.,1.));
#3126 = DEFINITIONAL_REPRESENTATION('',(#3127),#3131);
#3127 = LINE('',#3128,#3129);
#3128 = CARTESIAN_POINT('',(0.,0.));
#3129 = VECTOR('',#3130,1.);
#3130 = DIRECTION('',(1.,0.));
#3131 = ( GEOMETRIC_REPRESENTATION_CONTEXT(2) 
PARAMETRIC_REPRESENTATION_CONTEXT() REPRESENTATION_CONTEXT('2D SPACE',''
  ) );
#3132 = ORIENTED_EDGE('',*,*,#3133,.F.);
#3133 = EDGE_CURVE('',#3045,#3106,#3134,.T.);
#3134 = SURFACE_CURVE('',#3135,(#3139,#3146),.PCURVE_S1.);
#3135 = LINE('',#3136,#3137);
#3136 = CARTESIAN_POINT('',(0.,0.,432.4));
#3137 = VECTOR('',#3138,1.);
#3138 = DIRECTION('',(-0.,1.,0.));
#3139 = PCURVE('',#3053,#3140);
#3140 = DEFINITIONAL_REPRESENTATION('',(#3141),#3145);
#3141 = LINE('',#3142,#3143);
#3142 = CARTESIAN_POINT('',(432.4,0.));
#3143 = VECTOR('',#3144,1.);
#3144 = DIRECTION('',(0.,-1.));
#3145 = ( GEOMETRIC_REPRESENTATION_CONTEXT(2) 
PARAMETRIC_REPRESENTATION_CONTEXT() REPRESENTATION_CONTEXT('2D SPACE',''
  ) );
#3146 = PCURVE('',#3147,#3152);
#3147 = PLANE('',#3148);
#3148 = AXIS2_PLACEMENT_3D('',#3149,#3150,#3151);
#3149 = CARTESIAN_POINT('',(0.,0.,432.4));
#3150 = DIRECTION('',(0.,0.,1.));
#3151 = DIRECTION('',(1.,0.,-0.));
#3152 = DEFINITIONAL_REPRESENTATION('',(#3153),#3157);
#3153 = LINE('',#3154,#3155);
#3154 = CARTESIAN_POINT('',(0.,0.));
#3155 = VECTOR('',#3156,1.);
#3156 = DIRECTION('',(0.,1.));
#3157 = ( GEOMETRIC_REPRESENTATION_CONTEXT(2) 
PARAMETRIC_REPRESENTATION_CONTEXT() REPRESENTATION_CONTEXT('2D SPACE',''
  ) );
#3158 = ADVANCED_FACE('',(#3159),#3173,.T.);
#3159 = FACE_BOUND('',#3160,.T.);
#3160 = EDGE_LOOP('',(#3161,#3191,#3214,#3237));
#3161 = ORIENTED_EDGE('',*,*,#3162,.F.);
#3162 = EDGE_CURVE('',#3163,#3165,#3167,.T.);
#3163 = VERTEX_POINT('',#3164);
#3164 = CARTESIAN_POINT('',(44.,0.,0.));
#3165 = VERTEX_POINT('',#3166);
#3166 = CARTESIAN_POINT('',(44.,0.,432.4));
#3167 = SURFACE_CURVE('',#3168,(#3172,#3184),.PCURVE_S1.);
#3168 = LINE('',#3169,#3170);
#3169 = CARTESIAN_POINT('',(44.,0.,0.));
#3170 = VECTOR('',#3171,1.);
#3171 = DIRECTION('',(0.,0.,1.));
#3172 = PCURVE('',#3173,#3178);
#3173 = PLANE('',#3174);
#3174 = AXIS2_PLACEMENT_3D('',#3175,#3176,#3177);
#3175 = CARTESIAN_POINT('',(44.,0.,0.));
#3176 = DIRECTION('',(1.,0.,-0.));
#3177 = DIRECTION('',(0.,0.,1.));
#3178 = DEFINITIONAL_REPRESENTATION('',(#3179),#3183);
#3179 = LINE('',#3180,#3181);
#3180 = CARTESIAN_POINT('',(0.,0.));
#3181 = VECTOR('',#3182,1.);
#3182 = DIRECTION('',(1.,0.));
#3183 = ( GEOMETRIC_REPRESENTATION_CONTEXT(2) 
PARAMETRIC_REPRESENTATION_CONTEXT() REPRESENTATION_CONTEXT('2D SPACE',''
  ) );
#3184 = PCURVE('',#3065,#3185);
#3185 = DEFINITIONAL_REPRESENTATION('',(#3186),#3190);
#3186 = LINE('',#3187,#3188);
#3187 = CARTESIAN_POINT('',(0.,44.));
#3188 = VECTOR('',#3189,1.);
#3189 = DIRECTION('',(1.,0.));
#3190 = ( GEOMETRIC_REPRESENTATION_CONTEXT(2) 
PARAMETRIC_REPRESENTATION_CONTEXT() REPRESENTATION_CONTEXT('2D SPACE',''
  ) );
#3191 = ORIENTED_EDGE('',*,*,#3192,.T.);
#3192 = EDGE_CURVE('',#3163,#3193,#3195,.T.);
#3193 = VERTEX_POINT('',#3194);
#3194 = CARTESIAN_POINT('',(44.,347.,0.));
#3195 = SURFACE_CURVE('',#3196,(#3200,#3207),.PCURVE_S1.);
#3196 = LINE('',#3197,#3198);
#3197 = CARTESIAN_POINT('',(44.,0.,0.));
#3198 = VECTOR('',#3199,1.);
#3199 = DIRECTION('',(-0.,1.,0.));
#3200 = PCURVE('',#3173,#3201);
#3201 = DEFINITIONAL_REPRESENTATION('',(#3202),#3206);
#3202 = LINE('',#3203,#3204);
#3203 = CARTESIAN_POINT('',(0.,0.));
#3204 = VECTOR('',#3205,1.);
#3205 = DIRECTION('',(0.,-1.));
#3206 = ( GEOMETRIC_REPRESENTATION_CONTEXT(2) 
PARAMETRIC_REPRESENTATION_CONTEXT() REPRESENTATION_CONTEXT('2D SPACE',''
  ) );
#3207 = PCURVE('',#3093,#3208);
#3208 = DEFINITIONAL_REPRESENTATION('',(#3209),#3213);
#3209 = LINE('',#3210,#3211);
#3210 = CARTESIAN_POINT('',(44.,0.));
#3211 = VECTOR('',#3212,1.);
#3212 = DIRECTION('',(0.,1.));
#3213 = ( GEOMETRIC_REPRESENTATION_CONTEXT(2) 
PARAMETRIC_REPRESENTATION_CONTEXT() REPRESENTATION_CONTEXT('2D SPACE',''
  ) );
#3214 = ORIENTED_EDGE('',*,*,#3215,.T.);
#3215 = EDGE_CURVE('',#3193,#3216,#3218,.T.);
#3216 = VERTEX_POINT('',#3217);
#3217 = CARTESIAN_POINT('',(44.,347.,432.4));
#3218 = SURFACE_CURVE('',#3219,(#3223,#3230),.PCURVE_S1.);
#3219 = LINE('',#3220,#3221);
#3220 = CARTESIAN_POINT('',(44.,347.,0.));
#3221 = VECTOR('',#3222,1.);
#3222 = DIRECTION('',(0.,0.,1.));
#3223 = PCURVE('',#3173,#3224);
#3224 = DEFINITIONAL_REPRESENTATION('',(#3225),#3229);
#3225 = LINE('',#3226,#3227);
#3226 = CARTESIAN_POINT('',(0.,-347.));
#3227 = VECTOR('',#3228,1.);
#3228 = DIRECTION('',(1.,0.));
#3229 = ( GEOMETRIC_REPRESENTATION_CONTEXT(2) 
PARAMETRIC_REPRESENTATION_CONTEXT() REPRESENTATION_CONTEXT('2D SPACE',''
  ) );
#3230 = PCURVE('',#3121,#3231);
#3231 = DEFINITIONAL_REPRESENTATION('',(#3232),#3236);
#3232 = LINE('',#3233,#3234);
#3233 = CARTESIAN_POINT('',(0.,44.));
#3234 = VECTOR('',#3235,1.);
#3235 = DIRECTION('',(1.,0.));
#3236 = ( GEOMETRIC_REPRESENTATION_CONTEXT(2) 
PARAMETRIC_REPRESENTATION_CONTEXT() REPRESENTATION_CONTEXT('2D SPACE',''
  ) );
#3237 = ORIENTED_EDGE('',*,*,#3238,.F.);
#3238 = EDGE_CURVE('',#3165,#3216,#3239,.T.);
#3239 = SURFACE_CURVE('',#3240,(#3244,#3251),.PCURVE_S1.);
#3240 = LINE('',#3241,#3242);
#3241 = CARTESIAN_POINT('',(44.,0.,432.4));
#3242 = VECTOR('',#3243,1.);
#3243 = DIRECTION('',(-0.,1.,0.));
#3244 = PCURVE('',#3173,#3245);
#3245 = DEFINITIONAL_REPRESENTATION('',(#3246),#3250);
#3246 = LINE('',#3247,#3248);
#3247 = CARTESIAN_POINT('',(432.4,0.));
#3248 = VECTOR('',#3249,1.);
#3249 = DIRECTION('',(0.,-1.));
#3250 = ( GEOMETRIC_REPRESENTATION_CONTEXT(2) 
PARAMETRIC_REPRESENTATION_CONTEXT() REPRESENTATION_CONTEXT('2D SPACE',''
  ) );
#3251 = PCURVE('',#3147,#3252);
#3252 = DEFINITIONAL_REPRESENTATION('',(#3253),#3257);
#3253 = LINE('',#3254,#3255);
#3254 = CARTESIAN_POINT('',(44.,0.));
#3255 = VECTOR('',#3256,1.);
#3256 = DIRECTION('',(0.,1.));
#3257 = ( GEOMETRIC_REPRESENTATION_CONTEXT(2) 
PARAMETRIC_REPRESENTATION_CONTEXT() REPRESENTATION_CONTEXT('2D SPACE',''
  ) );
#3258 = ADVANCED_FACE('',(#3259),#3065,.F.);
#3259 = FACE_BOUND('',#3260,.F.);
#3260 = EDGE_LOOP('',(#3261,#3282,#3283,#3304));
#3261 = ORIENTED_EDGE('',*,*,#3262,.F.);
#3262 = EDGE_CURVE('',#3043,#3163,#3263,.T.);
#3263 = SURFACE_CURVE('',#3264,(#3268,#3275),.PCURVE_S1.);
#3264 = LINE('',#3265,#3266);
#3265 = CARTESIAN_POINT('',(0.,0.,0.));
#3266 = VECTOR('',#3267,1.);
#3267 = DIRECTION('',(1.,0.,-0.));
#3268 = PCURVE('',#3065,#3269);
#3269 = DEFINITIONAL_REPRESENTATION('',(#3270),#3274);
#3270 = LINE('',#3271,#3272);
#3271 = CARTESIAN_POINT('',(0.,0.));
#3272 = VECTOR('',#3273,1.);
#3273 = DIRECTION('',(0.,1.));
#3274 = ( GEOMETRIC_REPRESENTATION_CONTEXT(2) 
PARAMETRIC_REPRESENTATION_CONTEXT() REPRESENTATION_CONTEXT('2D SPACE',''
  ) );
#3275 = PCURVE('',#3093,#3276);
#3276 = DEFINITIONAL_REPRESENTATION('',(#3277),#3281);
#3277 = LINE('',#3278,#3279);
#3278 = CARTESIAN_POINT('',(0.,0.));
#3279 = VECTOR('',#3280,1.);
#3280 = DIRECTION('',(1.,0.));
#3281 = ( GEOMETRIC_REPRESENTATION_CONTEXT(2) 
PARAMETRIC_REPRESENTATION_CONTEXT() REPRESENTATION_CONTEXT('2D SPACE',''
  ) );
#3282 = ORIENTED_EDGE('',*,*,#3042,.T.);
#3283 = ORIENTED_EDGE('',*,*,#3284,.T.);
#3284 = EDGE_CURVE('',#3045,#3165,#3285,.T.);
#3285 = SURFACE_CURVE('',#3286,(#3290,#3297),.PCURVE_S1.);
#3286 = LINE('',#3287,#3288);
#3287 = CARTESIAN_POINT('',(0.,0.,432.4));
#3288 = VECTOR('',#3289,1.);
#3289 = DIRECTION('',(1.,0.,-0.));
#3290 = PCURVE('',#3065,#3291);
#3291 = DEFINITIONAL_REPRESENTATION('',(#3292),#3296);
#3292 = LINE('',#3293,#3294);
#3293 = CARTESIAN_POINT('',(432.4,0.));
#3294 = VECTOR('',#3295,1.);
#3295 = DIRECTION('',(0.,1.));
#3296 = ( GEOMETRIC_REPRESENTATION_CONTEXT(2) 
PARAMETRIC_REPRESENTATION_CONTEXT() REPRESENTATION_CONTEXT('2D SPACE',''
  ) );
#3297 = PCURVE('',#3147,#3298);
#3298 = DEFINITIONAL_REPRESENTATION('',(#3299),#3303);
#3299 = LINE('',#3300,#3301);
#3300 = CARTESIAN_POINT('',(0.,0.));
#3301 = VECTOR('',#3302,1.);
#3302 = DIRECTION('',(1.,0.));
#3303 = ( GEOMETRIC_REPRESENTATION_CONTEXT(2) 
PARAMETRIC_REPRESENTATION_CONTEXT() REPRESENTATION_CONTEXT('2D SPACE',''
  ) );
#3304 = ORIENTED_EDGE('',*,*,#3162,.F.);
#3305 = ADVANCED_FACE('',(#3306),#3121,.T.);
#3306 = FACE_BOUND('',#3307,.T.);
#3307 = EDGE_LOOP('',(#3308,#3329,#3330,#3351));
#3308 = ORIENTED_EDGE('',*,*,#3309,.F.);
#3309 = EDGE_CURVE('',#3078,#3193,#3310,.T.);
#3310 = SURFACE_CURVE('',#3311,(#3315,#3322),.PCURVE_S1.);
#3311 = LINE('',#3312,#3313);
#3312 = CARTESIAN_POINT('',(0.,347.,0.));
#3313 = VECTOR('',#3314,1.);
#3314 = DIRECTION('',(1.,0.,-0.));
#3315 = PCURVE('',#3121,#3316);
#3316 = DEFINITIONAL_REPRESENTATION('',(#3317),#3321);
#3317 = LINE('',#3318,#3319);
#3318 = CARTESIAN_POINT('',(0.,0.));
#3319 = VECTOR('',#3320,1.);
#3320 = DIRECTION('',(0.,1.));
#3321 = ( GEOMETRIC_REPRESENTATION_CONTEXT(2) 
PARAMETRIC_REPRESENTATION_CONTEXT() REPRESENTATION_CONTEXT('2D SPACE',''
  ) );
#3322 = PCURVE('',#3093,#3323);
#3323 = DEFINITIONAL_REPRESENTATION('',(#3324),#3328);
#3324 = LINE('',#3325,#3326);
#3325 = CARTESIAN_POINT('',(0.,347.));
#3326 = VECTOR('',#3327,1.);
#3327 = DIRECTION('',(1.,0.));
#3328 = ( GEOMETRIC_REPRESENTATION_CONTEXT(2) 
PARAMETRIC_REPRESENTATION_CONTEXT() REPRESENTATION_CONTEXT('2D SPACE',''
  ) );
#3329 = ORIENTED_EDGE('',*,*,#3105,.T.);
#3330 = ORIENTED_EDGE('',*,*,#3331,.T.);
#3331 = EDGE_CURVE('',#3106,#3216,#3332,.T.);
#3332 = SURFACE_CURVE('',#3333,(#3337,#3344),.PCURVE_S1.);
#3333 = LINE('',#3334,#3335);
#3334 = CARTESIAN_POINT('',(0.,347.,432.4));
#3335 = VECTOR('',#3336,1.);
#3336 = DIRECTION('',(1.,0.,-0.));
#3337 = PCURVE('',#3121,#3338);
#3338 = DEFINITIONAL_REPRESENTATION('',(#3339),#3343);
#3339 = LINE('',#3340,#3341);
#3340 = CARTESIAN_POINT('',(432.4,0.));
#3341 = VECTOR('',#3342,1.);
#3342 = DIRECTION('',(0.,1.));
#3343 = ( GEOMETRIC_REPRESENTATION_CONTEXT(2) 
PARAMETRIC_REPRESENTATION_CONTEXT() REPRESENTATION_CONTEXT('2D SPACE',''
  ) );
#3344 = PCURVE('',#3147,#3345);
#3345 = DEFINITIONAL_REPRESENTATION('',(#3346),#3350);
#3346 = LINE('',#3347,#3348);
#3347 = CARTESIAN_POINT('',(0.,347.));
#3348 = VECTOR('',#3349,1.);
#3349 = DIRECTION('',(1.,0.));
#3350 = ( GEOMETRIC_REPRESENTATION_CONTEXT(2) 
PARAMETRIC_REPRESENTATION_CONTEXT() REPRESENTATION_CONTEXT('2D SPACE',''
  ) );
#3351 = ORIENTED_EDGE('',*,*,#3215,.F.);
#3352 = ADVANCED_FACE('',(#3353),#3093,.F.);
#3353 = FACE_BOUND('',#3354,.F.);
#3354 = EDGE_LOOP('',(#3355,#3356,#3357,#3358));
#3355 = ORIENTED_EDGE('',*,*,#3077,.F.);
#3356 = ORIENTED_EDGE('',*,*,#3262,.T.);
#3357 = ORIENTED_EDGE('',*,*,#3192,.T.);
#3358 = ORIENTED_EDGE('',*,*,#3309,.F.);
#3359 = ADVANCED_FACE('',(#3360),#3147,.T.);
#3360 = FACE_BOUND('',#3361,.T.);
#3361 = EDGE_LOOP('',(#3362,#3363,#3364,#3365));
#3362 = ORIENTED_EDGE('',*,*,#3133,.F.);
#3363 = ORIENTED_EDGE('',*,*,#3284,.T.);
#3364 = ORIENTED_EDGE('',*,*,#3238,.T.);
#3365 = ORIENTED_EDGE('',*,*,#3331,.F.);
#3366 = ( GEOMETRIC_REPRESENTATION_CONTEXT(3) 
GLOBAL_UNCERTAINTY_ASSIGNED_CONTEXT((#3370)) 
GLOBAL_UNIT_ASSIGNED_CONTEXT((#3367,#3368,#3369)) REPRESENTATION_CONTEXT
('Context #1','3D Context with UNIT and UNCERTAINTY') );
#3367 = ( LENGTH_UNIT() NAMED_UNIT(*) SI_UNIT(.MILLI.,.METRE.) );
#3368 = ( NAMED_UNIT(*) PLANE_ANGLE_UNIT() SI_UNIT($,.RADIAN.) );
#3369 = ( NAMED_UNIT(*) SI_UNIT($,.STERADIAN.) SOLID_ANGLE_UNIT() );
#3370 = UNCERTAINTY_MEASURE_WITH_UNIT(LENGTH_MEASURE(1.E-07),#3367,
  'distance_accuracy_value','confusion accuracy');
#3371 = CONTEXT_DEPENDENT_SHAPE_REPRESENTATION(#3372,#3374);
#3372 = ( REPRESENTATION_RELATIONSHIP('','',#3035,#3012) 
REPRESENTATION_RELATIONSHIP_WITH_TRANSFORMATION(#3373) 
SHAPE_REPRESENTATION_RELATIONSHIP() );
#3373 = ITEM_DEFINED_TRANSFORMATION('','',#11,#3013);
#3374 = PRODUCT_DEFINITION_SHAPE('Placement','Placement of an item',
  #3375);
#3375 = NEXT_ASSEMBLY_USAGE_OCCURRENCE('85','=>[0:1:1:23]','',#3007,
  #3030,$);
#3376 = PRODUCT_RELATED_PRODUCT_CATEGORY('part',$,(#3032));
#3377 = SHAPE_DEFINITION_REPRESENTATION(#3378,#3384);
#3378 = PRODUCT_DEFINITION_SHAPE('','',#3379);
#3379 = PRODUCT_DEFINITION('design','',#3380,#3383);
#3380 = PRODUCT_DEFINITION_FORMATION('','',#3381);
#3381 = PRODUCT('left_front_covered_wheel_spoke_06',
  'left_front_covered_wheel_spoke_06','',(#3382));
#3382 = PRODUCT_CONTEXT('',#2,'mechanical');
#3383 = PRODUCT_DEFINITION_CONTEXT('part definition',#2,'design');
#3384 = SHAPE_REPRESENTATION('',(#11,#3385),#3389);
#3385 = AXIS2_PLACEMENT_3D('',#3386,#3387,#3388);
#3386 = CARTESIAN_POINT('',(-22.,-173.5,-216.2));
#3387 = DIRECTION('',(0.,0.,1.));
#3388 = DIRECTION('',(1.,0.,0.));
#3389 = ( GEOMETRIC_REPRESENTATION_CONTEXT(3) 
GLOBAL_UNCERTAINTY_ASSIGNED_CONTEXT((#3393)) 
GLOBAL_UNIT_ASSIGNED_CONTEXT((#3390,#3391,#3392)) REPRESENTATION_CONTEXT
('Context #1','3D Context with UNIT and UNCERTAINTY') );
#3390 = ( LENGTH_UNIT() NAMED_UNIT(*) SI_UNIT(.MILLI.,.METRE.) );
#3391 = ( NAMED_UNIT(*) PLANE_ANGLE_UNIT() SI_UNIT($,.RADIAN.) );
#3392 = ( NAMED_UNIT(*) SI_UNIT($,.STERADIAN.) SOLID_ANGLE_UNIT() );
#3393 = UNCERTAINTY_MEASURE_WITH_UNIT(LENGTH_MEASURE(1.E-07),#3390,
  'distance_accuracy_value','confusion accuracy');
#3394 = CONTEXT_DEPENDENT_SHAPE_REPRESENTATION(#3395,#3397);
#3395 = ( REPRESENTATION_RELATIONSHIP('','',#3384,#10) 
REPRESENTATION_RELATIONSHIP_WITH_TRANSFORMATION(#3396) 
SHAPE_REPRESENTATION_RELATIONSHIP() );
#3396 = ITEM_DEFINED_TRANSFORMATION('','',#11,#59);
#3397 = PRODUCT_DEFINITION_SHAPE('Placement','Placement of an item',
  #3398);
#3398 = NEXT_ASSEMBLY_USAGE_OCCURRENCE('88','=>[0:1:1:24]','',#5,#3379,$
  );
#3399 = PRODUCT_RELATED_PRODUCT_CATEGORY('part',$,(#3381));
#3400 = SHAPE_DEFINITION_REPRESENTATION(#3401,#3407);
#3401 = PRODUCT_DEFINITION_SHAPE('','',#3402);
#3402 = PRODUCT_DEFINITION('design','',#3403,#3406);
#3403 = PRODUCT_DEFINITION_FORMATION('','',#3404);
#3404 = PRODUCT('SOLID','SOLID','',(#3405));
#3405 = PRODUCT_CONTEXT('',#2,'mechanical');
#3406 = PRODUCT_DEFINITION_CONTEXT('part definition',#2,'design');
#3407 = ADVANCED_BREP_SHAPE_REPRESENTATION('',(#11,#3408),#3738);
#3408 = MANIFOLD_SOLID_BREP('',#3409);
#3409 = CLOSED_SHELL('',(#3410,#3530,#3630,#3677,#3724,#3731));
#3410 = ADVANCED_FACE('',(#3411),#3425,.F.);
#3411 = FACE_BOUND('',#3412,.F.);
#3412 = EDGE_LOOP('',(#3413,#3448,#3476,#3504));
#3413 = ORIENTED_EDGE('',*,*,#3414,.F.);
#3414 = EDGE_CURVE('',#3415,#3417,#3419,.T.);
#3415 = VERTEX_POINT('',#3416);
#3416 = CARTESIAN_POINT('',(0.,0.,0.));
#3417 = VERTEX_POINT('',#3418);
#3418 = CARTESIAN_POINT('',(0.,0.,432.4));
#3419 = SURFACE_CURVE('',#3420,(#3424,#3436),.PCURVE_S1.);
#3420 = LINE('',#3421,#3422);
#3421 = CARTESIAN_POINT('',(0.,0.,0.));
#3422 = VECTOR('',#3423,1.);
#3423 = DIRECTION('',(0.,0.,1.));
#3424 = PCURVE('',#3425,#3430);
#3425 = PLANE('',#3426);
#3426 = AXIS2_PLACEMENT_3D('',#3427,#3428,#3429);
#3427 = CARTESIAN_POINT('',(0.,0.,0.));
#3428 = DIRECTION('',(1.,0.,-0.));
#3429 = DIRECTION('',(0.,0.,1.));
#3430 = DEFINITIONAL_REPRESENTATION('',(#3431),#3435);
#3431 = LINE('',#3432,#3433);
#3432 = CARTESIAN_POINT('',(0.,0.));
#3433 = VECTOR('',#3434,1.);
#3434 = DIRECTION('',(1.,0.));
#3435 = ( GEOMETRIC_REPRESENTATION_CONTEXT(2) 
PARAMETRIC_REPRESENTATION_CONTEXT() REPRESENTATION_CONTEXT('2D SPACE',''
  ) );
#3436 = PCURVE('',#3437,#3442);
#3437 = PLANE('',#3438);
#3438 = AXIS2_PLACEMENT_3D('',#3439,#3440,#3441);
#3439 = CARTESIAN_POINT('',(0.,0.,0.));
#3440 = DIRECTION('',(-0.,1.,0.));
#3441 = DIRECTION('',(0.,0.,1.));
#3442 = DEFINITIONAL_REPRESENTATION('',(#3443),#3447);
#3443 = LINE('',#3444,#3445);
#3444 = CARTESIAN_POINT('',(0.,0.));
#3445 = VECTOR('',#3446,1.);
#3446 = DIRECTION('',(1.,0.));
#3447 = ( GEOMETRIC_REPRESENTATION_CONTEXT(2) 
PARAMETRIC_REPRESENTATION_CONTEXT() REPRESENTATION_CONTEXT('2D SPACE',''
  ) );
#3448 = ORIENTED_EDGE('',*,*,#3449,.T.);
#3449 = EDGE_CURVE('',#3415,#3450,#3452,.T.);
#3450 = VERTEX_POINT('',#3451);
#3451 = CARTESIAN_POINT('',(0.,347.,0.));
#3452 = SURFACE_CURVE('',#3453,(#3457,#3464),.PCURVE_S1.);
#3453 = LINE('',#3454,#3455);
#3454 = CARTESIAN_POINT('',(0.,0.,0.));
#3455 = VECTOR('',#3456,1.);
#3456 = DIRECTION('',(-0.,1.,0.));
#3457 = PCURVE('',#3425,#3458);
#3458 = DEFINITIONAL_REPRESENTATION('',(#3459),#3463);
#3459 = LINE('',#3460,#3461);
#3460 = CARTESIAN_POINT('',(0.,0.));
#3461 = VECTOR('',#3462,1.);
#3462 = DIRECTION('',(0.,-1.));
#3463 = ( GEOMETRIC_REPRESENTATION_CONTEXT(2) 
PARAMETRIC_REPRESENTATION_CONTEXT() REPRESENTATION_CONTEXT('2D SPACE',''
  ) );
#3464 = PCURVE('',#3465,#3470);
#3465 = PLANE('',#3466);
#3466 = AXIS2_PLACEMENT_3D('',#3467,#3468,#3469);
#3467 = CARTESIAN_POINT('',(0.,0.,0.));
#3468 = DIRECTION('',(0.,0.,1.));
#3469 = DIRECTION('',(1.,0.,-0.));
#3470 = DEFINITIONAL_REPRESENTATION('',(#3471),#3475);
#3471 = LINE('',#3472,#3473);
#3472 = CARTESIAN_POINT('',(0.,0.));
#3473 = VECTOR('',#3474,1.);
#3474 = DIRECTION('',(0.,1.));
#3475 = ( GEOMETRIC_REPRESENTATION_CONTEXT(2) 
PARAMETRIC_REPRESENTATION_CONTEXT() REPRESENTATION_CONTEXT('2D SPACE',''
  ) );
#3476 = ORIENTED_EDGE('',*,*,#3477,.T.);
#3477 = EDGE_CURVE('',#3450,#3478,#3480,.T.);
#3478 = VERTEX_POINT('',#3479);
#3479 = CARTESIAN_POINT('',(0.,347.,432.4));
#3480 = SURFACE_CURVE('',#3481,(#3485,#3492),.PCURVE_S1.);
#3481 = LINE('',#3482,#3483);
#3482 = CARTESIAN_POINT('',(0.,347.,0.));
#3483 = VECTOR('',#3484,1.);
#3484 = DIRECTION('',(0.,0.,1.));
#3485 = PCURVE('',#3425,#3486);
#3486 = DEFINITIONAL_REPRESENTATION('',(#3487),#3491);
#3487 = LINE('',#3488,#3489);
#3488 = CARTESIAN_POINT('',(0.,-347.));
#3489 = VECTOR('',#3490,1.);
#3490 = DIRECTION('',(1.,0.));
#3491 = ( GEOMETRIC_REPRESENTATION_CONTEXT(2) 
PARAMETRIC_REPRESENTATION_CONTEXT() REPRESENTATION_CONTEXT('2D SPACE',''
  ) );
#3492 = PCURVE('',#3493,#3498);
#3493 = PLANE('',#3494);
#3494 = AXIS2_PLACEMENT_3D('',#3495,#3496,#3497);
#3495 = CARTESIAN_POINT('',(0.,347.,0.));
#3496 = DIRECTION('',(-0.,1.,0.));
#3497 = DIRECTION('',(0.,0.,1.));
#3498 = DEFINITIONAL_REPRESENTATION('',(#3499),#3503);
#3499 = LINE('',#3500,#3501);
#3500 = CARTESIAN_POINT('',(0.,0.));
#3501 = VECTOR('',#3502,1.);
#3502 = DIRECTION('',(1.,0.));
#3503 = ( GEOMETRIC_REPRESENTATION_CONTEXT(2) 
PARAMETRIC_REPRESENTATION_CONTEXT() REPRESENTATION_CONTEXT('2D SPACE',''
  ) );
#3504 = ORIENTED_EDGE('',*,*,#3505,.F.);
#3505 = EDGE_CURVE('',#3417,#3478,#3506,.T.);
#3506 = SURFACE_CURVE('',#3507,(#3511,#3518),.PCURVE_S1.);
#3507 = LINE('',#3508,#3509);
#3508 = CARTESIAN_POINT('',(0.,0.,432.4));
#3509 = VECTOR('',#3510,1.);
#3510 = DIRECTION('',(-0.,1.,0.));
#3511 = PCURVE('',#3425,#3512);
#3512 = DEFINITIONAL_REPRESENTATION('',(#3513),#3517);
#3513 = LINE('',#3514,#3515);
#3514 = CARTESIAN_POINT('',(432.4,0.));
#3515 = VECTOR('',#3516,1.);
#3516 = DIRECTION('',(0.,-1.));
#3517 = ( GEOMETRIC_REPRESENTATION_CONTEXT(2) 
PARAMETRIC_REPRESENTATION_CONTEXT() REPRESENTATION_CONTEXT('2D SPACE',''
  ) );
#3518 = PCURVE('',#3519,#3524);
#3519 = PLANE('',#3520);
#3520 = AXIS2_PLACEMENT_3D('',#3521,#3522,#3523);
#3521 = CARTESIAN_POINT('',(0.,0.,432.4));
#3522 = DIRECTION('',(0.,0.,1.));
#3523 = DIRECTION('',(1.,0.,-0.));
#3524 = DEFINITIONAL_REPRESENTATION('',(#3525),#3529);
#3525 = LINE('',#3526,#3527);
#3526 = CARTESIAN_POINT('',(0.,0.));
#3527 = VECTOR('',#3528,1.);
#3528 = DIRECTION('',(0.,1.));
#3529 = ( GEOMETRIC_REPRESENTATION_CONTEXT(2) 
PARAMETRIC_REPRESENTATION_CONTEXT() REPRESENTATION_CONTEXT('2D SPACE',''
  ) );
#3530 = ADVANCED_FACE('',(#3531),#3545,.T.);
#3531 = FACE_BOUND('',#3532,.T.);
#3532 = EDGE_LOOP('',(#3533,#3563,#3586,#3609));
#3533 = ORIENTED_EDGE('',*,*,#3534,.F.);
#3534 = EDGE_CURVE('',#3535,#3537,#3539,.T.);
#3535 = VERTEX_POINT('',#3536);
#3536 = CARTESIAN_POINT('',(44.,0.,0.));
#3537 = VERTEX_POINT('',#3538);
#3538 = CARTESIAN_POINT('',(44.,0.,432.4));
#3539 = SURFACE_CURVE('',#3540,(#3544,#3556),.PCURVE_S1.);
#3540 = LINE('',#3541,#3542);
#3541 = CARTESIAN_POINT('',(44.,0.,0.));
#3542 = VECTOR('',#3543,1.);
#3543 = DIRECTION('',(0.,0.,1.));
#3544 = PCURVE('',#3545,#3550);
#3545 = PLANE('',#3546);
#3546 = AXIS2_PLACEMENT_3D('',#3547,#3548,#3549);
#3547 = CARTESIAN_POINT('',(44.,0.,0.));
#3548 = DIRECTION('',(1.,0.,-0.));
#3549 = DIRECTION('',(0.,0.,1.));
#3550 = DEFINITIONAL_REPRESENTATION('',(#3551),#3555);
#3551 = LINE('',#3552,#3553);
#3552 = CARTESIAN_POINT('',(0.,0.));
#3553 = VECTOR('',#3554,1.);
#3554 = DIRECTION('',(1.,0.));
#3555 = ( GEOMETRIC_REPRESENTATION_CONTEXT(2) 
PARAMETRIC_REPRESENTATION_CONTEXT() REPRESENTATION_CONTEXT('2D SPACE',''
  ) );
#3556 = PCURVE('',#3437,#3557);
#3557 = DEFINITIONAL_REPRESENTATION('',(#3558),#3562);
#3558 = LINE('',#3559,#3560);
#3559 = CARTESIAN_POINT('',(0.,44.));
#3560 = VECTOR('',#3561,1.);
#3561 = DIRECTION('',(1.,0.));
#3562 = ( GEOMETRIC_REPRESENTATION_CONTEXT(2) 
PARAMETRIC_REPRESENTATION_CONTEXT() REPRESENTATION_CONTEXT('2D SPACE',''
  ) );
#3563 = ORIENTED_EDGE('',*,*,#3564,.T.);
#3564 = EDGE_CURVE('',#3535,#3565,#3567,.T.);
#3565 = VERTEX_POINT('',#3566);
#3566 = CARTESIAN_POINT('',(44.,347.,0.));
#3567 = SURFACE_CURVE('',#3568,(#3572,#3579),.PCURVE_S1.);
#3568 = LINE('',#3569,#3570);
#3569 = CARTESIAN_POINT('',(44.,0.,0.));
#3570 = VECTOR('',#3571,1.);
#3571 = DIRECTION('',(-0.,1.,0.));
#3572 = PCURVE('',#3545,#3573);
#3573 = DEFINITIONAL_REPRESENTATION('',(#3574),#3578);
#3574 = LINE('',#3575,#3576);
#3575 = CARTESIAN_POINT('',(0.,0.));
#3576 = VECTOR('',#3577,1.);
#3577 = DIRECTION('',(0.,-1.));
#3578 = ( GEOMETRIC_REPRESENTATION_CONTEXT(2) 
PARAMETRIC_REPRESENTATION_CONTEXT() REPRESENTATION_CONTEXT('2D SPACE',''
  ) );
#3579 = PCURVE('',#3465,#3580);
#3580 = DEFINITIONAL_REPRESENTATION('',(#3581),#3585);
#3581 = LINE('',#3582,#3583);
#3582 = CARTESIAN_POINT('',(44.,0.));
#3583 = VECTOR('',#3584,1.);
#3584 = DIRECTION('',(0.,1.));
#3585 = ( GEOMETRIC_REPRESENTATION_CONTEXT(2) 
PARAMETRIC_REPRESENTATION_CONTEXT() REPRESENTATION_CONTEXT('2D SPACE',''
  ) );
#3586 = ORIENTED_EDGE('',*,*,#3587,.T.);
#3587 = EDGE_CURVE('',#3565,#3588,#3590,.T.);
#3588 = VERTEX_POINT('',#3589);
#3589 = CARTESIAN_POINT('',(44.,347.,432.4));
#3590 = SURFACE_CURVE('',#3591,(#3595,#3602),.PCURVE_S1.);
#3591 = LINE('',#3592,#3593);
#3592 = CARTESIAN_POINT('',(44.,347.,0.));
#3593 = VECTOR('',#3594,1.);
#3594 = DIRECTION('',(0.,0.,1.));
#3595 = PCURVE('',#3545,#3596);
#3596 = DEFINITIONAL_REPRESENTATION('',(#3597),#3601);
#3597 = LINE('',#3598,#3599);
#3598 = CARTESIAN_POINT('',(0.,-347.));
#3599 = VECTOR('',#3600,1.);
#3600 = DIRECTION('',(1.,0.));
#3601 = ( GEOMETRIC_REPRESENTATION_CONTEXT(2) 
PARAMETRIC_REPRESENTATION_CONTEXT() REPRESENTATION_CONTEXT('2D SPACE',''
  ) );
#3602 = PCURVE('',#3493,#3603);
#3603 = DEFINITIONAL_REPRESENTATION('',(#3604),#3608);
#3604 = LINE('',#3605,#3606);
#3605 = CARTESIAN_POINT('',(0.,44.));
#3606 = VECTOR('',#3607,1.);
#3607 = DIRECTION('',(1.,0.));
#3608 = ( GEOMETRIC_REPRESENTATION_CONTEXT(2) 
PARAMETRIC_REPRESENTATION_CONTEXT() REPRESENTATION_CONTEXT('2D SPACE',''
  ) );
#3609 = ORIENTED_EDGE('',*,*,#3610,.F.);
#3610 = EDGE_CURVE('',#3537,#3588,#3611,.T.);
#3611 = SURFACE_CURVE('',#3612,(#3616,#3623),.PCURVE_S1.);
#3612 = LINE('',#3613,#3614);
#3613 = CARTESIAN_POINT('',(44.,0.,432.4));
#3614 = VECTOR('',#3615,1.);
#3615 = DIRECTION('',(-0.,1.,0.));
#3616 = PCURVE('',#3545,#3617);
#3617 = DEFINITIONAL_REPRESENTATION('',(#3618),#3622);
#3618 = LINE('',#3619,#3620);
#3619 = CARTESIAN_POINT('',(432.4,0.));
#3620 = VECTOR('',#3621,1.);
#3621 = DIRECTION('',(0.,-1.));
#3622 = ( GEOMETRIC_REPRESENTATION_CONTEXT(2) 
PARAMETRIC_REPRESENTATION_CONTEXT() REPRESENTATION_CONTEXT('2D SPACE',''
  ) );
#3623 = PCURVE('',#3519,#3624);
#3624 = DEFINITIONAL_REPRESENTATION('',(#3625),#3629);
#3625 = LINE('',#3626,#3627);
#3626 = CARTESIAN_POINT('',(44.,0.));
#3627 = VECTOR('',#3628,1.);
#3628 = DIRECTION('',(0.,1.));
#3629 = ( GEOMETRIC_REPRESENTATION_CONTEXT(2) 
PARAMETRIC_REPRESENTATION_CONTEXT() REPRESENTATION_CONTEXT('2D SPACE',''
  ) );
#3630 = ADVANCED_FACE('',(#3631),#3437,.F.);
#3631 = FACE_BOUND('',#3632,.F.);
#3632 = EDGE_LOOP('',(#3633,#3654,#3655,#3676));
#3633 = ORIENTED_EDGE('',*,*,#3634,.F.);
#3634 = EDGE_CURVE('',#3415,#3535,#3635,.T.);
#3635 = SURFACE_CURVE('',#3636,(#3640,#3647),.PCURVE_S1.);
#3636 = LINE('',#3637,#3638);
#3637 = CARTESIAN_POINT('',(0.,0.,0.));
#3638 = VECTOR('',#3639,1.);
#3639 = DIRECTION('',(1.,0.,-0.));
#3640 = PCURVE('',#3437,#3641);
#3641 = DEFINITIONAL_REPRESENTATION('',(#3642),#3646);
#3642 = LINE('',#3643,#3644);
#3643 = CARTESIAN_POINT('',(0.,0.));
#3644 = VECTOR('',#3645,1.);
#3645 = DIRECTION('',(0.,1.));
#3646 = ( GEOMETRIC_REPRESENTATION_CONTEXT(2) 
PARAMETRIC_REPRESENTATION_CONTEXT() REPRESENTATION_CONTEXT('2D SPACE',''
  ) );
#3647 = PCURVE('',#3465,#3648);
#3648 = DEFINITIONAL_REPRESENTATION('',(#3649),#3653);
#3649 = LINE('',#3650,#3651);
#3650 = CARTESIAN_POINT('',(0.,0.));
#3651 = VECTOR('',#3652,1.);
#3652 = DIRECTION('',(1.,0.));
#3653 = ( GEOMETRIC_REPRESENTATION_CONTEXT(2) 
PARAMETRIC_REPRESENTATION_CONTEXT() REPRESENTATION_CONTEXT('2D SPACE',''
  ) );
#3654 = ORIENTED_EDGE('',*,*,#3414,.T.);
#3655 = ORIENTED_EDGE('',*,*,#3656,.T.);
#3656 = EDGE_CURVE('',#3417,#3537,#3657,.T.);
#3657 = SURFACE_CURVE('',#3658,(#3662,#3669),.PCURVE_S1.);
#3658 = LINE('',#3659,#3660);
#3659 = CARTESIAN_POINT('',(0.,0.,432.4));
#3660 = VECTOR('',#3661,1.);
#3661 = DIRECTION('',(1.,0.,-0.));
#3662 = PCURVE('',#3437,#3663);
#3663 = DEFINITIONAL_REPRESENTATION('',(#3664),#3668);
#3664 = LINE('',#3665,#3666);
#3665 = CARTESIAN_POINT('',(432.4,0.));
#3666 = VECTOR('',#3667,1.);
#3667 = DIRECTION('',(0.,1.));
#3668 = ( GEOMETRIC_REPRESENTATION_CONTEXT(2) 
PARAMETRIC_REPRESENTATION_CONTEXT() REPRESENTATION_CONTEXT('2D SPACE',''
  ) );
#3669 = PCURVE('',#3519,#3670);
#3670 = DEFINITIONAL_REPRESENTATION('',(#3671),#3675);
#3671 = LINE('',#3672,#3673);
#3672 = CARTESIAN_POINT('',(0.,0.));
#3673 = VECTOR('',#3674,1.);
#3674 = DIRECTION('',(1.,0.));
#3675 = ( GEOMETRIC_REPRESENTATION_CONTEXT(2) 
PARAMETRIC_REPRESENTATION_CONTEXT() REPRESENTATION_CONTEXT('2D SPACE',''
  ) );
#3676 = ORIENTED_EDGE('',*,*,#3534,.F.);
#3677 = ADVANCED_FACE('',(#3678),#3493,.T.);
#3678 = FACE_BOUND('',#3679,.T.);
#3679 = EDGE_LOOP('',(#3680,#3701,#3702,#3723));
#3680 = ORIENTED_EDGE('',*,*,#3681,.F.);
#3681 = EDGE_CURVE('',#3450,#3565,#3682,.T.);
#3682 = SURFACE_CURVE('',#3683,(#3687,#3694),.PCURVE_S1.);
#3683 = LINE('',#3684,#3685);
#3684 = CARTESIAN_POINT('',(0.,347.,0.));
#3685 = VECTOR('',#3686,1.);
#3686 = DIRECTION('',(1.,0.,-0.));
#3687 = PCURVE('',#3493,#3688);
#3688 = DEFINITIONAL_REPRESENTATION('',(#3689),#3693);
#3689 = LINE('',#3690,#3691);
#3690 = CARTESIAN_POINT('',(0.,0.));
#3691 = VECTOR('',#3692,1.);
#3692 = DIRECTION('',(0.,1.));
#3693 = ( GEOMETRIC_REPRESENTATION_CONTEXT(2) 
PARAMETRIC_REPRESENTATION_CONTEXT() REPRESENTATION_CONTEXT('2D SPACE',''
  ) );
#3694 = PCURVE('',#3465,#3695);
#3695 = DEFINITIONAL_REPRESENTATION('',(#3696),#3700);
#3696 = LINE('',#3697,#3698);
#3697 = CARTESIAN_POINT('',(0.,347.));
#3698 = VECTOR('',#3699,1.);
#3699 = DIRECTION('',(1.,0.));
#3700 = ( GEOMETRIC_REPRESENTATION_CONTEXT(2) 
PARAMETRIC_REPRESENTATION_CONTEXT() REPRESENTATION_CONTEXT('2D SPACE',''
  ) );
#3701 = ORIENTED_EDGE('',*,*,#3477,.T.);
#3702 = ORIENTED_EDGE('',*,*,#3703,.T.);
#3703 = EDGE_CURVE('',#3478,#3588,#3704,.T.);
#3704 = SURFACE_CURVE('',#3705,(#3709,#3716),.PCURVE_S1.);
#3705 = LINE('',#3706,#3707);
#3706 = CARTESIAN_POINT('',(0.,347.,432.4));
#3707 = VECTOR('',#3708,1.);
#3708 = DIRECTION('',(1.,0.,-0.));
#3709 = PCURVE('',#3493,#3710);
#3710 = DEFINITIONAL_REPRESENTATION('',(#3711),#3715);
#3711 = LINE('',#3712,#3713);
#3712 = CARTESIAN_POINT('',(432.4,0.));
#3713 = VECTOR('',#3714,1.);
#3714 = DIRECTION('',(0.,1.));
#3715 = ( GEOMETRIC_REPRESENTATION_CONTEXT(2) 
PARAMETRIC_REPRESENTATION_CONTEXT() REPRESENTATION_CONTEXT('2D SPACE',''
  ) );
#3716 = PCURVE('',#3519,#3717);
#3717 = DEFINITIONAL_REPRESENTATION('',(#3718),#3722);
#3718 = LINE('',#3719,#3720);
#3719 = CARTESIAN_POINT('',(0.,347.));
#3720 = VECTOR('',#3721,1.);
#3721 = DIRECTION('',(1.,0.));
#3722 = ( GEOMETRIC_REPRESENTATION_CONTEXT(2) 
PARAMETRIC_REPRESENTATION_CONTEXT() REPRESENTATION_CONTEXT('2D SPACE',''
  ) );
#3723 = ORIENTED_EDGE('',*,*,#3587,.F.);
#3724 = ADVANCED_FACE('',(#3725),#3465,.F.);
#3725 = FACE_BOUND('',#3726,.F.);
#3726 = EDGE_LOOP('',(#3727,#3728,#3729,#3730));
#3727 = ORIENTED_EDGE('',*,*,#3449,.F.);
#3728 = ORIENTED_EDGE('',*,*,#3634,.T.);
#3729 = ORIENTED_EDGE('',*,*,#3564,.T.);
#3730 = ORIENTED_EDGE('',*,*,#3681,.F.);
#3731 = ADVANCED_FACE('',(#3732),#3519,.T.);
#3732 = FACE_BOUND('',#3733,.T.);
#3733 = EDGE_LOOP('',(#3734,#3735,#3736,#3737));
#3734 = ORIENTED_EDGE('',*,*,#3505,.F.);
#3735 = ORIENTED_EDGE('',*,*,#3656,.T.);
#3736 = ORIENTED_EDGE('',*,*,#3610,.T.);
#3737 = ORIENTED_EDGE('',*,*,#3703,.F.);
#3738 = ( GEOMETRIC_REPRESENTATION_CONTEXT(3) 
GLOBAL_UNCERTAINTY_ASSIGNED_CONTEXT((#3742)) 
GLOBAL_UNIT_ASSIGNED_CONTEXT((#3739,#3740,#3741)) REPRESENTATION_CONTEXT
('Context #1','3D Context with UNIT and UNCERTAINTY') );
#3739 = ( LENGTH_UNIT() NAMED_UNIT(*) SI_UNIT(.MILLI.,.METRE.) );
#3740 = ( NAMED_UNIT(*) PLANE_ANGLE_UNIT() SI_UNIT($,.RADIAN.) );
#3741 = ( NAMED_UNIT(*) SI_UNIT($,.STERADIAN.) SOLID_ANGLE_UNIT() );
#3742 = UNCERTAINTY_MEASURE_WITH_UNIT(LENGTH_MEASURE(1.E-07),#3739,
  'distance_accuracy_value','confusion accuracy');
#3743 = CONTEXT_DEPENDENT_SHAPE_REPRESENTATION(#3744,#3746);
#3744 = ( REPRESENTATION_RELATIONSHIP('','',#3407,#3384) 
REPRESENTATION_RELATIONSHIP_WITH_TRANSFORMATION(#3745) 
SHAPE_REPRESENTATION_RELATIONSHIP() );
#3745 = ITEM_DEFINED_TRANSFORMATION('','',#11,#3385);
#3746 = PRODUCT_DEFINITION_SHAPE('Placement','Placement of an item',
  #3747);
#3747 = NEXT_ASSEMBLY_USAGE_OCCURRENCE('87','=>[0:1:1:25]','',#3379,
  #3402,$);
#3748 = PRODUCT_RELATED_PRODUCT_CATEGORY('part',$,(#3404));
#3749 = SHAPE_DEFINITION_REPRESENTATION(#3750,#3756);
#3750 = PRODUCT_DEFINITION_SHAPE('','',#3751);
#3751 = PRODUCT_DEFINITION('design','',#3752,#3755);
#3752 = PRODUCT_DEFINITION_FORMATION('','',#3753);
#3753 = PRODUCT('right_front_large_low_rolling_resistance_tire',
  'right_front_large_low_rolling_resistance_tire','',(#3754));
#3754 = PRODUCT_CONTEXT('',#2,'mechanical');
#3755 = PRODUCT_DEFINITION_CONTEXT('part definition',#2,'design');
#3756 = SHAPE_REPRESENTATION('',(#11,#3757),#3761);
#3757 = AXIS2_PLACEMENT_3D('',#3758,#3759,#3760);
#3758 = CARTESIAN_POINT('',(0.,0.,-157.5));
#3759 = DIRECTION('',(0.,0.,1.));
#3760 = DIRECTION('',(1.,0.,0.));
#3761 = ( GEOMETRIC_REPRESENTATION_CONTEXT(3) 
GLOBAL_UNCERTAINTY_ASSIGNED_CONTEXT((#3765)) 
GLOBAL_UNIT_ASSIGNED_CONTEXT((#3762,#3763,#3764)) REPRESENTATION_CONTEXT
('Context #1','3D Context with UNIT and UNCERTAINTY') );
#3762 = ( LENGTH_UNIT() NAMED_UNIT(*) SI_UNIT(.MILLI.,.METRE.) );
#3763 = ( NAMED_UNIT(*) PLANE_ANGLE_UNIT() SI_UNIT($,.RADIAN.) );
#3764 = ( NAMED_UNIT(*) SI_UNIT($,.STERADIAN.) SOLID_ANGLE_UNIT() );
#3765 = UNCERTAINTY_MEASURE_WITH_UNIT(LENGTH_MEASURE(1.E-07),#3762,
  'distance_accuracy_value','confusion accuracy');
#3766 = CONTEXT_DEPENDENT_SHAPE_REPRESENTATION(#3767,#3769);
#3767 = ( REPRESENTATION_RELATIONSHIP('','',#3756,#10) 
REPRESENTATION_RELATIONSHIP_WITH_TRANSFORMATION(#3768) 
SHAPE_REPRESENTATION_RELATIONSHIP() );
#3768 = ITEM_DEFINED_TRANSFORMATION('','',#11,#63);
#3769 = PRODUCT_DEFINITION_SHAPE('Placement','Placement of an item',
  #3770);
#3770 = NEXT_ASSEMBLY_USAGE_OCCURRENCE('90','=>[0:1:1:26]','',#5,#3751,$
  );
#3771 = PRODUCT_RELATED_PRODUCT_CATEGORY('part',$,(#3753));
#3772 = SHAPE_DEFINITION_REPRESENTATION(#3773,#3779);
#3773 = PRODUCT_DEFINITION_SHAPE('','',#3774);
#3774 = PRODUCT_DEFINITION('design','',#3775,#3778);
#3775 = PRODUCT_DEFINITION_FORMATION('','',#3776);
#3776 = PRODUCT('SOLID','SOLID','',(#3777));
#3777 = PRODUCT_CONTEXT('',#2,'mechanical');
#3778 = PRODUCT_DEFINITION_CONTEXT('part definition',#2,'design');
#3779 = ADVANCED_BREP_SHAPE_REPRESENTATION('',(#11,#3780),#3878);
#3780 = MANIFOLD_SOLID_BREP('',#3781);
#3781 = CLOSED_SHELL('',(#3782,#3870,#3874));
#3782 = ADVANCED_FACE('',(#3783),#3796,.T.);
#3783 = FACE_BOUND('',#3784,.T.);
#3784 = EDGE_LOOP('',(#3785,#3819,#3842,#3869));
#3785 = ORIENTED_EDGE('',*,*,#3786,.F.);
#3786 = EDGE_CURVE('',#3787,#3787,#3789,.T.);
#3787 = VERTEX_POINT('',#3788);
#3788 = CARTESIAN_POINT('',(460.,-1.126675055216E-13,315.));
#3789 = SURFACE_CURVE('',#3790,(#3795,#3807),.PCURVE_S1.);
#3790 = CIRCLE('',#3791,460.);
#3791 = AXIS2_PLACEMENT_3D('',#3792,#3793,#3794);
#3792 = CARTESIAN_POINT('',(0.,0.,315.));
#3793 = DIRECTION('',(0.,0.,1.));
#3794 = DIRECTION('',(1.,0.,-0.));
#3795 = PCURVE('',#3796,#3801);
#3796 = CYLINDRICAL_SURFACE('',#3797,460.);
#3797 = AXIS2_PLACEMENT_3D('',#3798,#3799,#3800);
#3798 = CARTESIAN_POINT('',(0.,0.,0.));
#3799 = DIRECTION('',(0.,0.,1.));
#3800 = DIRECTION('',(1.,0.,-0.));
#3801 = DEFINITIONAL_REPRESENTATION('',(#3802),#3806);
#3802 = LINE('',#3803,#3804);
#3803 = CARTESIAN_POINT('',(0.,315.));
#3804 = VECTOR('',#3805,1.);
#3805 = DIRECTION('',(1.,0.));
#3806 = ( GEOMETRIC_REPRESENTATION_CONTEXT(2) 
PARAMETRIC_REPRESENTATION_CONTEXT() REPRESENTATION_CONTEXT('2D SPACE',''
  ) );
#3807 = PCURVE('',#3808,#3813);
#3808 = PLANE('',#3809);
#3809 = AXIS2_PLACEMENT_3D('',#3810,#3811,#3812);
#3810 = CARTESIAN_POINT('',(0.,0.,315.));
#3811 = DIRECTION('',(0.,0.,1.));
#3812 = DIRECTION('',(1.,0.,-0.));
#3813 = DEFINITIONAL_REPRESENTATION('',(#3814),#3818);
#3814 = CIRCLE('',#3815,460.);
#3815 = AXIS2_PLACEMENT_2D('',#3816,#3817);
#3816 = CARTESIAN_POINT('',(0.,0.));
#3817 = DIRECTION('',(1.,0.));
#3818 = ( GEOMETRIC_REPRESENTATION_CONTEXT(2) 
PARAMETRIC_REPRESENTATION_CONTEXT() REPRESENTATION_CONTEXT('2D SPACE',''
  ) );
#3819 = ORIENTED_EDGE('',*,*,#3820,.F.);
#3820 = EDGE_CURVE('',#3821,#3787,#3823,.T.);
#3821 = VERTEX_POINT('',#3822);
#3822 = CARTESIAN_POINT('',(460.,-1.126675055216E-13,0.));
#3823 = SEAM_CURVE('',#3824,(#3828,#3835),.PCURVE_S1.);
#3824 = LINE('',#3825,#3826);
#3825 = CARTESIAN_POINT('',(460.,-1.126675055216E-13,0.));
#3826 = VECTOR('',#3827,1.);
#3827 = DIRECTION('',(0.,0.,1.));
#3828 = PCURVE('',#3796,#3829);
#3829 = DEFINITIONAL_REPRESENTATION('',(#3830),#3834);
#3830 = LINE('',#3831,#3832);
#3831 = CARTESIAN_POINT('',(6.28318530718,-0.));
#3832 = VECTOR('',#3833,1.);
#3833 = DIRECTION('',(0.,1.));
#3834 = ( GEOMETRIC_REPRESENTATION_CONTEXT(2) 
PARAMETRIC_REPRESENTATION_CONTEXT() REPRESENTATION_CONTEXT('2D SPACE',''
  ) );
#3835 = PCURVE('',#3796,#3836);
#3836 = DEFINITIONAL_REPRESENTATION('',(#3837),#3841);
#3837 = LINE('',#3838,#3839);
#3838 = CARTESIAN_POINT('',(0.,-0.));
#3839 = VECTOR('',#3840,1.);
#3840 = DIRECTION('',(0.,1.));
#3841 = ( GEOMETRIC_REPRESENTATION_CONTEXT(2) 
PARAMETRIC_REPRESENTATION_CONTEXT() REPRESENTATION_CONTEXT('2D SPACE',''
  ) );
#3842 = ORIENTED_EDGE('',*,*,#3843,.T.);
#3843 = EDGE_CURVE('',#3821,#3821,#3844,.T.);
#3844 = SURFACE_CURVE('',#3845,(#3850,#3857),.PCURVE_S1.);
#3845 = CIRCLE('',#3846,460.);
#3846 = AXIS2_PLACEMENT_3D('',#3847,#3848,#3849);
#3847 = CARTESIAN_POINT('',(0.,0.,0.));
#3848 = DIRECTION('',(0.,0.,1.));
#3849 = DIRECTION('',(1.,0.,-0.));
#3850 = PCURVE('',#3796,#3851);
#3851 = DEFINITIONAL_REPRESENTATION('',(#3852),#3856);
#3852 = LINE('',#3853,#3854);
#3853 = CARTESIAN_POINT('',(0.,0.));
#3854 = VECTOR('',#3855,1.);
#3855 = DIRECTION('',(1.,0.));
#3856 = ( GEOMETRIC_REPRESENTATION_CONTEXT(2) 
PARAMETRIC_REPRESENTATION_CONTEXT() REPRESENTATION_CONTEXT('2D SPACE',''
  ) );
#3857 = PCURVE('',#3858,#3863);
#3858 = PLANE('',#3859);
#3859 = AXIS2_PLACEMENT_3D('',#3860,#3861,#3862);
#3860 = CARTESIAN_POINT('',(0.,0.,0.));
#3861 = DIRECTION('',(0.,0.,1.));
#3862 = DIRECTION('',(1.,0.,-0.));
#3863 = DEFINITIONAL_REPRESENTATION('',(#3864),#3868);
#3864 = CIRCLE('',#3865,460.);
#3865 = AXIS2_PLACEMENT_2D('',#3866,#3867);
#3866 = CARTESIAN_POINT('',(0.,0.));
#3867 = DIRECTION('',(1.,0.));
#3868 = ( GEOMETRIC_REPRESENTATION_CONTEXT(2) 
PARAMETRIC_REPRESENTATION_CONTEXT() REPRESENTATION_CONTEXT('2D SPACE',''
  ) );
#3869 = ORIENTED_EDGE('',*,*,#3820,.T.);
#3870 = ADVANCED_FACE('',(#3871),#3808,.T.);
#3871 = FACE_BOUND('',#3872,.T.);
#3872 = EDGE_LOOP('',(#3873));
#3873 = ORIENTED_EDGE('',*,*,#3786,.T.);
#3874 = ADVANCED_FACE('',(#3875),#3858,.F.);
#3875 = FACE_BOUND('',#3876,.T.);
#3876 = EDGE_LOOP('',(#3877));
#3877 = ORIENTED_EDGE('',*,*,#3843,.F.);
#3878 = ( GEOMETRIC_REPRESENTATION_CONTEXT(3) 
GLOBAL_UNCERTAINTY_ASSIGNED_CONTEXT((#3882)) 
GLOBAL_UNIT_ASSIGNED_CONTEXT((#3879,#3880,#3881)) REPRESENTATION_CONTEXT
('Context #1','3D Context with UNIT and UNCERTAINTY') );
#3879 = ( LENGTH_UNIT() NAMED_UNIT(*) SI_UNIT(.MILLI.,.METRE.) );
#3880 = ( NAMED_UNIT(*) PLANE_ANGLE_UNIT() SI_UNIT($,.RADIAN.) );
#3881 = ( NAMED_UNIT(*) SI_UNIT($,.STERADIAN.) SOLID_ANGLE_UNIT() );
#3882 = UNCERTAINTY_MEASURE_WITH_UNIT(LENGTH_MEASURE(1.E-07),#3879,
  'distance_accuracy_value','confusion accuracy');
#3883 = CONTEXT_DEPENDENT_SHAPE_REPRESENTATION(#3884,#3886);
#3884 = ( REPRESENTATION_RELATIONSHIP('','',#3779,#3756) 
REPRESENTATION_RELATIONSHIP_WITH_TRANSFORMATION(#3885) 
SHAPE_REPRESENTATION_RELATIONSHIP() );
#3885 = ITEM_DEFINED_TRANSFORMATION('','',#11,#3757);
#3886 = PRODUCT_DEFINITION_SHAPE('Placement','Placement of an item',
  #3887);
#3887 = NEXT_ASSEMBLY_USAGE_OCCURRENCE('89','=>[0:1:1:27]','',#3751,
  #3774,$);
#3888 = PRODUCT_RELATED_PRODUCT_CATEGORY('part',$,(#3776));
#3889 = SHAPE_DEFINITION_REPRESENTATION(#3890,#3896);
#3890 = PRODUCT_DEFINITION_SHAPE('','',#3891);
#3891 = PRODUCT_DEFINITION('design','',#3892,#3895);
#3892 = PRODUCT_DEFINITION_FORMATION('','',#3893);
#3893 = PRODUCT('right_front_faceted_aero_wheel_cover',
  'right_front_faceted_aero_wheel_cover','',(#3894));
#3894 = PRODUCT_CONTEXT('',#2,'mechanical');
#3895 = PRODUCT_DEFINITION_CONTEXT('part definition',#2,'design');
#3896 = SHAPE_REPRESENTATION('',(#11,#3897),#3901);
#3897 = AXIS2_PLACEMENT_3D('',#3898,#3899,#3900);
#3898 = CARTESIAN_POINT('',(0.,0.,-162.5));
#3899 = DIRECTION('',(0.,0.,1.));
#3900 = DIRECTION('',(1.,0.,0.));
#3901 = ( GEOMETRIC_REPRESENTATION_CONTEXT(3) 
GLOBAL_UNCERTAINTY_ASSIGNED_CONTEXT((#3905)) 
GLOBAL_UNIT_ASSIGNED_CONTEXT((#3902,#3903,#3904)) REPRESENTATION_CONTEXT
('Context #1','3D Context with UNIT and UNCERTAINTY') );
#3902 = ( LENGTH_UNIT() NAMED_UNIT(*) SI_UNIT(.MILLI.,.METRE.) );
#3903 = ( NAMED_UNIT(*) PLANE_ANGLE_UNIT() SI_UNIT($,.RADIAN.) );
#3904 = ( NAMED_UNIT(*) SI_UNIT($,.STERADIAN.) SOLID_ANGLE_UNIT() );
#3905 = UNCERTAINTY_MEASURE_WITH_UNIT(LENGTH_MEASURE(1.E-07),#3902,
  'distance_accuracy_value','confusion accuracy');
#3906 = CONTEXT_DEPENDENT_SHAPE_REPRESENTATION(#3907,#3909);
#3907 = ( REPRESENTATION_RELATIONSHIP('','',#3896,#10) 
REPRESENTATION_RELATIONSHIP_WITH_TRANSFORMATION(#3908) 
SHAPE_REPRESENTATION_RELATIONSHIP() );
#3908 = ITEM_DEFINED_TRANSFORMATION('','',#11,#67);
#3909 = PRODUCT_DEFINITION_SHAPE('Placement','Placement of an item',
  #3910);
#3910 = NEXT_ASSEMBLY_USAGE_OCCURRENCE('92','=>[0:1:1:28]','',#5,#3891,$
  );
#3911 = PRODUCT_RELATED_PRODUCT_CATEGORY('part',$,(#3893));
#3912 = SHAPE_DEFINITION_REPRESENTATION(#3913,#3919);
#3913 = PRODUCT_DEFINITION_SHAPE('','',#3914);
#3914 = PRODUCT_DEFINITION('design','',#3915,#3918);
#3915 = PRODUCT_DEFINITION_FORMATION('','',#3916);
#3916 = PRODUCT('SOLID','SOLID','',(#3917));
#3917 = PRODUCT_CONTEXT('',#2,'mechanical');
#3918 = PRODUCT_DEFINITION_CONTEXT('part definition',#2,'design');
#3919 = ADVANCED_BREP_SHAPE_REPRESENTATION('',(#11,#3920),#4018);
#3920 = MANIFOLD_SOLID_BREP('',#3921);
#3921 = CLOSED_SHELL('',(#3922,#4010,#4014));
#3922 = ADVANCED_FACE('',(#3923),#3936,.T.);
#3923 = FACE_BOUND('',#3924,.T.);
#3924 = EDGE_LOOP('',(#3925,#3959,#3982,#4009));
#3925 = ORIENTED_EDGE('',*,*,#3926,.F.);
#3926 = EDGE_CURVE('',#3927,#3927,#3929,.T.);
#3927 = VERTEX_POINT('',#3928);
#3928 = CARTESIAN_POINT('',(303.6,-7.436055364423E-14,325.));
#3929 = SURFACE_CURVE('',#3930,(#3935,#3947),.PCURVE_S1.);
#3930 = CIRCLE('',#3931,303.6);
#3931 = AXIS2_PLACEMENT_3D('',#3932,#3933,#3934);
#3932 = CARTESIAN_POINT('',(0.,0.,325.));
#3933 = DIRECTION('',(0.,0.,1.));
#3934 = DIRECTION('',(1.,0.,-0.));
#3935 = PCURVE('',#3936,#3941);
#3936 = CYLINDRICAL_SURFACE('',#3937,303.6);
#3937 = AXIS2_PLACEMENT_3D('',#3938,#3939,#3940);
#3938 = CARTESIAN_POINT('',(0.,0.,0.));
#3939 = DIRECTION('',(0.,0.,1.));
#3940 = DIRECTION('',(1.,0.,-0.));
#3941 = DEFINITIONAL_REPRESENTATION('',(#3942),#3946);
#3942 = LINE('',#3943,#3944);
#3943 = CARTESIAN_POINT('',(0.,325.));
#3944 = VECTOR('',#3945,1.);
#3945 = DIRECTION('',(1.,0.));
#3946 = ( GEOMETRIC_REPRESENTATION_CONTEXT(2) 
PARAMETRIC_REPRESENTATION_CONTEXT() REPRESENTATION_CONTEXT('2D SPACE',''
  ) );
#3947 = PCURVE('',#3948,#3953);
#3948 = PLANE('',#3949);
#3949 = AXIS2_PLACEMENT_3D('',#3950,#3951,#3952);
#3950 = CARTESIAN_POINT('',(0.,0.,325.));
#3951 = DIRECTION('',(0.,0.,1.));
#3952 = DIRECTION('',(1.,0.,-0.));
#3953 = DEFINITIONAL_REPRESENTATION('',(#3954),#3958);
#3954 = CIRCLE('',#3955,303.6);
#3955 = AXIS2_PLACEMENT_2D('',#3956,#3957);
#3956 = CARTESIAN_POINT('',(0.,0.));
#3957 = DIRECTION('',(1.,0.));
#3958 = ( GEOMETRIC_REPRESENTATION_CONTEXT(2) 
PARAMETRIC_REPRESENTATION_CONTEXT() REPRESENTATION_CONTEXT('2D SPACE',''
  ) );
#3959 = ORIENTED_EDGE('',*,*,#3960,.F.);
#3960 = EDGE_CURVE('',#3961,#3927,#3963,.T.);
#3961 = VERTEX_POINT('',#3962);
#3962 = CARTESIAN_POINT('',(303.6,-7.436055364423E-14,0.));
#3963 = SEAM_CURVE('',#3964,(#3968,#3975),.PCURVE_S1.);
#3964 = LINE('',#3965,#3966);
#3965 = CARTESIAN_POINT('',(303.6,-7.436055364423E-14,0.));
#3966 = VECTOR('',#3967,1.);
#3967 = DIRECTION('',(0.,0.,1.));
#3968 = PCURVE('',#3936,#3969);
#3969 = DEFINITIONAL_REPRESENTATION('',(#3970),#3974);
#3970 = LINE('',#3971,#3972);
#3971 = CARTESIAN_POINT('',(6.28318530718,-0.));
#3972 = VECTOR('',#3973,1.);
#3973 = DIRECTION('',(0.,1.));
#3974 = ( GEOMETRIC_REPRESENTATION_CONTEXT(2) 
PARAMETRIC_REPRESENTATION_CONTEXT() REPRESENTATION_CONTEXT('2D SPACE',''
  ) );
#3975 = PCURVE('',#3936,#3976);
#3976 = DEFINITIONAL_REPRESENTATION('',(#3977),#3981);
#3977 = LINE('',#3978,#3979);
#3978 = CARTESIAN_POINT('',(0.,-0.));
#3979 = VECTOR('',#3980,1.);
#3980 = DIRECTION('',(0.,1.));
#3981 = ( GEOMETRIC_REPRESENTATION_CONTEXT(2) 
PARAMETRIC_REPRESENTATION_CONTEXT() REPRESENTATION_CONTEXT('2D SPACE',''
  ) );
#3982 = ORIENTED_EDGE('',*,*,#3983,.T.);
#3983 = EDGE_CURVE('',#3961,#3961,#3984,.T.);
#3984 = SURFACE_CURVE('',#3985,(#3990,#3997),.PCURVE_S1.);
#3985 = CIRCLE('',#3986,303.6);
#3986 = AXIS2_PLACEMENT_3D('',#3987,#3988,#3989);
#3987 = CARTESIAN_POINT('',(0.,0.,0.));
#3988 = DIRECTION('',(0.,0.,1.));
#3989 = DIRECTION('',(1.,0.,-0.));
#3990 = PCURVE('',#3936,#3991);
#3991 = DEFINITIONAL_REPRESENTATION('',(#3992),#3996);
#3992 = LINE('',#3993,#3994);
#3993 = CARTESIAN_POINT('',(0.,0.));
#3994 = VECTOR('',#3995,1.);
#3995 = DIRECTION('',(1.,0.));
#3996 = ( GEOMETRIC_REPRESENTATION_CONTEXT(2) 
PARAMETRIC_REPRESENTATION_CONTEXT() REPRESENTATION_CONTEXT('2D SPACE',''
  ) );
#3997 = PCURVE('',#3998,#4003);
#3998 = PLANE('',#3999);
#3999 = AXIS2_PLACEMENT_3D('',#4000,#4001,#4002);
#4000 = CARTESIAN_POINT('',(0.,0.,0.));
#4001 = DIRECTION('',(0.,0.,1.));
#4002 = DIRECTION('',(1.,0.,-0.));
#4003 = DEFINITIONAL_REPRESENTATION('',(#4004),#4008);
#4004 = CIRCLE('',#4005,303.6);
#4005 = AXIS2_PLACEMENT_2D('',#4006,#4007);
#4006 = CARTESIAN_POINT('',(0.,0.));
#4007 = DIRECTION('',(1.,0.));
#4008 = ( GEOMETRIC_REPRESENTATION_CONTEXT(2) 
PARAMETRIC_REPRESENTATION_CONTEXT() REPRESENTATION_CONTEXT('2D SPACE',''
  ) );
#4009 = ORIENTED_EDGE('',*,*,#3960,.T.);
#4010 = ADVANCED_FACE('',(#4011),#3948,.T.);
#4011 = FACE_BOUND('',#4012,.T.);
#4012 = EDGE_LOOP('',(#4013));
#4013 = ORIENTED_EDGE('',*,*,#3926,.T.);
#4014 = ADVANCED_FACE('',(#4015),#3998,.F.);
#4015 = FACE_BOUND('',#4016,.T.);
#4016 = EDGE_LOOP('',(#4017));
#4017 = ORIENTED_EDGE('',*,*,#3983,.F.);
#4018 = ( GEOMETRIC_REPRESENTATION_CONTEXT(3) 
GLOBAL_UNCERTAINTY_ASSIGNED_CONTEXT((#4022)) 
GLOBAL_UNIT_ASSIGNED_CONTEXT((#4019,#4020,#4021)) REPRESENTATION_CONTEXT
('Context #1','3D Context with UNIT and UNCERTAINTY') );
#4019 = ( LENGTH_UNIT() NAMED_UNIT(*) SI_UNIT(.MILLI.,.METRE.) );
#4020 = ( NAMED_UNIT(*) PLANE_ANGLE_UNIT() SI_UNIT($,.RADIAN.) );
#4021 = ( NAMED_UNIT(*) SI_UNIT($,.STERADIAN.) SOLID_ANGLE_UNIT() );
#4022 = UNCERTAINTY_MEASURE_WITH_UNIT(LENGTH_MEASURE(1.E-07),#4019,
  'distance_accuracy_value','confusion accuracy');
#4023 = CONTEXT_DEPENDENT_SHAPE_REPRESENTATION(#4024,#4026);
#4024 = ( REPRESENTATION_RELATIONSHIP('','',#3919,#3896) 
REPRESENTATION_RELATIONSHIP_WITH_TRANSFORMATION(#4025) 
SHAPE_REPRESENTATION_RELATIONSHIP() );
#4025 = ITEM_DEFINED_TRANSFORMATION('','',#11,#3897);
#4026 = PRODUCT_DEFINITION_SHAPE('Placement','Placement of an item',
  #4027);
#4027 = NEXT_ASSEMBLY_USAGE_OCCURRENCE('91','=>[0:1:1:29]','',#3891,
  #3914,$);
#4028 = PRODUCT_RELATED_PRODUCT_CATEGORY('part',$,(#3916));
#4029 = SHAPE_DEFINITION_REPRESENTATION(#4030,#4036);
#4030 = PRODUCT_DEFINITION_SHAPE('','',#4031);
#4031 = PRODUCT_DEFINITION('design','',#4032,#4035);
#4032 = PRODUCT_DEFINITION_FORMATION('','',#4033);
#4033 = PRODUCT('right_front_simplified_brake_disc_solid',
  'right_front_simplified_brake_disc_solid','',(#4034));
#4034 = PRODUCT_CONTEXT('',#2,'mechanical');
#4035 = PRODUCT_DEFINITION_CONTEXT('part definition',#2,'design');
#4036 = SHAPE_REPRESENTATION('',(#11,#4037),#4041);
#4037 = AXIS2_PLACEMENT_3D('',#4038,#4039,#4040);
#4038 = CARTESIAN_POINT('',(0.,0.,-166.5));
#4039 = DIRECTION('',(0.,0.,1.));
#4040 = DIRECTION('',(1.,0.,0.));
#4041 = ( GEOMETRIC_REPRESENTATION_CONTEXT(3) 
GLOBAL_UNCERTAINTY_ASSIGNED_CONTEXT((#4045)) 
GLOBAL_UNIT_ASSIGNED_CONTEXT((#4042,#4043,#4044)) REPRESENTATION_CONTEXT
('Context #1','3D Context with UNIT and UNCERTAINTY') );
#4042 = ( LENGTH_UNIT() NAMED_UNIT(*) SI_UNIT(.MILLI.,.METRE.) );
#4043 = ( NAMED_UNIT(*) PLANE_ANGLE_UNIT() SI_UNIT($,.RADIAN.) );
#4044 = ( NAMED_UNIT(*) SI_UNIT($,.STERADIAN.) SOLID_ANGLE_UNIT() );
#4045 = UNCERTAINTY_MEASURE_WITH_UNIT(LENGTH_MEASURE(1.E-07),#4042,
  'distance_accuracy_value','confusion accuracy');
#4046 = CONTEXT_DEPENDENT_SHAPE_REPRESENTATION(#4047,#4049);
#4047 = ( REPRESENTATION_RELATIONSHIP('','',#4036,#10) 
REPRESENTATION_RELATIONSHIP_WITH_TRANSFORMATION(#4048) 
SHAPE_REPRESENTATION_RELATIONSHIP() );
#4048 = ITEM_DEFINED_TRANSFORMATION('','',#11,#71);
#4049 = PRODUCT_DEFINITION_SHAPE('Placement','Placement of an item',
  #4050);
#4050 = NEXT_ASSEMBLY_USAGE_OCCURRENCE('94','=>[0:1:1:30]','',#5,#4031,$
  );
#4051 = PRODUCT_RELATED_PRODUCT_CATEGORY('part',$,(#4033));
#4052 = SHAPE_DEFINITION_REPRESENTATION(#4053,#4059);
#4053 = PRODUCT_DEFINITION_SHAPE('','',#4054);
#4054 = PRODUCT_DEFINITION('design','',#4055,#4058);
#4055 = PRODUCT_DEFINITION_FORMATION('','',#4056);
#4056 = PRODUCT('SOLID','SOLID','',(#4057));
#4057 = PRODUCT_CONTEXT('',#2,'mechanical');
#4058 = PRODUCT_DEFINITION_CONTEXT('part definition',#2,'design');
#4059 = ADVANCED_BREP_SHAPE_REPRESENTATION('',(#11,#4060),#4158);
#4060 = MANIFOLD_SOLID_BREP('',#4061);
#4061 = CLOSED_SHELL('',(#4062,#4150,#4154));
#4062 = ADVANCED_FACE('',(#4063),#4076,.T.);
#4063 = FACE_BOUND('',#4064,.T.);
#4064 = EDGE_LOOP('',(#4065,#4099,#4122,#4149));
#4065 = ORIENTED_EDGE('',*,*,#4066,.F.);
#4066 = EDGE_CURVE('',#4067,#4067,#4069,.T.);
#4067 = VERTEX_POINT('',#4068);
#4068 = CARTESIAN_POINT('',(197.8,-4.844702737427E-14,333.));
#4069 = SURFACE_CURVE('',#4070,(#4075,#4087),.PCURVE_S1.);
#4070 = CIRCLE('',#4071,197.8);
#4071 = AXIS2_PLACEMENT_3D('',#4072,#4073,#4074);
#4072 = CARTESIAN_POINT('',(0.,0.,333.));
#4073 = DIRECTION('',(0.,0.,1.));
#4074 = DIRECTION('',(1.,0.,-0.));
#4075 = PCURVE('',#4076,#4081);
#4076 = CYLINDRICAL_SURFACE('',#4077,197.8);
#4077 = AXIS2_PLACEMENT_3D('',#4078,#4079,#4080);
#4078 = CARTESIAN_POINT('',(0.,0.,0.));
#4079 = DIRECTION('',(0.,0.,1.));
#4080 = DIRECTION('',(1.,0.,-0.));
#4081 = DEFINITIONAL_REPRESENTATION('',(#4082),#4086);
#4082 = LINE('',#4083,#4084);
#4083 = CARTESIAN_POINT('',(0.,333.));
#4084 = VECTOR('',#4085,1.);
#4085 = DIRECTION('',(1.,0.));
#4086 = ( GEOMETRIC_REPRESENTATION_CONTEXT(2) 
PARAMETRIC_REPRESENTATION_CONTEXT() REPRESENTATION_CONTEXT('2D SPACE',''
  ) );
#4087 = PCURVE('',#4088,#4093);
#4088 = PLANE('',#4089);
#4089 = AXIS2_PLACEMENT_3D('',#4090,#4091,#4092);
#4090 = CARTESIAN_POINT('',(0.,0.,333.));
#4091 = DIRECTION('',(0.,0.,1.));
#4092 = DIRECTION('',(1.,0.,-0.));
#4093 = DEFINITIONAL_REPRESENTATION('',(#4094),#4098);
#4094 = CIRCLE('',#4095,197.8);
#4095 = AXIS2_PLACEMENT_2D('',#4096,#4097);
#4096 = CARTESIAN_POINT('',(0.,0.));
#4097 = DIRECTION('',(1.,0.));
#4098 = ( GEOMETRIC_REPRESENTATION_CONTEXT(2) 
PARAMETRIC_REPRESENTATION_CONTEXT() REPRESENTATION_CONTEXT('2D SPACE',''
  ) );
#4099 = ORIENTED_EDGE('',*,*,#4100,.F.);
#4100 = EDGE_CURVE('',#4101,#4067,#4103,.T.);
#4101 = VERTEX_POINT('',#4102);
#4102 = CARTESIAN_POINT('',(197.8,-4.844702737427E-14,0.));
#4103 = SEAM_CURVE('',#4104,(#4108,#4115),.PCURVE_S1.);
#4104 = LINE('',#4105,#4106);
#4105 = CARTESIAN_POINT('',(197.8,-4.844702737427E-14,0.));
#4106 = VECTOR('',#4107,1.);
#4107 = DIRECTION('',(0.,0.,1.));
#4108 = PCURVE('',#4076,#4109);
#4109 = DEFINITIONAL_REPRESENTATION('',(#4110),#4114);
#4110 = LINE('',#4111,#4112);
#4111 = CARTESIAN_POINT('',(6.28318530718,-0.));
#4112 = VECTOR('',#4113,1.);
#4113 = DIRECTION('',(0.,1.));
#4114 = ( GEOMETRIC_REPRESENTATION_CONTEXT(2) 
PARAMETRIC_REPRESENTATION_CONTEXT() REPRESENTATION_CONTEXT('2D SPACE',''
  ) );
#4115 = PCURVE('',#4076,#4116);
#4116 = DEFINITIONAL_REPRESENTATION('',(#4117),#4121);
#4117 = LINE('',#4118,#4119);
#4118 = CARTESIAN_POINT('',(0.,-0.));
#4119 = VECTOR('',#4120,1.);
#4120 = DIRECTION('',(0.,1.));
#4121 = ( GEOMETRIC_REPRESENTATION_CONTEXT(2) 
PARAMETRIC_REPRESENTATION_CONTEXT() REPRESENTATION_CONTEXT('2D SPACE',''
  ) );
#4122 = ORIENTED_EDGE('',*,*,#4123,.T.);
#4123 = EDGE_CURVE('',#4101,#4101,#4124,.T.);
#4124 = SURFACE_CURVE('',#4125,(#4130,#4137),.PCURVE_S1.);
#4125 = CIRCLE('',#4126,197.8);
#4126 = AXIS2_PLACEMENT_3D('',#4127,#4128,#4129);
#4127 = CARTESIAN_POINT('',(0.,0.,0.));
#4128 = DIRECTION('',(0.,0.,1.));
#4129 = DIRECTION('',(1.,0.,-0.));
#4130 = PCURVE('',#4076,#4131);
#4131 = DEFINITIONAL_REPRESENTATION('',(#4132),#4136);
#4132 = LINE('',#4133,#4134);
#4133 = CARTESIAN_POINT('',(0.,0.));
#4134 = VECTOR('',#4135,1.);
#4135 = DIRECTION('',(1.,0.));
#4136 = ( GEOMETRIC_REPRESENTATION_CONTEXT(2) 
PARAMETRIC_REPRESENTATION_CONTEXT() REPRESENTATION_CONTEXT('2D SPACE',''
  ) );
#4137 = PCURVE('',#4138,#4143);
#4138 = PLANE('',#4139);
#4139 = AXIS2_PLACEMENT_3D('',#4140,#4141,#4142);
#4140 = CARTESIAN_POINT('',(0.,0.,0.));
#4141 = DIRECTION('',(0.,0.,1.));
#4142 = DIRECTION('',(1.,0.,-0.));
#4143 = DEFINITIONAL_REPRESENTATION('',(#4144),#4148);
#4144 = CIRCLE('',#4145,197.8);
#4145 = AXIS2_PLACEMENT_2D('',#4146,#4147);
#4146 = CARTESIAN_POINT('',(0.,0.));
#4147 = DIRECTION('',(1.,0.));
#4148 = ( GEOMETRIC_REPRESENTATION_CONTEXT(2) 
PARAMETRIC_REPRESENTATION_CONTEXT() REPRESENTATION_CONTEXT('2D SPACE',''
  ) );
#4149 = ORIENTED_EDGE('',*,*,#4100,.T.);
#4150 = ADVANCED_FACE('',(#4151),#4088,.T.);
#4151 = FACE_BOUND('',#4152,.T.);
#4152 = EDGE_LOOP('',(#4153));
#4153 = ORIENTED_EDGE('',*,*,#4066,.T.);
#4154 = ADVANCED_FACE('',(#4155),#4138,.F.);
#4155 = FACE_BOUND('',#4156,.T.);
#4156 = EDGE_LOOP('',(#4157));
#4157 = ORIENTED_EDGE('',*,*,#4123,.F.);
#4158 = ( GEOMETRIC_REPRESENTATION_CONTEXT(3) 
GLOBAL_UNCERTAINTY_ASSIGNED_CONTEXT((#4162)) 
GLOBAL_UNIT_ASSIGNED_CONTEXT((#4159,#4160,#4161)) REPRESENTATION_CONTEXT
('Context #1','3D Context with UNIT and UNCERTAINTY') );
#4159 = ( LENGTH_UNIT() NAMED_UNIT(*) SI_UNIT(.MILLI.,.METRE.) );
#4160 = ( NAMED_UNIT(*) PLANE_ANGLE_UNIT() SI_UNIT($,.RADIAN.) );
#4161 = ( NAMED_UNIT(*) SI_UNIT($,.STERADIAN.) SOLID_ANGLE_UNIT() );
#4162 = UNCERTAINTY_MEASURE_WITH_UNIT(LENGTH_MEASURE(1.E-07),#4159,
  'distance_accuracy_value','confusion accuracy');
#4163 = CONTEXT_DEPENDENT_SHAPE_REPRESENTATION(#4164,#4166);
#4164 = ( REPRESENTATION_RELATIONSHIP('','',#4059,#4036) 
REPRESENTATION_RELATIONSHIP_WITH_TRANSFORMATION(#4165) 
SHAPE_REPRESENTATION_RELATIONSHIP() );
#4165 = ITEM_DEFINED_TRANSFORMATION('','',#11,#4037);
#4166 = PRODUCT_DEFINITION_SHAPE('Placement','Placement of an item',
  #4167);
#4167 = NEXT_ASSEMBLY_USAGE_OCCURRENCE('93','=>[0:1:1:31]','',#4031,
  #4054,$);
#4168 = PRODUCT_RELATED_PRODUCT_CATEGORY('part',$,(#4056));
#4169 = SHAPE_DEFINITION_REPRESENTATION(#4170,#4176);
#4170 = PRODUCT_DEFINITION_SHAPE('','',#4171);
#4171 = PRODUCT_DEFINITION('design','',#4172,#4175);
#4172 = PRODUCT_DEFINITION_FORMATION('','',#4173);
#4173 = PRODUCT('right_front_flush_center_hub',
  'right_front_flush_center_hub','',(#4174));
#4174 = PRODUCT_CONTEXT('',#2,'mechanical');
#4175 = PRODUCT_DEFINITION_CONTEXT('part definition',#2,'design');
#4176 = SHAPE_REPRESENTATION('',(#11,#4177),#4181);
#4177 = AXIS2_PLACEMENT_3D('',#4178,#4179,#4180);
#4178 = CARTESIAN_POINT('',(0.,0.,-169.5));
#4179 = DIRECTION('',(0.,0.,1.));
#4180 = DIRECTION('',(1.,0.,0.));
#4181 = ( GEOMETRIC_REPRESENTATION_CONTEXT(3) 
GLOBAL_UNCERTAINTY_ASSIGNED_CONTEXT((#4185)) 
GLOBAL_UNIT_ASSIGNED_CONTEXT((#4182,#4183,#4184)) REPRESENTATION_CONTEXT
('Context #1','3D Context with UNIT and UNCERTAINTY') );
#4182 = ( LENGTH_UNIT() NAMED_UNIT(*) SI_UNIT(.MILLI.,.METRE.) );
#4183 = ( NAMED_UNIT(*) PLANE_ANGLE_UNIT() SI_UNIT($,.RADIAN.) );
#4184 = ( NAMED_UNIT(*) SI_UNIT($,.STERADIAN.) SOLID_ANGLE_UNIT() );
#4185 = UNCERTAINTY_MEASURE_WITH_UNIT(LENGTH_MEASURE(1.E-07),#4182,
  'distance_accuracy_value','confusion accuracy');
#4186 = CONTEXT_DEPENDENT_SHAPE_REPRESENTATION(#4187,#4189);
#4187 = ( REPRESENTATION_RELATIONSHIP('','',#4176,#10) 
REPRESENTATION_RELATIONSHIP_WITH_TRANSFORMATION(#4188) 
SHAPE_REPRESENTATION_RELATIONSHIP() );
#4188 = ITEM_DEFINED_TRANSFORMATION('','',#11,#75);
#4189 = PRODUCT_DEFINITION_SHAPE('Placement','Placement of an item',
  #4190);
#4190 = NEXT_ASSEMBLY_USAGE_OCCURRENCE('96','=>[0:1:1:32]','',#5,#4171,$
  );
#4191 = PRODUCT_RELATED_PRODUCT_CATEGORY('part',$,(#4173));
#4192 = SHAPE_DEFINITION_REPRESENTATION(#4193,#4199);
#4193 = PRODUCT_DEFINITION_SHAPE('','',#4194);
#4194 = PRODUCT_DEFINITION('design','',#4195,#4198);
#4195 = PRODUCT_DEFINITION_FORMATION('','',#4196);
#4196 = PRODUCT('SOLID','SOLID','',(#4197));
#4197 = PRODUCT_CONTEXT('',#2,'mechanical');
#4198 = PRODUCT_DEFINITION_CONTEXT('part definition',#2,'design');
#4199 = ADVANCED_BREP_SHAPE_REPRESENTATION('',(#11,#4200),#4298);
#4200 = MANIFOLD_SOLID_BREP('',#4201);
#4201 = CLOSED_SHELL('',(#4202,#4290,#4294));
#4202 = ADVANCED_FACE('',(#4203),#4216,.T.);
#4203 = FACE_BOUND('',#4204,.T.);
#4204 = EDGE_LOOP('',(#4205,#4239,#4262,#4289));
#4205 = ORIENTED_EDGE('',*,*,#4206,.F.);
#4206 = EDGE_CURVE('',#4207,#4207,#4209,.T.);
#4207 = VERTEX_POINT('',#4208);
#4208 = CARTESIAN_POINT('',(69.,-1.690012582823E-14,339.));
#4209 = SURFACE_CURVE('',#4210,(#4215,#4227),.PCURVE_S1.);
#4210 = CIRCLE('',#4211,69.);
#4211 = AXIS2_PLACEMENT_3D('',#4212,#4213,#4214);
#4212 = CARTESIAN_POINT('',(0.,0.,339.));
#4213 = DIRECTION('',(0.,0.,1.));
#4214 = DIRECTION('',(1.,0.,-0.));
#4215 = PCURVE('',#4216,#4221);
#4216 = CYLINDRICAL_SURFACE('',#4217,69.);
#4217 = AXIS2_PLACEMENT_3D('',#4218,#4219,#4220);
#4218 = CARTESIAN_POINT('',(0.,0.,0.));
#4219 = DIRECTION('',(0.,0.,1.));
#4220 = DIRECTION('',(1.,0.,-0.));
#4221 = DEFINITIONAL_REPRESENTATION('',(#4222),#4226);
#4222 = LINE('',#4223,#4224);
#4223 = CARTESIAN_POINT('',(0.,339.));
#4224 = VECTOR('',#4225,1.);
#4225 = DIRECTION('',(1.,0.));
#4226 = ( GEOMETRIC_REPRESENTATION_CONTEXT(2) 
PARAMETRIC_REPRESENTATION_CONTEXT() REPRESENTATION_CONTEXT('2D SPACE',''
  ) );
#4227 = PCURVE('',#4228,#4233);
#4228 = PLANE('',#4229);
#4229 = AXIS2_PLACEMENT_3D('',#4230,#4231,#4232);
#4230 = CARTESIAN_POINT('',(0.,0.,339.));
#4231 = DIRECTION('',(0.,0.,1.));
#4232 = DIRECTION('',(1.,0.,-0.));
#4233 = DEFINITIONAL_REPRESENTATION('',(#4234),#4238);
#4234 = CIRCLE('',#4235,69.);
#4235 = AXIS2_PLACEMENT_2D('',#4236,#4237);
#4236 = CARTESIAN_POINT('',(0.,0.));
#4237 = DIRECTION('',(1.,0.));
#4238 = ( GEOMETRIC_REPRESENTATION_CONTEXT(2) 
PARAMETRIC_REPRESENTATION_CONTEXT() REPRESENTATION_CONTEXT('2D SPACE',''
  ) );
#4239 = ORIENTED_EDGE('',*,*,#4240,.F.);
#4240 = EDGE_CURVE('',#4241,#4207,#4243,.T.);
#4241 = VERTEX_POINT('',#4242);
#4242 = CARTESIAN_POINT('',(69.,-1.690012582823E-14,0.));
#4243 = SEAM_CURVE('',#4244,(#4248,#4255),.PCURVE_S1.);
#4244 = LINE('',#4245,#4246);
#4245 = CARTESIAN_POINT('',(69.,-1.690012582823E-14,0.));
#4246 = VECTOR('',#4247,1.);
#4247 = DIRECTION('',(0.,0.,1.));
#4248 = PCURVE('',#4216,#4249);
#4249 = DEFINITIONAL_REPRESENTATION('',(#4250),#4254);
#4250 = LINE('',#4251,#4252);
#4251 = CARTESIAN_POINT('',(6.28318530718,-0.));
#4252 = VECTOR('',#4253,1.);
#4253 = DIRECTION('',(0.,1.));
#4254 = ( GEOMETRIC_REPRESENTATION_CONTEXT(2) 
PARAMETRIC_REPRESENTATION_CONTEXT() REPRESENTATION_CONTEXT('2D SPACE',''
  ) );
#4255 = PCURVE('',#4216,#4256);
#4256 = DEFINITIONAL_REPRESENTATION('',(#4257),#4261);
#4257 = LINE('',#4258,#4259);
#4258 = CARTESIAN_POINT('',(0.,-0.));
#4259 = VECTOR('',#4260,1.);
#4260 = DIRECTION('',(0.,1.));
#4261 = ( GEOMETRIC_REPRESENTATION_CONTEXT(2) 
PARAMETRIC_REPRESENTATION_CONTEXT() REPRESENTATION_CONTEXT('2D SPACE',''
  ) );
#4262 = ORIENTED_EDGE('',*,*,#4263,.T.);
#4263 = EDGE_CURVE('',#4241,#4241,#4264,.T.);
#4264 = SURFACE_CURVE('',#4265,(#4270,#4277),.PCURVE_S1.);
#4265 = CIRCLE('',#4266,69.);
#4266 = AXIS2_PLACEMENT_3D('',#4267,#4268,#4269);
#4267 = CARTESIAN_POINT('',(0.,0.,0.));
#4268 = DIRECTION('',(0.,0.,1.));
#4269 = DIRECTION('',(1.,0.,-0.));
#4270 = PCURVE('',#4216,#4271);
#4271 = DEFINITIONAL_REPRESENTATION('',(#4272),#4276);
#4272 = LINE('',#4273,#4274);
#4273 = CARTESIAN_POINT('',(0.,0.));
#4274 = VECTOR('',#4275,1.);
#4275 = DIRECTION('',(1.,0.));
#4276 = ( GEOMETRIC_REPRESENTATION_CONTEXT(2) 
PARAMETRIC_REPRESENTATION_CONTEXT() REPRESENTATION_CONTEXT('2D SPACE',''
  ) );
#4277 = PCURVE('',#4278,#4283);
#4278 = PLANE('',#4279);
#4279 = AXIS2_PLACEMENT_3D('',#4280,#4281,#4282);
#4280 = CARTESIAN_POINT('',(0.,0.,0.));
#4281 = DIRECTION('',(0.,0.,1.));
#4282 = DIRECTION('',(1.,0.,-0.));
#4283 = DEFINITIONAL_REPRESENTATION('',(#4284),#4288);
#4284 = CIRCLE('',#4285,69.);
#4285 = AXIS2_PLACEMENT_2D('',#4286,#4287);
#4286 = CARTESIAN_POINT('',(0.,0.));
#4287 = DIRECTION('',(1.,0.));
#4288 = ( GEOMETRIC_REPRESENTATION_CONTEXT(2) 
PARAMETRIC_REPRESENTATION_CONTEXT() REPRESENTATION_CONTEXT('2D SPACE',''
  ) );
#4289 = ORIENTED_EDGE('',*,*,#4240,.T.);
#4290 = ADVANCED_FACE('',(#4291),#4228,.T.);
#4291 = FACE_BOUND('',#4292,.T.);
#4292 = EDGE_LOOP('',(#4293));
#4293 = ORIENTED_EDGE('',*,*,#4206,.T.);
#4294 = ADVANCED_FACE('',(#4295),#4278,.F.);
#4295 = FACE_BOUND('',#4296,.T.);
#4296 = EDGE_LOOP('',(#4297));
#4297 = ORIENTED_EDGE('',*,*,#4263,.F.);
#4298 = ( GEOMETRIC_REPRESENTATION_CONTEXT(3) 
GLOBAL_UNCERTAINTY_ASSIGNED_CONTEXT((#4302)) 
GLOBAL_UNIT_ASSIGNED_CONTEXT((#4299,#4300,#4301)) REPRESENTATION_CONTEXT
('Context #1','3D Context with UNIT and UNCERTAINTY') );
#4299 = ( LENGTH_UNIT() NAMED_UNIT(*) SI_UNIT(.MILLI.,.METRE.) );
#4300 = ( NAMED_UNIT(*) PLANE_ANGLE_UNIT() SI_UNIT($,.RADIAN.) );
#4301 = ( NAMED_UNIT(*) SI_UNIT($,.STERADIAN.) SOLID_ANGLE_UNIT() );
#4302 = UNCERTAINTY_MEASURE_WITH_UNIT(LENGTH_MEASURE(1.E-07),#4299,
  'distance_accuracy_value','confusion accuracy');
#4303 = CONTEXT_DEPENDENT_SHAPE_REPRESENTATION(#4304,#4306);
#4304 = ( REPRESENTATION_RELATIONSHIP('','',#4199,#4176) 
REPRESENTATION_RELATIONSHIP_WITH_TRANSFORMATION(#4305) 
SHAPE_REPRESENTATION_RELATIONSHIP() );
#4305 = ITEM_DEFINED_TRANSFORMATION('','',#11,#4177);
#4306 = PRODUCT_DEFINITION_SHAPE('Placement','Placement of an item',
  #4307);
#4307 = NEXT_ASSEMBLY_USAGE_OCCURRENCE('95','=>[0:1:1:33]','',#4171,
  #4194,$);
#4308 = PRODUCT_RELATED_PRODUCT_CATEGORY('part',$,(#4196));
#4309 = SHAPE_DEFINITION_REPRESENTATION(#4310,#4316);
#4310 = PRODUCT_DEFINITION_SHAPE('','',#4311);
#4311 = PRODUCT_DEFINITION('design','',#4312,#4315);
#4312 = PRODUCT_DEFINITION_FORMATION('','',#4313);
#4313 = PRODUCT('right_front_dark_wheel_arch_cutout_backer',
  'right_front_dark_wheel_arch_cutout_backer','',(#4314));
#4314 = PRODUCT_CONTEXT('',#2,'mechanical');
#4315 = PRODUCT_DEFINITION_CONTEXT('part definition',#2,'design');
#4316 = SHAPE_REPRESENTATION('',(#11,#4317),#4321);
#4317 = AXIS2_PLACEMENT_3D('',#4318,#4319,#4320);
#4318 = CARTESIAN_POINT('',(-380.,-17.,-220.));
#4319 = DIRECTION('',(0.,0.,1.));
#4320 = DIRECTION('',(1.,0.,0.));
#4321 = ( GEOMETRIC_REPRESENTATION_CONTEXT(3) 
GLOBAL_UNCERTAINTY_ASSIGNED_CONTEXT((#4325)) 
GLOBAL_UNIT_ASSIGNED_CONTEXT((#4322,#4323,#4324)) REPRESENTATION_CONTEXT
('Context #1','3D Context with UNIT and UNCERTAINTY') );
#4322 = ( LENGTH_UNIT() NAMED_UNIT(*) SI_UNIT(.MILLI.,.METRE.) );
#4323 = ( NAMED_UNIT(*) PLANE_ANGLE_UNIT() SI_UNIT($,.RADIAN.) );
#4324 = ( NAMED_UNIT(*) SI_UNIT($,.STERADIAN.) SOLID_ANGLE_UNIT() );
#4325 = UNCERTAINTY_MEASURE_WITH_UNIT(LENGTH_MEASURE(1.E-07),#4322,
  'distance_accuracy_value','confusion accuracy');
#4326 = CONTEXT_DEPENDENT_SHAPE_REPRESENTATION(#4327,#4329);
#4327 = ( REPRESENTATION_RELATIONSHIP('','',#4316,#10) 
REPRESENTATION_RELATIONSHIP_WITH_TRANSFORMATION(#4328) 
SHAPE_REPRESENTATION_RELATIONSHIP() );
#4328 = ITEM_DEFINED_TRANSFORMATION('','',#11,#79);
#4329 = PRODUCT_DEFINITION_SHAPE('Placement','Placement of an item',
  #4330);
#4330 = NEXT_ASSEMBLY_USAGE_OCCURRENCE('98','=>[0:1:1:34]','',#5,#4311,$
  );
#4331 = PRODUCT_RELATED_PRODUCT_CATEGORY('part',$,(#4313));
#4332 = SHAPE_DEFINITION_REPRESENTATION(#4333,#4339);
#4333 = PRODUCT_DEFINITION_SHAPE('','',#4334);
#4334 = PRODUCT_DEFINITION('design','',#4335,#4338);
#4335 = PRODUCT_DEFINITION_FORMATION('','',#4336);
#4336 = PRODUCT('SOLID','SOLID','',(#4337));
#4337 = PRODUCT_CONTEXT('',#2,'mechanical');
#4338 = PRODUCT_DEFINITION_CONTEXT('part definition',#2,'design');
#4339 = ADVANCED_BREP_SHAPE_REPRESENTATION('',(#11,#4340),#4670);
#4340 = MANIFOLD_SOLID_BREP('',#4341);
#4341 = CLOSED_SHELL('',(#4342,#4462,#4562,#4609,#4656,#4663));
#4342 = ADVANCED_FACE('',(#4343),#4357,.F.);
#4343 = FACE_BOUND('',#4344,.F.);
#4344 = EDGE_LOOP('',(#4345,#4380,#4408,#4436));
#4345 = ORIENTED_EDGE('',*,*,#4346,.F.);
#4346 = EDGE_CURVE('',#4347,#4349,#4351,.T.);
#4347 = VERTEX_POINT('',#4348);
#4348 = CARTESIAN_POINT('',(0.,0.,0.));
#4349 = VERTEX_POINT('',#4350);
#4350 = CARTESIAN_POINT('',(0.,0.,440.));
#4351 = SURFACE_CURVE('',#4352,(#4356,#4368),.PCURVE_S1.);
#4352 = LINE('',#4353,#4354);
#4353 = CARTESIAN_POINT('',(0.,0.,0.));
#4354 = VECTOR('',#4355,1.);
#4355 = DIRECTION('',(0.,0.,1.));
#4356 = PCURVE('',#4357,#4362);
#4357 = PLANE('',#4358);
#4358 = AXIS2_PLACEMENT_3D('',#4359,#4360,#4361);
#4359 = CARTESIAN_POINT('',(0.,0.,0.));
#4360 = DIRECTION('',(1.,0.,-0.));
#4361 = DIRECTION('',(0.,0.,1.));
#4362 = DEFINITIONAL_REPRESENTATION('',(#4363),#4367);
#4363 = LINE('',#4364,#4365);
#4364 = CARTESIAN_POINT('',(0.,0.));
#4365 = VECTOR('',#4366,1.);
#4366 = DIRECTION('',(1.,0.));
#4367 = ( GEOMETRIC_REPRESENTATION_CONTEXT(2) 
PARAMETRIC_REPRESENTATION_CONTEXT() REPRESENTATION_CONTEXT('2D SPACE',''
  ) );
#4368 = PCURVE('',#4369,#4374);
#4369 = PLANE('',#4370);
#4370 = AXIS2_PLACEMENT_3D('',#4371,#4372,#4373);
#4371 = CARTESIAN_POINT('',(0.,0.,0.));
#4372 = DIRECTION('',(-0.,1.,0.));
#4373 = DIRECTION('',(0.,0.,1.));
#4374 = DEFINITIONAL_REPRESENTATION('',(#4375),#4379);
#4375 = LINE('',#4376,#4377);
#4376 = CARTESIAN_POINT('',(0.,0.));
#4377 = VECTOR('',#4378,1.);
#4378 = DIRECTION('',(1.,0.));
#4379 = ( GEOMETRIC_REPRESENTATION_CONTEXT(2) 
PARAMETRIC_REPRESENTATION_CONTEXT() REPRESENTATION_CONTEXT('2D SPACE',''
  ) );
#4380 = ORIENTED_EDGE('',*,*,#4381,.T.);
#4381 = EDGE_CURVE('',#4347,#4382,#4384,.T.);
#4382 = VERTEX_POINT('',#4383);
#4383 = CARTESIAN_POINT('',(0.,34.,0.));
#4384 = SURFACE_CURVE('',#4385,(#4389,#4396),.PCURVE_S1.);
#4385 = LINE('',#4386,#4387);
#4386 = CARTESIAN_POINT('',(0.,0.,0.));
#4387 = VECTOR('',#4388,1.);
#4388 = DIRECTION('',(-0.,1.,0.));
#4389 = PCURVE('',#4357,#4390);
#4390 = DEFINITIONAL_REPRESENTATION('',(#4391),#4395);
#4391 = LINE('',#4392,#4393);
#4392 = CARTESIAN_POINT('',(0.,0.));
#4393 = VECTOR('',#4394,1.);
#4394 = DIRECTION('',(0.,-1.));
#4395 = ( GEOMETRIC_REPRESENTATION_CONTEXT(2) 
PARAMETRIC_REPRESENTATION_CONTEXT() REPRESENTATION_CONTEXT('2D SPACE',''
  ) );
#4396 = PCURVE('',#4397,#4402);
#4397 = PLANE('',#4398);
#4398 = AXIS2_PLACEMENT_3D('',#4399,#4400,#4401);
#4399 = CARTESIAN_POINT('',(0.,0.,0.));
#4400 = DIRECTION('',(0.,0.,1.));
#4401 = DIRECTION('',(1.,0.,-0.));
#4402 = DEFINITIONAL_REPRESENTATION('',(#4403),#4407);
#4403 = LINE('',#4404,#4405);
#4404 = CARTESIAN_POINT('',(0.,0.));
#4405 = VECTOR('',#4406,1.);
#4406 = DIRECTION('',(0.,1.));
#4407 = ( GEOMETRIC_REPRESENTATION_CONTEXT(2) 
PARAMETRIC_REPRESENTATION_CONTEXT() REPRESENTATION_CONTEXT('2D SPACE',''
  ) );
#4408 = ORIENTED_EDGE('',*,*,#4409,.T.);
#4409 = EDGE_CURVE('',#4382,#4410,#4412,.T.);
#4410 = VERTEX_POINT('',#4411);
#4411 = CARTESIAN_POINT('',(0.,34.,440.));
#4412 = SURFACE_CURVE('',#4413,(#4417,#4424),.PCURVE_S1.);
#4413 = LINE('',#4414,#4415);
#4414 = CARTESIAN_POINT('',(0.,34.,0.));
#4415 = VECTOR('',#4416,1.);
#4416 = DIRECTION('',(0.,0.,1.));
#4417 = PCURVE('',#4357,#4418);
#4418 = DEFINITIONAL_REPRESENTATION('',(#4419),#4423);
#4419 = LINE('',#4420,#4421);
#4420 = CARTESIAN_POINT('',(0.,-34.));
#4421 = VECTOR('',#4422,1.);
#4422 = DIRECTION('',(1.,0.));
#4423 = ( GEOMETRIC_REPRESENTATION_CONTEXT(2) 
PARAMETRIC_REPRESENTATION_CONTEXT() REPRESENTATION_CONTEXT('2D SPACE',''
  ) );
#4424 = PCURVE('',#4425,#4430);
#4425 = PLANE('',#4426);
#4426 = AXIS2_PLACEMENT_3D('',#4427,#4428,#4429);
#4427 = CARTESIAN_POINT('',(0.,34.,0.));
#4428 = DIRECTION('',(-0.,1.,0.));
#4429 = DIRECTION('',(0.,0.,1.));
#4430 = DEFINITIONAL_REPRESENTATION('',(#4431),#4435);
#4431 = LINE('',#4432,#4433);
#4432 = CARTESIAN_POINT('',(0.,0.));
#4433 = VECTOR('',#4434,1.);
#4434 = DIRECTION('',(1.,0.));
#4435 = ( GEOMETRIC_REPRESENTATION_CONTEXT(2) 
PARAMETRIC_REPRESENTATION_CONTEXT() REPRESENTATION_CONTEXT('2D SPACE',''
  ) );
#4436 = ORIENTED_EDGE('',*,*,#4437,.F.);
#4437 = EDGE_CURVE('',#4349,#4410,#4438,.T.);
#4438 = SURFACE_CURVE('',#4439,(#4443,#4450),.PCURVE_S1.);
#4439 = LINE('',#4440,#4441);
#4440 = CARTESIAN_POINT('',(0.,0.,440.));
#4441 = VECTOR('',#4442,1.);
#4442 = DIRECTION('',(-0.,1.,0.));
#4443 = PCURVE('',#4357,#4444);
#4444 = DEFINITIONAL_REPRESENTATION('',(#4445),#4449);
#4445 = LINE('',#4446,#4447);
#4446 = CARTESIAN_POINT('',(440.,0.));
#4447 = VECTOR('',#4448,1.);
#4448 = DIRECTION('',(0.,-1.));
#4449 = ( GEOMETRIC_REPRESENTATION_CONTEXT(2) 
PARAMETRIC_REPRESENTATION_CONTEXT() REPRESENTATION_CONTEXT('2D SPACE',''
  ) );
#4450 = PCURVE('',#4451,#4456);
#4451 = PLANE('',#4452);
#4452 = AXIS2_PLACEMENT_3D('',#4453,#4454,#4455);
#4453 = CARTESIAN_POINT('',(0.,0.,440.));
#4454 = DIRECTION('',(0.,0.,1.));
#4455 = DIRECTION('',(1.,0.,-0.));
#4456 = DEFINITIONAL_REPRESENTATION('',(#4457),#4461);
#4457 = LINE('',#4458,#4459);
#4458 = CARTESIAN_POINT('',(0.,0.));
#4459 = VECTOR('',#4460,1.);
#4460 = DIRECTION('',(0.,1.));
#4461 = ( GEOMETRIC_REPRESENTATION_CONTEXT(2) 
PARAMETRIC_REPRESENTATION_CONTEXT() REPRESENTATION_CONTEXT('2D SPACE',''
  ) );
#4462 = ADVANCED_FACE('',(#4463),#4477,.T.);
#4463 = FACE_BOUND('',#4464,.T.);
#4464 = EDGE_LOOP('',(#4465,#4495,#4518,#4541));
#4465 = ORIENTED_EDGE('',*,*,#4466,.F.);
#4466 = EDGE_CURVE('',#4467,#4469,#4471,.T.);
#4467 = VERTEX_POINT('',#4468);
#4468 = CARTESIAN_POINT('',(760.,0.,0.));
#4469 = VERTEX_POINT('',#4470);
#4470 = CARTESIAN_POINT('',(760.,0.,440.));
#4471 = SURFACE_CURVE('',#4472,(#4476,#4488),.PCURVE_S1.);
#4472 = LINE('',#4473,#4474);
#4473 = CARTESIAN_POINT('',(760.,0.,0.));
#4474 = VECTOR('',#4475,1.);
#4475 = DIRECTION('',(0.,0.,1.));
#4476 = PCURVE('',#4477,#4482);
#4477 = PLANE('',#4478);
#4478 = AXIS2_PLACEMENT_3D('',#4479,#4480,#4481);
#4479 = CARTESIAN_POINT('',(760.,0.,0.));
#4480 = DIRECTION('',(1.,0.,-0.));
#4481 = DIRECTION('',(0.,0.,1.));
#4482 = DEFINITIONAL_REPRESENTATION('',(#4483),#4487);
#4483 = LINE('',#4484,#4485);
#4484 = CARTESIAN_POINT('',(0.,0.));
#4485 = VECTOR('',#4486,1.);
#4486 = DIRECTION('',(1.,0.));
#4487 = ( GEOMETRIC_REPRESENTATION_CONTEXT(2) 
PARAMETRIC_REPRESENTATION_CONTEXT() REPRESENTATION_CONTEXT('2D SPACE',''
  ) );
#4488 = PCURVE('',#4369,#4489);
#4489 = DEFINITIONAL_REPRESENTATION('',(#4490),#4494);
#4490 = LINE('',#4491,#4492);
#4491 = CARTESIAN_POINT('',(0.,760.));
#4492 = VECTOR('',#4493,1.);
#4493 = DIRECTION('',(1.,0.));
#4494 = ( GEOMETRIC_REPRESENTATION_CONTEXT(2) 
PARAMETRIC_REPRESENTATION_CONTEXT() REPRESENTATION_CONTEXT('2D SPACE',''
  ) );
#4495 = ORIENTED_EDGE('',*,*,#4496,.T.);
#4496 = EDGE_CURVE('',#4467,#4497,#4499,.T.);
#4497 = VERTEX_POINT('',#4498);
#4498 = CARTESIAN_POINT('',(760.,34.,0.));
#4499 = SURFACE_CURVE('',#4500,(#4504,#4511),.PCURVE_S1.);
#4500 = LINE('',#4501,#4502);
#4501 = CARTESIAN_POINT('',(760.,0.,0.));
#4502 = VECTOR('',#4503,1.);
#4503 = DIRECTION('',(-0.,1.,0.));
#4504 = PCURVE('',#4477,#4505);
#4505 = DEFINITIONAL_REPRESENTATION('',(#4506),#4510);
#4506 = LINE('',#4507,#4508);
#4507 = CARTESIAN_POINT('',(0.,0.));
#4508 = VECTOR('',#4509,1.);
#4509 = DIRECTION('',(0.,-1.));
#4510 = ( GEOMETRIC_REPRESENTATION_CONTEXT(2) 
PARAMETRIC_REPRESENTATION_CONTEXT() REPRESENTATION_CONTEXT('2D SPACE',''
  ) );
#4511 = PCURVE('',#4397,#4512);
#4512 = DEFINITIONAL_REPRESENTATION('',(#4513),#4517);
#4513 = LINE('',#4514,#4515);
#4514 = CARTESIAN_POINT('',(760.,0.));
#4515 = VECTOR('',#4516,1.);
#4516 = DIRECTION('',(0.,1.));
#4517 = ( GEOMETRIC_REPRESENTATION_CONTEXT(2) 
PARAMETRIC_REPRESENTATION_CONTEXT() REPRESENTATION_CONTEXT('2D SPACE',''
  ) );
#4518 = ORIENTED_EDGE('',*,*,#4519,.T.);
#4519 = EDGE_CURVE('',#4497,#4520,#4522,.T.);
#4520 = VERTEX_POINT('',#4521);
#4521 = CARTESIAN_POINT('',(760.,34.,440.));
#4522 = SURFACE_CURVE('',#4523,(#4527,#4534),.PCURVE_S1.);
#4523 = LINE('',#4524,#4525);
#4524 = CARTESIAN_POINT('',(760.,34.,0.));
#4525 = VECTOR('',#4526,1.);
#4526 = DIRECTION('',(0.,0.,1.));
#4527 = PCURVE('',#4477,#4528);
#4528 = DEFINITIONAL_REPRESENTATION('',(#4529),#4533);
#4529 = LINE('',#4530,#4531);
#4530 = CARTESIAN_POINT('',(0.,-34.));
#4531 = VECTOR('',#4532,1.);
#4532 = DIRECTION('',(1.,0.));
#4533 = ( GEOMETRIC_REPRESENTATION_CONTEXT(2) 
PARAMETRIC_REPRESENTATION_CONTEXT() REPRESENTATION_CONTEXT('2D SPACE',''
  ) );
#4534 = PCURVE('',#4425,#4535);
#4535 = DEFINITIONAL_REPRESENTATION('',(#4536),#4540);
#4536 = LINE('',#4537,#4538);
#4537 = CARTESIAN_POINT('',(0.,760.));
#4538 = VECTOR('',#4539,1.);
#4539 = DIRECTION('',(1.,0.));
#4540 = ( GEOMETRIC_REPRESENTATION_CONTEXT(2) 
PARAMETRIC_REPRESENTATION_CONTEXT() REPRESENTATION_CONTEXT('2D SPACE',''
  ) );
#4541 = ORIENTED_EDGE('',*,*,#4542,.F.);
#4542 = EDGE_CURVE('',#4469,#4520,#4543,.T.);
#4543 = SURFACE_CURVE('',#4544,(#4548,#4555),.PCURVE_S1.);
#4544 = LINE('',#4545,#4546);
#4545 = CARTESIAN_POINT('',(760.,0.,440.));
#4546 = VECTOR('',#4547,1.);
#4547 = DIRECTION('',(-0.,1.,0.));
#4548 = PCURVE('',#4477,#4549);
#4549 = DEFINITIONAL_REPRESENTATION('',(#4550),#4554);
#4550 = LINE('',#4551,#4552);
#4551 = CARTESIAN_POINT('',(440.,0.));
#4552 = VECTOR('',#4553,1.);
#4553 = DIRECTION('',(0.,-1.));
#4554 = ( GEOMETRIC_REPRESENTATION_CONTEXT(2) 
PARAMETRIC_REPRESENTATION_CONTEXT() REPRESENTATION_CONTEXT('2D SPACE',''
  ) );
#4555 = PCURVE('',#4451,#4556);
#4556 = DEFINITIONAL_REPRESENTATION('',(#4557),#4561);
#4557 = LINE('',#4558,#4559);
#4558 = CARTESIAN_POINT('',(760.,0.));
#4559 = VECTOR('',#4560,1.);
#4560 = DIRECTION('',(0.,1.));
#4561 = ( GEOMETRIC_REPRESENTATION_CONTEXT(2) 
PARAMETRIC_REPRESENTATION_CONTEXT() REPRESENTATION_CONTEXT('2D SPACE',''
  ) );
#4562 = ADVANCED_FACE('',(#4563),#4369,.F.);
#4563 = FACE_BOUND('',#4564,.F.);
#4564 = EDGE_LOOP('',(#4565,#4586,#4587,#4608));
#4565 = ORIENTED_EDGE('',*,*,#4566,.F.);
#4566 = EDGE_CURVE('',#4347,#4467,#4567,.T.);
#4567 = SURFACE_CURVE('',#4568,(#4572,#4579),.PCURVE_S1.);
#4568 = LINE('',#4569,#4570);
#4569 = CARTESIAN_POINT('',(0.,0.,0.));
#4570 = VECTOR('',#4571,1.);
#4571 = DIRECTION('',(1.,0.,-0.));
#4572 = PCURVE('',#4369,#4573);
#4573 = DEFINITIONAL_REPRESENTATION('',(#4574),#4578);
#4574 = LINE('',#4575,#4576);
#4575 = CARTESIAN_POINT('',(0.,0.));
#4576 = VECTOR('',#4577,1.);
#4577 = DIRECTION('',(0.,1.));
#4578 = ( GEOMETRIC_REPRESENTATION_CONTEXT(2) 
PARAMETRIC_REPRESENTATION_CONTEXT() REPRESENTATION_CONTEXT('2D SPACE',''
  ) );
#4579 = PCURVE('',#4397,#4580);
#4580 = DEFINITIONAL_REPRESENTATION('',(#4581),#4585);
#4581 = LINE('',#4582,#4583);
#4582 = CARTESIAN_POINT('',(0.,0.));
#4583 = VECTOR('',#4584,1.);
#4584 = DIRECTION('',(1.,0.));
#4585 = ( GEOMETRIC_REPRESENTATION_CONTEXT(2) 
PARAMETRIC_REPRESENTATION_CONTEXT() REPRESENTATION_CONTEXT('2D SPACE',''
  ) );
#4586 = ORIENTED_EDGE('',*,*,#4346,.T.);
#4587 = ORIENTED_EDGE('',*,*,#4588,.T.);
#4588 = EDGE_CURVE('',#4349,#4469,#4589,.T.);
#4589 = SURFACE_CURVE('',#4590,(#4594,#4601),.PCURVE_S1.);
#4590 = LINE('',#4591,#4592);
#4591 = CARTESIAN_POINT('',(0.,0.,440.));
#4592 = VECTOR('',#4593,1.);
#4593 = DIRECTION('',(1.,0.,-0.));
#4594 = PCURVE('',#4369,#4595);
#4595 = DEFINITIONAL_REPRESENTATION('',(#4596),#4600);
#4596 = LINE('',#4597,#4598);
#4597 = CARTESIAN_POINT('',(440.,0.));
#4598 = VECTOR('',#4599,1.);
#4599 = DIRECTION('',(0.,1.));
#4600 = ( GEOMETRIC_REPRESENTATION_CONTEXT(2) 
PARAMETRIC_REPRESENTATION_CONTEXT() REPRESENTATION_CONTEXT('2D SPACE',''
  ) );
#4601 = PCURVE('',#4451,#4602);
#4602 = DEFINITIONAL_REPRESENTATION('',(#4603),#4607);
#4603 = LINE('',#4604,#4605);
#4604 = CARTESIAN_POINT('',(0.,0.));
#4605 = VECTOR('',#4606,1.);
#4606 = DIRECTION('',(1.,0.));
#4607 = ( GEOMETRIC_REPRESENTATION_CONTEXT(2) 
PARAMETRIC_REPRESENTATION_CONTEXT() REPRESENTATION_CONTEXT('2D SPACE',''
  ) );
#4608 = ORIENTED_EDGE('',*,*,#4466,.F.);
#4609 = ADVANCED_FACE('',(#4610),#4425,.T.);
#4610 = FACE_BOUND('',#4611,.T.);
#4611 = EDGE_LOOP('',(#4612,#4633,#4634,#4655));
#4612 = ORIENTED_EDGE('',*,*,#4613,.F.);
#4613 = EDGE_CURVE('',#4382,#4497,#4614,.T.);
#4614 = SURFACE_CURVE('',#4615,(#4619,#4626),.PCURVE_S1.);
#4615 = LINE('',#4616,#4617);
#4616 = CARTESIAN_POINT('',(0.,34.,0.));
#4617 = VECTOR('',#4618,1.);
#4618 = DIRECTION('',(1.,0.,-0.));
#4619 = PCURVE('',#4425,#4620);
#4620 = DEFINITIONAL_REPRESENTATION('',(#4621),#4625);
#4621 = LINE('',#4622,#4623);
#4622 = CARTESIAN_POINT('',(0.,0.));
#4623 = VECTOR('',#4624,1.);
#4624 = DIRECTION('',(0.,1.));
#4625 = ( GEOMETRIC_REPRESENTATION_CONTEXT(2) 
PARAMETRIC_REPRESENTATION_CONTEXT() REPRESENTATION_CONTEXT('2D SPACE',''
  ) );
#4626 = PCURVE('',#4397,#4627);
#4627 = DEFINITIONAL_REPRESENTATION('',(#4628),#4632);
#4628 = LINE('',#4629,#4630);
#4629 = CARTESIAN_POINT('',(0.,34.));
#4630 = VECTOR('',#4631,1.);
#4631 = DIRECTION('',(1.,0.));
#4632 = ( GEOMETRIC_REPRESENTATION_CONTEXT(2) 
PARAMETRIC_REPRESENTATION_CONTEXT() REPRESENTATION_CONTEXT('2D SPACE',''
  ) );
#4633 = ORIENTED_EDGE('',*,*,#4409,.T.);
#4634 = ORIENTED_EDGE('',*,*,#4635,.T.);
#4635 = EDGE_CURVE('',#4410,#4520,#4636,.T.);
#4636 = SURFACE_CURVE('',#4637,(#4641,#4648),.PCURVE_S1.);
#4637 = LINE('',#4638,#4639);
#4638 = CARTESIAN_POINT('',(0.,34.,440.));
#4639 = VECTOR('',#4640,1.);
#4640 = DIRECTION('',(1.,0.,-0.));
#4641 = PCURVE('',#4425,#4642);
#4642 = DEFINITIONAL_REPRESENTATION('',(#4643),#4647);
#4643 = LINE('',#4644,#4645);
#4644 = CARTESIAN_POINT('',(440.,0.));
#4645 = VECTOR('',#4646,1.);
#4646 = DIRECTION('',(0.,1.));
#4647 = ( GEOMETRIC_REPRESENTATION_CONTEXT(2) 
PARAMETRIC_REPRESENTATION_CONTEXT() REPRESENTATION_CONTEXT('2D SPACE',''
  ) );
#4648 = PCURVE('',#4451,#4649);
#4649 = DEFINITIONAL_REPRESENTATION('',(#4650),#4654);
#4650 = LINE('',#4651,#4652);
#4651 = CARTESIAN_POINT('',(0.,34.));
#4652 = VECTOR('',#4653,1.);
#4653 = DIRECTION('',(1.,0.));
#4654 = ( GEOMETRIC_REPRESENTATION_CONTEXT(2) 
PARAMETRIC_REPRESENTATION_CONTEXT() REPRESENTATION_CONTEXT('2D SPACE',''
  ) );
#4655 = ORIENTED_EDGE('',*,*,#4519,.F.);
#4656 = ADVANCED_FACE('',(#4657),#4397,.F.);
#4657 = FACE_BOUND('',#4658,.F.);
#4658 = EDGE_LOOP('',(#4659,#4660,#4661,#4662));
#4659 = ORIENTED_EDGE('',*,*,#4381,.F.);
#4660 = ORIENTED_EDGE('',*,*,#4566,.T.);
#4661 = ORIENTED_EDGE('',*,*,#4496,.T.);
#4662 = ORIENTED_EDGE('',*,*,#4613,.F.);
#4663 = ADVANCED_FACE('',(#4664),#4451,.T.);
#4664 = FACE_BOUND('',#4665,.T.);
#4665 = EDGE_LOOP('',(#4666,#4667,#4668,#4669));
#4666 = ORIENTED_EDGE('',*,*,#4437,.F.);
#4667 = ORIENTED_EDGE('',*,*,#4588,.T.);
#4668 = ORIENTED_EDGE('',*,*,#4542,.T.);
#4669 = ORIENTED_EDGE('',*,*,#4635,.F.);
#4670 = ( GEOMETRIC_REPRESENTATION_CONTEXT(3) 
GLOBAL_UNCERTAINTY_ASSIGNED_CONTEXT((#4674)) 
GLOBAL_UNIT_ASSIGNED_CONTEXT((#4671,#4672,#4673)) REPRESENTATION_CONTEXT
('Context #1','3D Context with UNIT and UNCERTAINTY') );
#4671 = ( LENGTH_UNIT() NAMED_UNIT(*) SI_UNIT(.MILLI.,.METRE.) );
#4672 = ( NAMED_UNIT(*) PLANE_ANGLE_UNIT() SI_UNIT($,.RADIAN.) );
#4673 = ( NAMED_UNIT(*) SI_UNIT($,.STERADIAN.) SOLID_ANGLE_UNIT() );
#4674 = UNCERTAINTY_MEASURE_WITH_UNIT(LENGTH_MEASURE(1.E-07),#4671,
  'distance_accuracy_value','confusion accuracy');
#4675 = CONTEXT_DEPENDENT_SHAPE_REPRESENTATION(#4676,#4678);
#4676 = ( REPRESENTATION_RELATIONSHIP('','',#4339,#4316) 
REPRESENTATION_RELATIONSHIP_WITH_TRANSFORMATION(#4677) 
SHAPE_REPRESENTATION_RELATIONSHIP() );
#4677 = ITEM_DEFINED_TRANSFORMATION('','',#11,#4317);
#4678 = PRODUCT_DEFINITION_SHAPE('Placement','Placement of an item',
  #4679);
#4679 = NEXT_ASSEMBLY_USAGE_OCCURRENCE('97','=>[0:1:1:35]','',#4311,
  #4334,$);
#4680 = PRODUCT_RELATED_PRODUCT_CATEGORY('part',$,(#4336));
#4681 = SHAPE_DEFINITION_REPRESENTATION(#4682,#4688);
#4682 = PRODUCT_DEFINITION_SHAPE('','',#4683);
#4683 = PRODUCT_DEFINITION('design','',#4684,#4687);
#4684 = PRODUCT_DEFINITION_FORMATION('','',#4685);
#4685 = PRODUCT('right_front_sharp_aero_fender_brow_surface',
  'right_front_sharp_aero_fender_brow_surface','',(#4686));
#4686 = PRODUCT_CONTEXT('',#2,'mechanical');
#4687 = PRODUCT_DEFINITION_CONTEXT('part definition',#2,'design');
#4688 = SHAPE_REPRESENTATION('',(#11,#4689),#4693);
#4689 = AXIS2_PLACEMENT_3D('',#4690,#4691,#4692);
#4690 = CARTESIAN_POINT('',(-430.,-28.,-44.));
#4691 = DIRECTION('',(0.,0.,1.));
#4692 = DIRECTION('',(1.,0.,0.));
#4693 = ( GEOMETRIC_REPRESENTATION_CONTEXT(3) 
GLOBAL_UNCERTAINTY_ASSIGNED_CONTEXT((#4697)) 
GLOBAL_UNIT_ASSIGNED_CONTEXT((#4694,#4695,#4696)) REPRESENTATION_CONTEXT
('Context #1','3D Context with UNIT and UNCERTAINTY') );
#4694 = ( LENGTH_UNIT() NAMED_UNIT(*) SI_UNIT(.MILLI.,.METRE.) );
#4695 = ( NAMED_UNIT(*) PLANE_ANGLE_UNIT() SI_UNIT($,.RADIAN.) );
#4696 = ( NAMED_UNIT(*) SI_UNIT($,.STERADIAN.) SOLID_ANGLE_UNIT() );
#4697 = UNCERTAINTY_MEASURE_WITH_UNIT(LENGTH_MEASURE(1.E-07),#4694,
  'distance_accuracy_value','confusion accuracy');
#4698 = CONTEXT_DEPENDENT_SHAPE_REPRESENTATION(#4699,#4701);
#4699 = ( REPRESENTATION_RELATIONSHIP('','',#4688,#10) 
REPRESENTATION_RELATIONSHIP_WITH_TRANSFORMATION(#4700) 
SHAPE_REPRESENTATION_RELATIONSHIP() );
#4700 = ITEM_DEFINED_TRANSFORMATION('','',#11,#83);
#4701 = PRODUCT_DEFINITION_SHAPE('Placement','Placement of an item',
  #4702);
#4702 = NEXT_ASSEMBLY_USAGE_OCCURRENCE('100','=>[0:1:1:36]','',#5,#4683,
  $);
#4703 = PRODUCT_RELATED_PRODUCT_CATEGORY('part',$,(#4685));
#4704 = SHAPE_DEFINITION_REPRESENTATION(#4705,#4711);
#4705 = PRODUCT_DEFINITION_SHAPE('','',#4706);
#4706 = PRODUCT_DEFINITION('design','',#4707,#4710);
#4707 = PRODUCT_DEFINITION_FORMATION('','',#4708);
#4708 = PRODUCT('SOLID','SOLID','',(#4709));
#4709 = PRODUCT_CONTEXT('',#2,'mechanical');
#4710 = PRODUCT_DEFINITION_CONTEXT('part definition',#2,'design');
#4711 = ADVANCED_BREP_SHAPE_REPRESENTATION('',(#11,#4712),#5042);
#4712 = MANIFOLD_SOLID_BREP('',#4713);
#4713 = CLOSED_SHELL('',(#4714,#4834,#4934,#4981,#5028,#5035));
#4714 = ADVANCED_FACE('',(#4715),#4729,.F.);
#4715 = FACE_BOUND('',#4716,.F.);
#4716 = EDGE_LOOP('',(#4717,#4752,#4780,#4808));
#4717 = ORIENTED_EDGE('',*,*,#4718,.F.);
#4718 = EDGE_CURVE('',#4719,#4721,#4723,.T.);
#4719 = VERTEX_POINT('',#4720);
#4720 = CARTESIAN_POINT('',(0.,0.,0.));
#4721 = VERTEX_POINT('',#4722);
#4722 = CARTESIAN_POINT('',(0.,0.,88.));
#4723 = SURFACE_CURVE('',#4724,(#4728,#4740),.PCURVE_S1.);
#4724 = LINE('',#4725,#4726);
#4725 = CARTESIAN_POINT('',(0.,0.,0.));
#4726 = VECTOR('',#4727,1.);
#4727 = DIRECTION('',(0.,0.,1.));
#4728 = PCURVE('',#4729,#4734);
#4729 = PLANE('',#4730);
#4730 = AXIS2_PLACEMENT_3D('',#4731,#4732,#4733);
#4731 = CARTESIAN_POINT('',(0.,0.,0.));
#4732 = DIRECTION('',(1.,0.,-0.));
#4733 = DIRECTION('',(0.,0.,1.));
#4734 = DEFINITIONAL_REPRESENTATION('',(#4735),#4739);
#4735 = LINE('',#4736,#4737);
#4736 = CARTESIAN_POINT('',(0.,0.));
#4737 = VECTOR('',#4738,1.);
#4738 = DIRECTION('',(1.,0.));
#4739 = ( GEOMETRIC_REPRESENTATION_CONTEXT(2) 
PARAMETRIC_REPRESENTATION_CONTEXT() REPRESENTATION_CONTEXT('2D SPACE',''
  ) );
#4740 = PCURVE('',#4741,#4746);
#4741 = PLANE('',#4742);
#4742 = AXIS2_PLACEMENT_3D('',#4743,#4744,#4745);
#4743 = CARTESIAN_POINT('',(0.,0.,0.));
#4744 = DIRECTION('',(-0.,1.,0.));
#4745 = DIRECTION('',(0.,0.,1.));
#4746 = DEFINITIONAL_REPRESENTATION('',(#4747),#4751);
#4747 = LINE('',#4748,#4749);
#4748 = CARTESIAN_POINT('',(0.,0.));
#4749 = VECTOR('',#4750,1.);
#4750 = DIRECTION('',(1.,0.));
#4751 = ( GEOMETRIC_REPRESENTATION_CONTEXT(2) 
PARAMETRIC_REPRESENTATION_CONTEXT() REPRESENTATION_CONTEXT('2D SPACE',''
  ) );
#4752 = ORIENTED_EDGE('',*,*,#4753,.T.);
#4753 = EDGE_CURVE('',#4719,#4754,#4756,.T.);
#4754 = VERTEX_POINT('',#4755);
#4755 = CARTESIAN_POINT('',(0.,56.,0.));
#4756 = SURFACE_CURVE('',#4757,(#4761,#4768),.PCURVE_S1.);
#4757 = LINE('',#4758,#4759);
#4758 = CARTESIAN_POINT('',(0.,0.,0.));
#4759 = VECTOR('',#4760,1.);
#4760 = DIRECTION('',(-0.,1.,0.));
#4761 = PCURVE('',#4729,#4762);
#4762 = DEFINITIONAL_REPRESENTATION('',(#4763),#4767);
#4763 = LINE('',#4764,#4765);
#4764 = CARTESIAN_POINT('',(0.,0.));
#4765 = VECTOR('',#4766,1.);
#4766 = DIRECTION('',(0.,-1.));
#4767 = ( GEOMETRIC_REPRESENTATION_CONTEXT(2) 
PARAMETRIC_REPRESENTATION_CONTEXT() REPRESENTATION_CONTEXT('2D SPACE',''
  ) );
#4768 = PCURVE('',#4769,#4774);
#4769 = PLANE('',#4770);
#4770 = AXIS2_PLACEMENT_3D('',#4771,#4772,#4773);
#4771 = CARTESIAN_POINT('',(0.,0.,0.));
#4772 = DIRECTION('',(0.,0.,1.));
#4773 = DIRECTION('',(1.,0.,-0.));
#4774 = DEFINITIONAL_REPRESENTATION('',(#4775),#4779);
#4775 = LINE('',#4776,#4777);
#4776 = CARTESIAN_POINT('',(0.,0.));
#4777 = VECTOR('',#4778,1.);
#4778 = DIRECTION('',(0.,1.));
#4779 = ( GEOMETRIC_REPRESENTATION_CONTEXT(2) 
PARAMETRIC_REPRESENTATION_CONTEXT() REPRESENTATION_CONTEXT('2D SPACE',''
  ) );
#4780 = ORIENTED_EDGE('',*,*,#4781,.T.);
#4781 = EDGE_CURVE('',#4754,#4782,#4784,.T.);
#4782 = VERTEX_POINT('',#4783);
#4783 = CARTESIAN_POINT('',(0.,56.,88.));
#4784 = SURFACE_CURVE('',#4785,(#4789,#4796),.PCURVE_S1.);
#4785 = LINE('',#4786,#4787);
#4786 = CARTESIAN_POINT('',(0.,56.,0.));
#4787 = VECTOR('',#4788,1.);
#4788 = DIRECTION('',(0.,0.,1.));
#4789 = PCURVE('',#4729,#4790);
#4790 = DEFINITIONAL_REPRESENTATION('',(#4791),#4795);
#4791 = LINE('',#4792,#4793);
#4792 = CARTESIAN_POINT('',(0.,-56.));
#4793 = VECTOR('',#4794,1.);
#4794 = DIRECTION('',(1.,0.));
#4795 = ( GEOMETRIC_REPRESENTATION_CONTEXT(2) 
PARAMETRIC_REPRESENTATION_CONTEXT() REPRESENTATION_CONTEXT('2D SPACE',''
  ) );
#4796 = PCURVE('',#4797,#4802);
#4797 = PLANE('',#4798);
#4798 = AXIS2_PLACEMENT_3D('',#4799,#4800,#4801);
#4799 = CARTESIAN_POINT('',(0.,56.,0.));
#4800 = DIRECTION('',(-0.,1.,0.));
#4801 = DIRECTION('',(0.,0.,1.));
#4802 = DEFINITIONAL_REPRESENTATION('',(#4803),#4807);
#4803 = LINE('',#4804,#4805);
#4804 = CARTESIAN_POINT('',(0.,0.));
#4805 = VECTOR('',#4806,1.);
#4806 = DIRECTION('',(1.,0.));
#4807 = ( GEOMETRIC_REPRESENTATION_CONTEXT(2) 
PARAMETRIC_REPRESENTATION_CONTEXT() REPRESENTATION_CONTEXT('2D SPACE',''
  ) );
#4808 = ORIENTED_EDGE('',*,*,#4809,.F.);
#4809 = EDGE_CURVE('',#4721,#4782,#4810,.T.);
#4810 = SURFACE_CURVE('',#4811,(#4815,#4822),.PCURVE_S1.);
#4811 = LINE('',#4812,#4813);
#4812 = CARTESIAN_POINT('',(0.,0.,88.));
#4813 = VECTOR('',#4814,1.);
#4814 = DIRECTION('',(-0.,1.,0.));
#4815 = PCURVE('',#4729,#4816);
#4816 = DEFINITIONAL_REPRESENTATION('',(#4817),#4821);
#4817 = LINE('',#4818,#4819);
#4818 = CARTESIAN_POINT('',(88.,0.));
#4819 = VECTOR('',#4820,1.);
#4820 = DIRECTION('',(0.,-1.));
#4821 = ( GEOMETRIC_REPRESENTATION_CONTEXT(2) 
PARAMETRIC_REPRESENTATION_CONTEXT() REPRESENTATION_CONTEXT('2D SPACE',''
  ) );
#4822 = PCURVE('',#4823,#4828);
#4823 = PLANE('',#4824);
#4824 = AXIS2_PLACEMENT_3D('',#4825,#4826,#4827);
#4825 = CARTESIAN_POINT('',(0.,0.,88.));
#4826 = DIRECTION('',(0.,0.,1.));
#4827 = DIRECTION('',(1.,0.,-0.));
#4828 = DEFINITIONAL_REPRESENTATION('',(#4829),#4833);
#4829 = LINE('',#4830,#4831);
#4830 = CARTESIAN_POINT('',(0.,0.));
#4831 = VECTOR('',#4832,1.);
#4832 = DIRECTION('',(0.,1.));
#4833 = ( GEOMETRIC_REPRESENTATION_CONTEXT(2) 
PARAMETRIC_REPRESENTATION_CONTEXT() REPRESENTATION_CONTEXT('2D SPACE',''
  ) );
#4834 = ADVANCED_FACE('',(#4835),#4849,.T.);
#4835 = FACE_BOUND('',#4836,.T.);
#4836 = EDGE_LOOP('',(#4837,#4867,#4890,#4913));
#4837 = ORIENTED_EDGE('',*,*,#4838,.F.);
#4838 = EDGE_CURVE('',#4839,#4841,#4843,.T.);
#4839 = VERTEX_POINT('',#4840);
#4840 = CARTESIAN_POINT('',(860.,0.,0.));
#4841 = VERTEX_POINT('',#4842);
#4842 = CARTESIAN_POINT('',(860.,0.,88.));
#4843 = SURFACE_CURVE('',#4844,(#4848,#4860),.PCURVE_S1.);
#4844 = LINE('',#4845,#4846);
#4845 = CARTESIAN_POINT('',(860.,0.,0.));
#4846 = VECTOR('',#4847,1.);
#4847 = DIRECTION('',(0.,0.,1.));
#4848 = PCURVE('',#4849,#4854);
#4849 = PLANE('',#4850);
#4850 = AXIS2_PLACEMENT_3D('',#4851,#4852,#4853);
#4851 = CARTESIAN_POINT('',(860.,0.,0.));
#4852 = DIRECTION('',(1.,0.,-0.));
#4853 = DIRECTION('',(0.,0.,1.));
#4854 = DEFINITIONAL_REPRESENTATION('',(#4855),#4859);
#4855 = LINE('',#4856,#4857);
#4856 = CARTESIAN_POINT('',(0.,0.));
#4857 = VECTOR('',#4858,1.);
#4858 = DIRECTION('',(1.,0.));
#4859 = ( GEOMETRIC_REPRESENTATION_CONTEXT(2) 
PARAMETRIC_REPRESENTATION_CONTEXT() REPRESENTATION_CONTEXT('2D SPACE',''
  ) );
#4860 = PCURVE('',#4741,#4861);
#4861 = DEFINITIONAL_REPRESENTATION('',(#4862),#4866);
#4862 = LINE('',#4863,#4864);
#4863 = CARTESIAN_POINT('',(0.,860.));
#4864 = VECTOR('',#4865,1.);
#4865 = DIRECTION('',(1.,0.));
#4866 = ( GEOMETRIC_REPRESENTATION_CONTEXT(2) 
PARAMETRIC_REPRESENTATION_CONTEXT() REPRESENTATION_CONTEXT('2D SPACE',''
  ) );
#4867 = ORIENTED_EDGE('',*,*,#4868,.T.);
#4868 = EDGE_CURVE('',#4839,#4869,#4871,.T.);
#4869 = VERTEX_POINT('',#4870);
#4870 = CARTESIAN_POINT('',(860.,56.,0.));
#4871 = SURFACE_CURVE('',#4872,(#4876,#4883),.PCURVE_S1.);
#4872 = LINE('',#4873,#4874);
#4873 = CARTESIAN_POINT('',(860.,0.,0.));
#4874 = VECTOR('',#4875,1.);
#4875 = DIRECTION('',(-0.,1.,0.));
#4876 = PCURVE('',#4849,#4877);
#4877 = DEFINITIONAL_REPRESENTATION('',(#4878),#4882);
#4878 = LINE('',#4879,#4880);
#4879 = CARTESIAN_POINT('',(0.,0.));
#4880 = VECTOR('',#4881,1.);
#4881 = DIRECTION('',(0.,-1.));
#4882 = ( GEOMETRIC_REPRESENTATION_CONTEXT(2) 
PARAMETRIC_REPRESENTATION_CONTEXT() REPRESENTATION_CONTEXT('2D SPACE',''
  ) );
#4883 = PCURVE('',#4769,#4884);
#4884 = DEFINITIONAL_REPRESENTATION('',(#4885),#4889);
#4885 = LINE('',#4886,#4887);
#4886 = CARTESIAN_POINT('',(860.,0.));
#4887 = VECTOR('',#4888,1.);
#4888 = DIRECTION('',(0.,1.));
#4889 = ( GEOMETRIC_REPRESENTATION_CONTEXT(2) 
PARAMETRIC_REPRESENTATION_CONTEXT() REPRESENTATION_CONTEXT('2D SPACE',''
  ) );
#4890 = ORIENTED_EDGE('',*,*,#4891,.T.);
#4891 = EDGE_CURVE('',#4869,#4892,#4894,.T.);
#4892 = VERTEX_POINT('',#4893);
#4893 = CARTESIAN_POINT('',(860.,56.,88.));
#4894 = SURFACE_CURVE('',#4895,(#4899,#4906),.PCURVE_S1.);
#4895 = LINE('',#4896,#4897);
#4896 = CARTESIAN_POINT('',(860.,56.,0.));
#4897 = VECTOR('',#4898,1.);
#4898 = DIRECTION('',(0.,0.,1.));
#4899 = PCURVE('',#4849,#4900);
#4900 = DEFINITIONAL_REPRESENTATION('',(#4901),#4905);
#4901 = LINE('',#4902,#4903);
#4902 = CARTESIAN_POINT('',(0.,-56.));
#4903 = VECTOR('',#4904,1.);
#4904 = DIRECTION('',(1.,0.));
#4905 = ( GEOMETRIC_REPRESENTATION_CONTEXT(2) 
PARAMETRIC_REPRESENTATION_CONTEXT() REPRESENTATION_CONTEXT('2D SPACE',''
  ) );
#4906 = PCURVE('',#4797,#4907);
#4907 = DEFINITIONAL_REPRESENTATION('',(#4908),#4912);
#4908 = LINE('',#4909,#4910);
#4909 = CARTESIAN_POINT('',(0.,860.));
#4910 = VECTOR('',#4911,1.);
#4911 = DIRECTION('',(1.,0.));
#4912 = ( GEOMETRIC_REPRESENTATION_CONTEXT(2) 
PARAMETRIC_REPRESENTATION_CONTEXT() REPRESENTATION_CONTEXT('2D SPACE',''
  ) );
#4913 = ORIENTED_EDGE('',*,*,#4914,.F.);
#4914 = EDGE_CURVE('',#4841,#4892,#4915,.T.);
#4915 = SURFACE_CURVE('',#4916,(#4920,#4927),.PCURVE_S1.);
#4916 = LINE('',#4917,#4918);
#4917 = CARTESIAN_POINT('',(860.,0.,88.));
#4918 = VECTOR('',#4919,1.);
#4919 = DIRECTION('',(-0.,1.,0.));
#4920 = PCURVE('',#4849,#4921);
#4921 = DEFINITIONAL_REPRESENTATION('',(#4922),#4926);
#4922 = LINE('',#4923,#4924);
#4923 = CARTESIAN_POINT('',(88.,0.));
#4924 = VECTOR('',#4925,1.);
#4925 = DIRECTION('',(0.,-1.));
#4926 = ( GEOMETRIC_REPRESENTATION_CONTEXT(2) 
PARAMETRIC_REPRESENTATION_CONTEXT() REPRESENTATION_CONTEXT('2D SPACE',''
  ) );
#4927 = PCURVE('',#4823,#4928);
#4928 = DEFINITIONAL_REPRESENTATION('',(#4929),#4933);
#4929 = LINE('',#4930,#4931);
#4930 = CARTESIAN_POINT('',(860.,0.));
#4931 = VECTOR('',#4932,1.);
#4932 = DIRECTION('',(0.,1.));
#4933 = ( GEOMETRIC_REPRESENTATION_CONTEXT(2) 
PARAMETRIC_REPRESENTATION_CONTEXT() REPRESENTATION_CONTEXT('2D SPACE',''
  ) );
#4934 = ADVANCED_FACE('',(#4935),#4741,.F.);
#4935 = FACE_BOUND('',#4936,.F.);
#4936 = EDGE_LOOP('',(#4937,#4958,#4959,#4980));
#4937 = ORIENTED_EDGE('',*,*,#4938,.F.);
#4938 = EDGE_CURVE('',#4719,#4839,#4939,.T.);
#4939 = SURFACE_CURVE('',#4940,(#4944,#4951),.PCURVE_S1.);
#4940 = LINE('',#4941,#4942);
#4941 = CARTESIAN_POINT('',(0.,0.,0.));
#4942 = VECTOR('',#4943,1.);
#4943 = DIRECTION('',(1.,0.,-0.));
#4944 = PCURVE('',#4741,#4945);
#4945 = DEFINITIONAL_REPRESENTATION('',(#4946),#4950);
#4946 = LINE('',#4947,#4948);
#4947 = CARTESIAN_POINT('',(0.,0.));
#4948 = VECTOR('',#4949,1.);
#4949 = DIRECTION('',(0.,1.));
#4950 = ( GEOMETRIC_REPRESENTATION_CONTEXT(2) 
PARAMETRIC_REPRESENTATION_CONTEXT() REPRESENTATION_CONTEXT('2D SPACE',''
  ) );
#4951 = PCURVE('',#4769,#4952);
#4952 = DEFINITIONAL_REPRESENTATION('',(#4953),#4957);
#4953 = LINE('',#4954,#4955);
#4954 = CARTESIAN_POINT('',(0.,0.));
#4955 = VECTOR('',#4956,1.);
#4956 = DIRECTION('',(1.,0.));
#4957 = ( GEOMETRIC_REPRESENTATION_CONTEXT(2) 
PARAMETRIC_REPRESENTATION_CONTEXT() REPRESENTATION_CONTEXT('2D SPACE',''
  ) );
#4958 = ORIENTED_EDGE('',*,*,#4718,.T.);
#4959 = ORIENTED_EDGE('',*,*,#4960,.T.);
#4960 = EDGE_CURVE('',#4721,#4841,#4961,.T.);
#4961 = SURFACE_CURVE('',#4962,(#4966,#4973),.PCURVE_S1.);
#4962 = LINE('',#4963,#4964);
#4963 = CARTESIAN_POINT('',(0.,0.,88.));
#4964 = VECTOR('',#4965,1.);
#4965 = DIRECTION('',(1.,0.,-0.));
#4966 = PCURVE('',#4741,#4967);
#4967 = DEFINITIONAL_REPRESENTATION('',(#4968),#4972);
#4968 = LINE('',#4969,#4970);
#4969 = CARTESIAN_POINT('',(88.,0.));
#4970 = VECTOR('',#4971,1.);
#4971 = DIRECTION('',(0.,1.));
#4972 = ( GEOMETRIC_REPRESENTATION_CONTEXT(2) 
PARAMETRIC_REPRESENTATION_CONTEXT() REPRESENTATION_CONTEXT('2D SPACE',''
  ) );
#4973 = PCURVE('',#4823,#4974);
#4974 = DEFINITIONAL_REPRESENTATION('',(#4975),#4979);
#4975 = LINE('',#4976,#4977);
#4976 = CARTESIAN_POINT('',(0.,0.));
#4977 = VECTOR('',#4978,1.);
#4978 = DIRECTION('',(1.,0.));
#4979 = ( GEOMETRIC_REPRESENTATION_CONTEXT(2) 
PARAMETRIC_REPRESENTATION_CONTEXT() REPRESENTATION_CONTEXT('2D SPACE',''
  ) );
#4980 = ORIENTED_EDGE('',*,*,#4838,.F.);
#4981 = ADVANCED_FACE('',(#4982),#4797,.T.);
#4982 = FACE_BOUND('',#4983,.T.);
#4983 = EDGE_LOOP('',(#4984,#5005,#5006,#5027));
#4984 = ORIENTED_EDGE('',*,*,#4985,.F.);
#4985 = EDGE_CURVE('',#4754,#4869,#4986,.T.);
#4986 = SURFACE_CURVE('',#4987,(#4991,#4998),.PCURVE_S1.);
#4987 = LINE('',#4988,#4989);
#4988 = CARTESIAN_POINT('',(0.,56.,0.));
#4989 = VECTOR('',#4990,1.);
#4990 = DIRECTION('',(1.,0.,-0.));
#4991 = PCURVE('',#4797,#4992);
#4992 = DEFINITIONAL_REPRESENTATION('',(#4993),#4997);
#4993 = LINE('',#4994,#4995);
#4994 = CARTESIAN_POINT('',(0.,0.));
#4995 = VECTOR('',#4996,1.);
#4996 = DIRECTION('',(0.,1.));
#4997 = ( GEOMETRIC_REPRESENTATION_CONTEXT(2) 
PARAMETRIC_REPRESENTATION_CONTEXT() REPRESENTATION_CONTEXT('2D SPACE',''
  ) );
#4998 = PCURVE('',#4769,#4999);
#4999 = DEFINITIONAL_REPRESENTATION('',(#5000),#5004);
#5000 = LINE('',#5001,#5002);
#5001 = CARTESIAN_POINT('',(0.,56.));
#5002 = VECTOR('',#5003,1.);
#5003 = DIRECTION('',(1.,0.));
#5004 = ( GEOMETRIC_REPRESENTATION_CONTEXT(2) 
PARAMETRIC_REPRESENTATION_CONTEXT() REPRESENTATION_CONTEXT('2D SPACE',''
  ) );
#5005 = ORIENTED_EDGE('',*,*,#4781,.T.);
#5006 = ORIENTED_EDGE('',*,*,#5007,.T.);
#5007 = EDGE_CURVE('',#4782,#4892,#5008,.T.);
#5008 = SURFACE_CURVE('',#5009,(#5013,#5020),.PCURVE_S1.);
#5009 = LINE('',#5010,#5011);
#5010 = CARTESIAN_POINT('',(0.,56.,88.));
#5011 = VECTOR('',#5012,1.);
#5012 = DIRECTION('',(1.,0.,-0.));
#5013 = PCURVE('',#4797,#5014);
#5014 = DEFINITIONAL_REPRESENTATION('',(#5015),#5019);
#5015 = LINE('',#5016,#5017);
#5016 = CARTESIAN_POINT('',(88.,0.));
#5017 = VECTOR('',#5018,1.);
#5018 = DIRECTION('',(0.,1.));
#5019 = ( GEOMETRIC_REPRESENTATION_CONTEXT(2) 
PARAMETRIC_REPRESENTATION_CONTEXT() REPRESENTATION_CONTEXT('2D SPACE',''
  ) );
#5020 = PCURVE('',#4823,#5021);
#5021 = DEFINITIONAL_REPRESENTATION('',(#5022),#5026);
#5022 = LINE('',#5023,#5024);
#5023 = CARTESIAN_POINT('',(0.,56.));
#5024 = VECTOR('',#5025,1.);
#5025 = DIRECTION('',(1.,0.));
#5026 = ( GEOMETRIC_REPRESENTATION_CONTEXT(2) 
PARAMETRIC_REPRESENTATION_CONTEXT() REPRESENTATION_CONTEXT('2D SPACE',''
  ) );
#5027 = ORIENTED_EDGE('',*,*,#4891,.F.);
#5028 = ADVANCED_FACE('',(#5029),#4769,.F.);
#5029 = FACE_BOUND('',#5030,.F.);
#5030 = EDGE_LOOP('',(#5031,#5032,#5033,#5034));
#5031 = ORIENTED_EDGE('',*,*,#4753,.F.);
#5032 = ORIENTED_EDGE('',*,*,#4938,.T.);
#5033 = ORIENTED_EDGE('',*,*,#4868,.T.);
#5034 = ORIENTED_EDGE('',*,*,#4985,.F.);
#5035 = ADVANCED_FACE('',(#5036),#4823,.T.);
#5036 = FACE_BOUND('',#5037,.T.);
#5037 = EDGE_LOOP('',(#5038,#5039,#5040,#5041));
#5038 = ORIENTED_EDGE('',*,*,#4809,.F.);
#5039 = ORIENTED_EDGE('',*,*,#4960,.T.);
#5040 = ORIENTED_EDGE('',*,*,#4914,.T.);
#5041 = ORIENTED_EDGE('',*,*,#5007,.F.);
#5042 = ( GEOMETRIC_REPRESENTATION_CONTEXT(3) 
GLOBAL_UNCERTAINTY_ASSIGNED_CONTEXT((#5046)) 
GLOBAL_UNIT_ASSIGNED_CONTEXT((#5043,#5044,#5045)) REPRESENTATION_CONTEXT
('Context #1','3D Context with UNIT and UNCERTAINTY') );
#5043 = ( LENGTH_UNIT() NAMED_UNIT(*) SI_UNIT(.MILLI.,.METRE.) );
#5044 = ( NAMED_UNIT(*) PLANE_ANGLE_UNIT() SI_UNIT($,.RADIAN.) );
#5045 = ( NAMED_UNIT(*) SI_UNIT($,.STERADIAN.) SOLID_ANGLE_UNIT() );
#5046 = UNCERTAINTY_MEASURE_WITH_UNIT(LENGTH_MEASURE(1.E-07),#5043,
  'distance_accuracy_value','confusion accuracy');
#5047 = CONTEXT_DEPENDENT_SHAPE_REPRESENTATION(#5048,#5050);
#5048 = ( REPRESENTATION_RELATIONSHIP('','',#4711,#4688) 
REPRESENTATION_RELATIONSHIP_WITH_TRANSFORMATION(#5049) 
SHAPE_REPRESENTATION_RELATIONSHIP() );
#5049 = ITEM_DEFINED_TRANSFORMATION('','',#11,#4689);
#5050 = PRODUCT_DEFINITION_SHAPE('Placement','Placement of an item',
  #5051);
#5051 = NEXT_ASSEMBLY_USAGE_OCCURRENCE('99','=>[0:1:1:37]','',#4683,
  #4706,$);
#5052 = PRODUCT_RELATED_PRODUCT_CATEGORY('part',$,(#4708));
#5053 = SHAPE_DEFINITION_REPRESENTATION(#5054,#5060);
#5054 = PRODUCT_DEFINITION_SHAPE('','',#5055);
#5055 = PRODUCT_DEFINITION('design','',#5056,#5059);
#5056 = PRODUCT_DEFINITION_FORMATION('','',#5057);
#5057 = PRODUCT('right_front_covered_wheel_spoke_01',
  'right_front_covered_wheel_spoke_01','',(#5058));
#5058 = PRODUCT_CONTEXT('',#2,'mechanical');
#5059 = PRODUCT_DEFINITION_CONTEXT('part definition',#2,'design');
#5060 = SHAPE_REPRESENTATION('',(#11,#5061),#5065);
#5061 = AXIS2_PLACEMENT_3D('',#5062,#5063,#5064);
#5062 = CARTESIAN_POINT('',(-22.,-173.5,-216.2));
#5063 = DIRECTION('',(0.,0.,1.));
#5064 = DIRECTION('',(1.,0.,0.));
#5065 = ( GEOMETRIC_REPRESENTATION_CONTEXT(3) 
GLOBAL_UNCERTAINTY_ASSIGNED_CONTEXT((#5069)) 
GLOBAL_UNIT_ASSIGNED_CONTEXT((#5066,#5067,#5068)) REPRESENTATION_CONTEXT
('Context #1','3D Context with UNIT and UNCERTAINTY') );
#5066 = ( LENGTH_UNIT() NAMED_UNIT(*) SI_UNIT(.MILLI.,.METRE.) );
#5067 = ( NAMED_UNIT(*) PLANE_ANGLE_UNIT() SI_UNIT($,.RADIAN.) );
#5068 = ( NAMED_UNIT(*) SI_UNIT($,.STERADIAN.) SOLID_ANGLE_UNIT() );
#5069 = UNCERTAINTY_MEASURE_WITH_UNIT(LENGTH_MEASURE(1.E-07),#5066,
  'distance_accuracy_value','confusion accuracy');
#5070 = CONTEXT_DEPENDENT_SHAPE_REPRESENTATION(#5071,#5073);
#5071 = ( REPRESENTATION_RELATIONSHIP('','',#5060,#10) 
REPRESENTATION_RELATIONSHIP_WITH_TRANSFORMATION(#5072) 
SHAPE_REPRESENTATION_RELATIONSHIP() );
#5072 = ITEM_DEFINED_TRANSFORMATION('','',#11,#87);
#5073 = PRODUCT_DEFINITION_SHAPE('Placement','Placement of an item',
  #5074);
#5074 = NEXT_ASSEMBLY_USAGE_OCCURRENCE('102','=>[0:1:1:38]','',#5,#5055,
  $);
#5075 = PRODUCT_RELATED_PRODUCT_CATEGORY('part',$,(#5057));
#5076 = SHAPE_DEFINITION_REPRESENTATION(#5077,#5083);
#5077 = PRODUCT_DEFINITION_SHAPE('','',#5078);
#5078 = PRODUCT_DEFINITION('design','',#5079,#5082);
#5079 = PRODUCT_DEFINITION_FORMATION('','',#5080);
#5080 = PRODUCT('SOLID','SOLID','',(#5081));
#5081 = PRODUCT_CONTEXT('',#2,'mechanical');
#5082 = PRODUCT_DEFINITION_CONTEXT('part definition',#2,'design');
#5083 = ADVANCED_BREP_SHAPE_REPRESENTATION('',(#11,#5084),#5414);
#5084 = MANIFOLD_SOLID_BREP('',#5085);
#5085 = CLOSED_SHELL('',(#5086,#5206,#5306,#5353,#5400,#5407));
#5086 = ADVANCED_FACE('',(#5087),#5101,.F.);
#5087 = FACE_BOUND('',#5088,.F.);
#5088 = EDGE_LOOP('',(#5089,#5124,#5152,#5180));
#5089 = ORIENTED_EDGE('',*,*,#5090,.F.);
#5090 = EDGE_CURVE('',#5091,#5093,#5095,.T.);
#5091 = VERTEX_POINT('',#5092);
#5092 = CARTESIAN_POINT('',(0.,0.,0.));
#5093 = VERTEX_POINT('',#5094);
#5094 = CARTESIAN_POINT('',(0.,0.,432.4));
#5095 = SURFACE_CURVE('',#5096,(#5100,#5112),.PCURVE_S1.);
#5096 = LINE('',#5097,#5098);
#5097 = CARTESIAN_POINT('',(0.,0.,0.));
#5098 = VECTOR('',#5099,1.);
#5099 = DIRECTION('',(0.,0.,1.));
#5100 = PCURVE('',#5101,#5106);
#5101 = PLANE('',#5102);
#5102 = AXIS2_PLACEMENT_3D('',#5103,#5104,#5105);
#5103 = CARTESIAN_POINT('',(0.,0.,0.));
#5104 = DIRECTION('',(1.,0.,-0.));
#5105 = DIRECTION('',(0.,0.,1.));
#5106 = DEFINITIONAL_REPRESENTATION('',(#5107),#5111);
#5107 = LINE('',#5108,#5109);
#5108 = CARTESIAN_POINT('',(0.,0.));
#5109 = VECTOR('',#5110,1.);
#5110 = DIRECTION('',(1.,0.));
#5111 = ( GEOMETRIC_REPRESENTATION_CONTEXT(2) 
PARAMETRIC_REPRESENTATION_CONTEXT() REPRESENTATION_CONTEXT('2D SPACE',''
  ) );
#5112 = PCURVE('',#5113,#5118);
#5113 = PLANE('',#5114);
#5114 = AXIS2_PLACEMENT_3D('',#5115,#5116,#5117);
#5115 = CARTESIAN_POINT('',(0.,0.,0.));
#5116 = DIRECTION('',(-0.,1.,0.));
#5117 = DIRECTION('',(0.,0.,1.));
#5118 = DEFINITIONAL_REPRESENTATION('',(#5119),#5123);
#5119 = LINE('',#5120,#5121);
#5120 = CARTESIAN_POINT('',(0.,0.));
#5121 = VECTOR('',#5122,1.);
#5122 = DIRECTION('',(1.,0.));
#5123 = ( GEOMETRIC_REPRESENTATION_CONTEXT(2) 
PARAMETRIC_REPRESENTATION_CONTEXT() REPRESENTATION_CONTEXT('2D SPACE',''
  ) );
#5124 = ORIENTED_EDGE('',*,*,#5125,.T.);
#5125 = EDGE_CURVE('',#5091,#5126,#5128,.T.);
#5126 = VERTEX_POINT('',#5127);
#5127 = CARTESIAN_POINT('',(0.,347.,0.));
#5128 = SURFACE_CURVE('',#5129,(#5133,#5140),.PCURVE_S1.);
#5129 = LINE('',#5130,#5131);
#5130 = CARTESIAN_POINT('',(0.,0.,0.));
#5131 = VECTOR('',#5132,1.);
#5132 = DIRECTION('',(-0.,1.,0.));
#5133 = PCURVE('',#5101,#5134);
#5134 = DEFINITIONAL_REPRESENTATION('',(#5135),#5139);
#5135 = LINE('',#5136,#5137);
#5136 = CARTESIAN_POINT('',(0.,0.));
#5137 = VECTOR('',#5138,1.);
#5138 = DIRECTION('',(0.,-1.));
#5139 = ( GEOMETRIC_REPRESENTATION_CONTEXT(2) 
PARAMETRIC_REPRESENTATION_CONTEXT() REPRESENTATION_CONTEXT('2D SPACE',''
  ) );
#5140 = PCURVE('',#5141,#5146);
#5141 = PLANE('',#5142);
#5142 = AXIS2_PLACEMENT_3D('',#5143,#5144,#5145);
#5143 = CARTESIAN_POINT('',(0.,0.,0.));
#5144 = DIRECTION('',(0.,0.,1.));
#5145 = DIRECTION('',(1.,0.,-0.));
#5146 = DEFINITIONAL_REPRESENTATION('',(#5147),#5151);
#5147 = LINE('',#5148,#5149);
#5148 = CARTESIAN_POINT('',(0.,0.));
#5149 = VECTOR('',#5150,1.);
#5150 = DIRECTION('',(0.,1.));
#5151 = ( GEOMETRIC_REPRESENTATION_CONTEXT(2) 
PARAMETRIC_REPRESENTATION_CONTEXT() REPRESENTATION_CONTEXT('2D SPACE',''
  ) );
#5152 = ORIENTED_EDGE('',*,*,#5153,.T.);
#5153 = EDGE_CURVE('',#5126,#5154,#5156,.T.);
#5154 = VERTEX_POINT('',#5155);
#5155 = CARTESIAN_POINT('',(0.,347.,432.4));
#5156 = SURFACE_CURVE('',#5157,(#5161,#5168),.PCURVE_S1.);
#5157 = LINE('',#5158,#5159);
#5158 = CARTESIAN_POINT('',(0.,347.,0.));
#5159 = VECTOR('',#5160,1.);
#5160 = DIRECTION('',(0.,0.,1.));
#5161 = PCURVE('',#5101,#5162);
#5162 = DEFINITIONAL_REPRESENTATION('',(#5163),#5167);
#5163 = LINE('',#5164,#5165);
#5164 = CARTESIAN_POINT('',(0.,-347.));
#5165 = VECTOR('',#5166,1.);
#5166 = DIRECTION('',(1.,0.));
#5167 = ( GEOMETRIC_REPRESENTATION_CONTEXT(2) 
PARAMETRIC_REPRESENTATION_CONTEXT() REPRESENTATION_CONTEXT('2D SPACE',''
  ) );
#5168 = PCURVE('',#5169,#5174);
#5169 = PLANE('',#5170);
#5170 = AXIS2_PLACEMENT_3D('',#5171,#5172,#5173);
#5171 = CARTESIAN_POINT('',(0.,347.,0.));
#5172 = DIRECTION('',(-0.,1.,0.));
#5173 = DIRECTION('',(0.,0.,1.));
#5174 = DEFINITIONAL_REPRESENTATION('',(#5175),#5179);
#5175 = LINE('',#5176,#5177);
#5176 = CARTESIAN_POINT('',(0.,0.));
#5177 = VECTOR('',#5178,1.);
#5178 = DIRECTION('',(1.,0.));
#5179 = ( GEOMETRIC_REPRESENTATION_CONTEXT(2) 
PARAMETRIC_REPRESENTATION_CONTEXT() REPRESENTATION_CONTEXT('2D SPACE',''
  ) );
#5180 = ORIENTED_EDGE('',*,*,#5181,.F.);
#5181 = EDGE_CURVE('',#5093,#5154,#5182,.T.);
#5182 = SURFACE_CURVE('',#5183,(#5187,#5194),.PCURVE_S1.);
#5183 = LINE('',#5184,#5185);
#5184 = CARTESIAN_POINT('',(0.,0.,432.4));
#5185 = VECTOR('',#5186,1.);
#5186 = DIRECTION('',(-0.,1.,0.));
#5187 = PCURVE('',#5101,#5188);
#5188 = DEFINITIONAL_REPRESENTATION('',(#5189),#5193);
#5189 = LINE('',#5190,#5191);
#5190 = CARTESIAN_POINT('',(432.4,0.));
#5191 = VECTOR('',#5192,1.);
#5192 = DIRECTION('',(0.,-1.));
#5193 = ( GEOMETRIC_REPRESENTATION_CONTEXT(2) 
PARAMETRIC_REPRESENTATION_CONTEXT() REPRESENTATION_CONTEXT('2D SPACE',''
  ) );
#5194 = PCURVE('',#5195,#5200);
#5195 = PLANE('',#5196);
#5196 = AXIS2_PLACEMENT_3D('',#5197,#5198,#5199);
#5197 = CARTESIAN_POINT('',(0.,0.,432.4));
#5198 = DIRECTION('',(0.,0.,1.));
#5199 = DIRECTION('',(1.,0.,-0.));
#5200 = DEFINITIONAL_REPRESENTATION('',(#5201),#5205);
#5201 = LINE('',#5202,#5203);
#5202 = CARTESIAN_POINT('',(0.,0.));
#5203 = VECTOR('',#5204,1.);
#5204 = DIRECTION('',(0.,1.));
#5205 = ( GEOMETRIC_REPRESENTATION_CONTEXT(2) 
PARAMETRIC_REPRESENTATION_CONTEXT() REPRESENTATION_CONTEXT('2D SPACE',''
  ) );
#5206 = ADVANCED_FACE('',(#5207),#5221,.T.);
#5207 = FACE_BOUND('',#5208,.T.);
#5208 = EDGE_LOOP('',(#5209,#5239,#5262,#5285));
#5209 = ORIENTED_EDGE('',*,*,#5210,.F.);
#5210 = EDGE_CURVE('',#5211,#5213,#5215,.T.);
#5211 = VERTEX_POINT('',#5212);
#5212 = CARTESIAN_POINT('',(44.,0.,0.));
#5213 = VERTEX_POINT('',#5214);
#5214 = CARTESIAN_POINT('',(44.,0.,432.4));
#5215 = SURFACE_CURVE('',#5216,(#5220,#5232),.PCURVE_S1.);
#5216 = LINE('',#5217,#5218);
#5217 = CARTESIAN_POINT('',(44.,0.,0.));
#5218 = VECTOR('',#5219,1.);
#5219 = DIRECTION('',(0.,0.,1.));
#5220 = PCURVE('',#5221,#5226);
#5221 = PLANE('',#5222);
#5222 = AXIS2_PLACEMENT_3D('',#5223,#5224,#5225);
#5223 = CARTESIAN_POINT('',(44.,0.,0.));
#5224 = DIRECTION('',(1.,0.,-0.));
#5225 = DIRECTION('',(0.,0.,1.));
#5226 = DEFINITIONAL_REPRESENTATION('',(#5227),#5231);
#5227 = LINE('',#5228,#5229);
#5228 = CARTESIAN_POINT('',(0.,0.));
#5229 = VECTOR('',#5230,1.);
#5230 = DIRECTION('',(1.,0.));
#5231 = ( GEOMETRIC_REPRESENTATION_CONTEXT(2) 
PARAMETRIC_REPRESENTATION_CONTEXT() REPRESENTATION_CONTEXT('2D SPACE',''
  ) );
#5232 = PCURVE('',#5113,#5233);
#5233 = DEFINITIONAL_REPRESENTATION('',(#5234),#5238);
#5234 = LINE('',#5235,#5236);
#5235 = CARTESIAN_POINT('',(0.,44.));
#5236 = VECTOR('',#5237,1.);
#5237 = DIRECTION('',(1.,0.));
#5238 = ( GEOMETRIC_REPRESENTATION_CONTEXT(2) 
PARAMETRIC_REPRESENTATION_CONTEXT() REPRESENTATION_CONTEXT('2D SPACE',''
  ) );
#5239 = ORIENTED_EDGE('',*,*,#5240,.T.);
#5240 = EDGE_CURVE('',#5211,#5241,#5243,.T.);
#5241 = VERTEX_POINT('',#5242);
#5242 = CARTESIAN_POINT('',(44.,347.,0.));
#5243 = SURFACE_CURVE('',#5244,(#5248,#5255),.PCURVE_S1.);
#5244 = LINE('',#5245,#5246);
#5245 = CARTESIAN_POINT('',(44.,0.,0.));
#5246 = VECTOR('',#5247,1.);
#5247 = DIRECTION('',(-0.,1.,0.));
#5248 = PCURVE('',#5221,#5249);
#5249 = DEFINITIONAL_REPRESENTATION('',(#5250),#5254);
#5250 = LINE('',#5251,#5252);
#5251 = CARTESIAN_POINT('',(0.,0.));
#5252 = VECTOR('',#5253,1.);
#5253 = DIRECTION('',(0.,-1.));
#5254 = ( GEOMETRIC_REPRESENTATION_CONTEXT(2) 
PARAMETRIC_REPRESENTATION_CONTEXT() REPRESENTATION_CONTEXT('2D SPACE',''
  ) );
#5255 = PCURVE('',#5141,#5256);
#5256 = DEFINITIONAL_REPRESENTATION('',(#5257),#5261);
#5257 = LINE('',#5258,#5259);
#5258 = CARTESIAN_POINT('',(44.,0.));
#5259 = VECTOR('',#5260,1.);
#5260 = DIRECTION('',(0.,1.));
#5261 = ( GEOMETRIC_REPRESENTATION_CONTEXT(2) 
PARAMETRIC_REPRESENTATION_CONTEXT() REPRESENTATION_CONTEXT('2D SPACE',''
  ) );
#5262 = ORIENTED_EDGE('',*,*,#5263,.T.);
#5263 = EDGE_CURVE('',#5241,#5264,#5266,.T.);
#5264 = VERTEX_POINT('',#5265);
#5265 = CARTESIAN_POINT('',(44.,347.,432.4));
#5266 = SURFACE_CURVE('',#5267,(#5271,#5278),.PCURVE_S1.);
#5267 = LINE('',#5268,#5269);
#5268 = CARTESIAN_POINT('',(44.,347.,0.));
#5269 = VECTOR('',#5270,1.);
#5270 = DIRECTION('',(0.,0.,1.));
#5271 = PCURVE('',#5221,#5272);
#5272 = DEFINITIONAL_REPRESENTATION('',(#5273),#5277);
#5273 = LINE('',#5274,#5275);
#5274 = CARTESIAN_POINT('',(0.,-347.));
#5275 = VECTOR('',#5276,1.);
#5276 = DIRECTION('',(1.,0.));
#5277 = ( GEOMETRIC_REPRESENTATION_CONTEXT(2) 
PARAMETRIC_REPRESENTATION_CONTEXT() REPRESENTATION_CONTEXT('2D SPACE',''
  ) );
#5278 = PCURVE('',#5169,#5279);
#5279 = DEFINITIONAL_REPRESENTATION('',(#5280),#5284);
#5280 = LINE('',#5281,#5282);
#5281 = CARTESIAN_POINT('',(0.,44.));
#5282 = VECTOR('',#5283,1.);
#5283 = DIRECTION('',(1.,0.));
#5284 = ( GEOMETRIC_REPRESENTATION_CONTEXT(2) 
PARAMETRIC_REPRESENTATION_CONTEXT() REPRESENTATION_CONTEXT('2D SPACE',''
  ) );
#5285 = ORIENTED_EDGE('',*,*,#5286,.F.);
#5286 = EDGE_CURVE('',#5213,#5264,#5287,.T.);
#5287 = SURFACE_CURVE('',#5288,(#5292,#5299),.PCURVE_S1.);
#5288 = LINE('',#5289,#5290);
#5289 = CARTESIAN_POINT('',(44.,0.,432.4));
#5290 = VECTOR('',#5291,1.);
#5291 = DIRECTION('',(-0.,1.,0.));
#5292 = PCURVE('',#5221,#5293);
#5293 = DEFINITIONAL_REPRESENTATION('',(#5294),#5298);
#5294 = LINE('',#5295,#5296);
#5295 = CARTESIAN_POINT('',(432.4,0.));
#5296 = VECTOR('',#5297,1.);
#5297 = DIRECTION('',(0.,-1.));
#5298 = ( GEOMETRIC_REPRESENTATION_CONTEXT(2) 
PARAMETRIC_REPRESENTATION_CONTEXT() REPRESENTATION_CONTEXT('2D SPACE',''
  ) );
#5299 = PCURVE('',#5195,#5300);
#5300 = DEFINITIONAL_REPRESENTATION('',(#5301),#5305);
#5301 = LINE('',#5302,#5303);
#5302 = CARTESIAN_POINT('',(44.,0.));
#5303 = VECTOR('',#5304,1.);
#5304 = DIRECTION('',(0.,1.));
#5305 = ( GEOMETRIC_REPRESENTATION_CONTEXT(2) 
PARAMETRIC_REPRESENTATION_CONTEXT() REPRESENTATION_CONTEXT('2D SPACE',''
  ) );
#5306 = ADVANCED_FACE('',(#5307),#5113,.F.);
#5307 = FACE_BOUND('',#5308,.F.);
#5308 = EDGE_LOOP('',(#5309,#5330,#5331,#5352));
#5309 = ORIENTED_EDGE('',*,*,#5310,.F.);
#5310 = EDGE_CURVE('',#5091,#5211,#5311,.T.);
#5311 = SURFACE_CURVE('',#5312,(#5316,#5323),.PCURVE_S1.);
#5312 = LINE('',#5313,#5314);
#5313 = CARTESIAN_POINT('',(0.,0.,0.));
#5314 = VECTOR('',#5315,1.);
#5315 = DIRECTION('',(1.,0.,-0.));
#5316 = PCURVE('',#5113,#5317);
#5317 = DEFINITIONAL_REPRESENTATION('',(#5318),#5322);
#5318 = LINE('',#5319,#5320);
#5319 = CARTESIAN_POINT('',(0.,0.));
#5320 = VECTOR('',#5321,1.);
#5321 = DIRECTION('',(0.,1.));
#5322 = ( GEOMETRIC_REPRESENTATION_CONTEXT(2) 
PARAMETRIC_REPRESENTATION_CONTEXT() REPRESENTATION_CONTEXT('2D SPACE',''
  ) );
#5323 = PCURVE('',#5141,#5324);
#5324 = DEFINITIONAL_REPRESENTATION('',(#5325),#5329);
#5325 = LINE('',#5326,#5327);
#5326 = CARTESIAN_POINT('',(0.,0.));
#5327 = VECTOR('',#5328,1.);
#5328 = DIRECTION('',(1.,0.));
#5329 = ( GEOMETRIC_REPRESENTATION_CONTEXT(2) 
PARAMETRIC_REPRESENTATION_CONTEXT() REPRESENTATION_CONTEXT('2D SPACE',''
  ) );
#5330 = ORIENTED_EDGE('',*,*,#5090,.T.);
#5331 = ORIENTED_EDGE('',*,*,#5332,.T.);
#5332 = EDGE_CURVE('',#5093,#5213,#5333,.T.);
#5333 = SURFACE_CURVE('',#5334,(#5338,#5345),.PCURVE_S1.);
#5334 = LINE('',#5335,#5336);
#5335 = CARTESIAN_POINT('',(0.,0.,432.4));
#5336 = VECTOR('',#5337,1.);
#5337 = DIRECTION('',(1.,0.,-0.));
#5338 = PCURVE('',#5113,#5339);
#5339 = DEFINITIONAL_REPRESENTATION('',(#5340),#5344);
#5340 = LINE('',#5341,#5342);
#5341 = CARTESIAN_POINT('',(432.4,0.));
#5342 = VECTOR('',#5343,1.);
#5343 = DIRECTION('',(0.,1.));
#5344 = ( GEOMETRIC_REPRESENTATION_CONTEXT(2) 
PARAMETRIC_REPRESENTATION_CONTEXT() REPRESENTATION_CONTEXT('2D SPACE',''
  ) );
#5345 = PCURVE('',#5195,#5346);
#5346 = DEFINITIONAL_REPRESENTATION('',(#5347),#5351);
#5347 = LINE('',#5348,#5349);
#5348 = CARTESIAN_POINT('',(0.,0.));
#5349 = VECTOR('',#5350,1.);
#5350 = DIRECTION('',(1.,0.));
#5351 = ( GEOMETRIC_REPRESENTATION_CONTEXT(2) 
PARAMETRIC_REPRESENTATION_CONTEXT() REPRESENTATION_CONTEXT('2D SPACE',''
  ) );
#5352 = ORIENTED_EDGE('',*,*,#5210,.F.);
#5353 = ADVANCED_FACE('',(#5354),#5169,.T.);
#5354 = FACE_BOUND('',#5355,.T.);
#5355 = EDGE_LOOP('',(#5356,#5377,#5378,#5399));
#5356 = ORIENTED_EDGE('',*,*,#5357,.F.);
#5357 = EDGE_CURVE('',#5126,#5241,#5358,.T.);
#5358 = SURFACE_CURVE('',#5359,(#5363,#5370),.PCURVE_S1.);
#5359 = LINE('',#5360,#5361);
#5360 = CARTESIAN_POINT('',(0.,347.,0.));
#5361 = VECTOR('',#5362,1.);
#5362 = DIRECTION('',(1.,0.,-0.));
#5363 = PCURVE('',#5169,#5364);
#5364 = DEFINITIONAL_REPRESENTATION('',(#5365),#5369);
#5365 = LINE('',#5366,#5367);
#5366 = CARTESIAN_POINT('',(0.,0.));
#5367 = VECTOR('',#5368,1.);
#5368 = DIRECTION('',(0.,1.));
#5369 = ( GEOMETRIC_REPRESENTATION_CONTEXT(2) 
PARAMETRIC_REPRESENTATION_CONTEXT() REPRESENTATION_CONTEXT('2D SPACE',''
  ) );
#5370 = PCURVE('',#5141,#5371);
#5371 = DEFINITIONAL_REPRESENTATION('',(#5372),#5376);
#5372 = LINE('',#5373,#5374);
#5373 = CARTESIAN_POINT('',(0.,347.));
#5374 = VECTOR('',#5375,1.);
#5375 = DIRECTION('',(1.,0.));
#5376 = ( GEOMETRIC_REPRESENTATION_CONTEXT(2) 
PARAMETRIC_REPRESENTATION_CONTEXT() REPRESENTATION_CONTEXT('2D SPACE',''
  ) );
#5377 = ORIENTED_EDGE('',*,*,#5153,.T.);
#5378 = ORIENTED_EDGE('',*,*,#5379,.T.);
#5379 = EDGE_CURVE('',#5154,#5264,#5380,.T.);
#5380 = SURFACE_CURVE('',#5381,(#5385,#5392),.PCURVE_S1.);
#5381 = LINE('',#5382,#5383);
#5382 = CARTESIAN_POINT('',(0.,347.,432.4));
#5383 = VECTOR('',#5384,1.);
#5384 = DIRECTION('',(1.,0.,-0.));
#5385 = PCURVE('',#5169,#5386);
#5386 = DEFINITIONAL_REPRESENTATION('',(#5387),#5391);
#5387 = LINE('',#5388,#5389);
#5388 = CARTESIAN_POINT('',(432.4,0.));
#5389 = VECTOR('',#5390,1.);
#5390 = DIRECTION('',(0.,1.));
#5391 = ( GEOMETRIC_REPRESENTATION_CONTEXT(2) 
PARAMETRIC_REPRESENTATION_CONTEXT() REPRESENTATION_CONTEXT('2D SPACE',''
  ) );
#5392 = PCURVE('',#5195,#5393);
#5393 = DEFINITIONAL_REPRESENTATION('',(#5394),#5398);
#5394 = LINE('',#5395,#5396);
#5395 = CARTESIAN_POINT('',(0.,347.));
#5396 = VECTOR('',#5397,1.);
#5397 = DIRECTION('',(1.,0.));
#5398 = ( GEOMETRIC_REPRESENTATION_CONTEXT(2) 
PARAMETRIC_REPRESENTATION_CONTEXT() REPRESENTATION_CONTEXT('2D SPACE',''
  ) );
#5399 = ORIENTED_EDGE('',*,*,#5263,.F.);
#5400 = ADVANCED_FACE('',(#5401),#5141,.F.);
#5401 = FACE_BOUND('',#5402,.F.);
#5402 = EDGE_LOOP('',(#5403,#5404,#5405,#5406));
#5403 = ORIENTED_EDGE('',*,*,#5125,.F.);
#5404 = ORIENTED_EDGE('',*,*,#5310,.T.);
#5405 = ORIENTED_EDGE('',*,*,#5240,.T.);
#5406 = ORIENTED_EDGE('',*,*,#5357,.F.);
#5407 = ADVANCED_FACE('',(#5408),#5195,.T.);
#5408 = FACE_BOUND('',#5409,.T.);
#5409 = EDGE_LOOP('',(#5410,#5411,#5412,#5413));
#5410 = ORIENTED_EDGE('',*,*,#5181,.F.);
#5411 = ORIENTED_EDGE('',*,*,#5332,.T.);
#5412 = ORIENTED_EDGE('',*,*,#5286,.T.);
#5413 = ORIENTED_EDGE('',*,*,#5379,.F.);
#5414 = ( GEOMETRIC_REPRESENTATION_CONTEXT(3) 
GLOBAL_UNCERTAINTY_ASSIGNED_CONTEXT((#5418)) 
GLOBAL_UNIT_ASSIGNED_CONTEXT((#5415,#5416,#5417)) REPRESENTATION_CONTEXT
('Context #1','3D Context with UNIT and UNCERTAINTY') );
#5415 = ( LENGTH_UNIT() NAMED_UNIT(*) SI_UNIT(.MILLI.,.METRE.) );
#5416 = ( NAMED_UNIT(*) PLANE_ANGLE_UNIT() SI_UNIT($,.RADIAN.) );
#5417 = ( NAMED_UNIT(*) SI_UNIT($,.STERADIAN.) SOLID_ANGLE_UNIT() );
#5418 = UNCERTAINTY_MEASURE_WITH_UNIT(LENGTH_MEASURE(1.E-07),#5415,
  'distance_accuracy_value','confusion accuracy');
#5419 = CONTEXT_DEPENDENT_SHAPE_REPRESENTATION(#5420,#5422);
#5420 = ( REPRESENTATION_RELATIONSHIP('','',#5083,#5060) 
REPRESENTATION_RELATIONSHIP_WITH_TRANSFORMATION(#5421) 
SHAPE_REPRESENTATION_RELATIONSHIP() );
#5421 = ITEM_DEFINED_TRANSFORMATION('','',#11,#5061);
#5422 = PRODUCT_DEFINITION_SHAPE('Placement','Placement of an item',
  #5423);
#5423 = NEXT_ASSEMBLY_USAGE_OCCURRENCE('101','=>[0:1:1:39]','',#5055,
  #5078,$);
#5424 = PRODUCT_RELATED_PRODUCT_CATEGORY('part',$,(#5080));
#5425 = SHAPE_DEFINITION_REPRESENTATION(#5426,#5432);
#5426 = PRODUCT_DEFINITION_SHAPE('','',#5427);
#5427 = PRODUCT_DEFINITION('design','',#5428,#5431);
#5428 = PRODUCT_DEFINITION_FORMATION('','',#5429);
#5429 = PRODUCT('right_front_covered_wheel_spoke_02',
  'right_front_covered_wheel_spoke_02','',(#5430));
#5430 = PRODUCT_CONTEXT('',#2,'mechanical');
#5431 = PRODUCT_DEFINITION_CONTEXT('part definition',#2,'design');
#5432 = SHAPE_REPRESENTATION('',(#11,#5433),#5437);
#5433 = AXIS2_PLACEMENT_3D('',#5434,#5435,#5436);
#5434 = CARTESIAN_POINT('',(-22.,-173.5,-216.2));
#5435 = DIRECTION('',(0.,0.,1.));
#5436 = DIRECTION('',(1.,0.,0.));
#5437 = ( GEOMETRIC_REPRESENTATION_CONTEXT(3) 
GLOBAL_UNCERTAINTY_ASSIGNED_CONTEXT((#5441)) 
GLOBAL_UNIT_ASSIGNED_CONTEXT((#5438,#5439,#5440)) REPRESENTATION_CONTEXT
('Context #1','3D Context with UNIT and UNCERTAINTY') );
#5438 = ( LENGTH_UNIT() NAMED_UNIT(*) SI_UNIT(.MILLI.,.METRE.) );
#5439 = ( NAMED_UNIT(*) PLANE_ANGLE_UNIT() SI_UNIT($,.RADIAN.) );
#5440 = ( NAMED_UNIT(*) SI_UNIT($,.STERADIAN.) SOLID_ANGLE_UNIT() );
#5441 = UNCERTAINTY_MEASURE_WITH_UNIT(LENGTH_MEASURE(1.E-07),#5438,
  'distance_accuracy_value','confusion accuracy');
#5442 = CONTEXT_DEPENDENT_SHAPE_REPRESENTATION(#5443,#5445);
#5443 = ( REPRESENTATION_RELATIONSHIP('','',#5432,#10) 
REPRESENTATION_RELATIONSHIP_WITH_TRANSFORMATION(#5444) 
SHAPE_REPRESENTATION_RELATIONSHIP() );
#5444 = ITEM_DEFINED_TRANSFORMATION('','',#11,#91);
#5445 = PRODUCT_DEFINITION_SHAPE('Placement','Placement of an item',
  #5446);
#5446 = NEXT_ASSEMBLY_USAGE_OCCURRENCE('104','=>[0:1:1:40]','',#5,#5427,
  $);
#5447 = PRODUCT_RELATED_PRODUCT_CATEGORY('part',$,(#5429));
#5448 = SHAPE_DEFINITION_REPRESENTATION(#5449,#5455);
#5449 = PRODUCT_DEFINITION_SHAPE('','',#5450);
#5450 = PRODUCT_DEFINITION('design','',#5451,#5454);
#5451 = PRODUCT_DEFINITION_FORMATION('','',#5452);
#5452 = PRODUCT('SOLID','SOLID','',(#5453));
#5453 = PRODUCT_CONTEXT('',#2,'mechanical');
#5454 = PRODUCT_DEFINITION_CONTEXT('part definition',#2,'design');
#5455 = ADVANCED_BREP_SHAPE_REPRESENTATION('',(#11,#5456),#5786);
#5456 = MANIFOLD_SOLID_BREP('',#5457);
#5457 = CLOSED_SHELL('',(#5458,#5578,#5678,#5725,#5772,#5779));
#5458 = ADVANCED_FACE('',(#5459),#5473,.F.);
#5459 = FACE_BOUND('',#5460,.F.);
#5460 = EDGE_LOOP('',(#5461,#5496,#5524,#5552));
#5461 = ORIENTED_EDGE('',*,*,#5462,.F.);
#5462 = EDGE_CURVE('',#5463,#5465,#5467,.T.);
#5463 = VERTEX_POINT('',#5464);
#5464 = CARTESIAN_POINT('',(0.,0.,0.));
#5465 = VERTEX_POINT('',#5466);
#5466 = CARTESIAN_POINT('',(0.,0.,432.4));
#5467 = SURFACE_CURVE('',#5468,(#5472,#5484),.PCURVE_S1.);
#5468 = LINE('',#5469,#5470);
#5469 = CARTESIAN_POINT('',(0.,0.,0.));
#5470 = VECTOR('',#5471,1.);
#5471 = DIRECTION('',(0.,0.,1.));
#5472 = PCURVE('',#5473,#5478);
#5473 = PLANE('',#5474);
#5474 = AXIS2_PLACEMENT_3D('',#5475,#5476,#5477);
#5475 = CARTESIAN_POINT('',(0.,0.,0.));
#5476 = DIRECTION('',(1.,0.,-0.));
#5477 = DIRECTION('',(0.,0.,1.));
#5478 = DEFINITIONAL_REPRESENTATION('',(#5479),#5483);
#5479 = LINE('',#5480,#5481);
#5480 = CARTESIAN_POINT('',(0.,0.));
#5481 = VECTOR('',#5482,1.);
#5482 = DIRECTION('',(1.,0.));
#5483 = ( GEOMETRIC_REPRESENTATION_CONTEXT(2) 
PARAMETRIC_REPRESENTATION_CONTEXT() REPRESENTATION_CONTEXT('2D SPACE',''
  ) );
#5484 = PCURVE('',#5485,#5490);
#5485 = PLANE('',#5486);
#5486 = AXIS2_PLACEMENT_3D('',#5487,#5488,#5489);
#5487 = CARTESIAN_POINT('',(0.,0.,0.));
#5488 = DIRECTION('',(-0.,1.,0.));
#5489 = DIRECTION('',(0.,0.,1.));
#5490 = DEFINITIONAL_REPRESENTATION('',(#5491),#5495);
#5491 = LINE('',#5492,#5493);
#5492 = CARTESIAN_POINT('',(0.,0.));
#5493 = VECTOR('',#5494,1.);
#5494 = DIRECTION('',(1.,0.));
#5495 = ( GEOMETRIC_REPRESENTATION_CONTEXT(2) 
PARAMETRIC_REPRESENTATION_CONTEXT() REPRESENTATION_CONTEXT('2D SPACE',''
  ) );
#5496 = ORIENTED_EDGE('',*,*,#5497,.T.);
#5497 = EDGE_CURVE('',#5463,#5498,#5500,.T.);
#5498 = VERTEX_POINT('',#5499);
#5499 = CARTESIAN_POINT('',(0.,347.,0.));
#5500 = SURFACE_CURVE('',#5501,(#5505,#5512),.PCURVE_S1.);
#5501 = LINE('',#5502,#5503);
#5502 = CARTESIAN_POINT('',(0.,0.,0.));
#5503 = VECTOR('',#5504,1.);
#5504 = DIRECTION('',(-0.,1.,0.));
#5505 = PCURVE('',#5473,#5506);
#5506 = DEFINITIONAL_REPRESENTATION('',(#5507),#5511);
#5507 = LINE('',#5508,#5509);
#5508 = CARTESIAN_POINT('',(0.,0.));
#5509 = VECTOR('',#5510,1.);
#5510 = DIRECTION('',(0.,-1.));
#5511 = ( GEOMETRIC_REPRESENTATION_CONTEXT(2) 
PARAMETRIC_REPRESENTATION_CONTEXT() REPRESENTATION_CONTEXT('2D SPACE',''
  ) );
#5512 = PCURVE('',#5513,#5518);
#5513 = PLANE('',#5514);
#5514 = AXIS2_PLACEMENT_3D('',#5515,#5516,#5517);
#5515 = CARTESIAN_POINT('',(0.,0.,0.));
#5516 = DIRECTION('',(0.,0.,1.));
#5517 = DIRECTION('',(1.,0.,-0.));
#5518 = DEFINITIONAL_REPRESENTATION('',(#5519),#5523);
#5519 = LINE('',#5520,#5521);
#5520 = CARTESIAN_POINT('',(0.,0.));
#5521 = VECTOR('',#5522,1.);
#5522 = DIRECTION('',(0.,1.));
#5523 = ( GEOMETRIC_REPRESENTATION_CONTEXT(2) 
PARAMETRIC_REPRESENTATION_CONTEXT() REPRESENTATION_CONTEXT('2D SPACE',''
  ) );
#5524 = ORIENTED_EDGE('',*,*,#5525,.T.);
#5525 = EDGE_CURVE('',#5498,#5526,#5528,.T.);
#5526 = VERTEX_POINT('',#5527);
#5527 = CARTESIAN_POINT('',(0.,347.,432.4));
#5528 = SURFACE_CURVE('',#5529,(#5533,#5540),.PCURVE_S1.);
#5529 = LINE('',#5530,#5531);
#5530 = CARTESIAN_POINT('',(0.,347.,0.));
#5531 = VECTOR('',#5532,1.);
#5532 = DIRECTION('',(0.,0.,1.));
#5533 = PCURVE('',#5473,#5534);
#5534 = DEFINITIONAL_REPRESENTATION('',(#5535),#5539);
#5535 = LINE('',#5536,#5537);
#5536 = CARTESIAN_POINT('',(0.,-347.));
#5537 = VECTOR('',#5538,1.);
#5538 = DIRECTION('',(1.,0.));
#5539 = ( GEOMETRIC_REPRESENTATION_CONTEXT(2) 
PARAMETRIC_REPRESENTATION_CONTEXT() REPRESENTATION_CONTEXT('2D SPACE',''
  ) );
#5540 = PCURVE('',#5541,#5546);
#5541 = PLANE('',#5542);
#5542 = AXIS2_PLACEMENT_3D('',#5543,#5544,#5545);
#5543 = CARTESIAN_POINT('',(0.,347.,0.));
#5544 = DIRECTION('',(-0.,1.,0.));
#5545 = DIRECTION('',(0.,0.,1.));
#5546 = DEFINITIONAL_REPRESENTATION('',(#5547),#5551);
#5547 = LINE('',#5548,#5549);
#5548 = CARTESIAN_POINT('',(0.,0.));
#5549 = VECTOR('',#5550,1.);
#5550 = DIRECTION('',(1.,0.));
#5551 = ( GEOMETRIC_REPRESENTATION_CONTEXT(2) 
PARAMETRIC_REPRESENTATION_CONTEXT() REPRESENTATION_CONTEXT('2D SPACE',''
  ) );
#5552 = ORIENTED_EDGE('',*,*,#5553,.F.);
#5553 = EDGE_CURVE('',#5465,#5526,#5554,.T.);
#5554 = SURFACE_CURVE('',#5555,(#5559,#5566),.PCURVE_S1.);
#5555 = LINE('',#5556,#5557);
#5556 = CARTESIAN_POINT('',(0.,0.,432.4));
#5557 = VECTOR('',#5558,1.);
#5558 = DIRECTION('',(-0.,1.,0.));
#5559 = PCURVE('',#5473,#5560);
#5560 = DEFINITIONAL_REPRESENTATION('',(#5561),#5565);
#5561 = LINE('',#5562,#5563);
#5562 = CARTESIAN_POINT('',(432.4,0.));
#5563 = VECTOR('',#5564,1.);
#5564 = DIRECTION('',(0.,-1.));
#5565 = ( GEOMETRIC_REPRESENTATION_CONTEXT(2) 
PARAMETRIC_REPRESENTATION_CONTEXT() REPRESENTATION_CONTEXT('2D SPACE',''
  ) );
#5566 = PCURVE('',#5567,#5572);
#5567 = PLANE('',#5568);
#5568 = AXIS2_PLACEMENT_3D('',#5569,#5570,#5571);
#5569 = CARTESIAN_POINT('',(0.,0.,432.4));
#5570 = DIRECTION('',(0.,0.,1.));
#5571 = DIRECTION('',(1.,0.,-0.));
#5572 = DEFINITIONAL_REPRESENTATION('',(#5573),#5577);
#5573 = LINE('',#5574,#5575);
#5574 = CARTESIAN_POINT('',(0.,0.));
#5575 = VECTOR('',#5576,1.);
#5576 = DIRECTION('',(0.,1.));
#5577 = ( GEOMETRIC_REPRESENTATION_CONTEXT(2) 
PARAMETRIC_REPRESENTATION_CONTEXT() REPRESENTATION_CONTEXT('2D SPACE',''
  ) );
#5578 = ADVANCED_FACE('',(#5579),#5593,.T.);
#5579 = FACE_BOUND('',#5580,.T.);
#5580 = EDGE_LOOP('',(#5581,#5611,#5634,#5657));
#5581 = ORIENTED_EDGE('',*,*,#5582,.F.);
#5582 = EDGE_CURVE('',#5583,#5585,#5587,.T.);
#5583 = VERTEX_POINT('',#5584);
#5584 = CARTESIAN_POINT('',(44.,0.,0.));
#5585 = VERTEX_POINT('',#5586);
#5586 = CARTESIAN_POINT('',(44.,0.,432.4));
#5587 = SURFACE_CURVE('',#5588,(#5592,#5604),.PCURVE_S1.);
#5588 = LINE('',#5589,#5590);
#5589 = CARTESIAN_POINT('',(44.,0.,0.));
#5590 = VECTOR('',#5591,1.);
#5591 = DIRECTION('',(0.,0.,1.));
#5592 = PCURVE('',#5593,#5598);
#5593 = PLANE('',#5594);
#5594 = AXIS2_PLACEMENT_3D('',#5595,#5596,#5597);
#5595 = CARTESIAN_POINT('',(44.,0.,0.));
#5596 = DIRECTION('',(1.,0.,-0.));
#5597 = DIRECTION('',(0.,0.,1.));
#5598 = DEFINITIONAL_REPRESENTATION('',(#5599),#5603);
#5599 = LINE('',#5600,#5601);
#5600 = CARTESIAN_POINT('',(0.,0.));
#5601 = VECTOR('',#5602,1.);
#5602 = DIRECTION('',(1.,0.));
#5603 = ( GEOMETRIC_REPRESENTATION_CONTEXT(2) 
PARAMETRIC_REPRESENTATION_CONTEXT() REPRESENTATION_CONTEXT('2D SPACE',''
  ) );
#5604 = PCURVE('',#5485,#5605);
#5605 = DEFINITIONAL_REPRESENTATION('',(#5606),#5610);
#5606 = LINE('',#5607,#5608);
#5607 = CARTESIAN_POINT('',(0.,44.));
#5608 = VECTOR('',#5609,1.);
#5609 = DIRECTION('',(1.,0.));
#5610 = ( GEOMETRIC_REPRESENTATION_CONTEXT(2) 
PARAMETRIC_REPRESENTATION_CONTEXT() REPRESENTATION_CONTEXT('2D SPACE',''
  ) );
#5611 = ORIENTED_EDGE('',*,*,#5612,.T.);
#5612 = EDGE_CURVE('',#5583,#5613,#5615,.T.);
#5613 = VERTEX_POINT('',#5614);
#5614 = CARTESIAN_POINT('',(44.,347.,0.));
#5615 = SURFACE_CURVE('',#5616,(#5620,#5627),.PCURVE_S1.);
#5616 = LINE('',#5617,#5618);
#5617 = CARTESIAN_POINT('',(44.,0.,0.));
#5618 = VECTOR('',#5619,1.);
#5619 = DIRECTION('',(-0.,1.,0.));
#5620 = PCURVE('',#5593,#5621);
#5621 = DEFINITIONAL_REPRESENTATION('',(#5622),#5626);
#5622 = LINE('',#5623,#5624);
#5623 = CARTESIAN_POINT('',(0.,0.));
#5624 = VECTOR('',#5625,1.);
#5625 = DIRECTION('',(0.,-1.));
#5626 = ( GEOMETRIC_REPRESENTATION_CONTEXT(2) 
PARAMETRIC_REPRESENTATION_CONTEXT() REPRESENTATION_CONTEXT('2D SPACE',''
  ) );
#5627 = PCURVE('',#5513,#5628);
#5628 = DEFINITIONAL_REPRESENTATION('',(#5629),#5633);
#5629 = LINE('',#5630,#5631);
#5630 = CARTESIAN_POINT('',(44.,0.));
#5631 = VECTOR('',#5632,1.);
#5632 = DIRECTION('',(0.,1.));
#5633 = ( GEOMETRIC_REPRESENTATION_CONTEXT(2) 
PARAMETRIC_REPRESENTATION_CONTEXT() REPRESENTATION_CONTEXT('2D SPACE',''
  ) );
#5634 = ORIENTED_EDGE('',*,*,#5635,.T.);
#5635 = EDGE_CURVE('',#5613,#5636,#5638,.T.);
#5636 = VERTEX_POINT('',#5637);
#5637 = CARTESIAN_POINT('',(44.,347.,432.4));
#5638 = SURFACE_CURVE('',#5639,(#5643,#5650),.PCURVE_S1.);
#5639 = LINE('',#5640,#5641);
#5640 = CARTESIAN_POINT('',(44.,347.,0.));
#5641 = VECTOR('',#5642,1.);
#5642 = DIRECTION('',(0.,0.,1.));
#5643 = PCURVE('',#5593,#5644);
#5644 = DEFINITIONAL_REPRESENTATION('',(#5645),#5649);
#5645 = LINE('',#5646,#5647);
#5646 = CARTESIAN_POINT('',(0.,-347.));
#5647 = VECTOR('',#5648,1.);
#5648 = DIRECTION('',(1.,0.));
#5649 = ( GEOMETRIC_REPRESENTATION_CONTEXT(2) 
PARAMETRIC_REPRESENTATION_CONTEXT() REPRESENTATION_CONTEXT('2D SPACE',''
  ) );
#5650 = PCURVE('',#5541,#5651);
#5651 = DEFINITIONAL_REPRESENTATION('',(#5652),#5656);
#5652 = LINE('',#5653,#5654);
#5653 = CARTESIAN_POINT('',(0.,44.));
#5654 = VECTOR('',#5655,1.);
#5655 = DIRECTION('',(1.,0.));
#5656 = ( GEOMETRIC_REPRESENTATION_CONTEXT(2) 
PARAMETRIC_REPRESENTATION_CONTEXT() REPRESENTATION_CONTEXT('2D SPACE',''
  ) );
#5657 = ORIENTED_EDGE('',*,*,#5658,.F.);
#5658 = EDGE_CURVE('',#5585,#5636,#5659,.T.);
#5659 = SURFACE_CURVE('',#5660,(#5664,#5671),.PCURVE_S1.);
#5660 = LINE('',#5661,#5662);
#5661 = CARTESIAN_POINT('',(44.,0.,432.4));
#5662 = VECTOR('',#5663,1.);
#5663 = DIRECTION('',(-0.,1.,0.));
#5664 = PCURVE('',#5593,#5665);
#5665 = DEFINITIONAL_REPRESENTATION('',(#5666),#5670);
#5666 = LINE('',#5667,#5668);
#5667 = CARTESIAN_POINT('',(432.4,0.));
#5668 = VECTOR('',#5669,1.);
#5669 = DIRECTION('',(0.,-1.));
#5670 = ( GEOMETRIC_REPRESENTATION_CONTEXT(2) 
PARAMETRIC_REPRESENTATION_CONTEXT() REPRESENTATION_CONTEXT('2D SPACE',''
  ) );
#5671 = PCURVE('',#5567,#5672);
#5672 = DEFINITIONAL_REPRESENTATION('',(#5673),#5677);
#5673 = LINE('',#5674,#5675);
#5674 = CARTESIAN_POINT('',(44.,0.));
#5675 = VECTOR('',#5676,1.);
#5676 = DIRECTION('',(0.,1.));
#5677 = ( GEOMETRIC_REPRESENTATION_CONTEXT(2) 
PARAMETRIC_REPRESENTATION_CONTEXT() REPRESENTATION_CONTEXT('2D SPACE',''
  ) );
#5678 = ADVANCED_FACE('',(#5679),#5485,.F.);
#5679 = FACE_BOUND('',#5680,.F.);
#5680 = EDGE_LOOP('',(#5681,#5702,#5703,#5724));
#5681 = ORIENTED_EDGE('',*,*,#5682,.F.);
#5682 = EDGE_CURVE('',#5463,#5583,#5683,.T.);
#5683 = SURFACE_CURVE('',#5684,(#5688,#5695),.PCURVE_S1.);
#5684 = LINE('',#5685,#5686);
#5685 = CARTESIAN_POINT('',(0.,0.,0.));
#5686 = VECTOR('',#5687,1.);
#5687 = DIRECTION('',(1.,0.,-0.));
#5688 = PCURVE('',#5485,#5689);
#5689 = DEFINITIONAL_REPRESENTATION('',(#5690),#5694);
#5690 = LINE('',#5691,#5692);
#5691 = CARTESIAN_POINT('',(0.,0.));
#5692 = VECTOR('',#5693,1.);
#5693 = DIRECTION('',(0.,1.));
#5694 = ( GEOMETRIC_REPRESENTATION_CONTEXT(2) 
PARAMETRIC_REPRESENTATION_CONTEXT() REPRESENTATION_CONTEXT('2D SPACE',''
  ) );
#5695 = PCURVE('',#5513,#5696);
#5696 = DEFINITIONAL_REPRESENTATION('',(#5697),#5701);
#5697 = LINE('',#5698,#5699);
#5698 = CARTESIAN_POINT('',(0.,0.));
#5699 = VECTOR('',#5700,1.);
#5700 = DIRECTION('',(1.,0.));
#5701 = ( GEOMETRIC_REPRESENTATION_CONTEXT(2) 
PARAMETRIC_REPRESENTATION_CONTEXT() REPRESENTATION_CONTEXT('2D SPACE',''
  ) );
#5702 = ORIENTED_EDGE('',*,*,#5462,.T.);
#5703 = ORIENTED_EDGE('',*,*,#5704,.T.);
#5704 = EDGE_CURVE('',#5465,#5585,#5705,.T.);
#5705 = SURFACE_CURVE('',#5706,(#5710,#5717),.PCURVE_S1.);
#5706 = LINE('',#5707,#5708);
#5707 = CARTESIAN_POINT('',(0.,0.,432.4));
#5708 = VECTOR('',#5709,1.);
#5709 = DIRECTION('',(1.,0.,-0.));
#5710 = PCURVE('',#5485,#5711);
#5711 = DEFINITIONAL_REPRESENTATION('',(#5712),#5716);
#5712 = LINE('',#5713,#5714);
#5713 = CARTESIAN_POINT('',(432.4,0.));
#5714 = VECTOR('',#5715,1.);
#5715 = DIRECTION('',(0.,1.));
#5716 = ( GEOMETRIC_REPRESENTATION_CONTEXT(2) 
PARAMETRIC_REPRESENTATION_CONTEXT() REPRESENTATION_CONTEXT('2D SPACE',''
  ) );
#5717 = PCURVE('',#5567,#5718);
#5718 = DEFINITIONAL_REPRESENTATION('',(#5719),#5723);
#5719 = LINE('',#5720,#5721);
#5720 = CARTESIAN_POINT('',(0.,0.));
#5721 = VECTOR('',#5722,1.);
#5722 = DIRECTION('',(1.,0.));
#5723 = ( GEOMETRIC_REPRESENTATION_CONTEXT(2) 
PARAMETRIC_REPRESENTATION_CONTEXT() REPRESENTATION_CONTEXT('2D SPACE',''
  ) );
#5724 = ORIENTED_EDGE('',*,*,#5582,.F.);
#5725 = ADVANCED_FACE('',(#5726),#5541,.T.);
#5726 = FACE_BOUND('',#5727,.T.);
#5727 = EDGE_LOOP('',(#5728,#5749,#5750,#5771));
#5728 = ORIENTED_EDGE('',*,*,#5729,.F.);
#5729 = EDGE_CURVE('',#5498,#5613,#5730,.T.);
#5730 = SURFACE_CURVE('',#5731,(#5735,#5742),.PCURVE_S1.);
#5731 = LINE('',#5732,#5733);
#5732 = CARTESIAN_POINT('',(0.,347.,0.));
#5733 = VECTOR('',#5734,1.);
#5734 = DIRECTION('',(1.,0.,-0.));
#5735 = PCURVE('',#5541,#5736);
#5736 = DEFINITIONAL_REPRESENTATION('',(#5737),#5741);
#5737 = LINE('',#5738,#5739);
#5738 = CARTESIAN_POINT('',(0.,0.));
#5739 = VECTOR('',#5740,1.);
#5740 = DIRECTION('',(0.,1.));
#5741 = ( GEOMETRIC_REPRESENTATION_CONTEXT(2) 
PARAMETRIC_REPRESENTATION_CONTEXT() REPRESENTATION_CONTEXT('2D SPACE',''
  ) );
#5742 = PCURVE('',#5513,#5743);
#5743 = DEFINITIONAL_REPRESENTATION('',(#5744),#5748);
#5744 = LINE('',#5745,#5746);
#5745 = CARTESIAN_POINT('',(0.,347.));
#5746 = VECTOR('',#5747,1.);
#5747 = DIRECTION('',(1.,0.));
#5748 = ( GEOMETRIC_REPRESENTATION_CONTEXT(2) 
PARAMETRIC_REPRESENTATION_CONTEXT() REPRESENTATION_CONTEXT('2D SPACE',''
  ) );
#5749 = ORIENTED_EDGE('',*,*,#5525,.T.);
#5750 = ORIENTED_EDGE('',*,*,#5751,.T.);
#5751 = EDGE_CURVE('',#5526,#5636,#5752,.T.);
#5752 = SURFACE_CURVE('',#5753,(#5757,#5764),.PCURVE_S1.);
#5753 = LINE('',#5754,#5755);
#5754 = CARTESIAN_POINT('',(0.,347.,432.4));
#5755 = VECTOR('',#5756,1.);
#5756 = DIRECTION('',(1.,0.,-0.));
#5757 = PCURVE('',#5541,#5758);
#5758 = DEFINITIONAL_REPRESENTATION('',(#5759),#5763);
#5759 = LINE('',#5760,#5761);
#5760 = CARTESIAN_POINT('',(432.4,0.));
#5761 = VECTOR('',#5762,1.);
#5762 = DIRECTION('',(0.,1.));
#5763 = ( GEOMETRIC_REPRESENTATION_CONTEXT(2) 
PARAMETRIC_REPRESENTATION_CONTEXT() REPRESENTATION_CONTEXT('2D SPACE',''
  ) );
#5764 = PCURVE('',#5567,#5765);
#5765 = DEFINITIONAL_REPRESENTATION('',(#5766),#5770);
#5766 = LINE('',#5767,#5768);
#5767 = CARTESIAN_POINT('',(0.,347.));
#5768 = VECTOR('',#5769,1.);
#5769 = DIRECTION('',(1.,0.));
#5770 = ( GEOMETRIC_REPRESENTATION_CONTEXT(2) 
PARAMETRIC_REPRESENTATION_CONTEXT() REPRESENTATION_CONTEXT('2D SPACE',''
  ) );
#5771 = ORIENTED_EDGE('',*,*,#5635,.F.);
#5772 = ADVANCED_FACE('',(#5773),#5513,.F.);
#5773 = FACE_BOUND('',#5774,.F.);
#5774 = EDGE_LOOP('',(#5775,#5776,#5777,#5778));
#5775 = ORIENTED_EDGE('',*,*,#5497,.F.);
#5776 = ORIENTED_EDGE('',*,*,#5682,.T.);
#5777 = ORIENTED_EDGE('',*,*,#5612,.T.);
#5778 = ORIENTED_EDGE('',*,*,#5729,.F.);
#5779 = ADVANCED_FACE('',(#5780),#5567,.T.);
#5780 = FACE_BOUND('',#5781,.T.);
#5781 = EDGE_LOOP('',(#5782,#5783,#5784,#5785));
#5782 = ORIENTED_EDGE('',*,*,#5553,.F.);
#5783 = ORIENTED_EDGE('',*,*,#5704,.T.);
#5784 = ORIENTED_EDGE('',*,*,#5658,.T.);
#5785 = ORIENTED_EDGE('',*,*,#5751,.F.);
#5786 = ( GEOMETRIC_REPRESENTATION_CONTEXT(3) 
GLOBAL_UNCERTAINTY_ASSIGNED_CONTEXT((#5790)) 
GLOBAL_UNIT_ASSIGNED_CONTEXT((#5787,#5788,#5789)) REPRESENTATION_CONTEXT
('Context #1','3D Context with UNIT and UNCERTAINTY') );
#5787 = ( LENGTH_UNIT() NAMED_UNIT(*) SI_UNIT(.MILLI.,.METRE.) );
#5788 = ( NAMED_UNIT(*) PLANE_ANGLE_UNIT() SI_UNIT($,.RADIAN.) );
#5789 = ( NAMED_UNIT(*) SI_UNIT($,.STERADIAN.) SOLID_ANGLE_UNIT() );
#5790 = UNCERTAINTY_MEASURE_WITH_UNIT(LENGTH_MEASURE(1.E-07),#5787,
  'distance_accuracy_value','confusion accuracy');
#5791 = CONTEXT_DEPENDENT_SHAPE_REPRESENTATION(#5792,#5794);
#5792 = ( REPRESENTATION_RELATIONSHIP('','',#5455,#5432) 
REPRESENTATION_RELATIONSHIP_WITH_TRANSFORMATION(#5793) 
SHAPE_REPRESENTATION_RELATIONSHIP() );
#5793 = ITEM_DEFINED_TRANSFORMATION('','',#11,#5433);
#5794 = PRODUCT_DEFINITION_SHAPE('Placement','Placement of an item',
  #5795);
#5795 = NEXT_ASSEMBLY_USAGE_OCCURRENCE('103','=>[0:1:1:41]','',#5427,
  #5450,$);
#5796 = PRODUCT_RELATED_PRODUCT_CATEGORY('part',$,(#5452));
#5797 = SHAPE_DEFINITION_REPRESENTATION(#5798,#5804);
#5798 = PRODUCT_DEFINITION_SHAPE('','',#5799);
#5799 = PRODUCT_DEFINITION('design','',#5800,#5803);
#5800 = PRODUCT_DEFINITION_FORMATION('','',#5801);
#5801 = PRODUCT('right_front_covered_wheel_spoke_03',
  'right_front_covered_wheel_spoke_03','',(#5802));
#5802 = PRODUCT_CONTEXT('',#2,'mechanical');
#5803 = PRODUCT_DEFINITION_CONTEXT('part definition',#2,'design');
#5804 = SHAPE_REPRESENTATION('',(#11,#5805),#5809);
#5805 = AXIS2_PLACEMENT_3D('',#5806,#5807,#5808);
#5806 = CARTESIAN_POINT('',(-22.,-173.5,-216.2));
#5807 = DIRECTION('',(0.,0.,1.));
#5808 = DIRECTION('',(1.,0.,0.));
#5809 = ( GEOMETRIC_REPRESENTATION_CONTEXT(3) 
GLOBAL_UNCERTAINTY_ASSIGNED_CONTEXT((#5813)) 
GLOBAL_UNIT_ASSIGNED_CONTEXT((#5810,#5811,#5812)) REPRESENTATION_CONTEXT
('Context #1','3D Context with UNIT and UNCERTAINTY') );
#5810 = ( LENGTH_UNIT() NAMED_UNIT(*) SI_UNIT(.MILLI.,.METRE.) );
#5811 = ( NAMED_UNIT(*) PLANE_ANGLE_UNIT() SI_UNIT($,.RADIAN.) );
#5812 = ( NAMED_UNIT(*) SI_UNIT($,.STERADIAN.) SOLID_ANGLE_UNIT() );
#5813 = UNCERTAINTY_MEASURE_WITH_UNIT(LENGTH_MEASURE(1.E-07),#5810,
  'distance_accuracy_value','confusion accuracy');
#5814 = CONTEXT_DEPENDENT_SHAPE_REPRESENTATION(#5815,#5817);
#5815 = ( REPRESENTATION_RELATIONSHIP('','',#5804,#10) 
REPRESENTATION_RELATIONSHIP_WITH_TRANSFORMATION(#5816) 
SHAPE_REPRESENTATION_RELATIONSHIP() );
#5816 = ITEM_DEFINED_TRANSFORMATION('','',#11,#95);
#5817 = PRODUCT_DEFINITION_SHAPE('Placement','Placement of an item',
  #5818);
#5818 = NEXT_ASSEMBLY_USAGE_OCCURRENCE('106','=>[0:1:1:42]','',#5,#5799,
  $);
#5819 = PRODUCT_RELATED_PRODUCT_CATEGORY('part',$,(#5801));
#5820 = SHAPE_DEFINITION_REPRESENTATION(#5821,#5827);
#5821 = PRODUCT_DEFINITION_SHAPE('','',#5822);
#5822 = PRODUCT_DEFINITION('design','',#5823,#5826);
#5823 = PRODUCT_DEFINITION_FORMATION('','',#5824);
#5824 = PRODUCT('SOLID','SOLID','',(#5825));
#5825 = PRODUCT_CONTEXT('',#2,'mechanical');
#5826 = PRODUCT_DEFINITION_CONTEXT('part definition',#2,'design');
#5827 = ADVANCED_BREP_SHAPE_REPRESENTATION('',(#11,#5828),#6158);
#5828 = MANIFOLD_SOLID_BREP('',#5829);
#5829 = CLOSED_SHELL('',(#5830,#5950,#6050,#6097,#6144,#6151));
#5830 = ADVANCED_FACE('',(#5831),#5845,.F.);
#5831 = FACE_BOUND('',#5832,.F.);
#5832 = EDGE_LOOP('',(#5833,#5868,#5896,#5924));
#5833 = ORIENTED_EDGE('',*,*,#5834,.F.);
#5834 = EDGE_CURVE('',#5835,#5837,#5839,.T.);
#5835 = VERTEX_POINT('',#5836);
#5836 = CARTESIAN_POINT('',(0.,0.,0.));
#5837 = VERTEX_POINT('',#5838);
#5838 = CARTESIAN_POINT('',(0.,0.,432.4));
#5839 = SURFACE_CURVE('',#5840,(#5844,#5856),.PCURVE_S1.);
#5840 = LINE('',#5841,#5842);
#5841 = CARTESIAN_POINT('',(0.,0.,0.));
#5842 = VECTOR('',#5843,1.);
#5843 = DIRECTION('',(0.,0.,1.));
#5844 = PCURVE('',#5845,#5850);
#5845 = PLANE('',#5846);
#5846 = AXIS2_PLACEMENT_3D('',#5847,#5848,#5849);
#5847 = CARTESIAN_POINT('',(0.,0.,0.));
#5848 = DIRECTION('',(1.,0.,-0.));
#5849 = DIRECTION('',(0.,0.,1.));
#5850 = DEFINITIONAL_REPRESENTATION('',(#5851),#5855);
#5851 = LINE('',#5852,#5853);
#5852 = CARTESIAN_POINT('',(0.,0.));
#5853 = VECTOR('',#5854,1.);
#5854 = DIRECTION('',(1.,0.));
#5855 = ( GEOMETRIC_REPRESENTATION_CONTEXT(2) 
PARAMETRIC_REPRESENTATION_CONTEXT() REPRESENTATION_CONTEXT('2D SPACE',''
  ) );
#5856 = PCURVE('',#5857,#5862);
#5857 = PLANE('',#5858);
#5858 = AXIS2_PLACEMENT_3D('',#5859,#5860,#5861);
#5859 = CARTESIAN_POINT('',(0.,0.,0.));
#5860 = DIRECTION('',(-0.,1.,0.));
#5861 = DIRECTION('',(0.,0.,1.));
#5862 = DEFINITIONAL_REPRESENTATION('',(#5863),#5867);
#5863 = LINE('',#5864,#5865);
#5864 = CARTESIAN_POINT('',(0.,0.));
#5865 = VECTOR('',#5866,1.);
#5866 = DIRECTION('',(1.,0.));
#5867 = ( GEOMETRIC_REPRESENTATION_CONTEXT(2) 
PARAMETRIC_REPRESENTATION_CONTEXT() REPRESENTATION_CONTEXT('2D SPACE',''
  ) );
#5868 = ORIENTED_EDGE('',*,*,#5869,.T.);
#5869 = EDGE_CURVE('',#5835,#5870,#5872,.T.);
#5870 = VERTEX_POINT('',#5871);
#5871 = CARTESIAN_POINT('',(0.,347.,0.));
#5872 = SURFACE_CURVE('',#5873,(#5877,#5884),.PCURVE_S1.);
#5873 = LINE('',#5874,#5875);
#5874 = CARTESIAN_POINT('',(0.,0.,0.));
#5875 = VECTOR('',#5876,1.);
#5876 = DIRECTION('',(-0.,1.,0.));
#5877 = PCURVE('',#5845,#5878);
#5878 = DEFINITIONAL_REPRESENTATION('',(#5879),#5883);
#5879 = LINE('',#5880,#5881);
#5880 = CARTESIAN_POINT('',(0.,0.));
#5881 = VECTOR('',#5882,1.);
#5882 = DIRECTION('',(0.,-1.));
#5883 = ( GEOMETRIC_REPRESENTATION_CONTEXT(2) 
PARAMETRIC_REPRESENTATION_CONTEXT() REPRESENTATION_CONTEXT('2D SPACE',''
  ) );
#5884 = PCURVE('',#5885,#5890);
#5885 = PLANE('',#5886);
#5886 = AXIS2_PLACEMENT_3D('',#5887,#5888,#5889);
#5887 = CARTESIAN_POINT('',(0.,0.,0.));
#5888 = DIRECTION('',(0.,0.,1.));
#5889 = DIRECTION('',(1.,0.,-0.));
#5890 = DEFINITIONAL_REPRESENTATION('',(#5891),#5895);
#5891 = LINE('',#5892,#5893);
#5892 = CARTESIAN_POINT('',(0.,0.));
#5893 = VECTOR('',#5894,1.);
#5894 = DIRECTION('',(0.,1.));
#5895 = ( GEOMETRIC_REPRESENTATION_CONTEXT(2) 
PARAMETRIC_REPRESENTATION_CONTEXT() REPRESENTATION_CONTEXT('2D SPACE',''
  ) );
#5896 = ORIENTED_EDGE('',*,*,#5897,.T.);
#5897 = EDGE_CURVE('',#5870,#5898,#5900,.T.);
#5898 = VERTEX_POINT('',#5899);
#5899 = CARTESIAN_POINT('',(0.,347.,432.4));
#5900 = SURFACE_CURVE('',#5901,(#5905,#5912),.PCURVE_S1.);
#5901 = LINE('',#5902,#5903);
#5902 = CARTESIAN_POINT('',(0.,347.,0.));
#5903 = VECTOR('',#5904,1.);
#5904 = DIRECTION('',(0.,0.,1.));
#5905 = PCURVE('',#5845,#5906);
#5906 = DEFINITIONAL_REPRESENTATION('',(#5907),#5911);
#5907 = LINE('',#5908,#5909);
#5908 = CARTESIAN_POINT('',(0.,-347.));
#5909 = VECTOR('',#5910,1.);
#5910 = DIRECTION('',(1.,0.));
#5911 = ( GEOMETRIC_REPRESENTATION_CONTEXT(2) 
PARAMETRIC_REPRESENTATION_CONTEXT() REPRESENTATION_CONTEXT('2D SPACE',''
  ) );
#5912 = PCURVE('',#5913,#5918);
#5913 = PLANE('',#5914);
#5914 = AXIS2_PLACEMENT_3D('',#5915,#5916,#5917);
#5915 = CARTESIAN_POINT('',(0.,347.,0.));
#5916 = DIRECTION('',(-0.,1.,0.));
#5917 = DIRECTION('',(0.,0.,1.));
#5918 = DEFINITIONAL_REPRESENTATION('',(#5919),#5923);
#5919 = LINE('',#5920,#5921);
#5920 = CARTESIAN_POINT('',(0.,0.));
#5921 = VECTOR('',#5922,1.);
#5922 = DIRECTION('',(1.,0.));
#5923 = ( GEOMETRIC_REPRESENTATION_CONTEXT(2) 
PARAMETRIC_REPRESENTATION_CONTEXT() REPRESENTATION_CONTEXT('2D SPACE',''
  ) );
#5924 = ORIENTED_EDGE('',*,*,#5925,.F.);
#5925 = EDGE_CURVE('',#5837,#5898,#5926,.T.);
#5926 = SURFACE_CURVE('',#5927,(#5931,#5938),.PCURVE_S1.);
#5927 = LINE('',#5928,#5929);
#5928 = CARTESIAN_POINT('',(0.,0.,432.4));
#5929 = VECTOR('',#5930,1.);
#5930 = DIRECTION('',(-0.,1.,0.));
#5931 = PCURVE('',#5845,#5932);
#5932 = DEFINITIONAL_REPRESENTATION('',(#5933),#5937);
#5933 = LINE('',#5934,#5935);
#5934 = CARTESIAN_POINT('',(432.4,0.));
#5935 = VECTOR('',#5936,1.);
#5936 = DIRECTION('',(0.,-1.));
#5937 = ( GEOMETRIC_REPRESENTATION_CONTEXT(2) 
PARAMETRIC_REPRESENTATION_CONTEXT() REPRESENTATION_CONTEXT('2D SPACE',''
  ) );
#5938 = PCURVE('',#5939,#5944);
#5939 = PLANE('',#5940);
#5940 = AXIS2_PLACEMENT_3D('',#5941,#5942,#5943);
#5941 = CARTESIAN_POINT('',(0.,0.,432.4));
#5942 = DIRECTION('',(0.,0.,1.));
#5943 = DIRECTION('',(1.,0.,-0.));
#5944 = DEFINITIONAL_REPRESENTATION('',(#5945),#5949);
#5945 = LINE('',#5946,#5947);
#5946 = CARTESIAN_POINT('',(0.,0.));
#5947 = VECTOR('',#5948,1.);
#5948 = DIRECTION('',(0.,1.));
#5949 = ( GEOMETRIC_REPRESENTATION_CONTEXT(2) 
PARAMETRIC_REPRESENTATION_CONTEXT() REPRESENTATION_CONTEXT('2D SPACE',''
  ) );
#5950 = ADVANCED_FACE('',(#5951),#5965,.T.);
#5951 = FACE_BOUND('',#5952,.T.);
#5952 = EDGE_LOOP('',(#5953,#5983,#6006,#6029));
#5953 = ORIENTED_EDGE('',*,*,#5954,.F.);
#5954 = EDGE_CURVE('',#5955,#5957,#5959,.T.);
#5955 = VERTEX_POINT('',#5956);
#5956 = CARTESIAN_POINT('',(44.,0.,0.));
#5957 = VERTEX_POINT('',#5958);
#5958 = CARTESIAN_POINT('',(44.,0.,432.4));
#5959 = SURFACE_CURVE('',#5960,(#5964,#5976),.PCURVE_S1.);
#5960 = LINE('',#5961,#5962);
#5961 = CARTESIAN_POINT('',(44.,0.,0.));
#5962 = VECTOR('',#5963,1.);
#5963 = DIRECTION('',(0.,0.,1.));
#5964 = PCURVE('',#5965,#5970);
#5965 = PLANE('',#5966);
#5966 = AXIS2_PLACEMENT_3D('',#5967,#5968,#5969);
#5967 = CARTESIAN_POINT('',(44.,0.,0.));
#5968 = DIRECTION('',(1.,0.,-0.));
#5969 = DIRECTION('',(0.,0.,1.));
#5970 = DEFINITIONAL_REPRESENTATION('',(#5971),#5975);
#5971 = LINE('',#5972,#5973);
#5972 = CARTESIAN_POINT('',(0.,0.));
#5973 = VECTOR('',#5974,1.);
#5974 = DIRECTION('',(1.,0.));
#5975 = ( GEOMETRIC_REPRESENTATION_CONTEXT(2) 
PARAMETRIC_REPRESENTATION_CONTEXT() REPRESENTATION_CONTEXT('2D SPACE',''
  ) );
#5976 = PCURVE('',#5857,#5977);
#5977 = DEFINITIONAL_REPRESENTATION('',(#5978),#5982);
#5978 = LINE('',#5979,#5980);
#5979 = CARTESIAN_POINT('',(0.,44.));
#5980 = VECTOR('',#5981,1.);
#5981 = DIRECTION('',(1.,0.));
#5982 = ( GEOMETRIC_REPRESENTATION_CONTEXT(2) 
PARAMETRIC_REPRESENTATION_CONTEXT() REPRESENTATION_CONTEXT('2D SPACE',''
  ) );
#5983 = ORIENTED_EDGE('',*,*,#5984,.T.);
#5984 = EDGE_CURVE('',#5955,#5985,#5987,.T.);
#5985 = VERTEX_POINT('',#5986);
#5986 = CARTESIAN_POINT('',(44.,347.,0.));
#5987 = SURFACE_CURVE('',#5988,(#5992,#5999),.PCURVE_S1.);
#5988 = LINE('',#5989,#5990);
#5989 = CARTESIAN_POINT('',(44.,0.,0.));
#5990 = VECTOR('',#5991,1.);
#5991 = DIRECTION('',(-0.,1.,0.));
#5992 = PCURVE('',#5965,#5993);
#5993 = DEFINITIONAL_REPRESENTATION('',(#5994),#5998);
#5994 = LINE('',#5995,#5996);
#5995 = CARTESIAN_POINT('',(0.,0.));
#5996 = VECTOR('',#5997,1.);
#5997 = DIRECTION('',(0.,-1.));
#5998 = ( GEOMETRIC_REPRESENTATION_CONTEXT(2) 
PARAMETRIC_REPRESENTATION_CONTEXT() REPRESENTATION_CONTEXT('2D SPACE',''
  ) );
#5999 = PCURVE('',#5885,#6000);
#6000 = DEFINITIONAL_REPRESENTATION('',(#6001),#6005);
#6001 = LINE('',#6002,#6003);
#6002 = CARTESIAN_POINT('',(44.,0.));
#6003 = VECTOR('',#6004,1.);
#6004 = DIRECTION('',(0.,1.));
#6005 = ( GEOMETRIC_REPRESENTATION_CONTEXT(2) 
PARAMETRIC_REPRESENTATION_CONTEXT() REPRESENTATION_CONTEXT('2D SPACE',''
  ) );
#6006 = ORIENTED_EDGE('',*,*,#6007,.T.);
#6007 = EDGE_CURVE('',#5985,#6008,#6010,.T.);
#6008 = VERTEX_POINT('',#6009);
#6009 = CARTESIAN_POINT('',(44.,347.,432.4));
#6010 = SURFACE_CURVE('',#6011,(#6015,#6022),.PCURVE_S1.);
#6011 = LINE('',#6012,#6013);
#6012 = CARTESIAN_POINT('',(44.,347.,0.));
#6013 = VECTOR('',#6014,1.);
#6014 = DIRECTION('',(0.,0.,1.));
#6015 = PCURVE('',#5965,#6016);
#6016 = DEFINITIONAL_REPRESENTATION('',(#6017),#6021);
#6017 = LINE('',#6018,#6019);
#6018 = CARTESIAN_POINT('',(0.,-347.));
#6019 = VECTOR('',#6020,1.);
#6020 = DIRECTION('',(1.,0.));
#6021 = ( GEOMETRIC_REPRESENTATION_CONTEXT(2) 
PARAMETRIC_REPRESENTATION_CONTEXT() REPRESENTATION_CONTEXT('2D SPACE',''
  ) );
#6022 = PCURVE('',#5913,#6023);
#6023 = DEFINITIONAL_REPRESENTATION('',(#6024),#6028);
#6024 = LINE('',#6025,#6026);
#6025 = CARTESIAN_POINT('',(0.,44.));
#6026 = VECTOR('',#6027,1.);
#6027 = DIRECTION('',(1.,0.));
#6028 = ( GEOMETRIC_REPRESENTATION_CONTEXT(2) 
PARAMETRIC_REPRESENTATION_CONTEXT() REPRESENTATION_CONTEXT('2D SPACE',''
  ) );
#6029 = ORIENTED_EDGE('',*,*,#6030,.F.);
#6030 = EDGE_CURVE('',#5957,#6008,#6031,.T.);
#6031 = SURFACE_CURVE('',#6032,(#6036,#6043),.PCURVE_S1.);
#6032 = LINE('',#6033,#6034);
#6033 = CARTESIAN_POINT('',(44.,0.,432.4));
#6034 = VECTOR('',#6035,1.);
#6035 = DIRECTION('',(-0.,1.,0.));
#6036 = PCURVE('',#5965,#6037);
#6037 = DEFINITIONAL_REPRESENTATION('',(#6038),#6042);
#6038 = LINE('',#6039,#6040);
#6039 = CARTESIAN_POINT('',(432.4,0.));
#6040 = VECTOR('',#6041,1.);
#6041 = DIRECTION('',(0.,-1.));
#6042 = ( GEOMETRIC_REPRESENTATION_CONTEXT(2) 
PARAMETRIC_REPRESENTATION_CONTEXT() REPRESENTATION_CONTEXT('2D SPACE',''
  ) );
#6043 = PCURVE('',#5939,#6044);
#6044 = DEFINITIONAL_REPRESENTATION('',(#6045),#6049);
#6045 = LINE('',#6046,#6047);
#6046 = CARTESIAN_POINT('',(44.,0.));
#6047 = VECTOR('',#6048,1.);
#6048 = DIRECTION('',(0.,1.));
#6049 = ( GEOMETRIC_REPRESENTATION_CONTEXT(2) 
PARAMETRIC_REPRESENTATION_CONTEXT() REPRESENTATION_CONTEXT('2D SPACE',''
  ) );
#6050 = ADVANCED_FACE('',(#6051),#5857,.F.);
#6051 = FACE_BOUND('',#6052,.F.);
#6052 = EDGE_LOOP('',(#6053,#6074,#6075,#6096));
#6053 = ORIENTED_EDGE('',*,*,#6054,.F.);
#6054 = EDGE_CURVE('',#5835,#5955,#6055,.T.);
#6055 = SURFACE_CURVE('',#6056,(#6060,#6067),.PCURVE_S1.);
#6056 = LINE('',#6057,#6058);
#6057 = CARTESIAN_POINT('',(0.,0.,0.));
#6058 = VECTOR('',#6059,1.);
#6059 = DIRECTION('',(1.,0.,-0.));
#6060 = PCURVE('',#5857,#6061);
#6061 = DEFINITIONAL_REPRESENTATION('',(#6062),#6066);
#6062 = LINE('',#6063,#6064);
#6063 = CARTESIAN_POINT('',(0.,0.));
#6064 = VECTOR('',#6065,1.);
#6065 = DIRECTION('',(0.,1.));
#6066 = ( GEOMETRIC_REPRESENTATION_CONTEXT(2) 
PARAMETRIC_REPRESENTATION_CONTEXT() REPRESENTATION_CONTEXT('2D SPACE',''
  ) );
#6067 = PCURVE('',#5885,#6068);
#6068 = DEFINITIONAL_REPRESENTATION('',(#6069),#6073);
#6069 = LINE('',#6070,#6071);
#6070 = CARTESIAN_POINT('',(0.,0.));
#6071 = VECTOR('',#6072,1.);
#6072 = DIRECTION('',(1.,0.));
#6073 = ( GEOMETRIC_REPRESENTATION_CONTEXT(2) 
PARAMETRIC_REPRESENTATION_CONTEXT() REPRESENTATION_CONTEXT('2D SPACE',''
  ) );
#6074 = ORIENTED_EDGE('',*,*,#5834,.T.);
#6075 = ORIENTED_EDGE('',*,*,#6076,.T.);
#6076 = EDGE_CURVE('',#5837,#5957,#6077,.T.);
#6077 = SURFACE_CURVE('',#6078,(#6082,#6089),.PCURVE_S1.);
#6078 = LINE('',#6079,#6080);
#6079 = CARTESIAN_POINT('',(0.,0.,432.4));
#6080 = VECTOR('',#6081,1.);
#6081 = DIRECTION('',(1.,0.,-0.));
#6082 = PCURVE('',#5857,#6083);
#6083 = DEFINITIONAL_REPRESENTATION('',(#6084),#6088);
#6084 = LINE('',#6085,#6086);
#6085 = CARTESIAN_POINT('',(432.4,0.));
#6086 = VECTOR('',#6087,1.);
#6087 = DIRECTION('',(0.,1.));
#6088 = ( GEOMETRIC_REPRESENTATION_CONTEXT(2) 
PARAMETRIC_REPRESENTATION_CONTEXT() REPRESENTATION_CONTEXT('2D SPACE',''
  ) );
#6089 = PCURVE('',#5939,#6090);
#6090 = DEFINITIONAL_REPRESENTATION('',(#6091),#6095);
#6091 = LINE('',#6092,#6093);
#6092 = CARTESIAN_POINT('',(0.,0.));
#6093 = VECTOR('',#6094,1.);
#6094 = DIRECTION('',(1.,0.));
#6095 = ( GEOMETRIC_REPRESENTATION_CONTEXT(2) 
PARAMETRIC_REPRESENTATION_CONTEXT() REPRESENTATION_CONTEXT('2D SPACE',''
  ) );
#6096 = ORIENTED_EDGE('',*,*,#5954,.F.);
#6097 = ADVANCED_FACE('',(#6098),#5913,.T.);
#6098 = FACE_BOUND('',#6099,.T.);
#6099 = EDGE_LOOP('',(#6100,#6121,#6122,#6143));
#6100 = ORIENTED_EDGE('',*,*,#6101,.F.);
#6101 = EDGE_CURVE('',#5870,#5985,#6102,.T.);
#6102 = SURFACE_CURVE('',#6103,(#6107,#6114),.PCURVE_S1.);
#6103 = LINE('',#6104,#6105);
#6104 = CARTESIAN_POINT('',(0.,347.,0.));
#6105 = VECTOR('',#6106,1.);
#6106 = DIRECTION('',(1.,0.,-0.));
#6107 = PCURVE('',#5913,#6108);
#6108 = DEFINITIONAL_REPRESENTATION('',(#6109),#6113);
#6109 = LINE('',#6110,#6111);
#6110 = CARTESIAN_POINT('',(0.,0.));
#6111 = VECTOR('',#6112,1.);
#6112 = DIRECTION('',(0.,1.));
#6113 = ( GEOMETRIC_REPRESENTATION_CONTEXT(2) 
PARAMETRIC_REPRESENTATION_CONTEXT() REPRESENTATION_CONTEXT('2D SPACE',''
  ) );
#6114 = PCURVE('',#5885,#6115);
#6115 = DEFINITIONAL_REPRESENTATION('',(#6116),#6120);
#6116 = LINE('',#6117,#6118);
#6117 = CARTESIAN_POINT('',(0.,347.));
#6118 = VECTOR('',#6119,1.);
#6119 = DIRECTION('',(1.,0.));
#6120 = ( GEOMETRIC_REPRESENTATION_CONTEXT(2) 
PARAMETRIC_REPRESENTATION_CONTEXT() REPRESENTATION_CONTEXT('2D SPACE',''
  ) );
#6121 = ORIENTED_EDGE('',*,*,#5897,.T.);
#6122 = ORIENTED_EDGE('',*,*,#6123,.T.);
#6123 = EDGE_CURVE('',#5898,#6008,#6124,.T.);
#6124 = SURFACE_CURVE('',#6125,(#6129,#6136),.PCURVE_S1.);
#6125 = LINE('',#6126,#6127);
#6126 = CARTESIAN_POINT('',(0.,347.,432.4));
#6127 = VECTOR('',#6128,1.);
#6128 = DIRECTION('',(1.,0.,-0.));
#6129 = PCURVE('',#5913,#6130);
#6130 = DEFINITIONAL_REPRESENTATION('',(#6131),#6135);
#6131 = LINE('',#6132,#6133);
#6132 = CARTESIAN_POINT('',(432.4,0.));
#6133 = VECTOR('',#6134,1.);
#6134 = DIRECTION('',(0.,1.));
#6135 = ( GEOMETRIC_REPRESENTATION_CONTEXT(2) 
PARAMETRIC_REPRESENTATION_CONTEXT() REPRESENTATION_CONTEXT('2D SPACE',''
  ) );
#6136 = PCURVE('',#5939,#6137);
#6137 = DEFINITIONAL_REPRESENTATION('',(#6138),#6142);
#6138 = LINE('',#6139,#6140);
#6139 = CARTESIAN_POINT('',(0.,347.));
#6140 = VECTOR('',#6141,1.);
#6141 = DIRECTION('',(1.,0.));
#6142 = ( GEOMETRIC_REPRESENTATION_CONTEXT(2) 
PARAMETRIC_REPRESENTATION_CONTEXT() REPRESENTATION_CONTEXT('2D SPACE',''
  ) );
#6143 = ORIENTED_EDGE('',*,*,#6007,.F.);
#6144 = ADVANCED_FACE('',(#6145),#5885,.F.);
#6145 = FACE_BOUND('',#6146,.F.);
#6146 = EDGE_LOOP('',(#6147,#6148,#6149,#6150));
#6147 = ORIENTED_EDGE('',*,*,#5869,.F.);
#6148 = ORIENTED_EDGE('',*,*,#6054,.T.);
#6149 = ORIENTED_EDGE('',*,*,#5984,.T.);
#6150 = ORIENTED_EDGE('',*,*,#6101,.F.);
#6151 = ADVANCED_FACE('',(#6152),#5939,.T.);
#6152 = FACE_BOUND('',#6153,.T.);
#6153 = EDGE_LOOP('',(#6154,#6155,#6156,#6157));
#6154 = ORIENTED_EDGE('',*,*,#5925,.F.);
#6155 = ORIENTED_EDGE('',*,*,#6076,.T.);
#6156 = ORIENTED_EDGE('',*,*,#6030,.T.);
#6157 = ORIENTED_EDGE('',*,*,#6123,.F.);
#6158 = ( GEOMETRIC_REPRESENTATION_CONTEXT(3) 
GLOBAL_UNCERTAINTY_ASSIGNED_CONTEXT((#6162)) 
GLOBAL_UNIT_ASSIGNED_CONTEXT((#6159,#6160,#6161)) REPRESENTATION_CONTEXT
('Context #1','3D Context with UNIT and UNCERTAINTY') );
#6159 = ( LENGTH_UNIT() NAMED_UNIT(*) SI_UNIT(.MILLI.,.METRE.) );
#6160 = ( NAMED_UNIT(*) PLANE_ANGLE_UNIT() SI_UNIT($,.RADIAN.) );
#6161 = ( NAMED_UNIT(*) SI_UNIT($,.STERADIAN.) SOLID_ANGLE_UNIT() );
#6162 = UNCERTAINTY_MEASURE_WITH_UNIT(LENGTH_MEASURE(1.E-07),#6159,
  'distance_accuracy_value','confusion accuracy');
#6163 = CONTEXT_DEPENDENT_SHAPE_REPRESENTATION(#6164,#6166);
#6164 = ( REPRESENTATION_RELATIONSHIP('','',#5827,#5804) 
REPRESENTATION_RELATIONSHIP_WITH_TRANSFORMATION(#6165) 
SHAPE_REPRESENTATION_RELATIONSHIP() );
#6165 = ITEM_DEFINED_TRANSFORMATION('','',#11,#5805);
#6166 = PRODUCT_DEFINITION_SHAPE('Placement','Placement of an item',
  #6167);
#6167 = NEXT_ASSEMBLY_USAGE_OCCURRENCE('105','=>[0:1:1:43]','',#5799,
  #5822,$);
#6168 = PRODUCT_RELATED_PRODUCT_CATEGORY('part',$,(#5824));
#6169 = SHAPE_DEFINITION_REPRESENTATION(#6170,#6176);
#6170 = PRODUCT_DEFINITION_SHAPE('','',#6171);
#6171 = PRODUCT_DEFINITION('design','',#6172,#6175);
#6172 = PRODUCT_DEFINITION_FORMATION('','',#6173);
#6173 = PRODUCT('right_front_covered_wheel_spoke_04',
  'right_front_covered_wheel_spoke_04','',(#6174));
#6174 = PRODUCT_CONTEXT('',#2,'mechanical');
#6175 = PRODUCT_DEFINITION_CONTEXT('part definition',#2,'design');
#6176 = SHAPE_REPRESENTATION('',(#11,#6177),#6181);
#6177 = AXIS2_PLACEMENT_3D('',#6178,#6179,#6180);
#6178 = CARTESIAN_POINT('',(-22.,-173.5,-216.2));
#6179 = DIRECTION('',(0.,0.,1.));
#6180 = DIRECTION('',(1.,0.,0.));
#6181 = ( GEOMETRIC_REPRESENTATION_CONTEXT(3) 
GLOBAL_UNCERTAINTY_ASSIGNED_CONTEXT((#6185)) 
GLOBAL_UNIT_ASSIGNED_CONTEXT((#6182,#6183,#6184)) REPRESENTATION_CONTEXT
('Context #1','3D Context with UNIT and UNCERTAINTY') );
#6182 = ( LENGTH_UNIT() NAMED_UNIT(*) SI_UNIT(.MILLI.,.METRE.) );
#6183 = ( NAMED_UNIT(*) PLANE_ANGLE_UNIT() SI_UNIT($,.RADIAN.) );
#6184 = ( NAMED_UNIT(*) SI_UNIT($,.STERADIAN.) SOLID_ANGLE_UNIT() );
#6185 = UNCERTAINTY_MEASURE_WITH_UNIT(LENGTH_MEASURE(1.E-07),#6182,
  'distance_accuracy_value','confusion accuracy');
#6186 = CONTEXT_DEPENDENT_SHAPE_REPRESENTATION(#6187,#6189);
#6187 = ( REPRESENTATION_RELATIONSHIP('','',#6176,#10) 
REPRESENTATION_RELATIONSHIP_WITH_TRANSFORMATION(#6188) 
SHAPE_REPRESENTATION_RELATIONSHIP() );
#6188 = ITEM_DEFINED_TRANSFORMATION('','',#11,#99);
#6189 = PRODUCT_DEFINITION_SHAPE('Placement','Placement of an item',
  #6190);
#6190 = NEXT_ASSEMBLY_USAGE_OCCURRENCE('108','=>[0:1:1:44]','',#5,#6171,
  $);
#6191 = PRODUCT_RELATED_PRODUCT_CATEGORY('part',$,(#6173));
#6192 = SHAPE_DEFINITION_REPRESENTATION(#6193,#6199);
#6193 = PRODUCT_DEFINITION_SHAPE('','',#6194);
#6194 = PRODUCT_DEFINITION('design','',#6195,#6198);
#6195 = PRODUCT_DEFINITION_FORMATION('','',#6196);
#6196 = PRODUCT('SOLID','SOLID','',(#6197));
#6197 = PRODUCT_CONTEXT('',#2,'mechanical');
#6198 = PRODUCT_DEFINITION_CONTEXT('part definition',#2,'design');
#6199 = ADVANCED_BREP_SHAPE_REPRESENTATION('',(#11,#6200),#6530);
#6200 = MANIFOLD_SOLID_BREP('',#6201);
#6201 = CLOSED_SHELL('',(#6202,#6322,#6422,#6469,#6516,#6523));
#6202 = ADVANCED_FACE('',(#6203),#6217,.F.);
#6203 = FACE_BOUND('',#6204,.F.);
#6204 = EDGE_LOOP('',(#6205,#6240,#6268,#6296));
#6205 = ORIENTED_EDGE('',*,*,#6206,.F.);
#6206 = EDGE_CURVE('',#6207,#6209,#6211,.T.);
#6207 = VERTEX_POINT('',#6208);
#6208 = CARTESIAN_POINT('',(0.,0.,0.));
#6209 = VERTEX_POINT('',#6210);
#6210 = CARTESIAN_POINT('',(0.,0.,432.4));
#6211 = SURFACE_CURVE('',#6212,(#6216,#6228),.PCURVE_S1.);
#6212 = LINE('',#6213,#6214);
#6213 = CARTESIAN_POINT('',(0.,0.,0.));
#6214 = VECTOR('',#6215,1.);
#6215 = DIRECTION('',(0.,0.,1.));
#6216 = PCURVE('',#6217,#6222);
#6217 = PLANE('',#6218);
#6218 = AXIS2_PLACEMENT_3D('',#6219,#6220,#6221);
#6219 = CARTESIAN_POINT('',(0.,0.,0.));
#6220 = DIRECTION('',(1.,0.,-0.));
#6221 = DIRECTION('',(0.,0.,1.));
#6222 = DEFINITIONAL_REPRESENTATION('',(#6223),#6227);
#6223 = LINE('',#6224,#6225);
#6224 = CARTESIAN_POINT('',(0.,0.));
#6225 = VECTOR('',#6226,1.);
#6226 = DIRECTION('',(1.,0.));
#6227 = ( GEOMETRIC_REPRESENTATION_CONTEXT(2) 
PARAMETRIC_REPRESENTATION_CONTEXT() REPRESENTATION_CONTEXT('2D SPACE',''
  ) );
#6228 = PCURVE('',#6229,#6234);
#6229 = PLANE('',#6230);
#6230 = AXIS2_PLACEMENT_3D('',#6231,#6232,#6233);
#6231 = CARTESIAN_POINT('',(0.,0.,0.));
#6232 = DIRECTION('',(-0.,1.,0.));
#6233 = DIRECTION('',(0.,0.,1.));
#6234 = DEFINITIONAL_REPRESENTATION('',(#6235),#6239);
#6235 = LINE('',#6236,#6237);
#6236 = CARTESIAN_POINT('',(0.,0.));
#6237 = VECTOR('',#6238,1.);
#6238 = DIRECTION('',(1.,0.));
#6239 = ( GEOMETRIC_REPRESENTATION_CONTEXT(2) 
PARAMETRIC_REPRESENTATION_CONTEXT() REPRESENTATION_CONTEXT('2D SPACE',''
  ) );
#6240 = ORIENTED_EDGE('',*,*,#6241,.T.);
#6241 = EDGE_CURVE('',#6207,#6242,#6244,.T.);
#6242 = VERTEX_POINT('',#6243);
#6243 = CARTESIAN_POINT('',(0.,347.,0.));
#6244 = SURFACE_CURVE('',#6245,(#6249,#6256),.PCURVE_S1.);
#6245 = LINE('',#6246,#6247);
#6246 = CARTESIAN_POINT('',(0.,0.,0.));
#6247 = VECTOR('',#6248,1.);
#6248 = DIRECTION('',(-0.,1.,0.));
#6249 = PCURVE('',#6217,#6250);
#6250 = DEFINITIONAL_REPRESENTATION('',(#6251),#6255);
#6251 = LINE('',#6252,#6253);
#6252 = CARTESIAN_POINT('',(0.,0.));
#6253 = VECTOR('',#6254,1.);
#6254 = DIRECTION('',(0.,-1.));
#6255 = ( GEOMETRIC_REPRESENTATION_CONTEXT(2) 
PARAMETRIC_REPRESENTATION_CONTEXT() REPRESENTATION_CONTEXT('2D SPACE',''
  ) );
#6256 = PCURVE('',#6257,#6262);
#6257 = PLANE('',#6258);
#6258 = AXIS2_PLACEMENT_3D('',#6259,#6260,#6261);
#6259 = CARTESIAN_POINT('',(0.,0.,0.));
#6260 = DIRECTION('',(0.,0.,1.));
#6261 = DIRECTION('',(1.,0.,-0.));
#6262 = DEFINITIONAL_REPRESENTATION('',(#6263),#6267);
#6263 = LINE('',#6264,#6265);
#6264 = CARTESIAN_POINT('',(0.,0.));
#6265 = VECTOR('',#6266,1.);
#6266 = DIRECTION('',(0.,1.));
#6267 = ( GEOMETRIC_REPRESENTATION_CONTEXT(2) 
PARAMETRIC_REPRESENTATION_CONTEXT() REPRESENTATION_CONTEXT('2D SPACE',''
  ) );
#6268 = ORIENTED_EDGE('',*,*,#6269,.T.);
#6269 = EDGE_CURVE('',#6242,#6270,#6272,.T.);
#6270 = VERTEX_POINT('',#6271);
#6271 = CARTESIAN_POINT('',(0.,347.,432.4));
#6272 = SURFACE_CURVE('',#6273,(#6277,#6284),.PCURVE_S1.);
#6273 = LINE('',#6274,#6275);
#6274 = CARTESIAN_POINT('',(0.,347.,0.));
#6275 = VECTOR('',#6276,1.);
#6276 = DIRECTION('',(0.,0.,1.));
#6277 = PCURVE('',#6217,#6278);
#6278 = DEFINITIONAL_REPRESENTATION('',(#6279),#6283);
#6279 = LINE('',#6280,#6281);
#6280 = CARTESIAN_POINT('',(0.,-347.));
#6281 = VECTOR('',#6282,1.);
#6282 = DIRECTION('',(1.,0.));
#6283 = ( GEOMETRIC_REPRESENTATION_CONTEXT(2) 
PARAMETRIC_REPRESENTATION_CONTEXT() REPRESENTATION_CONTEXT('2D SPACE',''
  ) );
#6284 = PCURVE('',#6285,#6290);
#6285 = PLANE('',#6286);
#6286 = AXIS2_PLACEMENT_3D('',#6287,#6288,#6289);
#6287 = CARTESIAN_POINT('',(0.,347.,0.));
#6288 = DIRECTION('',(-0.,1.,0.));
#6289 = DIRECTION('',(0.,0.,1.));
#6290 = DEFINITIONAL_REPRESENTATION('',(#6291),#6295);
#6291 = LINE('',#6292,#6293);
#6292 = CARTESIAN_POINT('',(0.,0.));
#6293 = VECTOR('',#6294,1.);
#6294 = DIRECTION('',(1.,0.));
#6295 = ( GEOMETRIC_REPRESENTATION_CONTEXT(2) 
PARAMETRIC_REPRESENTATION_CONTEXT() REPRESENTATION_CONTEXT('2D SPACE',''
  ) );
#6296 = ORIENTED_EDGE('',*,*,#6297,.F.);
#6297 = EDGE_CURVE('',#6209,#6270,#6298,.T.);
#6298 = SURFACE_CURVE('',#6299,(#6303,#6310),.PCURVE_S1.);
#6299 = LINE('',#6300,#6301);
#6300 = CARTESIAN_POINT('',(0.,0.,432.4));
#6301 = VECTOR('',#6302,1.);
#6302 = DIRECTION('',(-0.,1.,0.));
#6303 = PCURVE('',#6217,#6304);
#6304 = DEFINITIONAL_REPRESENTATION('',(#6305),#6309);
#6305 = LINE('',#6306,#6307);
#6306 = CARTESIAN_POINT('',(432.4,0.));
#6307 = VECTOR('',#6308,1.);
#6308 = DIRECTION('',(0.,-1.));
#6309 = ( GEOMETRIC_REPRESENTATION_CONTEXT(2) 
PARAMETRIC_REPRESENTATION_CONTEXT() REPRESENTATION_CONTEXT('2D SPACE',''
  ) );
#6310 = PCURVE('',#6311,#6316);
#6311 = PLANE('',#6312);
#6312 = AXIS2_PLACEMENT_3D('',#6313,#6314,#6315);
#6313 = CARTESIAN_POINT('',(0.,0.,432.4));
#6314 = DIRECTION('',(0.,0.,1.));
#6315 = DIRECTION('',(1.,0.,-0.));
#6316 = DEFINITIONAL_REPRESENTATION('',(#6317),#6321);
#6317 = LINE('',#6318,#6319);
#6318 = CARTESIAN_POINT('',(0.,0.));
#6319 = VECTOR('',#6320,1.);
#6320 = DIRECTION('',(0.,1.));
#6321 = ( GEOMETRIC_REPRESENTATION_CONTEXT(2) 
PARAMETRIC_REPRESENTATION_CONTEXT() REPRESENTATION_CONTEXT('2D SPACE',''
  ) );
#6322 = ADVANCED_FACE('',(#6323),#6337,.T.);
#6323 = FACE_BOUND('',#6324,.T.);
#6324 = EDGE_LOOP('',(#6325,#6355,#6378,#6401));
#6325 = ORIENTED_EDGE('',*,*,#6326,.F.);
#6326 = EDGE_CURVE('',#6327,#6329,#6331,.T.);
#6327 = VERTEX_POINT('',#6328);
#6328 = CARTESIAN_POINT('',(44.,0.,0.));
#6329 = VERTEX_POINT('',#6330);
#6330 = CARTESIAN_POINT('',(44.,0.,432.4));
#6331 = SURFACE_CURVE('',#6332,(#6336,#6348),.PCURVE_S1.);
#6332 = LINE('',#6333,#6334);
#6333 = CARTESIAN_POINT('',(44.,0.,0.));
#6334 = VECTOR('',#6335,1.);
#6335 = DIRECTION('',(0.,0.,1.));
#6336 = PCURVE('',#6337,#6342);
#6337 = PLANE('',#6338);
#6338 = AXIS2_PLACEMENT_3D('',#6339,#6340,#6341);
#6339 = CARTESIAN_POINT('',(44.,0.,0.));
#6340 = DIRECTION('',(1.,0.,-0.));
#6341 = DIRECTION('',(0.,0.,1.));
#6342 = DEFINITIONAL_REPRESENTATION('',(#6343),#6347);
#6343 = LINE('',#6344,#6345);
#6344 = CARTESIAN_POINT('',(0.,0.));
#6345 = VECTOR('',#6346,1.);
#6346 = DIRECTION('',(1.,0.));
#6347 = ( GEOMETRIC_REPRESENTATION_CONTEXT(2) 
PARAMETRIC_REPRESENTATION_CONTEXT() REPRESENTATION_CONTEXT('2D SPACE',''
  ) );
#6348 = PCURVE('',#6229,#6349);
#6349 = DEFINITIONAL_REPRESENTATION('',(#6350),#6354);
#6350 = LINE('',#6351,#6352);
#6351 = CARTESIAN_POINT('',(0.,44.));
#6352 = VECTOR('',#6353,1.);
#6353 = DIRECTION('',(1.,0.));
#6354 = ( GEOMETRIC_REPRESENTATION_CONTEXT(2) 
PARAMETRIC_REPRESENTATION_CONTEXT() REPRESENTATION_CONTEXT('2D SPACE',''
  ) );
#6355 = ORIENTED_EDGE('',*,*,#6356,.T.);
#6356 = EDGE_CURVE('',#6327,#6357,#6359,.T.);
#6357 = VERTEX_POINT('',#6358);
#6358 = CARTESIAN_POINT('',(44.,347.,0.));
#6359 = SURFACE_CURVE('',#6360,(#6364,#6371),.PCURVE_S1.);
#6360 = LINE('',#6361,#6362);
#6361 = CARTESIAN_POINT('',(44.,0.,0.));
#6362 = VECTOR('',#6363,1.);
#6363 = DIRECTION('',(-0.,1.,0.));
#6364 = PCURVE('',#6337,#6365);
#6365 = DEFINITIONAL_REPRESENTATION('',(#6366),#6370);
#6366 = LINE('',#6367,#6368);
#6367 = CARTESIAN_POINT('',(0.,0.));
#6368 = VECTOR('',#6369,1.);
#6369 = DIRECTION('',(0.,-1.));
#6370 = ( GEOMETRIC_REPRESENTATION_CONTEXT(2) 
PARAMETRIC_REPRESENTATION_CONTEXT() REPRESENTATION_CONTEXT('2D SPACE',''
  ) );
#6371 = PCURVE('',#6257,#6372);
#6372 = DEFINITIONAL_REPRESENTATION('',(#6373),#6377);
#6373 = LINE('',#6374,#6375);
#6374 = CARTESIAN_POINT('',(44.,0.));
#6375 = VECTOR('',#6376,1.);
#6376 = DIRECTION('',(0.,1.));
#6377 = ( GEOMETRIC_REPRESENTATION_CONTEXT(2) 
PARAMETRIC_REPRESENTATION_CONTEXT() REPRESENTATION_CONTEXT('2D SPACE',''
  ) );
#6378 = ORIENTED_EDGE('',*,*,#6379,.T.);
#6379 = EDGE_CURVE('',#6357,#6380,#6382,.T.);
#6380 = VERTEX_POINT('',#6381);
#6381 = CARTESIAN_POINT('',(44.,347.,432.4));
#6382 = SURFACE_CURVE('',#6383,(#6387,#6394),.PCURVE_S1.);
#6383 = LINE('',#6384,#6385);
#6384 = CARTESIAN_POINT('',(44.,347.,0.));
#6385 = VECTOR('',#6386,1.);
#6386 = DIRECTION('',(0.,0.,1.));
#6387 = PCURVE('',#6337,#6388);
#6388 = DEFINITIONAL_REPRESENTATION('',(#6389),#6393);
#6389 = LINE('',#6390,#6391);
#6390 = CARTESIAN_POINT('',(0.,-347.));
#6391 = VECTOR('',#6392,1.);
#6392 = DIRECTION('',(1.,0.));
#6393 = ( GEOMETRIC_REPRESENTATION_CONTEXT(2) 
PARAMETRIC_REPRESENTATION_CONTEXT() REPRESENTATION_CONTEXT('2D SPACE',''
  ) );
#6394 = PCURVE('',#6285,#6395);
#6395 = DEFINITIONAL_REPRESENTATION('',(#6396),#6400);
#6396 = LINE('',#6397,#6398);
#6397 = CARTESIAN_POINT('',(0.,44.));
#6398 = VECTOR('',#6399,1.);
#6399 = DIRECTION('',(1.,0.));
#6400 = ( GEOMETRIC_REPRESENTATION_CONTEXT(2) 
PARAMETRIC_REPRESENTATION_CONTEXT() REPRESENTATION_CONTEXT('2D SPACE',''
  ) );
#6401 = ORIENTED_EDGE('',*,*,#6402,.F.);
#6402 = EDGE_CURVE('',#6329,#6380,#6403,.T.);
#6403 = SURFACE_CURVE('',#6404,(#6408,#6415),.PCURVE_S1.);
#6404 = LINE('',#6405,#6406);
#6405 = CARTESIAN_POINT('',(44.,0.,432.4));
#6406 = VECTOR('',#6407,1.);
#6407 = DIRECTION('',(-0.,1.,0.));
#6408 = PCURVE('',#6337,#6409);
#6409 = DEFINITIONAL_REPRESENTATION('',(#6410),#6414);
#6410 = LINE('',#6411,#6412);
#6411 = CARTESIAN_POINT('',(432.4,0.));
#6412 = VECTOR('',#6413,1.);
#6413 = DIRECTION('',(0.,-1.));
#6414 = ( GEOMETRIC_REPRESENTATION_CONTEXT(2) 
PARAMETRIC_REPRESENTATION_CONTEXT() REPRESENTATION_CONTEXT('2D SPACE',''
  ) );
#6415 = PCURVE('',#6311,#6416);
#6416 = DEFINITIONAL_REPRESENTATION('',(#6417),#6421);
#6417 = LINE('',#6418,#6419);
#6418 = CARTESIAN_POINT('',(44.,0.));
#6419 = VECTOR('',#6420,1.);
#6420 = DIRECTION('',(0.,1.));
#6421 = ( GEOMETRIC_REPRESENTATION_CONTEXT(2) 
PARAMETRIC_REPRESENTATION_CONTEXT() REPRESENTATION_CONTEXT('2D SPACE',''
  ) );
#6422 = ADVANCED_FACE('',(#6423),#6229,.F.);
#6423 = FACE_BOUND('',#6424,.F.);
#6424 = EDGE_LOOP('',(#6425,#6446,#6447,#6468));
#6425 = ORIENTED_EDGE('',*,*,#6426,.F.);
#6426 = EDGE_CURVE('',#6207,#6327,#6427,.T.);
#6427 = SURFACE_CURVE('',#6428,(#6432,#6439),.PCURVE_S1.);
#6428 = LINE('',#6429,#6430);
#6429 = CARTESIAN_POINT('',(0.,0.,0.));
#6430 = VECTOR('',#6431,1.);
#6431 = DIRECTION('',(1.,0.,-0.));
#6432 = PCURVE('',#6229,#6433);
#6433 = DEFINITIONAL_REPRESENTATION('',(#6434),#6438);
#6434 = LINE('',#6435,#6436);
#6435 = CARTESIAN_POINT('',(0.,0.));
#6436 = VECTOR('',#6437,1.);
#6437 = DIRECTION('',(0.,1.));
#6438 = ( GEOMETRIC_REPRESENTATION_CONTEXT(2) 
PARAMETRIC_REPRESENTATION_CONTEXT() REPRESENTATION_CONTEXT('2D SPACE',''
  ) );
#6439 = PCURVE('',#6257,#6440);
#6440 = DEFINITIONAL_REPRESENTATION('',(#6441),#6445);
#6441 = LINE('',#6442,#6443);
#6442 = CARTESIAN_POINT('',(0.,0.));
#6443 = VECTOR('',#6444,1.);
#6444 = DIRECTION('',(1.,0.));
#6445 = ( GEOMETRIC_REPRESENTATION_CONTEXT(2) 
PARAMETRIC_REPRESENTATION_CONTEXT() REPRESENTATION_CONTEXT('2D SPACE',''
  ) );
#6446 = ORIENTED_EDGE('',*,*,#6206,.T.);
#6447 = ORIENTED_EDGE('',*,*,#6448,.T.);
#6448 = EDGE_CURVE('',#6209,#6329,#6449,.T.);
#6449 = SURFACE_CURVE('',#6450,(#6454,#6461),.PCURVE_S1.);
#6450 = LINE('',#6451,#6452);
#6451 = CARTESIAN_POINT('',(0.,0.,432.4));
#6452 = VECTOR('',#6453,1.);
#6453 = DIRECTION('',(1.,0.,-0.));
#6454 = PCURVE('',#6229,#6455);
#6455 = DEFINITIONAL_REPRESENTATION('',(#6456),#6460);
#6456 = LINE('',#6457,#6458);
#6457 = CARTESIAN_POINT('',(432.4,0.));
#6458 = VECTOR('',#6459,1.);
#6459 = DIRECTION('',(0.,1.));
#6460 = ( GEOMETRIC_REPRESENTATION_CONTEXT(2) 
PARAMETRIC_REPRESENTATION_CONTEXT() REPRESENTATION_CONTEXT('2D SPACE',''
  ) );
#6461 = PCURVE('',#6311,#6462);
#6462 = DEFINITIONAL_REPRESENTATION('',(#6463),#6467);
#6463 = LINE('',#6464,#6465);
#6464 = CARTESIAN_POINT('',(0.,0.));
#6465 = VECTOR('',#6466,1.);
#6466 = DIRECTION('',(1.,0.));
#6467 = ( GEOMETRIC_REPRESENTATION_CONTEXT(2) 
PARAMETRIC_REPRESENTATION_CONTEXT() REPRESENTATION_CONTEXT('2D SPACE',''
  ) );
#6468 = ORIENTED_EDGE('',*,*,#6326,.F.);
#6469 = ADVANCED_FACE('',(#6470),#6285,.T.);
#6470 = FACE_BOUND('',#6471,.T.);
#6471 = EDGE_LOOP('',(#6472,#6493,#6494,#6515));
#6472 = ORIENTED_EDGE('',*,*,#6473,.F.);
#6473 = EDGE_CURVE('',#6242,#6357,#6474,.T.);
#6474 = SURFACE_CURVE('',#6475,(#6479,#6486),.PCURVE_S1.);
#6475 = LINE('',#6476,#6477);
#6476 = CARTESIAN_POINT('',(0.,347.,0.));
#6477 = VECTOR('',#6478,1.);
#6478 = DIRECTION('',(1.,0.,-0.));
#6479 = PCURVE('',#6285,#6480);
#6480 = DEFINITIONAL_REPRESENTATION('',(#6481),#6485);
#6481 = LINE('',#6482,#6483);
#6482 = CARTESIAN_POINT('',(0.,0.));
#6483 = VECTOR('',#6484,1.);
#6484 = DIRECTION('',(0.,1.));
#6485 = ( GEOMETRIC_REPRESENTATION_CONTEXT(2) 
PARAMETRIC_REPRESENTATION_CONTEXT() REPRESENTATION_CONTEXT('2D SPACE',''
  ) );
#6486 = PCURVE('',#6257,#6487);
#6487 = DEFINITIONAL_REPRESENTATION('',(#6488),#6492);
#6488 = LINE('',#6489,#6490);
#6489 = CARTESIAN_POINT('',(0.,347.));
#6490 = VECTOR('',#6491,1.);
#6491 = DIRECTION('',(1.,0.));
#6492 = ( GEOMETRIC_REPRESENTATION_CONTEXT(2) 
PARAMETRIC_REPRESENTATION_CONTEXT() REPRESENTATION_CONTEXT('2D SPACE',''
  ) );
#6493 = ORIENTED_EDGE('',*,*,#6269,.T.);
#6494 = ORIENTED_EDGE('',*,*,#6495,.T.);
#6495 = EDGE_CURVE('',#6270,#6380,#6496,.T.);
#6496 = SURFACE_CURVE('',#6497,(#6501,#6508),.PCURVE_S1.);
#6497 = LINE('',#6498,#6499);
#6498 = CARTESIAN_POINT('',(0.,347.,432.4));
#6499 = VECTOR('',#6500,1.);
#6500 = DIRECTION('',(1.,0.,-0.));
#6501 = PCURVE('',#6285,#6502);
#6502 = DEFINITIONAL_REPRESENTATION('',(#6503),#6507);
#6503 = LINE('',#6504,#6505);
#6504 = CARTESIAN_POINT('',(432.4,0.));
#6505 = VECTOR('',#6506,1.);
#6506 = DIRECTION('',(0.,1.));
#6507 = ( GEOMETRIC_REPRESENTATION_CONTEXT(2) 
PARAMETRIC_REPRESENTATION_CONTEXT() REPRESENTATION_CONTEXT('2D SPACE',''
  ) );
#6508 = PCURVE('',#6311,#6509);
#6509 = DEFINITIONAL_REPRESENTATION('',(#6510),#6514);
#6510 = LINE('',#6511,#6512);
#6511 = CARTESIAN_POINT('',(0.,347.));
#6512 = VECTOR('',#6513,1.);
#6513 = DIRECTION('',(1.,0.));
#6514 = ( GEOMETRIC_REPRESENTATION_CONTEXT(2) 
PARAMETRIC_REPRESENTATION_CONTEXT() REPRESENTATION_CONTEXT('2D SPACE',''
  ) );
#6515 = ORIENTED_EDGE('',*,*,#6379,.F.);
#6516 = ADVANCED_FACE('',(#6517),#6257,.F.);
#6517 = FACE_BOUND('',#6518,.F.);
#6518 = EDGE_LOOP('',(#6519,#6520,#6521,#6522));
#6519 = ORIENTED_EDGE('',*,*,#6241,.F.);
#6520 = ORIENTED_EDGE('',*,*,#6426,.T.);
#6521 = ORIENTED_EDGE('',*,*,#6356,.T.);
#6522 = ORIENTED_EDGE('',*,*,#6473,.F.);
#6523 = ADVANCED_FACE('',(#6524),#6311,.T.);
#6524 = FACE_BOUND('',#6525,.T.);
#6525 = EDGE_LOOP('',(#6526,#6527,#6528,#6529));
#6526 = ORIENTED_EDGE('',*,*,#6297,.F.);
#6527 = ORIENTED_EDGE('',*,*,#6448,.T.);
#6528 = ORIENTED_EDGE('',*,*,#6402,.T.);
#6529 = ORIENTED_EDGE('',*,*,#6495,.F.);
#6530 = ( GEOMETRIC_REPRESENTATION_CONTEXT(3) 
GLOBAL_UNCERTAINTY_ASSIGNED_CONTEXT((#6534)) 
GLOBAL_UNIT_ASSIGNED_CONTEXT((#6531,#6532,#6533)) REPRESENTATION_CONTEXT
('Context #1','3D Context with UNIT and UNCERTAINTY') );
#6531 = ( LENGTH_UNIT() NAMED_UNIT(*) SI_UNIT(.MILLI.,.METRE.) );
#6532 = ( NAMED_UNIT(*) PLANE_ANGLE_UNIT() SI_UNIT($,.RADIAN.) );
#6533 = ( NAMED_UNIT(*) SI_UNIT($,.STERADIAN.) SOLID_ANGLE_UNIT() );
#6534 = UNCERTAINTY_MEASURE_WITH_UNIT(LENGTH_MEASURE(1.E-07),#6531,
  'distance_accuracy_value','confusion accuracy');
#6535 = CONTEXT_DEPENDENT_SHAPE_REPRESENTATION(#6536,#6538);
#6536 = ( REPRESENTATION_RELATIONSHIP('','',#6199,#6176) 
REPRESENTATION_RELATIONSHIP_WITH_TRANSFORMATION(#6537) 
SHAPE_REPRESENTATION_RELATIONSHIP() );
#6537 = ITEM_DEFINED_TRANSFORMATION('','',#11,#6177);
#6538 = PRODUCT_DEFINITION_SHAPE('Placement','Placement of an item',
  #6539);
#6539 = NEXT_ASSEMBLY_USAGE_OCCURRENCE('107','=>[0:1:1:45]','',#6171,
  #6194,$);
#6540 = PRODUCT_RELATED_PRODUCT_CATEGORY('part',$,(#6196));
#6541 = SHAPE_DEFINITION_REPRESENTATION(#6542,#6548);
#6542 = PRODUCT_DEFINITION_SHAPE('','',#6543);
#6543 = PRODUCT_DEFINITION('design','',#6544,#6547);
#6544 = PRODUCT_DEFINITION_FORMATION('','',#6545);
#6545 = PRODUCT('right_front_covered_wheel_spoke_05',
  'right_front_covered_wheel_spoke_05','',(#6546));
#6546 = PRODUCT_CONTEXT('',#2,'mechanical');
#6547 = PRODUCT_DEFINITION_CONTEXT('part definition',#2,'design');
#6548 = SHAPE_REPRESENTATION('',(#11,#6549),#6553);
#6549 = AXIS2_PLACEMENT_3D('',#6550,#6551,#6552);
#6550 = CARTESIAN_POINT('',(-22.,-173.5,-216.2));
#6551 = DIRECTION('',(0.,0.,1.));
#6552 = DIRECTION('',(1.,0.,0.));
#6553 = ( GEOMETRIC_REPRESENTATION_CONTEXT(3) 
GLOBAL_UNCERTAINTY_ASSIGNED_CONTEXT((#6557)) 
GLOBAL_UNIT_ASSIGNED_CONTEXT((#6554,#6555,#6556)) REPRESENTATION_CONTEXT
('Context #1','3D Context with UNIT and UNCERTAINTY') );
#6554 = ( LENGTH_UNIT() NAMED_UNIT(*) SI_UNIT(.MILLI.,.METRE.) );
#6555 = ( NAMED_UNIT(*) PLANE_ANGLE_UNIT() SI_UNIT($,.RADIAN.) );
#6556 = ( NAMED_UNIT(*) SI_UNIT($,.STERADIAN.) SOLID_ANGLE_UNIT() );
#6557 = UNCERTAINTY_MEASURE_WITH_UNIT(LENGTH_MEASURE(1.E-07),#6554,
  'distance_accuracy_value','confusion accuracy');
#6558 = CONTEXT_DEPENDENT_SHAPE_REPRESENTATION(#6559,#6561);
#6559 = ( REPRESENTATION_RELATIONSHIP('','',#6548,#10) 
REPRESENTATION_RELATIONSHIP_WITH_TRANSFORMATION(#6560) 
SHAPE_REPRESENTATION_RELATIONSHIP() );
#6560 = ITEM_DEFINED_TRANSFORMATION('','',#11,#103);
#6561 = PRODUCT_DEFINITION_SHAPE('Placement','Placement of an item',
  #6562);
#6562 = NEXT_ASSEMBLY_USAGE_OCCURRENCE('110','=>[0:1:1:46]','',#5,#6543,
  $);
#6563 = PRODUCT_RELATED_PRODUCT_CATEGORY('part',$,(#6545));
#6564 = SHAPE_DEFINITION_REPRESENTATION(#6565,#6571);
#6565 = PRODUCT_DEFINITION_SHAPE('','',#6566);
#6566 = PRODUCT_DEFINITION('design','',#6567,#6570);
#6567 = PRODUCT_DEFINITION_FORMATION('','',#6568);
#6568 = PRODUCT('SOLID','SOLID','',(#6569));
#6569 = PRODUCT_CONTEXT('',#2,'mechanical');
#6570 = PRODUCT_DEFINITION_CONTEXT('part definition',#2,'design');
#6571 = ADVANCED_BREP_SHAPE_REPRESENTATION('',(#11,#6572),#6902);
#6572 = MANIFOLD_SOLID_BREP('',#6573);
#6573 = CLOSED_SHELL('',(#6574,#6694,#6794,#6841,#6888,#6895));
#6574 = ADVANCED_FACE('',(#6575),#6589,.F.);
#6575 = FACE_BOUND('',#6576,.F.);
#6576 = EDGE_LOOP('',(#6577,#6612,#6640,#6668));
#6577 = ORIENTED_EDGE('',*,*,#6578,.F.);
#6578 = EDGE_CURVE('',#6579,#6581,#6583,.T.);
#6579 = VERTEX_POINT('',#6580);
#6580 = CARTESIAN_POINT('',(0.,0.,0.));
#6581 = VERTEX_POINT('',#6582);
#6582 = CARTESIAN_POINT('',(0.,0.,432.4));
#6583 = SURFACE_CURVE('',#6584,(#6588,#6600),.PCURVE_S1.);
#6584 = LINE('',#6585,#6586);
#6585 = CARTESIAN_POINT('',(0.,0.,0.));
#6586 = VECTOR('',#6587,1.);
#6587 = DIRECTION('',(0.,0.,1.));
#6588 = PCURVE('',#6589,#6594);
#6589 = PLANE('',#6590);
#6590 = AXIS2_PLACEMENT_3D('',#6591,#6592,#6593);
#6591 = CARTESIAN_POINT('',(0.,0.,0.));
#6592 = DIRECTION('',(1.,0.,-0.));
#6593 = DIRECTION('',(0.,0.,1.));
#6594 = DEFINITIONAL_REPRESENTATION('',(#6595),#6599);
#6595 = LINE('',#6596,#6597);
#6596 = CARTESIAN_POINT('',(0.,0.));
#6597 = VECTOR('',#6598,1.);
#6598 = DIRECTION('',(1.,0.));
#6599 = ( GEOMETRIC_REPRESENTATION_CONTEXT(2) 
PARAMETRIC_REPRESENTATION_CONTEXT() REPRESENTATION_CONTEXT('2D SPACE',''
  ) );
#6600 = PCURVE('',#6601,#6606);
#6601 = PLANE('',#6602);
#6602 = AXIS2_PLACEMENT_3D('',#6603,#6604,#6605);
#6603 = CARTESIAN_POINT('',(0.,0.,0.));
#6604 = DIRECTION('',(-0.,1.,0.));
#6605 = DIRECTION('',(0.,0.,1.));
#6606 = DEFINITIONAL_REPRESENTATION('',(#6607),#6611);
#6607 = LINE('',#6608,#6609);
#6608 = CARTESIAN_POINT('',(0.,0.));
#6609 = VECTOR('',#6610,1.);
#6610 = DIRECTION('',(1.,0.));
#6611 = ( GEOMETRIC_REPRESENTATION_CONTEXT(2) 
PARAMETRIC_REPRESENTATION_CONTEXT() REPRESENTATION_CONTEXT('2D SPACE',''
  ) );
#6612 = ORIENTED_EDGE('',*,*,#6613,.T.);
#6613 = EDGE_CURVE('',#6579,#6614,#6616,.T.);
#6614 = VERTEX_POINT('',#6615);
#6615 = CARTESIAN_POINT('',(0.,347.,0.));
#6616 = SURFACE_CURVE('',#6617,(#6621,#6628),.PCURVE_S1.);
#6617 = LINE('',#6618,#6619);
#6618 = CARTESIAN_POINT('',(0.,0.,0.));
#6619 = VECTOR('',#6620,1.);
#6620 = DIRECTION('',(-0.,1.,0.));
#6621 = PCURVE('',#6589,#6622);
#6622 = DEFINITIONAL_REPRESENTATION('',(#6623),#6627);
#6623 = LINE('',#6624,#6625);
#6624 = CARTESIAN_POINT('',(0.,0.));
#6625 = VECTOR('',#6626,1.);
#6626 = DIRECTION('',(0.,-1.));
#6627 = ( GEOMETRIC_REPRESENTATION_CONTEXT(2) 
PARAMETRIC_REPRESENTATION_CONTEXT() REPRESENTATION_CONTEXT('2D SPACE',''
  ) );
#6628 = PCURVE('',#6629,#6634);
#6629 = PLANE('',#6630);
#6630 = AXIS2_PLACEMENT_3D('',#6631,#6632,#6633);
#6631 = CARTESIAN_POINT('',(0.,0.,0.));
#6632 = DIRECTION('',(0.,0.,1.));
#6633 = DIRECTION('',(1.,0.,-0.));
#6634 = DEFINITIONAL_REPRESENTATION('',(#6635),#6639);
#6635 = LINE('',#6636,#6637);
#6636 = CARTESIAN_POINT('',(0.,0.));
#6637 = VECTOR('',#6638,1.);
#6638 = DIRECTION('',(0.,1.));
#6639 = ( GEOMETRIC_REPRESENTATION_CONTEXT(2) 
PARAMETRIC_REPRESENTATION_CONTEXT() REPRESENTATION_CONTEXT('2D SPACE',''
  ) );
#6640 = ORIENTED_EDGE('',*,*,#6641,.T.);
#6641 = EDGE_CURVE('',#6614,#6642,#6644,.T.);
#6642 = VERTEX_POINT('',#6643);
#6643 = CARTESIAN_POINT('',(0.,347.,432.4));
#6644 = SURFACE_CURVE('',#6645,(#6649,#6656),.PCURVE_S1.);
#6645 = LINE('',#6646,#6647);
#6646 = CARTESIAN_POINT('',(0.,347.,0.));
#6647 = VECTOR('',#6648,1.);
#6648 = DIRECTION('',(0.,0.,1.));
#6649 = PCURVE('',#6589,#6650);
#6650 = DEFINITIONAL_REPRESENTATION('',(#6651),#6655);
#6651 = LINE('',#6652,#6653);
#6652 = CARTESIAN_POINT('',(0.,-347.));
#6653 = VECTOR('',#6654,1.);
#6654 = DIRECTION('',(1.,0.));
#6655 = ( GEOMETRIC_REPRESENTATION_CONTEXT(2) 
PARAMETRIC_REPRESENTATION_CONTEXT() REPRESENTATION_CONTEXT('2D SPACE',''
  ) );
#6656 = PCURVE('',#6657,#6662);
#6657 = PLANE('',#6658);
#6658 = AXIS2_PLACEMENT_3D('',#6659,#6660,#6661);
#6659 = CARTESIAN_POINT('',(0.,347.,0.));
#6660 = DIRECTION('',(-0.,1.,0.));
#6661 = DIRECTION('',(0.,0.,1.));
#6662 = DEFINITIONAL_REPRESENTATION('',(#6663),#6667);
#6663 = LINE('',#6664,#6665);
#6664 = CARTESIAN_POINT('',(0.,0.));
#6665 = VECTOR('',#6666,1.);
#6666 = DIRECTION('',(1.,0.));
#6667 = ( GEOMETRIC_REPRESENTATION_CONTEXT(2) 
PARAMETRIC_REPRESENTATION_CONTEXT() REPRESENTATION_CONTEXT('2D SPACE',''
  ) );
#6668 = ORIENTED_EDGE('',*,*,#6669,.F.);
#6669 = EDGE_CURVE('',#6581,#6642,#6670,.T.);
#6670 = SURFACE_CURVE('',#6671,(#6675,#6682),.PCURVE_S1.);
#6671 = LINE('',#6672,#6673);
#6672 = CARTESIAN_POINT('',(0.,0.,432.4));
#6673 = VECTOR('',#6674,1.);
#6674 = DIRECTION('',(-0.,1.,0.));
#6675 = PCURVE('',#6589,#6676);
#6676 = DEFINITIONAL_REPRESENTATION('',(#6677),#6681);
#6677 = LINE('',#6678,#6679);
#6678 = CARTESIAN_POINT('',(432.4,0.));
#6679 = VECTOR('',#6680,1.);
#6680 = DIRECTION('',(0.,-1.));
#6681 = ( GEOMETRIC_REPRESENTATION_CONTEXT(2) 
PARAMETRIC_REPRESENTATION_CONTEXT() REPRESENTATION_CONTEXT('2D SPACE',''
  ) );
#6682 = PCURVE('',#6683,#6688);
#6683 = PLANE('',#6684);
#6684 = AXIS2_PLACEMENT_3D('',#6685,#6686,#6687);
#6685 = CARTESIAN_POINT('',(0.,0.,432.4));
#6686 = DIRECTION('',(0.,0.,1.));
#6687 = DIRECTION('',(1.,0.,-0.));
#6688 = DEFINITIONAL_REPRESENTATION('',(#6689),#6693);
#6689 = LINE('',#6690,#6691);
#6690 = CARTESIAN_POINT('',(0.,0.));
#6691 = VECTOR('',#6692,1.);
#6692 = DIRECTION('',(0.,1.));
#6693 = ( GEOMETRIC_REPRESENTATION_CONTEXT(2) 
PARAMETRIC_REPRESENTATION_CONTEXT() REPRESENTATION_CONTEXT('2D SPACE',''
  ) );
#6694 = ADVANCED_FACE('',(#6695),#6709,.T.);
#6695 = FACE_BOUND('',#6696,.T.);
#6696 = EDGE_LOOP('',(#6697,#6727,#6750,#6773));
#6697 = ORIENTED_EDGE('',*,*,#6698,.F.);
#6698 = EDGE_CURVE('',#6699,#6701,#6703,.T.);
#6699 = VERTEX_POINT('',#6700);
#6700 = CARTESIAN_POINT('',(44.,0.,0.));
#6701 = VERTEX_POINT('',#6702);
#6702 = CARTESIAN_POINT('',(44.,0.,432.4));
#6703 = SURFACE_CURVE('',#6704,(#6708,#6720),.PCURVE_S1.);
#6704 = LINE('',#6705,#6706);
#6705 = CARTESIAN_POINT('',(44.,0.,0.));
#6706 = VECTOR('',#6707,1.);
#6707 = DIRECTION('',(0.,0.,1.));
#6708 = PCURVE('',#6709,#6714);
#6709 = PLANE('',#6710);
#6710 = AXIS2_PLACEMENT_3D('',#6711,#6712,#6713);
#6711 = CARTESIAN_POINT('',(44.,0.,0.));
#6712 = DIRECTION('',(1.,0.,-0.));
#6713 = DIRECTION('',(0.,0.,1.));
#6714 = DEFINITIONAL_REPRESENTATION('',(#6715),#6719);
#6715 = LINE('',#6716,#6717);
#6716 = CARTESIAN_POINT('',(0.,0.));
#6717 = VECTOR('',#6718,1.);
#6718 = DIRECTION('',(1.,0.));
#6719 = ( GEOMETRIC_REPRESENTATION_CONTEXT(2) 
PARAMETRIC_REPRESENTATION_CONTEXT() REPRESENTATION_CONTEXT('2D SPACE',''
  ) );
#6720 = PCURVE('',#6601,#6721);
#6721 = DEFINITIONAL_REPRESENTATION('',(#6722),#6726);
#6722 = LINE('',#6723,#6724);
#6723 = CARTESIAN_POINT('',(0.,44.));
#6724 = VECTOR('',#6725,1.);
#6725 = DIRECTION('',(1.,0.));
#6726 = ( GEOMETRIC_REPRESENTATION_CONTEXT(2) 
PARAMETRIC_REPRESENTATION_CONTEXT() REPRESENTATION_CONTEXT('2D SPACE',''
  ) );
#6727 = ORIENTED_EDGE('',*,*,#6728,.T.);
#6728 = EDGE_CURVE('',#6699,#6729,#6731,.T.);
#6729 = VERTEX_POINT('',#6730);
#6730 = CARTESIAN_POINT('',(44.,347.,0.));
#6731 = SURFACE_CURVE('',#6732,(#6736,#6743),.PCURVE_S1.);
#6732 = LINE('',#6733,#6734);
#6733 = CARTESIAN_POINT('',(44.,0.,0.));
#6734 = VECTOR('',#6735,1.);
#6735 = DIRECTION('',(-0.,1.,0.));
#6736 = PCURVE('',#6709,#6737);
#6737 = DEFINITIONAL_REPRESENTATION('',(#6738),#6742);
#6738 = LINE('',#6739,#6740);
#6739 = CARTESIAN_POINT('',(0.,0.));
#6740 = VECTOR('',#6741,1.);
#6741 = DIRECTION('',(0.,-1.));
#6742 = ( GEOMETRIC_REPRESENTATION_CONTEXT(2) 
PARAMETRIC_REPRESENTATION_CONTEXT() REPRESENTATION_CONTEXT('2D SPACE',''
  ) );
#6743 = PCURVE('',#6629,#6744);
#6744 = DEFINITIONAL_REPRESENTATION('',(#6745),#6749);
#6745 = LINE('',#6746,#6747);
#6746 = CARTESIAN_POINT('',(44.,0.));
#6747 = VECTOR('',#6748,1.);
#6748 = DIRECTION('',(0.,1.));
#6749 = ( GEOMETRIC_REPRESENTATION_CONTEXT(2) 
PARAMETRIC_REPRESENTATION_CONTEXT() REPRESENTATION_CONTEXT('2D SPACE',''
  ) );
#6750 = ORIENTED_EDGE('',*,*,#6751,.T.);
#6751 = EDGE_CURVE('',#6729,#6752,#6754,.T.);
#6752 = VERTEX_POINT('',#6753);
#6753 = CARTESIAN_POINT('',(44.,347.,432.4));
#6754 = SURFACE_CURVE('',#6755,(#6759,#6766),.PCURVE_S1.);
#6755 = LINE('',#6756,#6757);
#6756 = CARTESIAN_POINT('',(44.,347.,0.));
#6757 = VECTOR('',#6758,1.);
#6758 = DIRECTION('',(0.,0.,1.));
#6759 = PCURVE('',#6709,#6760);
#6760 = DEFINITIONAL_REPRESENTATION('',(#6761),#6765);
#6761 = LINE('',#6762,#6763);
#6762 = CARTESIAN_POINT('',(0.,-347.));
#6763 = VECTOR('',#6764,1.);
#6764 = DIRECTION('',(1.,0.));
#6765 = ( GEOMETRIC_REPRESENTATION_CONTEXT(2) 
PARAMETRIC_REPRESENTATION_CONTEXT() REPRESENTATION_CONTEXT('2D SPACE',''
  ) );
#6766 = PCURVE('',#6657,#6767);
#6767 = DEFINITIONAL_REPRESENTATION('',(#6768),#6772);
#6768 = LINE('',#6769,#6770);
#6769 = CARTESIAN_POINT('',(0.,44.));
#6770 = VECTOR('',#6771,1.);
#6771 = DIRECTION('',(1.,0.));
#6772 = ( GEOMETRIC_REPRESENTATION_CONTEXT(2) 
PARAMETRIC_REPRESENTATION_CONTEXT() REPRESENTATION_CONTEXT('2D SPACE',''
  ) );
#6773 = ORIENTED_EDGE('',*,*,#6774,.F.);
#6774 = EDGE_CURVE('',#6701,#6752,#6775,.T.);
#6775 = SURFACE_CURVE('',#6776,(#6780,#6787),.PCURVE_S1.);
#6776 = LINE('',#6777,#6778);
#6777 = CARTESIAN_POINT('',(44.,0.,432.4));
#6778 = VECTOR('',#6779,1.);
#6779 = DIRECTION('',(-0.,1.,0.));
#6780 = PCURVE('',#6709,#6781);
#6781 = DEFINITIONAL_REPRESENTATION('',(#6782),#6786);
#6782 = LINE('',#6783,#6784);
#6783 = CARTESIAN_POINT('',(432.4,0.));
#6784 = VECTOR('',#6785,1.);
#6785 = DIRECTION('',(0.,-1.));
#6786 = ( GEOMETRIC_REPRESENTATION_CONTEXT(2) 
PARAMETRIC_REPRESENTATION_CONTEXT() REPRESENTATION_CONTEXT('2D SPACE',''
  ) );
#6787 = PCURVE('',#6683,#6788);
#6788 = DEFINITIONAL_REPRESENTATION('',(#6789),#6793);
#6789 = LINE('',#6790,#6791);
#6790 = CARTESIAN_POINT('',(44.,0.));
#6791 = VECTOR('',#6792,1.);
#6792 = DIRECTION('',(0.,1.));
#6793 = ( GEOMETRIC_REPRESENTATION_CONTEXT(2) 
PARAMETRIC_REPRESENTATION_CONTEXT() REPRESENTATION_CONTEXT('2D SPACE',''
  ) );
#6794 = ADVANCED_FACE('',(#6795),#6601,.F.);
#6795 = FACE_BOUND('',#6796,.F.);
#6796 = EDGE_LOOP('',(#6797,#6818,#6819,#6840));
#6797 = ORIENTED_EDGE('',*,*,#6798,.F.);
#6798 = EDGE_CURVE('',#6579,#6699,#6799,.T.);
#6799 = SURFACE_CURVE('',#6800,(#6804,#6811),.PCURVE_S1.);
#6800 = LINE('',#6801,#6802);
#6801 = CARTESIAN_POINT('',(0.,0.,0.));
#6802 = VECTOR('',#6803,1.);
#6803 = DIRECTION('',(1.,0.,-0.));
#6804 = PCURVE('',#6601,#6805);
#6805 = DEFINITIONAL_REPRESENTATION('',(#6806),#6810);
#6806 = LINE('',#6807,#6808);
#6807 = CARTESIAN_POINT('',(0.,0.));
#6808 = VECTOR('',#6809,1.);
#6809 = DIRECTION('',(0.,1.));
#6810 = ( GEOMETRIC_REPRESENTATION_CONTEXT(2) 
PARAMETRIC_REPRESENTATION_CONTEXT() REPRESENTATION_CONTEXT('2D SPACE',''
  ) );
#6811 = PCURVE('',#6629,#6812);
#6812 = DEFINITIONAL_REPRESENTATION('',(#6813),#6817);
#6813 = LINE('',#6814,#6815);
#6814 = CARTESIAN_POINT('',(0.,0.));
#6815 = VECTOR('',#6816,1.);
#6816 = DIRECTION('',(1.,0.));
#6817 = ( GEOMETRIC_REPRESENTATION_CONTEXT(2) 
PARAMETRIC_REPRESENTATION_CONTEXT() REPRESENTATION_CONTEXT('2D SPACE',''
  ) );
#6818 = ORIENTED_EDGE('',*,*,#6578,.T.);
#6819 = ORIENTED_EDGE('',*,*,#6820,.T.);
#6820 = EDGE_CURVE('',#6581,#6701,#6821,.T.);
#6821 = SURFACE_CURVE('',#6822,(#6826,#6833),.PCURVE_S1.);
#6822 = LINE('',#6823,#6824);
#6823 = CARTESIAN_POINT('',(0.,0.,432.4));
#6824 = VECTOR('',#6825,1.);
#6825 = DIRECTION('',(1.,0.,-0.));
#6826 = PCURVE('',#6601,#6827);
#6827 = DEFINITIONAL_REPRESENTATION('',(#6828),#6832);
#6828 = LINE('',#6829,#6830);
#6829 = CARTESIAN_POINT('',(432.4,0.));
#6830 = VECTOR('',#6831,1.);
#6831 = DIRECTION('',(0.,1.));
#6832 = ( GEOMETRIC_REPRESENTATION_CONTEXT(2) 
PARAMETRIC_REPRESENTATION_CONTEXT() REPRESENTATION_CONTEXT('2D SPACE',''
  ) );
#6833 = PCURVE('',#6683,#6834);
#6834 = DEFINITIONAL_REPRESENTATION('',(#6835),#6839);
#6835 = LINE('',#6836,#6837);
#6836 = CARTESIAN_POINT('',(0.,0.));
#6837 = VECTOR('',#6838,1.);
#6838 = DIRECTION('',(1.,0.));
#6839 = ( GEOMETRIC_REPRESENTATION_CONTEXT(2) 
PARAMETRIC_REPRESENTATION_CONTEXT() REPRESENTATION_CONTEXT('2D SPACE',''
  ) );
#6840 = ORIENTED_EDGE('',*,*,#6698,.F.);
#6841 = ADVANCED_FACE('',(#6842),#6657,.T.);
#6842 = FACE_BOUND('',#6843,.T.);
#6843 = EDGE_LOOP('',(#6844,#6865,#6866,#6887));
#6844 = ORIENTED_EDGE('',*,*,#6845,.F.);
#6845 = EDGE_CURVE('',#6614,#6729,#6846,.T.);
#6846 = SURFACE_CURVE('',#6847,(#6851,#6858),.PCURVE_S1.);
#6847 = LINE('',#6848,#6849);
#6848 = CARTESIAN_POINT('',(0.,347.,0.));
#6849 = VECTOR('',#6850,1.);
#6850 = DIRECTION('',(1.,0.,-0.));
#6851 = PCURVE('',#6657,#6852);
#6852 = DEFINITIONAL_REPRESENTATION('',(#6853),#6857);
#6853 = LINE('',#6854,#6855);
#6854 = CARTESIAN_POINT('',(0.,0.));
#6855 = VECTOR('',#6856,1.);
#6856 = DIRECTION('',(0.,1.));
#6857 = ( GEOMETRIC_REPRESENTATION_CONTEXT(2) 
PARAMETRIC_REPRESENTATION_CONTEXT() REPRESENTATION_CONTEXT('2D SPACE',''
  ) );
#6858 = PCURVE('',#6629,#6859);
#6859 = DEFINITIONAL_REPRESENTATION('',(#6860),#6864);
#6860 = LINE('',#6861,#6862);
#6861 = CARTESIAN_POINT('',(0.,347.));
#6862 = VECTOR('',#6863,1.);
#6863 = DIRECTION('',(1.,0.));
#6864 = ( GEOMETRIC_REPRESENTATION_CONTEXT(2) 
PARAMETRIC_REPRESENTATION_CONTEXT() REPRESENTATION_CONTEXT('2D SPACE',''
  ) );
#6865 = ORIENTED_EDGE('',*,*,#6641,.T.);
#6866 = ORIENTED_EDGE('',*,*,#6867,.T.);
#6867 = EDGE_CURVE('',#6642,#6752,#6868,.T.);
#6868 = SURFACE_CURVE('',#6869,(#6873,#6880),.PCURVE_S1.);
#6869 = LINE('',#6870,#6871);
#6870 = CARTESIAN_POINT('',(0.,347.,432.4));
#6871 = VECTOR('',#6872,1.);
#6872 = DIRECTION('',(1.,0.,-0.));
#6873 = PCURVE('',#6657,#6874);
#6874 = DEFINITIONAL_REPRESENTATION('',(#6875),#6879);
#6875 = LINE('',#6876,#6877);
#6876 = CARTESIAN_POINT('',(432.4,0.));
#6877 = VECTOR('',#6878,1.);
#6878 = DIRECTION('',(0.,1.));
#6879 = ( GEOMETRIC_REPRESENTATION_CONTEXT(2) 
PARAMETRIC_REPRESENTATION_CONTEXT() REPRESENTATION_CONTEXT('2D SPACE',''
  ) );
#6880 = PCURVE('',#6683,#6881);
#6881 = DEFINITIONAL_REPRESENTATION('',(#6882),#6886);
#6882 = LINE('',#6883,#6884);
#6883 = CARTESIAN_POINT('',(0.,347.));
#6884 = VECTOR('',#6885,1.);
#6885 = DIRECTION('',(1.,0.));
#6886 = ( GEOMETRIC_REPRESENTATION_CONTEXT(2) 
PARAMETRIC_REPRESENTATION_CONTEXT() REPRESENTATION_CONTEXT('2D SPACE',''
  ) );
#6887 = ORIENTED_EDGE('',*,*,#6751,.F.);
#6888 = ADVANCED_FACE('',(#6889),#6629,.F.);
#6889 = FACE_BOUND('',#6890,.F.);
#6890 = EDGE_LOOP('',(#6891,#6892,#6893,#6894));
#6891 = ORIENTED_EDGE('',*,*,#6613,.F.);
#6892 = ORIENTED_EDGE('',*,*,#6798,.T.);
#6893 = ORIENTED_EDGE('',*,*,#6728,.T.);
#6894 = ORIENTED_EDGE('',*,*,#6845,.F.);
#6895 = ADVANCED_FACE('',(#6896),#6683,.T.);
#6896 = FACE_BOUND('',#6897,.T.);
#6897 = EDGE_LOOP('',(#6898,#6899,#6900,#6901));
#6898 = ORIENTED_EDGE('',*,*,#6669,.F.);
#6899 = ORIENTED_EDGE('',*,*,#6820,.T.);
#6900 = ORIENTED_EDGE('',*,*,#6774,.T.);
#6901 = ORIENTED_EDGE('',*,*,#6867,.F.);
#6902 = ( GEOMETRIC_REPRESENTATION_CONTEXT(3) 
GLOBAL_UNCERTAINTY_ASSIGNED_CONTEXT((#6906)) 
GLOBAL_UNIT_ASSIGNED_CONTEXT((#6903,#6904,#6905)) REPRESENTATION_CONTEXT
('Context #1','3D Context with UNIT and UNCERTAINTY') );
#6903 = ( LENGTH_UNIT() NAMED_UNIT(*) SI_UNIT(.MILLI.,.METRE.) );
#6904 = ( NAMED_UNIT(*) PLANE_ANGLE_UNIT() SI_UNIT($,.RADIAN.) );
#6905 = ( NAMED_UNIT(*) SI_UNIT($,.STERADIAN.) SOLID_ANGLE_UNIT() );
#6906 = UNCERTAINTY_MEASURE_WITH_UNIT(LENGTH_MEASURE(1.E-07),#6903,
  'distance_accuracy_value','confusion accuracy');
#6907 = CONTEXT_DEPENDENT_SHAPE_REPRESENTATION(#6908,#6910);
#6908 = ( REPRESENTATION_RELATIONSHIP('','',#6571,#6548) 
REPRESENTATION_RELATIONSHIP_WITH_TRANSFORMATION(#6909) 
SHAPE_REPRESENTATION_RELATIONSHIP() );
#6909 = ITEM_DEFINED_TRANSFORMATION('','',#11,#6549);
#6910 = PRODUCT_DEFINITION_SHAPE('Placement','Placement of an item',
  #6911);
#6911 = NEXT_ASSEMBLY_USAGE_OCCURRENCE('109','=>[0:1:1:47]','',#6543,
  #6566,$);
#6912 = PRODUCT_RELATED_PRODUCT_CATEGORY('part',$,(#6568));
#6913 = SHAPE_DEFINITION_REPRESENTATION(#6914,#6920);
#6914 = PRODUCT_DEFINITION_SHAPE('','',#6915);
#6915 = PRODUCT_DEFINITION('design','',#6916,#6919);
#6916 = PRODUCT_DEFINITION_FORMATION('','',#6917);
#6917 = PRODUCT('right_front_covered_wheel_spoke_06',
  'right_front_covered_wheel_spoke_06','',(#6918));
#6918 = PRODUCT_CONTEXT('',#2,'mechanical');
#6919 = PRODUCT_DEFINITION_CONTEXT('part definition',#2,'design');
#6920 = SHAPE_REPRESENTATION('',(#11,#6921),#6925);
#6921 = AXIS2_PLACEMENT_3D('',#6922,#6923,#6924);
#6922 = CARTESIAN_POINT('',(-22.,-173.5,-216.2));
#6923 = DIRECTION('',(0.,0.,1.));
#6924 = DIRECTION('',(1.,0.,0.));
#6925 = ( GEOMETRIC_REPRESENTATION_CONTEXT(3) 
GLOBAL_UNCERTAINTY_ASSIGNED_CONTEXT((#6929)) 
GLOBAL_UNIT_ASSIGNED_CONTEXT((#6926,#6927,#6928)) REPRESENTATION_CONTEXT
('Context #1','3D Context with UNIT and UNCERTAINTY') );
#6926 = ( LENGTH_UNIT() NAMED_UNIT(*) SI_UNIT(.MILLI.,.METRE.) );
#6927 = ( NAMED_UNIT(*) PLANE_ANGLE_UNIT() SI_UNIT($,.RADIAN.) );
#6928 = ( NAMED_UNIT(*) SI_UNIT($,.STERADIAN.) SOLID_ANGLE_UNIT() );
#6929 = UNCERTAINTY_MEASURE_WITH_UNIT(LENGTH_MEASURE(1.E-07),#6926,
  'distance_accuracy_value','confusion accuracy');
#6930 = CONTEXT_DEPENDENT_SHAPE_REPRESENTATION(#6931,#6933);
#6931 = ( REPRESENTATION_RELATIONSHIP('','',#6920,#10) 
REPRESENTATION_RELATIONSHIP_WITH_TRANSFORMATION(#6932) 
SHAPE_REPRESENTATION_RELATIONSHIP() );
#6932 = ITEM_DEFINED_TRANSFORMATION('','',#11,#107);
#6933 = PRODUCT_DEFINITION_SHAPE('Placement','Placement of an item',
  #6934);
#6934 = NEXT_ASSEMBLY_USAGE_OCCURRENCE('112','=>[0:1:1:48]','',#5,#6915,
  $);
#6935 = PRODUCT_RELATED_PRODUCT_CATEGORY('part',$,(#6917));
#6936 = SHAPE_DEFINITION_REPRESENTATION(#6937,#6943);
#6937 = PRODUCT_DEFINITION_SHAPE('','',#6938);
#6938 = PRODUCT_DEFINITION('design','',#6939,#6942);
#6939 = PRODUCT_DEFINITION_FORMATION('','',#6940);
#6940 = PRODUCT('SOLID','SOLID','',(#6941));
#6941 = PRODUCT_CONTEXT('',#2,'mechanical');
#6942 = PRODUCT_DEFINITION_CONTEXT('part definition',#2,'design');
#6943 = ADVANCED_BREP_SHAPE_REPRESENTATION('',(#11,#6944),#7274);
#6944 = MANIFOLD_SOLID_BREP('',#6945);
#6945 = CLOSED_SHELL('',(#6946,#7066,#7166,#7213,#7260,#7267));
#6946 = ADVANCED_FACE('',(#6947),#6961,.F.);
#6947 = FACE_BOUND('',#6948,.F.);
#6948 = EDGE_LOOP('',(#6949,#6984,#7012,#7040));
#6949 = ORIENTED_EDGE('',*,*,#6950,.F.);
#6950 = EDGE_CURVE('',#6951,#6953,#6955,.T.);
#6951 = VERTEX_POINT('',#6952);
#6952 = CARTESIAN_POINT('',(0.,0.,0.));
#6953 = VERTEX_POINT('',#6954);
#6954 = CARTESIAN_POINT('',(0.,0.,432.4));
#6955 = SURFACE_CURVE('',#6956,(#6960,#6972),.PCURVE_S1.);
#6956 = LINE('',#6957,#6958);
#6957 = CARTESIAN_POINT('',(0.,0.,0.));
#6958 = VECTOR('',#6959,1.);
#6959 = DIRECTION('',(0.,0.,1.));
#6960 = PCURVE('',#6961,#6966);
#6961 = PLANE('',#6962);
#6962 = AXIS2_PLACEMENT_3D('',#6963,#6964,#6965);
#6963 = CARTESIAN_POINT('',(0.,0.,0.));
#6964 = DIRECTION('',(1.,0.,-0.));
#6965 = DIRECTION('',(0.,0.,1.));
#6966 = DEFINITIONAL_REPRESENTATION('',(#6967),#6971);
#6967 = LINE('',#6968,#6969);
#6968 = CARTESIAN_POINT('',(0.,0.));
#6969 = VECTOR('',#6970,1.);
#6970 = DIRECTION('',(1.,0.));
#6971 = ( GEOMETRIC_REPRESENTATION_CONTEXT(2) 
PARAMETRIC_REPRESENTATION_CONTEXT() REPRESENTATION_CONTEXT('2D SPACE',''
  ) );
#6972 = PCURVE('',#6973,#6978);
#6973 = PLANE('',#6974);
#6974 = AXIS2_PLACEMENT_3D('',#6975,#6976,#6977);
#6975 = CARTESIAN_POINT('',(0.,0.,0.));
#6976 = DIRECTION('',(-0.,1.,0.));
#6977 = DIRECTION('',(0.,0.,1.));
#6978 = DEFINITIONAL_REPRESENTATION('',(#6979),#6983);
#6979 = LINE('',#6980,#6981);
#6980 = CARTESIAN_POINT('',(0.,0.));
#6981 = VECTOR('',#6982,1.);
#6982 = DIRECTION('',(1.,0.));
#6983 = ( GEOMETRIC_REPRESENTATION_CONTEXT(2) 
PARAMETRIC_REPRESENTATION_CONTEXT() REPRESENTATION_CONTEXT('2D SPACE',''
  ) );
#6984 = ORIENTED_EDGE('',*,*,#6985,.T.);
#6985 = EDGE_CURVE('',#6951,#6986,#6988,.T.);
#6986 = VERTEX_POINT('',#6987);
#6987 = CARTESIAN_POINT('',(0.,347.,0.));
#6988 = SURFACE_CURVE('',#6989,(#6993,#7000),.PCURVE_S1.);
#6989 = LINE('',#6990,#6991);
#6990 = CARTESIAN_POINT('',(0.,0.,0.));
#6991 = VECTOR('',#6992,1.);
#6992 = DIRECTION('',(-0.,1.,0.));
#6993 = PCURVE('',#6961,#6994);
#6994 = DEFINITIONAL_REPRESENTATION('',(#6995),#6999);
#6995 = LINE('',#6996,#6997);
#6996 = CARTESIAN_POINT('',(0.,0.));
#6997 = VECTOR('',#6998,1.);
#6998 = DIRECTION('',(0.,-1.));
#6999 = ( GEOMETRIC_REPRESENTATION_CONTEXT(2) 
PARAMETRIC_REPRESENTATION_CONTEXT() REPRESENTATION_CONTEXT('2D SPACE',''
  ) );
#7000 = PCURVE('',#7001,#7006);
#7001 = PLANE('',#7002);
#7002 = AXIS2_PLACEMENT_3D('',#7003,#7004,#7005);
#7003 = CARTESIAN_POINT('',(0.,0.,0.));
#7004 = DIRECTION('',(0.,0.,1.));
#7005 = DIRECTION('',(1.,0.,-0.));
#7006 = DEFINITIONAL_REPRESENTATION('',(#7007),#7011);
#7007 = LINE('',#7008,#7009);
#7008 = CARTESIAN_POINT('',(0.,0.));
#7009 = VECTOR('',#7010,1.);
#7010 = DIRECTION('',(0.,1.));
#7011 = ( GEOMETRIC_REPRESENTATION_CONTEXT(2) 
PARAMETRIC_REPRESENTATION_CONTEXT() REPRESENTATION_CONTEXT('2D SPACE',''
  ) );
#7012 = ORIENTED_EDGE('',*,*,#7013,.T.);
#7013 = EDGE_CURVE('',#6986,#7014,#7016,.T.);
#7014 = VERTEX_POINT('',#7015);
#7015 = CARTESIAN_POINT('',(0.,347.,432.4));
#7016 = SURFACE_CURVE('',#7017,(#7021,#7028),.PCURVE_S1.);
#7017 = LINE('',#7018,#7019);
#7018 = CARTESIAN_POINT('',(0.,347.,0.));
#7019 = VECTOR('',#7020,1.);
#7020 = DIRECTION('',(0.,0.,1.));
#7021 = PCURVE('',#6961,#7022);
#7022 = DEFINITIONAL_REPRESENTATION('',(#7023),#7027);
#7023 = LINE('',#7024,#7025);
#7024 = CARTESIAN_POINT('',(0.,-347.));
#7025 = VECTOR('',#7026,1.);
#7026 = DIRECTION('',(1.,0.));
#7027 = ( GEOMETRIC_REPRESENTATION_CONTEXT(2) 
PARAMETRIC_REPRESENTATION_CONTEXT() REPRESENTATION_CONTEXT('2D SPACE',''
  ) );
#7028 = PCURVE('',#7029,#7034);
#7029 = PLANE('',#7030);
#7030 = AXIS2_PLACEMENT_3D('',#7031,#7032,#7033);
#7031 = CARTESIAN_POINT('',(0.,347.,0.));
#7032 = DIRECTION('',(-0.,1.,0.));
#7033 = DIRECTION('',(0.,0.,1.));
#7034 = DEFINITIONAL_REPRESENTATION('',(#7035),#7039);
#7035 = LINE('',#7036,#7037);
#7036 = CARTESIAN_POINT('',(0.,0.));
#7037 = VECTOR('',#7038,1.);
#7038 = DIRECTION('',(1.,0.));
#7039 = ( GEOMETRIC_REPRESENTATION_CONTEXT(2) 
PARAMETRIC_REPRESENTATION_CONTEXT() REPRESENTATION_CONTEXT('2D SPACE',''
  ) );
#7040 = ORIENTED_EDGE('',*,*,#7041,.F.);
#7041 = EDGE_CURVE('',#6953,#7014,#7042,.T.);
#7042 = SURFACE_CURVE('',#7043,(#7047,#7054),.PCURVE_S1.);
#7043 = LINE('',#7044,#7045);
#7044 = CARTESIAN_POINT('',(0.,0.,432.4));
#7045 = VECTOR('',#7046,1.);
#7046 = DIRECTION('',(-0.,1.,0.));
#7047 = PCURVE('',#6961,#7048);
#7048 = DEFINITIONAL_REPRESENTATION('',(#7049),#7053);
#7049 = LINE('',#7050,#7051);
#7050 = CARTESIAN_POINT('',(432.4,0.));
#7051 = VECTOR('',#7052,1.);
#7052 = DIRECTION('',(0.,-1.));
#7053 = ( GEOMETRIC_REPRESENTATION_CONTEXT(2) 
PARAMETRIC_REPRESENTATION_CONTEXT() REPRESENTATION_CONTEXT('2D SPACE',''
  ) );
#7054 = PCURVE('',#7055,#7060);
#7055 = PLANE('',#7056);
#7056 = AXIS2_PLACEMENT_3D('',#7057,#7058,#7059);
#7057 = CARTESIAN_POINT('',(0.,0.,432.4));
#7058 = DIRECTION('',(0.,0.,1.));
#7059 = DIRECTION('',(1.,0.,-0.));
#7060 = DEFINITIONAL_REPRESENTATION('',(#7061),#7065);
#7061 = LINE('',#7062,#7063);
#7062 = CARTESIAN_POINT('',(0.,0.));
#7063 = VECTOR('',#7064,1.);
#7064 = DIRECTION('',(0.,1.));
#7065 = ( GEOMETRIC_REPRESENTATION_CONTEXT(2) 
PARAMETRIC_REPRESENTATION_CONTEXT() REPRESENTATION_CONTEXT('2D SPACE',''
  ) );
#7066 = ADVANCED_FACE('',(#7067),#7081,.T.);
#7067 = FACE_BOUND('',#7068,.T.);
#7068 = EDGE_LOOP('',(#7069,#7099,#7122,#7145));
#7069 = ORIENTED_EDGE('',*,*,#7070,.F.);
#7070 = EDGE_CURVE('',#7071,#7073,#7075,.T.);
#7071 = VERTEX_POINT('',#7072);
#7072 = CARTESIAN_POINT('',(44.,0.,0.));
#7073 = VERTEX_POINT('',#7074);
#7074 = CARTESIAN_POINT('',(44.,0.,432.4));
#7075 = SURFACE_CURVE('',#7076,(#7080,#7092),.PCURVE_S1.);
#7076 = LINE('',#7077,#7078);
#7077 = CARTESIAN_POINT('',(44.,0.,0.));
#7078 = VECTOR('',#7079,1.);
#7079 = DIRECTION('',(0.,0.,1.));
#7080 = PCURVE('',#7081,#7086);
#7081 = PLANE('',#7082);
#7082 = AXIS2_PLACEMENT_3D('',#7083,#7084,#7085);
#7083 = CARTESIAN_POINT('',(44.,0.,0.));
#7084 = DIRECTION('',(1.,0.,-0.));
#7085 = DIRECTION('',(0.,0.,1.));
#7086 = DEFINITIONAL_REPRESENTATION('',(#7087),#7091);
#7087 = LINE('',#7088,#7089);
#7088 = CARTESIAN_POINT('',(0.,0.));
#7089 = VECTOR('',#7090,1.);
#7090 = DIRECTION('',(1.,0.));
#7091 = ( GEOMETRIC_REPRESENTATION_CONTEXT(2) 
PARAMETRIC_REPRESENTATION_CONTEXT() REPRESENTATION_CONTEXT('2D SPACE',''
  ) );
#7092 = PCURVE('',#6973,#7093);
#7093 = DEFINITIONAL_REPRESENTATION('',(#7094),#7098);
#7094 = LINE('',#7095,#7096);
#7095 = CARTESIAN_POINT('',(0.,44.));
#7096 = VECTOR('',#7097,1.);
#7097 = DIRECTION('',(1.,0.));
#7098 = ( GEOMETRIC_REPRESENTATION_CONTEXT(2) 
PARAMETRIC_REPRESENTATION_CONTEXT() REPRESENTATION_CONTEXT('2D SPACE',''
  ) );
#7099 = ORIENTED_EDGE('',*,*,#7100,.T.);
#7100 = EDGE_CURVE('',#7071,#7101,#7103,.T.);
#7101 = VERTEX_POINT('',#7102);
#7102 = CARTESIAN_POINT('',(44.,347.,0.));
#7103 = SURFACE_CURVE('',#7104,(#7108,#7115),.PCURVE_S1.);
#7104 = LINE('',#7105,#7106);
#7105 = CARTESIAN_POINT('',(44.,0.,0.));
#7106 = VECTOR('',#7107,1.);
#7107 = DIRECTION('',(-0.,1.,0.));
#7108 = PCURVE('',#7081,#7109);
#7109 = DEFINITIONAL_REPRESENTATION('',(#7110),#7114);
#7110 = LINE('',#7111,#7112);
#7111 = CARTESIAN_POINT('',(0.,0.));
#7112 = VECTOR('',#7113,1.);
#7113 = DIRECTION('',(0.,-1.));
#7114 = ( GEOMETRIC_REPRESENTATION_CONTEXT(2) 
PARAMETRIC_REPRESENTATION_CONTEXT() REPRESENTATION_CONTEXT('2D SPACE',''
  ) );
#7115 = PCURVE('',#7001,#7116);
#7116 = DEFINITIONAL_REPRESENTATION('',(#7117),#7121);
#7117 = LINE('',#7118,#7119);
#7118 = CARTESIAN_POINT('',(44.,0.));
#7119 = VECTOR('',#7120,1.);
#7120 = DIRECTION('',(0.,1.));
#7121 = ( GEOMETRIC_REPRESENTATION_CONTEXT(2) 
PARAMETRIC_REPRESENTATION_CONTEXT() REPRESENTATION_CONTEXT('2D SPACE',''
  ) );
#7122 = ORIENTED_EDGE('',*,*,#7123,.T.);
#7123 = EDGE_CURVE('',#7101,#7124,#7126,.T.);
#7124 = VERTEX_POINT('',#7125);
#7125 = CARTESIAN_POINT('',(44.,347.,432.4));
#7126 = SURFACE_CURVE('',#7127,(#7131,#7138),.PCURVE_S1.);
#7127 = LINE('',#7128,#7129);
#7128 = CARTESIAN_POINT('',(44.,347.,0.));
#7129 = VECTOR('',#7130,1.);
#7130 = DIRECTION('',(0.,0.,1.));
#7131 = PCURVE('',#7081,#7132);
#7132 = DEFINITIONAL_REPRESENTATION('',(#7133),#7137);
#7133 = LINE('',#7134,#7135);
#7134 = CARTESIAN_POINT('',(0.,-347.));
#7135 = VECTOR('',#7136,1.);
#7136 = DIRECTION('',(1.,0.));
#7137 = ( GEOMETRIC_REPRESENTATION_CONTEXT(2) 
PARAMETRIC_REPRESENTATION_CONTEXT() REPRESENTATION_CONTEXT('2D SPACE',''
  ) );
#7138 = PCURVE('',#7029,#7139);
#7139 = DEFINITIONAL_REPRESENTATION('',(#7140),#7144);
#7140 = LINE('',#7141,#7142);
#7141 = CARTESIAN_POINT('',(0.,44.));
#7142 = VECTOR('',#7143,1.);
#7143 = DIRECTION('',(1.,0.));
#7144 = ( GEOMETRIC_REPRESENTATION_CONTEXT(2) 
PARAMETRIC_REPRESENTATION_CONTEXT() REPRESENTATION_CONTEXT('2D SPACE',''
  ) );
#7145 = ORIENTED_EDGE('',*,*,#7146,.F.);
#7146 = EDGE_CURVE('',#7073,#7124,#7147,.T.);
#7147 = SURFACE_CURVE('',#7148,(#7152,#7159),.PCURVE_S1.);
#7148 = LINE('',#7149,#7150);
#7149 = CARTESIAN_POINT('',(44.,0.,432.4));
#7150 = VECTOR('',#7151,1.);
#7151 = DIRECTION('',(-0.,1.,0.));
#7152 = PCURVE('',#7081,#7153);
#7153 = DEFINITIONAL_REPRESENTATION('',(#7154),#7158);
#7154 = LINE('',#7155,#7156);
#7155 = CARTESIAN_POINT('',(432.4,0.));
#7156 = VECTOR('',#7157,1.);
#7157 = DIRECTION('',(0.,-1.));
#7158 = ( GEOMETRIC_REPRESENTATION_CONTEXT(2) 
PARAMETRIC_REPRESENTATION_CONTEXT() REPRESENTATION_CONTEXT('2D SPACE',''
  ) );
#7159 = PCURVE('',#7055,#7160);
#7160 = DEFINITIONAL_REPRESENTATION('',(#7161),#7165);
#7161 = LINE('',#7162,#7163);
#7162 = CARTESIAN_POINT('',(44.,0.));
#7163 = VECTOR('',#7164,1.);
#7164 = DIRECTION('',(0.,1.));
#7165 = ( GEOMETRIC_REPRESENTATION_CONTEXT(2) 
PARAMETRIC_REPRESENTATION_CONTEXT() REPRESENTATION_CONTEXT('2D SPACE',''
  ) );
#7166 = ADVANCED_FACE('',(#7167),#6973,.F.);
#7167 = FACE_BOUND('',#7168,.F.);
#7168 = EDGE_LOOP('',(#7169,#7190,#7191,#7212));
#7169 = ORIENTED_EDGE('',*,*,#7170,.F.);
#7170 = EDGE_CURVE('',#6951,#7071,#7171,.T.);
#7171 = SURFACE_CURVE('',#7172,(#7176,#7183),.PCURVE_S1.);
#7172 = LINE('',#7173,#7174);
#7173 = CARTESIAN_POINT('',(0.,0.,0.));
#7174 = VECTOR('',#7175,1.);
#7175 = DIRECTION('',(1.,0.,-0.));
#7176 = PCURVE('',#6973,#7177);
#7177 = DEFINITIONAL_REPRESENTATION('',(#7178),#7182);
#7178 = LINE('',#7179,#7180);
#7179 = CARTESIAN_POINT('',(0.,0.));
#7180 = VECTOR('',#7181,1.);
#7181 = DIRECTION('',(0.,1.));
#7182 = ( GEOMETRIC_REPRESENTATION_CONTEXT(2) 
PARAMETRIC_REPRESENTATION_CONTEXT() REPRESENTATION_CONTEXT('2D SPACE',''
  ) );
#7183 = PCURVE('',#7001,#7184);
#7184 = DEFINITIONAL_REPRESENTATION('',(#7185),#7189);
#7185 = LINE('',#7186,#7187);
#7186 = CARTESIAN_POINT('',(0.,0.));
#7187 = VECTOR('',#7188,1.);
#7188 = DIRECTION('',(1.,0.));
#7189 = ( GEOMETRIC_REPRESENTATION_CONTEXT(2) 
PARAMETRIC_REPRESENTATION_CONTEXT() REPRESENTATION_CONTEXT('2D SPACE',''
  ) );
#7190 = ORIENTED_EDGE('',*,*,#6950,.T.);
#7191 = ORIENTED_EDGE('',*,*,#7192,.T.);
#7192 = EDGE_CURVE('',#6953,#7073,#7193,.T.);
#7193 = SURFACE_CURVE('',#7194,(#7198,#7205),.PCURVE_S1.);
#7194 = LINE('',#7195,#7196);
#7195 = CARTESIAN_POINT('',(0.,0.,432.4));
#7196 = VECTOR('',#7197,1.);
#7197 = DIRECTION('',(1.,0.,-0.));
#7198 = PCURVE('',#6973,#7199);
#7199 = DEFINITIONAL_REPRESENTATION('',(#7200),#7204);
#7200 = LINE('',#7201,#7202);
#7201 = CARTESIAN_POINT('',(432.4,0.));
#7202 = VECTOR('',#7203,1.);
#7203 = DIRECTION('',(0.,1.));
#7204 = ( GEOMETRIC_REPRESENTATION_CONTEXT(2) 
PARAMETRIC_REPRESENTATION_CONTEXT() REPRESENTATION_CONTEXT('2D SPACE',''
  ) );
#7205 = PCURVE('',#7055,#7206);
#7206 = DEFINITIONAL_REPRESENTATION('',(#7207),#7211);
#7207 = LINE('',#7208,#7209);
#7208 = CARTESIAN_POINT('',(0.,0.));
#7209 = VECTOR('',#7210,1.);
#7210 = DIRECTION('',(1.,0.));
#7211 = ( GEOMETRIC_REPRESENTATION_CONTEXT(2) 
PARAMETRIC_REPRESENTATION_CONTEXT() REPRESENTATION_CONTEXT('2D SPACE',''
  ) );
#7212 = ORIENTED_EDGE('',*,*,#7070,.F.);
#7213 = ADVANCED_FACE('',(#7214),#7029,.T.);
#7214 = FACE_BOUND('',#7215,.T.);
#7215 = EDGE_LOOP('',(#7216,#7237,#7238,#7259));
#7216 = ORIENTED_EDGE('',*,*,#7217,.F.);
#7217 = EDGE_CURVE('',#6986,#7101,#7218,.T.);
#7218 = SURFACE_CURVE('',#7219,(#7223,#7230),.PCURVE_S1.);
#7219 = LINE('',#7220,#7221);
#7220 = CARTESIAN_POINT('',(0.,347.,0.));
#7221 = VECTOR('',#7222,1.);
#7222 = DIRECTION('',(1.,0.,-0.));
#7223 = PCURVE('',#7029,#7224);
#7224 = DEFINITIONAL_REPRESENTATION('',(#7225),#7229);
#7225 = LINE('',#7226,#7227);
#7226 = CARTESIAN_POINT('',(0.,0.));
#7227 = VECTOR('',#7228,1.);
#7228 = DIRECTION('',(0.,1.));
#7229 = ( GEOMETRIC_REPRESENTATION_CONTEXT(2) 
PARAMETRIC_REPRESENTATION_CONTEXT() REPRESENTATION_CONTEXT('2D SPACE',''
  ) );
#7230 = PCURVE('',#7001,#7231);
#7231 = DEFINITIONAL_REPRESENTATION('',(#7232),#7236);
#7232 = LINE('',#7233,#7234);
#7233 = CARTESIAN_POINT('',(0.,347.));
#7234 = VECTOR('',#7235,1.);
#7235 = DIRECTION('',(1.,0.));
#7236 = ( GEOMETRIC_REPRESENTATION_CONTEXT(2) 
PARAMETRIC_REPRESENTATION_CONTEXT() REPRESENTATION_CONTEXT('2D SPACE',''
  ) );
#7237 = ORIENTED_EDGE('',*,*,#7013,.T.);
#7238 = ORIENTED_EDGE('',*,*,#7239,.T.);
#7239 = EDGE_CURVE('',#7014,#7124,#7240,.T.);
#7240 = SURFACE_CURVE('',#7241,(#7245,#7252),.PCURVE_S1.);
#7241 = LINE('',#7242,#7243);
#7242 = CARTESIAN_POINT('',(0.,347.,432.4));
#7243 = VECTOR('',#7244,1.);
#7244 = DIRECTION('',(1.,0.,-0.));
#7245 = PCURVE('',#7029,#7246);
#7246 = DEFINITIONAL_REPRESENTATION('',(#7247),#7251);
#7247 = LINE('',#7248,#7249);
#7248 = CARTESIAN_POINT('',(432.4,0.));
#7249 = VECTOR('',#7250,1.);
#7250 = DIRECTION('',(0.,1.));
#7251 = ( GEOMETRIC_REPRESENTATION_CONTEXT(2) 
PARAMETRIC_REPRESENTATION_CONTEXT() REPRESENTATION_CONTEXT('2D SPACE',''
  ) );
#7252 = PCURVE('',#7055,#7253);
#7253 = DEFINITIONAL_REPRESENTATION('',(#7254),#7258);
#7254 = LINE('',#7255,#7256);
#7255 = CARTESIAN_POINT('',(0.,347.));
#7256 = VECTOR('',#7257,1.);
#7257 = DIRECTION('',(1.,0.));
#7258 = ( GEOMETRIC_REPRESENTATION_CONTEXT(2) 
PARAMETRIC_REPRESENTATION_CONTEXT() REPRESENTATION_CONTEXT('2D SPACE',''
  ) );
#7259 = ORIENTED_EDGE('',*,*,#7123,.F.);
#7260 = ADVANCED_FACE('',(#7261),#7001,.F.);
#7261 = FACE_BOUND('',#7262,.F.);
#7262 = EDGE_LOOP('',(#7263,#7264,#7265,#7266));
#7263 = ORIENTED_EDGE('',*,*,#6985,.F.);
#7264 = ORIENTED_EDGE('',*,*,#7170,.T.);
#7265 = ORIENTED_EDGE('',*,*,#7100,.T.);
#7266 = ORIENTED_EDGE('',*,*,#7217,.F.);
#7267 = ADVANCED_FACE('',(#7268),#7055,.T.);
#7268 = FACE_BOUND('',#7269,.T.);
#7269 = EDGE_LOOP('',(#7270,#7271,#7272,#7273));
#7270 = ORIENTED_EDGE('',*,*,#7041,.F.);
#7271 = ORIENTED_EDGE('',*,*,#7192,.T.);
#7272 = ORIENTED_EDGE('',*,*,#7146,.T.);
#7273 = ORIENTED_EDGE('',*,*,#7239,.F.);
#7274 = ( GEOMETRIC_REPRESENTATION_CONTEXT(3) 
GLOBAL_UNCERTAINTY_ASSIGNED_CONTEXT((#7278)) 
GLOBAL_UNIT_ASSIGNED_CONTEXT((#7275,#7276,#7277)) REPRESENTATION_CONTEXT
('Context #1','3D Context with UNIT and UNCERTAINTY') );
#7275 = ( LENGTH_UNIT() NAMED_UNIT(*) SI_UNIT(.MILLI.,.METRE.) );
#7276 = ( NAMED_UNIT(*) PLANE_ANGLE_UNIT() SI_UNIT($,.RADIAN.) );
#7277 = ( NAMED_UNIT(*) SI_UNIT($,.STERADIAN.) SOLID_ANGLE_UNIT() );
#7278 = UNCERTAINTY_MEASURE_WITH_UNIT(LENGTH_MEASURE(1.E-07),#7275,
  'distance_accuracy_value','confusion accuracy');
#7279 = CONTEXT_DEPENDENT_SHAPE_REPRESENTATION(#7280,#7282);
#7280 = ( REPRESENTATION_RELATIONSHIP('','',#6943,#6920) 
REPRESENTATION_RELATIONSHIP_WITH_TRANSFORMATION(#7281) 
SHAPE_REPRESENTATION_RELATIONSHIP() );
#7281 = ITEM_DEFINED_TRANSFORMATION('','',#11,#6921);
#7282 = PRODUCT_DEFINITION_SHAPE('Placement','Placement of an item',
  #7283);
#7283 = NEXT_ASSEMBLY_USAGE_OCCURRENCE('111','=>[0:1:1:49]','',#6915,
  #6938,$);
#7284 = PRODUCT_RELATED_PRODUCT_CATEGORY('part',$,(#6940));
#7285 = SHAPE_DEFINITION_REPRESENTATION(#7286,#7292);
#7286 = PRODUCT_DEFINITION_SHAPE('','',#7287);
#7287 = PRODUCT_DEFINITION('design','',#7288,#7291);
#7288 = PRODUCT_DEFINITION_FORMATION('','',#7289);
#7289 = PRODUCT('left_rear_large_low_rolling_resistance_tire',
  'left_rear_large_low_rolling_resistance_tire','',(#7290));
#7290 = PRODUCT_CONTEXT('',#2,'mechanical');
#7291 = PRODUCT_DEFINITION_CONTEXT('part definition',#2,'design');
#7292 = SHAPE_REPRESENTATION('',(#11,#7293),#7297);
#7293 = AXIS2_PLACEMENT_3D('',#7294,#7295,#7296);
#7294 = CARTESIAN_POINT('',(0.,0.,-157.5));
#7295 = DIRECTION('',(0.,0.,1.));
#7296 = DIRECTION('',(1.,0.,0.));
#7297 = ( GEOMETRIC_REPRESENTATION_CONTEXT(3) 
GLOBAL_UNCERTAINTY_ASSIGNED_CONTEXT((#7301)) 
GLOBAL_UNIT_ASSIGNED_CONTEXT((#7298,#7299,#7300)) REPRESENTATION_CONTEXT
('Context #1','3D Context with UNIT and UNCERTAINTY') );
#7298 = ( LENGTH_UNIT() NAMED_UNIT(*) SI_UNIT(.MILLI.,.METRE.) );
#7299 = ( NAMED_UNIT(*) PLANE_ANGLE_UNIT() SI_UNIT($,.RADIAN.) );
#7300 = ( NAMED_UNIT(*) SI_UNIT($,.STERADIAN.) SOLID_ANGLE_UNIT() );
#7301 = UNCERTAINTY_MEASURE_WITH_UNIT(LENGTH_MEASURE(1.E-07),#7298,
  'distance_accuracy_value','confusion accuracy');
#7302 = CONTEXT_DEPENDENT_SHAPE_REPRESENTATION(#7303,#7305);
#7303 = ( REPRESENTATION_RELATIONSHIP('','',#7292,#10) 
REPRESENTATION_RELATIONSHIP_WITH_TRANSFORMATION(#7304) 
SHAPE_REPRESENTATION_RELATIONSHIP() );
#7304 = ITEM_DEFINED_TRANSFORMATION('','',#11,#111);
#7305 = PRODUCT_DEFINITION_SHAPE('Placement','Placement of an item',
  #7306);
#7306 = NEXT_ASSEMBLY_USAGE_OCCURRENCE('114','=>[0:1:1:50]','',#5,#7287,
  $);
#7307 = PRODUCT_RELATED_PRODUCT_CATEGORY('part',$,(#7289));
#7308 = SHAPE_DEFINITION_REPRESENTATION(#7309,#7315);
#7309 = PRODUCT_DEFINITION_SHAPE('','',#7310);
#7310 = PRODUCT_DEFINITION('design','',#7311,#7314);
#7311 = PRODUCT_DEFINITION_FORMATION('','',#7312);
#7312 = PRODUCT('SOLID','SOLID','',(#7313));
#7313 = PRODUCT_CONTEXT('',#2,'mechanical');
#7314 = PRODUCT_DEFINITION_CONTEXT('part definition',#2,'design');
#7315 = ADVANCED_BREP_SHAPE_REPRESENTATION('',(#11,#7316),#7414);
#7316 = MANIFOLD_SOLID_BREP('',#7317);
#7317 = CLOSED_SHELL('',(#7318,#7406,#7410));
#7318 = ADVANCED_FACE('',(#7319),#7332,.T.);
#7319 = FACE_BOUND('',#7320,.T.);
#7320 = EDGE_LOOP('',(#7321,#7355,#7378,#7405));
#7321 = ORIENTED_EDGE('',*,*,#7322,.F.);
#7322 = EDGE_CURVE('',#7323,#7323,#7325,.T.);
#7323 = VERTEX_POINT('',#7324);
#7324 = CARTESIAN_POINT('',(460.,-1.126675055216E-13,315.));
#7325 = SURFACE_CURVE('',#7326,(#7331,#7343),.PCURVE_S1.);
#7326 = CIRCLE('',#7327,460.);
#7327 = AXIS2_PLACEMENT_3D('',#7328,#7329,#7330);
#7328 = CARTESIAN_POINT('',(0.,0.,315.));
#7329 = DIRECTION('',(0.,0.,1.));
#7330 = DIRECTION('',(1.,0.,-0.));
#7331 = PCURVE('',#7332,#7337);
#7332 = CYLINDRICAL_SURFACE('',#7333,460.);
#7333 = AXIS2_PLACEMENT_3D('',#7334,#7335,#7336);
#7334 = CARTESIAN_POINT('',(0.,0.,0.));
#7335 = DIRECTION('',(0.,0.,1.));
#7336 = DIRECTION('',(1.,0.,-0.));
#7337 = DEFINITIONAL_REPRESENTATION('',(#7338),#7342);
#7338 = LINE('',#7339,#7340);
#7339 = CARTESIAN_POINT('',(0.,315.));
#7340 = VECTOR('',#7341,1.);
#7341 = DIRECTION('',(1.,0.));
#7342 = ( GEOMETRIC_REPRESENTATION_CONTEXT(2) 
PARAMETRIC_REPRESENTATION_CONTEXT() REPRESENTATION_CONTEXT('2D SPACE',''
  ) );
#7343 = PCURVE('',#7344,#7349);
#7344 = PLANE('',#7345);
#7345 = AXIS2_PLACEMENT_3D('',#7346,#7347,#7348);
#7346 = CARTESIAN_POINT('',(0.,0.,315.));
#7347 = DIRECTION('',(0.,0.,1.));
#7348 = DIRECTION('',(1.,0.,-0.));
#7349 = DEFINITIONAL_REPRESENTATION('',(#7350),#7354);
#7350 = CIRCLE('',#7351,460.);
#7351 = AXIS2_PLACEMENT_2D('',#7352,#7353);
#7352 = CARTESIAN_POINT('',(0.,0.));
#7353 = DIRECTION('',(1.,0.));
#7354 = ( GEOMETRIC_REPRESENTATION_CONTEXT(2) 
PARAMETRIC_REPRESENTATION_CONTEXT() REPRESENTATION_CONTEXT('2D SPACE',''
  ) );
#7355 = ORIENTED_EDGE('',*,*,#7356,.F.);
#7356 = EDGE_CURVE('',#7357,#7323,#7359,.T.);
#7357 = VERTEX_POINT('',#7358);
#7358 = CARTESIAN_POINT('',(460.,-1.126675055216E-13,0.));
#7359 = SEAM_CURVE('',#7360,(#7364,#7371),.PCURVE_S1.);
#7360 = LINE('',#7361,#7362);
#7361 = CARTESIAN_POINT('',(460.,-1.126675055216E-13,0.));
#7362 = VECTOR('',#7363,1.);
#7363 = DIRECTION('',(0.,0.,1.));
#7364 = PCURVE('',#7332,#7365);
#7365 = DEFINITIONAL_REPRESENTATION('',(#7366),#7370);
#7366 = LINE('',#7367,#7368);
#7367 = CARTESIAN_POINT('',(6.28318530718,-0.));
#7368 = VECTOR('',#7369,1.);
#7369 = DIRECTION('',(0.,1.));
#7370 = ( GEOMETRIC_REPRESENTATION_CONTEXT(2) 
PARAMETRIC_REPRESENTATION_CONTEXT() REPRESENTATION_CONTEXT('2D SPACE',''
  ) );
#7371 = PCURVE('',#7332,#7372);
#7372 = DEFINITIONAL_REPRESENTATION('',(#7373),#7377);
#7373 = LINE('',#7374,#7375);
#7374 = CARTESIAN_POINT('',(0.,-0.));
#7375 = VECTOR('',#7376,1.);
#7376 = DIRECTION('',(0.,1.));
#7377 = ( GEOMETRIC_REPRESENTATION_CONTEXT(2) 
PARAMETRIC_REPRESENTATION_CONTEXT() REPRESENTATION_CONTEXT('2D SPACE',''
  ) );
#7378 = ORIENTED_EDGE('',*,*,#7379,.T.);
#7379 = EDGE_CURVE('',#7357,#7357,#7380,.T.);
#7380 = SURFACE_CURVE('',#7381,(#7386,#7393),.PCURVE_S1.);
#7381 = CIRCLE('',#7382,460.);
#7382 = AXIS2_PLACEMENT_3D('',#7383,#7384,#7385);
#7383 = CARTESIAN_POINT('',(0.,0.,0.));
#7384 = DIRECTION('',(0.,0.,1.));
#7385 = DIRECTION('',(1.,0.,-0.));
#7386 = PCURVE('',#7332,#7387);
#7387 = DEFINITIONAL_REPRESENTATION('',(#7388),#7392);
#7388 = LINE('',#7389,#7390);
#7389 = CARTESIAN_POINT('',(0.,0.));
#7390 = VECTOR('',#7391,1.);
#7391 = DIRECTION('',(1.,0.));
#7392 = ( GEOMETRIC_REPRESENTATION_CONTEXT(2) 
PARAMETRIC_REPRESENTATION_CONTEXT() REPRESENTATION_CONTEXT('2D SPACE',''
  ) );
#7393 = PCURVE('',#7394,#7399);
#7394 = PLANE('',#7395);
#7395 = AXIS2_PLACEMENT_3D('',#7396,#7397,#7398);
#7396 = CARTESIAN_POINT('',(0.,0.,0.));
#7397 = DIRECTION('',(0.,0.,1.));
#7398 = DIRECTION('',(1.,0.,-0.));
#7399 = DEFINITIONAL_REPRESENTATION('',(#7400),#7404);
#7400 = CIRCLE('',#7401,460.);
#7401 = AXIS2_PLACEMENT_2D('',#7402,#7403);
#7402 = CARTESIAN_POINT('',(0.,0.));
#7403 = DIRECTION('',(1.,0.));
#7404 = ( GEOMETRIC_REPRESENTATION_CONTEXT(2) 
PARAMETRIC_REPRESENTATION_CONTEXT() REPRESENTATION_CONTEXT('2D SPACE',''
  ) );
#7405 = ORIENTED_EDGE('',*,*,#7356,.T.);
#7406 = ADVANCED_FACE('',(#7407),#7344,.T.);
#7407 = FACE_BOUND('',#7408,.T.);
#7408 = EDGE_LOOP('',(#7409));
#7409 = ORIENTED_EDGE('',*,*,#7322,.T.);
#7410 = ADVANCED_FACE('',(#7411),#7394,.F.);
#7411 = FACE_BOUND('',#7412,.T.);
#7412 = EDGE_LOOP('',(#7413));
#7413 = ORIENTED_EDGE('',*,*,#7379,.F.);
#7414 = ( GEOMETRIC_REPRESENTATION_CONTEXT(3) 
GLOBAL_UNCERTAINTY_ASSIGNED_CONTEXT((#7418)) 
GLOBAL_UNIT_ASSIGNED_CONTEXT((#7415,#7416,#7417)) REPRESENTATION_CONTEXT
('Context #1','3D Context with UNIT and UNCERTAINTY') );
#7415 = ( LENGTH_UNIT() NAMED_UNIT(*) SI_UNIT(.MILLI.,.METRE.) );
#7416 = ( NAMED_UNIT(*) PLANE_ANGLE_UNIT() SI_UNIT($,.RADIAN.) );
#7417 = ( NAMED_UNIT(*) SI_UNIT($,.STERADIAN.) SOLID_ANGLE_UNIT() );
#7418 = UNCERTAINTY_MEASURE_WITH_UNIT(LENGTH_MEASURE(1.E-07),#7415,
  'distance_accuracy_value','confusion accuracy');
#7419 = CONTEXT_DEPENDENT_SHAPE_REPRESENTATION(#7420,#7422);
#7420 = ( REPRESENTATION_RELATIONSHIP('','',#7315,#7292) 
REPRESENTATION_RELATIONSHIP_WITH_TRANSFORMATION(#7421) 
SHAPE_REPRESENTATION_RELATIONSHIP() );
#7421 = ITEM_DEFINED_TRANSFORMATION('','',#11,#7293);
#7422 = PRODUCT_DEFINITION_SHAPE('Placement','Placement of an item',
  #7423);
#7423 = NEXT_ASSEMBLY_USAGE_OCCURRENCE('113','=>[0:1:1:51]','',#7287,
  #7310,$);
#7424 = PRODUCT_RELATED_PRODUCT_CATEGORY('part',$,(#7312));
#7425 = SHAPE_DEFINITION_REPRESENTATION(#7426,#7432);
#7426 = PRODUCT_DEFINITION_SHAPE('','',#7427);
#7427 = PRODUCT_DEFINITION('design','',#7428,#7431);
#7428 = PRODUCT_DEFINITION_FORMATION('','',#7429);
#7429 = PRODUCT('left_rear_faceted_aero_wheel_cover',
  'left_rear_faceted_aero_wheel_cover','',(#7430));
#7430 = PRODUCT_CONTEXT('',#2,'mechanical');
#7431 = PRODUCT_DEFINITION_CONTEXT('part definition',#2,'design');
#7432 = SHAPE_REPRESENTATION('',(#11,#7433),#7437);
#7433 = AXIS2_PLACEMENT_3D('',#7434,#7435,#7436);
#7434 = CARTESIAN_POINT('',(0.,0.,-162.5));
#7435 = DIRECTION('',(0.,0.,1.));
#7436 = DIRECTION('',(1.,0.,0.));
#7437 = ( GEOMETRIC_REPRESENTATION_CONTEXT(3) 
GLOBAL_UNCERTAINTY_ASSIGNED_CONTEXT((#7441)) 
GLOBAL_UNIT_ASSIGNED_CONTEXT((#7438,#7439,#7440)) REPRESENTATION_CONTEXT
('Context #1','3D Context with UNIT and UNCERTAINTY') );
#7438 = ( LENGTH_UNIT() NAMED_UNIT(*) SI_UNIT(.MILLI.,.METRE.) );
#7439 = ( NAMED_UNIT(*) PLANE_ANGLE_UNIT() SI_UNIT($,.RADIAN.) );
#7440 = ( NAMED_UNIT(*) SI_UNIT($,.STERADIAN.) SOLID_ANGLE_UNIT() );
#7441 = UNCERTAINTY_MEASURE_WITH_UNIT(LENGTH_MEASURE(1.E-07),#7438,
  'distance_accuracy_value','confusion accuracy');
#7442 = CONTEXT_DEPENDENT_SHAPE_REPRESENTATION(#7443,#7445);
#7443 = ( REPRESENTATION_RELATIONSHIP('','',#7432,#10) 
REPRESENTATION_RELATIONSHIP_WITH_TRANSFORMATION(#7444) 
SHAPE_REPRESENTATION_RELATIONSHIP() );
#7444 = ITEM_DEFINED_TRANSFORMATION('','',#11,#115);
#7445 = PRODUCT_DEFINITION_SHAPE('Placement','Placement of an item',
  #7446);
#7446 = NEXT_ASSEMBLY_USAGE_OCCURRENCE('116','=>[0:1:1:52]','',#5,#7427,
  $);
#7447 = PRODUCT_RELATED_PRODUCT_CATEGORY('part',$,(#7429));
#7448 = SHAPE_DEFINITION_REPRESENTATION(#7449,#7455);
#7449 = PRODUCT_DEFINITION_SHAPE('','',#7450);
#7450 = PRODUCT_DEFINITION('design','',#7451,#7454);
#7451 = PRODUCT_DEFINITION_FORMATION('','',#7452);
#7452 = PRODUCT('SOLID','SOLID','',(#7453));
#7453 = PRODUCT_CONTEXT('',#2,'mechanical');
#7454 = PRODUCT_DEFINITION_CONTEXT('part definition',#2,'design');
#7455 = ADVANCED_BREP_SHAPE_REPRESENTATION('',(#11,#7456),#7554);
#7456 = MANIFOLD_SOLID_BREP('',#7457);
#7457 = CLOSED_SHELL('',(#7458,#7546,#7550));
#7458 = ADVANCED_FACE('',(#7459),#7472,.T.);
#7459 = FACE_BOUND('',#7460,.T.);
#7460 = EDGE_LOOP('',(#7461,#7495,#7518,#7545));
#7461 = ORIENTED_EDGE('',*,*,#7462,.F.);
#7462 = EDGE_CURVE('',#7463,#7463,#7465,.T.);
#7463 = VERTEX_POINT('',#7464);
#7464 = CARTESIAN_POINT('',(303.6,-7.436055364423E-14,325.));
#7465 = SURFACE_CURVE('',#7466,(#7471,#7483),.PCURVE_S1.);
#7466 = CIRCLE('',#7467,303.6);
#7467 = AXIS2_PLACEMENT_3D('',#7468,#7469,#7470);
#7468 = CARTESIAN_POINT('',(0.,0.,325.));
#7469 = DIRECTION('',(0.,0.,1.));
#7470 = DIRECTION('',(1.,0.,-0.));
#7471 = PCURVE('',#7472,#7477);
#7472 = CYLINDRICAL_SURFACE('',#7473,303.6);
#7473 = AXIS2_PLACEMENT_3D('',#7474,#7475,#7476);
#7474 = CARTESIAN_POINT('',(0.,0.,0.));
#7475 = DIRECTION('',(0.,0.,1.));
#7476 = DIRECTION('',(1.,0.,-0.));
#7477 = DEFINITIONAL_REPRESENTATION('',(#7478),#7482);
#7478 = LINE('',#7479,#7480);
#7479 = CARTESIAN_POINT('',(0.,325.));
#7480 = VECTOR('',#7481,1.);
#7481 = DIRECTION('',(1.,0.));
#7482 = ( GEOMETRIC_REPRESENTATION_CONTEXT(2) 
PARAMETRIC_REPRESENTATION_CONTEXT() REPRESENTATION_CONTEXT('2D SPACE',''
  ) );
#7483 = PCURVE('',#7484,#7489);
#7484 = PLANE('',#7485);
#7485 = AXIS2_PLACEMENT_3D('',#7486,#7487,#7488);
#7486 = CARTESIAN_POINT('',(0.,0.,325.));
#7487 = DIRECTION('',(0.,0.,1.));
#7488 = DIRECTION('',(1.,0.,-0.));
#7489 = DEFINITIONAL_REPRESENTATION('',(#7490),#7494);
#7490 = CIRCLE('',#7491,303.6);
#7491 = AXIS2_PLACEMENT_2D('',#7492,#7493);
#7492 = CARTESIAN_POINT('',(0.,0.));
#7493 = DIRECTION('',(1.,0.));
#7494 = ( GEOMETRIC_REPRESENTATION_CONTEXT(2) 
PARAMETRIC_REPRESENTATION_CONTEXT() REPRESENTATION_CONTEXT('2D SPACE',''
  ) );
#7495 = ORIENTED_EDGE('',*,*,#7496,.F.);
#7496 = EDGE_CURVE('',#7497,#7463,#7499,.T.);
#7497 = VERTEX_POINT('',#7498);
#7498 = CARTESIAN_POINT('',(303.6,-7.436055364423E-14,0.));
#7499 = SEAM_CURVE('',#7500,(#7504,#7511),.PCURVE_S1.);
#7500 = LINE('',#7501,#7502);
#7501 = CARTESIAN_POINT('',(303.6,-7.436055364423E-14,0.));
#7502 = VECTOR('',#7503,1.);
#7503 = DIRECTION('',(0.,0.,1.));
#7504 = PCURVE('',#7472,#7505);
#7505 = DEFINITIONAL_REPRESENTATION('',(#7506),#7510);
#7506 = LINE('',#7507,#7508);
#7507 = CARTESIAN_POINT('',(6.28318530718,-0.));
#7508 = VECTOR('',#7509,1.);
#7509 = DIRECTION('',(0.,1.));
#7510 = ( GEOMETRIC_REPRESENTATION_CONTEXT(2) 
PARAMETRIC_REPRESENTATION_CONTEXT() REPRESENTATION_CONTEXT('2D SPACE',''
  ) );
#7511 = PCURVE('',#7472,#7512);
#7512 = DEFINITIONAL_REPRESENTATION('',(#7513),#7517);
#7513 = LINE('',#7514,#7515);
#7514 = CARTESIAN_POINT('',(0.,-0.));
#7515 = VECTOR('',#7516,1.);
#7516 = DIRECTION('',(0.,1.));
#7517 = ( GEOMETRIC_REPRESENTATION_CONTEXT(2) 
PARAMETRIC_REPRESENTATION_CONTEXT() REPRESENTATION_CONTEXT('2D SPACE',''
  ) );
#7518 = ORIENTED_EDGE('',*,*,#7519,.T.);
#7519 = EDGE_CURVE('',#7497,#7497,#7520,.T.);
#7520 = SURFACE_CURVE('',#7521,(#7526,#7533),.PCURVE_S1.);
#7521 = CIRCLE('',#7522,303.6);
#7522 = AXIS2_PLACEMENT_3D('',#7523,#7524,#7525);
#7523 = CARTESIAN_POINT('',(0.,0.,0.));
#7524 = DIRECTION('',(0.,0.,1.));
#7525 = DIRECTION('',(1.,0.,-0.));
#7526 = PCURVE('',#7472,#7527);
#7527 = DEFINITIONAL_REPRESENTATION('',(#7528),#7532);
#7528 = LINE('',#7529,#7530);
#7529 = CARTESIAN_POINT('',(0.,0.));
#7530 = VECTOR('',#7531,1.);
#7531 = DIRECTION('',(1.,0.));
#7532 = ( GEOMETRIC_REPRESENTATION_CONTEXT(2) 
PARAMETRIC_REPRESENTATION_CONTEXT() REPRESENTATION_CONTEXT('2D SPACE',''
  ) );
#7533 = PCURVE('',#7534,#7539);
#7534 = PLANE('',#7535);
#7535 = AXIS2_PLACEMENT_3D('',#7536,#7537,#7538);
#7536 = CARTESIAN_POINT('',(0.,0.,0.));
#7537 = DIRECTION('',(0.,0.,1.));
#7538 = DIRECTION('',(1.,0.,-0.));
#7539 = DEFINITIONAL_REPRESENTATION('',(#7540),#7544);
#7540 = CIRCLE('',#7541,303.6);
#7541 = AXIS2_PLACEMENT_2D('',#7542,#7543);
#7542 = CARTESIAN_POINT('',(0.,0.));
#7543 = DIRECTION('',(1.,0.));
#7544 = ( GEOMETRIC_REPRESENTATION_CONTEXT(2) 
PARAMETRIC_REPRESENTATION_CONTEXT() REPRESENTATION_CONTEXT('2D SPACE',''
  ) );
#7545 = ORIENTED_EDGE('',*,*,#7496,.T.);
#7546 = ADVANCED_FACE('',(#7547),#7484,.T.);
#7547 = FACE_BOUND('',#7548,.T.);
#7548 = EDGE_LOOP('',(#7549));
#7549 = ORIENTED_EDGE('',*,*,#7462,.T.);
#7550 = ADVANCED_FACE('',(#7551),#7534,.F.);
#7551 = FACE_BOUND('',#7552,.T.);
#7552 = EDGE_LOOP('',(#7553));
#7553 = ORIENTED_EDGE('',*,*,#7519,.F.);
#7554 = ( GEOMETRIC_REPRESENTATION_CONTEXT(3) 
GLOBAL_UNCERTAINTY_ASSIGNED_CONTEXT((#7558)) 
GLOBAL_UNIT_ASSIGNED_CONTEXT((#7555,#7556,#7557)) REPRESENTATION_CONTEXT
('Context #1','3D Context with UNIT and UNCERTAINTY') );
#7555 = ( LENGTH_UNIT() NAMED_UNIT(*) SI_UNIT(.MILLI.,.METRE.) );
#7556 = ( NAMED_UNIT(*) PLANE_ANGLE_UNIT() SI_UNIT($,.RADIAN.) );
#7557 = ( NAMED_UNIT(*) SI_UNIT($,.STERADIAN.) SOLID_ANGLE_UNIT() );
#7558 = UNCERTAINTY_MEASURE_WITH_UNIT(LENGTH_MEASURE(1.E-07),#7555,
  'distance_accuracy_value','confusion accuracy');
#7559 = CONTEXT_DEPENDENT_SHAPE_REPRESENTATION(#7560,#7562);
#7560 = ( REPRESENTATION_RELATIONSHIP('','',#7455,#7432) 
REPRESENTATION_RELATIONSHIP_WITH_TRANSFORMATION(#7561) 
SHAPE_REPRESENTATION_RELATIONSHIP() );
#7561 = ITEM_DEFINED_TRANSFORMATION('','',#11,#7433);
#7562 = PRODUCT_DEFINITION_SHAPE('Placement','Placement of an item',
  #7563);
#7563 = NEXT_ASSEMBLY_USAGE_OCCURRENCE('115','=>[0:1:1:53]','',#7427,
  #7450,$);
#7564 = PRODUCT_RELATED_PRODUCT_CATEGORY('part',$,(#7452));
#7565 = SHAPE_DEFINITION_REPRESENTATION(#7566,#7572);
#7566 = PRODUCT_DEFINITION_SHAPE('','',#7567);
#7567 = PRODUCT_DEFINITION('design','',#7568,#7571);
#7568 = PRODUCT_DEFINITION_FORMATION('','',#7569);
#7569 = PRODUCT('left_rear_simplified_brake_disc_solid',
  'left_rear_simplified_brake_disc_solid','',(#7570));
#7570 = PRODUCT_CONTEXT('',#2,'mechanical');
#7571 = PRODUCT_DEFINITION_CONTEXT('part definition',#2,'design');
#7572 = SHAPE_REPRESENTATION('',(#11,#7573),#7577);
#7573 = AXIS2_PLACEMENT_3D('',#7574,#7575,#7576);
#7574 = CARTESIAN_POINT('',(0.,0.,-166.5));
#7575 = DIRECTION('',(0.,0.,1.));
#7576 = DIRECTION('',(1.,0.,0.));
#7577 = ( GEOMETRIC_REPRESENTATION_CONTEXT(3) 
GLOBAL_UNCERTAINTY_ASSIGNED_CONTEXT((#7581)) 
GLOBAL_UNIT_ASSIGNED_CONTEXT((#7578,#7579,#7580)) REPRESENTATION_CONTEXT
('Context #1','3D Context with UNIT and UNCERTAINTY') );
#7578 = ( LENGTH_UNIT() NAMED_UNIT(*) SI_UNIT(.MILLI.,.METRE.) );
#7579 = ( NAMED_UNIT(*) PLANE_ANGLE_UNIT() SI_UNIT($,.RADIAN.) );
#7580 = ( NAMED_UNIT(*) SI_UNIT($,.STERADIAN.) SOLID_ANGLE_UNIT() );
#7581 = UNCERTAINTY_MEASURE_WITH_UNIT(LENGTH_MEASURE(1.E-07),#7578,
  'distance_accuracy_value','confusion accuracy');
#7582 = CONTEXT_DEPENDENT_SHAPE_REPRESENTATION(#7583,#7585);
#7583 = ( REPRESENTATION_RELATIONSHIP('','',#7572,#10) 
REPRESENTATION_RELATIONSHIP_WITH_TRANSFORMATION(#7584) 
SHAPE_REPRESENTATION_RELATIONSHIP() );
#7584 = ITEM_DEFINED_TRANSFORMATION('','',#11,#119);
#7585 = PRODUCT_DEFINITION_SHAPE('Placement','Placement of an item',
  #7586);
#7586 = NEXT_ASSEMBLY_USAGE_OCCURRENCE('118','=>[0:1:1:54]','',#5,#7567,
  $);
#7587 = PRODUCT_RELATED_PRODUCT_CATEGORY('part',$,(#7569));
#7588 = SHAPE_DEFINITION_REPRESENTATION(#7589,#7595);
#7589 = PRODUCT_DEFINITION_SHAPE('','',#7590);
#7590 = PRODUCT_DEFINITION('design','',#7591,#7594);
#7591 = PRODUCT_DEFINITION_FORMATION('','',#7592);
#7592 = PRODUCT('SOLID','SOLID','',(#7593));
#7593 = PRODUCT_CONTEXT('',#2,'mechanical');
#7594 = PRODUCT_DEFINITION_CONTEXT('part definition',#2,'design');
#7595 = ADVANCED_BREP_SHAPE_REPRESENTATION('',(#11,#7596),#7694);
#7596 = MANIFOLD_SOLID_BREP('',#7597);
#7597 = CLOSED_SHELL('',(#7598,#7686,#7690));
#7598 = ADVANCED_FACE('',(#7599),#7612,.T.);
#7599 = FACE_BOUND('',#7600,.T.);
#7600 = EDGE_LOOP('',(#7601,#7635,#7658,#7685));
#7601 = ORIENTED_EDGE('',*,*,#7602,.F.);
#7602 = EDGE_CURVE('',#7603,#7603,#7605,.T.);
#7603 = VERTEX_POINT('',#7604);
#7604 = CARTESIAN_POINT('',(197.8,-4.844702737427E-14,333.));
#7605 = SURFACE_CURVE('',#7606,(#7611,#7623),.PCURVE_S1.);
#7606 = CIRCLE('',#7607,197.8);
#7607 = AXIS2_PLACEMENT_3D('',#7608,#7609,#7610);
#7608 = CARTESIAN_POINT('',(0.,0.,333.));
#7609 = DIRECTION('',(0.,0.,1.));
#7610 = DIRECTION('',(1.,0.,-0.));
#7611 = PCURVE('',#7612,#7617);
#7612 = CYLINDRICAL_SURFACE('',#7613,197.8);
#7613 = AXIS2_PLACEMENT_3D('',#7614,#7615,#7616);
#7614 = CARTESIAN_POINT('',(0.,0.,0.));
#7615 = DIRECTION('',(0.,0.,1.));
#7616 = DIRECTION('',(1.,0.,-0.));
#7617 = DEFINITIONAL_REPRESENTATION('',(#7618),#7622);
#7618 = LINE('',#7619,#7620);
#7619 = CARTESIAN_POINT('',(0.,333.));
#7620 = VECTOR('',#7621,1.);
#7621 = DIRECTION('',(1.,0.));
#7622 = ( GEOMETRIC_REPRESENTATION_CONTEXT(2) 
PARAMETRIC_REPRESENTATION_CONTEXT() REPRESENTATION_CONTEXT('2D SPACE',''
  ) );
#7623 = PCURVE('',#7624,#7629);
#7624 = PLANE('',#7625);
#7625 = AXIS2_PLACEMENT_3D('',#7626,#7627,#7628);
#7626 = CARTESIAN_POINT('',(0.,0.,333.));
#7627 = DIRECTION('',(0.,0.,1.));
#7628 = DIRECTION('',(1.,0.,-0.));
#7629 = DEFINITIONAL_REPRESENTATION('',(#7630),#7634);
#7630 = CIRCLE('',#7631,197.8);
#7631 = AXIS2_PLACEMENT_2D('',#7632,#7633);
#7632 = CARTESIAN_POINT('',(0.,0.));
#7633 = DIRECTION('',(1.,0.));
#7634 = ( GEOMETRIC_REPRESENTATION_CONTEXT(2) 
PARAMETRIC_REPRESENTATION_CONTEXT() REPRESENTATION_CONTEXT('2D SPACE',''
  ) );
#7635 = ORIENTED_EDGE('',*,*,#7636,.F.);
#7636 = EDGE_CURVE('',#7637,#7603,#7639,.T.);
#7637 = VERTEX_POINT('',#7638);
#7638 = CARTESIAN_POINT('',(197.8,-4.844702737427E-14,0.));
#7639 = SEAM_CURVE('',#7640,(#7644,#7651),.PCURVE_S1.);
#7640 = LINE('',#7641,#7642);
#7641 = CARTESIAN_POINT('',(197.8,-4.844702737427E-14,0.));
#7642 = VECTOR('',#7643,1.);
#7643 = DIRECTION('',(0.,0.,1.));
#7644 = PCURVE('',#7612,#7645);
#7645 = DEFINITIONAL_REPRESENTATION('',(#7646),#7650);
#7646 = LINE('',#7647,#7648);
#7647 = CARTESIAN_POINT('',(6.28318530718,-0.));
#7648 = VECTOR('',#7649,1.);
#7649 = DIRECTION('',(0.,1.));
#7650 = ( GEOMETRIC_REPRESENTATION_CONTEXT(2) 
PARAMETRIC_REPRESENTATION_CONTEXT() REPRESENTATION_CONTEXT('2D SPACE',''
  ) );
#7651 = PCURVE('',#7612,#7652);
#7652 = DEFINITIONAL_REPRESENTATION('',(#7653),#7657);
#7653 = LINE('',#7654,#7655);
#7654 = CARTESIAN_POINT('',(0.,-0.));
#7655 = VECTOR('',#7656,1.);
#7656 = DIRECTION('',(0.,1.));
#7657 = ( GEOMETRIC_REPRESENTATION_CONTEXT(2) 
PARAMETRIC_REPRESENTATION_CONTEXT() REPRESENTATION_CONTEXT('2D SPACE',''
  ) );
#7658 = ORIENTED_EDGE('',*,*,#7659,.T.);
#7659 = EDGE_CURVE('',#7637,#7637,#7660,.T.);
#7660 = SURFACE_CURVE('',#7661,(#7666,#7673),.PCURVE_S1.);
#7661 = CIRCLE('',#7662,197.8);
#7662 = AXIS2_PLACEMENT_3D('',#7663,#7664,#7665);
#7663 = CARTESIAN_POINT('',(0.,0.,0.));
#7664 = DIRECTION('',(0.,0.,1.));
#7665 = DIRECTION('',(1.,0.,-0.));
#7666 = PCURVE('',#7612,#7667);
#7667 = DEFINITIONAL_REPRESENTATION('',(#7668),#7672);
#7668 = LINE('',#7669,#7670);
#7669 = CARTESIAN_POINT('',(0.,0.));
#7670 = VECTOR('',#7671,1.);
#7671 = DIRECTION('',(1.,0.));
#7672 = ( GEOMETRIC_REPRESENTATION_CONTEXT(2) 
PARAMETRIC_REPRESENTATION_CONTEXT() REPRESENTATION_CONTEXT('2D SPACE',''
  ) );
#7673 = PCURVE('',#7674,#7679);
#7674 = PLANE('',#7675);
#7675 = AXIS2_PLACEMENT_3D('',#7676,#7677,#7678);
#7676 = CARTESIAN_POINT('',(0.,0.,0.));
#7677 = DIRECTION('',(0.,0.,1.));
#7678 = DIRECTION('',(1.,0.,-0.));
#7679 = DEFINITIONAL_REPRESENTATION('',(#7680),#7684);
#7680 = CIRCLE('',#7681,197.8);
#7681 = AXIS2_PLACEMENT_2D('',#7682,#7683);
#7682 = CARTESIAN_POINT('',(0.,0.));
#7683 = DIRECTION('',(1.,0.));
#7684 = ( GEOMETRIC_REPRESENTATION_CONTEXT(2) 
PARAMETRIC_REPRESENTATION_CONTEXT() REPRESENTATION_CONTEXT('2D SPACE',''
  ) );
#7685 = ORIENTED_EDGE('',*,*,#7636,.T.);
#7686 = ADVANCED_FACE('',(#7687),#7624,.T.);
#7687 = FACE_BOUND('',#7688,.T.);
#7688 = EDGE_LOOP('',(#7689));
#7689 = ORIENTED_EDGE('',*,*,#7602,.T.);
#7690 = ADVANCED_FACE('',(#7691),#7674,.F.);
#7691 = FACE_BOUND('',#7692,.T.);
#7692 = EDGE_LOOP('',(#7693));
#7693 = ORIENTED_EDGE('',*,*,#7659,.F.);
#7694 = ( GEOMETRIC_REPRESENTATION_CONTEXT(3) 
GLOBAL_UNCERTAINTY_ASSIGNED_CONTEXT((#7698)) 
GLOBAL_UNIT_ASSIGNED_CONTEXT((#7695,#7696,#7697)) REPRESENTATION_CONTEXT
('Context #1','3D Context with UNIT and UNCERTAINTY') );
#7695 = ( LENGTH_UNIT() NAMED_UNIT(*) SI_UNIT(.MILLI.,.METRE.) );
#7696 = ( NAMED_UNIT(*) PLANE_ANGLE_UNIT() SI_UNIT($,.RADIAN.) );
#7697 = ( NAMED_UNIT(*) SI_UNIT($,.STERADIAN.) SOLID_ANGLE_UNIT() );
#7698 = UNCERTAINTY_MEASURE_WITH_UNIT(LENGTH_MEASURE(1.E-07),#7695,
  'distance_accuracy_value','confusion accuracy');
#7699 = CONTEXT_DEPENDENT_SHAPE_REPRESENTATION(#7700,#7702);
#7700 = ( REPRESENTATION_RELATIONSHIP('','',#7595,#7572) 
REPRESENTATION_RELATIONSHIP_WITH_TRANSFORMATION(#7701) 
SHAPE_REPRESENTATION_RELATIONSHIP() );
#7701 = ITEM_DEFINED_TRANSFORMATION('','',#11,#7573);
#7702 = PRODUCT_DEFINITION_SHAPE('Placement','Placement of an item',
  #7703);
#7703 = NEXT_ASSEMBLY_USAGE_OCCURRENCE('117','=>[0:1:1:55]','',#7567,
  #7590,$);
#7704 = PRODUCT_RELATED_PRODUCT_CATEGORY('part',$,(#7592));
#7705 = SHAPE_DEFINITION_REPRESENTATION(#7706,#7712);
#7706 = PRODUCT_DEFINITION_SHAPE('','',#7707);
#7707 = PRODUCT_DEFINITION('design','',#7708,#7711);
#7708 = PRODUCT_DEFINITION_FORMATION('','',#7709);
#7709 = PRODUCT('left_rear_flush_center_hub',
  'left_rear_flush_center_hub','',(#7710));
#7710 = PRODUCT_CONTEXT('',#2,'mechanical');
#7711 = PRODUCT_DEFINITION_CONTEXT('part definition',#2,'design');
#7712 = SHAPE_REPRESENTATION('',(#11,#7713),#7717);
#7713 = AXIS2_PLACEMENT_3D('',#7714,#7715,#7716);
#7714 = CARTESIAN_POINT('',(0.,0.,-169.5));
#7715 = DIRECTION('',(0.,0.,1.));
#7716 = DIRECTION('',(1.,0.,0.));
#7717 = ( GEOMETRIC_REPRESENTATION_CONTEXT(3) 
GLOBAL_UNCERTAINTY_ASSIGNED_CONTEXT((#7721)) 
GLOBAL_UNIT_ASSIGNED_CONTEXT((#7718,#7719,#7720)) REPRESENTATION_CONTEXT
('Context #1','3D Context with UNIT and UNCERTAINTY') );
#7718 = ( LENGTH_UNIT() NAMED_UNIT(*) SI_UNIT(.MILLI.,.METRE.) );
#7719 = ( NAMED_UNIT(*) PLANE_ANGLE_UNIT() SI_UNIT($,.RADIAN.) );
#7720 = ( NAMED_UNIT(*) SI_UNIT($,.STERADIAN.) SOLID_ANGLE_UNIT() );
#7721 = UNCERTAINTY_MEASURE_WITH_UNIT(LENGTH_MEASURE(1.E-07),#7718,
  'distance_accuracy_value','confusion accuracy');
#7722 = CONTEXT_DEPENDENT_SHAPE_REPRESENTATION(#7723,#7725);
#7723 = ( REPRESENTATION_RELATIONSHIP('','',#7712,#10) 
REPRESENTATION_RELATIONSHIP_WITH_TRANSFORMATION(#7724) 
SHAPE_REPRESENTATION_RELATIONSHIP() );
#7724 = ITEM_DEFINED_TRANSFORMATION('','',#11,#123);
#7725 = PRODUCT_DEFINITION_SHAPE('Placement','Placement of an item',
  #7726);
#7726 = NEXT_ASSEMBLY_USAGE_OCCURRENCE('120','=>[0:1:1:56]','',#5,#7707,
  $);
#7727 = PRODUCT_RELATED_PRODUCT_CATEGORY('part',$,(#7709));
#7728 = SHAPE_DEFINITION_REPRESENTATION(#7729,#7735);
#7729 = PRODUCT_DEFINITION_SHAPE('','',#7730);
#7730 = PRODUCT_DEFINITION('design','',#7731,#7734);
#7731 = PRODUCT_DEFINITION_FORMATION('','',#7732);
#7732 = PRODUCT('SOLID','SOLID','',(#7733));
#7733 = PRODUCT_CONTEXT('',#2,'mechanical');
#7734 = PRODUCT_DEFINITION_CONTEXT('part definition',#2,'design');
#7735 = ADVANCED_BREP_SHAPE_REPRESENTATION('',(#11,#7736),#7834);
#7736 = MANIFOLD_SOLID_BREP('',#7737);
#7737 = CLOSED_SHELL('',(#7738,#7826,#7830));
#7738 = ADVANCED_FACE('',(#7739),#7752,.T.);
#7739 = FACE_BOUND('',#7740,.T.);
#7740 = EDGE_LOOP('',(#7741,#7775,#7798,#7825));
#7741 = ORIENTED_EDGE('',*,*,#7742,.F.);
#7742 = EDGE_CURVE('',#7743,#7743,#7745,.T.);
#7743 = VERTEX_POINT('',#7744);
#7744 = CARTESIAN_POINT('',(69.,-1.690012582823E-14,339.));
#7745 = SURFACE_CURVE('',#7746,(#7751,#7763),.PCURVE_S1.);
#7746 = CIRCLE('',#7747,69.);
#7747 = AXIS2_PLACEMENT_3D('',#7748,#7749,#7750);
#7748 = CARTESIAN_POINT('',(0.,0.,339.));
#7749 = DIRECTION('',(0.,0.,1.));
#7750 = DIRECTION('',(1.,0.,-0.));
#7751 = PCURVE('',#7752,#7757);
#7752 = CYLINDRICAL_SURFACE('',#7753,69.);
#7753 = AXIS2_PLACEMENT_3D('',#7754,#7755,#7756);
#7754 = CARTESIAN_POINT('',(0.,0.,0.));
#7755 = DIRECTION('',(0.,0.,1.));
#7756 = DIRECTION('',(1.,0.,-0.));
#7757 = DEFINITIONAL_REPRESENTATION('',(#7758),#7762);
#7758 = LINE('',#7759,#7760);
#7759 = CARTESIAN_POINT('',(0.,339.));
#7760 = VECTOR('',#7761,1.);
#7761 = DIRECTION('',(1.,0.));
#7762 = ( GEOMETRIC_REPRESENTATION_CONTEXT(2) 
PARAMETRIC_REPRESENTATION_CONTEXT() REPRESENTATION_CONTEXT('2D SPACE',''
  ) );
#7763 = PCURVE('',#7764,#7769);
#7764 = PLANE('',#7765);
#7765 = AXIS2_PLACEMENT_3D('',#7766,#7767,#7768);
#7766 = CARTESIAN_POINT('',(0.,0.,339.));
#7767 = DIRECTION('',(0.,0.,1.));
#7768 = DIRECTION('',(1.,0.,-0.));
#7769 = DEFINITIONAL_REPRESENTATION('',(#7770),#7774);
#7770 = CIRCLE('',#7771,69.);
#7771 = AXIS2_PLACEMENT_2D('',#7772,#7773);
#7772 = CARTESIAN_POINT('',(0.,0.));
#7773 = DIRECTION('',(1.,0.));
#7774 = ( GEOMETRIC_REPRESENTATION_CONTEXT(2) 
PARAMETRIC_REPRESENTATION_CONTEXT() REPRESENTATION_CONTEXT('2D SPACE',''
  ) );
#7775 = ORIENTED_EDGE('',*,*,#7776,.F.);
#7776 = EDGE_CURVE('',#7777,#7743,#7779,.T.);
#7777 = VERTEX_POINT('',#7778);
#7778 = CARTESIAN_POINT('',(69.,-1.690012582823E-14,0.));
#7779 = SEAM_CURVE('',#7780,(#7784,#7791),.PCURVE_S1.);
#7780 = LINE('',#7781,#7782);
#7781 = CARTESIAN_POINT('',(69.,-1.690012582823E-14,0.));
#7782 = VECTOR('',#7783,1.);
#7783 = DIRECTION('',(0.,0.,1.));
#7784 = PCURVE('',#7752,#7785);
#7785 = DEFINITIONAL_REPRESENTATION('',(#7786),#7790);
#7786 = LINE('',#7787,#7788);
#7787 = CARTESIAN_POINT('',(6.28318530718,-0.));
#7788 = VECTOR('',#7789,1.);
#7789 = DIRECTION('',(0.,1.));
#7790 = ( GEOMETRIC_REPRESENTATION_CONTEXT(2) 
PARAMETRIC_REPRESENTATION_CONTEXT() REPRESENTATION_CONTEXT('2D SPACE',''
  ) );
#7791 = PCURVE('',#7752,#7792);
#7792 = DEFINITIONAL_REPRESENTATION('',(#7793),#7797);
#7793 = LINE('',#7794,#7795);
#7794 = CARTESIAN_POINT('',(0.,-0.));
#7795 = VECTOR('',#7796,1.);
#7796 = DIRECTION('',(0.,1.));
#7797 = ( GEOMETRIC_REPRESENTATION_CONTEXT(2) 
PARAMETRIC_REPRESENTATION_CONTEXT() REPRESENTATION_CONTEXT('2D SPACE',''
  ) );
#7798 = ORIENTED_EDGE('',*,*,#7799,.T.);
#7799 = EDGE_CURVE('',#7777,#7777,#7800,.T.);
#7800 = SURFACE_CURVE('',#7801,(#7806,#7813),.PCURVE_S1.);
#7801 = CIRCLE('',#7802,69.);
#7802 = AXIS2_PLACEMENT_3D('',#7803,#7804,#7805);
#7803 = CARTESIAN_POINT('',(0.,0.,0.));
#7804 = DIRECTION('',(0.,0.,1.));
#7805 = DIRECTION('',(1.,0.,-0.));
#7806 = PCURVE('',#7752,#7807);
#7807 = DEFINITIONAL_REPRESENTATION('',(#7808),#7812);
#7808 = LINE('',#7809,#7810);
#7809 = CARTESIAN_POINT('',(0.,0.));
#7810 = VECTOR('',#7811,1.);
#7811 = DIRECTION('',(1.,0.));
#7812 = ( GEOMETRIC_REPRESENTATION_CONTEXT(2) 
PARAMETRIC_REPRESENTATION_CONTEXT() REPRESENTATION_CONTEXT('2D SPACE',''
  ) );
#7813 = PCURVE('',#7814,#7819);
#7814 = PLANE('',#7815);
#7815 = AXIS2_PLACEMENT_3D('',#7816,#7817,#7818);
#7816 = CARTESIAN_POINT('',(0.,0.,0.));
#7817 = DIRECTION('',(0.,0.,1.));
#7818 = DIRECTION('',(1.,0.,-0.));
#7819 = DEFINITIONAL_REPRESENTATION('',(#7820),#7824);
#7820 = CIRCLE('',#7821,69.);
#7821 = AXIS2_PLACEMENT_2D('',#7822,#7823);
#7822 = CARTESIAN_POINT('',(0.,0.));
#7823 = DIRECTION('',(1.,0.));
#7824 = ( GEOMETRIC_REPRESENTATION_CONTEXT(2) 
PARAMETRIC_REPRESENTATION_CONTEXT() REPRESENTATION_CONTEXT('2D SPACE',''
  ) );
#7825 = ORIENTED_EDGE('',*,*,#7776,.T.);
#7826 = ADVANCED_FACE('',(#7827),#7764,.T.);
#7827 = FACE_BOUND('',#7828,.T.);
#7828 = EDGE_LOOP('',(#7829));
#7829 = ORIENTED_EDGE('',*,*,#7742,.T.);
#7830 = ADVANCED_FACE('',(#7831),#7814,.F.);
#7831 = FACE_BOUND('',#7832,.T.);
#7832 = EDGE_LOOP('',(#7833));
#7833 = ORIENTED_EDGE('',*,*,#7799,.F.);
#7834 = ( GEOMETRIC_REPRESENTATION_CONTEXT(3) 
GLOBAL_UNCERTAINTY_ASSIGNED_CONTEXT((#7838)) 
GLOBAL_UNIT_ASSIGNED_CONTEXT((#7835,#7836,#7837)) REPRESENTATION_CONTEXT
('Context #1','3D Context with UNIT and UNCERTAINTY') );
#7835 = ( LENGTH_UNIT() NAMED_UNIT(*) SI_UNIT(.MILLI.,.METRE.) );
#7836 = ( NAMED_UNIT(*) PLANE_ANGLE_UNIT() SI_UNIT($,.RADIAN.) );
#7837 = ( NAMED_UNIT(*) SI_UNIT($,.STERADIAN.) SOLID_ANGLE_UNIT() );
#7838 = UNCERTAINTY_MEASURE_WITH_UNIT(LENGTH_MEASURE(1.E-07),#7835,
  'distance_accuracy_value','confusion accuracy');
#7839 = CONTEXT_DEPENDENT_SHAPE_REPRESENTATION(#7840,#7842);
#7840 = ( REPRESENTATION_RELATIONSHIP('','',#7735,#7712) 
REPRESENTATION_RELATIONSHIP_WITH_TRANSFORMATION(#7841) 
SHAPE_REPRESENTATION_RELATIONSHIP() );
#7841 = ITEM_DEFINED_TRANSFORMATION('','',#11,#7713);
#7842 = PRODUCT_DEFINITION_SHAPE('Placement','Placement of an item',
  #7843);
#7843 = NEXT_ASSEMBLY_USAGE_OCCURRENCE('119','=>[0:1:1:57]','',#7707,
  #7730,$);
#7844 = PRODUCT_RELATED_PRODUCT_CATEGORY('part',$,(#7732));
#7845 = SHAPE_DEFINITION_REPRESENTATION(#7846,#7852);
#7846 = PRODUCT_DEFINITION_SHAPE('','',#7847);
#7847 = PRODUCT_DEFINITION('design','',#7848,#7851);
#7848 = PRODUCT_DEFINITION_FORMATION('','',#7849);
#7849 = PRODUCT('left_rear_dark_wheel_arch_cutout_backer',
  'left_rear_dark_wheel_arch_cutout_backer','',(#7850));
#7850 = PRODUCT_CONTEXT('',#2,'mechanical');
#7851 = PRODUCT_DEFINITION_CONTEXT('part definition',#2,'design');
#7852 = SHAPE_REPRESENTATION('',(#11,#7853),#7857);
#7853 = AXIS2_PLACEMENT_3D('',#7854,#7855,#7856);
#7854 = CARTESIAN_POINT('',(-380.,-17.,-220.));
#7855 = DIRECTION('',(0.,0.,1.));
#7856 = DIRECTION('',(1.,0.,0.));
#7857 = ( GEOMETRIC_REPRESENTATION_CONTEXT(3) 
GLOBAL_UNCERTAINTY_ASSIGNED_CONTEXT((#7861)) 
GLOBAL_UNIT_ASSIGNED_CONTEXT((#7858,#7859,#7860)) REPRESENTATION_CONTEXT
('Context #1','3D Context with UNIT and UNCERTAINTY') );
#7858 = ( LENGTH_UNIT() NAMED_UNIT(*) SI_UNIT(.MILLI.,.METRE.) );
#7859 = ( NAMED_UNIT(*) PLANE_ANGLE_UNIT() SI_UNIT($,.RADIAN.) );
#7860 = ( NAMED_UNIT(*) SI_UNIT($,.STERADIAN.) SOLID_ANGLE_UNIT() );
#7861 = UNCERTAINTY_MEASURE_WITH_UNIT(LENGTH_MEASURE(1.E-07),#7858,
  'distance_accuracy_value','confusion accuracy');
#7862 = CONTEXT_DEPENDENT_SHAPE_REPRESENTATION(#7863,#7865);
#7863 = ( REPRESENTATION_RELATIONSHIP('','',#7852,#10) 
REPRESENTATION_RELATIONSHIP_WITH_TRANSFORMATION(#7864) 
SHAPE_REPRESENTATION_RELATIONSHIP() );
#7864 = ITEM_DEFINED_TRANSFORMATION('','',#11,#127);
#7865 = PRODUCT_DEFINITION_SHAPE('Placement','Placement of an item',
  #7866);
#7866 = NEXT_ASSEMBLY_USAGE_OCCURRENCE('122','=>[0:1:1:58]','',#5,#7847,
  $);
#7867 = PRODUCT_RELATED_PRODUCT_CATEGORY('part',$,(#7849));
#7868 = SHAPE_DEFINITION_REPRESENTATION(#7869,#7875);
#7869 = PRODUCT_DEFINITION_SHAPE('','',#7870);
#7870 = PRODUCT_DEFINITION('design','',#7871,#7874);
#7871 = PRODUCT_DEFINITION_FORMATION('','',#7872);
#7872 = PRODUCT('SOLID','SOLID','',(#7873));
#7873 = PRODUCT_CONTEXT('',#2,'mechanical');
#7874 = PRODUCT_DEFINITION_CONTEXT('part definition',#2,'design');
#7875 = ADVANCED_BREP_SHAPE_REPRESENTATION('',(#11,#7876),#8206);
#7876 = MANIFOLD_SOLID_BREP('',#7877);
#7877 = CLOSED_SHELL('',(#7878,#7998,#8098,#8145,#8192,#8199));
#7878 = ADVANCED_FACE('',(#7879),#7893,.F.);
#7879 = FACE_BOUND('',#7880,.F.);
#7880 = EDGE_LOOP('',(#7881,#7916,#7944,#7972));
#7881 = ORIENTED_EDGE('',*,*,#7882,.F.);
#7882 = EDGE_CURVE('',#7883,#7885,#7887,.T.);
#7883 = VERTEX_POINT('',#7884);
#7884 = CARTESIAN_POINT('',(0.,0.,0.));
#7885 = VERTEX_POINT('',#7886);
#7886 = CARTESIAN_POINT('',(0.,0.,440.));
#7887 = SURFACE_CURVE('',#7888,(#7892,#7904),.PCURVE_S1.);
#7888 = LINE('',#7889,#7890);
#7889 = CARTESIAN_POINT('',(0.,0.,0.));
#7890 = VECTOR('',#7891,1.);
#7891 = DIRECTION('',(0.,0.,1.));
#7892 = PCURVE('',#7893,#7898);
#7893 = PLANE('',#7894);
#7894 = AXIS2_PLACEMENT_3D('',#7895,#7896,#7897);
#7895 = CARTESIAN_POINT('',(0.,0.,0.));
#7896 = DIRECTION('',(1.,0.,-0.));
#7897 = DIRECTION('',(0.,0.,1.));
#7898 = DEFINITIONAL_REPRESENTATION('',(#7899),#7903);
#7899 = LINE('',#7900,#7901);
#7900 = CARTESIAN_POINT('',(0.,0.));
#7901 = VECTOR('',#7902,1.);
#7902 = DIRECTION('',(1.,0.));
#7903 = ( GEOMETRIC_REPRESENTATION_CONTEXT(2) 
PARAMETRIC_REPRESENTATION_CONTEXT() REPRESENTATION_CONTEXT('2D SPACE',''
  ) );
#7904 = PCURVE('',#7905,#7910);
#7905 = PLANE('',#7906);
#7906 = AXIS2_PLACEMENT_3D('',#7907,#7908,#7909);
#7907 = CARTESIAN_POINT('',(0.,0.,0.));
#7908 = DIRECTION('',(-0.,1.,0.));
#7909 = DIRECTION('',(0.,0.,1.));
#7910 = DEFINITIONAL_REPRESENTATION('',(#7911),#7915);
#7911 = LINE('',#7912,#7913);
#7912 = CARTESIAN_POINT('',(0.,0.));
#7913 = VECTOR('',#7914,1.);
#7914 = DIRECTION('',(1.,0.));
#7915 = ( GEOMETRIC_REPRESENTATION_CONTEXT(2) 
PARAMETRIC_REPRESENTATION_CONTEXT() REPRESENTATION_CONTEXT('2D SPACE',''
  ) );
#7916 = ORIENTED_EDGE('',*,*,#7917,.T.);
#7917 = EDGE_CURVE('',#7883,#7918,#7920,.T.);
#7918 = VERTEX_POINT('',#7919);
#7919 = CARTESIAN_POINT('',(0.,34.,0.));
#7920 = SURFACE_CURVE('',#7921,(#7925,#7932),.PCURVE_S1.);
#7921 = LINE('',#7922,#7923);
#7922 = CARTESIAN_POINT('',(0.,0.,0.));
#7923 = VECTOR('',#7924,1.);
#7924 = DIRECTION('',(-0.,1.,0.));
#7925 = PCURVE('',#7893,#7926);
#7926 = DEFINITIONAL_REPRESENTATION('',(#7927),#7931);
#7927 = LINE('',#7928,#7929);
#7928 = CARTESIAN_POINT('',(0.,0.));
#7929 = VECTOR('',#7930,1.);
#7930 = DIRECTION('',(0.,-1.));
#7931 = ( GEOMETRIC_REPRESENTATION_CONTEXT(2) 
PARAMETRIC_REPRESENTATION_CONTEXT() REPRESENTATION_CONTEXT('2D SPACE',''
  ) );
#7932 = PCURVE('',#7933,#7938);
#7933 = PLANE('',#7934);
#7934 = AXIS2_PLACEMENT_3D('',#7935,#7936,#7937);
#7935 = CARTESIAN_POINT('',(0.,0.,0.));
#7936 = DIRECTION('',(0.,0.,1.));
#7937 = DIRECTION('',(1.,0.,-0.));
#7938 = DEFINITIONAL_REPRESENTATION('',(#7939),#7943);
#7939 = LINE('',#7940,#7941);
#7940 = CARTESIAN_POINT('',(0.,0.));
#7941 = VECTOR('',#7942,1.);
#7942 = DIRECTION('',(0.,1.));
#7943 = ( GEOMETRIC_REPRESENTATION_CONTEXT(2) 
PARAMETRIC_REPRESENTATION_CONTEXT() REPRESENTATION_CONTEXT('2D SPACE',''
  ) );
#7944 = ORIENTED_EDGE('',*,*,#7945,.T.);
#7945 = EDGE_CURVE('',#7918,#7946,#7948,.T.);
#7946 = VERTEX_POINT('',#7947);
#7947 = CARTESIAN_POINT('',(0.,34.,440.));
#7948 = SURFACE_CURVE('',#7949,(#7953,#7960),.PCURVE_S1.);
#7949 = LINE('',#7950,#7951);
#7950 = CARTESIAN_POINT('',(0.,34.,0.));
#7951 = VECTOR('',#7952,1.);
#7952 = DIRECTION('',(0.,0.,1.));
#7953 = PCURVE('',#7893,#7954);
#7954 = DEFINITIONAL_REPRESENTATION('',(#7955),#7959);
#7955 = LINE('',#7956,#7957);
#7956 = CARTESIAN_POINT('',(0.,-34.));
#7957 = VECTOR('',#7958,1.);
#7958 = DIRECTION('',(1.,0.));
#7959 = ( GEOMETRIC_REPRESENTATION_CONTEXT(2) 
PARAMETRIC_REPRESENTATION_CONTEXT() REPRESENTATION_CONTEXT('2D SPACE',''
  ) );
#7960 = PCURVE('',#7961,#7966);
#7961 = PLANE('',#7962);
#7962 = AXIS2_PLACEMENT_3D('',#7963,#7964,#7965);
#7963 = CARTESIAN_POINT('',(0.,34.,0.));
#7964 = DIRECTION('',(-0.,1.,0.));
#7965 = DIRECTION('',(0.,0.,1.));
#7966 = DEFINITIONAL_REPRESENTATION('',(#7967),#7971);
#7967 = LINE('',#7968,#7969);
#7968 = CARTESIAN_POINT('',(0.,0.));
#7969 = VECTOR('',#7970,1.);
#7970 = DIRECTION('',(1.,0.));
#7971 = ( GEOMETRIC_REPRESENTATION_CONTEXT(2) 
PARAMETRIC_REPRESENTATION_CONTEXT() REPRESENTATION_CONTEXT('2D SPACE',''
  ) );
#7972 = ORIENTED_EDGE('',*,*,#7973,.F.);
#7973 = EDGE_CURVE('',#7885,#7946,#7974,.T.);
#7974 = SURFACE_CURVE('',#7975,(#7979,#7986),.PCURVE_S1.);
#7975 = LINE('',#7976,#7977);
#7976 = CARTESIAN_POINT('',(0.,0.,440.));
#7977 = VECTOR('',#7978,1.);
#7978 = DIRECTION('',(-0.,1.,0.));
#7979 = PCURVE('',#7893,#7980);
#7980 = DEFINITIONAL_REPRESENTATION('',(#7981),#7985);
#7981 = LINE('',#7982,#7983);
#7982 = CARTESIAN_POINT('',(440.,0.));
#7983 = VECTOR('',#7984,1.);
#7984 = DIRECTION('',(0.,-1.));
#7985 = ( GEOMETRIC_REPRESENTATION_CONTEXT(2) 
PARAMETRIC_REPRESENTATION_CONTEXT() REPRESENTATION_CONTEXT('2D SPACE',''
  ) );
#7986 = PCURVE('',#7987,#7992);
#7987 = PLANE('',#7988);
#7988 = AXIS2_PLACEMENT_3D('',#7989,#7990,#7991);
#7989 = CARTESIAN_POINT('',(0.,0.,440.));
#7990 = DIRECTION('',(0.,0.,1.));
#7991 = DIRECTION('',(1.,0.,-0.));
#7992 = DEFINITIONAL_REPRESENTATION('',(#7993),#7997);
#7993 = LINE('',#7994,#7995);
#7994 = CARTESIAN_POINT('',(0.,0.));
#7995 = VECTOR('',#7996,1.);
#7996 = DIRECTION('',(0.,1.));
#7997 = ( GEOMETRIC_REPRESENTATION_CONTEXT(2) 
PARAMETRIC_REPRESENTATION_CONTEXT() REPRESENTATION_CONTEXT('2D SPACE',''
  ) );
#7998 = ADVANCED_FACE('',(#7999),#8013,.T.);
#7999 = FACE_BOUND('',#8000,.T.);
#8000 = EDGE_LOOP('',(#8001,#8031,#8054,#8077));
#8001 = ORIENTED_EDGE('',*,*,#8002,.F.);
#8002 = EDGE_CURVE('',#8003,#8005,#8007,.T.);
#8003 = VERTEX_POINT('',#8004);
#8004 = CARTESIAN_POINT('',(760.,0.,0.));
#8005 = VERTEX_POINT('',#8006);
#8006 = CARTESIAN_POINT('',(760.,0.,440.));
#8007 = SURFACE_CURVE('',#8008,(#8012,#8024),.PCURVE_S1.);
#8008 = LINE('',#8009,#8010);
#8009 = CARTESIAN_POINT('',(760.,0.,0.));
#8010 = VECTOR('',#8011,1.);
#8011 = DIRECTION('',(0.,0.,1.));
#8012 = PCURVE('',#8013,#8018);
#8013 = PLANE('',#8014);
#8014 = AXIS2_PLACEMENT_3D('',#8015,#8016,#8017);
#8015 = CARTESIAN_POINT('',(760.,0.,0.));
#8016 = DIRECTION('',(1.,0.,-0.));
#8017 = DIRECTION('',(0.,0.,1.));
#8018 = DEFINITIONAL_REPRESENTATION('',(#8019),#8023);
#8019 = LINE('',#8020,#8021);
#8020 = CARTESIAN_POINT('',(0.,0.));
#8021 = VECTOR('',#8022,1.);
#8022 = DIRECTION('',(1.,0.));
#8023 = ( GEOMETRIC_REPRESENTATION_CONTEXT(2) 
PARAMETRIC_REPRESENTATION_CONTEXT() REPRESENTATION_CONTEXT('2D SPACE',''
  ) );
#8024 = PCURVE('',#7905,#8025);
#8025 = DEFINITIONAL_REPRESENTATION('',(#8026),#8030);
#8026 = LINE('',#8027,#8028);
#8027 = CARTESIAN_POINT('',(0.,760.));
#8028 = VECTOR('',#8029,1.);
#8029 = DIRECTION('',(1.,0.));
#8030 = ( GEOMETRIC_REPRESENTATION_CONTEXT(2) 
PARAMETRIC_REPRESENTATION_CONTEXT() REPRESENTATION_CONTEXT('2D SPACE',''
  ) );
#8031 = ORIENTED_EDGE('',*,*,#8032,.T.);
#8032 = EDGE_CURVE('',#8003,#8033,#8035,.T.);
#8033 = VERTEX_POINT('',#8034);
#8034 = CARTESIAN_POINT('',(760.,34.,0.));
#8035 = SURFACE_CURVE('',#8036,(#8040,#8047),.PCURVE_S1.);
#8036 = LINE('',#8037,#8038);
#8037 = CARTESIAN_POINT('',(760.,0.,0.));
#8038 = VECTOR('',#8039,1.);
#8039 = DIRECTION('',(-0.,1.,0.));
#8040 = PCURVE('',#8013,#8041);
#8041 = DEFINITIONAL_REPRESENTATION('',(#8042),#8046);
#8042 = LINE('',#8043,#8044);
#8043 = CARTESIAN_POINT('',(0.,0.));
#8044 = VECTOR('',#8045,1.);
#8045 = DIRECTION('',(0.,-1.));
#8046 = ( GEOMETRIC_REPRESENTATION_CONTEXT(2) 
PARAMETRIC_REPRESENTATION_CONTEXT() REPRESENTATION_CONTEXT('2D SPACE',''
  ) );
#8047 = PCURVE('',#7933,#8048);
#8048 = DEFINITIONAL_REPRESENTATION('',(#8049),#8053);
#8049 = LINE('',#8050,#8051);
#8050 = CARTESIAN_POINT('',(760.,0.));
#8051 = VECTOR('',#8052,1.);
#8052 = DIRECTION('',(0.,1.));
#8053 = ( GEOMETRIC_REPRESENTATION_CONTEXT(2) 
PARAMETRIC_REPRESENTATION_CONTEXT() REPRESENTATION_CONTEXT('2D SPACE',''
  ) );
#8054 = ORIENTED_EDGE('',*,*,#8055,.T.);
#8055 = EDGE_CURVE('',#8033,#8056,#8058,.T.);
#8056 = VERTEX_POINT('',#8057);
#8057 = CARTESIAN_POINT('',(760.,34.,440.));
#8058 = SURFACE_CURVE('',#8059,(#8063,#8070),.PCURVE_S1.);
#8059 = LINE('',#8060,#8061);
#8060 = CARTESIAN_POINT('',(760.,34.,0.));
#8061 = VECTOR('',#8062,1.);
#8062 = DIRECTION('',(0.,0.,1.));
#8063 = PCURVE('',#8013,#8064);
#8064 = DEFINITIONAL_REPRESENTATION('',(#8065),#8069);
#8065 = LINE('',#8066,#8067);
#8066 = CARTESIAN_POINT('',(0.,-34.));
#8067 = VECTOR('',#8068,1.);
#8068 = DIRECTION('',(1.,0.));
#8069 = ( GEOMETRIC_REPRESENTATION_CONTEXT(2) 
PARAMETRIC_REPRESENTATION_CONTEXT() REPRESENTATION_CONTEXT('2D SPACE',''
  ) );
#8070 = PCURVE('',#7961,#8071);
#8071 = DEFINITIONAL_REPRESENTATION('',(#8072),#8076);
#8072 = LINE('',#8073,#8074);
#8073 = CARTESIAN_POINT('',(0.,760.));
#8074 = VECTOR('',#8075,1.);
#8075 = DIRECTION('',(1.,0.));
#8076 = ( GEOMETRIC_REPRESENTATION_CONTEXT(2) 
PARAMETRIC_REPRESENTATION_CONTEXT() REPRESENTATION_CONTEXT('2D SPACE',''
  ) );
#8077 = ORIENTED_EDGE('',*,*,#8078,.F.);
#8078 = EDGE_CURVE('',#8005,#8056,#8079,.T.);
#8079 = SURFACE_CURVE('',#8080,(#8084,#8091),.PCURVE_S1.);
#8080 = LINE('',#8081,#8082);
#8081 = CARTESIAN_POINT('',(760.,0.,440.));
#8082 = VECTOR('',#8083,1.);
#8083 = DIRECTION('',(-0.,1.,0.));
#8084 = PCURVE('',#8013,#8085);
#8085 = DEFINITIONAL_REPRESENTATION('',(#8086),#8090);
#8086 = LINE('',#8087,#8088);
#8087 = CARTESIAN_POINT('',(440.,0.));
#8088 = VECTOR('',#8089,1.);
#8089 = DIRECTION('',(0.,-1.));
#8090 = ( GEOMETRIC_REPRESENTATION_CONTEXT(2) 
PARAMETRIC_REPRESENTATION_CONTEXT() REPRESENTATION_CONTEXT('2D SPACE',''
  ) );
#8091 = PCURVE('',#7987,#8092);
#8092 = DEFINITIONAL_REPRESENTATION('',(#8093),#8097);
#8093 = LINE('',#8094,#8095);
#8094 = CARTESIAN_POINT('',(760.,0.));
#8095 = VECTOR('',#8096,1.);
#8096 = DIRECTION('',(0.,1.));
#8097 = ( GEOMETRIC_REPRESENTATION_CONTEXT(2) 
PARAMETRIC_REPRESENTATION_CONTEXT() REPRESENTATION_CONTEXT('2D SPACE',''
  ) );
#8098 = ADVANCED_FACE('',(#8099),#7905,.F.);
#8099 = FACE_BOUND('',#8100,.F.);
#8100 = EDGE_LOOP('',(#8101,#8122,#8123,#8144));
#8101 = ORIENTED_EDGE('',*,*,#8102,.F.);
#8102 = EDGE_CURVE('',#7883,#8003,#8103,.T.);
#8103 = SURFACE_CURVE('',#8104,(#8108,#8115),.PCURVE_S1.);
#8104 = LINE('',#8105,#8106);
#8105 = CARTESIAN_POINT('',(0.,0.,0.));
#8106 = VECTOR('',#8107,1.);
#8107 = DIRECTION('',(1.,0.,-0.));
#8108 = PCURVE('',#7905,#8109);
#8109 = DEFINITIONAL_REPRESENTATION('',(#8110),#8114);
#8110 = LINE('',#8111,#8112);
#8111 = CARTESIAN_POINT('',(0.,0.));
#8112 = VECTOR('',#8113,1.);
#8113 = DIRECTION('',(0.,1.));
#8114 = ( GEOMETRIC_REPRESENTATION_CONTEXT(2) 
PARAMETRIC_REPRESENTATION_CONTEXT() REPRESENTATION_CONTEXT('2D SPACE',''
  ) );
#8115 = PCURVE('',#7933,#8116);
#8116 = DEFINITIONAL_REPRESENTATION('',(#8117),#8121);
#8117 = LINE('',#8118,#8119);
#8118 = CARTESIAN_POINT('',(0.,0.));
#8119 = VECTOR('',#8120,1.);
#8120 = DIRECTION('',(1.,0.));
#8121 = ( GEOMETRIC_REPRESENTATION_CONTEXT(2) 
PARAMETRIC_REPRESENTATION_CONTEXT() REPRESENTATION_CONTEXT('2D SPACE',''
  ) );
#8122 = ORIENTED_EDGE('',*,*,#7882,.T.);
#8123 = ORIENTED_EDGE('',*,*,#8124,.T.);
#8124 = EDGE_CURVE('',#7885,#8005,#8125,.T.);
#8125 = SURFACE_CURVE('',#8126,(#8130,#8137),.PCURVE_S1.);
#8126 = LINE('',#8127,#8128);
#8127 = CARTESIAN_POINT('',(0.,0.,440.));
#8128 = VECTOR('',#8129,1.);
#8129 = DIRECTION('',(1.,0.,-0.));
#8130 = PCURVE('',#7905,#8131);
#8131 = DEFINITIONAL_REPRESENTATION('',(#8132),#8136);
#8132 = LINE('',#8133,#8134);
#8133 = CARTESIAN_POINT('',(440.,0.));
#8134 = VECTOR('',#8135,1.);
#8135 = DIRECTION('',(0.,1.));
#8136 = ( GEOMETRIC_REPRESENTATION_CONTEXT(2) 
PARAMETRIC_REPRESENTATION_CONTEXT() REPRESENTATION_CONTEXT('2D SPACE',''
  ) );
#8137 = PCURVE('',#7987,#8138);
#8138 = DEFINITIONAL_REPRESENTATION('',(#8139),#8143);
#8139 = LINE('',#8140,#8141);
#8140 = CARTESIAN_POINT('',(0.,0.));
#8141 = VECTOR('',#8142,1.);
#8142 = DIRECTION('',(1.,0.));
#8143 = ( GEOMETRIC_REPRESENTATION_CONTEXT(2) 
PARAMETRIC_REPRESENTATION_CONTEXT() REPRESENTATION_CONTEXT('2D SPACE',''
  ) );
#8144 = ORIENTED_EDGE('',*,*,#8002,.F.);
#8145 = ADVANCED_FACE('',(#8146),#7961,.T.);
#8146 = FACE_BOUND('',#8147,.T.);
#8147 = EDGE_LOOP('',(#8148,#8169,#8170,#8191));
#8148 = ORIENTED_EDGE('',*,*,#8149,.F.);
#8149 = EDGE_CURVE('',#7918,#8033,#8150,.T.);
#8150 = SURFACE_CURVE('',#8151,(#8155,#8162),.PCURVE_S1.);
#8151 = LINE('',#8152,#8153);
#8152 = CARTESIAN_POINT('',(0.,34.,0.));
#8153 = VECTOR('',#8154,1.);
#8154 = DIRECTION('',(1.,0.,-0.));
#8155 = PCURVE('',#7961,#8156);
#8156 = DEFINITIONAL_REPRESENTATION('',(#8157),#8161);
#8157 = LINE('',#8158,#8159);
#8158 = CARTESIAN_POINT('',(0.,0.));
#8159 = VECTOR('',#8160,1.);
#8160 = DIRECTION('',(0.,1.));
#8161 = ( GEOMETRIC_REPRESENTATION_CONTEXT(2) 
PARAMETRIC_REPRESENTATION_CONTEXT() REPRESENTATION_CONTEXT('2D SPACE',''
  ) );
#8162 = PCURVE('',#7933,#8163);
#8163 = DEFINITIONAL_REPRESENTATION('',(#8164),#8168);
#8164 = LINE('',#8165,#8166);
#8165 = CARTESIAN_POINT('',(0.,34.));
#8166 = VECTOR('',#8167,1.);
#8167 = DIRECTION('',(1.,0.));
#8168 = ( GEOMETRIC_REPRESENTATION_CONTEXT(2) 
PARAMETRIC_REPRESENTATION_CONTEXT() REPRESENTATION_CONTEXT('2D SPACE',''
  ) );
#8169 = ORIENTED_EDGE('',*,*,#7945,.T.);
#8170 = ORIENTED_EDGE('',*,*,#8171,.T.);
#8171 = EDGE_CURVE('',#7946,#8056,#8172,.T.);
#8172 = SURFACE_CURVE('',#8173,(#8177,#8184),.PCURVE_S1.);
#8173 = LINE('',#8174,#8175);
#8174 = CARTESIAN_POINT('',(0.,34.,440.));
#8175 = VECTOR('',#8176,1.);
#8176 = DIRECTION('',(1.,0.,-0.));
#8177 = PCURVE('',#7961,#8178);
#8178 = DEFINITIONAL_REPRESENTATION('',(#8179),#8183);
#8179 = LINE('',#8180,#8181);
#8180 = CARTESIAN_POINT('',(440.,0.));
#8181 = VECTOR('',#8182,1.);
#8182 = DIRECTION('',(0.,1.));
#8183 = ( GEOMETRIC_REPRESENTATION_CONTEXT(2) 
PARAMETRIC_REPRESENTATION_CONTEXT() REPRESENTATION_CONTEXT('2D SPACE',''
  ) );
#8184 = PCURVE('',#7987,#8185);
#8185 = DEFINITIONAL_REPRESENTATION('',(#8186),#8190);
#8186 = LINE('',#8187,#8188);
#8187 = CARTESIAN_POINT('',(0.,34.));
#8188 = VECTOR('',#8189,1.);
#8189 = DIRECTION('',(1.,0.));
#8190 = ( GEOMETRIC_REPRESENTATION_CONTEXT(2) 
PARAMETRIC_REPRESENTATION_CONTEXT() REPRESENTATION_CONTEXT('2D SPACE',''
  ) );
#8191 = ORIENTED_EDGE('',*,*,#8055,.F.);
#8192 = ADVANCED_FACE('',(#8193),#7933,.F.);
#8193 = FACE_BOUND('',#8194,.F.);
#8194 = EDGE_LOOP('',(#8195,#8196,#8197,#8198));
#8195 = ORIENTED_EDGE('',*,*,#7917,.F.);
#8196 = ORIENTED_EDGE('',*,*,#8102,.T.);
#8197 = ORIENTED_EDGE('',*,*,#8032,.T.);
#8198 = ORIENTED_EDGE('',*,*,#8149,.F.);
#8199 = ADVANCED_FACE('',(#8200),#7987,.T.);
#8200 = FACE_BOUND('',#8201,.T.);
#8201 = EDGE_LOOP('',(#8202,#8203,#8204,#8205));
#8202 = ORIENTED_EDGE('',*,*,#7973,.F.);
#8203 = ORIENTED_EDGE('',*,*,#8124,.T.);
#8204 = ORIENTED_EDGE('',*,*,#8078,.T.);
#8205 = ORIENTED_EDGE('',*,*,#8171,.F.);
#8206 = ( GEOMETRIC_REPRESENTATION_CONTEXT(3) 
GLOBAL_UNCERTAINTY_ASSIGNED_CONTEXT((#8210)) 
GLOBAL_UNIT_ASSIGNED_CONTEXT((#8207,#8208,#8209)) REPRESENTATION_CONTEXT
('Context #1','3D Context with UNIT and UNCERTAINTY') );
#8207 = ( LENGTH_UNIT() NAMED_UNIT(*) SI_UNIT(.MILLI.,.METRE.) );
#8208 = ( NAMED_UNIT(*) PLANE_ANGLE_UNIT() SI_UNIT($,.RADIAN.) );
#8209 = ( NAMED_UNIT(*) SI_UNIT($,.STERADIAN.) SOLID_ANGLE_UNIT() );
#8210 = UNCERTAINTY_MEASURE_WITH_UNIT(LENGTH_MEASURE(1.E-07),#8207,
  'distance_accuracy_value','confusion accuracy');
#8211 = CONTEXT_DEPENDENT_SHAPE_REPRESENTATION(#8212,#8214);
#8212 = ( REPRESENTATION_RELATIONSHIP('','',#7875,#7852) 
REPRESENTATION_RELATIONSHIP_WITH_TRANSFORMATION(#8213) 
SHAPE_REPRESENTATION_RELATIONSHIP() );
#8213 = ITEM_DEFINED_TRANSFORMATION('','',#11,#7853);
#8214 = PRODUCT_DEFINITION_SHAPE('Placement','Placement of an item',
  #8215);
#8215 = NEXT_ASSEMBLY_USAGE_OCCURRENCE('121','=>[0:1:1:59]','',#7847,
  #7870,$);
#8216 = PRODUCT_RELATED_PRODUCT_CATEGORY('part',$,(#7872));
#8217 = SHAPE_DEFINITION_REPRESENTATION(#8218,#8224);
#8218 = PRODUCT_DEFINITION_SHAPE('','',#8219);
#8219 = PRODUCT_DEFINITION('design','',#8220,#8223);
#8220 = PRODUCT_DEFINITION_FORMATION('','',#8221);
#8221 = PRODUCT('left_rear_sharp_aero_fender_brow_surface',
  'left_rear_sharp_aero_fender_brow_surface','',(#8222));
#8222 = PRODUCT_CONTEXT('',#2,'mechanical');
#8223 = PRODUCT_DEFINITION_CONTEXT('part definition',#2,'design');
#8224 = SHAPE_REPRESENTATION('',(#11,#8225),#8229);
#8225 = AXIS2_PLACEMENT_3D('',#8226,#8227,#8228);
#8226 = CARTESIAN_POINT('',(-430.,-28.,-44.));
#8227 = DIRECTION('',(0.,0.,1.));
#8228 = DIRECTION('',(1.,0.,0.));
#8229 = ( GEOMETRIC_REPRESENTATION_CONTEXT(3) 
GLOBAL_UNCERTAINTY_ASSIGNED_CONTEXT((#8233)) 
GLOBAL_UNIT_ASSIGNED_CONTEXT((#8230,#8231,#8232)) REPRESENTATION_CONTEXT
('Context #1','3D Context with UNIT and UNCERTAINTY') );
#8230 = ( LENGTH_UNIT() NAMED_UNIT(*) SI_UNIT(.MILLI.,.METRE.) );
#8231 = ( NAMED_UNIT(*) PLANE_ANGLE_UNIT() SI_UNIT($,.RADIAN.) );
#8232 = ( NAMED_UNIT(*) SI_UNIT($,.STERADIAN.) SOLID_ANGLE_UNIT() );
#8233 = UNCERTAINTY_MEASURE_WITH_UNIT(LENGTH_MEASURE(1.E-07),#8230,
  'distance_accuracy_value','confusion accuracy');
#8234 = CONTEXT_DEPENDENT_SHAPE_REPRESENTATION(#8235,#8237);
#8235 = ( REPRESENTATION_RELATIONSHIP('','',#8224,#10) 
REPRESENTATION_RELATIONSHIP_WITH_TRANSFORMATION(#8236) 
SHAPE_REPRESENTATION_RELATIONSHIP() );
#8236 = ITEM_DEFINED_TRANSFORMATION('','',#11,#131);
#8237 = PRODUCT_DEFINITION_SHAPE('Placement','Placement of an item',
  #8238);
#8238 = NEXT_ASSEMBLY_USAGE_OCCURRENCE('124','=>[0:1:1:60]','',#5,#8219,
  $);
#8239 = PRODUCT_RELATED_PRODUCT_CATEGORY('part',$,(#8221));
#8240 = SHAPE_DEFINITION_REPRESENTATION(#8241,#8247);
#8241 = PRODUCT_DEFINITION_SHAPE('','',#8242);
#8242 = PRODUCT_DEFINITION('design','',#8243,#8246);
#8243 = PRODUCT_DEFINITION_FORMATION('','',#8244);
#8244 = PRODUCT('SOLID','SOLID','',(#8245));
#8245 = PRODUCT_CONTEXT('',#2,'mechanical');
#8246 = PRODUCT_DEFINITION_CONTEXT('part definition',#2,'design');
#8247 = ADVANCED_BREP_SHAPE_REPRESENTATION('',(#11,#8248),#8578);
#8248 = MANIFOLD_SOLID_BREP('',#8249);
#8249 = CLOSED_SHELL('',(#8250,#8370,#8470,#8517,#8564,#8571));
#8250 = ADVANCED_FACE('',(#8251),#8265,.F.);
#8251 = FACE_BOUND('',#8252,.F.);
#8252 = EDGE_LOOP('',(#8253,#8288,#8316,#8344));
#8253 = ORIENTED_EDGE('',*,*,#8254,.F.);
#8254 = EDGE_CURVE('',#8255,#8257,#8259,.T.);
#8255 = VERTEX_POINT('',#8256);
#8256 = CARTESIAN_POINT('',(0.,0.,0.));
#8257 = VERTEX_POINT('',#8258);
#8258 = CARTESIAN_POINT('',(0.,0.,88.));
#8259 = SURFACE_CURVE('',#8260,(#8264,#8276),.PCURVE_S1.);
#8260 = LINE('',#8261,#8262);
#8261 = CARTESIAN_POINT('',(0.,0.,0.));
#8262 = VECTOR('',#8263,1.);
#8263 = DIRECTION('',(0.,0.,1.));
#8264 = PCURVE('',#8265,#8270);
#8265 = PLANE('',#8266);
#8266 = AXIS2_PLACEMENT_3D('',#8267,#8268,#8269);
#8267 = CARTESIAN_POINT('',(0.,0.,0.));
#8268 = DIRECTION('',(1.,0.,-0.));
#8269 = DIRECTION('',(0.,0.,1.));
#8270 = DEFINITIONAL_REPRESENTATION('',(#8271),#8275);
#8271 = LINE('',#8272,#8273);
#8272 = CARTESIAN_POINT('',(0.,0.));
#8273 = VECTOR('',#8274,1.);
#8274 = DIRECTION('',(1.,0.));
#8275 = ( GEOMETRIC_REPRESENTATION_CONTEXT(2) 
PARAMETRIC_REPRESENTATION_CONTEXT() REPRESENTATION_CONTEXT('2D SPACE',''
  ) );
#8276 = PCURVE('',#8277,#8282);
#8277 = PLANE('',#8278);
#8278 = AXIS2_PLACEMENT_3D('',#8279,#8280,#8281);
#8279 = CARTESIAN_POINT('',(0.,0.,0.));
#8280 = DIRECTION('',(-0.,1.,0.));
#8281 = DIRECTION('',(0.,0.,1.));
#8282 = DEFINITIONAL_REPRESENTATION('',(#8283),#8287);
#8283 = LINE('',#8284,#8285);
#8284 = CARTESIAN_POINT('',(0.,0.));
#8285 = VECTOR('',#8286,1.);
#8286 = DIRECTION('',(1.,0.));
#8287 = ( GEOMETRIC_REPRESENTATION_CONTEXT(2) 
PARAMETRIC_REPRESENTATION_CONTEXT() REPRESENTATION_CONTEXT('2D SPACE',''
  ) );
#8288 = ORIENTED_EDGE('',*,*,#8289,.T.);
#8289 = EDGE_CURVE('',#8255,#8290,#8292,.T.);
#8290 = VERTEX_POINT('',#8291);
#8291 = CARTESIAN_POINT('',(0.,56.,0.));
#8292 = SURFACE_CURVE('',#8293,(#8297,#8304),.PCURVE_S1.);
#8293 = LINE('',#8294,#8295);
#8294 = CARTESIAN_POINT('',(0.,0.,0.));
#8295 = VECTOR('',#8296,1.);
#8296 = DIRECTION('',(-0.,1.,0.));
#8297 = PCURVE('',#8265,#8298);
#8298 = DEFINITIONAL_REPRESENTATION('',(#8299),#8303);
#8299 = LINE('',#8300,#8301);
#8300 = CARTESIAN_POINT('',(0.,0.));
#8301 = VECTOR('',#8302,1.);
#8302 = DIRECTION('',(0.,-1.));
#8303 = ( GEOMETRIC_REPRESENTATION_CONTEXT(2) 
PARAMETRIC_REPRESENTATION_CONTEXT() REPRESENTATION_CONTEXT('2D SPACE',''
  ) );
#8304 = PCURVE('',#8305,#8310);
#8305 = PLANE('',#8306);
#8306 = AXIS2_PLACEMENT_3D('',#8307,#8308,#8309);
#8307 = CARTESIAN_POINT('',(0.,0.,0.));
#8308 = DIRECTION('',(0.,0.,1.));
#8309 = DIRECTION('',(1.,0.,-0.));
#8310 = DEFINITIONAL_REPRESENTATION('',(#8311),#8315);
#8311 = LINE('',#8312,#8313);
#8312 = CARTESIAN_POINT('',(0.,0.));
#8313 = VECTOR('',#8314,1.);
#8314 = DIRECTION('',(0.,1.));
#8315 = ( GEOMETRIC_REPRESENTATION_CONTEXT(2) 
PARAMETRIC_REPRESENTATION_CONTEXT() REPRESENTATION_CONTEXT('2D SPACE',''
  ) );
#8316 = ORIENTED_EDGE('',*,*,#8317,.T.);
#8317 = EDGE_CURVE('',#8290,#8318,#8320,.T.);
#8318 = VERTEX_POINT('',#8319);
#8319 = CARTESIAN_POINT('',(0.,56.,88.));
#8320 = SURFACE_CURVE('',#8321,(#8325,#8332),.PCURVE_S1.);
#8321 = LINE('',#8322,#8323);
#8322 = CARTESIAN_POINT('',(0.,56.,0.));
#8323 = VECTOR('',#8324,1.);
#8324 = DIRECTION('',(0.,0.,1.));
#8325 = PCURVE('',#8265,#8326);
#8326 = DEFINITIONAL_REPRESENTATION('',(#8327),#8331);
#8327 = LINE('',#8328,#8329);
#8328 = CARTESIAN_POINT('',(0.,-56.));
#8329 = VECTOR('',#8330,1.);
#8330 = DIRECTION('',(1.,0.));
#8331 = ( GEOMETRIC_REPRESENTATION_CONTEXT(2) 
PARAMETRIC_REPRESENTATION_CONTEXT() REPRESENTATION_CONTEXT('2D SPACE',''
  ) );
#8332 = PCURVE('',#8333,#8338);
#8333 = PLANE('',#8334);
#8334 = AXIS2_PLACEMENT_3D('',#8335,#8336,#8337);
#8335 = CARTESIAN_POINT('',(0.,56.,0.));
#8336 = DIRECTION('',(-0.,1.,0.));
#8337 = DIRECTION('',(0.,0.,1.));
#8338 = DEFINITIONAL_REPRESENTATION('',(#8339),#8343);
#8339 = LINE('',#8340,#8341);
#8340 = CARTESIAN_POINT('',(0.,0.));
#8341 = VECTOR('',#8342,1.);
#8342 = DIRECTION('',(1.,0.));
#8343 = ( GEOMETRIC_REPRESENTATION_CONTEXT(2) 
PARAMETRIC_REPRESENTATION_CONTEXT() REPRESENTATION_CONTEXT('2D SPACE',''
  ) );
#8344 = ORIENTED_EDGE('',*,*,#8345,.F.);
#8345 = EDGE_CURVE('',#8257,#8318,#8346,.T.);
#8346 = SURFACE_CURVE('',#8347,(#8351,#8358),.PCURVE_S1.);
#8347 = LINE('',#8348,#8349);
#8348 = CARTESIAN_POINT('',(0.,0.,88.));
#8349 = VECTOR('',#8350,1.);
#8350 = DIRECTION('',(-0.,1.,0.));
#8351 = PCURVE('',#8265,#8352);
#8352 = DEFINITIONAL_REPRESENTATION('',(#8353),#8357);
#8353 = LINE('',#8354,#8355);
#8354 = CARTESIAN_POINT('',(88.,0.));
#8355 = VECTOR('',#8356,1.);
#8356 = DIRECTION('',(0.,-1.));
#8357 = ( GEOMETRIC_REPRESENTATION_CONTEXT(2) 
PARAMETRIC_REPRESENTATION_CONTEXT() REPRESENTATION_CONTEXT('2D SPACE',''
  ) );
#8358 = PCURVE('',#8359,#8364);
#8359 = PLANE('',#8360);
#8360 = AXIS2_PLACEMENT_3D('',#8361,#8362,#8363);
#8361 = CARTESIAN_POINT('',(0.,0.,88.));
#8362 = DIRECTION('',(0.,0.,1.));
#8363 = DIRECTION('',(1.,0.,-0.));
#8364 = DEFINITIONAL_REPRESENTATION('',(#8365),#8369);
#8365 = LINE('',#8366,#8367);
#8366 = CARTESIAN_POINT('',(0.,0.));
#8367 = VECTOR('',#8368,1.);
#8368 = DIRECTION('',(0.,1.));
#8369 = ( GEOMETRIC_REPRESENTATION_CONTEXT(2) 
PARAMETRIC_REPRESENTATION_CONTEXT() REPRESENTATION_CONTEXT('2D SPACE',''
  ) );
#8370 = ADVANCED_FACE('',(#8371),#8385,.T.);
#8371 = FACE_BOUND('',#8372,.T.);
#8372 = EDGE_LOOP('',(#8373,#8403,#8426,#8449));
#8373 = ORIENTED_EDGE('',*,*,#8374,.F.);
#8374 = EDGE_CURVE('',#8375,#8377,#8379,.T.);
#8375 = VERTEX_POINT('',#8376);
#8376 = CARTESIAN_POINT('',(860.,0.,0.));
#8377 = VERTEX_POINT('',#8378);
#8378 = CARTESIAN_POINT('',(860.,0.,88.));
#8379 = SURFACE_CURVE('',#8380,(#8384,#8396),.PCURVE_S1.);
#8380 = LINE('',#8381,#8382);
#8381 = CARTESIAN_POINT('',(860.,0.,0.));
#8382 = VECTOR('',#8383,1.);
#8383 = DIRECTION('',(0.,0.,1.));
#8384 = PCURVE('',#8385,#8390);
#8385 = PLANE('',#8386);
#8386 = AXIS2_PLACEMENT_3D('',#8387,#8388,#8389);
#8387 = CARTESIAN_POINT('',(860.,0.,0.));
#8388 = DIRECTION('',(1.,0.,-0.));
#8389 = DIRECTION('',(0.,0.,1.));
#8390 = DEFINITIONAL_REPRESENTATION('',(#8391),#8395);
#8391 = LINE('',#8392,#8393);
#8392 = CARTESIAN_POINT('',(0.,0.));
#8393 = VECTOR('',#8394,1.);
#8394 = DIRECTION('',(1.,0.));
#8395 = ( GEOMETRIC_REPRESENTATION_CONTEXT(2) 
PARAMETRIC_REPRESENTATION_CONTEXT() REPRESENTATION_CONTEXT('2D SPACE',''
  ) );
#8396 = PCURVE('',#8277,#8397);
#8397 = DEFINITIONAL_REPRESENTATION('',(#8398),#8402);
#8398 = LINE('',#8399,#8400);
#8399 = CARTESIAN_POINT('',(0.,860.));
#8400 = VECTOR('',#8401,1.);
#8401 = DIRECTION('',(1.,0.));
#8402 = ( GEOMETRIC_REPRESENTATION_CONTEXT(2) 
PARAMETRIC_REPRESENTATION_CONTEXT() REPRESENTATION_CONTEXT('2D SPACE',''
  ) );
#8403 = ORIENTED_EDGE('',*,*,#8404,.T.);
#8404 = EDGE_CURVE('',#8375,#8405,#8407,.T.);
#8405 = VERTEX_POINT('',#8406);
#8406 = CARTESIAN_POINT('',(860.,56.,0.));
#8407 = SURFACE_CURVE('',#8408,(#8412,#8419),.PCURVE_S1.);
#8408 = LINE('',#8409,#8410);
#8409 = CARTESIAN_POINT('',(860.,0.,0.));
#8410 = VECTOR('',#8411,1.);
#8411 = DIRECTION('',(-0.,1.,0.));
#8412 = PCURVE('',#8385,#8413);
#8413 = DEFINITIONAL_REPRESENTATION('',(#8414),#8418);
#8414 = LINE('',#8415,#8416);
#8415 = CARTESIAN_POINT('',(0.,0.));
#8416 = VECTOR('',#8417,1.);
#8417 = DIRECTION('',(0.,-1.));
#8418 = ( GEOMETRIC_REPRESENTATION_CONTEXT(2) 
PARAMETRIC_REPRESENTATION_CONTEXT() REPRESENTATION_CONTEXT('2D SPACE',''
  ) );
#8419 = PCURVE('',#8305,#8420);
#8420 = DEFINITIONAL_REPRESENTATION('',(#8421),#8425);
#8421 = LINE('',#8422,#8423);
#8422 = CARTESIAN_POINT('',(860.,0.));
#8423 = VECTOR('',#8424,1.);
#8424 = DIRECTION('',(0.,1.));
#8425 = ( GEOMETRIC_REPRESENTATION_CONTEXT(2) 
PARAMETRIC_REPRESENTATION_CONTEXT() REPRESENTATION_CONTEXT('2D SPACE',''
  ) );
#8426 = ORIENTED_EDGE('',*,*,#8427,.T.);
#8427 = EDGE_CURVE('',#8405,#8428,#8430,.T.);
#8428 = VERTEX_POINT('',#8429);
#8429 = CARTESIAN_POINT('',(860.,56.,88.));
#8430 = SURFACE_CURVE('',#8431,(#8435,#8442),.PCURVE_S1.);
#8431 = LINE('',#8432,#8433);
#8432 = CARTESIAN_POINT('',(860.,56.,0.));
#8433 = VECTOR('',#8434,1.);
#8434 = DIRECTION('',(0.,0.,1.));
#8435 = PCURVE('',#8385,#8436);
#8436 = DEFINITIONAL_REPRESENTATION('',(#8437),#8441);
#8437 = LINE('',#8438,#8439);
#8438 = CARTESIAN_POINT('',(0.,-56.));
#8439 = VECTOR('',#8440,1.);
#8440 = DIRECTION('',(1.,0.));
#8441 = ( GEOMETRIC_REPRESENTATION_CONTEXT(2) 
PARAMETRIC_REPRESENTATION_CONTEXT() REPRESENTATION_CONTEXT('2D SPACE',''
  ) );
#8442 = PCURVE('',#8333,#8443);
#8443 = DEFINITIONAL_REPRESENTATION('',(#8444),#8448);
#8444 = LINE('',#8445,#8446);
#8445 = CARTESIAN_POINT('',(0.,860.));
#8446 = VECTOR('',#8447,1.);
#8447 = DIRECTION('',(1.,0.));
#8448 = ( GEOMETRIC_REPRESENTATION_CONTEXT(2) 
PARAMETRIC_REPRESENTATION_CONTEXT() REPRESENTATION_CONTEXT('2D SPACE',''
  ) );
#8449 = ORIENTED_EDGE('',*,*,#8450,.F.);
#8450 = EDGE_CURVE('',#8377,#8428,#8451,.T.);
#8451 = SURFACE_CURVE('',#8452,(#8456,#8463),.PCURVE_S1.);
#8452 = LINE('',#8453,#8454);
#8453 = CARTESIAN_POINT('',(860.,0.,88.));
#8454 = VECTOR('',#8455,1.);
#8455 = DIRECTION('',(-0.,1.,0.));
#8456 = PCURVE('',#8385,#8457);
#8457 = DEFINITIONAL_REPRESENTATION('',(#8458),#8462);
#8458 = LINE('',#8459,#8460);
#8459 = CARTESIAN_POINT('',(88.,0.));
#8460 = VECTOR('',#8461,1.);
#8461 = DIRECTION('',(0.,-1.));
#8462 = ( GEOMETRIC_REPRESENTATION_CONTEXT(2) 
PARAMETRIC_REPRESENTATION_CONTEXT() REPRESENTATION_CONTEXT('2D SPACE',''
  ) );
#8463 = PCURVE('',#8359,#8464);
#8464 = DEFINITIONAL_REPRESENTATION('',(#8465),#8469);
#8465 = LINE('',#8466,#8467);
#8466 = CARTESIAN_POINT('',(860.,0.));
#8467 = VECTOR('',#8468,1.);
#8468 = DIRECTION('',(0.,1.));
#8469 = ( GEOMETRIC_REPRESENTATION_CONTEXT(2) 
PARAMETRIC_REPRESENTATION_CONTEXT() REPRESENTATION_CONTEXT('2D SPACE',''
  ) );
#8470 = ADVANCED_FACE('',(#8471),#8277,.F.);
#8471 = FACE_BOUND('',#8472,.F.);
#8472 = EDGE_LOOP('',(#8473,#8494,#8495,#8516));
#8473 = ORIENTED_EDGE('',*,*,#8474,.F.);
#8474 = EDGE_CURVE('',#8255,#8375,#8475,.T.);
#8475 = SURFACE_CURVE('',#8476,(#8480,#8487),.PCURVE_S1.);
#8476 = LINE('',#8477,#8478);
#8477 = CARTESIAN_POINT('',(0.,0.,0.));
#8478 = VECTOR('',#8479,1.);
#8479 = DIRECTION('',(1.,0.,-0.));
#8480 = PCURVE('',#8277,#8481);
#8481 = DEFINITIONAL_REPRESENTATION('',(#8482),#8486);
#8482 = LINE('',#8483,#8484);
#8483 = CARTESIAN_POINT('',(0.,0.));
#8484 = VECTOR('',#8485,1.);
#8485 = DIRECTION('',(0.,1.));
#8486 = ( GEOMETRIC_REPRESENTATION_CONTEXT(2) 
PARAMETRIC_REPRESENTATION_CONTEXT() REPRESENTATION_CONTEXT('2D SPACE',''
  ) );
#8487 = PCURVE('',#8305,#8488);
#8488 = DEFINITIONAL_REPRESENTATION('',(#8489),#8493);
#8489 = LINE('',#8490,#8491);
#8490 = CARTESIAN_POINT('',(0.,0.));
#8491 = VECTOR('',#8492,1.);
#8492 = DIRECTION('',(1.,0.));
#8493 = ( GEOMETRIC_REPRESENTATION_CONTEXT(2) 
PARAMETRIC_REPRESENTATION_CONTEXT() REPRESENTATION_CONTEXT('2D SPACE',''
  ) );
#8494 = ORIENTED_EDGE('',*,*,#8254,.T.);
#8495 = ORIENTED_EDGE('',*,*,#8496,.T.);
#8496 = EDGE_CURVE('',#8257,#8377,#8497,.T.);
#8497 = SURFACE_CURVE('',#8498,(#8502,#8509),.PCURVE_S1.);
#8498 = LINE('',#8499,#8500);
#8499 = CARTESIAN_POINT('',(0.,0.,88.));
#8500 = VECTOR('',#8501,1.);
#8501 = DIRECTION('',(1.,0.,-0.));
#8502 = PCURVE('',#8277,#8503);
#8503 = DEFINITIONAL_REPRESENTATION('',(#8504),#8508);
#8504 = LINE('',#8505,#8506);
#8505 = CARTESIAN_POINT('',(88.,0.));
#8506 = VECTOR('',#8507,1.);
#8507 = DIRECTION('',(0.,1.));
#8508 = ( GEOMETRIC_REPRESENTATION_CONTEXT(2) 
PARAMETRIC_REPRESENTATION_CONTEXT() REPRESENTATION_CONTEXT('2D SPACE',''
  ) );
#8509 = PCURVE('',#8359,#8510);
#8510 = DEFINITIONAL_REPRESENTATION('',(#8511),#8515);
#8511 = LINE('',#8512,#8513);
#8512 = CARTESIAN_POINT('',(0.,0.));
#8513 = VECTOR('',#8514,1.);
#8514 = DIRECTION('',(1.,0.));
#8515 = ( GEOMETRIC_REPRESENTATION_CONTEXT(2) 
PARAMETRIC_REPRESENTATION_CONTEXT() REPRESENTATION_CONTEXT('2D SPACE',''
  ) );
#8516 = ORIENTED_EDGE('',*,*,#8374,.F.);
#8517 = ADVANCED_FACE('',(#8518),#8333,.T.);
#8518 = FACE_BOUND('',#8519,.T.);
#8519 = EDGE_LOOP('',(#8520,#8541,#8542,#8563));
#8520 = ORIENTED_EDGE('',*,*,#8521,.F.);
#8521 = EDGE_CURVE('',#8290,#8405,#8522,.T.);
#8522 = SURFACE_CURVE('',#8523,(#8527,#8534),.PCURVE_S1.);
#8523 = LINE('',#8524,#8525);
#8524 = CARTESIAN_POINT('',(0.,56.,0.));
#8525 = VECTOR('',#8526,1.);
#8526 = DIRECTION('',(1.,0.,-0.));
#8527 = PCURVE('',#8333,#8528);
#8528 = DEFINITIONAL_REPRESENTATION('',(#8529),#8533);
#8529 = LINE('',#8530,#8531);
#8530 = CARTESIAN_POINT('',(0.,0.));
#8531 = VECTOR('',#8532,1.);
#8532 = DIRECTION('',(0.,1.));
#8533 = ( GEOMETRIC_REPRESENTATION_CONTEXT(2) 
PARAMETRIC_REPRESENTATION_CONTEXT() REPRESENTATION_CONTEXT('2D SPACE',''
  ) );
#8534 = PCURVE('',#8305,#8535);
#8535 = DEFINITIONAL_REPRESENTATION('',(#8536),#8540);
#8536 = LINE('',#8537,#8538);
#8537 = CARTESIAN_POINT('',(0.,56.));
#8538 = VECTOR('',#8539,1.);
#8539 = DIRECTION('',(1.,0.));
#8540 = ( GEOMETRIC_REPRESENTATION_CONTEXT(2) 
PARAMETRIC_REPRESENTATION_CONTEXT() REPRESENTATION_CONTEXT('2D SPACE',''
  ) );
#8541 = ORIENTED_EDGE('',*,*,#8317,.T.);
#8542 = ORIENTED_EDGE('',*,*,#8543,.T.);
#8543 = EDGE_CURVE('',#8318,#8428,#8544,.T.);
#8544 = SURFACE_CURVE('',#8545,(#8549,#8556),.PCURVE_S1.);
#8545 = LINE('',#8546,#8547);
#8546 = CARTESIAN_POINT('',(0.,56.,88.));
#8547 = VECTOR('',#8548,1.);
#8548 = DIRECTION('',(1.,0.,-0.));
#8549 = PCURVE('',#8333,#8550);
#8550 = DEFINITIONAL_REPRESENTATION('',(#8551),#8555);
#8551 = LINE('',#8552,#8553);
#8552 = CARTESIAN_POINT('',(88.,0.));
#8553 = VECTOR('',#8554,1.);
#8554 = DIRECTION('',(0.,1.));
#8555 = ( GEOMETRIC_REPRESENTATION_CONTEXT(2) 
PARAMETRIC_REPRESENTATION_CONTEXT() REPRESENTATION_CONTEXT('2D SPACE',''
  ) );
#8556 = PCURVE('',#8359,#8557);
#8557 = DEFINITIONAL_REPRESENTATION('',(#8558),#8562);
#8558 = LINE('',#8559,#8560);
#8559 = CARTESIAN_POINT('',(0.,56.));
#8560 = VECTOR('',#8561,1.);
#8561 = DIRECTION('',(1.,0.));
#8562 = ( GEOMETRIC_REPRESENTATION_CONTEXT(2) 
PARAMETRIC_REPRESENTATION_CONTEXT() REPRESENTATION_CONTEXT('2D SPACE',''
  ) );
#8563 = ORIENTED_EDGE('',*,*,#8427,.F.);
#8564 = ADVANCED_FACE('',(#8565),#8305,.F.);
#8565 = FACE_BOUND('',#8566,.F.);
#8566 = EDGE_LOOP('',(#8567,#8568,#8569,#8570));
#8567 = ORIENTED_EDGE('',*,*,#8289,.F.);
#8568 = ORIENTED_EDGE('',*,*,#8474,.T.);
#8569 = ORIENTED_EDGE('',*,*,#8404,.T.);
#8570 = ORIENTED_EDGE('',*,*,#8521,.F.);
#8571 = ADVANCED_FACE('',(#8572),#8359,.T.);
#8572 = FACE_BOUND('',#8573,.T.);
#8573 = EDGE_LOOP('',(#8574,#8575,#8576,#8577));
#8574 = ORIENTED_EDGE('',*,*,#8345,.F.);
#8575 = ORIENTED_EDGE('',*,*,#8496,.T.);
#8576 = ORIENTED_EDGE('',*,*,#8450,.T.);
#8577 = ORIENTED_EDGE('',*,*,#8543,.F.);
#8578 = ( GEOMETRIC_REPRESENTATION_CONTEXT(3) 
GLOBAL_UNCERTAINTY_ASSIGNED_CONTEXT((#8582)) 
GLOBAL_UNIT_ASSIGNED_CONTEXT((#8579,#8580,#8581)) REPRESENTATION_CONTEXT
('Context #1','3D Context with UNIT and UNCERTAINTY') );
#8579 = ( LENGTH_UNIT() NAMED_UNIT(*) SI_UNIT(.MILLI.,.METRE.) );
#8580 = ( NAMED_UNIT(*) PLANE_ANGLE_UNIT() SI_UNIT($,.RADIAN.) );
#8581 = ( NAMED_UNIT(*) SI_UNIT($,.STERADIAN.) SOLID_ANGLE_UNIT() );
#8582 = UNCERTAINTY_MEASURE_WITH_UNIT(LENGTH_MEASURE(1.E-07),#8579,
  'distance_accuracy_value','confusion accuracy');
#8583 = CONTEXT_DEPENDENT_SHAPE_REPRESENTATION(#8584,#8586);
#8584 = ( REPRESENTATION_RELATIONSHIP('','',#8247,#8224) 
REPRESENTATION_RELATIONSHIP_WITH_TRANSFORMATION(#8585) 
SHAPE_REPRESENTATION_RELATIONSHIP() );
#8585 = ITEM_DEFINED_TRANSFORMATION('','',#11,#8225);
#8586 = PRODUCT_DEFINITION_SHAPE('Placement','Placement of an item',
  #8587);
#8587 = NEXT_ASSEMBLY_USAGE_OCCURRENCE('123','=>[0:1:1:61]','',#8219,
  #8242,$);
#8588 = PRODUCT_RELATED_PRODUCT_CATEGORY('part',$,(#8244));
#8589 = SHAPE_DEFINITION_REPRESENTATION(#8590,#8596);
#8590 = PRODUCT_DEFINITION_SHAPE('','',#8591);
#8591 = PRODUCT_DEFINITION('design','',#8592,#8595);
#8592 = PRODUCT_DEFINITION_FORMATION('','',#8593);
#8593 = PRODUCT('left_rear_covered_wheel_spoke_01',
  'left_rear_covered_wheel_spoke_01','',(#8594));
#8594 = PRODUCT_CONTEXT('',#2,'mechanical');
#8595 = PRODUCT_DEFINITION_CONTEXT('part definition',#2,'design');
#8596 = SHAPE_REPRESENTATION('',(#11,#8597),#8601);
#8597 = AXIS2_PLACEMENT_3D('',#8598,#8599,#8600);
#8598 = CARTESIAN_POINT('',(-22.,-173.5,-216.2));
#8599 = DIRECTION('',(0.,0.,1.));
#8600 = DIRECTION('',(1.,0.,0.));
#8601 = ( GEOMETRIC_REPRESENTATION_CONTEXT(3) 
GLOBAL_UNCERTAINTY_ASSIGNED_CONTEXT((#8605)) 
GLOBAL_UNIT_ASSIGNED_CONTEXT((#8602,#8603,#8604)) REPRESENTATION_CONTEXT
('Context #1','3D Context with UNIT and UNCERTAINTY') );
#8602 = ( LENGTH_UNIT() NAMED_UNIT(*) SI_UNIT(.MILLI.,.METRE.) );
#8603 = ( NAMED_UNIT(*) PLANE_ANGLE_UNIT() SI_UNIT($,.RADIAN.) );
#8604 = ( NAMED_UNIT(*) SI_UNIT($,.STERADIAN.) SOLID_ANGLE_UNIT() );
#8605 = UNCERTAINTY_MEASURE_WITH_UNIT(LENGTH_MEASURE(1.E-07),#8602,
  'distance_accuracy_value','confusion accuracy');
#8606 = CONTEXT_DEPENDENT_SHAPE_REPRESENTATION(#8607,#8609);
#8607 = ( REPRESENTATION_RELATIONSHIP('','',#8596,#10) 
REPRESENTATION_RELATIONSHIP_WITH_TRANSFORMATION(#8608) 
SHAPE_REPRESENTATION_RELATIONSHIP() );
#8608 = ITEM_DEFINED_TRANSFORMATION('','',#11,#135);
#8609 = PRODUCT_DEFINITION_SHAPE('Placement','Placement of an item',
  #8610);
#8610 = NEXT_ASSEMBLY_USAGE_OCCURRENCE('126','=>[0:1:1:62]','',#5,#8591,
  $);
#8611 = PRODUCT_RELATED_PRODUCT_CATEGORY('part',$,(#8593));
#8612 = SHAPE_DEFINITION_REPRESENTATION(#8613,#8619);
#8613 = PRODUCT_DEFINITION_SHAPE('','',#8614);
#8614 = PRODUCT_DEFINITION('design','',#8615,#8618);
#8615 = PRODUCT_DEFINITION_FORMATION('','',#8616);
#8616 = PRODUCT('SOLID','SOLID','',(#8617));
#8617 = PRODUCT_CONTEXT('',#2,'mechanical');
#8618 = PRODUCT_DEFINITION_CONTEXT('part definition',#2,'design');
#8619 = ADVANCED_BREP_SHAPE_REPRESENTATION('',(#11,#8620),#8950);
#8620 = MANIFOLD_SOLID_BREP('',#8621);
#8621 = CLOSED_SHELL('',(#8622,#8742,#8842,#8889,#8936,#8943));
#8622 = ADVANCED_FACE('',(#8623),#8637,.F.);
#8623 = FACE_BOUND('',#8624,.F.);
#8624 = EDGE_LOOP('',(#8625,#8660,#8688,#8716));
#8625 = ORIENTED_EDGE('',*,*,#8626,.F.);
#8626 = EDGE_CURVE('',#8627,#8629,#8631,.T.);
#8627 = VERTEX_POINT('',#8628);
#8628 = CARTESIAN_POINT('',(0.,0.,0.));
#8629 = VERTEX_POINT('',#8630);
#8630 = CARTESIAN_POINT('',(0.,0.,432.4));
#8631 = SURFACE_CURVE('',#8632,(#8636,#8648),.PCURVE_S1.);
#8632 = LINE('',#8633,#8634);
#8633 = CARTESIAN_POINT('',(0.,0.,0.));
#8634 = VECTOR('',#8635,1.);
#8635 = DIRECTION('',(0.,0.,1.));
#8636 = PCURVE('',#8637,#8642);
#8637 = PLANE('',#8638);
#8638 = AXIS2_PLACEMENT_3D('',#8639,#8640,#8641);
#8639 = CARTESIAN_POINT('',(0.,0.,0.));
#8640 = DIRECTION('',(1.,0.,-0.));
#8641 = DIRECTION('',(0.,0.,1.));
#8642 = DEFINITIONAL_REPRESENTATION('',(#8643),#8647);
#8643 = LINE('',#8644,#8645);
#8644 = CARTESIAN_POINT('',(0.,0.));
#8645 = VECTOR('',#8646,1.);
#8646 = DIRECTION('',(1.,0.));
#8647 = ( GEOMETRIC_REPRESENTATION_CONTEXT(2) 
PARAMETRIC_REPRESENTATION_CONTEXT() REPRESENTATION_CONTEXT('2D SPACE',''
  ) );
#8648 = PCURVE('',#8649,#8654);
#8649 = PLANE('',#8650);
#8650 = AXIS2_PLACEMENT_3D('',#8651,#8652,#8653);
#8651 = CARTESIAN_POINT('',(0.,0.,0.));
#8652 = DIRECTION('',(-0.,1.,0.));
#8653 = DIRECTION('',(0.,0.,1.));
#8654 = DEFINITIONAL_REPRESENTATION('',(#8655),#8659);
#8655 = LINE('',#8656,#8657);
#8656 = CARTESIAN_POINT('',(0.,0.));
#8657 = VECTOR('',#8658,1.);
#8658 = DIRECTION('',(1.,0.));
#8659 = ( GEOMETRIC_REPRESENTATION_CONTEXT(2) 
PARAMETRIC_REPRESENTATION_CONTEXT() REPRESENTATION_CONTEXT('2D SPACE',''
  ) );
#8660 = ORIENTED_EDGE('',*,*,#8661,.T.);
#8661 = EDGE_CURVE('',#8627,#8662,#8664,.T.);
#8662 = VERTEX_POINT('',#8663);
#8663 = CARTESIAN_POINT('',(0.,347.,0.));
#8664 = SURFACE_CURVE('',#8665,(#8669,#8676),.PCURVE_S1.);
#8665 = LINE('',#8666,#8667);
#8666 = CARTESIAN_POINT('',(0.,0.,0.));
#8667 = VECTOR('',#8668,1.);
#8668 = DIRECTION('',(-0.,1.,0.));
#8669 = PCURVE('',#8637,#8670);
#8670 = DEFINITIONAL_REPRESENTATION('',(#8671),#8675);
#8671 = LINE('',#8672,#8673);
#8672 = CARTESIAN_POINT('',(0.,0.));
#8673 = VECTOR('',#8674,1.);
#8674 = DIRECTION('',(0.,-1.));
#8675 = ( GEOMETRIC_REPRESENTATION_CONTEXT(2) 
PARAMETRIC_REPRESENTATION_CONTEXT() REPRESENTATION_CONTEXT('2D SPACE',''
  ) );
#8676 = PCURVE('',#8677,#8682);
#8677 = PLANE('',#8678);
#8678 = AXIS2_PLACEMENT_3D('',#8679,#8680,#8681);
#8679 = CARTESIAN_POINT('',(0.,0.,0.));
#8680 = DIRECTION('',(0.,0.,1.));
#8681 = DIRECTION('',(1.,0.,-0.));
#8682 = DEFINITIONAL_REPRESENTATION('',(#8683),#8687);
#8683 = LINE('',#8684,#8685);
#8684 = CARTESIAN_POINT('',(0.,0.));
#8685 = VECTOR('',#8686,1.);
#8686 = DIRECTION('',(0.,1.));
#8687 = ( GEOMETRIC_REPRESENTATION_CONTEXT(2) 
PARAMETRIC_REPRESENTATION_CONTEXT() REPRESENTATION_CONTEXT('2D SPACE',''
  ) );
#8688 = ORIENTED_EDGE('',*,*,#8689,.T.);
#8689 = EDGE_CURVE('',#8662,#8690,#8692,.T.);
#8690 = VERTEX_POINT('',#8691);
#8691 = CARTESIAN_POINT('',(0.,347.,432.4));
#8692 = SURFACE_CURVE('',#8693,(#8697,#8704),.PCURVE_S1.);
#8693 = LINE('',#8694,#8695);
#8694 = CARTESIAN_POINT('',(0.,347.,0.));
#8695 = VECTOR('',#8696,1.);
#8696 = DIRECTION('',(0.,0.,1.));
#8697 = PCURVE('',#8637,#8698);
#8698 = DEFINITIONAL_REPRESENTATION('',(#8699),#8703);
#8699 = LINE('',#8700,#8701);
#8700 = CARTESIAN_POINT('',(0.,-347.));
#8701 = VECTOR('',#8702,1.);
#8702 = DIRECTION('',(1.,0.));
#8703 = ( GEOMETRIC_REPRESENTATION_CONTEXT(2) 
PARAMETRIC_REPRESENTATION_CONTEXT() REPRESENTATION_CONTEXT('2D SPACE',''
  ) );
#8704 = PCURVE('',#8705,#8710);
#8705 = PLANE('',#8706);
#8706 = AXIS2_PLACEMENT_3D('',#8707,#8708,#8709);
#8707 = CARTESIAN_POINT('',(0.,347.,0.));
#8708 = DIRECTION('',(-0.,1.,0.));
#8709 = DIRECTION('',(0.,0.,1.));
#8710 = DEFINITIONAL_REPRESENTATION('',(#8711),#8715);
#8711 = LINE('',#8712,#8713);
#8712 = CARTESIAN_POINT('',(0.,0.));
#8713 = VECTOR('',#8714,1.);
#8714 = DIRECTION('',(1.,0.));
#8715 = ( GEOMETRIC_REPRESENTATION_CONTEXT(2) 
PARAMETRIC_REPRESENTATION_CONTEXT() REPRESENTATION_CONTEXT('2D SPACE',''
  ) );
#8716 = ORIENTED_EDGE('',*,*,#8717,.F.);
#8717 = EDGE_CURVE('',#8629,#8690,#8718,.T.);
#8718 = SURFACE_CURVE('',#8719,(#8723,#8730),.PCURVE_S1.);
#8719 = LINE('',#8720,#8721);
#8720 = CARTESIAN_POINT('',(0.,0.,432.4));
#8721 = VECTOR('',#8722,1.);
#8722 = DIRECTION('',(-0.,1.,0.));
#8723 = PCURVE('',#8637,#8724);
#8724 = DEFINITIONAL_REPRESENTATION('',(#8725),#8729);
#8725 = LINE('',#8726,#8727);
#8726 = CARTESIAN_POINT('',(432.4,0.));
#8727 = VECTOR('',#8728,1.);
#8728 = DIRECTION('',(0.,-1.));
#8729 = ( GEOMETRIC_REPRESENTATION_CONTEXT(2) 
PARAMETRIC_REPRESENTATION_CONTEXT() REPRESENTATION_CONTEXT('2D SPACE',''
  ) );
#8730 = PCURVE('',#8731,#8736);
#8731 = PLANE('',#8732);
#8732 = AXIS2_PLACEMENT_3D('',#8733,#8734,#8735);
#8733 = CARTESIAN_POINT('',(0.,0.,432.4));
#8734 = DIRECTION('',(0.,0.,1.));
#8735 = DIRECTION('',(1.,0.,-0.));
#8736 = DEFINITIONAL_REPRESENTATION('',(#8737),#8741);
#8737 = LINE('',#8738,#8739);
#8738 = CARTESIAN_POINT('',(0.,0.));
#8739 = VECTOR('',#8740,1.);
#8740 = DIRECTION('',(0.,1.));
#8741 = ( GEOMETRIC_REPRESENTATION_CONTEXT(2) 
PARAMETRIC_REPRESENTATION_CONTEXT() REPRESENTATION_CONTEXT('2D SPACE',''
  ) );
#8742 = ADVANCED_FACE('',(#8743),#8757,.T.);
#8743 = FACE_BOUND('',#8744,.T.);
#8744 = EDGE_LOOP('',(#8745,#8775,#8798,#8821));
#8745 = ORIENTED_EDGE('',*,*,#8746,.F.);
#8746 = EDGE_CURVE('',#8747,#8749,#8751,.T.);
#8747 = VERTEX_POINT('',#8748);
#8748 = CARTESIAN_POINT('',(44.,0.,0.));
#8749 = VERTEX_POINT('',#8750);
#8750 = CARTESIAN_POINT('',(44.,0.,432.4));
#8751 = SURFACE_CURVE('',#8752,(#8756,#8768),.PCURVE_S1.);
#8752 = LINE('',#8753,#8754);
#8753 = CARTESIAN_POINT('',(44.,0.,0.));
#8754 = VECTOR('',#8755,1.);
#8755 = DIRECTION('',(0.,0.,1.));
#8756 = PCURVE('',#8757,#8762);
#8757 = PLANE('',#8758);
#8758 = AXIS2_PLACEMENT_3D('',#8759,#8760,#8761);
#8759 = CARTESIAN_POINT('',(44.,0.,0.));
#8760 = DIRECTION('',(1.,0.,-0.));
#8761 = DIRECTION('',(0.,0.,1.));
#8762 = DEFINITIONAL_REPRESENTATION('',(#8763),#8767);
#8763 = LINE('',#8764,#8765);
#8764 = CARTESIAN_POINT('',(0.,0.));
#8765 = VECTOR('',#8766,1.);
#8766 = DIRECTION('',(1.,0.));
#8767 = ( GEOMETRIC_REPRESENTATION_CONTEXT(2) 
PARAMETRIC_REPRESENTATION_CONTEXT() REPRESENTATION_CONTEXT('2D SPACE',''
  ) );
#8768 = PCURVE('',#8649,#8769);
#8769 = DEFINITIONAL_REPRESENTATION('',(#8770),#8774);
#8770 = LINE('',#8771,#8772);
#8771 = CARTESIAN_POINT('',(0.,44.));
#8772 = VECTOR('',#8773,1.);
#8773 = DIRECTION('',(1.,0.));
#8774 = ( GEOMETRIC_REPRESENTATION_CONTEXT(2) 
PARAMETRIC_REPRESENTATION_CONTEXT() REPRESENTATION_CONTEXT('2D SPACE',''
  ) );
#8775 = ORIENTED_EDGE('',*,*,#8776,.T.);
#8776 = EDGE_CURVE('',#8747,#8777,#8779,.T.);
#8777 = VERTEX_POINT('',#8778);
#8778 = CARTESIAN_POINT('',(44.,347.,0.));
#8779 = SURFACE_CURVE('',#8780,(#8784,#8791),.PCURVE_S1.);
#8780 = LINE('',#8781,#8782);
#8781 = CARTESIAN_POINT('',(44.,0.,0.));
#8782 = VECTOR('',#8783,1.);
#8783 = DIRECTION('',(-0.,1.,0.));
#8784 = PCURVE('',#8757,#8785);
#8785 = DEFINITIONAL_REPRESENTATION('',(#8786),#8790);
#8786 = LINE('',#8787,#8788);
#8787 = CARTESIAN_POINT('',(0.,0.));
#8788 = VECTOR('',#8789,1.);
#8789 = DIRECTION('',(0.,-1.));
#8790 = ( GEOMETRIC_REPRESENTATION_CONTEXT(2) 
PARAMETRIC_REPRESENTATION_CONTEXT() REPRESENTATION_CONTEXT('2D SPACE',''
  ) );
#8791 = PCURVE('',#8677,#8792);
#8792 = DEFINITIONAL_REPRESENTATION('',(#8793),#8797);
#8793 = LINE('',#8794,#8795);
#8794 = CARTESIAN_POINT('',(44.,0.));
#8795 = VECTOR('',#8796,1.);
#8796 = DIRECTION('',(0.,1.));
#8797 = ( GEOMETRIC_REPRESENTATION_CONTEXT(2) 
PARAMETRIC_REPRESENTATION_CONTEXT() REPRESENTATION_CONTEXT('2D SPACE',''
  ) );
#8798 = ORIENTED_EDGE('',*,*,#8799,.T.);
#8799 = EDGE_CURVE('',#8777,#8800,#8802,.T.);
#8800 = VERTEX_POINT('',#8801);
#8801 = CARTESIAN_POINT('',(44.,347.,432.4));
#8802 = SURFACE_CURVE('',#8803,(#8807,#8814),.PCURVE_S1.);
#8803 = LINE('',#8804,#8805);
#8804 = CARTESIAN_POINT('',(44.,347.,0.));
#8805 = VECTOR('',#8806,1.);
#8806 = DIRECTION('',(0.,0.,1.));
#8807 = PCURVE('',#8757,#8808);
#8808 = DEFINITIONAL_REPRESENTATION('',(#8809),#8813);
#8809 = LINE('',#8810,#8811);
#8810 = CARTESIAN_POINT('',(0.,-347.));
#8811 = VECTOR('',#8812,1.);
#8812 = DIRECTION('',(1.,0.));
#8813 = ( GEOMETRIC_REPRESENTATION_CONTEXT(2) 
PARAMETRIC_REPRESENTATION_CONTEXT() REPRESENTATION_CONTEXT('2D SPACE',''
  ) );
#8814 = PCURVE('',#8705,#8815);
#8815 = DEFINITIONAL_REPRESENTATION('',(#8816),#8820);
#8816 = LINE('',#8817,#8818);
#8817 = CARTESIAN_POINT('',(0.,44.));
#8818 = VECTOR('',#8819,1.);
#8819 = DIRECTION('',(1.,0.));
#8820 = ( GEOMETRIC_REPRESENTATION_CONTEXT(2) 
PARAMETRIC_REPRESENTATION_CONTEXT() REPRESENTATION_CONTEXT('2D SPACE',''
  ) );
#8821 = ORIENTED_EDGE('',*,*,#8822,.F.);
#8822 = EDGE_CURVE('',#8749,#8800,#8823,.T.);
#8823 = SURFACE_CURVE('',#8824,(#8828,#8835),.PCURVE_S1.);
#8824 = LINE('',#8825,#8826);
#8825 = CARTESIAN_POINT('',(44.,0.,432.4));
#8826 = VECTOR('',#8827,1.);
#8827 = DIRECTION('',(-0.,1.,0.));
#8828 = PCURVE('',#8757,#8829);
#8829 = DEFINITIONAL_REPRESENTATION('',(#8830),#8834);
#8830 = LINE('',#8831,#8832);
#8831 = CARTESIAN_POINT('',(432.4,0.));
#8832 = VECTOR('',#8833,1.);
#8833 = DIRECTION('',(0.,-1.));
#8834 = ( GEOMETRIC_REPRESENTATION_CONTEXT(2) 
PARAMETRIC_REPRESENTATION_CONTEXT() REPRESENTATION_CONTEXT('2D SPACE',''
  ) );
#8835 = PCURVE('',#8731,#8836);
#8836 = DEFINITIONAL_REPRESENTATION('',(#8837),#8841);
#8837 = LINE('',#8838,#8839);
#8838 = CARTESIAN_POINT('',(44.,0.));
#8839 = VECTOR('',#8840,1.);
#8840 = DIRECTION('',(0.,1.));
#8841 = ( GEOMETRIC_REPRESENTATION_CONTEXT(2) 
PARAMETRIC_REPRESENTATION_CONTEXT() REPRESENTATION_CONTEXT('2D SPACE',''
  ) );
#8842 = ADVANCED_FACE('',(#8843),#8649,.F.);
#8843 = FACE_BOUND('',#8844,.F.);
#8844 = EDGE_LOOP('',(#8845,#8866,#8867,#8888));
#8845 = ORIENTED_EDGE('',*,*,#8846,.F.);
#8846 = EDGE_CURVE('',#8627,#8747,#8847,.T.);
#8847 = SURFACE_CURVE('',#8848,(#8852,#8859),.PCURVE_S1.);
#8848 = LINE('',#8849,#8850);
#8849 = CARTESIAN_POINT('',(0.,0.,0.));
#8850 = VECTOR('',#8851,1.);
#8851 = DIRECTION('',(1.,0.,-0.));
#8852 = PCURVE('',#8649,#8853);
#8853 = DEFINITIONAL_REPRESENTATION('',(#8854),#8858);
#8854 = LINE('',#8855,#8856);
#8855 = CARTESIAN_POINT('',(0.,0.));
#8856 = VECTOR('',#8857,1.);
#8857 = DIRECTION('',(0.,1.));
#8858 = ( GEOMETRIC_REPRESENTATION_CONTEXT(2) 
PARAMETRIC_REPRESENTATION_CONTEXT() REPRESENTATION_CONTEXT('2D SPACE',''
  ) );
#8859 = PCURVE('',#8677,#8860);
#8860 = DEFINITIONAL_REPRESENTATION('',(#8861),#8865);
#8861 = LINE('',#8862,#8863);
#8862 = CARTESIAN_POINT('',(0.,0.));
#8863 = VECTOR('',#8864,1.);
#8864 = DIRECTION('',(1.,0.));
#8865 = ( GEOMETRIC_REPRESENTATION_CONTEXT(2) 
PARAMETRIC_REPRESENTATION_CONTEXT() REPRESENTATION_CONTEXT('2D SPACE',''
  ) );
#8866 = ORIENTED_EDGE('',*,*,#8626,.T.);
#8867 = ORIENTED_EDGE('',*,*,#8868,.T.);
#8868 = EDGE_CURVE('',#8629,#8749,#8869,.T.);
#8869 = SURFACE_CURVE('',#8870,(#8874,#8881),.PCURVE_S1.);
#8870 = LINE('',#8871,#8872);
#8871 = CARTESIAN_POINT('',(0.,0.,432.4));
#8872 = VECTOR('',#8873,1.);
#8873 = DIRECTION('',(1.,0.,-0.));
#8874 = PCURVE('',#8649,#8875);
#8875 = DEFINITIONAL_REPRESENTATION('',(#8876),#8880);
#8876 = LINE('',#8877,#8878);
#8877 = CARTESIAN_POINT('',(432.4,0.));
#8878 = VECTOR('',#8879,1.);
#8879 = DIRECTION('',(0.,1.));
#8880 = ( GEOMETRIC_REPRESENTATION_CONTEXT(2) 
PARAMETRIC_REPRESENTATION_CONTEXT() REPRESENTATION_CONTEXT('2D SPACE',''
  ) );
#8881 = PCURVE('',#8731,#8882);
#8882 = DEFINITIONAL_REPRESENTATION('',(#8883),#8887);
#8883 = LINE('',#8884,#8885);
#8884 = CARTESIAN_POINT('',(0.,0.));
#8885 = VECTOR('',#8886,1.);
#8886 = DIRECTION('',(1.,0.));
#8887 = ( GEOMETRIC_REPRESENTATION_CONTEXT(2) 
PARAMETRIC_REPRESENTATION_CONTEXT() REPRESENTATION_CONTEXT('2D SPACE',''
  ) );
#8888 = ORIENTED_EDGE('',*,*,#8746,.F.);
#8889 = ADVANCED_FACE('',(#8890),#8705,.T.);
#8890 = FACE_BOUND('',#8891,.T.);
#8891 = EDGE_LOOP('',(#8892,#8913,#8914,#8935));
#8892 = ORIENTED_EDGE('',*,*,#8893,.F.);
#8893 = EDGE_CURVE('',#8662,#8777,#8894,.T.);
#8894 = SURFACE_CURVE('',#8895,(#8899,#8906),.PCURVE_S1.);
#8895 = LINE('',#8896,#8897);
#8896 = CARTESIAN_POINT('',(0.,347.,0.));
#8897 = VECTOR('',#8898,1.);
#8898 = DIRECTION('',(1.,0.,-0.));
#8899 = PCURVE('',#8705,#8900);
#8900 = DEFINITIONAL_REPRESENTATION('',(#8901),#8905);
#8901 = LINE('',#8902,#8903);
#8902 = CARTESIAN_POINT('',(0.,0.));
#8903 = VECTOR('',#8904,1.);
#8904 = DIRECTION('',(0.,1.));
#8905 = ( GEOMETRIC_REPRESENTATION_CONTEXT(2) 
PARAMETRIC_REPRESENTATION_CONTEXT() REPRESENTATION_CONTEXT('2D SPACE',''
  ) );
#8906 = PCURVE('',#8677,#8907);
#8907 = DEFINITIONAL_REPRESENTATION('',(#8908),#8912);
#8908 = LINE('',#8909,#8910);
#8909 = CARTESIAN_POINT('',(0.,347.));
#8910 = VECTOR('',#8911,1.);
#8911 = DIRECTION('',(1.,0.));
#8912 = ( GEOMETRIC_REPRESENTATION_CONTEXT(2) 
PARAMETRIC_REPRESENTATION_CONTEXT() REPRESENTATION_CONTEXT('2D SPACE',''
  ) );
#8913 = ORIENTED_EDGE('',*,*,#8689,.T.);
#8914 = ORIENTED_EDGE('',*,*,#8915,.T.);
#8915 = EDGE_CURVE('',#8690,#8800,#8916,.T.);
#8916 = SURFACE_CURVE('',#8917,(#8921,#8928),.PCURVE_S1.);
#8917 = LINE('',#8918,#8919);
#8918 = CARTESIAN_POINT('',(0.,347.,432.4));
#8919 = VECTOR('',#8920,1.);
#8920 = DIRECTION('',(1.,0.,-0.));
#8921 = PCURVE('',#8705,#8922);
#8922 = DEFINITIONAL_REPRESENTATION('',(#8923),#8927);
#8923 = LINE('',#8924,#8925);
#8924 = CARTESIAN_POINT('',(432.4,0.));
#8925 = VECTOR('',#8926,1.);
#8926 = DIRECTION('',(0.,1.));
#8927 = ( GEOMETRIC_REPRESENTATION_CONTEXT(2) 
PARAMETRIC_REPRESENTATION_CONTEXT() REPRESENTATION_CONTEXT('2D SPACE',''
  ) );
#8928 = PCURVE('',#8731,#8929);
#8929 = DEFINITIONAL_REPRESENTATION('',(#8930),#8934);
#8930 = LINE('',#8931,#8932);
#8931 = CARTESIAN_POINT('',(0.,347.));
#8932 = VECTOR('',#8933,1.);
#8933 = DIRECTION('',(1.,0.));
#8934 = ( GEOMETRIC_REPRESENTATION_CONTEXT(2) 
PARAMETRIC_REPRESENTATION_CONTEXT() REPRESENTATION_CONTEXT('2D SPACE',''
  ) );
#8935 = ORIENTED_EDGE('',*,*,#8799,.F.);
#8936 = ADVANCED_FACE('',(#8937),#8677,.F.);
#8937 = FACE_BOUND('',#8938,.F.);
#8938 = EDGE_LOOP('',(#8939,#8940,#8941,#8942));
#8939 = ORIENTED_EDGE('',*,*,#8661,.F.);
#8940 = ORIENTED_EDGE('',*,*,#8846,.T.);
#8941 = ORIENTED_EDGE('',*,*,#8776,.T.);
#8942 = ORIENTED_EDGE('',*,*,#8893,.F.);
#8943 = ADVANCED_FACE('',(#8944),#8731,.T.);
#8944 = FACE_BOUND('',#8945,.T.);
#8945 = EDGE_LOOP('',(#8946,#8947,#8948,#8949));
#8946 = ORIENTED_EDGE('',*,*,#8717,.F.);
#8947 = ORIENTED_EDGE('',*,*,#8868,.T.);
#8948 = ORIENTED_EDGE('',*,*,#8822,.T.);
#8949 = ORIENTED_EDGE('',*,*,#8915,.F.);
#8950 = ( GEOMETRIC_REPRESENTATION_CONTEXT(3) 
GLOBAL_UNCERTAINTY_ASSIGNED_CONTEXT((#8954)) 
GLOBAL_UNIT_ASSIGNED_CONTEXT((#8951,#8952,#8953)) REPRESENTATION_CONTEXT
('Context #1','3D Context with UNIT and UNCERTAINTY') );
#8951 = ( LENGTH_UNIT() NAMED_UNIT(*) SI_UNIT(.MILLI.,.METRE.) );
#8952 = ( NAMED_UNIT(*) PLANE_ANGLE_UNIT() SI_UNIT($,.RADIAN.) );
#8953 = ( NAMED_UNIT(*) SI_UNIT($,.STERADIAN.) SOLID_ANGLE_UNIT() );
#8954 = UNCERTAINTY_MEASURE_WITH_UNIT(LENGTH_MEASURE(1.E-07),#8951,
  'distance_accuracy_value','confusion accuracy');
#8955 = CONTEXT_DEPENDENT_SHAPE_REPRESENTATION(#8956,#8958);
#8956 = ( REPRESENTATION_RELATIONSHIP('','',#8619,#8596) 
REPRESENTATION_RELATIONSHIP_WITH_TRANSFORMATION(#8957) 
SHAPE_REPRESENTATION_RELATIONSHIP() );
#8957 = ITEM_DEFINED_TRANSFORMATION('','',#11,#8597);
#8958 = PRODUCT_DEFINITION_SHAPE('Placement','Placement of an item',
  #8959);
#8959 = NEXT_ASSEMBLY_USAGE_OCCURRENCE('125','=>[0:1:1:63]','',#8591,
  #8614,$);
#8960 = PRODUCT_RELATED_PRODUCT_CATEGORY('part',$,(#8616));
#8961 = SHAPE_DEFINITION_REPRESENTATION(#8962,#8968);
#8962 = PRODUCT_DEFINITION_SHAPE('','',#8963);
#8963 = PRODUCT_DEFINITION('design','',#8964,#8967);
#8964 = PRODUCT_DEFINITION_FORMATION('','',#8965);
#8965 = PRODUCT('left_rear_covered_wheel_spoke_02',
  'left_rear_covered_wheel_spoke_02','',(#8966));
#8966 = PRODUCT_CONTEXT('',#2,'mechanical');
#8967 = PRODUCT_DEFINITION_CONTEXT('part definition',#2,'design');
#8968 = SHAPE_REPRESENTATION('',(#11,#8969),#8973);
#8969 = AXIS2_PLACEMENT_3D('',#8970,#8971,#8972);
#8970 = CARTESIAN_POINT('',(-22.,-173.5,-216.2));
#8971 = DIRECTION('',(0.,0.,1.));
#8972 = DIRECTION('',(1.,0.,0.));
#8973 = ( GEOMETRIC_REPRESENTATION_CONTEXT(3) 
GLOBAL_UNCERTAINTY_ASSIGNED_CONTEXT((#8977)) 
GLOBAL_UNIT_ASSIGNED_CONTEXT((#8974,#8975,#8976)) REPRESENTATION_CONTEXT
('Context #1','3D Context with UNIT and UNCERTAINTY') );
#8974 = ( LENGTH_UNIT() NAMED_UNIT(*) SI_UNIT(.MILLI.,.METRE.) );
#8975 = ( NAMED_UNIT(*) PLANE_ANGLE_UNIT() SI_UNIT($,.RADIAN.) );
#8976 = ( NAMED_UNIT(*) SI_UNIT($,.STERADIAN.) SOLID_ANGLE_UNIT() );
#8977 = UNCERTAINTY_MEASURE_WITH_UNIT(LENGTH_MEASURE(1.E-07),#8974,
  'distance_accuracy_value','confusion accuracy');
#8978 = CONTEXT_DEPENDENT_SHAPE_REPRESENTATION(#8979,#8981);
#8979 = ( REPRESENTATION_RELATIONSHIP('','',#8968,#10) 
REPRESENTATION_RELATIONSHIP_WITH_TRANSFORMATION(#8980) 
SHAPE_REPRESENTATION_RELATIONSHIP() );
#8980 = ITEM_DEFINED_TRANSFORMATION('','',#11,#139);
#8981 = PRODUCT_DEFINITION_SHAPE('Placement','Placement of an item',
  #8982);
#8982 = NEXT_ASSEMBLY_USAGE_OCCURRENCE('128','=>[0:1:1:64]','',#5,#8963,
  $);
#8983 = PRODUCT_RELATED_PRODUCT_CATEGORY('part',$,(#8965));
#8984 = SHAPE_DEFINITION_REPRESENTATION(#8985,#8991);
#8985 = PRODUCT_DEFINITION_SHAPE('','',#8986);
#8986 = PRODUCT_DEFINITION('design','',#8987,#8990);
#8987 = PRODUCT_DEFINITION_FORMATION('','',#8988);
#8988 = PRODUCT('SOLID','SOLID','',(#8989));
#8989 = PRODUCT_CONTEXT('',#2,'mechanical');
#8990 = PRODUCT_DEFINITION_CONTEXT('part definition',#2,'design');
#8991 = ADVANCED_BREP_SHAPE_REPRESENTATION('',(#11,#8992),#9322);
#8992 = MANIFOLD_SOLID_BREP('',#8993);
#8993 = CLOSED_SHELL('',(#8994,#9114,#9214,#9261,#9308,#9315));
#8994 = ADVANCED_FACE('',(#8995),#9009,.F.);
#8995 = FACE_BOUND('',#8996,.F.);
#8996 = EDGE_LOOP('',(#8997,#9032,#9060,#9088));
#8997 = ORIENTED_EDGE('',*,*,#8998,.F.);
#8998 = EDGE_CURVE('',#8999,#9001,#9003,.T.);
#8999 = VERTEX_POINT('',#9000);
#9000 = CARTESIAN_POINT('',(0.,0.,0.));
#9001 = VERTEX_POINT('',#9002);
#9002 = CARTESIAN_POINT('',(0.,0.,432.4));
#9003 = SURFACE_CURVE('',#9004,(#9008,#9020),.PCURVE_S1.);
#9004 = LINE('',#9005,#9006);
#9005 = CARTESIAN_POINT('',(0.,0.,0.));
#9006 = VECTOR('',#9007,1.);
#9007 = DIRECTION('',(0.,0.,1.));
#9008 = PCURVE('',#9009,#9014);
#9009 = PLANE('',#9010);
#9010 = AXIS2_PLACEMENT_3D('',#9011,#9012,#9013);
#9011 = CARTESIAN_POINT('',(0.,0.,0.));
#9012 = DIRECTION('',(1.,0.,-0.));
#9013 = DIRECTION('',(0.,0.,1.));
#9014 = DEFINITIONAL_REPRESENTATION('',(#9015),#9019);
#9015 = LINE('',#9016,#9017);
#9016 = CARTESIAN_POINT('',(0.,0.));
#9017 = VECTOR('',#9018,1.);
#9018 = DIRECTION('',(1.,0.));
#9019 = ( GEOMETRIC_REPRESENTATION_CONTEXT(2) 
PARAMETRIC_REPRESENTATION_CONTEXT() REPRESENTATION_CONTEXT('2D SPACE',''
  ) );
#9020 = PCURVE('',#9021,#9026);
#9021 = PLANE('',#9022);
#9022 = AXIS2_PLACEMENT_3D('',#9023,#9024,#9025);
#9023 = CARTESIAN_POINT('',(0.,0.,0.));
#9024 = DIRECTION('',(-0.,1.,0.));
#9025 = DIRECTION('',(0.,0.,1.));
#9026 = DEFINITIONAL_REPRESENTATION('',(#9027),#9031);
#9027 = LINE('',#9028,#9029);
#9028 = CARTESIAN_POINT('',(0.,0.));
#9029 = VECTOR('',#9030,1.);
#9030 = DIRECTION('',(1.,0.));
#9031 = ( GEOMETRIC_REPRESENTATION_CONTEXT(2) 
PARAMETRIC_REPRESENTATION_CONTEXT() REPRESENTATION_CONTEXT('2D SPACE',''
  ) );
#9032 = ORIENTED_EDGE('',*,*,#9033,.T.);
#9033 = EDGE_CURVE('',#8999,#9034,#9036,.T.);
#9034 = VERTEX_POINT('',#9035);
#9035 = CARTESIAN_POINT('',(0.,347.,0.));
#9036 = SURFACE_CURVE('',#9037,(#9041,#9048),.PCURVE_S1.);
#9037 = LINE('',#9038,#9039);
#9038 = CARTESIAN_POINT('',(0.,0.,0.));
#9039 = VECTOR('',#9040,1.);
#9040 = DIRECTION('',(-0.,1.,0.));
#9041 = PCURVE('',#9009,#9042);
#9042 = DEFINITIONAL_REPRESENTATION('',(#9043),#9047);
#9043 = LINE('',#9044,#9045);
#9044 = CARTESIAN_POINT('',(0.,0.));
#9045 = VECTOR('',#9046,1.);
#9046 = DIRECTION('',(0.,-1.));
#9047 = ( GEOMETRIC_REPRESENTATION_CONTEXT(2) 
PARAMETRIC_REPRESENTATION_CONTEXT() REPRESENTATION_CONTEXT('2D SPACE',''
  ) );
#9048 = PCURVE('',#9049,#9054);
#9049 = PLANE('',#9050);
#9050 = AXIS2_PLACEMENT_3D('',#9051,#9052,#9053);
#9051 = CARTESIAN_POINT('',(0.,0.,0.));
#9052 = DIRECTION('',(0.,0.,1.));
#9053 = DIRECTION('',(1.,0.,-0.));
#9054 = DEFINITIONAL_REPRESENTATION('',(#9055),#9059);
#9055 = LINE('',#9056,#9057);
#9056 = CARTESIAN_POINT('',(0.,0.));
#9057 = VECTOR('',#9058,1.);
#9058 = DIRECTION('',(0.,1.));
#9059 = ( GEOMETRIC_REPRESENTATION_CONTEXT(2) 
PARAMETRIC_REPRESENTATION_CONTEXT() REPRESENTATION_CONTEXT('2D SPACE',''
  ) );
#9060 = ORIENTED_EDGE('',*,*,#9061,.T.);
#9061 = EDGE_CURVE('',#9034,#9062,#9064,.T.);
#9062 = VERTEX_POINT('',#9063);
#9063 = CARTESIAN_POINT('',(0.,347.,432.4));
#9064 = SURFACE_CURVE('',#9065,(#9069,#9076),.PCURVE_S1.);
#9065 = LINE('',#9066,#9067);
#9066 = CARTESIAN_POINT('',(0.,347.,0.));
#9067 = VECTOR('',#9068,1.);
#9068 = DIRECTION('',(0.,0.,1.));
#9069 = PCURVE('',#9009,#9070);
#9070 = DEFINITIONAL_REPRESENTATION('',(#9071),#9075);
#9071 = LINE('',#9072,#9073);
#9072 = CARTESIAN_POINT('',(0.,-347.));
#9073 = VECTOR('',#9074,1.);
#9074 = DIRECTION('',(1.,0.));
#9075 = ( GEOMETRIC_REPRESENTATION_CONTEXT(2) 
PARAMETRIC_REPRESENTATION_CONTEXT() REPRESENTATION_CONTEXT('2D SPACE',''
  ) );
#9076 = PCURVE('',#9077,#9082);
#9077 = PLANE('',#9078);
#9078 = AXIS2_PLACEMENT_3D('',#9079,#9080,#9081);
#9079 = CARTESIAN_POINT('',(0.,347.,0.));
#9080 = DIRECTION('',(-0.,1.,0.));
#9081 = DIRECTION('',(0.,0.,1.));
#9082 = DEFINITIONAL_REPRESENTATION('',(#9083),#9087);
#9083 = LINE('',#9084,#9085);
#9084 = CARTESIAN_POINT('',(0.,0.));
#9085 = VECTOR('',#9086,1.);
#9086 = DIRECTION('',(1.,0.));
#9087 = ( GEOMETRIC_REPRESENTATION_CONTEXT(2) 
PARAMETRIC_REPRESENTATION_CONTEXT() REPRESENTATION_CONTEXT('2D SPACE',''
  ) );
#9088 = ORIENTED_EDGE('',*,*,#9089,.F.);
#9089 = EDGE_CURVE('',#9001,#9062,#9090,.T.);
#9090 = SURFACE_CURVE('',#9091,(#9095,#9102),.PCURVE_S1.);
#9091 = LINE('',#9092,#9093);
#9092 = CARTESIAN_POINT('',(0.,0.,432.4));
#9093 = VECTOR('',#9094,1.);
#9094 = DIRECTION('',(-0.,1.,0.));
#9095 = PCURVE('',#9009,#9096);
#9096 = DEFINITIONAL_REPRESENTATION('',(#9097),#9101);
#9097 = LINE('',#9098,#9099);
#9098 = CARTESIAN_POINT('',(432.4,0.));
#9099 = VECTOR('',#9100,1.);
#9100 = DIRECTION('',(0.,-1.));
#9101 = ( GEOMETRIC_REPRESENTATION_CONTEXT(2) 
PARAMETRIC_REPRESENTATION_CONTEXT() REPRESENTATION_CONTEXT('2D SPACE',''
  ) );
#9102 = PCURVE('',#9103,#9108);
#9103 = PLANE('',#9104);
#9104 = AXIS2_PLACEMENT_3D('',#9105,#9106,#9107);
#9105 = CARTESIAN_POINT('',(0.,0.,432.4));
#9106 = DIRECTION('',(0.,0.,1.));
#9107 = DIRECTION('',(1.,0.,-0.));
#9108 = DEFINITIONAL_REPRESENTATION('',(#9109),#9113);
#9109 = LINE('',#9110,#9111);
#9110 = CARTESIAN_POINT('',(0.,0.));
#9111 = VECTOR('',#9112,1.);
#9112 = DIRECTION('',(0.,1.));
#9113 = ( GEOMETRIC_REPRESENTATION_CONTEXT(2) 
PARAMETRIC_REPRESENTATION_CONTEXT() REPRESENTATION_CONTEXT('2D SPACE',''
  ) );
#9114 = ADVANCED_FACE('',(#9115),#9129,.T.);
#9115 = FACE_BOUND('',#9116,.T.);
#9116 = EDGE_LOOP('',(#9117,#9147,#9170,#9193));
#9117 = ORIENTED_EDGE('',*,*,#9118,.F.);
#9118 = EDGE_CURVE('',#9119,#9121,#9123,.T.);
#9119 = VERTEX_POINT('',#9120);
#9120 = CARTESIAN_POINT('',(44.,0.,0.));
#9121 = VERTEX_POINT('',#9122);
#9122 = CARTESIAN_POINT('',(44.,0.,432.4));
#9123 = SURFACE_CURVE('',#9124,(#9128,#9140),.PCURVE_S1.);
#9124 = LINE('',#9125,#9126);
#9125 = CARTESIAN_POINT('',(44.,0.,0.));
#9126 = VECTOR('',#9127,1.);
#9127 = DIRECTION('',(0.,0.,1.));
#9128 = PCURVE('',#9129,#9134);
#9129 = PLANE('',#9130);
#9130 = AXIS2_PLACEMENT_3D('',#9131,#9132,#9133);
#9131 = CARTESIAN_POINT('',(44.,0.,0.));
#9132 = DIRECTION('',(1.,0.,-0.));
#9133 = DIRECTION('',(0.,0.,1.));
#9134 = DEFINITIONAL_REPRESENTATION('',(#9135),#9139);
#9135 = LINE('',#9136,#9137);
#9136 = CARTESIAN_POINT('',(0.,0.));
#9137 = VECTOR('',#9138,1.);
#9138 = DIRECTION('',(1.,0.));
#9139 = ( GEOMETRIC_REPRESENTATION_CONTEXT(2) 
PARAMETRIC_REPRESENTATION_CONTEXT() REPRESENTATION_CONTEXT('2D SPACE',''
  ) );
#9140 = PCURVE('',#9021,#9141);
#9141 = DEFINITIONAL_REPRESENTATION('',(#9142),#9146);
#9142 = LINE('',#9143,#9144);
#9143 = CARTESIAN_POINT('',(0.,44.));
#9144 = VECTOR('',#9145,1.);
#9145 = DIRECTION('',(1.,0.));
#9146 = ( GEOMETRIC_REPRESENTATION_CONTEXT(2) 
PARAMETRIC_REPRESENTATION_CONTEXT() REPRESENTATION_CONTEXT('2D SPACE',''
  ) );
#9147 = ORIENTED_EDGE('',*,*,#9148,.T.);
#9148 = EDGE_CURVE('',#9119,#9149,#9151,.T.);
#9149 = VERTEX_POINT('',#9150);
#9150 = CARTESIAN_POINT('',(44.,347.,0.));
#9151 = SURFACE_CURVE('',#9152,(#9156,#9163),.PCURVE_S1.);
#9152 = LINE('',#9153,#9154);
#9153 = CARTESIAN_POINT('',(44.,0.,0.));
#9154 = VECTOR('',#9155,1.);
#9155 = DIRECTION('',(-0.,1.,0.));
#9156 = PCURVE('',#9129,#9157);
#9157 = DEFINITIONAL_REPRESENTATION('',(#9158),#9162);
#9158 = LINE('',#9159,#9160);
#9159 = CARTESIAN_POINT('',(0.,0.));
#9160 = VECTOR('',#9161,1.);
#9161 = DIRECTION('',(0.,-1.));
#9162 = ( GEOMETRIC_REPRESENTATION_CONTEXT(2) 
PARAMETRIC_REPRESENTATION_CONTEXT() REPRESENTATION_CONTEXT('2D SPACE',''
  ) );
#9163 = PCURVE('',#9049,#9164);
#9164 = DEFINITIONAL_REPRESENTATION('',(#9165),#9169);
#9165 = LINE('',#9166,#9167);
#9166 = CARTESIAN_POINT('',(44.,0.));
#9167 = VECTOR('',#9168,1.);
#9168 = DIRECTION('',(0.,1.));
#9169 = ( GEOMETRIC_REPRESENTATION_CONTEXT(2) 
PARAMETRIC_REPRESENTATION_CONTEXT() REPRESENTATION_CONTEXT('2D SPACE',''
  ) );
#9170 = ORIENTED_EDGE('',*,*,#9171,.T.);
#9171 = EDGE_CURVE('',#9149,#9172,#9174,.T.);
#9172 = VERTEX_POINT('',#9173);
#9173 = CARTESIAN_POINT('',(44.,347.,432.4));
#9174 = SURFACE_CURVE('',#9175,(#9179,#9186),.PCURVE_S1.);
#9175 = LINE('',#9176,#9177);
#9176 = CARTESIAN_POINT('',(44.,347.,0.));
#9177 = VECTOR('',#9178,1.);
#9178 = DIRECTION('',(0.,0.,1.));
#9179 = PCURVE('',#9129,#9180);
#9180 = DEFINITIONAL_REPRESENTATION('',(#9181),#9185);
#9181 = LINE('',#9182,#9183);
#9182 = CARTESIAN_POINT('',(0.,-347.));
#9183 = VECTOR('',#9184,1.);
#9184 = DIRECTION('',(1.,0.));
#9185 = ( GEOMETRIC_REPRESENTATION_CONTEXT(2) 
PARAMETRIC_REPRESENTATION_CONTEXT() REPRESENTATION_CONTEXT('2D SPACE',''
  ) );
#9186 = PCURVE('',#9077,#9187);
#9187 = DEFINITIONAL_REPRESENTATION('',(#9188),#9192);
#9188 = LINE('',#9189,#9190);
#9189 = CARTESIAN_POINT('',(0.,44.));
#9190 = VECTOR('',#9191,1.);
#9191 = DIRECTION('',(1.,0.));
#9192 = ( GEOMETRIC_REPRESENTATION_CONTEXT(2) 
PARAMETRIC_REPRESENTATION_CONTEXT() REPRESENTATION_CONTEXT('2D SPACE',''
  ) );
#9193 = ORIENTED_EDGE('',*,*,#9194,.F.);
#9194 = EDGE_CURVE('',#9121,#9172,#9195,.T.);
#9195 = SURFACE_CURVE('',#9196,(#9200,#9207),.PCURVE_S1.);
#9196 = LINE('',#9197,#9198);
#9197 = CARTESIAN_POINT('',(44.,0.,432.4));
#9198 = VECTOR('',#9199,1.);
#9199 = DIRECTION('',(-0.,1.,0.));
#9200 = PCURVE('',#9129,#9201);
#9201 = DEFINITIONAL_REPRESENTATION('',(#9202),#9206);
#9202 = LINE('',#9203,#9204);
#9203 = CARTESIAN_POINT('',(432.4,0.));
#9204 = VECTOR('',#9205,1.);
#9205 = DIRECTION('',(0.,-1.));
#9206 = ( GEOMETRIC_REPRESENTATION_CONTEXT(2) 
PARAMETRIC_REPRESENTATION_CONTEXT() REPRESENTATION_CONTEXT('2D SPACE',''
  ) );
#9207 = PCURVE('',#9103,#9208);
#9208 = DEFINITIONAL_REPRESENTATION('',(#9209),#9213);
#9209 = LINE('',#9210,#9211);
#9210 = CARTESIAN_POINT('',(44.,0.));
#9211 = VECTOR('',#9212,1.);
#9212 = DIRECTION('',(0.,1.));
#9213 = ( GEOMETRIC_REPRESENTATION_CONTEXT(2) 
PARAMETRIC_REPRESENTATION_CONTEXT() REPRESENTATION_CONTEXT('2D SPACE',''
  ) );
#9214 = ADVANCED_FACE('',(#9215),#9021,.F.);
#9215 = FACE_BOUND('',#9216,.F.);
#9216 = EDGE_LOOP('',(#9217,#9238,#9239,#9260));
#9217 = ORIENTED_EDGE('',*,*,#9218,.F.);
#9218 = EDGE_CURVE('',#8999,#9119,#9219,.T.);
#9219 = SURFACE_CURVE('',#9220,(#9224,#9231),.PCURVE_S1.);
#9220 = LINE('',#9221,#9222);
#9221 = CARTESIAN_POINT('',(0.,0.,0.));
#9222 = VECTOR('',#9223,1.);
#9223 = DIRECTION('',(1.,0.,-0.));
#9224 = PCURVE('',#9021,#9225);
#9225 = DEFINITIONAL_REPRESENTATION('',(#9226),#9230);
#9226 = LINE('',#9227,#9228);
#9227 = CARTESIAN_POINT('',(0.,0.));
#9228 = VECTOR('',#9229,1.);
#9229 = DIRECTION('',(0.,1.));
#9230 = ( GEOMETRIC_REPRESENTATION_CONTEXT(2) 
PARAMETRIC_REPRESENTATION_CONTEXT() REPRESENTATION_CONTEXT('2D SPACE',''
  ) );
#9231 = PCURVE('',#9049,#9232);
#9232 = DEFINITIONAL_REPRESENTATION('',(#9233),#9237);
#9233 = LINE('',#9234,#9235);
#9234 = CARTESIAN_POINT('',(0.,0.));
#9235 = VECTOR('',#9236,1.);
#9236 = DIRECTION('',(1.,0.));
#9237 = ( GEOMETRIC_REPRESENTATION_CONTEXT(2) 
PARAMETRIC_REPRESENTATION_CONTEXT() REPRESENTATION_CONTEXT('2D SPACE',''
  ) );
#9238 = ORIENTED_EDGE('',*,*,#8998,.T.);
#9239 = ORIENTED_EDGE('',*,*,#9240,.T.);
#9240 = EDGE_CURVE('',#9001,#9121,#9241,.T.);
#9241 = SURFACE_CURVE('',#9242,(#9246,#9253),.PCURVE_S1.);
#9242 = LINE('',#9243,#9244);
#9243 = CARTESIAN_POINT('',(0.,0.,432.4));
#9244 = VECTOR('',#9245,1.);
#9245 = DIRECTION('',(1.,0.,-0.));
#9246 = PCURVE('',#9021,#9247);
#9247 = DEFINITIONAL_REPRESENTATION('',(#9248),#9252);
#9248 = LINE('',#9249,#9250);
#9249 = CARTESIAN_POINT('',(432.4,0.));
#9250 = VECTOR('',#9251,1.);
#9251 = DIRECTION('',(0.,1.));
#9252 = ( GEOMETRIC_REPRESENTATION_CONTEXT(2) 
PARAMETRIC_REPRESENTATION_CONTEXT() REPRESENTATION_CONTEXT('2D SPACE',''
  ) );
#9253 = PCURVE('',#9103,#9254);
#9254 = DEFINITIONAL_REPRESENTATION('',(#9255),#9259);
#9255 = LINE('',#9256,#9257);
#9256 = CARTESIAN_POINT('',(0.,0.));
#9257 = VECTOR('',#9258,1.);
#9258 = DIRECTION('',(1.,0.));
#9259 = ( GEOMETRIC_REPRESENTATION_CONTEXT(2) 
PARAMETRIC_REPRESENTATION_CONTEXT() REPRESENTATION_CONTEXT('2D SPACE',''
  ) );
#9260 = ORIENTED_EDGE('',*,*,#9118,.F.);
#9261 = ADVANCED_FACE('',(#9262),#9077,.T.);
#9262 = FACE_BOUND('',#9263,.T.);
#9263 = EDGE_LOOP('',(#9264,#9285,#9286,#9307));
#9264 = ORIENTED_EDGE('',*,*,#9265,.F.);
#9265 = EDGE_CURVE('',#9034,#9149,#9266,.T.);
#9266 = SURFACE_CURVE('',#9267,(#9271,#9278),.PCURVE_S1.);
#9267 = LINE('',#9268,#9269);
#9268 = CARTESIAN_POINT('',(0.,347.,0.));
#9269 = VECTOR('',#9270,1.);
#9270 = DIRECTION('',(1.,0.,-0.));
#9271 = PCURVE('',#9077,#9272);
#9272 = DEFINITIONAL_REPRESENTATION('',(#9273),#9277);
#9273 = LINE('',#9274,#9275);
#9274 = CARTESIAN_POINT('',(0.,0.));
#9275 = VECTOR('',#9276,1.);
#9276 = DIRECTION('',(0.,1.));
#9277 = ( GEOMETRIC_REPRESENTATION_CONTEXT(2) 
PARAMETRIC_REPRESENTATION_CONTEXT() REPRESENTATION_CONTEXT('2D SPACE',''
  ) );
#9278 = PCURVE('',#9049,#9279);
#9279 = DEFINITIONAL_REPRESENTATION('',(#9280),#9284);
#9280 = LINE('',#9281,#9282);
#9281 = CARTESIAN_POINT('',(0.,347.));
#9282 = VECTOR('',#9283,1.);
#9283 = DIRECTION('',(1.,0.));
#9284 = ( GEOMETRIC_REPRESENTATION_CONTEXT(2) 
PARAMETRIC_REPRESENTATION_CONTEXT() REPRESENTATION_CONTEXT('2D SPACE',''
  ) );
#9285 = ORIENTED_EDGE('',*,*,#9061,.T.);
#9286 = ORIENTED_EDGE('',*,*,#9287,.T.);
#9287 = EDGE_CURVE('',#9062,#9172,#9288,.T.);
#9288 = SURFACE_CURVE('',#9289,(#9293,#9300),.PCURVE_S1.);
#9289 = LINE('',#9290,#9291);
#9290 = CARTESIAN_POINT('',(0.,347.,432.4));
#9291 = VECTOR('',#9292,1.);
#9292 = DIRECTION('',(1.,0.,-0.));
#9293 = PCURVE('',#9077,#9294);
#9294 = DEFINITIONAL_REPRESENTATION('',(#9295),#9299);
#9295 = LINE('',#9296,#9297);
#9296 = CARTESIAN_POINT('',(432.4,0.));
#9297 = VECTOR('',#9298,1.);
#9298 = DIRECTION('',(0.,1.));
#9299 = ( GEOMETRIC_REPRESENTATION_CONTEXT(2) 
PARAMETRIC_REPRESENTATION_CONTEXT() REPRESENTATION_CONTEXT('2D SPACE',''
  ) );
#9300 = PCURVE('',#9103,#9301);
#9301 = DEFINITIONAL_REPRESENTATION('',(#9302),#9306);
#9302 = LINE('',#9303,#9304);
#9303 = CARTESIAN_POINT('',(0.,347.));
#9304 = VECTOR('',#9305,1.);
#9305 = DIRECTION('',(1.,0.));
#9306 = ( GEOMETRIC_REPRESENTATION_CONTEXT(2) 
PARAMETRIC_REPRESENTATION_CONTEXT() REPRESENTATION_CONTEXT('2D SPACE',''
  ) );
#9307 = ORIENTED_EDGE('',*,*,#9171,.F.);
#9308 = ADVANCED_FACE('',(#9309),#9049,.F.);
#9309 = FACE_BOUND('',#9310,.F.);
#9310 = EDGE_LOOP('',(#9311,#9312,#9313,#9314));
#9311 = ORIENTED_EDGE('',*,*,#9033,.F.);
#9312 = ORIENTED_EDGE('',*,*,#9218,.T.);
#9313 = ORIENTED_EDGE('',*,*,#9148,.T.);
#9314 = ORIENTED_EDGE('',*,*,#9265,.F.);
#9315 = ADVANCED_FACE('',(#9316),#9103,.T.);
#9316 = FACE_BOUND('',#9317,.T.);
#9317 = EDGE_LOOP('',(#9318,#9319,#9320,#9321));
#9318 = ORIENTED_EDGE('',*,*,#9089,.F.);
#9319 = ORIENTED_EDGE('',*,*,#9240,.T.);
#9320 = ORIENTED_EDGE('',*,*,#9194,.T.);
#9321 = ORIENTED_EDGE('',*,*,#9287,.F.);
#9322 = ( GEOMETRIC_REPRESENTATION_CONTEXT(3) 
GLOBAL_UNCERTAINTY_ASSIGNED_CONTEXT((#9326)) 
GLOBAL_UNIT_ASSIGNED_CONTEXT((#9323,#9324,#9325)) REPRESENTATION_CONTEXT
('Context #1','3D Context with UNIT and UNCERTAINTY') );
#9323 = ( LENGTH_UNIT() NAMED_UNIT(*) SI_UNIT(.MILLI.,.METRE.) );
#9324 = ( NAMED_UNIT(*) PLANE_ANGLE_UNIT() SI_UNIT($,.RADIAN.) );
#9325 = ( NAMED_UNIT(*) SI_UNIT($,.STERADIAN.) SOLID_ANGLE_UNIT() );
#9326 = UNCERTAINTY_MEASURE_WITH_UNIT(LENGTH_MEASURE(1.E-07),#9323,
  'distance_accuracy_value','confusion accuracy');
#9327 = CONTEXT_DEPENDENT_SHAPE_REPRESENTATION(#9328,#9330);
#9328 = ( REPRESENTATION_RELATIONSHIP('','',#8991,#8968) 
REPRESENTATION_RELATIONSHIP_WITH_TRANSFORMATION(#9329) 
SHAPE_REPRESENTATION_RELATIONSHIP() );
#9329 = ITEM_DEFINED_TRANSFORMATION('','',#11,#8969);
#9330 = PRODUCT_DEFINITION_SHAPE('Placement','Placement of an item',
  #9331);
#9331 = NEXT_ASSEMBLY_USAGE_OCCURRENCE('127','=>[0:1:1:65]','',#8963,
  #8986,$);
#9332 = PRODUCT_RELATED_PRODUCT_CATEGORY('part',$,(#8988));
#9333 = SHAPE_DEFINITION_REPRESENTATION(#9334,#9340);
#9334 = PRODUCT_DEFINITION_SHAPE('','',#9335);
#9335 = PRODUCT_DEFINITION('design','',#9336,#9339);
#9336 = PRODUCT_DEFINITION_FORMATION('','',#9337);
#9337 = PRODUCT('left_rear_covered_wheel_spoke_03',
  'left_rear_covered_wheel_spoke_03','',(#9338));
#9338 = PRODUCT_CONTEXT('',#2,'mechanical');
#9339 = PRODUCT_DEFINITION_CONTEXT('part definition',#2,'design');
#9340 = SHAPE_REPRESENTATION('',(#11,#9341),#9345);
#9341 = AXIS2_PLACEMENT_3D('',#9342,#9343,#9344);
#9342 = CARTESIAN_POINT('',(-22.,-173.5,-216.2));
#9343 = DIRECTION('',(0.,0.,1.));
#9344 = DIRECTION('',(1.,0.,0.));
#9345 = ( GEOMETRIC_REPRESENTATION_CONTEXT(3) 
GLOBAL_UNCERTAINTY_ASSIGNED_CONTEXT((#9349)) 
GLOBAL_UNIT_ASSIGNED_CONTEXT((#9346,#9347,#9348)) REPRESENTATION_CONTEXT
('Context #1','3D Context with UNIT and UNCERTAINTY') );
#9346 = ( LENGTH_UNIT() NAMED_UNIT(*) SI_UNIT(.MILLI.,.METRE.) );
#9347 = ( NAMED_UNIT(*) PLANE_ANGLE_UNIT() SI_UNIT($,.RADIAN.) );
#9348 = ( NAMED_UNIT(*) SI_UNIT($,.STERADIAN.) SOLID_ANGLE_UNIT() );
#9349 = UNCERTAINTY_MEASURE_WITH_UNIT(LENGTH_MEASURE(1.E-07),#9346,
  'distance_accuracy_value','confusion accuracy');
#9350 = CONTEXT_DEPENDENT_SHAPE_REPRESENTATION(#9351,#9353);
#9351 = ( REPRESENTATION_RELATIONSHIP('','',#9340,#10) 
REPRESENTATION_RELATIONSHIP_WITH_TRANSFORMATION(#9352) 
SHAPE_REPRESENTATION_RELATIONSHIP() );
#9352 = ITEM_DEFINED_TRANSFORMATION('','',#11,#143);
#9353 = PRODUCT_DEFINITION_SHAPE('Placement','Placement of an item',
  #9354);
#9354 = NEXT_ASSEMBLY_USAGE_OCCURRENCE('130','=>[0:1:1:66]','',#5,#9335,
  $);
#9355 = PRODUCT_RELATED_PRODUCT_CATEGORY('part',$,(#9337));
#9356 = SHAPE_DEFINITION_REPRESENTATION(#9357,#9363);
#9357 = PRODUCT_DEFINITION_SHAPE('','',#9358);
#9358 = PRODUCT_DEFINITION('design','',#9359,#9362);
#9359 = PRODUCT_DEFINITION_FORMATION('','',#9360);
#9360 = PRODUCT('SOLID','SOLID','',(#9361));
#9361 = PRODUCT_CONTEXT('',#2,'mechanical');
#9362 = PRODUCT_DEFINITION_CONTEXT('part definition',#2,'design');
#9363 = ADVANCED_BREP_SHAPE_REPRESENTATION('',(#11,#9364),#9694);
#9364 = MANIFOLD_SOLID_BREP('',#9365);
#9365 = CLOSED_SHELL('',(#9366,#9486,#9586,#9633,#9680,#9687));
#9366 = ADVANCED_FACE('',(#9367),#9381,.F.);
#9367 = FACE_BOUND('',#9368,.F.);
#9368 = EDGE_LOOP('',(#9369,#9404,#9432,#9460));
#9369 = ORIENTED_EDGE('',*,*,#9370,.F.);
#9370 = EDGE_CURVE('',#9371,#9373,#9375,.T.);
#9371 = VERTEX_POINT('',#9372);
#9372 = CARTESIAN_POINT('',(0.,0.,0.));
#9373 = VERTEX_POINT('',#9374);
#9374 = CARTESIAN_POINT('',(0.,0.,432.4));
#9375 = SURFACE_CURVE('',#9376,(#9380,#9392),.PCURVE_S1.);
#9376 = LINE('',#9377,#9378);
#9377 = CARTESIAN_POINT('',(0.,0.,0.));
#9378 = VECTOR('',#9379,1.);
#9379 = DIRECTION('',(0.,0.,1.));
#9380 = PCURVE('',#9381,#9386);
#9381 = PLANE('',#9382);
#9382 = AXIS2_PLACEMENT_3D('',#9383,#9384,#9385);
#9383 = CARTESIAN_POINT('',(0.,0.,0.));
#9384 = DIRECTION('',(1.,0.,-0.));
#9385 = DIRECTION('',(0.,0.,1.));
#9386 = DEFINITIONAL_REPRESENTATION('',(#9387),#9391);
#9387 = LINE('',#9388,#9389);
#9388 = CARTESIAN_POINT('',(0.,0.));
#9389 = VECTOR('',#9390,1.);
#9390 = DIRECTION('',(1.,0.));
#9391 = ( GEOMETRIC_REPRESENTATION_CONTEXT(2) 
PARAMETRIC_REPRESENTATION_CONTEXT() REPRESENTATION_CONTEXT('2D SPACE',''
  ) );
#9392 = PCURVE('',#9393,#9398);
#9393 = PLANE('',#9394);
#9394 = AXIS2_PLACEMENT_3D('',#9395,#9396,#9397);
#9395 = CARTESIAN_POINT('',(0.,0.,0.));
#9396 = DIRECTION('',(-0.,1.,0.));
#9397 = DIRECTION('',(0.,0.,1.));
#9398 = DEFINITIONAL_REPRESENTATION('',(#9399),#9403);
#9399 = LINE('',#9400,#9401);
#9400 = CARTESIAN_POINT('',(0.,0.));
#9401 = VECTOR('',#9402,1.);
#9402 = DIRECTION('',(1.,0.));
#9403 = ( GEOMETRIC_REPRESENTATION_CONTEXT(2) 
PARAMETRIC_REPRESENTATION_CONTEXT() REPRESENTATION_CONTEXT('2D SPACE',''
  ) );
#9404 = ORIENTED_EDGE('',*,*,#9405,.T.);
#9405 = EDGE_CURVE('',#9371,#9406,#9408,.T.);
#9406 = VERTEX_POINT('',#9407);
#9407 = CARTESIAN_POINT('',(0.,347.,0.));
#9408 = SURFACE_CURVE('',#9409,(#9413,#9420),.PCURVE_S1.);
#9409 = LINE('',#9410,#9411);
#9410 = CARTESIAN_POINT('',(0.,0.,0.));
#9411 = VECTOR('',#9412,1.);
#9412 = DIRECTION('',(-0.,1.,0.));
#9413 = PCURVE('',#9381,#9414);
#9414 = DEFINITIONAL_REPRESENTATION('',(#9415),#9419);
#9415 = LINE('',#9416,#9417);
#9416 = CARTESIAN_POINT('',(0.,0.));
#9417 = VECTOR('',#9418,1.);
#9418 = DIRECTION('',(0.,-1.));
#9419 = ( GEOMETRIC_REPRESENTATION_CONTEXT(2) 
PARAMETRIC_REPRESENTATION_CONTEXT() REPRESENTATION_CONTEXT('2D SPACE',''
  ) );
#9420 = PCURVE('',#9421,#9426);
#9421 = PLANE('',#9422);
#9422 = AXIS2_PLACEMENT_3D('',#9423,#9424,#9425);
#9423 = CARTESIAN_POINT('',(0.,0.,0.));
#9424 = DIRECTION('',(0.,0.,1.));
#9425 = DIRECTION('',(1.,0.,-0.));
#9426 = DEFINITIONAL_REPRESENTATION('',(#9427),#9431);
#9427 = LINE('',#9428,#9429);
#9428 = CARTESIAN_POINT('',(0.,0.));
#9429 = VECTOR('',#9430,1.);
#9430 = DIRECTION('',(0.,1.));
#9431 = ( GEOMETRIC_REPRESENTATION_CONTEXT(2) 
PARAMETRIC_REPRESENTATION_CONTEXT() REPRESENTATION_CONTEXT('2D SPACE',''
  ) );
#9432 = ORIENTED_EDGE('',*,*,#9433,.T.);
#9433 = EDGE_CURVE('',#9406,#9434,#9436,.T.);
#9434 = VERTEX_POINT('',#9435);
#9435 = CARTESIAN_POINT('',(0.,347.,432.4));
#9436 = SURFACE_CURVE('',#9437,(#9441,#9448),.PCURVE_S1.);
#9437 = LINE('',#9438,#9439);
#9438 = CARTESIAN_POINT('',(0.,347.,0.));
#9439 = VECTOR('',#9440,1.);
#9440 = DIRECTION('',(0.,0.,1.));
#9441 = PCURVE('',#9381,#9442);
#9442 = DEFINITIONAL_REPRESENTATION('',(#9443),#9447);
#9443 = LINE('',#9444,#9445);
#9444 = CARTESIAN_POINT('',(0.,-347.));
#9445 = VECTOR('',#9446,1.);
#9446 = DIRECTION('',(1.,0.));
#9447 = ( GEOMETRIC_REPRESENTATION_CONTEXT(2) 
PARAMETRIC_REPRESENTATION_CONTEXT() REPRESENTATION_CONTEXT('2D SPACE',''
  ) );
#9448 = PCURVE('',#9449,#9454);
#9449 = PLANE('',#9450);
#9450 = AXIS2_PLACEMENT_3D('',#9451,#9452,#9453);
#9451 = CARTESIAN_POINT('',(0.,347.,0.));
#9452 = DIRECTION('',(-0.,1.,0.));
#9453 = DIRECTION('',(0.,0.,1.));
#9454 = DEFINITIONAL_REPRESENTATION('',(#9455),#9459);
#9455 = LINE('',#9456,#9457);
#9456 = CARTESIAN_POINT('',(0.,0.));
#9457 = VECTOR('',#9458,1.);
#9458 = DIRECTION('',(1.,0.));
#9459 = ( GEOMETRIC_REPRESENTATION_CONTEXT(2) 
PARAMETRIC_REPRESENTATION_CONTEXT() REPRESENTATION_CONTEXT('2D SPACE',''
  ) );
#9460 = ORIENTED_EDGE('',*,*,#9461,.F.);
#9461 = EDGE_CURVE('',#9373,#9434,#9462,.T.);
#9462 = SURFACE_CURVE('',#9463,(#9467,#9474),.PCURVE_S1.);
#9463 = LINE('',#9464,#9465);
#9464 = CARTESIAN_POINT('',(0.,0.,432.4));
#9465 = VECTOR('',#9466,1.);
#9466 = DIRECTION('',(-0.,1.,0.));
#9467 = PCURVE('',#9381,#9468);
#9468 = DEFINITIONAL_REPRESENTATION('',(#9469),#9473);
#9469 = LINE('',#9470,#9471);
#9470 = CARTESIAN_POINT('',(432.4,0.));
#9471 = VECTOR('',#9472,1.);
#9472 = DIRECTION('',(0.,-1.));
#9473 = ( GEOMETRIC_REPRESENTATION_CONTEXT(2) 
PARAMETRIC_REPRESENTATION_CONTEXT() REPRESENTATION_CONTEXT('2D SPACE',''
  ) );
#9474 = PCURVE('',#9475,#9480);
#9475 = PLANE('',#9476);
#9476 = AXIS2_PLACEMENT_3D('',#9477,#9478,#9479);
#9477 = CARTESIAN_POINT('',(0.,0.,432.4));
#9478 = DIRECTION('',(0.,0.,1.));
#9479 = DIRECTION('',(1.,0.,-0.));
#9480 = DEFINITIONAL_REPRESENTATION('',(#9481),#9485);
#9481 = LINE('',#9482,#9483);
#9482 = CARTESIAN_POINT('',(0.,0.));
#9483 = VECTOR('',#9484,1.);
#9484 = DIRECTION('',(0.,1.));
#9485 = ( GEOMETRIC_REPRESENTATION_CONTEXT(2) 
PARAMETRIC_REPRESENTATION_CONTEXT() REPRESENTATION_CONTEXT('2D SPACE',''
  ) );
#9486 = ADVANCED_FACE('',(#9487),#9501,.T.);
#9487 = FACE_BOUND('',#9488,.T.);
#9488 = EDGE_LOOP('',(#9489,#9519,#9542,#9565));
#9489 = ORIENTED_EDGE('',*,*,#9490,.F.);
#9490 = EDGE_CURVE('',#9491,#9493,#9495,.T.);
#9491 = VERTEX_POINT('',#9492);
#9492 = CARTESIAN_POINT('',(44.,0.,0.));
#9493 = VERTEX_POINT('',#9494);
#9494 = CARTESIAN_POINT('',(44.,0.,432.4));
#9495 = SURFACE_CURVE('',#9496,(#9500,#9512),.PCURVE_S1.);
#9496 = LINE('',#9497,#9498);
#9497 = CARTESIAN_POINT('',(44.,0.,0.));
#9498 = VECTOR('',#9499,1.);
#9499 = DIRECTION('',(0.,0.,1.));
#9500 = PCURVE('',#9501,#9506);
#9501 = PLANE('',#9502);
#9502 = AXIS2_PLACEMENT_3D('',#9503,#9504,#9505);
#9503 = CARTESIAN_POINT('',(44.,0.,0.));
#9504 = DIRECTION('',(1.,0.,-0.));
#9505 = DIRECTION('',(0.,0.,1.));
#9506 = DEFINITIONAL_REPRESENTATION('',(#9507),#9511);
#9507 = LINE('',#9508,#9509);
#9508 = CARTESIAN_POINT('',(0.,0.));
#9509 = VECTOR('',#9510,1.);
#9510 = DIRECTION('',(1.,0.));
#9511 = ( GEOMETRIC_REPRESENTATION_CONTEXT(2) 
PARAMETRIC_REPRESENTATION_CONTEXT() REPRESENTATION_CONTEXT('2D SPACE',''
  ) );
#9512 = PCURVE('',#9393,#9513);
#9513 = DEFINITIONAL_REPRESENTATION('',(#9514),#9518);
#9514 = LINE('',#9515,#9516);
#9515 = CARTESIAN_POINT('',(0.,44.));
#9516 = VECTOR('',#9517,1.);
#9517 = DIRECTION('',(1.,0.));
#9518 = ( GEOMETRIC_REPRESENTATION_CONTEXT(2) 
PARAMETRIC_REPRESENTATION_CONTEXT() REPRESENTATION_CONTEXT('2D SPACE',''
  ) );
#9519 = ORIENTED_EDGE('',*,*,#9520,.T.);
#9520 = EDGE_CURVE('',#9491,#9521,#9523,.T.);
#9521 = VERTEX_POINT('',#9522);
#9522 = CARTESIAN_POINT('',(44.,347.,0.));
#9523 = SURFACE_CURVE('',#9524,(#9528,#9535),.PCURVE_S1.);
#9524 = LINE('',#9525,#9526);
#9525 = CARTESIAN_POINT('',(44.,0.,0.));
#9526 = VECTOR('',#9527,1.);
#9527 = DIRECTION('',(-0.,1.,0.));
#9528 = PCURVE('',#9501,#9529);
#9529 = DEFINITIONAL_REPRESENTATION('',(#9530),#9534);
#9530 = LINE('',#9531,#9532);
#9531 = CARTESIAN_POINT('',(0.,0.));
#9532 = VECTOR('',#9533,1.);
#9533 = DIRECTION('',(0.,-1.));
#9534 = ( GEOMETRIC_REPRESENTATION_CONTEXT(2) 
PARAMETRIC_REPRESENTATION_CONTEXT() REPRESENTATION_CONTEXT('2D SPACE',''
  ) );
#9535 = PCURVE('',#9421,#9536);
#9536 = DEFINITIONAL_REPRESENTATION('',(#9537),#9541);
#9537 = LINE('',#9538,#9539);
#9538 = CARTESIAN_POINT('',(44.,0.));
#9539 = VECTOR('',#9540,1.);
#9540 = DIRECTION('',(0.,1.));
#9541 = ( GEOMETRIC_REPRESENTATION_CONTEXT(2) 
PARAMETRIC_REPRESENTATION_CONTEXT() REPRESENTATION_CONTEXT('2D SPACE',''
  ) );
#9542 = ORIENTED_EDGE('',*,*,#9543,.T.);
#9543 = EDGE_CURVE('',#9521,#9544,#9546,.T.);
#9544 = VERTEX_POINT('',#9545);
#9545 = CARTESIAN_POINT('',(44.,347.,432.4));
#9546 = SURFACE_CURVE('',#9547,(#9551,#9558),.PCURVE_S1.);
#9547 = LINE('',#9548,#9549);
#9548 = CARTESIAN_POINT('',(44.,347.,0.));
#9549 = VECTOR('',#9550,1.);
#9550 = DIRECTION('',(0.,0.,1.));
#9551 = PCURVE('',#9501,#9552);
#9552 = DEFINITIONAL_REPRESENTATION('',(#9553),#9557);
#9553 = LINE('',#9554,#9555);
#9554 = CARTESIAN_POINT('',(0.,-347.));
#9555 = VECTOR('',#9556,1.);
#9556 = DIRECTION('',(1.,0.));
#9557 = ( GEOMETRIC_REPRESENTATION_CONTEXT(2) 
PARAMETRIC_REPRESENTATION_CONTEXT() REPRESENTATION_CONTEXT('2D SPACE',''
  ) );
#9558 = PCURVE('',#9449,#9559);
#9559 = DEFINITIONAL_REPRESENTATION('',(#9560),#9564);
#9560 = LINE('',#9561,#9562);
#9561 = CARTESIAN_POINT('',(0.,44.));
#9562 = VECTOR('',#9563,1.);
#9563 = DIRECTION('',(1.,0.));
#9564 = ( GEOMETRIC_REPRESENTATION_CONTEXT(2) 
PARAMETRIC_REPRESENTATION_CONTEXT() REPRESENTATION_CONTEXT('2D SPACE',''
  ) );
#9565 = ORIENTED_EDGE('',*,*,#9566,.F.);
#9566 = EDGE_CURVE('',#9493,#9544,#9567,.T.);
#9567 = SURFACE_CURVE('',#9568,(#9572,#9579),.PCURVE_S1.);
#9568 = LINE('',#9569,#9570);
#9569 = CARTESIAN_POINT('',(44.,0.,432.4));
#9570 = VECTOR('',#9571,1.);
#9571 = DIRECTION('',(-0.,1.,0.));
#9572 = PCURVE('',#9501,#9573);
#9573 = DEFINITIONAL_REPRESENTATION('',(#9574),#9578);
#9574 = LINE('',#9575,#9576);
#9575 = CARTESIAN_POINT('',(432.4,0.));
#9576 = VECTOR('',#9577,1.);
#9577 = DIRECTION('',(0.,-1.));
#9578 = ( GEOMETRIC_REPRESENTATION_CONTEXT(2) 
PARAMETRIC_REPRESENTATION_CONTEXT() REPRESENTATION_CONTEXT('2D SPACE',''
  ) );
#9579 = PCURVE('',#9475,#9580);
#9580 = DEFINITIONAL_REPRESENTATION('',(#9581),#9585);
#9581 = LINE('',#9582,#9583);
#9582 = CARTESIAN_POINT('',(44.,0.));
#9583 = VECTOR('',#9584,1.);
#9584 = DIRECTION('',(0.,1.));
#9585 = ( GEOMETRIC_REPRESENTATION_CONTEXT(2) 
PARAMETRIC_REPRESENTATION_CONTEXT() REPRESENTATION_CONTEXT('2D SPACE',''
  ) );
#9586 = ADVANCED_FACE('',(#9587),#9393,.F.);
#9587 = FACE_BOUND('',#9588,.F.);
#9588 = EDGE_LOOP('',(#9589,#9610,#9611,#9632));
#9589 = ORIENTED_EDGE('',*,*,#9590,.F.);
#9590 = EDGE_CURVE('',#9371,#9491,#9591,.T.);
#9591 = SURFACE_CURVE('',#9592,(#9596,#9603),.PCURVE_S1.);
#9592 = LINE('',#9593,#9594);
#9593 = CARTESIAN_POINT('',(0.,0.,0.));
#9594 = VECTOR('',#9595,1.);
#9595 = DIRECTION('',(1.,0.,-0.));
#9596 = PCURVE('',#9393,#9597);
#9597 = DEFINITIONAL_REPRESENTATION('',(#9598),#9602);
#9598 = LINE('',#9599,#9600);
#9599 = CARTESIAN_POINT('',(0.,0.));
#9600 = VECTOR('',#9601,1.);
#9601 = DIRECTION('',(0.,1.));
#9602 = ( GEOMETRIC_REPRESENTATION_CONTEXT(2) 
PARAMETRIC_REPRESENTATION_CONTEXT() REPRESENTATION_CONTEXT('2D SPACE',''
  ) );
#9603 = PCURVE('',#9421,#9604);
#9604 = DEFINITIONAL_REPRESENTATION('',(#9605),#9609);
#9605 = LINE('',#9606,#9607);
#9606 = CARTESIAN_POINT('',(0.,0.));
#9607 = VECTOR('',#9608,1.);
#9608 = DIRECTION('',(1.,0.));
#9609 = ( GEOMETRIC_REPRESENTATION_CONTEXT(2) 
PARAMETRIC_REPRESENTATION_CONTEXT() REPRESENTATION_CONTEXT('2D SPACE',''
  ) );
#9610 = ORIENTED_EDGE('',*,*,#9370,.T.);
#9611 = ORIENTED_EDGE('',*,*,#9612,.T.);
#9612 = EDGE_CURVE('',#9373,#9493,#9613,.T.);
#9613 = SURFACE_CURVE('',#9614,(#9618,#9625),.PCURVE_S1.);
#9614 = LINE('',#9615,#9616);
#9615 = CARTESIAN_POINT('',(0.,0.,432.4));
#9616 = VECTOR('',#9617,1.);
#9617 = DIRECTION('',(1.,0.,-0.));
#9618 = PCURVE('',#9393,#9619);
#9619 = DEFINITIONAL_REPRESENTATION('',(#9620),#9624);
#9620 = LINE('',#9621,#9622);
#9621 = CARTESIAN_POINT('',(432.4,0.));
#9622 = VECTOR('',#9623,1.);
#9623 = DIRECTION('',(0.,1.));
#9624 = ( GEOMETRIC_REPRESENTATION_CONTEXT(2) 
PARAMETRIC_REPRESENTATION_CONTEXT() REPRESENTATION_CONTEXT('2D SPACE',''
  ) );
#9625 = PCURVE('',#9475,#9626);
#9626 = DEFINITIONAL_REPRESENTATION('',(#9627),#9631);
#9627 = LINE('',#9628,#9629);
#9628 = CARTESIAN_POINT('',(0.,0.));
#9629 = VECTOR('',#9630,1.);
#9630 = DIRECTION('',(1.,0.));
#9631 = ( GEOMETRIC_REPRESENTATION_CONTEXT(2) 
PARAMETRIC_REPRESENTATION_CONTEXT() REPRESENTATION_CONTEXT('2D SPACE',''
  ) );
#9632 = ORIENTED_EDGE('',*,*,#9490,.F.);
#9633 = ADVANCED_FACE('',(#9634),#9449,.T.);
#9634 = FACE_BOUND('',#9635,.T.);
#9635 = EDGE_LOOP('',(#9636,#9657,#9658,#9679));
#9636 = ORIENTED_EDGE('',*,*,#9637,.F.);
#9637 = EDGE_CURVE('',#9406,#9521,#9638,.T.);
#9638 = SURFACE_CURVE('',#9639,(#9643,#9650),.PCURVE_S1.);
#9639 = LINE('',#9640,#9641);
#9640 = CARTESIAN_POINT('',(0.,347.,0.));
#9641 = VECTOR('',#9642,1.);
#9642 = DIRECTION('',(1.,0.,-0.));
#9643 = PCURVE('',#9449,#9644);
#9644 = DEFINITIONAL_REPRESENTATION('',(#9645),#9649);
#9645 = LINE('',#9646,#9647);
#9646 = CARTESIAN_POINT('',(0.,0.));
#9647 = VECTOR('',#9648,1.);
#9648 = DIRECTION('',(0.,1.));
#9649 = ( GEOMETRIC_REPRESENTATION_CONTEXT(2) 
PARAMETRIC_REPRESENTATION_CONTEXT() REPRESENTATION_CONTEXT('2D SPACE',''
  ) );
#9650 = PCURVE('',#9421,#9651);
#9651 = DEFINITIONAL_REPRESENTATION('',(#9652),#9656);
#9652 = LINE('',#9653,#9654);
#9653 = CARTESIAN_POINT('',(0.,347.));
#9654 = VECTOR('',#9655,1.);
#9655 = DIRECTION('',(1.,0.));
#9656 = ( GEOMETRIC_REPRESENTATION_CONTEXT(2) 
PARAMETRIC_REPRESENTATION_CONTEXT() REPRESENTATION_CONTEXT('2D SPACE',''
  ) );
#9657 = ORIENTED_EDGE('',*,*,#9433,.T.);
#9658 = ORIENTED_EDGE('',*,*,#9659,.T.);
#9659 = EDGE_CURVE('',#9434,#9544,#9660,.T.);
#9660 = SURFACE_CURVE('',#9661,(#9665,#9672),.PCURVE_S1.);
#9661 = LINE('',#9662,#9663);
#9662 = CARTESIAN_POINT('',(0.,347.,432.4));
#9663 = VECTOR('',#9664,1.);
#9664 = DIRECTION('',(1.,0.,-0.));
#9665 = PCURVE('',#9449,#9666);
#9666 = DEFINITIONAL_REPRESENTATION('',(#9667),#9671);
#9667 = LINE('',#9668,#9669);
#9668 = CARTESIAN_POINT('',(432.4,0.));
#9669 = VECTOR('',#9670,1.);
#9670 = DIRECTION('',(0.,1.));
#9671 = ( GEOMETRIC_REPRESENTATION_CONTEXT(2) 
PARAMETRIC_REPRESENTATION_CONTEXT() REPRESENTATION_CONTEXT('2D SPACE',''
  ) );
#9672 = PCURVE('',#9475,#9673);
#9673 = DEFINITIONAL_REPRESENTATION('',(#9674),#9678);
#9674 = LINE('',#9675,#9676);
#9675 = CARTESIAN_POINT('',(0.,347.));
#9676 = VECTOR('',#9677,1.);
#9677 = DIRECTION('',(1.,0.));
#9678 = ( GEOMETRIC_REPRESENTATION_CONTEXT(2) 
PARAMETRIC_REPRESENTATION_CONTEXT() REPRESENTATION_CONTEXT('2D SPACE',''
  ) );
#9679 = ORIENTED_EDGE('',*,*,#9543,.F.);
#9680 = ADVANCED_FACE('',(#9681),#9421,.F.);
#9681 = FACE_BOUND('',#9682,.F.);
#9682 = EDGE_LOOP('',(#9683,#9684,#9685,#9686));
#9683 = ORIENTED_EDGE('',*,*,#9405,.F.);
#9684 = ORIENTED_EDGE('',*,*,#9590,.T.);
#9685 = ORIENTED_EDGE('',*,*,#9520,.T.);
#9686 = ORIENTED_EDGE('',*,*,#9637,.F.);
#9687 = ADVANCED_FACE('',(#9688),#9475,.T.);
#9688 = FACE_BOUND('',#9689,.T.);
#9689 = EDGE_LOOP('',(#9690,#9691,#9692,#9693));
#9690 = ORIENTED_EDGE('',*,*,#9461,.F.);
#9691 = ORIENTED_EDGE('',*,*,#9612,.T.);
#9692 = ORIENTED_EDGE('',*,*,#9566,.T.);
#9693 = ORIENTED_EDGE('',*,*,#9659,.F.);
#9694 = ( GEOMETRIC_REPRESENTATION_CONTEXT(3) 
GLOBAL_UNCERTAINTY_ASSIGNED_CONTEXT((#9698)) 
GLOBAL_UNIT_ASSIGNED_CONTEXT((#9695,#9696,#9697)) REPRESENTATION_CONTEXT
('Context #1','3D Context with UNIT and UNCERTAINTY') );
#9695 = ( LENGTH_UNIT() NAMED_UNIT(*) SI_UNIT(.MILLI.,.METRE.) );
#9696 = ( NAMED_UNIT(*) PLANE_ANGLE_UNIT() SI_UNIT($,.RADIAN.) );
#9697 = ( NAMED_UNIT(*) SI_UNIT($,.STERADIAN.) SOLID_ANGLE_UNIT() );
#9698 = UNCERTAINTY_MEASURE_WITH_UNIT(LENGTH_MEASURE(1.E-07),#9695,
  'distance_accuracy_value','confusion accuracy');
#9699 = CONTEXT_DEPENDENT_SHAPE_REPRESENTATION(#9700,#9702);
#9700 = ( REPRESENTATION_RELATIONSHIP('','',#9363,#9340) 
REPRESENTATION_RELATIONSHIP_WITH_TRANSFORMATION(#9701) 
SHAPE_REPRESENTATION_RELATIONSHIP() );
#9701 = ITEM_DEFINED_TRANSFORMATION('','',#11,#9341);
#9702 = PRODUCT_DEFINITION_SHAPE('Placement','Placement of an item',
  #9703);
#9703 = NEXT_ASSEMBLY_USAGE_OCCURRENCE('129','=>[0:1:1:67]','',#9335,
  #9358,$);
#9704 = PRODUCT_RELATED_PRODUCT_CATEGORY('part',$,(#9360));
#9705 = SHAPE_DEFINITION_REPRESENTATION(#9706,#9712);
#9706 = PRODUCT_DEFINITION_SHAPE('','',#9707);
#9707 = PRODUCT_DEFINITION('design','',#9708,#9711);
#9708 = PRODUCT_DEFINITION_FORMATION('','',#9709);
#9709 = PRODUCT('left_rear_covered_wheel_spoke_04',
  'left_rear_covered_wheel_spoke_04','',(#9710));
#9710 = PRODUCT_CONTEXT('',#2,'mechanical');
#9711 = PRODUCT_DEFINITION_CONTEXT('part definition',#2,'design');
#9712 = SHAPE_REPRESENTATION('',(#11,#9713),#9717);
#9713 = AXIS2_PLACEMENT_3D('',#9714,#9715,#9716);
#9714 = CARTESIAN_POINT('',(-22.,-173.5,-216.2));
#9715 = DIRECTION('',(0.,0.,1.));
#9716 = DIRECTION('',(1.,0.,0.));
#9717 = ( GEOMETRIC_REPRESENTATION_CONTEXT(3) 
GLOBAL_UNCERTAINTY_ASSIGNED_CONTEXT((#9721)) 
GLOBAL_UNIT_ASSIGNED_CONTEXT((#9718,#9719,#9720)) REPRESENTATION_CONTEXT
('Context #1','3D Context with UNIT and UNCERTAINTY') );
#9718 = ( LENGTH_UNIT() NAMED_UNIT(*) SI_UNIT(.MILLI.,.METRE.) );
#9719 = ( NAMED_UNIT(*) PLANE_ANGLE_UNIT() SI_UNIT($,.RADIAN.) );
#9720 = ( NAMED_UNIT(*) SI_UNIT($,.STERADIAN.) SOLID_ANGLE_UNIT() );
#9721 = UNCERTAINTY_MEASURE_WITH_UNIT(LENGTH_MEASURE(1.E-07),#9718,
  'distance_accuracy_value','confusion accuracy');
#9722 = CONTEXT_DEPENDENT_SHAPE_REPRESENTATION(#9723,#9725);
#9723 = ( REPRESENTATION_RELATIONSHIP('','',#9712,#10) 
REPRESENTATION_RELATIONSHIP_WITH_TRANSFORMATION(#9724) 
SHAPE_REPRESENTATION_RELATIONSHIP() );
#9724 = ITEM_DEFINED_TRANSFORMATION('','',#11,#147);
#9725 = PRODUCT_DEFINITION_SHAPE('Placement','Placement of an item',
  #9726);
#9726 = NEXT_ASSEMBLY_USAGE_OCCURRENCE('132','=>[0:1:1:68]','',#5,#9707,
  $);
#9727 = PRODUCT_RELATED_PRODUCT_CATEGORY('part',$,(#9709));
#9728 = SHAPE_DEFINITION_REPRESENTATION(#9729,#9735);
#9729 = PRODUCT_DEFINITION_SHAPE('','',#9730);
#9730 = PRODUCT_DEFINITION('design','',#9731,#9734);
#9731 = PRODUCT_DEFINITION_FORMATION('','',#9732);
#9732 = PRODUCT('SOLID','SOLID','',(#9733));
#9733 = PRODUCT_CONTEXT('',#2,'mechanical');
#9734 = PRODUCT_DEFINITION_CONTEXT('part definition',#2,'design');
#9735 = ADVANCED_BREP_SHAPE_REPRESENTATION('',(#11,#9736),#10066);
#9736 = MANIFOLD_SOLID_BREP('',#9737);
#9737 = CLOSED_SHELL('',(#9738,#9858,#9958,#10005,#10052,#10059));
#9738 = ADVANCED_FACE('',(#9739),#9753,.F.);
#9739 = FACE_BOUND('',#9740,.F.);
#9740 = EDGE_LOOP('',(#9741,#9776,#9804,#9832));
#9741 = ORIENTED_EDGE('',*,*,#9742,.F.);
#9742 = EDGE_CURVE('',#9743,#9745,#9747,.T.);
#9743 = VERTEX_POINT('',#9744);
#9744 = CARTESIAN_POINT('',(0.,0.,0.));
#9745 = VERTEX_POINT('',#9746);
#9746 = CARTESIAN_POINT('',(0.,0.,432.4));
#9747 = SURFACE_CURVE('',#9748,(#9752,#9764),.PCURVE_S1.);
#9748 = LINE('',#9749,#9750);
#9749 = CARTESIAN_POINT('',(0.,0.,0.));
#9750 = VECTOR('',#9751,1.);
#9751 = DIRECTION('',(0.,0.,1.));
#9752 = PCURVE('',#9753,#9758);
#9753 = PLANE('',#9754);
#9754 = AXIS2_PLACEMENT_3D('',#9755,#9756,#9757);
#9755 = CARTESIAN_POINT('',(0.,0.,0.));
#9756 = DIRECTION('',(1.,0.,-0.));
#9757 = DIRECTION('',(0.,0.,1.));
#9758 = DEFINITIONAL_REPRESENTATION('',(#9759),#9763);
#9759 = LINE('',#9760,#9761);
#9760 = CARTESIAN_POINT('',(0.,0.));
#9761 = VECTOR('',#9762,1.);
#9762 = DIRECTION('',(1.,0.));
#9763 = ( GEOMETRIC_REPRESENTATION_CONTEXT(2) 
PARAMETRIC_REPRESENTATION_CONTEXT() REPRESENTATION_CONTEXT('2D SPACE',''
  ) );
#9764 = PCURVE('',#9765,#9770);
#9765 = PLANE('',#9766);
#9766 = AXIS2_PLACEMENT_3D('',#9767,#9768,#9769);
#9767 = CARTESIAN_POINT('',(0.,0.,0.));
#9768 = DIRECTION('',(-0.,1.,0.));
#9769 = DIRECTION('',(0.,0.,1.));
#9770 = DEFINITIONAL_REPRESENTATION('',(#9771),#9775);
#9771 = LINE('',#9772,#9773);
#9772 = CARTESIAN_POINT('',(0.,0.));
#9773 = VECTOR('',#9774,1.);
#9774 = DIRECTION('',(1.,0.));
#9775 = ( GEOMETRIC_REPRESENTATION_CONTEXT(2) 
PARAMETRIC_REPRESENTATION_CONTEXT() REPRESENTATION_CONTEXT('2D SPACE',''
  ) );
#9776 = ORIENTED_EDGE('',*,*,#9777,.T.);
#9777 = EDGE_CURVE('',#9743,#9778,#9780,.T.);
#9778 = VERTEX_POINT('',#9779);
#9779 = CARTESIAN_POINT('',(0.,347.,0.));
#9780 = SURFACE_CURVE('',#9781,(#9785,#9792),.PCURVE_S1.);
#9781 = LINE('',#9782,#9783);
#9782 = CARTESIAN_POINT('',(0.,0.,0.));
#9783 = VECTOR('',#9784,1.);
#9784 = DIRECTION('',(-0.,1.,0.));
#9785 = PCURVE('',#9753,#9786);
#9786 = DEFINITIONAL_REPRESENTATION('',(#9787),#9791);
#9787 = LINE('',#9788,#9789);
#9788 = CARTESIAN_POINT('',(0.,0.));
#9789 = VECTOR('',#9790,1.);
#9790 = DIRECTION('',(0.,-1.));
#9791 = ( GEOMETRIC_REPRESENTATION_CONTEXT(2) 
PARAMETRIC_REPRESENTATION_CONTEXT() REPRESENTATION_CONTEXT('2D SPACE',''
  ) );
#9792 = PCURVE('',#9793,#9798);
#9793 = PLANE('',#9794);
#9794 = AXIS2_PLACEMENT_3D('',#9795,#9796,#9797);
#9795 = CARTESIAN_POINT('',(0.,0.,0.));
#9796 = DIRECTION('',(0.,0.,1.));
#9797 = DIRECTION('',(1.,0.,-0.));
#9798 = DEFINITIONAL_REPRESENTATION('',(#9799),#9803);
#9799 = LINE('',#9800,#9801);
#9800 = CARTESIAN_POINT('',(0.,0.));
#9801 = VECTOR('',#9802,1.);
#9802 = DIRECTION('',(0.,1.));
#9803 = ( GEOMETRIC_REPRESENTATION_CONTEXT(2) 
PARAMETRIC_REPRESENTATION_CONTEXT() REPRESENTATION_CONTEXT('2D SPACE',''
  ) );
#9804 = ORIENTED_EDGE('',*,*,#9805,.T.);
#9805 = EDGE_CURVE('',#9778,#9806,#9808,.T.);
#9806 = VERTEX_POINT('',#9807);
#9807 = CARTESIAN_POINT('',(0.,347.,432.4));
#9808 = SURFACE_CURVE('',#9809,(#9813,#9820),.PCURVE_S1.);
#9809 = LINE('',#9810,#9811);
#9810 = CARTESIAN_POINT('',(0.,347.,0.));
#9811 = VECTOR('',#9812,1.);
#9812 = DIRECTION('',(0.,0.,1.));
#9813 = PCURVE('',#9753,#9814);
#9814 = DEFINITIONAL_REPRESENTATION('',(#9815),#9819);
#9815 = LINE('',#9816,#9817);
#9816 = CARTESIAN_POINT('',(0.,-347.));
#9817 = VECTOR('',#9818,1.);
#9818 = DIRECTION('',(1.,0.));
#9819 = ( GEOMETRIC_REPRESENTATION_CONTEXT(2) 
PARAMETRIC_REPRESENTATION_CONTEXT() REPRESENTATION_CONTEXT('2D SPACE',''
  ) );
#9820 = PCURVE('',#9821,#9826);
#9821 = PLANE('',#9822);
#9822 = AXIS2_PLACEMENT_3D('',#9823,#9824,#9825);
#9823 = CARTESIAN_POINT('',(0.,347.,0.));
#9824 = DIRECTION('',(-0.,1.,0.));
#9825 = DIRECTION('',(0.,0.,1.));
#9826 = DEFINITIONAL_REPRESENTATION('',(#9827),#9831);
#9827 = LINE('',#9828,#9829);
#9828 = CARTESIAN_POINT('',(0.,0.));
#9829 = VECTOR('',#9830,1.);
#9830 = DIRECTION('',(1.,0.));
#9831 = ( GEOMETRIC_REPRESENTATION_CONTEXT(2) 
PARAMETRIC_REPRESENTATION_CONTEXT() REPRESENTATION_CONTEXT('2D SPACE',''
  ) );
#9832 = ORIENTED_EDGE('',*,*,#9833,.F.);
#9833 = EDGE_CURVE('',#9745,#9806,#9834,.T.);
#9834 = SURFACE_CURVE('',#9835,(#9839,#9846),.PCURVE_S1.);
#9835 = LINE('',#9836,#9837);
#9836 = CARTESIAN_POINT('',(0.,0.,432.4));
#9837 = VECTOR('',#9838,1.);
#9838 = DIRECTION('',(-0.,1.,0.));
#9839 = PCURVE('',#9753,#9840);
#9840 = DEFINITIONAL_REPRESENTATION('',(#9841),#9845);
#9841 = LINE('',#9842,#9843);
#9842 = CARTESIAN_POINT('',(432.4,0.));
#9843 = VECTOR('',#9844,1.);
#9844 = DIRECTION('',(0.,-1.));
#9845 = ( GEOMETRIC_REPRESENTATION_CONTEXT(2) 
PARAMETRIC_REPRESENTATION_CONTEXT() REPRESENTATION_CONTEXT('2D SPACE',''
  ) );
#9846 = PCURVE('',#9847,#9852);
#9847 = PLANE('',#9848);
#9848 = AXIS2_PLACEMENT_3D('',#9849,#9850,#9851);
#9849 = CARTESIAN_POINT('',(0.,0.,432.4));
#9850 = DIRECTION('',(0.,0.,1.));
#9851 = DIRECTION('',(1.,0.,-0.));
#9852 = DEFINITIONAL_REPRESENTATION('',(#9853),#9857);
#9853 = LINE('',#9854,#9855);
#9854 = CARTESIAN_POINT('',(0.,0.));
#9855 = VECTOR('',#9856,1.);
#9856 = DIRECTION('',(0.,1.));
#9857 = ( GEOMETRIC_REPRESENTATION_CONTEXT(2) 
PARAMETRIC_REPRESENTATION_CONTEXT() REPRESENTATION_CONTEXT('2D SPACE',''
  ) );
#9858 = ADVANCED_FACE('',(#9859),#9873,.T.);
#9859 = FACE_BOUND('',#9860,.T.);
#9860 = EDGE_LOOP('',(#9861,#9891,#9914,#9937));
#9861 = ORIENTED_EDGE('',*,*,#9862,.F.);
#9862 = EDGE_CURVE('',#9863,#9865,#9867,.T.);
#9863 = VERTEX_POINT('',#9864);
#9864 = CARTESIAN_POINT('',(44.,0.,0.));
#9865 = VERTEX_POINT('',#9866);
#9866 = CARTESIAN_POINT('',(44.,0.,432.4));
#9867 = SURFACE_CURVE('',#9868,(#9872,#9884),.PCURVE_S1.);
#9868 = LINE('',#9869,#9870);
#9869 = CARTESIAN_POINT('',(44.,0.,0.));
#9870 = VECTOR('',#9871,1.);
#9871 = DIRECTION('',(0.,0.,1.));
#9872 = PCURVE('',#9873,#9878);
#9873 = PLANE('',#9874);
#9874 = AXIS2_PLACEMENT_3D('',#9875,#9876,#9877);
#9875 = CARTESIAN_POINT('',(44.,0.,0.));
#9876 = DIRECTION('',(1.,0.,-0.));
#9877 = DIRECTION('',(0.,0.,1.));
#9878 = DEFINITIONAL_REPRESENTATION('',(#9879),#9883);
#9879 = LINE('',#9880,#9881);
#9880 = CARTESIAN_POINT('',(0.,0.));
#9881 = VECTOR('',#9882,1.);
#9882 = DIRECTION('',(1.,0.));
#9883 = ( GEOMETRIC_REPRESENTATION_CONTEXT(2) 
PARAMETRIC_REPRESENTATION_CONTEXT() REPRESENTATION_CONTEXT('2D SPACE',''
  ) );
#9884 = PCURVE('',#9765,#9885);
#9885 = DEFINITIONAL_REPRESENTATION('',(#9886),#9890);
#9886 = LINE('',#9887,#9888);
#9887 = CARTESIAN_POINT('',(0.,44.));
#9888 = VECTOR('',#9889,1.);
#9889 = DIRECTION('',(1.,0.));
#9890 = ( GEOMETRIC_REPRESENTATION_CONTEXT(2) 
PARAMETRIC_REPRESENTATION_CONTEXT() REPRESENTATION_CONTEXT('2D SPACE',''
  ) );
#9891 = ORIENTED_EDGE('',*,*,#9892,.T.);
#9892 = EDGE_CURVE('',#9863,#9893,#9895,.T.);
#9893 = VERTEX_POINT('',#9894);
#9894 = CARTESIAN_POINT('',(44.,347.,0.));
#9895 = SURFACE_CURVE('',#9896,(#9900,#9907),.PCURVE_S1.);
#9896 = LINE('',#9897,#9898);
#9897 = CARTESIAN_POINT('',(44.,0.,0.));
#9898 = VECTOR('',#9899,1.);
#9899 = DIRECTION('',(-0.,1.,0.));
#9900 = PCURVE('',#9873,#9901);
#9901 = DEFINITIONAL_REPRESENTATION('',(#9902),#9906);
#9902 = LINE('',#9903,#9904);
#9903 = CARTESIAN_POINT('',(0.,0.));
#9904 = VECTOR('',#9905,1.);
#9905 = DIRECTION('',(0.,-1.));
#9906 = ( GEOMETRIC_REPRESENTATION_CONTEXT(2) 
PARAMETRIC_REPRESENTATION_CONTEXT() REPRESENTATION_CONTEXT('2D SPACE',''
  ) );
#9907 = PCURVE('',#9793,#9908);
#9908 = DEFINITIONAL_REPRESENTATION('',(#9909),#9913);
#9909 = LINE('',#9910,#9911);
#9910 = CARTESIAN_POINT('',(44.,0.));
#9911 = VECTOR('',#9912,1.);
#9912 = DIRECTION('',(0.,1.));
#9913 = ( GEOMETRIC_REPRESENTATION_CONTEXT(2) 
PARAMETRIC_REPRESENTATION_CONTEXT() REPRESENTATION_CONTEXT('2D SPACE',''
  ) );
#9914 = ORIENTED_EDGE('',*,*,#9915,.T.);
#9915 = EDGE_CURVE('',#9893,#9916,#9918,.T.);
#9916 = VERTEX_POINT('',#9917);
#9917 = CARTESIAN_POINT('',(44.,347.,432.4));
#9918 = SURFACE_CURVE('',#9919,(#9923,#9930),.PCURVE_S1.);
#9919 = LINE('',#9920,#9921);
#9920 = CARTESIAN_POINT('',(44.,347.,0.));
#9921 = VECTOR('',#9922,1.);
#9922 = DIRECTION('',(0.,0.,1.));
#9923 = PCURVE('',#9873,#9924);
#9924 = DEFINITIONAL_REPRESENTATION('',(#9925),#9929);
#9925 = LINE('',#9926,#9927);
#9926 = CARTESIAN_POINT('',(0.,-347.));
#9927 = VECTOR('',#9928,1.);
#9928 = DIRECTION('',(1.,0.));
#9929 = ( GEOMETRIC_REPRESENTATION_CONTEXT(2) 
PARAMETRIC_REPRESENTATION_CONTEXT() REPRESENTATION_CONTEXT('2D SPACE',''
  ) );
#9930 = PCURVE('',#9821,#9931);
#9931 = DEFINITIONAL_REPRESENTATION('',(#9932),#9936);
#9932 = LINE('',#9933,#9934);
#9933 = CARTESIAN_POINT('',(0.,44.));
#9934 = VECTOR('',#9935,1.);
#9935 = DIRECTION('',(1.,0.));
#9936 = ( GEOMETRIC_REPRESENTATION_CONTEXT(2) 
PARAMETRIC_REPRESENTATION_CONTEXT() REPRESENTATION_CONTEXT('2D SPACE',''
  ) );
#9937 = ORIENTED_EDGE('',*,*,#9938,.F.);
#9938 = EDGE_CURVE('',#9865,#9916,#9939,.T.);
#9939 = SURFACE_CURVE('',#9940,(#9944,#9951),.PCURVE_S1.);
#9940 = LINE('',#9941,#9942);
#9941 = CARTESIAN_POINT('',(44.,0.,432.4));
#9942 = VECTOR('',#9943,1.);
#9943 = DIRECTION('',(-0.,1.,0.));
#9944 = PCURVE('',#9873,#9945);
#9945 = DEFINITIONAL_REPRESENTATION('',(#9946),#9950);
#9946 = LINE('',#9947,#9948);
#9947 = CARTESIAN_POINT('',(432.4,0.));
#9948 = VECTOR('',#9949,1.);
#9949 = DIRECTION('',(0.,-1.));
#9950 = ( GEOMETRIC_REPRESENTATION_CONTEXT(2) 
PARAMETRIC_REPRESENTATION_CONTEXT() REPRESENTATION_CONTEXT('2D SPACE',''
  ) );
#9951 = PCURVE('',#9847,#9952);
#9952 = DEFINITIONAL_REPRESENTATION('',(#9953),#9957);
#9953 = LINE('',#9954,#9955);
#9954 = CARTESIAN_POINT('',(44.,0.));
#9955 = VECTOR('',#9956,1.);
#9956 = DIRECTION('',(0.,1.));
#9957 = ( GEOMETRIC_REPRESENTATION_CONTEXT(2) 
PARAMETRIC_REPRESENTATION_CONTEXT() REPRESENTATION_CONTEXT('2D SPACE',''
  ) );
#9958 = ADVANCED_FACE('',(#9959),#9765,.F.);
#9959 = FACE_BOUND('',#9960,.F.);
#9960 = EDGE_LOOP('',(#9961,#9982,#9983,#10004));
#9961 = ORIENTED_EDGE('',*,*,#9962,.F.);
#9962 = EDGE_CURVE('',#9743,#9863,#9963,.T.);
#9963 = SURFACE_CURVE('',#9964,(#9968,#9975),.PCURVE_S1.);
#9964 = LINE('',#9965,#9966);
#9965 = CARTESIAN_POINT('',(0.,0.,0.));
#9966 = VECTOR('',#9967,1.);
#9967 = DIRECTION('',(1.,0.,-0.));
#9968 = PCURVE('',#9765,#9969);
#9969 = DEFINITIONAL_REPRESENTATION('',(#9970),#9974);
#9970 = LINE('',#9971,#9972);
#9971 = CARTESIAN_POINT('',(0.,0.));
#9972 = VECTOR('',#9973,1.);
#9973 = DIRECTION('',(0.,1.));
#9974 = ( GEOMETRIC_REPRESENTATION_CONTEXT(2) 
PARAMETRIC_REPRESENTATION_CONTEXT() REPRESENTATION_CONTEXT('2D SPACE',''
  ) );
#9975 = PCURVE('',#9793,#9976);
#9976 = DEFINITIONAL_REPRESENTATION('',(#9977),#9981);
#9977 = LINE('',#9978,#9979);
#9978 = CARTESIAN_POINT('',(0.,0.));
#9979 = VECTOR('',#9980,1.);
#9980 = DIRECTION('',(1.,0.));
#9981 = ( GEOMETRIC_REPRESENTATION_CONTEXT(2) 
PARAMETRIC_REPRESENTATION_CONTEXT() REPRESENTATION_CONTEXT('2D SPACE',''
  ) );
#9982 = ORIENTED_EDGE('',*,*,#9742,.T.);
#9983 = ORIENTED_EDGE('',*,*,#9984,.T.);
#9984 = EDGE_CURVE('',#9745,#9865,#9985,.T.);
#9985 = SURFACE_CURVE('',#9986,(#9990,#9997),.PCURVE_S1.);
#9986 = LINE('',#9987,#9988);
#9987 = CARTESIAN_POINT('',(0.,0.,432.4));
#9988 = VECTOR('',#9989,1.);
#9989 = DIRECTION('',(1.,0.,-0.));
#9990 = PCURVE('',#9765,#9991);
#9991 = DEFINITIONAL_REPRESENTATION('',(#9992),#9996);
#9992 = LINE('',#9993,#9994);
#9993 = CARTESIAN_POINT('',(432.4,0.));
#9994 = VECTOR('',#9995,1.);
#9995 = DIRECTION('',(0.,1.));
#9996 = ( GEOMETRIC_REPRESENTATION_CONTEXT(2) 
PARAMETRIC_REPRESENTATION_CONTEXT() REPRESENTATION_CONTEXT('2D SPACE',''
  ) );
#9997 = PCURVE('',#9847,#9998);
#9998 = DEFINITIONAL_REPRESENTATION('',(#9999),#10003);
#9999 = LINE('',#10000,#10001);
#10000 = CARTESIAN_POINT('',(0.,0.));
#10001 = VECTOR('',#10002,1.);
#10002 = DIRECTION('',(1.,0.));
#10003 = ( GEOMETRIC_REPRESENTATION_CONTEXT(2) 
PARAMETRIC_REPRESENTATION_CONTEXT() REPRESENTATION_CONTEXT('2D SPACE',''
  ) );
#10004 = ORIENTED_EDGE('',*,*,#9862,.F.);
#10005 = ADVANCED_FACE('',(#10006),#9821,.T.);
#10006 = FACE_BOUND('',#10007,.T.);
#10007 = EDGE_LOOP('',(#10008,#10029,#10030,#10051));
#10008 = ORIENTED_EDGE('',*,*,#10009,.F.);
#10009 = EDGE_CURVE('',#9778,#9893,#10010,.T.);
#10010 = SURFACE_CURVE('',#10011,(#10015,#10022),.PCURVE_S1.);
#10011 = LINE('',#10012,#10013);
#10012 = CARTESIAN_POINT('',(0.,347.,0.));
#10013 = VECTOR('',#10014,1.);
#10014 = DIRECTION('',(1.,0.,-0.));
#10015 = PCURVE('',#9821,#10016);
#10016 = DEFINITIONAL_REPRESENTATION('',(#10017),#10021);
#10017 = LINE('',#10018,#10019);
#10018 = CARTESIAN_POINT('',(0.,0.));
#10019 = VECTOR('',#10020,1.);
#10020 = DIRECTION('',(0.,1.));
#10021 = ( GEOMETRIC_REPRESENTATION_CONTEXT(2) 
PARAMETRIC_REPRESENTATION_CONTEXT() REPRESENTATION_CONTEXT('2D SPACE',''
  ) );
#10022 = PCURVE('',#9793,#10023);
#10023 = DEFINITIONAL_REPRESENTATION('',(#10024),#10028);
#10024 = LINE('',#10025,#10026);
#10025 = CARTESIAN_POINT('',(0.,347.));
#10026 = VECTOR('',#10027,1.);
#10027 = DIRECTION('',(1.,0.));
#10028 = ( GEOMETRIC_REPRESENTATION_CONTEXT(2) 
PARAMETRIC_REPRESENTATION_CONTEXT() REPRESENTATION_CONTEXT('2D SPACE',''
  ) );
#10029 = ORIENTED_EDGE('',*,*,#9805,.T.);
#10030 = ORIENTED_EDGE('',*,*,#10031,.T.);
#10031 = EDGE_CURVE('',#9806,#9916,#10032,.T.);
#10032 = SURFACE_CURVE('',#10033,(#10037,#10044),.PCURVE_S1.);
#10033 = LINE('',#10034,#10035);
#10034 = CARTESIAN_POINT('',(0.,347.,432.4));
#10035 = VECTOR('',#10036,1.);
#10036 = DIRECTION('',(1.,0.,-0.));
#10037 = PCURVE('',#9821,#10038);
#10038 = DEFINITIONAL_REPRESENTATION('',(#10039),#10043);
#10039 = LINE('',#10040,#10041);
#10040 = CARTESIAN_POINT('',(432.4,0.));
#10041 = VECTOR('',#10042,1.);
#10042 = DIRECTION('',(0.,1.));
#10043 = ( GEOMETRIC_REPRESENTATION_CONTEXT(2) 
PARAMETRIC_REPRESENTATION_CONTEXT() REPRESENTATION_CONTEXT('2D SPACE',''
  ) );
#10044 = PCURVE('',#9847,#10045);
#10045 = DEFINITIONAL_REPRESENTATION('',(#10046),#10050);
#10046 = LINE('',#10047,#10048);
#10047 = CARTESIAN_POINT('',(0.,347.));
#10048 = VECTOR('',#10049,1.);
#10049 = DIRECTION('',(1.,0.));
#10050 = ( GEOMETRIC_REPRESENTATION_CONTEXT(2) 
PARAMETRIC_REPRESENTATION_CONTEXT() REPRESENTATION_CONTEXT('2D SPACE',''
  ) );
#10051 = ORIENTED_EDGE('',*,*,#9915,.F.);
#10052 = ADVANCED_FACE('',(#10053),#9793,.F.);
#10053 = FACE_BOUND('',#10054,.F.);
#10054 = EDGE_LOOP('',(#10055,#10056,#10057,#10058));
#10055 = ORIENTED_EDGE('',*,*,#9777,.F.);
#10056 = ORIENTED_EDGE('',*,*,#9962,.T.);
#10057 = ORIENTED_EDGE('',*,*,#9892,.T.);
#10058 = ORIENTED_EDGE('',*,*,#10009,.F.);
#10059 = ADVANCED_FACE('',(#10060),#9847,.T.);
#10060 = FACE_BOUND('',#10061,.T.);
#10061 = EDGE_LOOP('',(#10062,#10063,#10064,#10065));
#10062 = ORIENTED_EDGE('',*,*,#9833,.F.);
#10063 = ORIENTED_EDGE('',*,*,#9984,.T.);
#10064 = ORIENTED_EDGE('',*,*,#9938,.T.);
#10065 = ORIENTED_EDGE('',*,*,#10031,.F.);
#10066 = ( GEOMETRIC_REPRESENTATION_CONTEXT(3) 
GLOBAL_UNCERTAINTY_ASSIGNED_CONTEXT((#10070)) 
GLOBAL_UNIT_ASSIGNED_CONTEXT((#10067,#10068,#10069)) 
REPRESENTATION_CONTEXT('Context #1',
  '3D Context with UNIT and UNCERTAINTY') );
#10067 = ( LENGTH_UNIT() NAMED_UNIT(*) SI_UNIT(.MILLI.,.METRE.) );
#10068 = ( NAMED_UNIT(*) PLANE_ANGLE_UNIT() SI_UNIT($,.RADIAN.) );
#10069 = ( NAMED_UNIT(*) SI_UNIT($,.STERADIAN.) SOLID_ANGLE_UNIT() );
#10070 = UNCERTAINTY_MEASURE_WITH_UNIT(LENGTH_MEASURE(1.E-07),#10067,
  'distance_accuracy_value','confusion accuracy');
#10071 = CONTEXT_DEPENDENT_SHAPE_REPRESENTATION(#10072,#10074);
#10072 = ( REPRESENTATION_RELATIONSHIP('','',#9735,#9712) 
REPRESENTATION_RELATIONSHIP_WITH_TRANSFORMATION(#10073) 
SHAPE_REPRESENTATION_RELATIONSHIP() );
#10073 = ITEM_DEFINED_TRANSFORMATION('','',#11,#9713);
#10074 = PRODUCT_DEFINITION_SHAPE('Placement','Placement of an item',
  #10075);
#10075 = NEXT_ASSEMBLY_USAGE_OCCURRENCE('131','=>[0:1:1:69]','',#9707,
  #9730,$);
#10076 = PRODUCT_RELATED_PRODUCT_CATEGORY('part',$,(#9732));
#10077 = SHAPE_DEFINITION_REPRESENTATION(#10078,#10084);
#10078 = PRODUCT_DEFINITION_SHAPE('','',#10079);
#10079 = PRODUCT_DEFINITION('design','',#10080,#10083);
#10080 = PRODUCT_DEFINITION_FORMATION('','',#10081);
#10081 = PRODUCT('left_rear_covered_wheel_spoke_05',
  'left_rear_covered_wheel_spoke_05','',(#10082));
#10082 = PRODUCT_CONTEXT('',#2,'mechanical');
#10083 = PRODUCT_DEFINITION_CONTEXT('part definition',#2,'design');
#10084 = SHAPE_REPRESENTATION('',(#11,#10085),#10089);
#10085 = AXIS2_PLACEMENT_3D('',#10086,#10087,#10088);
#10086 = CARTESIAN_POINT('',(-22.,-173.5,-216.2));
#10087 = DIRECTION('',(0.,0.,1.));
#10088 = DIRECTION('',(1.,0.,0.));
#10089 = ( GEOMETRIC_REPRESENTATION_CONTEXT(3) 
GLOBAL_UNCERTAINTY_ASSIGNED_CONTEXT((#10093)) 
GLOBAL_UNIT_ASSIGNED_CONTEXT((#10090,#10091,#10092)) 
REPRESENTATION_CONTEXT('Context #1',
  '3D Context with UNIT and UNCERTAINTY') );
#10090 = ( LENGTH_UNIT() NAMED_UNIT(*) SI_UNIT(.MILLI.,.METRE.) );
#10091 = ( NAMED_UNIT(*) PLANE_ANGLE_UNIT() SI_UNIT($,.RADIAN.) );
#10092 = ( NAMED_UNIT(*) SI_UNIT($,.STERADIAN.) SOLID_ANGLE_UNIT() );
#10093 = UNCERTAINTY_MEASURE_WITH_UNIT(LENGTH_MEASURE(1.E-07),#10090,
  'distance_accuracy_value','confusion accuracy');
#10094 = CONTEXT_DEPENDENT_SHAPE_REPRESENTATION(#10095,#10097);
#10095 = ( REPRESENTATION_RELATIONSHIP('','',#10084,#10) 
REPRESENTATION_RELATIONSHIP_WITH_TRANSFORMATION(#10096) 
SHAPE_REPRESENTATION_RELATIONSHIP() );
#10096 = ITEM_DEFINED_TRANSFORMATION('','',#11,#151);
#10097 = PRODUCT_DEFINITION_SHAPE('Placement','Placement of an item',
  #10098);
#10098 = NEXT_ASSEMBLY_USAGE_OCCURRENCE('134','=>[0:1:1:70]','',#5,
  #10079,$);
#10099 = PRODUCT_RELATED_PRODUCT_CATEGORY('part',$,(#10081));
#10100 = SHAPE_DEFINITION_REPRESENTATION(#10101,#10107);
#10101 = PRODUCT_DEFINITION_SHAPE('','',#10102);
#10102 = PRODUCT_DEFINITION('design','',#10103,#10106);
#10103 = PRODUCT_DEFINITION_FORMATION('','',#10104);
#10104 = PRODUCT('SOLID','SOLID','',(#10105));
#10105 = PRODUCT_CONTEXT('',#2,'mechanical');
#10106 = PRODUCT_DEFINITION_CONTEXT('part definition',#2,'design');
#10107 = ADVANCED_BREP_SHAPE_REPRESENTATION('',(#11,#10108),#10438);
#10108 = MANIFOLD_SOLID_BREP('',#10109);
#10109 = CLOSED_SHELL('',(#10110,#10230,#10330,#10377,#10424,#10431));
#10110 = ADVANCED_FACE('',(#10111),#10125,.F.);
#10111 = FACE_BOUND('',#10112,.F.);
#10112 = EDGE_LOOP('',(#10113,#10148,#10176,#10204));
#10113 = ORIENTED_EDGE('',*,*,#10114,.F.);
#10114 = EDGE_CURVE('',#10115,#10117,#10119,.T.);
#10115 = VERTEX_POINT('',#10116);
#10116 = CARTESIAN_POINT('',(0.,0.,0.));
#10117 = VERTEX_POINT('',#10118);
#10118 = CARTESIAN_POINT('',(0.,0.,432.4));
#10119 = SURFACE_CURVE('',#10120,(#10124,#10136),.PCURVE_S1.);
#10120 = LINE('',#10121,#10122);
#10121 = CARTESIAN_POINT('',(0.,0.,0.));
#10122 = VECTOR('',#10123,1.);
#10123 = DIRECTION('',(0.,0.,1.));
#10124 = PCURVE('',#10125,#10130);
#10125 = PLANE('',#10126);
#10126 = AXIS2_PLACEMENT_3D('',#10127,#10128,#10129);
#10127 = CARTESIAN_POINT('',(0.,0.,0.));
#10128 = DIRECTION('',(1.,0.,-0.));
#10129 = DIRECTION('',(0.,0.,1.));
#10130 = DEFINITIONAL_REPRESENTATION('',(#10131),#10135);
#10131 = LINE('',#10132,#10133);
#10132 = CARTESIAN_POINT('',(0.,0.));
#10133 = VECTOR('',#10134,1.);
#10134 = DIRECTION('',(1.,0.));
#10135 = ( GEOMETRIC_REPRESENTATION_CONTEXT(2) 
PARAMETRIC_REPRESENTATION_CONTEXT() REPRESENTATION_CONTEXT('2D SPACE',''
  ) );
#10136 = PCURVE('',#10137,#10142);
#10137 = PLANE('',#10138);
#10138 = AXIS2_PLACEMENT_3D('',#10139,#10140,#10141);
#10139 = CARTESIAN_POINT('',(0.,0.,0.));
#10140 = DIRECTION('',(-0.,1.,0.));
#10141 = DIRECTION('',(0.,0.,1.));
#10142 = DEFINITIONAL_REPRESENTATION('',(#10143),#10147);
#10143 = LINE('',#10144,#10145);
#10144 = CARTESIAN_POINT('',(0.,0.));
#10145 = VECTOR('',#10146,1.);
#10146 = DIRECTION('',(1.,0.));
#10147 = ( GEOMETRIC_REPRESENTATION_CONTEXT(2) 
PARAMETRIC_REPRESENTATION_CONTEXT() REPRESENTATION_CONTEXT('2D SPACE',''
  ) );
#10148 = ORIENTED_EDGE('',*,*,#10149,.T.);
#10149 = EDGE_CURVE('',#10115,#10150,#10152,.T.);
#10150 = VERTEX_POINT('',#10151);
#10151 = CARTESIAN_POINT('',(0.,347.,0.));
#10152 = SURFACE_CURVE('',#10153,(#10157,#10164),.PCURVE_S1.);
#10153 = LINE('',#10154,#10155);
#10154 = CARTESIAN_POINT('',(0.,0.,0.));
#10155 = VECTOR('',#10156,1.);
#10156 = DIRECTION('',(-0.,1.,0.));
#10157 = PCURVE('',#10125,#10158);
#10158 = DEFINITIONAL_REPRESENTATION('',(#10159),#10163);
#10159 = LINE('',#10160,#10161);
#10160 = CARTESIAN_POINT('',(0.,0.));
#10161 = VECTOR('',#10162,1.);
#10162 = DIRECTION('',(0.,-1.));
#10163 = ( GEOMETRIC_REPRESENTATION_CONTEXT(2) 
PARAMETRIC_REPRESENTATION_CONTEXT() REPRESENTATION_CONTEXT('2D SPACE',''
  ) );
#10164 = PCURVE('',#10165,#10170);
#10165 = PLANE('',#10166);
#10166 = AXIS2_PLACEMENT_3D('',#10167,#10168,#10169);
#10167 = CARTESIAN_POINT('',(0.,0.,0.));
#10168 = DIRECTION('',(0.,0.,1.));
#10169 = DIRECTION('',(1.,0.,-0.));
#10170 = DEFINITIONAL_REPRESENTATION('',(#10171),#10175);
#10171 = LINE('',#10172,#10173);
#10172 = CARTESIAN_POINT('',(0.,0.));
#10173 = VECTOR('',#10174,1.);
#10174 = DIRECTION('',(0.,1.));
#10175 = ( GEOMETRIC_REPRESENTATION_CONTEXT(2) 
PARAMETRIC_REPRESENTATION_CONTEXT() REPRESENTATION_CONTEXT('2D SPACE',''
  ) );
#10176 = ORIENTED_EDGE('',*,*,#10177,.T.);
#10177 = EDGE_CURVE('',#10150,#10178,#10180,.T.);
#10178 = VERTEX_POINT('',#10179);
#10179 = CARTESIAN_POINT('',(0.,347.,432.4));
#10180 = SURFACE_CURVE('',#10181,(#10185,#10192),.PCURVE_S1.);
#10181 = LINE('',#10182,#10183);
#10182 = CARTESIAN_POINT('',(0.,347.,0.));
#10183 = VECTOR('',#10184,1.);
#10184 = DIRECTION('',(0.,0.,1.));
#10185 = PCURVE('',#10125,#10186);
#10186 = DEFINITIONAL_REPRESENTATION('',(#10187),#10191);
#10187 = LINE('',#10188,#10189);
#10188 = CARTESIAN_POINT('',(0.,-347.));
#10189 = VECTOR('',#10190,1.);
#10190 = DIRECTION('',(1.,0.));
#10191 = ( GEOMETRIC_REPRESENTATION_CONTEXT(2) 
PARAMETRIC_REPRESENTATION_CONTEXT() REPRESENTATION_CONTEXT('2D SPACE',''
  ) );
#10192 = PCURVE('',#10193,#10198);
#10193 = PLANE('',#10194);
#10194 = AXIS2_PLACEMENT_3D('',#10195,#10196,#10197);
#10195 = CARTESIAN_POINT('',(0.,347.,0.));
#10196 = DIRECTION('',(-0.,1.,0.));
#10197 = DIRECTION('',(0.,0.,1.));
#10198 = DEFINITIONAL_REPRESENTATION('',(#10199),#10203);
#10199 = LINE('',#10200,#10201);
#10200 = CARTESIAN_POINT('',(0.,0.));
#10201 = VECTOR('',#10202,1.);
#10202 = DIRECTION('',(1.,0.));
#10203 = ( GEOMETRIC_REPRESENTATION_CONTEXT(2) 
PARAMETRIC_REPRESENTATION_CONTEXT() REPRESENTATION_CONTEXT('2D SPACE',''
  ) );
#10204 = ORIENTED_EDGE('',*,*,#10205,.F.);
#10205 = EDGE_CURVE('',#10117,#10178,#10206,.T.);
#10206 = SURFACE_CURVE('',#10207,(#10211,#10218),.PCURVE_S1.);
#10207 = LINE('',#10208,#10209);
#10208 = CARTESIAN_POINT('',(0.,0.,432.4));
#10209 = VECTOR('',#10210,1.);
#10210 = DIRECTION('',(-0.,1.,0.));
#10211 = PCURVE('',#10125,#10212);
#10212 = DEFINITIONAL_REPRESENTATION('',(#10213),#10217);
#10213 = LINE('',#10214,#10215);
#10214 = CARTESIAN_POINT('',(432.4,0.));
#10215 = VECTOR('',#10216,1.);
#10216 = DIRECTION('',(0.,-1.));
#10217 = ( GEOMETRIC_REPRESENTATION_CONTEXT(2) 
PARAMETRIC_REPRESENTATION_CONTEXT() REPRESENTATION_CONTEXT('2D SPACE',''
  ) );
#10218 = PCURVE('',#10219,#10224);
#10219 = PLANE('',#10220);
#10220 = AXIS2_PLACEMENT_3D('',#10221,#10222,#10223);
#10221 = CARTESIAN_POINT('',(0.,0.,432.4));
#10222 = DIRECTION('',(0.,0.,1.));
#10223 = DIRECTION('',(1.,0.,-0.));
#10224 = DEFINITIONAL_REPRESENTATION('',(#10225),#10229);
#10225 = LINE('',#10226,#10227);
#10226 = CARTESIAN_POINT('',(0.,0.));
#10227 = VECTOR('',#10228,1.);
#10228 = DIRECTION('',(0.,1.));
#10229 = ( GEOMETRIC_REPRESENTATION_CONTEXT(2) 
PARAMETRIC_REPRESENTATION_CONTEXT() REPRESENTATION_CONTEXT('2D SPACE',''
  ) );
#10230 = ADVANCED_FACE('',(#10231),#10245,.T.);
#10231 = FACE_BOUND('',#10232,.T.);
#10232 = EDGE_LOOP('',(#10233,#10263,#10286,#10309));
#10233 = ORIENTED_EDGE('',*,*,#10234,.F.);
#10234 = EDGE_CURVE('',#10235,#10237,#10239,.T.);
#10235 = VERTEX_POINT('',#10236);
#10236 = CARTESIAN_POINT('',(44.,0.,0.));
#10237 = VERTEX_POINT('',#10238);
#10238 = CARTESIAN_POINT('',(44.,0.,432.4));
#10239 = SURFACE_CURVE('',#10240,(#10244,#10256),.PCURVE_S1.);
#10240 = LINE('',#10241,#10242);
#10241 = CARTESIAN_POINT('',(44.,0.,0.));
#10242 = VECTOR('',#10243,1.);
#10243 = DIRECTION('',(0.,0.,1.));
#10244 = PCURVE('',#10245,#10250);
#10245 = PLANE('',#10246);
#10246 = AXIS2_PLACEMENT_3D('',#10247,#10248,#10249);
#10247 = CARTESIAN_POINT('',(44.,0.,0.));
#10248 = DIRECTION('',(1.,0.,-0.));
#10249 = DIRECTION('',(0.,0.,1.));
#10250 = DEFINITIONAL_REPRESENTATION('',(#10251),#10255);
#10251 = LINE('',#10252,#10253);
#10252 = CARTESIAN_POINT('',(0.,0.));
#10253 = VECTOR('',#10254,1.);
#10254 = DIRECTION('',(1.,0.));
#10255 = ( GEOMETRIC_REPRESENTATION_CONTEXT(2) 
PARAMETRIC_REPRESENTATION_CONTEXT() REPRESENTATION_CONTEXT('2D SPACE',''
  ) );
#10256 = PCURVE('',#10137,#10257);
#10257 = DEFINITIONAL_REPRESENTATION('',(#10258),#10262);
#10258 = LINE('',#10259,#10260);
#10259 = CARTESIAN_POINT('',(0.,44.));
#10260 = VECTOR('',#10261,1.);
#10261 = DIRECTION('',(1.,0.));
#10262 = ( GEOMETRIC_REPRESENTATION_CONTEXT(2) 
PARAMETRIC_REPRESENTATION_CONTEXT() REPRESENTATION_CONTEXT('2D SPACE',''
  ) );
#10263 = ORIENTED_EDGE('',*,*,#10264,.T.);
#10264 = EDGE_CURVE('',#10235,#10265,#10267,.T.);
#10265 = VERTEX_POINT('',#10266);
#10266 = CARTESIAN_POINT('',(44.,347.,0.));
#10267 = SURFACE_CURVE('',#10268,(#10272,#10279),.PCURVE_S1.);
#10268 = LINE('',#10269,#10270);
#10269 = CARTESIAN_POINT('',(44.,0.,0.));
#10270 = VECTOR('',#10271,1.);
#10271 = DIRECTION('',(-0.,1.,0.));
#10272 = PCURVE('',#10245,#10273);
#10273 = DEFINITIONAL_REPRESENTATION('',(#10274),#10278);
#10274 = LINE('',#10275,#10276);
#10275 = CARTESIAN_POINT('',(0.,0.));
#10276 = VECTOR('',#10277,1.);
#10277 = DIRECTION('',(0.,-1.));
#10278 = ( GEOMETRIC_REPRESENTATION_CONTEXT(2) 
PARAMETRIC_REPRESENTATION_CONTEXT() REPRESENTATION_CONTEXT('2D SPACE',''
  ) );
#10279 = PCURVE('',#10165,#10280);
#10280 = DEFINITIONAL_REPRESENTATION('',(#10281),#10285);
#10281 = LINE('',#10282,#10283);
#10282 = CARTESIAN_POINT('',(44.,0.));
#10283 = VECTOR('',#10284,1.);
#10284 = DIRECTION('',(0.,1.));
#10285 = ( GEOMETRIC_REPRESENTATION_CONTEXT(2) 
PARAMETRIC_REPRESENTATION_CONTEXT() REPRESENTATION_CONTEXT('2D SPACE',''
  ) );
#10286 = ORIENTED_EDGE('',*,*,#10287,.T.);
#10287 = EDGE_CURVE('',#10265,#10288,#10290,.T.);
#10288 = VERTEX_POINT('',#10289);
#10289 = CARTESIAN_POINT('',(44.,347.,432.4));
#10290 = SURFACE_CURVE('',#10291,(#10295,#10302),.PCURVE_S1.);
#10291 = LINE('',#10292,#10293);
#10292 = CARTESIAN_POINT('',(44.,347.,0.));
#10293 = VECTOR('',#10294,1.);
#10294 = DIRECTION('',(0.,0.,1.));
#10295 = PCURVE('',#10245,#10296);
#10296 = DEFINITIONAL_REPRESENTATION('',(#10297),#10301);
#10297 = LINE('',#10298,#10299);
#10298 = CARTESIAN_POINT('',(0.,-347.));
#10299 = VECTOR('',#10300,1.);
#10300 = DIRECTION('',(1.,0.));
#10301 = ( GEOMETRIC_REPRESENTATION_CONTEXT(2) 
PARAMETRIC_REPRESENTATION_CONTEXT() REPRESENTATION_CONTEXT('2D SPACE',''
  ) );
#10302 = PCURVE('',#10193,#10303);
#10303 = DEFINITIONAL_REPRESENTATION('',(#10304),#10308);
#10304 = LINE('',#10305,#10306);
#10305 = CARTESIAN_POINT('',(0.,44.));
#10306 = VECTOR('',#10307,1.);
#10307 = DIRECTION('',(1.,0.));
#10308 = ( GEOMETRIC_REPRESENTATION_CONTEXT(2) 
PARAMETRIC_REPRESENTATION_CONTEXT() REPRESENTATION_CONTEXT('2D SPACE',''
  ) );
#10309 = ORIENTED_EDGE('',*,*,#10310,.F.);
#10310 = EDGE_CURVE('',#10237,#10288,#10311,.T.);
#10311 = SURFACE_CURVE('',#10312,(#10316,#10323),.PCURVE_S1.);
#10312 = LINE('',#10313,#10314);
#10313 = CARTESIAN_POINT('',(44.,0.,432.4));
#10314 = VECTOR('',#10315,1.);
#10315 = DIRECTION('',(-0.,1.,0.));
#10316 = PCURVE('',#10245,#10317);
#10317 = DEFINITIONAL_REPRESENTATION('',(#10318),#10322);
#10318 = LINE('',#10319,#10320);
#10319 = CARTESIAN_POINT('',(432.4,0.));
#10320 = VECTOR('',#10321,1.);
#10321 = DIRECTION('',(0.,-1.));
#10322 = ( GEOMETRIC_REPRESENTATION_CONTEXT(2) 
PARAMETRIC_REPRESENTATION_CONTEXT() REPRESENTATION_CONTEXT('2D SPACE',''
  ) );
#10323 = PCURVE('',#10219,#10324);
#10324 = DEFINITIONAL_REPRESENTATION('',(#10325),#10329);
#10325 = LINE('',#10326,#10327);
#10326 = CARTESIAN_POINT('',(44.,0.));
#10327 = VECTOR('',#10328,1.);
#10328 = DIRECTION('',(0.,1.));
#10329 = ( GEOMETRIC_REPRESENTATION_CONTEXT(2) 
PARAMETRIC_REPRESENTATION_CONTEXT() REPRESENTATION_CONTEXT('2D SPACE',''
  ) );
#10330 = ADVANCED_FACE('',(#10331),#10137,.F.);
#10331 = FACE_BOUND('',#10332,.F.);
#10332 = EDGE_LOOP('',(#10333,#10354,#10355,#10376));
#10333 = ORIENTED_EDGE('',*,*,#10334,.F.);
#10334 = EDGE_CURVE('',#10115,#10235,#10335,.T.);
#10335 = SURFACE_CURVE('',#10336,(#10340,#10347),.PCURVE_S1.);
#10336 = LINE('',#10337,#10338);
#10337 = CARTESIAN_POINT('',(0.,0.,0.));
#10338 = VECTOR('',#10339,1.);
#10339 = DIRECTION('',(1.,0.,-0.));
#10340 = PCURVE('',#10137,#10341);
#10341 = DEFINITIONAL_REPRESENTATION('',(#10342),#10346);
#10342 = LINE('',#10343,#10344);
#10343 = CARTESIAN_POINT('',(0.,0.));
#10344 = VECTOR('',#10345,1.);
#10345 = DIRECTION('',(0.,1.));
#10346 = ( GEOMETRIC_REPRESENTATION_CONTEXT(2) 
PARAMETRIC_REPRESENTATION_CONTEXT() REPRESENTATION_CONTEXT('2D SPACE',''
  ) );
#10347 = PCURVE('',#10165,#10348);
#10348 = DEFINITIONAL_REPRESENTATION('',(#10349),#10353);
#10349 = LINE('',#10350,#10351);
#10350 = CARTESIAN_POINT('',(0.,0.));
#10351 = VECTOR('',#10352,1.);
#10352 = DIRECTION('',(1.,0.));
#10353 = ( GEOMETRIC_REPRESENTATION_CONTEXT(2) 
PARAMETRIC_REPRESENTATION_CONTEXT() REPRESENTATION_CONTEXT('2D SPACE',''
  ) );
#10354 = ORIENTED_EDGE('',*,*,#10114,.T.);
#10355 = ORIENTED_EDGE('',*,*,#10356,.T.);
#10356 = EDGE_CURVE('',#10117,#10237,#10357,.T.);
#10357 = SURFACE_CURVE('',#10358,(#10362,#10369),.PCURVE_S1.);
#10358 = LINE('',#10359,#10360);
#10359 = CARTESIAN_POINT('',(0.,0.,432.4));
#10360 = VECTOR('',#10361,1.);
#10361 = DIRECTION('',(1.,0.,-0.));
#10362 = PCURVE('',#10137,#10363);
#10363 = DEFINITIONAL_REPRESENTATION('',(#10364),#10368);
#10364 = LINE('',#10365,#10366);
#10365 = CARTESIAN_POINT('',(432.4,0.));
#10366 = VECTOR('',#10367,1.);
#10367 = DIRECTION('',(0.,1.));
#10368 = ( GEOMETRIC_REPRESENTATION_CONTEXT(2) 
PARAMETRIC_REPRESENTATION_CONTEXT() REPRESENTATION_CONTEXT('2D SPACE',''
  ) );
#10369 = PCURVE('',#10219,#10370);
#10370 = DEFINITIONAL_REPRESENTATION('',(#10371),#10375);
#10371 = LINE('',#10372,#10373);
#10372 = CARTESIAN_POINT('',(0.,0.));
#10373 = VECTOR('',#10374,1.);
#10374 = DIRECTION('',(1.,0.));
#10375 = ( GEOMETRIC_REPRESENTATION_CONTEXT(2) 
PARAMETRIC_REPRESENTATION_CONTEXT() REPRESENTATION_CONTEXT('2D SPACE',''
  ) );
#10376 = ORIENTED_EDGE('',*,*,#10234,.F.);
#10377 = ADVANCED_FACE('',(#10378),#10193,.T.);
#10378 = FACE_BOUND('',#10379,.T.);
#10379 = EDGE_LOOP('',(#10380,#10401,#10402,#10423));
#10380 = ORIENTED_EDGE('',*,*,#10381,.F.);
#10381 = EDGE_CURVE('',#10150,#10265,#10382,.T.);
#10382 = SURFACE_CURVE('',#10383,(#10387,#10394),.PCURVE_S1.);
#10383 = LINE('',#10384,#10385);
#10384 = CARTESIAN_POINT('',(0.,347.,0.));
#10385 = VECTOR('',#10386,1.);
#10386 = DIRECTION('',(1.,0.,-0.));
#10387 = PCURVE('',#10193,#10388);
#10388 = DEFINITIONAL_REPRESENTATION('',(#10389),#10393);
#10389 = LINE('',#10390,#10391);
#10390 = CARTESIAN_POINT('',(0.,0.));
#10391 = VECTOR('',#10392,1.);
#10392 = DIRECTION('',(0.,1.));
#10393 = ( GEOMETRIC_REPRESENTATION_CONTEXT(2) 
PARAMETRIC_REPRESENTATION_CONTEXT() REPRESENTATION_CONTEXT('2D SPACE',''
  ) );
#10394 = PCURVE('',#10165,#10395);
#10395 = DEFINITIONAL_REPRESENTATION('',(#10396),#10400);
#10396 = LINE('',#10397,#10398);
#10397 = CARTESIAN_POINT('',(0.,347.));
#10398 = VECTOR('',#10399,1.);
#10399 = DIRECTION('',(1.,0.));
#10400 = ( GEOMETRIC_REPRESENTATION_CONTEXT(2) 
PARAMETRIC_REPRESENTATION_CONTEXT() REPRESENTATION_CONTEXT('2D SPACE',''
  ) );
#10401 = ORIENTED_EDGE('',*,*,#10177,.T.);
#10402 = ORIENTED_EDGE('',*,*,#10403,.T.);
#10403 = EDGE_CURVE('',#10178,#10288,#10404,.T.);
#10404 = SURFACE_CURVE('',#10405,(#10409,#10416),.PCURVE_S1.);
#10405 = LINE('',#10406,#10407);
#10406 = CARTESIAN_POINT('',(0.,347.,432.4));
#10407 = VECTOR('',#10408,1.);
#10408 = DIRECTION('',(1.,0.,-0.));
#10409 = PCURVE('',#10193,#10410);
#10410 = DEFINITIONAL_REPRESENTATION('',(#10411),#10415);
#10411 = LINE('',#10412,#10413);
#10412 = CARTESIAN_POINT('',(432.4,0.));
#10413 = VECTOR('',#10414,1.);
#10414 = DIRECTION('',(0.,1.));
#10415 = ( GEOMETRIC_REPRESENTATION_CONTEXT(2) 
PARAMETRIC_REPRESENTATION_CONTEXT() REPRESENTATION_CONTEXT('2D SPACE',''
  ) );
#10416 = PCURVE('',#10219,#10417);
#10417 = DEFINITIONAL_REPRESENTATION('',(#10418),#10422);
#10418 = LINE('',#10419,#10420);
#10419 = CARTESIAN_POINT('',(0.,347.));
#10420 = VECTOR('',#10421,1.);
#10421 = DIRECTION('',(1.,0.));
#10422 = ( GEOMETRIC_REPRESENTATION_CONTEXT(2) 
PARAMETRIC_REPRESENTATION_CONTEXT() REPRESENTATION_CONTEXT('2D SPACE',''
  ) );
#10423 = ORIENTED_EDGE('',*,*,#10287,.F.);
#10424 = ADVANCED_FACE('',(#10425),#10165,.F.);
#10425 = FACE_BOUND('',#10426,.F.);
#10426 = EDGE_LOOP('',(#10427,#10428,#10429,#10430));
#10427 = ORIENTED_EDGE('',*,*,#10149,.F.);
#10428 = ORIENTED_EDGE('',*,*,#10334,.T.);
#10429 = ORIENTED_EDGE('',*,*,#10264,.T.);
#10430 = ORIENTED_EDGE('',*,*,#10381,.F.);
#10431 = ADVANCED_FACE('',(#10432),#10219,.T.);
#10432 = FACE_BOUND('',#10433,.T.);
#10433 = EDGE_LOOP('',(#10434,#10435,#10436,#10437));
#10434 = ORIENTED_EDGE('',*,*,#10205,.F.);
#10435 = ORIENTED_EDGE('',*,*,#10356,.T.);
#10436 = ORIENTED_EDGE('',*,*,#10310,.T.);
#10437 = ORIENTED_EDGE('',*,*,#10403,.F.);
#10438 = ( GEOMETRIC_REPRESENTATION_CONTEXT(3) 
GLOBAL_UNCERTAINTY_ASSIGNED_CONTEXT((#10442)) 
GLOBAL_UNIT_ASSIGNED_CONTEXT((#10439,#10440,#10441)) 
REPRESENTATION_CONTEXT('Context #1',
  '3D Context with UNIT and UNCERTAINTY') );
#10439 = ( LENGTH_UNIT() NAMED_UNIT(*) SI_UNIT(.MILLI.,.METRE.) );
#10440 = ( NAMED_UNIT(*) PLANE_ANGLE_UNIT() SI_UNIT($,.RADIAN.) );
#10441 = ( NAMED_UNIT(*) SI_UNIT($,.STERADIAN.) SOLID_ANGLE_UNIT() );
#10442 = UNCERTAINTY_MEASURE_WITH_UNIT(LENGTH_MEASURE(1.E-07),#10439,
  'distance_accuracy_value','confusion accuracy');
#10443 = CONTEXT_DEPENDENT_SHAPE_REPRESENTATION(#10444,#10446);
#10444 = ( REPRESENTATION_RELATIONSHIP('','',#10107,#10084) 
REPRESENTATION_RELATIONSHIP_WITH_TRANSFORMATION(#10445) 
SHAPE_REPRESENTATION_RELATIONSHIP() );
#10445 = ITEM_DEFINED_TRANSFORMATION('','',#11,#10085);
#10446 = PRODUCT_DEFINITION_SHAPE('Placement','Placement of an item',
  #10447);
#10447 = NEXT_ASSEMBLY_USAGE_OCCURRENCE('133','=>[0:1:1:71]','',#10079,
  #10102,$);
#10448 = PRODUCT_RELATED_PRODUCT_CATEGORY('part',$,(#10104));
#10449 = SHAPE_DEFINITION_REPRESENTATION(#10450,#10456);
#10450 = PRODUCT_DEFINITION_SHAPE('','',#10451);
#10451 = PRODUCT_DEFINITION('design','',#10452,#10455);
#10452 = PRODUCT_DEFINITION_FORMATION('','',#10453);
#10453 = PRODUCT('left_rear_covered_wheel_spoke_06',
  'left_rear_covered_wheel_spoke_06','',(#10454));
#10454 = PRODUCT_CONTEXT('',#2,'mechanical');
#10455 = PRODUCT_DEFINITION_CONTEXT('part definition',#2,'design');
#10456 = SHAPE_REPRESENTATION('',(#11,#10457),#10461);
#10457 = AXIS2_PLACEMENT_3D('',#10458,#10459,#10460);
#10458 = CARTESIAN_POINT('',(-22.,-173.5,-216.2));
#10459 = DIRECTION('',(0.,0.,1.));
#10460 = DIRECTION('',(1.,0.,0.));
#10461 = ( GEOMETRIC_REPRESENTATION_CONTEXT(3) 
GLOBAL_UNCERTAINTY_ASSIGNED_CONTEXT((#10465)) 
GLOBAL_UNIT_ASSIGNED_CONTEXT((#10462,#10463,#10464)) 
REPRESENTATION_CONTEXT('Context #1',
  '3D Context with UNIT and UNCERTAINTY') );
#10462 = ( LENGTH_UNIT() NAMED_UNIT(*) SI_UNIT(.MILLI.,.METRE.) );
#10463 = ( NAMED_UNIT(*) PLANE_ANGLE_UNIT() SI_UNIT($,.RADIAN.) );
#10464 = ( NAMED_UNIT(*) SI_UNIT($,.STERADIAN.) SOLID_ANGLE_UNIT() );
#10465 = UNCERTAINTY_MEASURE_WITH_UNIT(LENGTH_MEASURE(1.E-07),#10462,
  'distance_accuracy_value','confusion accuracy');
#10466 = CONTEXT_DEPENDENT_SHAPE_REPRESENTATION(#10467,#10469);
#10467 = ( REPRESENTATION_RELATIONSHIP('','',#10456,#10) 
REPRESENTATION_RELATIONSHIP_WITH_TRANSFORMATION(#10468) 
SHAPE_REPRESENTATION_RELATIONSHIP() );
#10468 = ITEM_DEFINED_TRANSFORMATION('','',#11,#155);
#10469 = PRODUCT_DEFINITION_SHAPE('Placement','Placement of an item',
  #10470);
#10470 = NEXT_ASSEMBLY_USAGE_OCCURRENCE('136','=>[0:1:1:72]','',#5,
  #10451,$);
#10471 = PRODUCT_RELATED_PRODUCT_CATEGORY('part',$,(#10453));
#10472 = SHAPE_DEFINITION_REPRESENTATION(#10473,#10479);
#10473 = PRODUCT_DEFINITION_SHAPE('','',#10474);
#10474 = PRODUCT_DEFINITION('design','',#10475,#10478);
#10475 = PRODUCT_DEFINITION_FORMATION('','',#10476);
#10476 = PRODUCT('SOLID','SOLID','',(#10477));
#10477 = PRODUCT_CONTEXT('',#2,'mechanical');
#10478 = PRODUCT_DEFINITION_CONTEXT('part definition',#2,'design');
#10479 = ADVANCED_BREP_SHAPE_REPRESENTATION('',(#11,#10480),#10810);
#10480 = MANIFOLD_SOLID_BREP('',#10481);
#10481 = CLOSED_SHELL('',(#10482,#10602,#10702,#10749,#10796,#10803));
#10482 = ADVANCED_FACE('',(#10483),#10497,.F.);
#10483 = FACE_BOUND('',#10484,.F.);
#10484 = EDGE_LOOP('',(#10485,#10520,#10548,#10576));
#10485 = ORIENTED_EDGE('',*,*,#10486,.F.);
#10486 = EDGE_CURVE('',#10487,#10489,#10491,.T.);
#10487 = VERTEX_POINT('',#10488);
#10488 = CARTESIAN_POINT('',(0.,0.,0.));
#10489 = VERTEX_POINT('',#10490);
#10490 = CARTESIAN_POINT('',(0.,0.,432.4));
#10491 = SURFACE_CURVE('',#10492,(#10496,#10508),.PCURVE_S1.);
#10492 = LINE('',#10493,#10494);
#10493 = CARTESIAN_POINT('',(0.,0.,0.));
#10494 = VECTOR('',#10495,1.);
#10495 = DIRECTION('',(0.,0.,1.));
#10496 = PCURVE('',#10497,#10502);
#10497 = PLANE('',#10498);
#10498 = AXIS2_PLACEMENT_3D('',#10499,#10500,#10501);
#10499 = CARTESIAN_POINT('',(0.,0.,0.));
#10500 = DIRECTION('',(1.,0.,-0.));
#10501 = DIRECTION('',(0.,0.,1.));
#10502 = DEFINITIONAL_REPRESENTATION('',(#10503),#10507);
#10503 = LINE('',#10504,#10505);
#10504 = CARTESIAN_POINT('',(0.,0.));
#10505 = VECTOR('',#10506,1.);
#10506 = DIRECTION('',(1.,0.));
#10507 = ( GEOMETRIC_REPRESENTATION_CONTEXT(2) 
PARAMETRIC_REPRESENTATION_CONTEXT() REPRESENTATION_CONTEXT('2D SPACE',''
  ) );
#10508 = PCURVE('',#10509,#10514);
#10509 = PLANE('',#10510);
#10510 = AXIS2_PLACEMENT_3D('',#10511,#10512,#10513);
#10511 = CARTESIAN_POINT('',(0.,0.,0.));
#10512 = DIRECTION('',(-0.,1.,0.));
#10513 = DIRECTION('',(0.,0.,1.));
#10514 = DEFINITIONAL_REPRESENTATION('',(#10515),#10519);
#10515 = LINE('',#10516,#10517);
#10516 = CARTESIAN_POINT('',(0.,0.));
#10517 = VECTOR('',#10518,1.);
#10518 = DIRECTION('',(1.,0.));
#10519 = ( GEOMETRIC_REPRESENTATION_CONTEXT(2) 
PARAMETRIC_REPRESENTATION_CONTEXT() REPRESENTATION_CONTEXT('2D SPACE',''
  ) );
#10520 = ORIENTED_EDGE('',*,*,#10521,.T.);
#10521 = EDGE_CURVE('',#10487,#10522,#10524,.T.);
#10522 = VERTEX_POINT('',#10523);
#10523 = CARTESIAN_POINT('',(0.,347.,0.));
#10524 = SURFACE_CURVE('',#10525,(#10529,#10536),.PCURVE_S1.);
#10525 = LINE('',#10526,#10527);
#10526 = CARTESIAN_POINT('',(0.,0.,0.));
#10527 = VECTOR('',#10528,1.);
#10528 = DIRECTION('',(-0.,1.,0.));
#10529 = PCURVE('',#10497,#10530);
#10530 = DEFINITIONAL_REPRESENTATION('',(#10531),#10535);
#10531 = LINE('',#10532,#10533);
#10532 = CARTESIAN_POINT('',(0.,0.));
#10533 = VECTOR('',#10534,1.);
#10534 = DIRECTION('',(0.,-1.));
#10535 = ( GEOMETRIC_REPRESENTATION_CONTEXT(2) 
PARAMETRIC_REPRESENTATION_CONTEXT() REPRESENTATION_CONTEXT('2D SPACE',''
  ) );
#10536 = PCURVE('',#10537,#10542);
#10537 = PLANE('',#10538);
#10538 = AXIS2_PLACEMENT_3D('',#10539,#10540,#10541);
#10539 = CARTESIAN_POINT('',(0.,0.,0.));
#10540 = DIRECTION('',(0.,0.,1.));
#10541 = DIRECTION('',(1.,0.,-0.));
#10542 = DEFINITIONAL_REPRESENTATION('',(#10543),#10547);
#10543 = LINE('',#10544,#10545);
#10544 = CARTESIAN_POINT('',(0.,0.));
#10545 = VECTOR('',#10546,1.);
#10546 = DIRECTION('',(0.,1.));
#10547 = ( GEOMETRIC_REPRESENTATION_CONTEXT(2) 
PARAMETRIC_REPRESENTATION_CONTEXT() REPRESENTATION_CONTEXT('2D SPACE',''
  ) );
#10548 = ORIENTED_EDGE('',*,*,#10549,.T.);
#10549 = EDGE_CURVE('',#10522,#10550,#10552,.T.);
#10550 = VERTEX_POINT('',#10551);
#10551 = CARTESIAN_POINT('',(0.,347.,432.4));
#10552 = SURFACE_CURVE('',#10553,(#10557,#10564),.PCURVE_S1.);
#10553 = LINE('',#10554,#10555);
#10554 = CARTESIAN_POINT('',(0.,347.,0.));
#10555 = VECTOR('',#10556,1.);
#10556 = DIRECTION('',(0.,0.,1.));
#10557 = PCURVE('',#10497,#10558);
#10558 = DEFINITIONAL_REPRESENTATION('',(#10559),#10563);
#10559 = LINE('',#10560,#10561);
#10560 = CARTESIAN_POINT('',(0.,-347.));
#10561 = VECTOR('',#10562,1.);
#10562 = DIRECTION('',(1.,0.));
#10563 = ( GEOMETRIC_REPRESENTATION_CONTEXT(2) 
PARAMETRIC_REPRESENTATION_CONTEXT() REPRESENTATION_CONTEXT('2D SPACE',''
  ) );
#10564 = PCURVE('',#10565,#10570);
#10565 = PLANE('',#10566);
#10566 = AXIS2_PLACEMENT_3D('',#10567,#10568,#10569);
#10567 = CARTESIAN_POINT('',(0.,347.,0.));
#10568 = DIRECTION('',(-0.,1.,0.));
#10569 = DIRECTION('',(0.,0.,1.));
#10570 = DEFINITIONAL_REPRESENTATION('',(#10571),#10575);
#10571 = LINE('',#10572,#10573);
#10572 = CARTESIAN_POINT('',(0.,0.));
#10573 = VECTOR('',#10574,1.);
#10574 = DIRECTION('',(1.,0.));
#10575 = ( GEOMETRIC_REPRESENTATION_CONTEXT(2) 
PARAMETRIC_REPRESENTATION_CONTEXT() REPRESENTATION_CONTEXT('2D SPACE',''
  ) );
#10576 = ORIENTED_EDGE('',*,*,#10577,.F.);
#10577 = EDGE_CURVE('',#10489,#10550,#10578,.T.);
#10578 = SURFACE_CURVE('',#10579,(#10583,#10590),.PCURVE_S1.);
#10579 = LINE('',#10580,#10581);
#10580 = CARTESIAN_POINT('',(0.,0.,432.4));
#10581 = VECTOR('',#10582,1.);
#10582 = DIRECTION('',(-0.,1.,0.));
#10583 = PCURVE('',#10497,#10584);
#10584 = DEFINITIONAL_REPRESENTATION('',(#10585),#10589);
#10585 = LINE('',#10586,#10587);
#10586 = CARTESIAN_POINT('',(432.4,0.));
#10587 = VECTOR('',#10588,1.);
#10588 = DIRECTION('',(0.,-1.));
#10589 = ( GEOMETRIC_REPRESENTATION_CONTEXT(2) 
PARAMETRIC_REPRESENTATION_CONTEXT() REPRESENTATION_CONTEXT('2D SPACE',''
  ) );
#10590 = PCURVE('',#10591,#10596);
#10591 = PLANE('',#10592);
#10592 = AXIS2_PLACEMENT_3D('',#10593,#10594,#10595);
#10593 = CARTESIAN_POINT('',(0.,0.,432.4));
#10594 = DIRECTION('',(0.,0.,1.));
#10595 = DIRECTION('',(1.,0.,-0.));
#10596 = DEFINITIONAL_REPRESENTATION('',(#10597),#10601);
#10597 = LINE('',#10598,#10599);
#10598 = CARTESIAN_POINT('',(0.,0.));
#10599 = VECTOR('',#10600,1.);
#10600 = DIRECTION('',(0.,1.));
#10601 = ( GEOMETRIC_REPRESENTATION_CONTEXT(2) 
PARAMETRIC_REPRESENTATION_CONTEXT() REPRESENTATION_CONTEXT('2D SPACE',''
  ) );
#10602 = ADVANCED_FACE('',(#10603),#10617,.T.);
#10603 = FACE_BOUND('',#10604,.T.);
#10604 = EDGE_LOOP('',(#10605,#10635,#10658,#10681));
#10605 = ORIENTED_EDGE('',*,*,#10606,.F.);
#10606 = EDGE_CURVE('',#10607,#10609,#10611,.T.);
#10607 = VERTEX_POINT('',#10608);
#10608 = CARTESIAN_POINT('',(44.,0.,0.));
#10609 = VERTEX_POINT('',#10610);
#10610 = CARTESIAN_POINT('',(44.,0.,432.4));
#10611 = SURFACE_CURVE('',#10612,(#10616,#10628),.PCURVE_S1.);
#10612 = LINE('',#10613,#10614);
#10613 = CARTESIAN_POINT('',(44.,0.,0.));
#10614 = VECTOR('',#10615,1.);
#10615 = DIRECTION('',(0.,0.,1.));
#10616 = PCURVE('',#10617,#10622);
#10617 = PLANE('',#10618);
#10618 = AXIS2_PLACEMENT_3D('',#10619,#10620,#10621);
#10619 = CARTESIAN_POINT('',(44.,0.,0.));
#10620 = DIRECTION('',(1.,0.,-0.));
#10621 = DIRECTION('',(0.,0.,1.));
#10622 = DEFINITIONAL_REPRESENTATION('',(#10623),#10627);
#10623 = LINE('',#10624,#10625);
#10624 = CARTESIAN_POINT('',(0.,0.));
#10625 = VECTOR('',#10626,1.);
#10626 = DIRECTION('',(1.,0.));
#10627 = ( GEOMETRIC_REPRESENTATION_CONTEXT(2) 
PARAMETRIC_REPRESENTATION_CONTEXT() REPRESENTATION_CONTEXT('2D SPACE',''
  ) );
#10628 = PCURVE('',#10509,#10629);
#10629 = DEFINITIONAL_REPRESENTATION('',(#10630),#10634);
#10630 = LINE('',#10631,#10632);
#10631 = CARTESIAN_POINT('',(0.,44.));
#10632 = VECTOR('',#10633,1.);
#10633 = DIRECTION('',(1.,0.));
#10634 = ( GEOMETRIC_REPRESENTATION_CONTEXT(2) 
PARAMETRIC_REPRESENTATION_CONTEXT() REPRESENTATION_CONTEXT('2D SPACE',''
  ) );
#10635 = ORIENTED_EDGE('',*,*,#10636,.T.);
#10636 = EDGE_CURVE('',#10607,#10637,#10639,.T.);
#10637 = VERTEX_POINT('',#10638);
#10638 = CARTESIAN_POINT('',(44.,347.,0.));
#10639 = SURFACE_CURVE('',#10640,(#10644,#10651),.PCURVE_S1.);
#10640 = LINE('',#10641,#10642);
#10641 = CARTESIAN_POINT('',(44.,0.,0.));
#10642 = VECTOR('',#10643,1.);
#10643 = DIRECTION('',(-0.,1.,0.));
#10644 = PCURVE('',#10617,#10645);
#10645 = DEFINITIONAL_REPRESENTATION('',(#10646),#10650);
#10646 = LINE('',#10647,#10648);
#10647 = CARTESIAN_POINT('',(0.,0.));
#10648 = VECTOR('',#10649,1.);
#10649 = DIRECTION('',(0.,-1.));
#10650 = ( GEOMETRIC_REPRESENTATION_CONTEXT(2) 
PARAMETRIC_REPRESENTATION_CONTEXT() REPRESENTATION_CONTEXT('2D SPACE',''
  ) );
#10651 = PCURVE('',#10537,#10652);
#10652 = DEFINITIONAL_REPRESENTATION('',(#10653),#10657);
#10653 = LINE('',#10654,#10655);
#10654 = CARTESIAN_POINT('',(44.,0.));
#10655 = VECTOR('',#10656,1.);
#10656 = DIRECTION('',(0.,1.));
#10657 = ( GEOMETRIC_REPRESENTATION_CONTEXT(2) 
PARAMETRIC_REPRESENTATION_CONTEXT() REPRESENTATION_CONTEXT('2D SPACE',''
  ) );
#10658 = ORIENTED_EDGE('',*,*,#10659,.T.);
#10659 = EDGE_CURVE('',#10637,#10660,#10662,.T.);
#10660 = VERTEX_POINT('',#10661);
#10661 = CARTESIAN_POINT('',(44.,347.,432.4));
#10662 = SURFACE_CURVE('',#10663,(#10667,#10674),.PCURVE_S1.);
#10663 = LINE('',#10664,#10665);
#10664 = CARTESIAN_POINT('',(44.,347.,0.));
#10665 = VECTOR('',#10666,1.);
#10666 = DIRECTION('',(0.,0.,1.));
#10667 = PCURVE('',#10617,#10668);
#10668 = DEFINITIONAL_REPRESENTATION('',(#10669),#10673);
#10669 = LINE('',#10670,#10671);
#10670 = CARTESIAN_POINT('',(0.,-347.));
#10671 = VECTOR('',#10672,1.);
#10672 = DIRECTION('',(1.,0.));
#10673 = ( GEOMETRIC_REPRESENTATION_CONTEXT(2) 
PARAMETRIC_REPRESENTATION_CONTEXT() REPRESENTATION_CONTEXT('2D SPACE',''
  ) );
#10674 = PCURVE('',#10565,#10675);
#10675 = DEFINITIONAL_REPRESENTATION('',(#10676),#10680);
#10676 = LINE('',#10677,#10678);
#10677 = CARTESIAN_POINT('',(0.,44.));
#10678 = VECTOR('',#10679,1.);
#10679 = DIRECTION('',(1.,0.));
#10680 = ( GEOMETRIC_REPRESENTATION_CONTEXT(2) 
PARAMETRIC_REPRESENTATION_CONTEXT() REPRESENTATION_CONTEXT('2D SPACE',''
  ) );
#10681 = ORIENTED_EDGE('',*,*,#10682,.F.);
#10682 = EDGE_CURVE('',#10609,#10660,#10683,.T.);
#10683 = SURFACE_CURVE('',#10684,(#10688,#10695),.PCURVE_S1.);
#10684 = LINE('',#10685,#10686);
#10685 = CARTESIAN_POINT('',(44.,0.,432.4));
#10686 = VECTOR('',#10687,1.);
#10687 = DIRECTION('',(-0.,1.,0.));
#10688 = PCURVE('',#10617,#10689);
#10689 = DEFINITIONAL_REPRESENTATION('',(#10690),#10694);
#10690 = LINE('',#10691,#10692);
#10691 = CARTESIAN_POINT('',(432.4,0.));
#10692 = VECTOR('',#10693,1.);
#10693 = DIRECTION('',(0.,-1.));
#10694 = ( GEOMETRIC_REPRESENTATION_CONTEXT(2) 
PARAMETRIC_REPRESENTATION_CONTEXT() REPRESENTATION_CONTEXT('2D SPACE',''
  ) );
#10695 = PCURVE('',#10591,#10696);
#10696 = DEFINITIONAL_REPRESENTATION('',(#10697),#10701);
#10697 = LINE('',#10698,#10699);
#10698 = CARTESIAN_POINT('',(44.,0.));
#10699 = VECTOR('',#10700,1.);
#10700 = DIRECTION('',(0.,1.));
#10701 = ( GEOMETRIC_REPRESENTATION_CONTEXT(2) 
PARAMETRIC_REPRESENTATION_CONTEXT() REPRESENTATION_CONTEXT('2D SPACE',''
  ) );
#10702 = ADVANCED_FACE('',(#10703),#10509,.F.);
#10703 = FACE_BOUND('',#10704,.F.);
#10704 = EDGE_LOOP('',(#10705,#10726,#10727,#10748));
#10705 = ORIENTED_EDGE('',*,*,#10706,.F.);
#10706 = EDGE_CURVE('',#10487,#10607,#10707,.T.);
#10707 = SURFACE_CURVE('',#10708,(#10712,#10719),.PCURVE_S1.);
#10708 = LINE('',#10709,#10710);
#10709 = CARTESIAN_POINT('',(0.,0.,0.));
#10710 = VECTOR('',#10711,1.);
#10711 = DIRECTION('',(1.,0.,-0.));
#10712 = PCURVE('',#10509,#10713);
#10713 = DEFINITIONAL_REPRESENTATION('',(#10714),#10718);
#10714 = LINE('',#10715,#10716);
#10715 = CARTESIAN_POINT('',(0.,0.));
#10716 = VECTOR('',#10717,1.);
#10717 = DIRECTION('',(0.,1.));
#10718 = ( GEOMETRIC_REPRESENTATION_CONTEXT(2) 
PARAMETRIC_REPRESENTATION_CONTEXT() REPRESENTATION_CONTEXT('2D SPACE',''
  ) );
#10719 = PCURVE('',#10537,#10720);
#10720 = DEFINITIONAL_REPRESENTATION('',(#10721),#10725);
#10721 = LINE('',#10722,#10723);
#10722 = CARTESIAN_POINT('',(0.,0.));
#10723 = VECTOR('',#10724,1.);
#10724 = DIRECTION('',(1.,0.));
#10725 = ( GEOMETRIC_REPRESENTATION_CONTEXT(2) 
PARAMETRIC_REPRESENTATION_CONTEXT() REPRESENTATION_CONTEXT('2D SPACE',''
  ) );
#10726 = ORIENTED_EDGE('',*,*,#10486,.T.);
#10727 = ORIENTED_EDGE('',*,*,#10728,.T.);
#10728 = EDGE_CURVE('',#10489,#10609,#10729,.T.);
#10729 = SURFACE_CURVE('',#10730,(#10734,#10741),.PCURVE_S1.);
#10730 = LINE('',#10731,#10732);
#10731 = CARTESIAN_POINT('',(0.,0.,432.4));
#10732 = VECTOR('',#10733,1.);
#10733 = DIRECTION('',(1.,0.,-0.));
#10734 = PCURVE('',#10509,#10735);
#10735 = DEFINITIONAL_REPRESENTATION('',(#10736),#10740);
#10736 = LINE('',#10737,#10738);
#10737 = CARTESIAN_POINT('',(432.4,0.));
#10738 = VECTOR('',#10739,1.);
#10739 = DIRECTION('',(0.,1.));
#10740 = ( GEOMETRIC_REPRESENTATION_CONTEXT(2) 
PARAMETRIC_REPRESENTATION_CONTEXT() REPRESENTATION_CONTEXT('2D SPACE',''
  ) );
#10741 = PCURVE('',#10591,#10742);
#10742 = DEFINITIONAL_REPRESENTATION('',(#10743),#10747);
#10743 = LINE('',#10744,#10745);
#10744 = CARTESIAN_POINT('',(0.,0.));
#10745 = VECTOR('',#10746,1.);
#10746 = DIRECTION('',(1.,0.));
#10747 = ( GEOMETRIC_REPRESENTATION_CONTEXT(2) 
PARAMETRIC_REPRESENTATION_CONTEXT() REPRESENTATION_CONTEXT('2D SPACE',''
  ) );
#10748 = ORIENTED_EDGE('',*,*,#10606,.F.);
#10749 = ADVANCED_FACE('',(#10750),#10565,.T.);
#10750 = FACE_BOUND('',#10751,.T.);
#10751 = EDGE_LOOP('',(#10752,#10773,#10774,#10795));
#10752 = ORIENTED_EDGE('',*,*,#10753,.F.);
#10753 = EDGE_CURVE('',#10522,#10637,#10754,.T.);
#10754 = SURFACE_CURVE('',#10755,(#10759,#10766),.PCURVE_S1.);
#10755 = LINE('',#10756,#10757);
#10756 = CARTESIAN_POINT('',(0.,347.,0.));
#10757 = VECTOR('',#10758,1.);
#10758 = DIRECTION('',(1.,0.,-0.));
#10759 = PCURVE('',#10565,#10760);
#10760 = DEFINITIONAL_REPRESENTATION('',(#10761),#10765);
#10761 = LINE('',#10762,#10763);
#10762 = CARTESIAN_POINT('',(0.,0.));
#10763 = VECTOR('',#10764,1.);
#10764 = DIRECTION('',(0.,1.));
#10765 = ( GEOMETRIC_REPRESENTATION_CONTEXT(2) 
PARAMETRIC_REPRESENTATION_CONTEXT() REPRESENTATION_CONTEXT('2D SPACE',''
  ) );
#10766 = PCURVE('',#10537,#10767);
#10767 = DEFINITIONAL_REPRESENTATION('',(#10768),#10772);
#10768 = LINE('',#10769,#10770);
#10769 = CARTESIAN_POINT('',(0.,347.));
#10770 = VECTOR('',#10771,1.);
#10771 = DIRECTION('',(1.,0.));
#10772 = ( GEOMETRIC_REPRESENTATION_CONTEXT(2) 
PARAMETRIC_REPRESENTATION_CONTEXT() REPRESENTATION_CONTEXT('2D SPACE',''
  ) );
#10773 = ORIENTED_EDGE('',*,*,#10549,.T.);
#10774 = ORIENTED_EDGE('',*,*,#10775,.T.);
#10775 = EDGE_CURVE('',#10550,#10660,#10776,.T.);
#10776 = SURFACE_CURVE('',#10777,(#10781,#10788),.PCURVE_S1.);
#10777 = LINE('',#10778,#10779);
#10778 = CARTESIAN_POINT('',(0.,347.,432.4));
#10779 = VECTOR('',#10780,1.);
#10780 = DIRECTION('',(1.,0.,-0.));
#10781 = PCURVE('',#10565,#10782);
#10782 = DEFINITIONAL_REPRESENTATION('',(#10783),#10787);
#10783 = LINE('',#10784,#10785);
#10784 = CARTESIAN_POINT('',(432.4,0.));
#10785 = VECTOR('',#10786,1.);
#10786 = DIRECTION('',(0.,1.));
#10787 = ( GEOMETRIC_REPRESENTATION_CONTEXT(2) 
PARAMETRIC_REPRESENTATION_CONTEXT() REPRESENTATION_CONTEXT('2D SPACE',''
  ) );
#10788 = PCURVE('',#10591,#10789);
#10789 = DEFINITIONAL_REPRESENTATION('',(#10790),#10794);
#10790 = LINE('',#10791,#10792);
#10791 = CARTESIAN_POINT('',(0.,347.));
#10792 = VECTOR('',#10793,1.);
#10793 = DIRECTION('',(1.,0.));
#10794 = ( GEOMETRIC_REPRESENTATION_CONTEXT(2) 
PARAMETRIC_REPRESENTATION_CONTEXT() REPRESENTATION_CONTEXT('2D SPACE',''
  ) );
#10795 = ORIENTED_EDGE('',*,*,#10659,.F.);
#10796 = ADVANCED_FACE('',(#10797),#10537,.F.);
#10797 = FACE_BOUND('',#10798,.F.);
#10798 = EDGE_LOOP('',(#10799,#10800,#10801,#10802));
#10799 = ORIENTED_EDGE('',*,*,#10521,.F.);
#10800 = ORIENTED_EDGE('',*,*,#10706,.T.);
#10801 = ORIENTED_EDGE('',*,*,#10636,.T.);
#10802 = ORIENTED_EDGE('',*,*,#10753,.F.);
#10803 = ADVANCED_FACE('',(#10804),#10591,.T.);
#10804 = FACE_BOUND('',#10805,.T.);
#10805 = EDGE_LOOP('',(#10806,#10807,#10808,#10809));
#10806 = ORIENTED_EDGE('',*,*,#10577,.F.);
#10807 = ORIENTED_EDGE('',*,*,#10728,.T.);
#10808 = ORIENTED_EDGE('',*,*,#10682,.T.);
#10809 = ORIENTED_EDGE('',*,*,#10775,.F.);
#10810 = ( GEOMETRIC_REPRESENTATION_CONTEXT(3) 
GLOBAL_UNCERTAINTY_ASSIGNED_CONTEXT((#10814)) 
GLOBAL_UNIT_ASSIGNED_CONTEXT((#10811,#10812,#10813)) 
REPRESENTATION_CONTEXT('Context #1',
  '3D Context with UNIT and UNCERTAINTY') );
#10811 = ( LENGTH_UNIT() NAMED_UNIT(*) SI_UNIT(.MILLI.,.METRE.) );
#10812 = ( NAMED_UNIT(*) PLANE_ANGLE_UNIT() SI_UNIT($,.RADIAN.) );
#10813 = ( NAMED_UNIT(*) SI_UNIT($,.STERADIAN.) SOLID_ANGLE_UNIT() );
#10814 = UNCERTAINTY_MEASURE_WITH_UNIT(LENGTH_MEASURE(1.E-07),#10811,
  'distance_accuracy_value','confusion accuracy');
#10815 = CONTEXT_DEPENDENT_SHAPE_REPRESENTATION(#10816,#10818);
#10816 = ( REPRESENTATION_RELATIONSHIP('','',#10479,#10456) 
REPRESENTATION_RELATIONSHIP_WITH_TRANSFORMATION(#10817) 
SHAPE_REPRESENTATION_RELATIONSHIP() );
#10817 = ITEM_DEFINED_TRANSFORMATION('','',#11,#10457);
#10818 = PRODUCT_DEFINITION_SHAPE('Placement','Placement of an item',
  #10819);
#10819 = NEXT_ASSEMBLY_USAGE_OCCURRENCE('135','=>[0:1:1:73]','',#10451,
  #10474,$);
#10820 = PRODUCT_RELATED_PRODUCT_CATEGORY('part',$,(#10476));
#10821 = SHAPE_DEFINITION_REPRESENTATION(#10822,#10828);
#10822 = PRODUCT_DEFINITION_SHAPE('','',#10823);
#10823 = PRODUCT_DEFINITION('design','',#10824,#10827);
#10824 = PRODUCT_DEFINITION_FORMATION('','',#10825);
#10825 = PRODUCT('right_rear_large_low_rolling_resistance_tire',
  'right_rear_large_low_rolling_resistance_tire','',(#10826));
#10826 = PRODUCT_CONTEXT('',#2,'mechanical');
#10827 = PRODUCT_DEFINITION_CONTEXT('part definition',#2,'design');
#10828 = SHAPE_REPRESENTATION('',(#11,#10829),#10833);
#10829 = AXIS2_PLACEMENT_3D('',#10830,#10831,#10832);
#10830 = CARTESIAN_POINT('',(0.,0.,-157.5));
#10831 = DIRECTION('',(0.,0.,1.));
#10832 = DIRECTION('',(1.,0.,0.));
#10833 = ( GEOMETRIC_REPRESENTATION_CONTEXT(3) 
GLOBAL_UNCERTAINTY_ASSIGNED_CONTEXT((#10837)) 
GLOBAL_UNIT_ASSIGNED_CONTEXT((#10834,#10835,#10836)) 
REPRESENTATION_CONTEXT('Context #1',
  '3D Context with UNIT and UNCERTAINTY') );
#10834 = ( LENGTH_UNIT() NAMED_UNIT(*) SI_UNIT(.MILLI.,.METRE.) );
#10835 = ( NAMED_UNIT(*) PLANE_ANGLE_UNIT() SI_UNIT($,.RADIAN.) );
#10836 = ( NAMED_UNIT(*) SI_UNIT($,.STERADIAN.) SOLID_ANGLE_UNIT() );
#10837 = UNCERTAINTY_MEASURE_WITH_UNIT(LENGTH_MEASURE(1.E-07),#10834,
  'distance_accuracy_value','confusion accuracy');
#10838 = CONTEXT_DEPENDENT_SHAPE_REPRESENTATION(#10839,#10841);
#10839 = ( REPRESENTATION_RELATIONSHIP('','',#10828,#10) 
REPRESENTATION_RELATIONSHIP_WITH_TRANSFORMATION(#10840) 
SHAPE_REPRESENTATION_RELATIONSHIP() );
#10840 = ITEM_DEFINED_TRANSFORMATION('','',#11,#159);
#10841 = PRODUCT_DEFINITION_SHAPE('Placement','Placement of an item',
  #10842);
#10842 = NEXT_ASSEMBLY_USAGE_OCCURRENCE('138','=>[0:1:1:74]','',#5,
  #10823,$);
#10843 = PRODUCT_RELATED_PRODUCT_CATEGORY('part',$,(#10825));
#10844 = SHAPE_DEFINITION_REPRESENTATION(#10845,#10851);
#10845 = PRODUCT_DEFINITION_SHAPE('','',#10846);
#10846 = PRODUCT_DEFINITION('design','',#10847,#10850);
#10847 = PRODUCT_DEFINITION_FORMATION('','',#10848);
#10848 = PRODUCT('SOLID','SOLID','',(#10849));
#10849 = PRODUCT_CONTEXT('',#2,'mechanical');
#10850 = PRODUCT_DEFINITION_CONTEXT('part definition',#2,'design');
#10851 = ADVANCED_BREP_SHAPE_REPRESENTATION('',(#11,#10852),#10950);
#10852 = MANIFOLD_SOLID_BREP('',#10853);
#10853 = CLOSED_SHELL('',(#10854,#10942,#10946));
#10854 = ADVANCED_FACE('',(#10855),#10868,.T.);
#10855 = FACE_BOUND('',#10856,.T.);
#10856 = EDGE_LOOP('',(#10857,#10891,#10914,#10941));
#10857 = ORIENTED_EDGE('',*,*,#10858,.F.);
#10858 = EDGE_CURVE('',#10859,#10859,#10861,.T.);
#10859 = VERTEX_POINT('',#10860);
#10860 = CARTESIAN_POINT('',(460.,-1.126675055216E-13,315.));
#10861 = SURFACE_CURVE('',#10862,(#10867,#10879),.PCURVE_S1.);
#10862 = CIRCLE('',#10863,460.);
#10863 = AXIS2_PLACEMENT_3D('',#10864,#10865,#10866);
#10864 = CARTESIAN_POINT('',(0.,0.,315.));
#10865 = DIRECTION('',(0.,0.,1.));
#10866 = DIRECTION('',(1.,0.,-0.));
#10867 = PCURVE('',#10868,#10873);
#10868 = CYLINDRICAL_SURFACE('',#10869,460.);
#10869 = AXIS2_PLACEMENT_3D('',#10870,#10871,#10872);
#10870 = CARTESIAN_POINT('',(0.,0.,0.));
#10871 = DIRECTION('',(0.,0.,1.));
#10872 = DIRECTION('',(1.,0.,-0.));
#10873 = DEFINITIONAL_REPRESENTATION('',(#10874),#10878);
#10874 = LINE('',#10875,#10876);
#10875 = CARTESIAN_POINT('',(0.,315.));
#10876 = VECTOR('',#10877,1.);
#10877 = DIRECTION('',(1.,0.));
#10878 = ( GEOMETRIC_REPRESENTATION_CONTEXT(2) 
PARAMETRIC_REPRESENTATION_CONTEXT() REPRESENTATION_CONTEXT('2D SPACE',''
  ) );
#10879 = PCURVE('',#10880,#10885);
#10880 = PLANE('',#10881);
#10881 = AXIS2_PLACEMENT_3D('',#10882,#10883,#10884);
#10882 = CARTESIAN_POINT('',(0.,0.,315.));
#10883 = DIRECTION('',(0.,0.,1.));
#10884 = DIRECTION('',(1.,0.,-0.));
#10885 = DEFINITIONAL_REPRESENTATION('',(#10886),#10890);
#10886 = CIRCLE('',#10887,460.);
#10887 = AXIS2_PLACEMENT_2D('',#10888,#10889);
#10888 = CARTESIAN_POINT('',(0.,0.));
#10889 = DIRECTION('',(1.,0.));
#10890 = ( GEOMETRIC_REPRESENTATION_CONTEXT(2) 
PARAMETRIC_REPRESENTATION_CONTEXT() REPRESENTATION_CONTEXT('2D SPACE',''
  ) );
#10891 = ORIENTED_EDGE('',*,*,#10892,.F.);
#10892 = EDGE_CURVE('',#10893,#10859,#10895,.T.);
#10893 = VERTEX_POINT('',#10894);
#10894 = CARTESIAN_POINT('',(460.,-1.126675055216E-13,0.));
#10895 = SEAM_CURVE('',#10896,(#10900,#10907),.PCURVE_S1.);
#10896 = LINE('',#10897,#10898);
#10897 = CARTESIAN_POINT('',(460.,-1.126675055216E-13,0.));
#10898 = VECTOR('',#10899,1.);
#10899 = DIRECTION('',(0.,0.,1.));
#10900 = PCURVE('',#10868,#10901);
#10901 = DEFINITIONAL_REPRESENTATION('',(#10902),#10906);
#10902 = LINE('',#10903,#10904);
#10903 = CARTESIAN_POINT('',(6.28318530718,-0.));
#10904 = VECTOR('',#10905,1.);
#10905 = DIRECTION('',(0.,1.));
#10906 = ( GEOMETRIC_REPRESENTATION_CONTEXT(2) 
PARAMETRIC_REPRESENTATION_CONTEXT() REPRESENTATION_CONTEXT('2D SPACE',''
  ) );
#10907 = PCURVE('',#10868,#10908);
#10908 = DEFINITIONAL_REPRESENTATION('',(#10909),#10913);
#10909 = LINE('',#10910,#10911);
#10910 = CARTESIAN_POINT('',(0.,-0.));
#10911 = VECTOR('',#10912,1.);
#10912 = DIRECTION('',(0.,1.));
#10913 = ( GEOMETRIC_REPRESENTATION_CONTEXT(2) 
PARAMETRIC_REPRESENTATION_CONTEXT() REPRESENTATION_CONTEXT('2D SPACE',''
  ) );
#10914 = ORIENTED_EDGE('',*,*,#10915,.T.);
#10915 = EDGE_CURVE('',#10893,#10893,#10916,.T.);
#10916 = SURFACE_CURVE('',#10917,(#10922,#10929),.PCURVE_S1.);
#10917 = CIRCLE('',#10918,460.);
#10918 = AXIS2_PLACEMENT_3D('',#10919,#10920,#10921);
#10919 = CARTESIAN_POINT('',(0.,0.,0.));
#10920 = DIRECTION('',(0.,0.,1.));
#10921 = DIRECTION('',(1.,0.,-0.));
#10922 = PCURVE('',#10868,#10923);
#10923 = DEFINITIONAL_REPRESENTATION('',(#10924),#10928);
#10924 = LINE('',#10925,#10926);
#10925 = CARTESIAN_POINT('',(0.,0.));
#10926 = VECTOR('',#10927,1.);
#10927 = DIRECTION('',(1.,0.));
#10928 = ( GEOMETRIC_REPRESENTATION_CONTEXT(2) 
PARAMETRIC_REPRESENTATION_CONTEXT() REPRESENTATION_CONTEXT('2D SPACE',''
  ) );
#10929 = PCURVE('',#10930,#10935);
#10930 = PLANE('',#10931);
#10931 = AXIS2_PLACEMENT_3D('',#10932,#10933,#10934);
#10932 = CARTESIAN_POINT('',(0.,0.,0.));
#10933 = DIRECTION('',(0.,0.,1.));
#10934 = DIRECTION('',(1.,0.,-0.));
#10935 = DEFINITIONAL_REPRESENTATION('',(#10936),#10940);
#10936 = CIRCLE('',#10937,460.);
#10937 = AXIS2_PLACEMENT_2D('',#10938,#10939);
#10938 = CARTESIAN_POINT('',(0.,0.));
#10939 = DIRECTION('',(1.,0.));
#10940 = ( GEOMETRIC_REPRESENTATION_CONTEXT(2) 
PARAMETRIC_REPRESENTATION_CONTEXT() REPRESENTATION_CONTEXT('2D SPACE',''
  ) );
#10941 = ORIENTED_EDGE('',*,*,#10892,.T.);
#10942 = ADVANCED_FACE('',(#10943),#10880,.T.);
#10943 = FACE_BOUND('',#10944,.T.);
#10944 = EDGE_LOOP('',(#10945));
#10945 = ORIENTED_EDGE('',*,*,#10858,.T.);
#10946 = ADVANCED_FACE('',(#10947),#10930,.F.);
#10947 = FACE_BOUND('',#10948,.T.);
#10948 = EDGE_LOOP('',(#10949));
#10949 = ORIENTED_EDGE('',*,*,#10915,.F.);
#10950 = ( GEOMETRIC_REPRESENTATION_CONTEXT(3) 
GLOBAL_UNCERTAINTY_ASSIGNED_CONTEXT((#10954)) 
GLOBAL_UNIT_ASSIGNED_CONTEXT((#10951,#10952,#10953)) 
REPRESENTATION_CONTEXT('Context #1',
  '3D Context with UNIT and UNCERTAINTY') );
#10951 = ( LENGTH_UNIT() NAMED_UNIT(*) SI_UNIT(.MILLI.,.METRE.) );
#10952 = ( NAMED_UNIT(*) PLANE_ANGLE_UNIT() SI_UNIT($,.RADIAN.) );
#10953 = ( NAMED_UNIT(*) SI_UNIT($,.STERADIAN.) SOLID_ANGLE_UNIT() );
#10954 = UNCERTAINTY_MEASURE_WITH_UNIT(LENGTH_MEASURE(1.E-07),#10951,
  'distance_accuracy_value','confusion accuracy');
#10955 = CONTEXT_DEPENDENT_SHAPE_REPRESENTATION(#10956,#10958);
#10956 = ( REPRESENTATION_RELATIONSHIP('','',#10851,#10828) 
REPRESENTATION_RELATIONSHIP_WITH_TRANSFORMATION(#10957) 
SHAPE_REPRESENTATION_RELATIONSHIP() );
#10957 = ITEM_DEFINED_TRANSFORMATION('','',#11,#10829);
#10958 = PRODUCT_DEFINITION_SHAPE('Placement','Placement of an item',
  #10959);
#10959 = NEXT_ASSEMBLY_USAGE_OCCURRENCE('137','=>[0:1:1:75]','',#10823,
  #10846,$);
#10960 = PRODUCT_RELATED_PRODUCT_CATEGORY('part',$,(#10848));
#10961 = SHAPE_DEFINITION_REPRESENTATION(#10962,#10968);
#10962 = PRODUCT_DEFINITION_SHAPE('','',#10963);
#10963 = PRODUCT_DEFINITION('design','',#10964,#10967);
#10964 = PRODUCT_DEFINITION_FORMATION('','',#10965);
#10965 = PRODUCT('right_rear_faceted_aero_wheel_cover',
  'right_rear_faceted_aero_wheel_cover','',(#10966));
#10966 = PRODUCT_CONTEXT('',#2,'mechanical');
#10967 = PRODUCT_DEFINITION_CONTEXT('part definition',#2,'design');
#10968 = SHAPE_REPRESENTATION('',(#11,#10969),#10973);
#10969 = AXIS2_PLACEMENT_3D('',#10970,#10971,#10972);
#10970 = CARTESIAN_POINT('',(0.,0.,-162.5));
#10971 = DIRECTION('',(0.,0.,1.));
#10972 = DIRECTION('',(1.,0.,0.));
#10973 = ( GEOMETRIC_REPRESENTATION_CONTEXT(3) 
GLOBAL_UNCERTAINTY_ASSIGNED_CONTEXT((#10977)) 
GLOBAL_UNIT_ASSIGNED_CONTEXT((#10974,#10975,#10976)) 
REPRESENTATION_CONTEXT('Context #1',
  '3D Context with UNIT and UNCERTAINTY') );
#10974 = ( LENGTH_UNIT() NAMED_UNIT(*) SI_UNIT(.MILLI.,.METRE.) );
#10975 = ( NAMED_UNIT(*) PLANE_ANGLE_UNIT() SI_UNIT($,.RADIAN.) );
#10976 = ( NAMED_UNIT(*) SI_UNIT($,.STERADIAN.) SOLID_ANGLE_UNIT() );
#10977 = UNCERTAINTY_MEASURE_WITH_UNIT(LENGTH_MEASURE(1.E-07),#10974,
  'distance_accuracy_value','confusion accuracy');
#10978 = CONTEXT_DEPENDENT_SHAPE_REPRESENTATION(#10979,#10981);
#10979 = ( REPRESENTATION_RELATIONSHIP('','',#10968,#10) 
REPRESENTATION_RELATIONSHIP_WITH_TRANSFORMATION(#10980) 
SHAPE_REPRESENTATION_RELATIONSHIP() );
#10980 = ITEM_DEFINED_TRANSFORMATION('','',#11,#163);
#10981 = PRODUCT_DEFINITION_SHAPE('Placement','Placement of an item',
  #10982);
#10982 = NEXT_ASSEMBLY_USAGE_OCCURRENCE('140','=>[0:1:1:76]','',#5,
  #10963,$);
#10983 = PRODUCT_RELATED_PRODUCT_CATEGORY('part',$,(#10965));
#10984 = SHAPE_DEFINITION_REPRESENTATION(#10985,#10991);
#10985 = PRODUCT_DEFINITION_SHAPE('','',#10986);
#10986 = PRODUCT_DEFINITION('design','',#10987,#10990);
#10987 = PRODUCT_DEFINITION_FORMATION('','',#10988);
#10988 = PRODUCT('SOLID','SOLID','',(#10989));
#10989 = PRODUCT_CONTEXT('',#2,'mechanical');
#10990 = PRODUCT_DEFINITION_CONTEXT('part definition',#2,'design');
#10991 = ADVANCED_BREP_SHAPE_REPRESENTATION('',(#11,#10992),#11090);
#10992 = MANIFOLD_SOLID_BREP('',#10993);
#10993 = CLOSED_SHELL('',(#10994,#11082,#11086));
#10994 = ADVANCED_FACE('',(#10995),#11008,.T.);
#10995 = FACE_BOUND('',#10996,.T.);
#10996 = EDGE_LOOP('',(#10997,#11031,#11054,#11081));
#10997 = ORIENTED_EDGE('',*,*,#10998,.F.);
#10998 = EDGE_CURVE('',#10999,#10999,#11001,.T.);
#10999 = VERTEX_POINT('',#11000);
#11000 = CARTESIAN_POINT('',(303.6,-7.436055364423E-14,325.));
#11001 = SURFACE_CURVE('',#11002,(#11007,#11019),.PCURVE_S1.);
#11002 = CIRCLE('',#11003,303.6);
#11003 = AXIS2_PLACEMENT_3D('',#11004,#11005,#11006);
#11004 = CARTESIAN_POINT('',(0.,0.,325.));
#11005 = DIRECTION('',(0.,0.,1.));
#11006 = DIRECTION('',(1.,0.,-0.));
#11007 = PCURVE('',#11008,#11013);
#11008 = CYLINDRICAL_SURFACE('',#11009,303.6);
#11009 = AXIS2_PLACEMENT_3D('',#11010,#11011,#11012);
#11010 = CARTESIAN_POINT('',(0.,0.,0.));
#11011 = DIRECTION('',(0.,0.,1.));
#11012 = DIRECTION('',(1.,0.,-0.));
#11013 = DEFINITIONAL_REPRESENTATION('',(#11014),#11018);
#11014 = LINE('',#11015,#11016);
#11015 = CARTESIAN_POINT('',(0.,325.));
#11016 = VECTOR('',#11017,1.);
#11017 = DIRECTION('',(1.,0.));
#11018 = ( GEOMETRIC_REPRESENTATION_CONTEXT(2) 
PARAMETRIC_REPRESENTATION_CONTEXT() REPRESENTATION_CONTEXT('2D SPACE',''
  ) );
#11019 = PCURVE('',#11020,#11025);
#11020 = PLANE('',#11021);
#11021 = AXIS2_PLACEMENT_3D('',#11022,#11023,#11024);
#11022 = CARTESIAN_POINT('',(0.,0.,325.));
#11023 = DIRECTION('',(0.,0.,1.));
#11024 = DIRECTION('',(1.,0.,-0.));
#11025 = DEFINITIONAL_REPRESENTATION('',(#11026),#11030);
#11026 = CIRCLE('',#11027,303.6);
#11027 = AXIS2_PLACEMENT_2D('',#11028,#11029);
#11028 = CARTESIAN_POINT('',(0.,0.));
#11029 = DIRECTION('',(1.,0.));
#11030 = ( GEOMETRIC_REPRESENTATION_CONTEXT(2) 
PARAMETRIC_REPRESENTATION_CONTEXT() REPRESENTATION_CONTEXT('2D SPACE',''
  ) );
#11031 = ORIENTED_EDGE('',*,*,#11032,.F.);
#11032 = EDGE_CURVE('',#11033,#10999,#11035,.T.);
#11033 = VERTEX_POINT('',#11034);
#11034 = CARTESIAN_POINT('',(303.6,-7.436055364423E-14,0.));
#11035 = SEAM_CURVE('',#11036,(#11040,#11047),.PCURVE_S1.);
#11036 = LINE('',#11037,#11038);
#11037 = CARTESIAN_POINT('',(303.6,-7.436055364423E-14,0.));
#11038 = VECTOR('',#11039,1.);
#11039 = DIRECTION('',(0.,0.,1.));
#11040 = PCURVE('',#11008,#11041);
#11041 = DEFINITIONAL_REPRESENTATION('',(#11042),#11046);
#11042 = LINE('',#11043,#11044);
#11043 = CARTESIAN_POINT('',(6.28318530718,-0.));
#11044 = VECTOR('',#11045,1.);
#11045 = DIRECTION('',(0.,1.));
#11046 = ( GEOMETRIC_REPRESENTATION_CONTEXT(2) 
PARAMETRIC_REPRESENTATION_CONTEXT() REPRESENTATION_CONTEXT('2D SPACE',''
  ) );
#11047 = PCURVE('',#11008,#11048);
#11048 = DEFINITIONAL_REPRESENTATION('',(#11049),#11053);
#11049 = LINE('',#11050,#11051);
#11050 = CARTESIAN_POINT('',(0.,-0.));
#11051 = VECTOR('',#11052,1.);
#11052 = DIRECTION('',(0.,1.));
#11053 = ( GEOMETRIC_REPRESENTATION_CONTEXT(2) 
PARAMETRIC_REPRESENTATION_CONTEXT() REPRESENTATION_CONTEXT('2D SPACE',''
  ) );
#11054 = ORIENTED_EDGE('',*,*,#11055,.T.);
#11055 = EDGE_CURVE('',#11033,#11033,#11056,.T.);
#11056 = SURFACE_CURVE('',#11057,(#11062,#11069),.PCURVE_S1.);
#11057 = CIRCLE('',#11058,303.6);
#11058 = AXIS2_PLACEMENT_3D('',#11059,#11060,#11061);
#11059 = CARTESIAN_POINT('',(0.,0.,0.));
#11060 = DIRECTION('',(0.,0.,1.));
#11061 = DIRECTION('',(1.,0.,-0.));
#11062 = PCURVE('',#11008,#11063);
#11063 = DEFINITIONAL_REPRESENTATION('',(#11064),#11068);
#11064 = LINE('',#11065,#11066);
#11065 = CARTESIAN_POINT('',(0.,0.));
#11066 = VECTOR('',#11067,1.);
#11067 = DIRECTION('',(1.,0.));
#11068 = ( GEOMETRIC_REPRESENTATION_CONTEXT(2) 
PARAMETRIC_REPRESENTATION_CONTEXT() REPRESENTATION_CONTEXT('2D SPACE',''
  ) );
#11069 = PCURVE('',#11070,#11075);
#11070 = PLANE('',#11071);
#11071 = AXIS2_PLACEMENT_3D('',#11072,#11073,#11074);
#11072 = CARTESIAN_POINT('',(0.,0.,0.));
#11073 = DIRECTION('',(0.,0.,1.));
#11074 = DIRECTION('',(1.,0.,-0.));
#11075 = DEFINITIONAL_REPRESENTATION('',(#11076),#11080);
#11076 = CIRCLE('',#11077,303.6);
#11077 = AXIS2_PLACEMENT_2D('',#11078,#11079);
#11078 = CARTESIAN_POINT('',(0.,0.));
#11079 = DIRECTION('',(1.,0.));
#11080 = ( GEOMETRIC_REPRESENTATION_CONTEXT(2) 
PARAMETRIC_REPRESENTATION_CONTEXT() REPRESENTATION_CONTEXT('2D SPACE',''
  ) );
#11081 = ORIENTED_EDGE('',*,*,#11032,.T.);
#11082 = ADVANCED_FACE('',(#11083),#11020,.T.);
#11083 = FACE_BOUND('',#11084,.T.);
#11084 = EDGE_LOOP('',(#11085));
#11085 = ORIENTED_EDGE('',*,*,#10998,.T.);
#11086 = ADVANCED_FACE('',(#11087),#11070,.F.);
#11087 = FACE_BOUND('',#11088,.T.);
#11088 = EDGE_LOOP('',(#11089));
#11089 = ORIENTED_EDGE('',*,*,#11055,.F.);
#11090 = ( GEOMETRIC_REPRESENTATION_CONTEXT(3) 
GLOBAL_UNCERTAINTY_ASSIGNED_CONTEXT((#11094)) 
GLOBAL_UNIT_ASSIGNED_CONTEXT((#11091,#11092,#11093)) 
REPRESENTATION_CONTEXT('Context #1',
  '3D Context with UNIT and UNCERTAINTY') );
#11091 = ( LENGTH_UNIT() NAMED_UNIT(*) SI_UNIT(.MILLI.,.METRE.) );
#11092 = ( NAMED_UNIT(*) PLANE_ANGLE_UNIT() SI_UNIT($,.RADIAN.) );
#11093 = ( NAMED_UNIT(*) SI_UNIT($,.STERADIAN.) SOLID_ANGLE_UNIT() );
#11094 = UNCERTAINTY_MEASURE_WITH_UNIT(LENGTH_MEASURE(1.E-07),#11091,
  'distance_accuracy_value','confusion accuracy');
#11095 = CONTEXT_DEPENDENT_SHAPE_REPRESENTATION(#11096,#11098);
#11096 = ( REPRESENTATION_RELATIONSHIP('','',#10991,#10968) 
REPRESENTATION_RELATIONSHIP_WITH_TRANSFORMATION(#11097) 
SHAPE_REPRESENTATION_RELATIONSHIP() );
#11097 = ITEM_DEFINED_TRANSFORMATION('','',#11,#10969);
#11098 = PRODUCT_DEFINITION_SHAPE('Placement','Placement of an item',
  #11099);
#11099 = NEXT_ASSEMBLY_USAGE_OCCURRENCE('139','=>[0:1:1:77]','',#10963,
  #10986,$);
#11100 = PRODUCT_RELATED_PRODUCT_CATEGORY('part',$,(#10988));
#11101 = SHAPE_DEFINITION_REPRESENTATION(#11102,#11108);
#11102 = PRODUCT_DEFINITION_SHAPE('','',#11103);
#11103 = PRODUCT_DEFINITION('design','',#11104,#11107);
#11104 = PRODUCT_DEFINITION_FORMATION('','',#11105);
#11105 = PRODUCT('right_rear_simplified_brake_disc_solid',
  'right_rear_simplified_brake_disc_solid','',(#11106));
#11106 = PRODUCT_CONTEXT('',#2,'mechanical');
#11107 = PRODUCT_DEFINITION_CONTEXT('part definition',#2,'design');
#11108 = SHAPE_REPRESENTATION('',(#11,#11109),#11113);
#11109 = AXIS2_PLACEMENT_3D('',#11110,#11111,#11112);
#11110 = CARTESIAN_POINT('',(0.,0.,-166.5));
#11111 = DIRECTION('',(0.,0.,1.));
#11112 = DIRECTION('',(1.,0.,0.));
#11113 = ( GEOMETRIC_REPRESENTATION_CONTEXT(3) 
GLOBAL_UNCERTAINTY_ASSIGNED_CONTEXT((#11117)) 
GLOBAL_UNIT_ASSIGNED_CONTEXT((#11114,#11115,#11116)) 
REPRESENTATION_CONTEXT('Context #1',
  '3D Context with UNIT and UNCERTAINTY') );
#11114 = ( LENGTH_UNIT() NAMED_UNIT(*) SI_UNIT(.MILLI.,.METRE.) );
#11115 = ( NAMED_UNIT(*) PLANE_ANGLE_UNIT() SI_UNIT($,.RADIAN.) );
#11116 = ( NAMED_UNIT(*) SI_UNIT($,.STERADIAN.) SOLID_ANGLE_UNIT() );
#11117 = UNCERTAINTY_MEASURE_WITH_UNIT(LENGTH_MEASURE(1.E-07),#11114,
  'distance_accuracy_value','confusion accuracy');
#11118 = CONTEXT_DEPENDENT_SHAPE_REPRESENTATION(#11119,#11121);
#11119 = ( REPRESENTATION_RELATIONSHIP('','',#11108,#10) 
REPRESENTATION_RELATIONSHIP_WITH_TRANSFORMATION(#11120) 
SHAPE_REPRESENTATION_RELATIONSHIP() );
#11120 = ITEM_DEFINED_TRANSFORMATION('','',#11,#167);
#11121 = PRODUCT_DEFINITION_SHAPE('Placement','Placement of an item',
  #11122);
#11122 = NEXT_ASSEMBLY_USAGE_OCCURRENCE('142','=>[0:1:1:78]','',#5,
  #11103,$);
#11123 = PRODUCT_RELATED_PRODUCT_CATEGORY('part',$,(#11105));
#11124 = SHAPE_DEFINITION_REPRESENTATION(#11125,#11131);
#11125 = PRODUCT_DEFINITION_SHAPE('','',#11126);
#11126 = PRODUCT_DEFINITION('design','',#11127,#11130);
#11127 = PRODUCT_DEFINITION_FORMATION('','',#11128);
#11128 = PRODUCT('SOLID','SOLID','',(#11129));
#11129 = PRODUCT_CONTEXT('',#2,'mechanical');
#11130 = PRODUCT_DEFINITION_CONTEXT('part definition',#2,'design');
#11131 = ADVANCED_BREP_SHAPE_REPRESENTATION('',(#11,#11132),#11230);
#11132 = MANIFOLD_SOLID_BREP('',#11133);
#11133 = CLOSED_SHELL('',(#11134,#11222,#11226));
#11134 = ADVANCED_FACE('',(#11135),#11148,.T.);
#11135 = FACE_BOUND('',#11136,.T.);
#11136 = EDGE_LOOP('',(#11137,#11171,#11194,#11221));
#11137 = ORIENTED_EDGE('',*,*,#11138,.F.);
#11138 = EDGE_CURVE('',#11139,#11139,#11141,.T.);
#11139 = VERTEX_POINT('',#11140);
#11140 = CARTESIAN_POINT('',(197.8,-4.844702737427E-14,333.));
#11141 = SURFACE_CURVE('',#11142,(#11147,#11159),.PCURVE_S1.);
#11142 = CIRCLE('',#11143,197.8);
#11143 = AXIS2_PLACEMENT_3D('',#11144,#11145,#11146);
#11144 = CARTESIAN_POINT('',(0.,0.,333.));
#11145 = DIRECTION('',(0.,0.,1.));
#11146 = DIRECTION('',(1.,0.,-0.));
#11147 = PCURVE('',#11148,#11153);
#11148 = CYLINDRICAL_SURFACE('',#11149,197.8);
#11149 = AXIS2_PLACEMENT_3D('',#11150,#11151,#11152);
#11150 = CARTESIAN_POINT('',(0.,0.,0.));
#11151 = DIRECTION('',(0.,0.,1.));
#11152 = DIRECTION('',(1.,0.,-0.));
#11153 = DEFINITIONAL_REPRESENTATION('',(#11154),#11158);
#11154 = LINE('',#11155,#11156);
#11155 = CARTESIAN_POINT('',(0.,333.));
#11156 = VECTOR('',#11157,1.);
#11157 = DIRECTION('',(1.,0.));
#11158 = ( GEOMETRIC_REPRESENTATION_CONTEXT(2) 
PARAMETRIC_REPRESENTATION_CONTEXT() REPRESENTATION_CONTEXT('2D SPACE',''
  ) );
#11159 = PCURVE('',#11160,#11165);
#11160 = PLANE('',#11161);
#11161 = AXIS2_PLACEMENT_3D('',#11162,#11163,#11164);
#11162 = CARTESIAN_POINT('',(0.,0.,333.));
#11163 = DIRECTION('',(0.,0.,1.));
#11164 = DIRECTION('',(1.,0.,-0.));
#11165 = DEFINITIONAL_REPRESENTATION('',(#11166),#11170);
#11166 = CIRCLE('',#11167,197.8);
#11167 = AXIS2_PLACEMENT_2D('',#11168,#11169);
#11168 = CARTESIAN_POINT('',(0.,0.));
#11169 = DIRECTION('',(1.,0.));
#11170 = ( GEOMETRIC_REPRESENTATION_CONTEXT(2) 
PARAMETRIC_REPRESENTATION_CONTEXT() REPRESENTATION_CONTEXT('2D SPACE',''
  ) );
#11171 = ORIENTED_EDGE('',*,*,#11172,.F.);
#11172 = EDGE_CURVE('',#11173,#11139,#11175,.T.);
#11173 = VERTEX_POINT('',#11174);
#11174 = CARTESIAN_POINT('',(197.8,-4.844702737427E-14,0.));
#11175 = SEAM_CURVE('',#11176,(#11180,#11187),.PCURVE_S1.);
#11176 = LINE('',#11177,#11178);
#11177 = CARTESIAN_POINT('',(197.8,-4.844702737427E-14,0.));
#11178 = VECTOR('',#11179,1.);
#11179 = DIRECTION('',(0.,0.,1.));
#11180 = PCURVE('',#11148,#11181);
#11181 = DEFINITIONAL_REPRESENTATION('',(#11182),#11186);
#11182 = LINE('',#11183,#11184);
#11183 = CARTESIAN_POINT('',(6.28318530718,-0.));
#11184 = VECTOR('',#11185,1.);
#11185 = DIRECTION('',(0.,1.));
#11186 = ( GEOMETRIC_REPRESENTATION_CONTEXT(2) 
PARAMETRIC_REPRESENTATION_CONTEXT() REPRESENTATION_CONTEXT('2D SPACE',''
  ) );
#11187 = PCURVE('',#11148,#11188);
#11188 = DEFINITIONAL_REPRESENTATION('',(#11189),#11193);
#11189 = LINE('',#11190,#11191);
#11190 = CARTESIAN_POINT('',(0.,-0.));
#11191 = VECTOR('',#11192,1.);
#11192 = DIRECTION('',(0.,1.));
#11193 = ( GEOMETRIC_REPRESENTATION_CONTEXT(2) 
PARAMETRIC_REPRESENTATION_CONTEXT() REPRESENTATION_CONTEXT('2D SPACE',''
  ) );
#11194 = ORIENTED_EDGE('',*,*,#11195,.T.);
#11195 = EDGE_CURVE('',#11173,#11173,#11196,.T.);
#11196 = SURFACE_CURVE('',#11197,(#11202,#11209),.PCURVE_S1.);
#11197 = CIRCLE('',#11198,197.8);
#11198 = AXIS2_PLACEMENT_3D('',#11199,#11200,#11201);
#11199 = CARTESIAN_POINT('',(0.,0.,0.));
#11200 = DIRECTION('',(0.,0.,1.));
#11201 = DIRECTION('',(1.,0.,-0.));
#11202 = PCURVE('',#11148,#11203);
#11203 = DEFINITIONAL_REPRESENTATION('',(#11204),#11208);
#11204 = LINE('',#11205,#11206);
#11205 = CARTESIAN_POINT('',(0.,0.));
#11206 = VECTOR('',#11207,1.);
#11207 = DIRECTION('',(1.,0.));
#11208 = ( GEOMETRIC_REPRESENTATION_CONTEXT(2) 
PARAMETRIC_REPRESENTATION_CONTEXT() REPRESENTATION_CONTEXT('2D SPACE',''
  ) );
#11209 = PCURVE('',#11210,#11215);
#11210 = PLANE('',#11211);
#11211 = AXIS2_PLACEMENT_3D('',#11212,#11213,#11214);
#11212 = CARTESIAN_POINT('',(0.,0.,0.));
#11213 = DIRECTION('',(0.,0.,1.));
#11214 = DIRECTION('',(1.,0.,-0.));
#11215 = DEFINITIONAL_REPRESENTATION('',(#11216),#11220);
#11216 = CIRCLE('',#11217,197.8);
#11217 = AXIS2_PLACEMENT_2D('',#11218,#11219);
#11218 = CARTESIAN_POINT('',(0.,0.));
#11219 = DIRECTION('',(1.,0.));
#11220 = ( GEOMETRIC_REPRESENTATION_CONTEXT(2) 
PARAMETRIC_REPRESENTATION_CONTEXT() REPRESENTATION_CONTEXT('2D SPACE',''
  ) );
#11221 = ORIENTED_EDGE('',*,*,#11172,.T.);
#11222 = ADVANCED_FACE('',(#11223),#11160,.T.);
#11223 = FACE_BOUND('',#11224,.T.);
#11224 = EDGE_LOOP('',(#11225));
#11225 = ORIENTED_EDGE('',*,*,#11138,.T.);
#11226 = ADVANCED_FACE('',(#11227),#11210,.F.);
#11227 = FACE_BOUND('',#11228,.T.);
#11228 = EDGE_LOOP('',(#11229));
#11229 = ORIENTED_EDGE('',*,*,#11195,.F.);
#11230 = ( GEOMETRIC_REPRESENTATION_CONTEXT(3) 
GLOBAL_UNCERTAINTY_ASSIGNED_CONTEXT((#11234)) 
GLOBAL_UNIT_ASSIGNED_CONTEXT((#11231,#11232,#11233)) 
REPRESENTATION_CONTEXT('Context #1',
  '3D Context with UNIT and UNCERTAINTY') );
#11231 = ( LENGTH_UNIT() NAMED_UNIT(*) SI_UNIT(.MILLI.,.METRE.) );
#11232 = ( NAMED_UNIT(*) PLANE_ANGLE_UNIT() SI_UNIT($,.RADIAN.) );
#11233 = ( NAMED_UNIT(*) SI_UNIT($,.STERADIAN.) SOLID_ANGLE_UNIT() );
#11234 = UNCERTAINTY_MEASURE_WITH_UNIT(LENGTH_MEASURE(1.E-07),#11231,
  'distance_accuracy_value','confusion accuracy');
#11235 = CONTEXT_DEPENDENT_SHAPE_REPRESENTATION(#11236,#11238);
#11236 = ( REPRESENTATION_RELATIONSHIP('','',#11131,#11108) 
REPRESENTATION_RELATIONSHIP_WITH_TRANSFORMATION(#11237) 
SHAPE_REPRESENTATION_RELATIONSHIP() );
#11237 = ITEM_DEFINED_TRANSFORMATION('','',#11,#11109);
#11238 = PRODUCT_DEFINITION_SHAPE('Placement','Placement of an item',
  #11239);
#11239 = NEXT_ASSEMBLY_USAGE_OCCURRENCE('141','=>[0:1:1:79]','',#11103,
  #11126,$);
#11240 = PRODUCT_RELATED_PRODUCT_CATEGORY('part',$,(#11128));
#11241 = SHAPE_DEFINITION_REPRESENTATION(#11242,#11248);
#11242 = PRODUCT_DEFINITION_SHAPE('','',#11243);
#11243 = PRODUCT_DEFINITION('design','',#11244,#11247);
#11244 = PRODUCT_DEFINITION_FORMATION('','',#11245);
#11245 = PRODUCT('right_rear_flush_center_hub',
  'right_rear_flush_center_hub','',(#11246));
#11246 = PRODUCT_CONTEXT('',#2,'mechanical');
#11247 = PRODUCT_DEFINITION_CONTEXT('part definition',#2,'design');
#11248 = SHAPE_REPRESENTATION('',(#11,#11249),#11253);
#11249 = AXIS2_PLACEMENT_3D('',#11250,#11251,#11252);
#11250 = CARTESIAN_POINT('',(0.,0.,-169.5));
#11251 = DIRECTION('',(0.,0.,1.));
#11252 = DIRECTION('',(1.,0.,0.));
#11253 = ( GEOMETRIC_REPRESENTATION_CONTEXT(3) 
GLOBAL_UNCERTAINTY_ASSIGNED_CONTEXT((#11257)) 
GLOBAL_UNIT_ASSIGNED_CONTEXT((#11254,#11255,#11256)) 
REPRESENTATION_CONTEXT('Context #1',
  '3D Context with UNIT and UNCERTAINTY') );
#11254 = ( LENGTH_UNIT() NAMED_UNIT(*) SI_UNIT(.MILLI.,.METRE.) );
#11255 = ( NAMED_UNIT(*) PLANE_ANGLE_UNIT() SI_UNIT($,.RADIAN.) );
#11256 = ( NAMED_UNIT(*) SI_UNIT($,.STERADIAN.) SOLID_ANGLE_UNIT() );
#11257 = UNCERTAINTY_MEASURE_WITH_UNIT(LENGTH_MEASURE(1.E-07),#11254,
  'distance_accuracy_value','confusion accuracy');
#11258 = CONTEXT_DEPENDENT_SHAPE_REPRESENTATION(#11259,#11261);
#11259 = ( REPRESENTATION_RELATIONSHIP('','',#11248,#10) 
REPRESENTATION_RELATIONSHIP_WITH_TRANSFORMATION(#11260) 
SHAPE_REPRESENTATION_RELATIONSHIP() );
#11260 = ITEM_DEFINED_TRANSFORMATION('','',#11,#171);
#11261 = PRODUCT_DEFINITION_SHAPE('Placement','Placement of an item',
  #11262);
#11262 = NEXT_ASSEMBLY_USAGE_OCCURRENCE('144','=>[0:1:1:80]','',#5,
  #11243,$);
#11263 = PRODUCT_RELATED_PRODUCT_CATEGORY('part',$,(#11245));
#11264 = SHAPE_DEFINITION_REPRESENTATION(#11265,#11271);
#11265 = PRODUCT_DEFINITION_SHAPE('','',#11266);
#11266 = PRODUCT_DEFINITION('design','',#11267,#11270);
#11267 = PRODUCT_DEFINITION_FORMATION('','',#11268);
#11268 = PRODUCT('SOLID','SOLID','',(#11269));
#11269 = PRODUCT_CONTEXT('',#2,'mechanical');
#11270 = PRODUCT_DEFINITION_CONTEXT('part definition',#2,'design');
#11271 = ADVANCED_BREP_SHAPE_REPRESENTATION('',(#11,#11272),#11370);
#11272 = MANIFOLD_SOLID_BREP('',#11273);
#11273 = CLOSED_SHELL('',(#11274,#11362,#11366));
#11274 = ADVANCED_FACE('',(#11275),#11288,.T.);
#11275 = FACE_BOUND('',#11276,.T.);
#11276 = EDGE_LOOP('',(#11277,#11311,#11334,#11361));
#11277 = ORIENTED_EDGE('',*,*,#11278,.F.);
#11278 = EDGE_CURVE('',#11279,#11279,#11281,.T.);
#11279 = VERTEX_POINT('',#11280);
#11280 = CARTESIAN_POINT('',(69.,-1.690012582823E-14,339.));
#11281 = SURFACE_CURVE('',#11282,(#11287,#11299),.PCURVE_S1.);
#11282 = CIRCLE('',#11283,69.);
#11283 = AXIS2_PLACEMENT_3D('',#11284,#11285,#11286);
#11284 = CARTESIAN_POINT('',(0.,0.,339.));
#11285 = DIRECTION('',(0.,0.,1.));
#11286 = DIRECTION('',(1.,0.,-0.));
#11287 = PCURVE('',#11288,#11293);
#11288 = CYLINDRICAL_SURFACE('',#11289,69.);
#11289 = AXIS2_PLACEMENT_3D('',#11290,#11291,#11292);
#11290 = CARTESIAN_POINT('',(0.,0.,0.));
#11291 = DIRECTION('',(0.,0.,1.));
#11292 = DIRECTION('',(1.,0.,-0.));
#11293 = DEFINITIONAL_REPRESENTATION('',(#11294),#11298);
#11294 = LINE('',#11295,#11296);
#11295 = CARTESIAN_POINT('',(0.,339.));
#11296 = VECTOR('',#11297,1.);
#11297 = DIRECTION('',(1.,0.));
#11298 = ( GEOMETRIC_REPRESENTATION_CONTEXT(2) 
PARAMETRIC_REPRESENTATION_CONTEXT() REPRESENTATION_CONTEXT('2D SPACE',''
  ) );
#11299 = PCURVE('',#11300,#11305);
#11300 = PLANE('',#11301);
#11301 = AXIS2_PLACEMENT_3D('',#11302,#11303,#11304);
#11302 = CARTESIAN_POINT('',(0.,0.,339.));
#11303 = DIRECTION('',(0.,0.,1.));
#11304 = DIRECTION('',(1.,0.,-0.));
#11305 = DEFINITIONAL_REPRESENTATION('',(#11306),#11310);
#11306 = CIRCLE('',#11307,69.);
#11307 = AXIS2_PLACEMENT_2D('',#11308,#11309);
#11308 = CARTESIAN_POINT('',(0.,0.));
#11309 = DIRECTION('',(1.,0.));
#11310 = ( GEOMETRIC_REPRESENTATION_CONTEXT(2) 
PARAMETRIC_REPRESENTATION_CONTEXT() REPRESENTATION_CONTEXT('2D SPACE',''
  ) );
#11311 = ORIENTED_EDGE('',*,*,#11312,.F.);
#11312 = EDGE_CURVE('',#11313,#11279,#11315,.T.);
#11313 = VERTEX_POINT('',#11314);
#11314 = CARTESIAN_POINT('',(69.,-1.690012582823E-14,0.));
#11315 = SEAM_CURVE('',#11316,(#11320,#11327),.PCURVE_S1.);
#11316 = LINE('',#11317,#11318);
#11317 = CARTESIAN_POINT('',(69.,-1.690012582823E-14,0.));
#11318 = VECTOR('',#11319,1.);
#11319 = DIRECTION('',(0.,0.,1.));
#11320 = PCURVE('',#11288,#11321);
#11321 = DEFINITIONAL_REPRESENTATION('',(#11322),#11326);
#11322 = LINE('',#11323,#11324);
#11323 = CARTESIAN_POINT('',(6.28318530718,-0.));
#11324 = VECTOR('',#11325,1.);
#11325 = DIRECTION('',(0.,1.));
#11326 = ( GEOMETRIC_REPRESENTATION_CONTEXT(2) 
PARAMETRIC_REPRESENTATION_CONTEXT() REPRESENTATION_CONTEXT('2D SPACE',''
  ) );
#11327 = PCURVE('',#11288,#11328);
#11328 = DEFINITIONAL_REPRESENTATION('',(#11329),#11333);
#11329 = LINE('',#11330,#11331);
#11330 = CARTESIAN_POINT('',(0.,-0.));
#11331 = VECTOR('',#11332,1.);
#11332 = DIRECTION('',(0.,1.));
#11333 = ( GEOMETRIC_REPRESENTATION_CONTEXT(2) 
PARAMETRIC_REPRESENTATION_CONTEXT() REPRESENTATION_CONTEXT('2D SPACE',''
  ) );
#11334 = ORIENTED_EDGE('',*,*,#11335,.T.);
#11335 = EDGE_CURVE('',#11313,#11313,#11336,.T.);
#11336 = SURFACE_CURVE('',#11337,(#11342,#11349),.PCURVE_S1.);
#11337 = CIRCLE('',#11338,69.);
#11338 = AXIS2_PLACEMENT_3D('',#11339,#11340,#11341);
#11339 = CARTESIAN_POINT('',(0.,0.,0.));
#11340 = DIRECTION('',(0.,0.,1.));
#11341 = DIRECTION('',(1.,0.,-0.));
#11342 = PCURVE('',#11288,#11343);
#11343 = DEFINITIONAL_REPRESENTATION('',(#11344),#11348);
#11344 = LINE('',#11345,#11346);
#11345 = CARTESIAN_POINT('',(0.,0.));
#11346 = VECTOR('',#11347,1.);
#11347 = DIRECTION('',(1.,0.));
#11348 = ( GEOMETRIC_REPRESENTATION_CONTEXT(2) 
PARAMETRIC_REPRESENTATION_CONTEXT() REPRESENTATION_CONTEXT('2D SPACE',''
  ) );
#11349 = PCURVE('',#11350,#11355);
#11350 = PLANE('',#11351);
#11351 = AXIS2_PLACEMENT_3D('',#11352,#11353,#11354);
#11352 = CARTESIAN_POINT('',(0.,0.,0.));
#11353 = DIRECTION('',(0.,0.,1.));
#11354 = DIRECTION('',(1.,0.,-0.));
#11355 = DEFINITIONAL_REPRESENTATION('',(#11356),#11360);
#11356 = CIRCLE('',#11357,69.);
#11357 = AXIS2_PLACEMENT_2D('',#11358,#11359);
#11358 = CARTESIAN_POINT('',(0.,0.));
#11359 = DIRECTION('',(1.,0.));
#11360 = ( GEOMETRIC_REPRESENTATION_CONTEXT(2) 
PARAMETRIC_REPRESENTATION_CONTEXT() REPRESENTATION_CONTEXT('2D SPACE',''
  ) );
#11361 = ORIENTED_EDGE('',*,*,#11312,.T.);
#11362 = ADVANCED_FACE('',(#11363),#11300,.T.);
#11363 = FACE_BOUND('',#11364,.T.);
#11364 = EDGE_LOOP('',(#11365));
#11365 = ORIENTED_EDGE('',*,*,#11278,.T.);
#11366 = ADVANCED_FACE('',(#11367),#11350,.F.);
#11367 = FACE_BOUND('',#11368,.T.);
#11368 = EDGE_LOOP('',(#11369));
#11369 = ORIENTED_EDGE('',*,*,#11335,.F.);
#11370 = ( GEOMETRIC_REPRESENTATION_CONTEXT(3) 
GLOBAL_UNCERTAINTY_ASSIGNED_CONTEXT((#11374)) 
GLOBAL_UNIT_ASSIGNED_CONTEXT((#11371,#11372,#11373)) 
REPRESENTATION_CONTEXT('Context #1',
  '3D Context with UNIT and UNCERTAINTY') );
#11371 = ( LENGTH_UNIT() NAMED_UNIT(*) SI_UNIT(.MILLI.,.METRE.) );
#11372 = ( NAMED_UNIT(*) PLANE_ANGLE_UNIT() SI_UNIT($,.RADIAN.) );
#11373 = ( NAMED_UNIT(*) SI_UNIT($,.STERADIAN.) SOLID_ANGLE_UNIT() );
#11374 = UNCERTAINTY_MEASURE_WITH_UNIT(LENGTH_MEASURE(1.E-07),#11371,
  'distance_accuracy_value','confusion accuracy');
#11375 = CONTEXT_DEPENDENT_SHAPE_REPRESENTATION(#11376,#11378);
#11376 = ( REPRESENTATION_RELATIONSHIP('','',#11271,#11248) 
REPRESENTATION_RELATIONSHIP_WITH_TRANSFORMATION(#11377) 
SHAPE_REPRESENTATION_RELATIONSHIP() );
#11377 = ITEM_DEFINED_TRANSFORMATION('','',#11,#11249);
#11378 = PRODUCT_DEFINITION_SHAPE('Placement','Placement of an item',
  #11379);
#11379 = NEXT_ASSEMBLY_USAGE_OCCURRENCE('143','=>[0:1:1:81]','',#11243,
  #11266,$);
#11380 = PRODUCT_RELATED_PRODUCT_CATEGORY('part',$,(#11268));
#11381 = SHAPE_DEFINITION_REPRESENTATION(#11382,#11388);
#11382 = PRODUCT_DEFINITION_SHAPE('','',#11383);
#11383 = PRODUCT_DEFINITION('design','',#11384,#11387);
#11384 = PRODUCT_DEFINITION_FORMATION('','',#11385);
#11385 = PRODUCT('right_rear_dark_wheel_arch_cutout_backer',
  'right_rear_dark_wheel_arch_cutout_backer','',(#11386));
#11386 = PRODUCT_CONTEXT('',#2,'mechanical');
#11387 = PRODUCT_DEFINITION_CONTEXT('part definition',#2,'design');
#11388 = SHAPE_REPRESENTATION('',(#11,#11389),#11393);
#11389 = AXIS2_PLACEMENT_3D('',#11390,#11391,#11392);
#11390 = CARTESIAN_POINT('',(-380.,-17.,-220.));
#11391 = DIRECTION('',(0.,0.,1.));
#11392 = DIRECTION('',(1.,0.,0.));
#11393 = ( GEOMETRIC_REPRESENTATION_CONTEXT(3) 
GLOBAL_UNCERTAINTY_ASSIGNED_CONTEXT((#11397)) 
GLOBAL_UNIT_ASSIGNED_CONTEXT((#11394,#11395,#11396)) 
REPRESENTATION_CONTEXT('Context #1',
  '3D Context with UNIT and UNCERTAINTY') );
#11394 = ( LENGTH_UNIT() NAMED_UNIT(*) SI_UNIT(.MILLI.,.METRE.) );
#11395 = ( NAMED_UNIT(*) PLANE_ANGLE_UNIT() SI_UNIT($,.RADIAN.) );
#11396 = ( NAMED_UNIT(*) SI_UNIT($,.STERADIAN.) SOLID_ANGLE_UNIT() );
#11397 = UNCERTAINTY_MEASURE_WITH_UNIT(LENGTH_MEASURE(1.E-07),#11394,
  'distance_accuracy_value','confusion accuracy');
#11398 = CONTEXT_DEPENDENT_SHAPE_REPRESENTATION(#11399,#11401);
#11399 = ( REPRESENTATION_RELATIONSHIP('','',#11388,#10) 
REPRESENTATION_RELATIONSHIP_WITH_TRANSFORMATION(#11400) 
SHAPE_REPRESENTATION_RELATIONSHIP() );
#11400 = ITEM_DEFINED_TRANSFORMATION('','',#11,#175);
#11401 = PRODUCT_DEFINITION_SHAPE('Placement','Placement of an item',
  #11402);
#11402 = NEXT_ASSEMBLY_USAGE_OCCURRENCE('146','=>[0:1:1:82]','',#5,
  #11383,$);
#11403 = PRODUCT_RELATED_PRODUCT_CATEGORY('part',$,(#11385));
#11404 = SHAPE_DEFINITION_REPRESENTATION(#11405,#11411);
#11405 = PRODUCT_DEFINITION_SHAPE('','',#11406);
#11406 = PRODUCT_DEFINITION('design','',#11407,#11410);
#11407 = PRODUCT_DEFINITION_FORMATION('','',#11408);
#11408 = PRODUCT('SOLID','SOLID','',(#11409));
#11409 = PRODUCT_CONTEXT('',#2,'mechanical');
#11410 = PRODUCT_DEFINITION_CONTEXT('part definition',#2,'design');
#11411 = ADVANCED_BREP_SHAPE_REPRESENTATION('',(#11,#11412),#11742);
#11412 = MANIFOLD_SOLID_BREP('',#11413);
#11413 = CLOSED_SHELL('',(#11414,#11534,#11634,#11681,#11728,#11735));
#11414 = ADVANCED_FACE('',(#11415),#11429,.F.);
#11415 = FACE_BOUND('',#11416,.F.);
#11416 = EDGE_LOOP('',(#11417,#11452,#11480,#11508));
#11417 = ORIENTED_EDGE('',*,*,#11418,.F.);
#11418 = EDGE_CURVE('',#11419,#11421,#11423,.T.);
#11419 = VERTEX_POINT('',#11420);
#11420 = CARTESIAN_POINT('',(0.,0.,0.));
#11421 = VERTEX_POINT('',#11422);
#11422 = CARTESIAN_POINT('',(0.,0.,440.));
#11423 = SURFACE_CURVE('',#11424,(#11428,#11440),.PCURVE_S1.);
#11424 = LINE('',#11425,#11426);
#11425 = CARTESIAN_POINT('',(0.,0.,0.));
#11426 = VECTOR('',#11427,1.);
#11427 = DIRECTION('',(0.,0.,1.));
#11428 = PCURVE('',#11429,#11434);
#11429 = PLANE('',#11430);
#11430 = AXIS2_PLACEMENT_3D('',#11431,#11432,#11433);
#11431 = CARTESIAN_POINT('',(0.,0.,0.));
#11432 = DIRECTION('',(1.,0.,-0.));
#11433 = DIRECTION('',(0.,0.,1.));
#11434 = DEFINITIONAL_REPRESENTATION('',(#11435),#11439);
#11435 = LINE('',#11436,#11437);
#11436 = CARTESIAN_POINT('',(0.,0.));
#11437 = VECTOR('',#11438,1.);
#11438 = DIRECTION('',(1.,0.));
#11439 = ( GEOMETRIC_REPRESENTATION_CONTEXT(2) 
PARAMETRIC_REPRESENTATION_CONTEXT() REPRESENTATION_CONTEXT('2D SPACE',''
  ) );
#11440 = PCURVE('',#11441,#11446);
#11441 = PLANE('',#11442);
#11442 = AXIS2_PLACEMENT_3D('',#11443,#11444,#11445);
#11443 = CARTESIAN_POINT('',(0.,0.,0.));
#11444 = DIRECTION('',(-0.,1.,0.));
#11445 = DIRECTION('',(0.,0.,1.));
#11446 = DEFINITIONAL_REPRESENTATION('',(#11447),#11451);
#11447 = LINE('',#11448,#11449);
#11448 = CARTESIAN_POINT('',(0.,0.));
#11449 = VECTOR('',#11450,1.);
#11450 = DIRECTION('',(1.,0.));
#11451 = ( GEOMETRIC_REPRESENTATION_CONTEXT(2) 
PARAMETRIC_REPRESENTATION_CONTEXT() REPRESENTATION_CONTEXT('2D SPACE',''
  ) );
#11452 = ORIENTED_EDGE('',*,*,#11453,.T.);
#11453 = EDGE_CURVE('',#11419,#11454,#11456,.T.);
#11454 = VERTEX_POINT('',#11455);
#11455 = CARTESIAN_POINT('',(0.,34.,0.));
#11456 = SURFACE_CURVE('',#11457,(#11461,#11468),.PCURVE_S1.);
#11457 = LINE('',#11458,#11459);
#11458 = CARTESIAN_POINT('',(0.,0.,0.));
#11459 = VECTOR('',#11460,1.);
#11460 = DIRECTION('',(-0.,1.,0.));
#11461 = PCURVE('',#11429,#11462);
#11462 = DEFINITIONAL_REPRESENTATION('',(#11463),#11467);
#11463 = LINE('',#11464,#11465);
#11464 = CARTESIAN_POINT('',(0.,0.));
#11465 = VECTOR('',#11466,1.);
#11466 = DIRECTION('',(0.,-1.));
#11467 = ( GEOMETRIC_REPRESENTATION_CONTEXT(2) 
PARAMETRIC_REPRESENTATION_CONTEXT() REPRESENTATION_CONTEXT('2D SPACE',''
  ) );
#11468 = PCURVE('',#11469,#11474);
#11469 = PLANE('',#11470);
#11470 = AXIS2_PLACEMENT_3D('',#11471,#11472,#11473);
#11471 = CARTESIAN_POINT('',(0.,0.,0.));
#11472 = DIRECTION('',(0.,0.,1.));
#11473 = DIRECTION('',(1.,0.,-0.));
#11474 = DEFINITIONAL_REPRESENTATION('',(#11475),#11479);
#11475 = LINE('',#11476,#11477);
#11476 = CARTESIAN_POINT('',(0.,0.));
#11477 = VECTOR('',#11478,1.);
#11478 = DIRECTION('',(0.,1.));
#11479 = ( GEOMETRIC_REPRESENTATION_CONTEXT(2) 
PARAMETRIC_REPRESENTATION_CONTEXT() REPRESENTATION_CONTEXT('2D SPACE',''
  ) );
#11480 = ORIENTED_EDGE('',*,*,#11481,.T.);
#11481 = EDGE_CURVE('',#11454,#11482,#11484,.T.);
#11482 = VERTEX_POINT('',#11483);
#11483 = CARTESIAN_POINT('',(0.,34.,440.));
#11484 = SURFACE_CURVE('',#11485,(#11489,#11496),.PCURVE_S1.);
#11485 = LINE('',#11486,#11487);
#11486 = CARTESIAN_POINT('',(0.,34.,0.));
#11487 = VECTOR('',#11488,1.);
#11488 = DIRECTION('',(0.,0.,1.));
#11489 = PCURVE('',#11429,#11490);
#11490 = DEFINITIONAL_REPRESENTATION('',(#11491),#11495);
#11491 = LINE('',#11492,#11493);
#11492 = CARTESIAN_POINT('',(0.,-34.));
#11493 = VECTOR('',#11494,1.);
#11494 = DIRECTION('',(1.,0.));
#11495 = ( GEOMETRIC_REPRESENTATION_CONTEXT(2) 
PARAMETRIC_REPRESENTATION_CONTEXT() REPRESENTATION_CONTEXT('2D SPACE',''
  ) );
#11496 = PCURVE('',#11497,#11502);
#11497 = PLANE('',#11498);
#11498 = AXIS2_PLACEMENT_3D('',#11499,#11500,#11501);
#11499 = CARTESIAN_POINT('',(0.,34.,0.));
#11500 = DIRECTION('',(-0.,1.,0.));
#11501 = DIRECTION('',(0.,0.,1.));
#11502 = DEFINITIONAL_REPRESENTATION('',(#11503),#11507);
#11503 = LINE('',#11504,#11505);
#11504 = CARTESIAN_POINT('',(0.,0.));
#11505 = VECTOR('',#11506,1.);
#11506 = DIRECTION('',(1.,0.));
#11507 = ( GEOMETRIC_REPRESENTATION_CONTEXT(2) 
PARAMETRIC_REPRESENTATION_CONTEXT() REPRESENTATION_CONTEXT('2D SPACE',''
  ) );
#11508 = ORIENTED_EDGE('',*,*,#11509,.F.);
#11509 = EDGE_CURVE('',#11421,#11482,#11510,.T.);
#11510 = SURFACE_CURVE('',#11511,(#11515,#11522),.PCURVE_S1.);
#11511 = LINE('',#11512,#11513);
#11512 = CARTESIAN_POINT('',(0.,0.,440.));
#11513 = VECTOR('',#11514,1.);
#11514 = DIRECTION('',(-0.,1.,0.));
#11515 = PCURVE('',#11429,#11516);
#11516 = DEFINITIONAL_REPRESENTATION('',(#11517),#11521);
#11517 = LINE('',#11518,#11519);
#11518 = CARTESIAN_POINT('',(440.,0.));
#11519 = VECTOR('',#11520,1.);
#11520 = DIRECTION('',(0.,-1.));
#11521 = ( GEOMETRIC_REPRESENTATION_CONTEXT(2) 
PARAMETRIC_REPRESENTATION_CONTEXT() REPRESENTATION_CONTEXT('2D SPACE',''
  ) );
#11522 = PCURVE('',#11523,#11528);
#11523 = PLANE('',#11524);
#11524 = AXIS2_PLACEMENT_3D('',#11525,#11526,#11527);
#11525 = CARTESIAN_POINT('',(0.,0.,440.));
#11526 = DIRECTION('',(0.,0.,1.));
#11527 = DIRECTION('',(1.,0.,-0.));
#11528 = DEFINITIONAL_REPRESENTATION('',(#11529),#11533);
#11529 = LINE('',#11530,#11531);
#11530 = CARTESIAN_POINT('',(0.,0.));
#11531 = VECTOR('',#11532,1.);
#11532 = DIRECTION('',(0.,1.));
#11533 = ( GEOMETRIC_REPRESENTATION_CONTEXT(2) 
PARAMETRIC_REPRESENTATION_CONTEXT() REPRESENTATION_CONTEXT('2D SPACE',''
  ) );
#11534 = ADVANCED_FACE('',(#11535),#11549,.T.);
#11535 = FACE_BOUND('',#11536,.T.);
#11536 = EDGE_LOOP('',(#11537,#11567,#11590,#11613));
#11537 = ORIENTED_EDGE('',*,*,#11538,.F.);
#11538 = EDGE_CURVE('',#11539,#11541,#11543,.T.);
#11539 = VERTEX_POINT('',#11540);
#11540 = CARTESIAN_POINT('',(760.,0.,0.));
#11541 = VERTEX_POINT('',#11542);
#11542 = CARTESIAN_POINT('',(760.,0.,440.));
#11543 = SURFACE_CURVE('',#11544,(#11548,#11560),.PCURVE_S1.);
#11544 = LINE('',#11545,#11546);
#11545 = CARTESIAN_POINT('',(760.,0.,0.));
#11546 = VECTOR('',#11547,1.);
#11547 = DIRECTION('',(0.,0.,1.));
#11548 = PCURVE('',#11549,#11554);
#11549 = PLANE('',#11550);
#11550 = AXIS2_PLACEMENT_3D('',#11551,#11552,#11553);
#11551 = CARTESIAN_POINT('',(760.,0.,0.));
#11552 = DIRECTION('',(1.,0.,-0.));
#11553 = DIRECTION('',(0.,0.,1.));
#11554 = DEFINITIONAL_REPRESENTATION('',(#11555),#11559);
#11555 = LINE('',#11556,#11557);
#11556 = CARTESIAN_POINT('',(0.,0.));
#11557 = VECTOR('',#11558,1.);
#11558 = DIRECTION('',(1.,0.));
#11559 = ( GEOMETRIC_REPRESENTATION_CONTEXT(2) 
PARAMETRIC_REPRESENTATION_CONTEXT() REPRESENTATION_CONTEXT('2D SPACE',''
  ) );
#11560 = PCURVE('',#11441,#11561);
#11561 = DEFINITIONAL_REPRESENTATION('',(#11562),#11566);
#11562 = LINE('',#11563,#11564);
#11563 = CARTESIAN_POINT('',(0.,760.));
#11564 = VECTOR('',#11565,1.);
#11565 = DIRECTION('',(1.,0.));
#11566 = ( GEOMETRIC_REPRESENTATION_CONTEXT(2) 
PARAMETRIC_REPRESENTATION_CONTEXT() REPRESENTATION_CONTEXT('2D SPACE',''
  ) );
#11567 = ORIENTED_EDGE('',*,*,#11568,.T.);
#11568 = EDGE_CURVE('',#11539,#11569,#11571,.T.);
#11569 = VERTEX_POINT('',#11570);
#11570 = CARTESIAN_POINT('',(760.,34.,0.));
#11571 = SURFACE_CURVE('',#11572,(#11576,#11583),.PCURVE_S1.);
#11572 = LINE('',#11573,#11574);
#11573 = CARTESIAN_POINT('',(760.,0.,0.));
#11574 = VECTOR('',#11575,1.);
#11575 = DIRECTION('',(-0.,1.,0.));
#11576 = PCURVE('',#11549,#11577);
#11577 = DEFINITIONAL_REPRESENTATION('',(#11578),#11582);
#11578 = LINE('',#11579,#11580);
#11579 = CARTESIAN_POINT('',(0.,0.));
#11580 = VECTOR('',#11581,1.);
#11581 = DIRECTION('',(0.,-1.));
#11582 = ( GEOMETRIC_REPRESENTATION_CONTEXT(2) 
PARAMETRIC_REPRESENTATION_CONTEXT() REPRESENTATION_CONTEXT('2D SPACE',''
  ) );
#11583 = PCURVE('',#11469,#11584);
#11584 = DEFINITIONAL_REPRESENTATION('',(#11585),#11589);
#11585 = LINE('',#11586,#11587);
#11586 = CARTESIAN_POINT('',(760.,0.));
#11587 = VECTOR('',#11588,1.);
#11588 = DIRECTION('',(0.,1.));
#11589 = ( GEOMETRIC_REPRESENTATION_CONTEXT(2) 
PARAMETRIC_REPRESENTATION_CONTEXT() REPRESENTATION_CONTEXT('2D SPACE',''
  ) );
#11590 = ORIENTED_EDGE('',*,*,#11591,.T.);
#11591 = EDGE_CURVE('',#11569,#11592,#11594,.T.);
#11592 = VERTEX_POINT('',#11593);
#11593 = CARTESIAN_POINT('',(760.,34.,440.));
#11594 = SURFACE_CURVE('',#11595,(#11599,#11606),.PCURVE_S1.);
#11595 = LINE('',#11596,#11597);
#11596 = CARTESIAN_POINT('',(760.,34.,0.));
#11597 = VECTOR('',#11598,1.);
#11598 = DIRECTION('',(0.,0.,1.));
#11599 = PCURVE('',#11549,#11600);
#11600 = DEFINITIONAL_REPRESENTATION('',(#11601),#11605);
#11601 = LINE('',#11602,#11603);
#11602 = CARTESIAN_POINT('',(0.,-34.));
#11603 = VECTOR('',#11604,1.);
#11604 = DIRECTION('',(1.,0.));
#11605 = ( GEOMETRIC_REPRESENTATION_CONTEXT(2) 
PARAMETRIC_REPRESENTATION_CONTEXT() REPRESENTATION_CONTEXT('2D SPACE',''
  ) );
#11606 = PCURVE('',#11497,#11607);
#11607 = DEFINITIONAL_REPRESENTATION('',(#11608),#11612);
#11608 = LINE('',#11609,#11610);
#11609 = CARTESIAN_POINT('',(0.,760.));
#11610 = VECTOR('',#11611,1.);
#11611 = DIRECTION('',(1.,0.));
#11612 = ( GEOMETRIC_REPRESENTATION_CONTEXT(2) 
PARAMETRIC_REPRESENTATION_CONTEXT() REPRESENTATION_CONTEXT('2D SPACE',''
  ) );
#11613 = ORIENTED_EDGE('',*,*,#11614,.F.);
#11614 = EDGE_CURVE('',#11541,#11592,#11615,.T.);
#11615 = SURFACE_CURVE('',#11616,(#11620,#11627),.PCURVE_S1.);
#11616 = LINE('',#11617,#11618);
#11617 = CARTESIAN_POINT('',(760.,0.,440.));
#11618 = VECTOR('',#11619,1.);
#11619 = DIRECTION('',(-0.,1.,0.));
#11620 = PCURVE('',#11549,#11621);
#11621 = DEFINITIONAL_REPRESENTATION('',(#11622),#11626);
#11622 = LINE('',#11623,#11624);
#11623 = CARTESIAN_POINT('',(440.,0.));
#11624 = VECTOR('',#11625,1.);
#11625 = DIRECTION('',(0.,-1.));
#11626 = ( GEOMETRIC_REPRESENTATION_CONTEXT(2) 
PARAMETRIC_REPRESENTATION_CONTEXT() REPRESENTATION_CONTEXT('2D SPACE',''
  ) );
#11627 = PCURVE('',#11523,#11628);
#11628 = DEFINITIONAL_REPRESENTATION('',(#11629),#11633);
#11629 = LINE('',#11630,#11631);
#11630 = CARTESIAN_POINT('',(760.,0.));
#11631 = VECTOR('',#11632,1.);
#11632 = DIRECTION('',(0.,1.));
#11633 = ( GEOMETRIC_REPRESENTATION_CONTEXT(2) 
PARAMETRIC_REPRESENTATION_CONTEXT() REPRESENTATION_CONTEXT('2D SPACE',''
  ) );
#11634 = ADVANCED_FACE('',(#11635),#11441,.F.);
#11635 = FACE_BOUND('',#11636,.F.);
#11636 = EDGE_LOOP('',(#11637,#11658,#11659,#11680));
#11637 = ORIENTED_EDGE('',*,*,#11638,.F.);
#11638 = EDGE_CURVE('',#11419,#11539,#11639,.T.);
#11639 = SURFACE_CURVE('',#11640,(#11644,#11651),.PCURVE_S1.);
#11640 = LINE('',#11641,#11642);
#11641 = CARTESIAN_POINT('',(0.,0.,0.));
#11642 = VECTOR('',#11643,1.);
#11643 = DIRECTION('',(1.,0.,-0.));
#11644 = PCURVE('',#11441,#11645);
#11645 = DEFINITIONAL_REPRESENTATION('',(#11646),#11650);
#11646 = LINE('',#11647,#11648);
#11647 = CARTESIAN_POINT('',(0.,0.));
#11648 = VECTOR('',#11649,1.);
#11649 = DIRECTION('',(0.,1.));
#11650 = ( GEOMETRIC_REPRESENTATION_CONTEXT(2) 
PARAMETRIC_REPRESENTATION_CONTEXT() REPRESENTATION_CONTEXT('2D SPACE',''
  ) );
#11651 = PCURVE('',#11469,#11652);
#11652 = DEFINITIONAL_REPRESENTATION('',(#11653),#11657);
#11653 = LINE('',#11654,#11655);
#11654 = CARTESIAN_POINT('',(0.,0.));
#11655 = VECTOR('',#11656,1.);
#11656 = DIRECTION('',(1.,0.));
#11657 = ( GEOMETRIC_REPRESENTATION_CONTEXT(2) 
PARAMETRIC_REPRESENTATION_CONTEXT() REPRESENTATION_CONTEXT('2D SPACE',''
  ) );
#11658 = ORIENTED_EDGE('',*,*,#11418,.T.);
#11659 = ORIENTED_EDGE('',*,*,#11660,.T.);
#11660 = EDGE_CURVE('',#11421,#11541,#11661,.T.);
#11661 = SURFACE_CURVE('',#11662,(#11666,#11673),.PCURVE_S1.);
#11662 = LINE('',#11663,#11664);
#11663 = CARTESIAN_POINT('',(0.,0.,440.));
#11664 = VECTOR('',#11665,1.);
#11665 = DIRECTION('',(1.,0.,-0.));
#11666 = PCURVE('',#11441,#11667);
#11667 = DEFINITIONAL_REPRESENTATION('',(#11668),#11672);
#11668 = LINE('',#11669,#11670);
#11669 = CARTESIAN_POINT('',(440.,0.));
#11670 = VECTOR('',#11671,1.);
#11671 = DIRECTION('',(0.,1.));
#11672 = ( GEOMETRIC_REPRESENTATION_CONTEXT(2) 
PARAMETRIC_REPRESENTATION_CONTEXT() REPRESENTATION_CONTEXT('2D SPACE',''
  ) );
#11673 = PCURVE('',#11523,#11674);
#11674 = DEFINITIONAL_REPRESENTATION('',(#11675),#11679);
#11675 = LINE('',#11676,#11677);
#11676 = CARTESIAN_POINT('',(0.,0.));
#11677 = VECTOR('',#11678,1.);
#11678 = DIRECTION('',(1.,0.));
#11679 = ( GEOMETRIC_REPRESENTATION_CONTEXT(2) 
PARAMETRIC_REPRESENTATION_CONTEXT() REPRESENTATION_CONTEXT('2D SPACE',''
  ) );
#11680 = ORIENTED_EDGE('',*,*,#11538,.F.);
#11681 = ADVANCED_FACE('',(#11682),#11497,.T.);
#11682 = FACE_BOUND('',#11683,.T.);
#11683 = EDGE_LOOP('',(#11684,#11705,#11706,#11727));
#11684 = ORIENTED_EDGE('',*,*,#11685,.F.);
#11685 = EDGE_CURVE('',#11454,#11569,#11686,.T.);
#11686 = SURFACE_CURVE('',#11687,(#11691,#11698),.PCURVE_S1.);
#11687 = LINE('',#11688,#11689);
#11688 = CARTESIAN_POINT('',(0.,34.,0.));
#11689 = VECTOR('',#11690,1.);
#11690 = DIRECTION('',(1.,0.,-0.));
#11691 = PCURVE('',#11497,#11692);
#11692 = DEFINITIONAL_REPRESENTATION('',(#11693),#11697);
#11693 = LINE('',#11694,#11695);
#11694 = CARTESIAN_POINT('',(0.,0.));
#11695 = VECTOR('',#11696,1.);
#11696 = DIRECTION('',(0.,1.));
#11697 = ( GEOMETRIC_REPRESENTATION_CONTEXT(2) 
PARAMETRIC_REPRESENTATION_CONTEXT() REPRESENTATION_CONTEXT('2D SPACE',''
  ) );
#11698 = PCURVE('',#11469,#11699);
#11699 = DEFINITIONAL_REPRESENTATION('',(#11700),#11704);
#11700 = LINE('',#11701,#11702);
#11701 = CARTESIAN_POINT('',(0.,34.));
#11702 = VECTOR('',#11703,1.);
#11703 = DIRECTION('',(1.,0.));
#11704 = ( GEOMETRIC_REPRESENTATION_CONTEXT(2) 
PARAMETRIC_REPRESENTATION_CONTEXT() REPRESENTATION_CONTEXT('2D SPACE',''
  ) );
#11705 = ORIENTED_EDGE('',*,*,#11481,.T.);
#11706 = ORIENTED_EDGE('',*,*,#11707,.T.);
#11707 = EDGE_CURVE('',#11482,#11592,#11708,.T.);
#11708 = SURFACE_CURVE('',#11709,(#11713,#11720),.PCURVE_S1.);
#11709 = LINE('',#11710,#11711);
#11710 = CARTESIAN_POINT('',(0.,34.,440.));
#11711 = VECTOR('',#11712,1.);
#11712 = DIRECTION('',(1.,0.,-0.));
#11713 = PCURVE('',#11497,#11714);
#11714 = DEFINITIONAL_REPRESENTATION('',(#11715),#11719);
#11715 = LINE('',#11716,#11717);
#11716 = CARTESIAN_POINT('',(440.,0.));
#11717 = VECTOR('',#11718,1.);
#11718 = DIRECTION('',(0.,1.));
#11719 = ( GEOMETRIC_REPRESENTATION_CONTEXT(2) 
PARAMETRIC_REPRESENTATION_CONTEXT() REPRESENTATION_CONTEXT('2D SPACE',''
  ) );
#11720 = PCURVE('',#11523,#11721);
#11721 = DEFINITIONAL_REPRESENTATION('',(#11722),#11726);
#11722 = LINE('',#11723,#11724);
#11723 = CARTESIAN_POINT('',(0.,34.));
#11724 = VECTOR('',#11725,1.);
#11725 = DIRECTION('',(1.,0.));
#11726 = ( GEOMETRIC_REPRESENTATION_CONTEXT(2) 
PARAMETRIC_REPRESENTATION_CONTEXT() REPRESENTATION_CONTEXT('2D SPACE',''
  ) );
#11727 = ORIENTED_EDGE('',*,*,#11591,.F.);
#11728 = ADVANCED_FACE('',(#11729),#11469,.F.);
#11729 = FACE_BOUND('',#11730,.F.);
#11730 = EDGE_LOOP('',(#11731,#11732,#11733,#11734));
#11731 = ORIENTED_EDGE('',*,*,#11453,.F.);
#11732 = ORIENTED_EDGE('',*,*,#11638,.T.);
#11733 = ORIENTED_EDGE('',*,*,#11568,.T.);
#11734 = ORIENTED_EDGE('',*,*,#11685,.F.);
#11735 = ADVANCED_FACE('',(#11736),#11523,.T.);
#11736 = FACE_BOUND('',#11737,.T.);
#11737 = EDGE_LOOP('',(#11738,#11739,#11740,#11741));
#11738 = ORIENTED_EDGE('',*,*,#11509,.F.);
#11739 = ORIENTED_EDGE('',*,*,#11660,.T.);
#11740 = ORIENTED_EDGE('',*,*,#11614,.T.);
#11741 = ORIENTED_EDGE('',*,*,#11707,.F.);
#11742 = ( GEOMETRIC_REPRESENTATION_CONTEXT(3) 
GLOBAL_UNCERTAINTY_ASSIGNED_CONTEXT((#11746)) 
GLOBAL_UNIT_ASSIGNED_CONTEXT((#11743,#11744,#11745)) 
REPRESENTATION_CONTEXT('Context #1',
  '3D Context with UNIT and UNCERTAINTY') );
#11743 = ( LENGTH_UNIT() NAMED_UNIT(*) SI_UNIT(.MILLI.,.METRE.) );
#11744 = ( NAMED_UNIT(*) PLANE_ANGLE_UNIT() SI_UNIT($,.RADIAN.) );
#11745 = ( NAMED_UNIT(*) SI_UNIT($,.STERADIAN.) SOLID_ANGLE_UNIT() );
#11746 = UNCERTAINTY_MEASURE_WITH_UNIT(LENGTH_MEASURE(1.E-07),#11743,
  'distance_accuracy_value','confusion accuracy');
#11747 = CONTEXT_DEPENDENT_SHAPE_REPRESENTATION(#11748,#11750);
#11748 = ( REPRESENTATION_RELATIONSHIP('','',#11411,#11388) 
REPRESENTATION_RELATIONSHIP_WITH_TRANSFORMATION(#11749) 
SHAPE_REPRESENTATION_RELATIONSHIP() );
#11749 = ITEM_DEFINED_TRANSFORMATION('','',#11,#11389);
#11750 = PRODUCT_DEFINITION_SHAPE('Placement','Placement of an item',
  #11751);
#11751 = NEXT_ASSEMBLY_USAGE_OCCURRENCE('145','=>[0:1:1:83]','',#11383,
  #11406,$);
#11752 = PRODUCT_RELATED_PRODUCT_CATEGORY('part',$,(#11408));
#11753 = SHAPE_DEFINITION_REPRESENTATION(#11754,#11760);
#11754 = PRODUCT_DEFINITION_SHAPE('','',#11755);
#11755 = PRODUCT_DEFINITION('design','',#11756,#11759);
#11756 = PRODUCT_DEFINITION_FORMATION('','',#11757);
#11757 = PRODUCT('right_rear_sharp_aero_fender_brow_surface',
  'right_rear_sharp_aero_fender_brow_surface','',(#11758));
#11758 = PRODUCT_CONTEXT('',#2,'mechanical');
#11759 = PRODUCT_DEFINITION_CONTEXT('part definition',#2,'design');
#11760 = SHAPE_REPRESENTATION('',(#11,#11761),#11765);
#11761 = AXIS2_PLACEMENT_3D('',#11762,#11763,#11764);
#11762 = CARTESIAN_POINT('',(-430.,-28.,-44.));
#11763 = DIRECTION('',(0.,0.,1.));
#11764 = DIRECTION('',(1.,0.,0.));
#11765 = ( GEOMETRIC_REPRESENTATION_CONTEXT(3) 
GLOBAL_UNCERTAINTY_ASSIGNED_CONTEXT((#11769)) 
GLOBAL_UNIT_ASSIGNED_CONTEXT((#11766,#11767,#11768)) 
REPRESENTATION_CONTEXT('Context #1',
  '3D Context with UNIT and UNCERTAINTY') );
#11766 = ( LENGTH_UNIT() NAMED_UNIT(*) SI_UNIT(.MILLI.,.METRE.) );
#11767 = ( NAMED_UNIT(*) PLANE_ANGLE_UNIT() SI_UNIT($,.RADIAN.) );
#11768 = ( NAMED_UNIT(*) SI_UNIT($,.STERADIAN.) SOLID_ANGLE_UNIT() );
#11769 = UNCERTAINTY_MEASURE_WITH_UNIT(LENGTH_MEASURE(1.E-07),#11766,
  'distance_accuracy_value','confusion accuracy');
#11770 = CONTEXT_DEPENDENT_SHAPE_REPRESENTATION(#11771,#11773);
#11771 = ( REPRESENTATION_RELATIONSHIP('','',#11760,#10) 
REPRESENTATION_RELATIONSHIP_WITH_TRANSFORMATION(#11772) 
SHAPE_REPRESENTATION_RELATIONSHIP() );
#11772 = ITEM_DEFINED_TRANSFORMATION('','',#11,#179);
#11773 = PRODUCT_DEFINITION_SHAPE('Placement','Placement of an item',
  #11774);
#11774 = NEXT_ASSEMBLY_USAGE_OCCURRENCE('148','=>[0:1:1:84]','',#5,
  #11755,$);
#11775 = PRODUCT_RELATED_PRODUCT_CATEGORY('part',$,(#11757));
#11776 = SHAPE_DEFINITION_REPRESENTATION(#11777,#11783);
#11777 = PRODUCT_DEFINITION_SHAPE('','',#11778);
#11778 = PRODUCT_DEFINITION('design','',#11779,#11782);
#11779 = PRODUCT_DEFINITION_FORMATION('','',#11780);
#11780 = PRODUCT('SOLID','SOLID','',(#11781));
#11781 = PRODUCT_CONTEXT('',#2,'mechanical');
#11782 = PRODUCT_DEFINITION_CONTEXT('part definition',#2,'design');
#11783 = ADVANCED_BREP_SHAPE_REPRESENTATION('',(#11,#11784),#12114);
#11784 = MANIFOLD_SOLID_BREP('',#11785);
#11785 = CLOSED_SHELL('',(#11786,#11906,#12006,#12053,#12100,#12107));
#11786 = ADVANCED_FACE('',(#11787),#11801,.F.);
#11787 = FACE_BOUND('',#11788,.F.);
#11788 = EDGE_LOOP('',(#11789,#11824,#11852,#11880));
#11789 = ORIENTED_EDGE('',*,*,#11790,.F.);
#11790 = EDGE_CURVE('',#11791,#11793,#11795,.T.);
#11791 = VERTEX_POINT('',#11792);
#11792 = CARTESIAN_POINT('',(0.,0.,0.));
#11793 = VERTEX_POINT('',#11794);
#11794 = CARTESIAN_POINT('',(0.,0.,88.));
#11795 = SURFACE_CURVE('',#11796,(#11800,#11812),.PCURVE_S1.);
#11796 = LINE('',#11797,#11798);
#11797 = CARTESIAN_POINT('',(0.,0.,0.));
#11798 = VECTOR('',#11799,1.);
#11799 = DIRECTION('',(0.,0.,1.));
#11800 = PCURVE('',#11801,#11806);
#11801 = PLANE('',#11802);
#11802 = AXIS2_PLACEMENT_3D('',#11803,#11804,#11805);
#11803 = CARTESIAN_POINT('',(0.,0.,0.));
#11804 = DIRECTION('',(1.,0.,-0.));
#11805 = DIRECTION('',(0.,0.,1.));
#11806 = DEFINITIONAL_REPRESENTATION('',(#11807),#11811);
#11807 = LINE('',#11808,#11809);
#11808 = CARTESIAN_POINT('',(0.,0.));
#11809 = VECTOR('',#11810,1.);
#11810 = DIRECTION('',(1.,0.));
#11811 = ( GEOMETRIC_REPRESENTATION_CONTEXT(2) 
PARAMETRIC_REPRESENTATION_CONTEXT() REPRESENTATION_CONTEXT('2D SPACE',''
  ) );
#11812 = PCURVE('',#11813,#11818);
#11813 = PLANE('',#11814);
#11814 = AXIS2_PLACEMENT_3D('',#11815,#11816,#11817);
#11815 = CARTESIAN_POINT('',(0.,0.,0.));
#11816 = DIRECTION('',(-0.,1.,0.));
#11817 = DIRECTION('',(0.,0.,1.));
#11818 = DEFINITIONAL_REPRESENTATION('',(#11819),#11823);
#11819 = LINE('',#11820,#11821);
#11820 = CARTESIAN_POINT('',(0.,0.));
#11821 = VECTOR('',#11822,1.);
#11822 = DIRECTION('',(1.,0.));
#11823 = ( GEOMETRIC_REPRESENTATION_CONTEXT(2) 
PARAMETRIC_REPRESENTATION_CONTEXT() REPRESENTATION_CONTEXT('2D SPACE',''
  ) );
#11824 = ORIENTED_EDGE('',*,*,#11825,.T.);
#11825 = EDGE_CURVE('',#11791,#11826,#11828,.T.);
#11826 = VERTEX_POINT('',#11827);
#11827 = CARTESIAN_POINT('',(0.,56.,0.));
#11828 = SURFACE_CURVE('',#11829,(#11833,#11840),.PCURVE_S1.);
#11829 = LINE('',#11830,#11831);
#11830 = CARTESIAN_POINT('',(0.,0.,0.));
#11831 = VECTOR('',#11832,1.);
#11832 = DIRECTION('',(-0.,1.,0.));
#11833 = PCURVE('',#11801,#11834);
#11834 = DEFINITIONAL_REPRESENTATION('',(#11835),#11839);
#11835 = LINE('',#11836,#11837);
#11836 = CARTESIAN_POINT('',(0.,0.));
#11837 = VECTOR('',#11838,1.);
#11838 = DIRECTION('',(0.,-1.));
#11839 = ( GEOMETRIC_REPRESENTATION_CONTEXT(2) 
PARAMETRIC_REPRESENTATION_CONTEXT() REPRESENTATION_CONTEXT('2D SPACE',''
  ) );
#11840 = PCURVE('',#11841,#11846);
#11841 = PLANE('',#11842);
#11842 = AXIS2_PLACEMENT_3D('',#11843,#11844,#11845);
#11843 = CARTESIAN_POINT('',(0.,0.,0.));
#11844 = DIRECTION('',(0.,0.,1.));
#11845 = DIRECTION('',(1.,0.,-0.));
#11846 = DEFINITIONAL_REPRESENTATION('',(#11847),#11851);
#11847 = LINE('',#11848,#11849);
#11848 = CARTESIAN_POINT('',(0.,0.));
#11849 = VECTOR('',#11850,1.);
#11850 = DIRECTION('',(0.,1.));
#11851 = ( GEOMETRIC_REPRESENTATION_CONTEXT(2) 
PARAMETRIC_REPRESENTATION_CONTEXT() REPRESENTATION_CONTEXT('2D SPACE',''
  ) );
#11852 = ORIENTED_EDGE('',*,*,#11853,.T.);
#11853 = EDGE_CURVE('',#11826,#11854,#11856,.T.);
#11854 = VERTEX_POINT('',#11855);
#11855 = CARTESIAN_POINT('',(0.,56.,88.));
#11856 = SURFACE_CURVE('',#11857,(#11861,#11868),.PCURVE_S1.);
#11857 = LINE('',#11858,#11859);
#11858 = CARTESIAN_POINT('',(0.,56.,0.));
#11859 = VECTOR('',#11860,1.);
#11860 = DIRECTION('',(0.,0.,1.));
#11861 = PCURVE('',#11801,#11862);
#11862 = DEFINITIONAL_REPRESENTATION('',(#11863),#11867);
#11863 = LINE('',#11864,#11865);
#11864 = CARTESIAN_POINT('',(0.,-56.));
#11865 = VECTOR('',#11866,1.);
#11866 = DIRECTION('',(1.,0.));
#11867 = ( GEOMETRIC_REPRESENTATION_CONTEXT(2) 
PARAMETRIC_REPRESENTATION_CONTEXT() REPRESENTATION_CONTEXT('2D SPACE',''
  ) );
#11868 = PCURVE('',#11869,#11874);
#11869 = PLANE('',#11870);
#11870 = AXIS2_PLACEMENT_3D('',#11871,#11872,#11873);
#11871 = CARTESIAN_POINT('',(0.,56.,0.));
#11872 = DIRECTION('',(-0.,1.,0.));
#11873 = DIRECTION('',(0.,0.,1.));
#11874 = DEFINITIONAL_REPRESENTATION('',(#11875),#11879);
#11875 = LINE('',#11876,#11877);
#11876 = CARTESIAN_POINT('',(0.,0.));
#11877 = VECTOR('',#11878,1.);
#11878 = DIRECTION('',(1.,0.));
#11879 = ( GEOMETRIC_REPRESENTATION_CONTEXT(2) 
PARAMETRIC_REPRESENTATION_CONTEXT() REPRESENTATION_CONTEXT('2D SPACE',''
  ) );
#11880 = ORIENTED_EDGE('',*,*,#11881,.F.);
#11881 = EDGE_CURVE('',#11793,#11854,#11882,.T.);
#11882 = SURFACE_CURVE('',#11883,(#11887,#11894),.PCURVE_S1.);
#11883 = LINE('',#11884,#11885);
#11884 = CARTESIAN_POINT('',(0.,0.,88.));
#11885 = VECTOR('',#11886,1.);
#11886 = DIRECTION('',(-0.,1.,0.));
#11887 = PCURVE('',#11801,#11888);
#11888 = DEFINITIONAL_REPRESENTATION('',(#11889),#11893);
#11889 = LINE('',#11890,#11891);
#11890 = CARTESIAN_POINT('',(88.,0.));
#11891 = VECTOR('',#11892,1.);
#11892 = DIRECTION('',(0.,-1.));
#11893 = ( GEOMETRIC_REPRESENTATION_CONTEXT(2) 
PARAMETRIC_REPRESENTATION_CONTEXT() REPRESENTATION_CONTEXT('2D SPACE',''
  ) );
#11894 = PCURVE('',#11895,#11900);
#11895 = PLANE('',#11896);
#11896 = AXIS2_PLACEMENT_3D('',#11897,#11898,#11899);
#11897 = CARTESIAN_POINT('',(0.,0.,88.));
#11898 = DIRECTION('',(0.,0.,1.));
#11899 = DIRECTION('',(1.,0.,-0.));
#11900 = DEFINITIONAL_REPRESENTATION('',(#11901),#11905);
#11901 = LINE('',#11902,#11903);
#11902 = CARTESIAN_POINT('',(0.,0.));
#11903 = VECTOR('',#11904,1.);
#11904 = DIRECTION('',(0.,1.));
#11905 = ( GEOMETRIC_REPRESENTATION_CONTEXT(2) 
PARAMETRIC_REPRESENTATION_CONTEXT() REPRESENTATION_CONTEXT('2D SPACE',''
  ) );
#11906 = ADVANCED_FACE('',(#11907),#11921,.T.);
#11907 = FACE_BOUND('',#11908,.T.);
#11908 = EDGE_LOOP('',(#11909,#11939,#11962,#11985));
#11909 = ORIENTED_EDGE('',*,*,#11910,.F.);
#11910 = EDGE_CURVE('',#11911,#11913,#11915,.T.);
#11911 = VERTEX_POINT('',#11912);
#11912 = CARTESIAN_POINT('',(860.,0.,0.));
#11913 = VERTEX_POINT('',#11914);
#11914 = CARTESIAN_POINT('',(860.,0.,88.));
#11915 = SURFACE_CURVE('',#11916,(#11920,#11932),.PCURVE_S1.);
#11916 = LINE('',#11917,#11918);
#11917 = CARTESIAN_POINT('',(860.,0.,0.));
#11918 = VECTOR('',#11919,1.);
#11919 = DIRECTION('',(0.,0.,1.));
#11920 = PCURVE('',#11921,#11926);
#11921 = PLANE('',#11922);
#11922 = AXIS2_PLACEMENT_3D('',#11923,#11924,#11925);
#11923 = CARTESIAN_POINT('',(860.,0.,0.));
#11924 = DIRECTION('',(1.,0.,-0.));
#11925 = DIRECTION('',(0.,0.,1.));
#11926 = DEFINITIONAL_REPRESENTATION('',(#11927),#11931);
#11927 = LINE('',#11928,#11929);
#11928 = CARTESIAN_POINT('',(0.,0.));
#11929 = VECTOR('',#11930,1.);
#11930 = DIRECTION('',(1.,0.));
#11931 = ( GEOMETRIC_REPRESENTATION_CONTEXT(2) 
PARAMETRIC_REPRESENTATION_CONTEXT() REPRESENTATION_CONTEXT('2D SPACE',''
  ) );
#11932 = PCURVE('',#11813,#11933);
#11933 = DEFINITIONAL_REPRESENTATION('',(#11934),#11938);
#11934 = LINE('',#11935,#11936);
#11935 = CARTESIAN_POINT('',(0.,860.));
#11936 = VECTOR('',#11937,1.);
#11937 = DIRECTION('',(1.,0.));
#11938 = ( GEOMETRIC_REPRESENTATION_CONTEXT(2) 
PARAMETRIC_REPRESENTATION_CONTEXT() REPRESENTATION_CONTEXT('2D SPACE',''
  ) );
#11939 = ORIENTED_EDGE('',*,*,#11940,.T.);
#11940 = EDGE_CURVE('',#11911,#11941,#11943,.T.);
#11941 = VERTEX_POINT('',#11942);
#11942 = CARTESIAN_POINT('',(860.,56.,0.));
#11943 = SURFACE_CURVE('',#11944,(#11948,#11955),.PCURVE_S1.);
#11944 = LINE('',#11945,#11946);
#11945 = CARTESIAN_POINT('',(860.,0.,0.));
#11946 = VECTOR('',#11947,1.);
#11947 = DIRECTION('',(-0.,1.,0.));
#11948 = PCURVE('',#11921,#11949);
#11949 = DEFINITIONAL_REPRESENTATION('',(#11950),#11954);
#11950 = LINE('',#11951,#11952);
#11951 = CARTESIAN_POINT('',(0.,0.));
#11952 = VECTOR('',#11953,1.);
#11953 = DIRECTION('',(0.,-1.));
#11954 = ( GEOMETRIC_REPRESENTATION_CONTEXT(2) 
PARAMETRIC_REPRESENTATION_CONTEXT() REPRESENTATION_CONTEXT('2D SPACE',''
  ) );
#11955 = PCURVE('',#11841,#11956);
#11956 = DEFINITIONAL_REPRESENTATION('',(#11957),#11961);
#11957 = LINE('',#11958,#11959);
#11958 = CARTESIAN_POINT('',(860.,0.));
#11959 = VECTOR('',#11960,1.);
#11960 = DIRECTION('',(0.,1.));
#11961 = ( GEOMETRIC_REPRESENTATION_CONTEXT(2) 
PARAMETRIC_REPRESENTATION_CONTEXT() REPRESENTATION_CONTEXT('2D SPACE',''
  ) );
#11962 = ORIENTED_EDGE('',*,*,#11963,.T.);
#11963 = EDGE_CURVE('',#11941,#11964,#11966,.T.);
#11964 = VERTEX_POINT('',#11965);
#11965 = CARTESIAN_POINT('',(860.,56.,88.));
#11966 = SURFACE_CURVE('',#11967,(#11971,#11978),.PCURVE_S1.);
#11967 = LINE('',#11968,#11969);
#11968 = CARTESIAN_POINT('',(860.,56.,0.));
#11969 = VECTOR('',#11970,1.);
#11970 = DIRECTION('',(0.,0.,1.));
#11971 = PCURVE('',#11921,#11972);
#11972 = DEFINITIONAL_REPRESENTATION('',(#11973),#11977);
#11973 = LINE('',#11974,#11975);
#11974 = CARTESIAN_POINT('',(0.,-56.));
#11975 = VECTOR('',#11976,1.);
#11976 = DIRECTION('',(1.,0.));
#11977 = ( GEOMETRIC_REPRESENTATION_CONTEXT(2) 
PARAMETRIC_REPRESENTATION_CONTEXT() REPRESENTATION_CONTEXT('2D SPACE',''
  ) );
#11978 = PCURVE('',#11869,#11979);
#11979 = DEFINITIONAL_REPRESENTATION('',(#11980),#11984);
#11980 = LINE('',#11981,#11982);
#11981 = CARTESIAN_POINT('',(0.,860.));
#11982 = VECTOR('',#11983,1.);
#11983 = DIRECTION('',(1.,0.));
#11984 = ( GEOMETRIC_REPRESENTATION_CONTEXT(2) 
PARAMETRIC_REPRESENTATION_CONTEXT() REPRESENTATION_CONTEXT('2D SPACE',''
  ) );
#11985 = ORIENTED_EDGE('',*,*,#11986,.F.);
#11986 = EDGE_CURVE('',#11913,#11964,#11987,.T.);
#11987 = SURFACE_CURVE('',#11988,(#11992,#11999),.PCURVE_S1.);
#11988 = LINE('',#11989,#11990);
#11989 = CARTESIAN_POINT('',(860.,0.,88.));
#11990 = VECTOR('',#11991,1.);
#11991 = DIRECTION('',(-0.,1.,0.));
#11992 = PCURVE('',#11921,#11993);
#11993 = DEFINITIONAL_REPRESENTATION('',(#11994),#11998);
#11994 = LINE('',#11995,#11996);
#11995 = CARTESIAN_POINT('',(88.,0.));
#11996 = VECTOR('',#11997,1.);
#11997 = DIRECTION('',(0.,-1.));
#11998 = ( GEOMETRIC_REPRESENTATION_CONTEXT(2) 
PARAMETRIC_REPRESENTATION_CONTEXT() REPRESENTATION_CONTEXT('2D SPACE',''
  ) );
#11999 = PCURVE('',#11895,#12000);
#12000 = DEFINITIONAL_REPRESENTATION('',(#12001),#12005);
#12001 = LINE('',#12002,#12003);
#12002 = CARTESIAN_POINT('',(860.,0.));
#12003 = VECTOR('',#12004,1.);
#12004 = DIRECTION('',(0.,1.));
#12005 = ( GEOMETRIC_REPRESENTATION_CONTEXT(2) 
PARAMETRIC_REPRESENTATION_CONTEXT() REPRESENTATION_CONTEXT('2D SPACE',''
  ) );
#12006 = ADVANCED_FACE('',(#12007),#11813,.F.);
#12007 = FACE_BOUND('',#12008,.F.);
#12008 = EDGE_LOOP('',(#12009,#12030,#12031,#12052));
#12009 = ORIENTED_EDGE('',*,*,#12010,.F.);
#12010 = EDGE_CURVE('',#11791,#11911,#12011,.T.);
#12011 = SURFACE_CURVE('',#12012,(#12016,#12023),.PCURVE_S1.);
#12012 = LINE('',#12013,#12014);
#12013 = CARTESIAN_POINT('',(0.,0.,0.));
#12014 = VECTOR('',#12015,1.);
#12015 = DIRECTION('',(1.,0.,-0.));
#12016 = PCURVE('',#11813,#12017);
#12017 = DEFINITIONAL_REPRESENTATION('',(#12018),#12022);
#12018 = LINE('',#12019,#12020);
#12019 = CARTESIAN_POINT('',(0.,0.));
#12020 = VECTOR('',#12021,1.);
#12021 = DIRECTION('',(0.,1.));
#12022 = ( GEOMETRIC_REPRESENTATION_CONTEXT(2) 
PARAMETRIC_REPRESENTATION_CONTEXT() REPRESENTATION_CONTEXT('2D SPACE',''
  ) );
#12023 = PCURVE('',#11841,#12024);
#12024 = DEFINITIONAL_REPRESENTATION('',(#12025),#12029);
#12025 = LINE('',#12026,#12027);
#12026 = CARTESIAN_POINT('',(0.,0.));
#12027 = VECTOR('',#12028,1.);
#12028 = DIRECTION('',(1.,0.));
#12029 = ( GEOMETRIC_REPRESENTATION_CONTEXT(2) 
PARAMETRIC_REPRESENTATION_CONTEXT() REPRESENTATION_CONTEXT('2D SPACE',''
  ) );
#12030 = ORIENTED_EDGE('',*,*,#11790,.T.);
#12031 = ORIENTED_EDGE('',*,*,#12032,.T.);
#12032 = EDGE_CURVE('',#11793,#11913,#12033,.T.);
#12033 = SURFACE_CURVE('',#12034,(#12038,#12045),.PCURVE_S1.);
#12034 = LINE('',#12035,#12036);
#12035 = CARTESIAN_POINT('',(0.,0.,88.));
#12036 = VECTOR('',#12037,1.);
#12037 = DIRECTION('',(1.,0.,-0.));
#12038 = PCURVE('',#11813,#12039);
#12039 = DEFINITIONAL_REPRESENTATION('',(#12040),#12044);
#12040 = LINE('',#12041,#12042);
#12041 = CARTESIAN_POINT('',(88.,0.));
#12042 = VECTOR('',#12043,1.);
#12043 = DIRECTION('',(0.,1.));
#12044 = ( GEOMETRIC_REPRESENTATION_CONTEXT(2) 
PARAMETRIC_REPRESENTATION_CONTEXT() REPRESENTATION_CONTEXT('2D SPACE',''
  ) );
#12045 = PCURVE('',#11895,#12046);
#12046 = DEFINITIONAL_REPRESENTATION('',(#12047),#12051);
#12047 = LINE('',#12048,#12049);
#12048 = CARTESIAN_POINT('',(0.,0.));
#12049 = VECTOR('',#12050,1.);
#12050 = DIRECTION('',(1.,0.));
#12051 = ( GEOMETRIC_REPRESENTATION_CONTEXT(2) 
PARAMETRIC_REPRESENTATION_CONTEXT() REPRESENTATION_CONTEXT('2D SPACE',''
  ) );
#12052 = ORIENTED_EDGE('',*,*,#11910,.F.);
#12053 = ADVANCED_FACE('',(#12054),#11869,.T.);
#12054 = FACE_BOUND('',#12055,.T.);
#12055 = EDGE_LOOP('',(#12056,#12077,#12078,#12099));
#12056 = ORIENTED_EDGE('',*,*,#12057,.F.);
#12057 = EDGE_CURVE('',#11826,#11941,#12058,.T.);
#12058 = SURFACE_CURVE('',#12059,(#12063,#12070),.PCURVE_S1.);
#12059 = LINE('',#12060,#12061);
#12060 = CARTESIAN_POINT('',(0.,56.,0.));
#12061 = VECTOR('',#12062,1.);
#12062 = DIRECTION('',(1.,0.,-0.));
#12063 = PCURVE('',#11869,#12064);
#12064 = DEFINITIONAL_REPRESENTATION('',(#12065),#12069);
#12065 = LINE('',#12066,#12067);
#12066 = CARTESIAN_POINT('',(0.,0.));
#12067 = VECTOR('',#12068,1.);
#12068 = DIRECTION('',(0.,1.));
#12069 = ( GEOMETRIC_REPRESENTATION_CONTEXT(2) 
PARAMETRIC_REPRESENTATION_CONTEXT() REPRESENTATION_CONTEXT('2D SPACE',''
  ) );
#12070 = PCURVE('',#11841,#12071);
#12071 = DEFINITIONAL_REPRESENTATION('',(#12072),#12076);
#12072 = LINE('',#12073,#12074);
#12073 = CARTESIAN_POINT('',(0.,56.));
#12074 = VECTOR('',#12075,1.);
#12075 = DIRECTION('',(1.,0.));
#12076 = ( GEOMETRIC_REPRESENTATION_CONTEXT(2) 
PARAMETRIC_REPRESENTATION_CONTEXT() REPRESENTATION_CONTEXT('2D SPACE',''
  ) );
#12077 = ORIENTED_EDGE('',*,*,#11853,.T.);
#12078 = ORIENTED_EDGE('',*,*,#12079,.T.);
#12079 = EDGE_CURVE('',#11854,#11964,#12080,.T.);
#12080 = SURFACE_CURVE('',#12081,(#12085,#12092),.PCURVE_S1.);
#12081 = LINE('',#12082,#12083);
#12082 = CARTESIAN_POINT('',(0.,56.,88.));
#12083 = VECTOR('',#12084,1.);
#12084 = DIRECTION('',(1.,0.,-0.));
#12085 = PCURVE('',#11869,#12086);
#12086 = DEFINITIONAL_REPRESENTATION('',(#12087),#12091);
#12087 = LINE('',#12088,#12089);
#12088 = CARTESIAN_POINT('',(88.,0.));
#12089 = VECTOR('',#12090,1.);
#12090 = DIRECTION('',(0.,1.));
#12091 = ( GEOMETRIC_REPRESENTATION_CONTEXT(2) 
PARAMETRIC_REPRESENTATION_CONTEXT() REPRESENTATION_CONTEXT('2D SPACE',''
  ) );
#12092 = PCURVE('',#11895,#12093);
#12093 = DEFINITIONAL_REPRESENTATION('',(#12094),#12098);
#12094 = LINE('',#12095,#12096);
#12095 = CARTESIAN_POINT('',(0.,56.));
#12096 = VECTOR('',#12097,1.);
#12097 = DIRECTION('',(1.,0.));
#12098 = ( GEOMETRIC_REPRESENTATION_CONTEXT(2) 
PARAMETRIC_REPRESENTATION_CONTEXT() REPRESENTATION_CONTEXT('2D SPACE',''
  ) );
#12099 = ORIENTED_EDGE('',*,*,#11963,.F.);
#12100 = ADVANCED_FACE('',(#12101),#11841,.F.);
#12101 = FACE_BOUND('',#12102,.F.);
#12102 = EDGE_LOOP('',(#12103,#12104,#12105,#12106));
#12103 = ORIENTED_EDGE('',*,*,#11825,.F.);
#12104 = ORIENTED_EDGE('',*,*,#12010,.T.);
#12105 = ORIENTED_EDGE('',*,*,#11940,.T.);
#12106 = ORIENTED_EDGE('',*,*,#12057,.F.);
#12107 = ADVANCED_FACE('',(#12108),#11895,.T.);
#12108 = FACE_BOUND('',#12109,.T.);
#12109 = EDGE_LOOP('',(#12110,#12111,#12112,#12113));
#12110 = ORIENTED_EDGE('',*,*,#11881,.F.);
#12111 = ORIENTED_EDGE('',*,*,#12032,.T.);
#12112 = ORIENTED_EDGE('',*,*,#11986,.T.);
#12113 = ORIENTED_EDGE('',*,*,#12079,.F.);
#12114 = ( GEOMETRIC_REPRESENTATION_CONTEXT(3) 
GLOBAL_UNCERTAINTY_ASSIGNED_CONTEXT((#12118)) 
GLOBAL_UNIT_ASSIGNED_CONTEXT((#12115,#12116,#12117)) 
REPRESENTATION_CONTEXT('Context #1',
  '3D Context with UNIT and UNCERTAINTY') );
#12115 = ( LENGTH_UNIT() NAMED_UNIT(*) SI_UNIT(.MILLI.,.METRE.) );
#12116 = ( NAMED_UNIT(*) PLANE_ANGLE_UNIT() SI_UNIT($,.RADIAN.) );
#12117 = ( NAMED_UNIT(*) SI_UNIT($,.STERADIAN.) SOLID_ANGLE_UNIT() );
#12118 = UNCERTAINTY_MEASURE_WITH_UNIT(LENGTH_MEASURE(1.E-07),#12115,
  'distance_accuracy_value','confusion accuracy');
#12119 = CONTEXT_DEPENDENT_SHAPE_REPRESENTATION(#12120,#12122);
#12120 = ( REPRESENTATION_RELATIONSHIP('','',#11783,#11760) 
REPRESENTATION_RELATIONSHIP_WITH_TRANSFORMATION(#12121) 
SHAPE_REPRESENTATION_RELATIONSHIP() );
#12121 = ITEM_DEFINED_TRANSFORMATION('','',#11,#11761);
#12122 = PRODUCT_DEFINITION_SHAPE('Placement','Placement of an item',
  #12123);
#12123 = NEXT_ASSEMBLY_USAGE_OCCURRENCE('147','=>[0:1:1:85]','',#11755,
  #11778,$);
#12124 = PRODUCT_RELATED_PRODUCT_CATEGORY('part',$,(#11780));
#12125 = SHAPE_DEFINITION_REPRESENTATION(#12126,#12132);
#12126 = PRODUCT_DEFINITION_SHAPE('','',#12127);
#12127 = PRODUCT_DEFINITION('design','',#12128,#12131);
#12128 = PRODUCT_DEFINITION_FORMATION('','',#12129);
#12129 = PRODUCT('right_rear_covered_wheel_spoke_01',
  'right_rear_covered_wheel_spoke_01','',(#12130));
#12130 = PRODUCT_CONTEXT('',#2,'mechanical');
#12131 = PRODUCT_DEFINITION_CONTEXT('part definition',#2,'design');
#12132 = SHAPE_REPRESENTATION('',(#11,#12133),#12137);
#12133 = AXIS2_PLACEMENT_3D('',#12134,#12135,#12136);
#12134 = CARTESIAN_POINT('',(-22.,-173.5,-216.2));
#12135 = DIRECTION('',(0.,0.,1.));
#12136 = DIRECTION('',(1.,0.,0.));
#12137 = ( GEOMETRIC_REPRESENTATION_CONTEXT(3) 
GLOBAL_UNCERTAINTY_ASSIGNED_CONTEXT((#12141)) 
GLOBAL_UNIT_ASSIGNED_CONTEXT((#12138,#12139,#12140)) 
REPRESENTATION_CONTEXT('Context #1',
  '3D Context with UNIT and UNCERTAINTY') );
#12138 = ( LENGTH_UNIT() NAMED_UNIT(*) SI_UNIT(.MILLI.,.METRE.) );
#12139 = ( NAMED_UNIT(*) PLANE_ANGLE_UNIT() SI_UNIT($,.RADIAN.) );
#12140 = ( NAMED_UNIT(*) SI_UNIT($,.STERADIAN.) SOLID_ANGLE_UNIT() );
#12141 = UNCERTAINTY_MEASURE_WITH_UNIT(LENGTH_MEASURE(1.E-07),#12138,
  'distance_accuracy_value','confusion accuracy');
#12142 = CONTEXT_DEPENDENT_SHAPE_REPRESENTATION(#12143,#12145);
#12143 = ( REPRESENTATION_RELATIONSHIP('','',#12132,#10) 
REPRESENTATION_RELATIONSHIP_WITH_TRANSFORMATION(#12144) 
SHAPE_REPRESENTATION_RELATIONSHIP() );
#12144 = ITEM_DEFINED_TRANSFORMATION('','',#11,#183);
#12145 = PRODUCT_DEFINITION_SHAPE('Placement','Placement of an item',
  #12146);
#12146 = NEXT_ASSEMBLY_USAGE_OCCURRENCE('150','=>[0:1:1:86]','',#5,
  #12127,$);
#12147 = PRODUCT_RELATED_PRODUCT_CATEGORY('part',$,(#12129));
#12148 = SHAPE_DEFINITION_REPRESENTATION(#12149,#12155);
#12149 = PRODUCT_DEFINITION_SHAPE('','',#12150);
#12150 = PRODUCT_DEFINITION('design','',#12151,#12154);
#12151 = PRODUCT_DEFINITION_FORMATION('','',#12152);
#12152 = PRODUCT('SOLID','SOLID','',(#12153));
#12153 = PRODUCT_CONTEXT('',#2,'mechanical');
#12154 = PRODUCT_DEFINITION_CONTEXT('part definition',#2,'design');
#12155 = ADVANCED_BREP_SHAPE_REPRESENTATION('',(#11,#12156),#12486);
#12156 = MANIFOLD_SOLID_BREP('',#12157);
#12157 = CLOSED_SHELL('',(#12158,#12278,#12378,#12425,#12472,#12479));
#12158 = ADVANCED_FACE('',(#12159),#12173,.F.);
#12159 = FACE_BOUND('',#12160,.F.);
#12160 = EDGE_LOOP('',(#12161,#12196,#12224,#12252));
#12161 = ORIENTED_EDGE('',*,*,#12162,.F.);
#12162 = EDGE_CURVE('',#12163,#12165,#12167,.T.);
#12163 = VERTEX_POINT('',#12164);
#12164 = CARTESIAN_POINT('',(0.,0.,0.));
#12165 = VERTEX_POINT('',#12166);
#12166 = CARTESIAN_POINT('',(0.,0.,432.4));
#12167 = SURFACE_CURVE('',#12168,(#12172,#12184),.PCURVE_S1.);
#12168 = LINE('',#12169,#12170);
#12169 = CARTESIAN_POINT('',(0.,0.,0.));
#12170 = VECTOR('',#12171,1.);
#12171 = DIRECTION('',(0.,0.,1.));
#12172 = PCURVE('',#12173,#12178);
#12173 = PLANE('',#12174);
#12174 = AXIS2_PLACEMENT_3D('',#12175,#12176,#12177);
#12175 = CARTESIAN_POINT('',(0.,0.,0.));
#12176 = DIRECTION('',(1.,0.,-0.));
#12177 = DIRECTION('',(0.,0.,1.));
#12178 = DEFINITIONAL_REPRESENTATION('',(#12179),#12183);
#12179 = LINE('',#12180,#12181);
#12180 = CARTESIAN_POINT('',(0.,0.));
#12181 = VECTOR('',#12182,1.);
#12182 = DIRECTION('',(1.,0.));
#12183 = ( GEOMETRIC_REPRESENTATION_CONTEXT(2) 
PARAMETRIC_REPRESENTATION_CONTEXT() REPRESENTATION_CONTEXT('2D SPACE',''
  ) );
#12184 = PCURVE('',#12185,#12190);
#12185 = PLANE('',#12186);
#12186 = AXIS2_PLACEMENT_3D('',#12187,#12188,#12189);
#12187 = CARTESIAN_POINT('',(0.,0.,0.));
#12188 = DIRECTION('',(-0.,1.,0.));
#12189 = DIRECTION('',(0.,0.,1.));
#12190 = DEFINITIONAL_REPRESENTATION('',(#12191),#12195);
#12191 = LINE('',#12192,#12193);
#12192 = CARTESIAN_POINT('',(0.,0.));
#12193 = VECTOR('',#12194,1.);
#12194 = DIRECTION('',(1.,0.));
#12195 = ( GEOMETRIC_REPRESENTATION_CONTEXT(2) 
PARAMETRIC_REPRESENTATION_CONTEXT() REPRESENTATION_CONTEXT('2D SPACE',''
  ) );
#12196 = ORIENTED_EDGE('',*,*,#12197,.T.);
#12197 = EDGE_CURVE('',#12163,#12198,#12200,.T.);
#12198 = VERTEX_POINT('',#12199);
#12199 = CARTESIAN_POINT('',(0.,347.,0.));
#12200 = SURFACE_CURVE('',#12201,(#12205,#12212),.PCURVE_S1.);
#12201 = LINE('',#12202,#12203);
#12202 = CARTESIAN_POINT('',(0.,0.,0.));
#12203 = VECTOR('',#12204,1.);
#12204 = DIRECTION('',(-0.,1.,0.));
#12205 = PCURVE('',#12173,#12206);
#12206 = DEFINITIONAL_REPRESENTATION('',(#12207),#12211);
#12207 = LINE('',#12208,#12209);
#12208 = CARTESIAN_POINT('',(0.,0.));
#12209 = VECTOR('',#12210,1.);
#12210 = DIRECTION('',(0.,-1.));
#12211 = ( GEOMETRIC_REPRESENTATION_CONTEXT(2) 
PARAMETRIC_REPRESENTATION_CONTEXT() REPRESENTATION_CONTEXT('2D SPACE',''
  ) );
#12212 = PCURVE('',#12213,#12218);
#12213 = PLANE('',#12214);
#12214 = AXIS2_PLACEMENT_3D('',#12215,#12216,#12217);
#12215 = CARTESIAN_POINT('',(0.,0.,0.));
#12216 = DIRECTION('',(0.,0.,1.));
#12217 = DIRECTION('',(1.,0.,-0.));
#12218 = DEFINITIONAL_REPRESENTATION('',(#12219),#12223);
#12219 = LINE('',#12220,#12221);
#12220 = CARTESIAN_POINT('',(0.,0.));
#12221 = VECTOR('',#12222,1.);
#12222 = DIRECTION('',(0.,1.));
#12223 = ( GEOMETRIC_REPRESENTATION_CONTEXT(2) 
PARAMETRIC_REPRESENTATION_CONTEXT() REPRESENTATION_CONTEXT('2D SPACE',''
  ) );
#12224 = ORIENTED_EDGE('',*,*,#12225,.T.);
#12225 = EDGE_CURVE('',#12198,#12226,#12228,.T.);
#12226 = VERTEX_POINT('',#12227);
#12227 = CARTESIAN_POINT('',(0.,347.,432.4));
#12228 = SURFACE_CURVE('',#12229,(#12233,#12240),.PCURVE_S1.);
#12229 = LINE('',#12230,#12231);
#12230 = CARTESIAN_POINT('',(0.,347.,0.));
#12231 = VECTOR('',#12232,1.);
#12232 = DIRECTION('',(0.,0.,1.));
#12233 = PCURVE('',#12173,#12234);
#12234 = DEFINITIONAL_REPRESENTATION('',(#12235),#12239);
#12235 = LINE('',#12236,#12237);
#12236 = CARTESIAN_POINT('',(0.,-347.));
#12237 = VECTOR('',#12238,1.);
#12238 = DIRECTION('',(1.,0.));
#12239 = ( GEOMETRIC_REPRESENTATION_CONTEXT(2) 
PARAMETRIC_REPRESENTATION_CONTEXT() REPRESENTATION_CONTEXT('2D SPACE',''
  ) );
#12240 = PCURVE('',#12241,#12246);
#12241 = PLANE('',#12242);
#12242 = AXIS2_PLACEMENT_3D('',#12243,#12244,#12245);
#12243 = CARTESIAN_POINT('',(0.,347.,0.));
#12244 = DIRECTION('',(-0.,1.,0.));
#12245 = DIRECTION('',(0.,0.,1.));
#12246 = DEFINITIONAL_REPRESENTATION('',(#12247),#12251);
#12247 = LINE('',#12248,#12249);
#12248 = CARTESIAN_POINT('',(0.,0.));
#12249 = VECTOR('',#12250,1.);
#12250 = DIRECTION('',(1.,0.));
#12251 = ( GEOMETRIC_REPRESENTATION_CONTEXT(2) 
PARAMETRIC_REPRESENTATION_CONTEXT() REPRESENTATION_CONTEXT('2D SPACE',''
  ) );
#12252 = ORIENTED_EDGE('',*,*,#12253,.F.);
#12253 = EDGE_CURVE('',#12165,#12226,#12254,.T.);
#12254 = SURFACE_CURVE('',#12255,(#12259,#12266),.PCURVE_S1.);
#12255 = LINE('',#12256,#12257);
#12256 = CARTESIAN_POINT('',(0.,0.,432.4));
#12257 = VECTOR('',#12258,1.);
#12258 = DIRECTION('',(-0.,1.,0.));
#12259 = PCURVE('',#12173,#12260);
#12260 = DEFINITIONAL_REPRESENTATION('',(#12261),#12265);
#12261 = LINE('',#12262,#12263);
#12262 = CARTESIAN_POINT('',(432.4,0.));
#12263 = VECTOR('',#12264,1.);
#12264 = DIRECTION('',(0.,-1.));
#12265 = ( GEOMETRIC_REPRESENTATION_CONTEXT(2) 
PARAMETRIC_REPRESENTATION_CONTEXT() REPRESENTATION_CONTEXT('2D SPACE',''
  ) );
#12266 = PCURVE('',#12267,#12272);
#12267 = PLANE('',#12268);
#12268 = AXIS2_PLACEMENT_3D('',#12269,#12270,#12271);
#12269 = CARTESIAN_POINT('',(0.,0.,432.4));
#12270 = DIRECTION('',(0.,0.,1.));
#12271 = DIRECTION('',(1.,0.,-0.));
#12272 = DEFINITIONAL_REPRESENTATION('',(#12273),#12277);
#12273 = LINE('',#12274,#12275);
#12274 = CARTESIAN_POINT('',(0.,0.));
#12275 = VECTOR('',#12276,1.);
#12276 = DIRECTION('',(0.,1.));
#12277 = ( GEOMETRIC_REPRESENTATION_CONTEXT(2) 
PARAMETRIC_REPRESENTATION_CONTEXT() REPRESENTATION_CONTEXT('2D SPACE',''
  ) );
#12278 = ADVANCED_FACE('',(#12279),#12293,.T.);
#12279 = FACE_BOUND('',#12280,.T.);
#12280 = EDGE_LOOP('',(#12281,#12311,#12334,#12357));
#12281 = ORIENTED_EDGE('',*,*,#12282,.F.);
#12282 = EDGE_CURVE('',#12283,#12285,#12287,.T.);
#12283 = VERTEX_POINT('',#12284);
#12284 = CARTESIAN_POINT('',(44.,0.,0.));
#12285 = VERTEX_POINT('',#12286);
#12286 = CARTESIAN_POINT('',(44.,0.,432.4));
#12287 = SURFACE_CURVE('',#12288,(#12292,#12304),.PCURVE_S1.);
#12288 = LINE('',#12289,#12290);
#12289 = CARTESIAN_POINT('',(44.,0.,0.));
#12290 = VECTOR('',#12291,1.);
#12291 = DIRECTION('',(0.,0.,1.));
#12292 = PCURVE('',#12293,#12298);
#12293 = PLANE('',#12294);
#12294 = AXIS2_PLACEMENT_3D('',#12295,#12296,#12297);
#12295 = CARTESIAN_POINT('',(44.,0.,0.));
#12296 = DIRECTION('',(1.,0.,-0.));
#12297 = DIRECTION('',(0.,0.,1.));
#12298 = DEFINITIONAL_REPRESENTATION('',(#12299),#12303);
#12299 = LINE('',#12300,#12301);
#12300 = CARTESIAN_POINT('',(0.,0.));
#12301 = VECTOR('',#12302,1.);
#12302 = DIRECTION('',(1.,0.));
#12303 = ( GEOMETRIC_REPRESENTATION_CONTEXT(2) 
PARAMETRIC_REPRESENTATION_CONTEXT() REPRESENTATION_CONTEXT('2D SPACE',''
  ) );
#12304 = PCURVE('',#12185,#12305);
#12305 = DEFINITIONAL_REPRESENTATION('',(#12306),#12310);
#12306 = LINE('',#12307,#12308);
#12307 = CARTESIAN_POINT('',(0.,44.));
#12308 = VECTOR('',#12309,1.);
#12309 = DIRECTION('',(1.,0.));
#12310 = ( GEOMETRIC_REPRESENTATION_CONTEXT(2) 
PARAMETRIC_REPRESENTATION_CONTEXT() REPRESENTATION_CONTEXT('2D SPACE',''
  ) );
#12311 = ORIENTED_EDGE('',*,*,#12312,.T.);
#12312 = EDGE_CURVE('',#12283,#12313,#12315,.T.);
#12313 = VERTEX_POINT('',#12314);
#12314 = CARTESIAN_POINT('',(44.,347.,0.));
#12315 = SURFACE_CURVE('',#12316,(#12320,#12327),.PCURVE_S1.);
#12316 = LINE('',#12317,#12318);
#12317 = CARTESIAN_POINT('',(44.,0.,0.));
#12318 = VECTOR('',#12319,1.);
#12319 = DIRECTION('',(-0.,1.,0.));
#12320 = PCURVE('',#12293,#12321);
#12321 = DEFINITIONAL_REPRESENTATION('',(#12322),#12326);
#12322 = LINE('',#12323,#12324);
#12323 = CARTESIAN_POINT('',(0.,0.));
#12324 = VECTOR('',#12325,1.);
#12325 = DIRECTION('',(0.,-1.));
#12326 = ( GEOMETRIC_REPRESENTATION_CONTEXT(2) 
PARAMETRIC_REPRESENTATION_CONTEXT() REPRESENTATION_CONTEXT('2D SPACE',''
  ) );
#12327 = PCURVE('',#12213,#12328);
#12328 = DEFINITIONAL_REPRESENTATION('',(#12329),#12333);
#12329 = LINE('',#12330,#12331);
#12330 = CARTESIAN_POINT('',(44.,0.));
#12331 = VECTOR('',#12332,1.);
#12332 = DIRECTION('',(0.,1.));
#12333 = ( GEOMETRIC_REPRESENTATION_CONTEXT(2) 
PARAMETRIC_REPRESENTATION_CONTEXT() REPRESENTATION_CONTEXT('2D SPACE',''
  ) );
#12334 = ORIENTED_EDGE('',*,*,#12335,.T.);
#12335 = EDGE_CURVE('',#12313,#12336,#12338,.T.);
#12336 = VERTEX_POINT('',#12337);
#12337 = CARTESIAN_POINT('',(44.,347.,432.4));
#12338 = SURFACE_CURVE('',#12339,(#12343,#12350),.PCURVE_S1.);
#12339 = LINE('',#12340,#12341);
#12340 = CARTESIAN_POINT('',(44.,347.,0.));
#12341 = VECTOR('',#12342,1.);
#12342 = DIRECTION('',(0.,0.,1.));
#12343 = PCURVE('',#12293,#12344);
#12344 = DEFINITIONAL_REPRESENTATION('',(#12345),#12349);
#12345 = LINE('',#12346,#12347);
#12346 = CARTESIAN_POINT('',(0.,-347.));
#12347 = VECTOR('',#12348,1.);
#12348 = DIRECTION('',(1.,0.));
#12349 = ( GEOMETRIC_REPRESENTATION_CONTEXT(2) 
PARAMETRIC_REPRESENTATION_CONTEXT() REPRESENTATION_CONTEXT('2D SPACE',''
  ) );
#12350 = PCURVE('',#12241,#12351);
#12351 = DEFINITIONAL_REPRESENTATION('',(#12352),#12356);
#12352 = LINE('',#12353,#12354);
#12353 = CARTESIAN_POINT('',(0.,44.));
#12354 = VECTOR('',#12355,1.);
#12355 = DIRECTION('',(1.,0.));
#12356 = ( GEOMETRIC_REPRESENTATION_CONTEXT(2) 
PARAMETRIC_REPRESENTATION_CONTEXT() REPRESENTATION_CONTEXT('2D SPACE',''
  ) );
#12357 = ORIENTED_EDGE('',*,*,#12358,.F.);
#12358 = EDGE_CURVE('',#12285,#12336,#12359,.T.);
#12359 = SURFACE_CURVE('',#12360,(#12364,#12371),.PCURVE_S1.);
#12360 = LINE('',#12361,#12362);
#12361 = CARTESIAN_POINT('',(44.,0.,432.4));
#12362 = VECTOR('',#12363,1.);
#12363 = DIRECTION('',(-0.,1.,0.));
#12364 = PCURVE('',#12293,#12365);
#12365 = DEFINITIONAL_REPRESENTATION('',(#12366),#12370);
#12366 = LINE('',#12367,#12368);
#12367 = CARTESIAN_POINT('',(432.4,0.));
#12368 = VECTOR('',#12369,1.);
#12369 = DIRECTION('',(0.,-1.));
#12370 = ( GEOMETRIC_REPRESENTATION_CONTEXT(2) 
PARAMETRIC_REPRESENTATION_CONTEXT() REPRESENTATION_CONTEXT('2D SPACE',''
  ) );
#12371 = PCURVE('',#12267,#12372);
#12372 = DEFINITIONAL_REPRESENTATION('',(#12373),#12377);
#12373 = LINE('',#12374,#12375);
#12374 = CARTESIAN_POINT('',(44.,0.));
#12375 = VECTOR('',#12376,1.);
#12376 = DIRECTION('',(0.,1.));
#12377 = ( GEOMETRIC_REPRESENTATION_CONTEXT(2) 
PARAMETRIC_REPRESENTATION_CONTEXT() REPRESENTATION_CONTEXT('2D SPACE',''
  ) );
#12378 = ADVANCED_FACE('',(#12379),#12185,.F.);
#12379 = FACE_BOUND('',#12380,.F.);
#12380 = EDGE_LOOP('',(#12381,#12402,#12403,#12424));
#12381 = ORIENTED_EDGE('',*,*,#12382,.F.);
#12382 = EDGE_CURVE('',#12163,#12283,#12383,.T.);
#12383 = SURFACE_CURVE('',#12384,(#12388,#12395),.PCURVE_S1.);
#12384 = LINE('',#12385,#12386);
#12385 = CARTESIAN_POINT('',(0.,0.,0.));
#12386 = VECTOR('',#12387,1.);
#12387 = DIRECTION('',(1.,0.,-0.));
#12388 = PCURVE('',#12185,#12389);
#12389 = DEFINITIONAL_REPRESENTATION('',(#12390),#12394);
#12390 = LINE('',#12391,#12392);
#12391 = CARTESIAN_POINT('',(0.,0.));
#12392 = VECTOR('',#12393,1.);
#12393 = DIRECTION('',(0.,1.));
#12394 = ( GEOMETRIC_REPRESENTATION_CONTEXT(2) 
PARAMETRIC_REPRESENTATION_CONTEXT() REPRESENTATION_CONTEXT('2D SPACE',''
  ) );
#12395 = PCURVE('',#12213,#12396);
#12396 = DEFINITIONAL_REPRESENTATION('',(#12397),#12401);
#12397 = LINE('',#12398,#12399);
#12398 = CARTESIAN_POINT('',(0.,0.));
#12399 = VECTOR('',#12400,1.);
#12400 = DIRECTION('',(1.,0.));
#12401 = ( GEOMETRIC_REPRESENTATION_CONTEXT(2) 
PARAMETRIC_REPRESENTATION_CONTEXT() REPRESENTATION_CONTEXT('2D SPACE',''
  ) );
#12402 = ORIENTED_EDGE('',*,*,#12162,.T.);
#12403 = ORIENTED_EDGE('',*,*,#12404,.T.);
#12404 = EDGE_CURVE('',#12165,#12285,#12405,.T.);
#12405 = SURFACE_CURVE('',#12406,(#12410,#12417),.PCURVE_S1.);
#12406 = LINE('',#12407,#12408);
#12407 = CARTESIAN_POINT('',(0.,0.,432.4));
#12408 = VECTOR('',#12409,1.);
#12409 = DIRECTION('',(1.,0.,-0.));
#12410 = PCURVE('',#12185,#12411);
#12411 = DEFINITIONAL_REPRESENTATION('',(#12412),#12416);
#12412 = LINE('',#12413,#12414);
#12413 = CARTESIAN_POINT('',(432.4,0.));
#12414 = VECTOR('',#12415,1.);
#12415 = DIRECTION('',(0.,1.));
#12416 = ( GEOMETRIC_REPRESENTATION_CONTEXT(2) 
PARAMETRIC_REPRESENTATION_CONTEXT() REPRESENTATION_CONTEXT('2D SPACE',''
  ) );
#12417 = PCURVE('',#12267,#12418);
#12418 = DEFINITIONAL_REPRESENTATION('',(#12419),#12423);
#12419 = LINE('',#12420,#12421);
#12420 = CARTESIAN_POINT('',(0.,0.));
#12421 = VECTOR('',#12422,1.);
#12422 = DIRECTION('',(1.,0.));
#12423 = ( GEOMETRIC_REPRESENTATION_CONTEXT(2) 
PARAMETRIC_REPRESENTATION_CONTEXT() REPRESENTATION_CONTEXT('2D SPACE',''
  ) );
#12424 = ORIENTED_EDGE('',*,*,#12282,.F.);
#12425 = ADVANCED_FACE('',(#12426),#12241,.T.);
#12426 = FACE_BOUND('',#12427,.T.);
#12427 = EDGE_LOOP('',(#12428,#12449,#12450,#12471));
#12428 = ORIENTED_EDGE('',*,*,#12429,.F.);
#12429 = EDGE_CURVE('',#12198,#12313,#12430,.T.);
#12430 = SURFACE_CURVE('',#12431,(#12435,#12442),.PCURVE_S1.);
#12431 = LINE('',#12432,#12433);
#12432 = CARTESIAN_POINT('',(0.,347.,0.));
#12433 = VECTOR('',#12434,1.);
#12434 = DIRECTION('',(1.,0.,-0.));
#12435 = PCURVE('',#12241,#12436);
#12436 = DEFINITIONAL_REPRESENTATION('',(#12437),#12441);
#12437 = LINE('',#12438,#12439);
#12438 = CARTESIAN_POINT('',(0.,0.));
#12439 = VECTOR('',#12440,1.);
#12440 = DIRECTION('',(0.,1.));
#12441 = ( GEOMETRIC_REPRESENTATION_CONTEXT(2) 
PARAMETRIC_REPRESENTATION_CONTEXT() REPRESENTATION_CONTEXT('2D SPACE',''
  ) );
#12442 = PCURVE('',#12213,#12443);
#12443 = DEFINITIONAL_REPRESENTATION('',(#12444),#12448);
#12444 = LINE('',#12445,#12446);
#12445 = CARTESIAN_POINT('',(0.,347.));
#12446 = VECTOR('',#12447,1.);
#12447 = DIRECTION('',(1.,0.));
#12448 = ( GEOMETRIC_REPRESENTATION_CONTEXT(2) 
PARAMETRIC_REPRESENTATION_CONTEXT() REPRESENTATION_CONTEXT('2D SPACE',''
  ) );
#12449 = ORIENTED_EDGE('',*,*,#12225,.T.);
#12450 = ORIENTED_EDGE('',*,*,#12451,.T.);
#12451 = EDGE_CURVE('',#12226,#12336,#12452,.T.);
#12452 = SURFACE_CURVE('',#12453,(#12457,#12464),.PCURVE_S1.);
#12453 = LINE('',#12454,#12455);
#12454 = CARTESIAN_POINT('',(0.,347.,432.4));
#12455 = VECTOR('',#12456,1.);
#12456 = DIRECTION('',(1.,0.,-0.));
#12457 = PCURVE('',#12241,#12458);
#12458 = DEFINITIONAL_REPRESENTATION('',(#12459),#12463);
#12459 = LINE('',#12460,#12461);
#12460 = CARTESIAN_POINT('',(432.4,0.));
#12461 = VECTOR('',#12462,1.);
#12462 = DIRECTION('',(0.,1.));
#12463 = ( GEOMETRIC_REPRESENTATION_CONTEXT(2) 
PARAMETRIC_REPRESENTATION_CONTEXT() REPRESENTATION_CONTEXT('2D SPACE',''
  ) );
#12464 = PCURVE('',#12267,#12465);
#12465 = DEFINITIONAL_REPRESENTATION('',(#12466),#12470);
#12466 = LINE('',#12467,#12468);
#12467 = CARTESIAN_POINT('',(0.,347.));
#12468 = VECTOR('',#12469,1.);
#12469 = DIRECTION('',(1.,0.));
#12470 = ( GEOMETRIC_REPRESENTATION_CONTEXT(2) 
PARAMETRIC_REPRESENTATION_CONTEXT() REPRESENTATION_CONTEXT('2D SPACE',''
  ) );
#12471 = ORIENTED_EDGE('',*,*,#12335,.F.);
#12472 = ADVANCED_FACE('',(#12473),#12213,.F.);
#12473 = FACE_BOUND('',#12474,.F.);
#12474 = EDGE_LOOP('',(#12475,#12476,#12477,#12478));
#12475 = ORIENTED_EDGE('',*,*,#12197,.F.);
#12476 = ORIENTED_EDGE('',*,*,#12382,.T.);
#12477 = ORIENTED_EDGE('',*,*,#12312,.T.);
#12478 = ORIENTED_EDGE('',*,*,#12429,.F.);
#12479 = ADVANCED_FACE('',(#12480),#12267,.T.);
#12480 = FACE_BOUND('',#12481,.T.);
#12481 = EDGE_LOOP('',(#12482,#12483,#12484,#12485));
#12482 = ORIENTED_EDGE('',*,*,#12253,.F.);
#12483 = ORIENTED_EDGE('',*,*,#12404,.T.);
#12484 = ORIENTED_EDGE('',*,*,#12358,.T.);
#12485 = ORIENTED_EDGE('',*,*,#12451,.F.);
#12486 = ( GEOMETRIC_REPRESENTATION_CONTEXT(3) 
GLOBAL_UNCERTAINTY_ASSIGNED_CONTEXT((#12490)) 
GLOBAL_UNIT_ASSIGNED_CONTEXT((#12487,#12488,#12489)) 
REPRESENTATION_CONTEXT('Context #1',
  '3D Context with UNIT and UNCERTAINTY') );
#12487 = ( LENGTH_UNIT() NAMED_UNIT(*) SI_UNIT(.MILLI.,.METRE.) );
#12488 = ( NAMED_UNIT(*) PLANE_ANGLE_UNIT() SI_UNIT($,.RADIAN.) );
#12489 = ( NAMED_UNIT(*) SI_UNIT($,.STERADIAN.) SOLID_ANGLE_UNIT() );
#12490 = UNCERTAINTY_MEASURE_WITH_UNIT(LENGTH_MEASURE(1.E-07),#12487,
  'distance_accuracy_value','confusion accuracy');
#12491 = CONTEXT_DEPENDENT_SHAPE_REPRESENTATION(#12492,#12494);
#12492 = ( REPRESENTATION_RELATIONSHIP('','',#12155,#12132) 
REPRESENTATION_RELATIONSHIP_WITH_TRANSFORMATION(#12493) 
SHAPE_REPRESENTATION_RELATIONSHIP() );
#12493 = ITEM_DEFINED_TRANSFORMATION('','',#11,#12133);
#12494 = PRODUCT_DEFINITION_SHAPE('Placement','Placement of an item',
  #12495);
#12495 = NEXT_ASSEMBLY_USAGE_OCCURRENCE('149','=>[0:1:1:87]','',#12127,
  #12150,$);
#12496 = PRODUCT_RELATED_PRODUCT_CATEGORY('part',$,(#12152));
#12497 = SHAPE_DEFINITION_REPRESENTATION(#12498,#12504);
#12498 = PRODUCT_DEFINITION_SHAPE('','',#12499);
#12499 = PRODUCT_DEFINITION('design','',#12500,#12503);
#12500 = PRODUCT_DEFINITION_FORMATION('','',#12501);
#12501 = PRODUCT('right_rear_covered_wheel_spoke_02',
  'right_rear_covered_wheel_spoke_02','',(#12502));
#12502 = PRODUCT_CONTEXT('',#2,'mechanical');
#12503 = PRODUCT_DEFINITION_CONTEXT('part definition',#2,'design');
#12504 = SHAPE_REPRESENTATION('',(#11,#12505),#12509);
#12505 = AXIS2_PLACEMENT_3D('',#12506,#12507,#12508);
#12506 = CARTESIAN_POINT('',(-22.,-173.5,-216.2));
#12507 = DIRECTION('',(0.,0.,1.));
#12508 = DIRECTION('',(1.,0.,0.));
#12509 = ( GEOMETRIC_REPRESENTATION_CONTEXT(3) 
GLOBAL_UNCERTAINTY_ASSIGNED_CONTEXT((#12513)) 
GLOBAL_UNIT_ASSIGNED_CONTEXT((#12510,#12511,#12512)) 
REPRESENTATION_CONTEXT('Context #1',
  '3D Context with UNIT and UNCERTAINTY') );
#12510 = ( LENGTH_UNIT() NAMED_UNIT(*) SI_UNIT(.MILLI.,.METRE.) );
#12511 = ( NAMED_UNIT(*) PLANE_ANGLE_UNIT() SI_UNIT($,.RADIAN.) );
#12512 = ( NAMED_UNIT(*) SI_UNIT($,.STERADIAN.) SOLID_ANGLE_UNIT() );
#12513 = UNCERTAINTY_MEASURE_WITH_UNIT(LENGTH_MEASURE(1.E-07),#12510,
  'distance_accuracy_value','confusion accuracy');
#12514 = CONTEXT_DEPENDENT_SHAPE_REPRESENTATION(#12515,#12517);
#12515 = ( REPRESENTATION_RELATIONSHIP('','',#12504,#10) 
REPRESENTATION_RELATIONSHIP_WITH_TRANSFORMATION(#12516) 
SHAPE_REPRESENTATION_RELATIONSHIP() );
#12516 = ITEM_DEFINED_TRANSFORMATION('','',#11,#187);
#12517 = PRODUCT_DEFINITION_SHAPE('Placement','Placement of an item',
  #12518);
#12518 = NEXT_ASSEMBLY_USAGE_OCCURRENCE('152','=>[0:1:1:88]','',#5,
  #12499,$);
#12519 = PRODUCT_RELATED_PRODUCT_CATEGORY('part',$,(#12501));
#12520 = SHAPE_DEFINITION_REPRESENTATION(#12521,#12527);
#12521 = PRODUCT_DEFINITION_SHAPE('','',#12522);
#12522 = PRODUCT_DEFINITION('design','',#12523,#12526);
#12523 = PRODUCT_DEFINITION_FORMATION('','',#12524);
#12524 = PRODUCT('SOLID','SOLID','',(#12525));
#12525 = PRODUCT_CONTEXT('',#2,'mechanical');
#12526 = PRODUCT_DEFINITION_CONTEXT('part definition',#2,'design');
#12527 = ADVANCED_BREP_SHAPE_REPRESENTATION('',(#11,#12528),#12858);
#12528 = MANIFOLD_SOLID_BREP('',#12529);
#12529 = CLOSED_SHELL('',(#12530,#12650,#12750,#12797,#12844,#12851));
#12530 = ADVANCED_FACE('',(#12531),#12545,.F.);
#12531 = FACE_BOUND('',#12532,.F.);
#12532 = EDGE_LOOP('',(#12533,#12568,#12596,#12624));
#12533 = ORIENTED_EDGE('',*,*,#12534,.F.);
#12534 = EDGE_CURVE('',#12535,#12537,#12539,.T.);
#12535 = VERTEX_POINT('',#12536);
#12536 = CARTESIAN_POINT('',(0.,0.,0.));
#12537 = VERTEX_POINT('',#12538);
#12538 = CARTESIAN_POINT('',(0.,0.,432.4));
#12539 = SURFACE_CURVE('',#12540,(#12544,#12556),.PCURVE_S1.);
#12540 = LINE('',#12541,#12542);
#12541 = CARTESIAN_POINT('',(0.,0.,0.));
#12542 = VECTOR('',#12543,1.);
#12543 = DIRECTION('',(0.,0.,1.));
#12544 = PCURVE('',#12545,#12550);
#12545 = PLANE('',#12546);
#12546 = AXIS2_PLACEMENT_3D('',#12547,#12548,#12549);
#12547 = CARTESIAN_POINT('',(0.,0.,0.));
#12548 = DIRECTION('',(1.,0.,-0.));
#12549 = DIRECTION('',(0.,0.,1.));
#12550 = DEFINITIONAL_REPRESENTATION('',(#12551),#12555);
#12551 = LINE('',#12552,#12553);
#12552 = CARTESIAN_POINT('',(0.,0.));
#12553 = VECTOR('',#12554,1.);
#12554 = DIRECTION('',(1.,0.));
#12555 = ( GEOMETRIC_REPRESENTATION_CONTEXT(2) 
PARAMETRIC_REPRESENTATION_CONTEXT() REPRESENTATION_CONTEXT('2D SPACE',''
  ) );
#12556 = PCURVE('',#12557,#12562);
#12557 = PLANE('',#12558);
#12558 = AXIS2_PLACEMENT_3D('',#12559,#12560,#12561);
#12559 = CARTESIAN_POINT('',(0.,0.,0.));
#12560 = DIRECTION('',(-0.,1.,0.));
#12561 = DIRECTION('',(0.,0.,1.));
#12562 = DEFINITIONAL_REPRESENTATION('',(#12563),#12567);
#12563 = LINE('',#12564,#12565);
#12564 = CARTESIAN_POINT('',(0.,0.));
#12565 = VECTOR('',#12566,1.);
#12566 = DIRECTION('',(1.,0.));
#12567 = ( GEOMETRIC_REPRESENTATION_CONTEXT(2) 
PARAMETRIC_REPRESENTATION_CONTEXT() REPRESENTATION_CONTEXT('2D SPACE',''
  ) );
#12568 = ORIENTED_EDGE('',*,*,#12569,.T.);
#12569 = EDGE_CURVE('',#12535,#12570,#12572,.T.);
#12570 = VERTEX_POINT('',#12571);
#12571 = CARTESIAN_POINT('',(0.,347.,0.));
#12572 = SURFACE_CURVE('',#12573,(#12577,#12584),.PCURVE_S1.);
#12573 = LINE('',#12574,#12575);
#12574 = CARTESIAN_POINT('',(0.,0.,0.));
#12575 = VECTOR('',#12576,1.);
#12576 = DIRECTION('',(-0.,1.,0.));
#12577 = PCURVE('',#12545,#12578);
#12578 = DEFINITIONAL_REPRESENTATION('',(#12579),#12583);
#12579 = LINE('',#12580,#12581);
#12580 = CARTESIAN_POINT('',(0.,0.));
#12581 = VECTOR('',#12582,1.);
#12582 = DIRECTION('',(0.,-1.));
#12583 = ( GEOMETRIC_REPRESENTATION_CONTEXT(2) 
PARAMETRIC_REPRESENTATION_CONTEXT() REPRESENTATION_CONTEXT('2D SPACE',''
  ) );
#12584 = PCURVE('',#12585,#12590);
#12585 = PLANE('',#12586);
#12586 = AXIS2_PLACEMENT_3D('',#12587,#12588,#12589);
#12587 = CARTESIAN_POINT('',(0.,0.,0.));
#12588 = DIRECTION('',(0.,0.,1.));
#12589 = DIRECTION('',(1.,0.,-0.));
#12590 = DEFINITIONAL_REPRESENTATION('',(#12591),#12595);
#12591 = LINE('',#12592,#12593);
#12592 = CARTESIAN_POINT('',(0.,0.));
#12593 = VECTOR('',#12594,1.);
#12594 = DIRECTION('',(0.,1.));
#12595 = ( GEOMETRIC_REPRESENTATION_CONTEXT(2) 
PARAMETRIC_REPRESENTATION_CONTEXT() REPRESENTATION_CONTEXT('2D SPACE',''
  ) );
#12596 = ORIENTED_EDGE('',*,*,#12597,.T.);
#12597 = EDGE_CURVE('',#12570,#12598,#12600,.T.);
#12598 = VERTEX_POINT('',#12599);
#12599 = CARTESIAN_POINT('',(0.,347.,432.4));
#12600 = SURFACE_CURVE('',#12601,(#12605,#12612),.PCURVE_S1.);
#12601 = LINE('',#12602,#12603);
#12602 = CARTESIAN_POINT('',(0.,347.,0.));
#12603 = VECTOR('',#12604,1.);
#12604 = DIRECTION('',(0.,0.,1.));
#12605 = PCURVE('',#12545,#12606);
#12606 = DEFINITIONAL_REPRESENTATION('',(#12607),#12611);
#12607 = LINE('',#12608,#12609);
#12608 = CARTESIAN_POINT('',(0.,-347.));
#12609 = VECTOR('',#12610,1.);
#12610 = DIRECTION('',(1.,0.));
#12611 = ( GEOMETRIC_REPRESENTATION_CONTEXT(2) 
PARAMETRIC_REPRESENTATION_CONTEXT() REPRESENTATION_CONTEXT('2D SPACE',''
  ) );
#12612 = PCURVE('',#12613,#12618);
#12613 = PLANE('',#12614);
#12614 = AXIS2_PLACEMENT_3D('',#12615,#12616,#12617);
#12615 = CARTESIAN_POINT('',(0.,347.,0.));
#12616 = DIRECTION('',(-0.,1.,0.));
#12617 = DIRECTION('',(0.,0.,1.));
#12618 = DEFINITIONAL_REPRESENTATION('',(#12619),#12623);
#12619 = LINE('',#12620,#12621);
#12620 = CARTESIAN_POINT('',(0.,0.));
#12621 = VECTOR('',#12622,1.);
#12622 = DIRECTION('',(1.,0.));
#12623 = ( GEOMETRIC_REPRESENTATION_CONTEXT(2) 
PARAMETRIC_REPRESENTATION_CONTEXT() REPRESENTATION_CONTEXT('2D SPACE',''
  ) );
#12624 = ORIENTED_EDGE('',*,*,#12625,.F.);
#12625 = EDGE_CURVE('',#12537,#12598,#12626,.T.);
#12626 = SURFACE_CURVE('',#12627,(#12631,#12638),.PCURVE_S1.);
#12627 = LINE('',#12628,#12629);
#12628 = CARTESIAN_POINT('',(0.,0.,432.4));
#12629 = VECTOR('',#12630,1.);
#12630 = DIRECTION('',(-0.,1.,0.));
#12631 = PCURVE('',#12545,#12632);
#12632 = DEFINITIONAL_REPRESENTATION('',(#12633),#12637);
#12633 = LINE('',#12634,#12635);
#12634 = CARTESIAN_POINT('',(432.4,0.));
#12635 = VECTOR('',#12636,1.);
#12636 = DIRECTION('',(0.,-1.));
#12637 = ( GEOMETRIC_REPRESENTATION_CONTEXT(2) 
PARAMETRIC_REPRESENTATION_CONTEXT() REPRESENTATION_CONTEXT('2D SPACE',''
  ) );
#12638 = PCURVE('',#12639,#12644);
#12639 = PLANE('',#12640);
#12640 = AXIS2_PLACEMENT_3D('',#12641,#12642,#12643);
#12641 = CARTESIAN_POINT('',(0.,0.,432.4));
#12642 = DIRECTION('',(0.,0.,1.));
#12643 = DIRECTION('',(1.,0.,-0.));
#12644 = DEFINITIONAL_REPRESENTATION('',(#12645),#12649);
#12645 = LINE('',#12646,#12647);
#12646 = CARTESIAN_POINT('',(0.,0.));
#12647 = VECTOR('',#12648,1.);
#12648 = DIRECTION('',(0.,1.));
#12649 = ( GEOMETRIC_REPRESENTATION_CONTEXT(2) 
PARAMETRIC_REPRESENTATION_CONTEXT() REPRESENTATION_CONTEXT('2D SPACE',''
  ) );
#12650 = ADVANCED_FACE('',(#12651),#12665,.T.);
#12651 = FACE_BOUND('',#12652,.T.);
#12652 = EDGE_LOOP('',(#12653,#12683,#12706,#12729));
#12653 = ORIENTED_EDGE('',*,*,#12654,.F.);
#12654 = EDGE_CURVE('',#12655,#12657,#12659,.T.);
#12655 = VERTEX_POINT('',#12656);
#12656 = CARTESIAN_POINT('',(44.,0.,0.));
#12657 = VERTEX_POINT('',#12658);
#12658 = CARTESIAN_POINT('',(44.,0.,432.4));
#12659 = SURFACE_CURVE('',#12660,(#12664,#12676),.PCURVE_S1.);
#12660 = LINE('',#12661,#12662);
#12661 = CARTESIAN_POINT('',(44.,0.,0.));
#12662 = VECTOR('',#12663,1.);
#12663 = DIRECTION('',(0.,0.,1.));
#12664 = PCURVE('',#12665,#12670);
#12665 = PLANE('',#12666);
#12666 = AXIS2_PLACEMENT_3D('',#12667,#12668,#12669);
#12667 = CARTESIAN_POINT('',(44.,0.,0.));
#12668 = DIRECTION('',(1.,0.,-0.));
#12669 = DIRECTION('',(0.,0.,1.));
#12670 = DEFINITIONAL_REPRESENTATION('',(#12671),#12675);
#12671 = LINE('',#12672,#12673);
#12672 = CARTESIAN_POINT('',(0.,0.));
#12673 = VECTOR('',#12674,1.);
#12674 = DIRECTION('',(1.,0.));
#12675 = ( GEOMETRIC_REPRESENTATION_CONTEXT(2) 
PARAMETRIC_REPRESENTATION_CONTEXT() REPRESENTATION_CONTEXT('2D SPACE',''
  ) );
#12676 = PCURVE('',#12557,#12677);
#12677 = DEFINITIONAL_REPRESENTATION('',(#12678),#12682);
#12678 = LINE('',#12679,#12680);
#12679 = CARTESIAN_POINT('',(0.,44.));
#12680 = VECTOR('',#12681,1.);
#12681 = DIRECTION('',(1.,0.));
#12682 = ( GEOMETRIC_REPRESENTATION_CONTEXT(2) 
PARAMETRIC_REPRESENTATION_CONTEXT() REPRESENTATION_CONTEXT('2D SPACE',''
  ) );
#12683 = ORIENTED_EDGE('',*,*,#12684,.T.);
#12684 = EDGE_CURVE('',#12655,#12685,#12687,.T.);
#12685 = VERTEX_POINT('',#12686);
#12686 = CARTESIAN_POINT('',(44.,347.,0.));
#12687 = SURFACE_CURVE('',#12688,(#12692,#12699),.PCURVE_S1.);
#12688 = LINE('',#12689,#12690);
#12689 = CARTESIAN_POINT('',(44.,0.,0.));
#12690 = VECTOR('',#12691,1.);
#12691 = DIRECTION('',(-0.,1.,0.));
#12692 = PCURVE('',#12665,#12693);
#12693 = DEFINITIONAL_REPRESENTATION('',(#12694),#12698);
#12694 = LINE('',#12695,#12696);
#12695 = CARTESIAN_POINT('',(0.,0.));
#12696 = VECTOR('',#12697,1.);
#12697 = DIRECTION('',(0.,-1.));
#12698 = ( GEOMETRIC_REPRESENTATION_CONTEXT(2) 
PARAMETRIC_REPRESENTATION_CONTEXT() REPRESENTATION_CONTEXT('2D SPACE',''
  ) );
#12699 = PCURVE('',#12585,#12700);
#12700 = DEFINITIONAL_REPRESENTATION('',(#12701),#12705);
#12701 = LINE('',#12702,#12703);
#12702 = CARTESIAN_POINT('',(44.,0.));
#12703 = VECTOR('',#12704,1.);
#12704 = DIRECTION('',(0.,1.));
#12705 = ( GEOMETRIC_REPRESENTATION_CONTEXT(2) 
PARAMETRIC_REPRESENTATION_CONTEXT() REPRESENTATION_CONTEXT('2D SPACE',''
  ) );
#12706 = ORIENTED_EDGE('',*,*,#12707,.T.);
#12707 = EDGE_CURVE('',#12685,#12708,#12710,.T.);
#12708 = VERTEX_POINT('',#12709);
#12709 = CARTESIAN_POINT('',(44.,347.,432.4));
#12710 = SURFACE_CURVE('',#12711,(#12715,#12722),.PCURVE_S1.);
#12711 = LINE('',#12712,#12713);
#12712 = CARTESIAN_POINT('',(44.,347.,0.));
#12713 = VECTOR('',#12714,1.);
#12714 = DIRECTION('',(0.,0.,1.));
#12715 = PCURVE('',#12665,#12716);
#12716 = DEFINITIONAL_REPRESENTATION('',(#12717),#12721);
#12717 = LINE('',#12718,#12719);
#12718 = CARTESIAN_POINT('',(0.,-347.));
#12719 = VECTOR('',#12720,1.);
#12720 = DIRECTION('',(1.,0.));
#12721 = ( GEOMETRIC_REPRESENTATION_CONTEXT(2) 
PARAMETRIC_REPRESENTATION_CONTEXT() REPRESENTATION_CONTEXT('2D SPACE',''
  ) );
#12722 = PCURVE('',#12613,#12723);
#12723 = DEFINITIONAL_REPRESENTATION('',(#12724),#12728);
#12724 = LINE('',#12725,#12726);
#12725 = CARTESIAN_POINT('',(0.,44.));
#12726 = VECTOR('',#12727,1.);
#12727 = DIRECTION('',(1.,0.));
#12728 = ( GEOMETRIC_REPRESENTATION_CONTEXT(2) 
PARAMETRIC_REPRESENTATION_CONTEXT() REPRESENTATION_CONTEXT('2D SPACE',''
  ) );
#12729 = ORIENTED_EDGE('',*,*,#12730,.F.);
#12730 = EDGE_CURVE('',#12657,#12708,#12731,.T.);
#12731 = SURFACE_CURVE('',#12732,(#12736,#12743),.PCURVE_S1.);
#12732 = LINE('',#12733,#12734);
#12733 = CARTESIAN_POINT('',(44.,0.,432.4));
#12734 = VECTOR('',#12735,1.);
#12735 = DIRECTION('',(-0.,1.,0.));
#12736 = PCURVE('',#12665,#12737);
#12737 = DEFINITIONAL_REPRESENTATION('',(#12738),#12742);
#12738 = LINE('',#12739,#12740);
#12739 = CARTESIAN_POINT('',(432.4,0.));
#12740 = VECTOR('',#12741,1.);
#12741 = DIRECTION('',(0.,-1.));
#12742 = ( GEOMETRIC_REPRESENTATION_CONTEXT(2) 
PARAMETRIC_REPRESENTATION_CONTEXT() REPRESENTATION_CONTEXT('2D SPACE',''
  ) );
#12743 = PCURVE('',#12639,#12744);
#12744 = DEFINITIONAL_REPRESENTATION('',(#12745),#12749);
#12745 = LINE('',#12746,#12747);
#12746 = CARTESIAN_POINT('',(44.,0.));
#12747 = VECTOR('',#12748,1.);
#12748 = DIRECTION('',(0.,1.));
#12749 = ( GEOMETRIC_REPRESENTATION_CONTEXT(2) 
PARAMETRIC_REPRESENTATION_CONTEXT() REPRESENTATION_CONTEXT('2D SPACE',''
  ) );
#12750 = ADVANCED_FACE('',(#12751),#12557,.F.);
#12751 = FACE_BOUND('',#12752,.F.);
#12752 = EDGE_LOOP('',(#12753,#12774,#12775,#12796));
#12753 = ORIENTED_EDGE('',*,*,#12754,.F.);
#12754 = EDGE_CURVE('',#12535,#12655,#12755,.T.);
#12755 = SURFACE_CURVE('',#12756,(#12760,#12767),.PCURVE_S1.);
#12756 = LINE('',#12757,#12758);
#12757 = CARTESIAN_POINT('',(0.,0.,0.));
#12758 = VECTOR('',#12759,1.);
#12759 = DIRECTION('',(1.,0.,-0.));
#12760 = PCURVE('',#12557,#12761);
#12761 = DEFINITIONAL_REPRESENTATION('',(#12762),#12766);
#12762 = LINE('',#12763,#12764);
#12763 = CARTESIAN_POINT('',(0.,0.));
#12764 = VECTOR('',#12765,1.);
#12765 = DIRECTION('',(0.,1.));
#12766 = ( GEOMETRIC_REPRESENTATION_CONTEXT(2) 
PARAMETRIC_REPRESENTATION_CONTEXT() REPRESENTATION_CONTEXT('2D SPACE',''
  ) );
#12767 = PCURVE('',#12585,#12768);
#12768 = DEFINITIONAL_REPRESENTATION('',(#12769),#12773);
#12769 = LINE('',#12770,#12771);
#12770 = CARTESIAN_POINT('',(0.,0.));
#12771 = VECTOR('',#12772,1.);
#12772 = DIRECTION('',(1.,0.));
#12773 = ( GEOMETRIC_REPRESENTATION_CONTEXT(2) 
PARAMETRIC_REPRESENTATION_CONTEXT() REPRESENTATION_CONTEXT('2D SPACE',''
  ) );
#12774 = ORIENTED_EDGE('',*,*,#12534,.T.);
#12775 = ORIENTED_EDGE('',*,*,#12776,.T.);
#12776 = EDGE_CURVE('',#12537,#12657,#12777,.T.);
#12777 = SURFACE_CURVE('',#12778,(#12782,#12789),.PCURVE_S1.);
#12778 = LINE('',#12779,#12780);
#12779 = CARTESIAN_POINT('',(0.,0.,432.4));
#12780 = VECTOR('',#12781,1.);
#12781 = DIRECTION('',(1.,0.,-0.));
#12782 = PCURVE('',#12557,#12783);
#12783 = DEFINITIONAL_REPRESENTATION('',(#12784),#12788);
#12784 = LINE('',#12785,#12786);
#12785 = CARTESIAN_POINT('',(432.4,0.));
#12786 = VECTOR('',#12787,1.);
#12787 = DIRECTION('',(0.,1.));
#12788 = ( GEOMETRIC_REPRESENTATION_CONTEXT(2) 
PARAMETRIC_REPRESENTATION_CONTEXT() REPRESENTATION_CONTEXT('2D SPACE',''
  ) );
#12789 = PCURVE('',#12639,#12790);
#12790 = DEFINITIONAL_REPRESENTATION('',(#12791),#12795);
#12791 = LINE('',#12792,#12793);
#12792 = CARTESIAN_POINT('',(0.,0.));
#12793 = VECTOR('',#12794,1.);
#12794 = DIRECTION('',(1.,0.));
#12795 = ( GEOMETRIC_REPRESENTATION_CONTEXT(2) 
PARAMETRIC_REPRESENTATION_CONTEXT() REPRESENTATION_CONTEXT('2D SPACE',''
  ) );
#12796 = ORIENTED_EDGE('',*,*,#12654,.F.);
#12797 = ADVANCED_FACE('',(#12798),#12613,.T.);
#12798 = FACE_BOUND('',#12799,.T.);
#12799 = EDGE_LOOP('',(#12800,#12821,#12822,#12843));
#12800 = ORIENTED_EDGE('',*,*,#12801,.F.);
#12801 = EDGE_CURVE('',#12570,#12685,#12802,.T.);
#12802 = SURFACE_CURVE('',#12803,(#12807,#12814),.PCURVE_S1.);
#12803 = LINE('',#12804,#12805);
#12804 = CARTESIAN_POINT('',(0.,347.,0.));
#12805 = VECTOR('',#12806,1.);
#12806 = DIRECTION('',(1.,0.,-0.));
#12807 = PCURVE('',#12613,#12808);
#12808 = DEFINITIONAL_REPRESENTATION('',(#12809),#12813);
#12809 = LINE('',#12810,#12811);
#12810 = CARTESIAN_POINT('',(0.,0.));
#12811 = VECTOR('',#12812,1.);
#12812 = DIRECTION('',(0.,1.));
#12813 = ( GEOMETRIC_REPRESENTATION_CONTEXT(2) 
PARAMETRIC_REPRESENTATION_CONTEXT() REPRESENTATION_CONTEXT('2D SPACE',''
  ) );
#12814 = PCURVE('',#12585,#12815);
#12815 = DEFINITIONAL_REPRESENTATION('',(#12816),#12820);
#12816 = LINE('',#12817,#12818);
#12817 = CARTESIAN_POINT('',(0.,347.));
#12818 = VECTOR('',#12819,1.);
#12819 = DIRECTION('',(1.,0.));
#12820 = ( GEOMETRIC_REPRESENTATION_CONTEXT(2) 
PARAMETRIC_REPRESENTATION_CONTEXT() REPRESENTATION_CONTEXT('2D SPACE',''
  ) );
#12821 = ORIENTED_EDGE('',*,*,#12597,.T.);
#12822 = ORIENTED_EDGE('',*,*,#12823,.T.);
#12823 = EDGE_CURVE('',#12598,#12708,#12824,.T.);
#12824 = SURFACE_CURVE('',#12825,(#12829,#12836),.PCURVE_S1.);
#12825 = LINE('',#12826,#12827);
#12826 = CARTESIAN_POINT('',(0.,347.,432.4));
#12827 = VECTOR('',#12828,1.);
#12828 = DIRECTION('',(1.,0.,-0.));
#12829 = PCURVE('',#12613,#12830);
#12830 = DEFINITIONAL_REPRESENTATION('',(#12831),#12835);
#12831 = LINE('',#12832,#12833);
#12832 = CARTESIAN_POINT('',(432.4,0.));
#12833 = VECTOR('',#12834,1.);
#12834 = DIRECTION('',(0.,1.));
#12835 = ( GEOMETRIC_REPRESENTATION_CONTEXT(2) 
PARAMETRIC_REPRESENTATION_CONTEXT() REPRESENTATION_CONTEXT('2D SPACE',''
  ) );
#12836 = PCURVE('',#12639,#12837);
#12837 = DEFINITIONAL_REPRESENTATION('',(#12838),#12842);
#12838 = LINE('',#12839,#12840);
#12839 = CARTESIAN_POINT('',(0.,347.));
#12840 = VECTOR('',#12841,1.);
#12841 = DIRECTION('',(1.,0.));
#12842 = ( GEOMETRIC_REPRESENTATION_CONTEXT(2) 
PARAMETRIC_REPRESENTATION_CONTEXT() REPRESENTATION_CONTEXT('2D SPACE',''
  ) );
#12843 = ORIENTED_EDGE('',*,*,#12707,.F.);
#12844 = ADVANCED_FACE('',(#12845),#12585,.F.);
#12845 = FACE_BOUND('',#12846,.F.);
#12846 = EDGE_LOOP('',(#12847,#12848,#12849,#12850));
#12847 = ORIENTED_EDGE('',*,*,#12569,.F.);
#12848 = ORIENTED_EDGE('',*,*,#12754,.T.);
#12849 = ORIENTED_EDGE('',*,*,#12684,.T.);
#12850 = ORIENTED_EDGE('',*,*,#12801,.F.);
#12851 = ADVANCED_FACE('',(#12852),#12639,.T.);
#12852 = FACE_BOUND('',#12853,.T.);
#12853 = EDGE_LOOP('',(#12854,#12855,#12856,#12857));
#12854 = ORIENTED_EDGE('',*,*,#12625,.F.);
#12855 = ORIENTED_EDGE('',*,*,#12776,.T.);
#12856 = ORIENTED_EDGE('',*,*,#12730,.T.);
#12857 = ORIENTED_EDGE('',*,*,#12823,.F.);
#12858 = ( GEOMETRIC_REPRESENTATION_CONTEXT(3) 
GLOBAL_UNCERTAINTY_ASSIGNED_CONTEXT((#12862)) 
GLOBAL_UNIT_ASSIGNED_CONTEXT((#12859,#12860,#12861)) 
REPRESENTATION_CONTEXT('Context #1',
  '3D Context with UNIT and UNCERTAINTY') );
#12859 = ( LENGTH_UNIT() NAMED_UNIT(*) SI_UNIT(.MILLI.,.METRE.) );
#12860 = ( NAMED_UNIT(*) PLANE_ANGLE_UNIT() SI_UNIT($,.RADIAN.) );
#12861 = ( NAMED_UNIT(*) SI_UNIT($,.STERADIAN.) SOLID_ANGLE_UNIT() );
#12862 = UNCERTAINTY_MEASURE_WITH_UNIT(LENGTH_MEASURE(1.E-07),#12859,
  'distance_accuracy_value','confusion accuracy');
#12863 = CONTEXT_DEPENDENT_SHAPE_REPRESENTATION(#12864,#12866);
#12864 = ( REPRESENTATION_RELATIONSHIP('','',#12527,#12504) 
REPRESENTATION_RELATIONSHIP_WITH_TRANSFORMATION(#12865) 
SHAPE_REPRESENTATION_RELATIONSHIP() );
#12865 = ITEM_DEFINED_TRANSFORMATION('','',#11,#12505);
#12866 = PRODUCT_DEFINITION_SHAPE('Placement','Placement of an item',
  #12867);
#12867 = NEXT_ASSEMBLY_USAGE_OCCURRENCE('151','=>[0:1:1:89]','',#12499,
  #12522,$);
#12868 = PRODUCT_RELATED_PRODUCT_CATEGORY('part',$,(#12524));
#12869 = SHAPE_DEFINITION_REPRESENTATION(#12870,#12876);
#12870 = PRODUCT_DEFINITION_SHAPE('','',#12871);
#12871 = PRODUCT_DEFINITION('design','',#12872,#12875);
#12872 = PRODUCT_DEFINITION_FORMATION('','',#12873);
#12873 = PRODUCT('right_rear_covered_wheel_spoke_03',
  'right_rear_covered_wheel_spoke_03','',(#12874));
#12874 = PRODUCT_CONTEXT('',#2,'mechanical');
#12875 = PRODUCT_DEFINITION_CONTEXT('part definition',#2,'design');
#12876 = SHAPE_REPRESENTATION('',(#11,#12877),#12881);
#12877 = AXIS2_PLACEMENT_3D('',#12878,#12879,#12880);
#12878 = CARTESIAN_POINT('',(-22.,-173.5,-216.2));
#12879 = DIRECTION('',(0.,0.,1.));
#12880 = DIRECTION('',(1.,0.,0.));
#12881 = ( GEOMETRIC_REPRESENTATION_CONTEXT(3) 
GLOBAL_UNCERTAINTY_ASSIGNED_CONTEXT((#12885)) 
GLOBAL_UNIT_ASSIGNED_CONTEXT((#12882,#12883,#12884)) 
REPRESENTATION_CONTEXT('Context #1',
  '3D Context with UNIT and UNCERTAINTY') );
#12882 = ( LENGTH_UNIT() NAMED_UNIT(*) SI_UNIT(.MILLI.,.METRE.) );
#12883 = ( NAMED_UNIT(*) PLANE_ANGLE_UNIT() SI_UNIT($,.RADIAN.) );
#12884 = ( NAMED_UNIT(*) SI_UNIT($,.STERADIAN.) SOLID_ANGLE_UNIT() );
#12885 = UNCERTAINTY_MEASURE_WITH_UNIT(LENGTH_MEASURE(1.E-07),#12882,
  'distance_accuracy_value','confusion accuracy');
#12886 = CONTEXT_DEPENDENT_SHAPE_REPRESENTATION(#12887,#12889);
#12887 = ( REPRESENTATION_RELATIONSHIP('','',#12876,#10) 
REPRESENTATION_RELATIONSHIP_WITH_TRANSFORMATION(#12888) 
SHAPE_REPRESENTATION_RELATIONSHIP() );
#12888 = ITEM_DEFINED_TRANSFORMATION('','',#11,#191);
#12889 = PRODUCT_DEFINITION_SHAPE('Placement','Placement of an item',
  #12890);
#12890 = NEXT_ASSEMBLY_USAGE_OCCURRENCE('154','=>[0:1:1:90]','',#5,
  #12871,$);
#12891 = PRODUCT_RELATED_PRODUCT_CATEGORY('part',$,(#12873));
#12892 = SHAPE_DEFINITION_REPRESENTATION(#12893,#12899);
#12893 = PRODUCT_DEFINITION_SHAPE('','',#12894);
#12894 = PRODUCT_DEFINITION('design','',#12895,#12898);
#12895 = PRODUCT_DEFINITION_FORMATION('','',#12896);
#12896 = PRODUCT('SOLID','SOLID','',(#12897));
#12897 = PRODUCT_CONTEXT('',#2,'mechanical');
#12898 = PRODUCT_DEFINITION_CONTEXT('part definition',#2,'design');
#12899 = ADVANCED_BREP_SHAPE_REPRESENTATION('',(#11,#12900),#13230);
#12900 = MANIFOLD_SOLID_BREP('',#12901);
#12901 = CLOSED_SHELL('',(#12902,#13022,#13122,#13169,#13216,#13223));
#12902 = ADVANCED_FACE('',(#12903),#12917,.F.);
#12903 = FACE_BOUND('',#12904,.F.);
#12904 = EDGE_LOOP('',(#12905,#12940,#12968,#12996));
#12905 = ORIENTED_EDGE('',*,*,#12906,.F.);
#12906 = EDGE_CURVE('',#12907,#12909,#12911,.T.);
#12907 = VERTEX_POINT('',#12908);
#12908 = CARTESIAN_POINT('',(0.,0.,0.));
#12909 = VERTEX_POINT('',#12910);
#12910 = CARTESIAN_POINT('',(0.,0.,432.4));
#12911 = SURFACE_CURVE('',#12912,(#12916,#12928),.PCURVE_S1.);
#12912 = LINE('',#12913,#12914);
#12913 = CARTESIAN_POINT('',(0.,0.,0.));
#12914 = VECTOR('',#12915,1.);
#12915 = DIRECTION('',(0.,0.,1.));
#12916 = PCURVE('',#12917,#12922);
#12917 = PLANE('',#12918);
#12918 = AXIS2_PLACEMENT_3D('',#12919,#12920,#12921);
#12919 = CARTESIAN_POINT('',(0.,0.,0.));
#12920 = DIRECTION('',(1.,0.,-0.));
#12921 = DIRECTION('',(0.,0.,1.));
#12922 = DEFINITIONAL_REPRESENTATION('',(#12923),#12927);
#12923 = LINE('',#12924,#12925);
#12924 = CARTESIAN_POINT('',(0.,0.));
#12925 = VECTOR('',#12926,1.);
#12926 = DIRECTION('',(1.,0.));
#12927 = ( GEOMETRIC_REPRESENTATION_CONTEXT(2) 
PARAMETRIC_REPRESENTATION_CONTEXT() REPRESENTATION_CONTEXT('2D SPACE',''
  ) );
#12928 = PCURVE('',#12929,#12934);
#12929 = PLANE('',#12930);
#12930 = AXIS2_PLACEMENT_3D('',#12931,#12932,#12933);
#12931 = CARTESIAN_POINT('',(0.,0.,0.));
#12932 = DIRECTION('',(-0.,1.,0.));
#12933 = DIRECTION('',(0.,0.,1.));
#12934 = DEFINITIONAL_REPRESENTATION('',(#12935),#12939);
#12935 = LINE('',#12936,#12937);
#12936 = CARTESIAN_POINT('',(0.,0.));
#12937 = VECTOR('',#12938,1.);
#12938 = DIRECTION('',(1.,0.));
#12939 = ( GEOMETRIC_REPRESENTATION_CONTEXT(2) 
PARAMETRIC_REPRESENTATION_CONTEXT() REPRESENTATION_CONTEXT('2D SPACE',''
  ) );
#12940 = ORIENTED_EDGE('',*,*,#12941,.T.);
#12941 = EDGE_CURVE('',#12907,#12942,#12944,.T.);
#12942 = VERTEX_POINT('',#12943);
#12943 = CARTESIAN_POINT('',(0.,347.,0.));
#12944 = SURFACE_CURVE('',#12945,(#12949,#12956),.PCURVE_S1.);
#12945 = LINE('',#12946,#12947);
#12946 = CARTESIAN_POINT('',(0.,0.,0.));
#12947 = VECTOR('',#12948,1.);
#12948 = DIRECTION('',(-0.,1.,0.));
#12949 = PCURVE('',#12917,#12950);
#12950 = DEFINITIONAL_REPRESENTATION('',(#12951),#12955);
#12951 = LINE('',#12952,#12953);
#12952 = CARTESIAN_POINT('',(0.,0.));
#12953 = VECTOR('',#12954,1.);
#12954 = DIRECTION('',(0.,-1.));
#12955 = ( GEOMETRIC_REPRESENTATION_CONTEXT(2) 
PARAMETRIC_REPRESENTATION_CONTEXT() REPRESENTATION_CONTEXT('2D SPACE',''
  ) );
#12956 = PCURVE('',#12957,#12962);
#12957 = PLANE('',#12958);
#12958 = AXIS2_PLACEMENT_3D('',#12959,#12960,#12961);
#12959 = CARTESIAN_POINT('',(0.,0.,0.));
#12960 = DIRECTION('',(0.,0.,1.));
#12961 = DIRECTION('',(1.,0.,-0.));
#12962 = DEFINITIONAL_REPRESENTATION('',(#12963),#12967);
#12963 = LINE('',#12964,#12965);
#12964 = CARTESIAN_POINT('',(0.,0.));
#12965 = VECTOR('',#12966,1.);
#12966 = DIRECTION('',(0.,1.));
#12967 = ( GEOMETRIC_REPRESENTATION_CONTEXT(2) 
PARAMETRIC_REPRESENTATION_CONTEXT() REPRESENTATION_CONTEXT('2D SPACE',''
  ) );
#12968 = ORIENTED_EDGE('',*,*,#12969,.T.);
#12969 = EDGE_CURVE('',#12942,#12970,#12972,.T.);
#12970 = VERTEX_POINT('',#12971);
#12971 = CARTESIAN_POINT('',(0.,347.,432.4));
#12972 = SURFACE_CURVE('',#12973,(#12977,#12984),.PCURVE_S1.);
#12973 = LINE('',#12974,#12975);
#12974 = CARTESIAN_POINT('',(0.,347.,0.));
#12975 = VECTOR('',#12976,1.);
#12976 = DIRECTION('',(0.,0.,1.));
#12977 = PCURVE('',#12917,#12978);
#12978 = DEFINITIONAL_REPRESENTATION('',(#12979),#12983);
#12979 = LINE('',#12980,#12981);
#12980 = CARTESIAN_POINT('',(0.,-347.));
#12981 = VECTOR('',#12982,1.);
#12982 = DIRECTION('',(1.,0.));
#12983 = ( GEOMETRIC_REPRESENTATION_CONTEXT(2) 
PARAMETRIC_REPRESENTATION_CONTEXT() REPRESENTATION_CONTEXT('2D SPACE',''
  ) );
#12984 = PCURVE('',#12985,#12990);
#12985 = PLANE('',#12986);
#12986 = AXIS2_PLACEMENT_3D('',#12987,#12988,#12989);
#12987 = CARTESIAN_POINT('',(0.,347.,0.));
#12988 = DIRECTION('',(-0.,1.,0.));
#12989 = DIRECTION('',(0.,0.,1.));
#12990 = DEFINITIONAL_REPRESENTATION('',(#12991),#12995);
#12991 = LINE('',#12992,#12993);
#12992 = CARTESIAN_POINT('',(0.,0.));
#12993 = VECTOR('',#12994,1.);
#12994 = DIRECTION('',(1.,0.));
#12995 = ( GEOMETRIC_REPRESENTATION_CONTEXT(2) 
PARAMETRIC_REPRESENTATION_CONTEXT() REPRESENTATION_CONTEXT('2D SPACE',''
  ) );
#12996 = ORIENTED_EDGE('',*,*,#12997,.F.);
#12997 = EDGE_CURVE('',#12909,#12970,#12998,.T.);
#12998 = SURFACE_CURVE('',#12999,(#13003,#13010),.PCURVE_S1.);
#12999 = LINE('',#13000,#13001);
#13000 = CARTESIAN_POINT('',(0.,0.,432.4));
#13001 = VECTOR('',#13002,1.);
#13002 = DIRECTION('',(-0.,1.,0.));
#13003 = PCURVE('',#12917,#13004);
#13004 = DEFINITIONAL_REPRESENTATION('',(#13005),#13009);
#13005 = LINE('',#13006,#13007);
#13006 = CARTESIAN_POINT('',(432.4,0.));
#13007 = VECTOR('',#13008,1.);
#13008 = DIRECTION('',(0.,-1.));
#13009 = ( GEOMETRIC_REPRESENTATION_CONTEXT(2) 
PARAMETRIC_REPRESENTATION_CONTEXT() REPRESENTATION_CONTEXT('2D SPACE',''
  ) );
#13010 = PCURVE('',#13011,#13016);
#13011 = PLANE('',#13012);
#13012 = AXIS2_PLACEMENT_3D('',#13013,#13014,#13015);
#13013 = CARTESIAN_POINT('',(0.,0.,432.4));
#13014 = DIRECTION('',(0.,0.,1.));
#13015 = DIRECTION('',(1.,0.,-0.));
#13016 = DEFINITIONAL_REPRESENTATION('',(#13017),#13021);
#13017 = LINE('',#13018,#13019);
#13018 = CARTESIAN_POINT('',(0.,0.));
#13019 = VECTOR('',#13020,1.);
#13020 = DIRECTION('',(0.,1.));
#13021 = ( GEOMETRIC_REPRESENTATION_CONTEXT(2) 
PARAMETRIC_REPRESENTATION_CONTEXT() REPRESENTATION_CONTEXT('2D SPACE',''
  ) );
#13022 = ADVANCED_FACE('',(#13023),#13037,.T.);
#13023 = FACE_BOUND('',#13024,.T.);
#13024 = EDGE_LOOP('',(#13025,#13055,#13078,#13101));
#13025 = ORIENTED_EDGE('',*,*,#13026,.F.);
#13026 = EDGE_CURVE('',#13027,#13029,#13031,.T.);
#13027 = VERTEX_POINT('',#13028);
#13028 = CARTESIAN_POINT('',(44.,0.,0.));
#13029 = VERTEX_POINT('',#13030);
#13030 = CARTESIAN_POINT('',(44.,0.,432.4));
#13031 = SURFACE_CURVE('',#13032,(#13036,#13048),.PCURVE_S1.);
#13032 = LINE('',#13033,#13034);
#13033 = CARTESIAN_POINT('',(44.,0.,0.));
#13034 = VECTOR('',#13035,1.);
#13035 = DIRECTION('',(0.,0.,1.));
#13036 = PCURVE('',#13037,#13042);
#13037 = PLANE('',#13038);
#13038 = AXIS2_PLACEMENT_3D('',#13039,#13040,#13041);
#13039 = CARTESIAN_POINT('',(44.,0.,0.));
#13040 = DIRECTION('',(1.,0.,-0.));
#13041 = DIRECTION('',(0.,0.,1.));
#13042 = DEFINITIONAL_REPRESENTATION('',(#13043),#13047);
#13043 = LINE('',#13044,#13045);
#13044 = CARTESIAN_POINT('',(0.,0.));
#13045 = VECTOR('',#13046,1.);
#13046 = DIRECTION('',(1.,0.));
#13047 = ( GEOMETRIC_REPRESENTATION_CONTEXT(2) 
PARAMETRIC_REPRESENTATION_CONTEXT() REPRESENTATION_CONTEXT('2D SPACE',''
  ) );
#13048 = PCURVE('',#12929,#13049);
#13049 = DEFINITIONAL_REPRESENTATION('',(#13050),#13054);
#13050 = LINE('',#13051,#13052);
#13051 = CARTESIAN_POINT('',(0.,44.));
#13052 = VECTOR('',#13053,1.);
#13053 = DIRECTION('',(1.,0.));
#13054 = ( GEOMETRIC_REPRESENTATION_CONTEXT(2) 
PARAMETRIC_REPRESENTATION_CONTEXT() REPRESENTATION_CONTEXT('2D SPACE',''
  ) );
#13055 = ORIENTED_EDGE('',*,*,#13056,.T.);
#13056 = EDGE_CURVE('',#13027,#13057,#13059,.T.);
#13057 = VERTEX_POINT('',#13058);
#13058 = CARTESIAN_POINT('',(44.,347.,0.));
#13059 = SURFACE_CURVE('',#13060,(#13064,#13071),.PCURVE_S1.);
#13060 = LINE('',#13061,#13062);
#13061 = CARTESIAN_POINT('',(44.,0.,0.));
#13062 = VECTOR('',#13063,1.);
#13063 = DIRECTION('',(-0.,1.,0.));
#13064 = PCURVE('',#13037,#13065);
#13065 = DEFINITIONAL_REPRESENTATION('',(#13066),#13070);
#13066 = LINE('',#13067,#13068);
#13067 = CARTESIAN_POINT('',(0.,0.));
#13068 = VECTOR('',#13069,1.);
#13069 = DIRECTION('',(0.,-1.));
#13070 = ( GEOMETRIC_REPRESENTATION_CONTEXT(2) 
PARAMETRIC_REPRESENTATION_CONTEXT() REPRESENTATION_CONTEXT('2D SPACE',''
  ) );
#13071 = PCURVE('',#12957,#13072);
#13072 = DEFINITIONAL_REPRESENTATION('',(#13073),#13077);
#13073 = LINE('',#13074,#13075);
#13074 = CARTESIAN_POINT('',(44.,0.));
#13075 = VECTOR('',#13076,1.);
#13076 = DIRECTION('',(0.,1.));
#13077 = ( GEOMETRIC_REPRESENTATION_CONTEXT(2) 
PARAMETRIC_REPRESENTATION_CONTEXT() REPRESENTATION_CONTEXT('2D SPACE',''
  ) );
#13078 = ORIENTED_EDGE('',*,*,#13079,.T.);
#13079 = EDGE_CURVE('',#13057,#13080,#13082,.T.);
#13080 = VERTEX_POINT('',#13081);
#13081 = CARTESIAN_POINT('',(44.,347.,432.4));
#13082 = SURFACE_CURVE('',#13083,(#13087,#13094),.PCURVE_S1.);
#13083 = LINE('',#13084,#13085);
#13084 = CARTESIAN_POINT('',(44.,347.,0.));
#13085 = VECTOR('',#13086,1.);
#13086 = DIRECTION('',(0.,0.,1.));
#13087 = PCURVE('',#13037,#13088);
#13088 = DEFINITIONAL_REPRESENTATION('',(#13089),#13093);
#13089 = LINE('',#13090,#13091);
#13090 = CARTESIAN_POINT('',(0.,-347.));
#13091 = VECTOR('',#13092,1.);
#13092 = DIRECTION('',(1.,0.));
#13093 = ( GEOMETRIC_REPRESENTATION_CONTEXT(2) 
PARAMETRIC_REPRESENTATION_CONTEXT() REPRESENTATION_CONTEXT('2D SPACE',''
  ) );
#13094 = PCURVE('',#12985,#13095);
#13095 = DEFINITIONAL_REPRESENTATION('',(#13096),#13100);
#13096 = LINE('',#13097,#13098);
#13097 = CARTESIAN_POINT('',(0.,44.));
#13098 = VECTOR('',#13099,1.);
#13099 = DIRECTION('',(1.,0.));
#13100 = ( GEOMETRIC_REPRESENTATION_CONTEXT(2) 
PARAMETRIC_REPRESENTATION_CONTEXT() REPRESENTATION_CONTEXT('2D SPACE',''
  ) );
#13101 = ORIENTED_EDGE('',*,*,#13102,.F.);
#13102 = EDGE_CURVE('',#13029,#13080,#13103,.T.);
#13103 = SURFACE_CURVE('',#13104,(#13108,#13115),.PCURVE_S1.);
#13104 = LINE('',#13105,#13106);
#13105 = CARTESIAN_POINT('',(44.,0.,432.4));
#13106 = VECTOR('',#13107,1.);
#13107 = DIRECTION('',(-0.,1.,0.));
#13108 = PCURVE('',#13037,#13109);
#13109 = DEFINITIONAL_REPRESENTATION('',(#13110),#13114);
#13110 = LINE('',#13111,#13112);
#13111 = CARTESIAN_POINT('',(432.4,0.));
#13112 = VECTOR('',#13113,1.);
#13113 = DIRECTION('',(0.,-1.));
#13114 = ( GEOMETRIC_REPRESENTATION_CONTEXT(2) 
PARAMETRIC_REPRESENTATION_CONTEXT() REPRESENTATION_CONTEXT('2D SPACE',''
  ) );
#13115 = PCURVE('',#13011,#13116);
#13116 = DEFINITIONAL_REPRESENTATION('',(#13117),#13121);
#13117 = LINE('',#13118,#13119);
#13118 = CARTESIAN_POINT('',(44.,0.));
#13119 = VECTOR('',#13120,1.);
#13120 = DIRECTION('',(0.,1.));
#13121 = ( GEOMETRIC_REPRESENTATION_CONTEXT(2) 
PARAMETRIC_REPRESENTATION_CONTEXT() REPRESENTATION_CONTEXT('2D SPACE',''
  ) );
#13122 = ADVANCED_FACE('',(#13123),#12929,.F.);
#13123 = FACE_BOUND('',#13124,.F.);
#13124 = EDGE_LOOP('',(#13125,#13146,#13147,#13168));
#13125 = ORIENTED_EDGE('',*,*,#13126,.F.);
#13126 = EDGE_CURVE('',#12907,#13027,#13127,.T.);
#13127 = SURFACE_CURVE('',#13128,(#13132,#13139),.PCURVE_S1.);
#13128 = LINE('',#13129,#13130);
#13129 = CARTESIAN_POINT('',(0.,0.,0.));
#13130 = VECTOR('',#13131,1.);
#13131 = DIRECTION('',(1.,0.,-0.));
#13132 = PCURVE('',#12929,#13133);
#13133 = DEFINITIONAL_REPRESENTATION('',(#13134),#13138);
#13134 = LINE('',#13135,#13136);
#13135 = CARTESIAN_POINT('',(0.,0.));
#13136 = VECTOR('',#13137,1.);
#13137 = DIRECTION('',(0.,1.));
#13138 = ( GEOMETRIC_REPRESENTATION_CONTEXT(2) 
PARAMETRIC_REPRESENTATION_CONTEXT() REPRESENTATION_CONTEXT('2D SPACE',''
  ) );
#13139 = PCURVE('',#12957,#13140);
#13140 = DEFINITIONAL_REPRESENTATION('',(#13141),#13145);
#13141 = LINE('',#13142,#13143);
#13142 = CARTESIAN_POINT('',(0.,0.));
#13143 = VECTOR('',#13144,1.);
#13144 = DIRECTION('',(1.,0.));
#13145 = ( GEOMETRIC_REPRESENTATION_CONTEXT(2) 
PARAMETRIC_REPRESENTATION_CONTEXT() REPRESENTATION_CONTEXT('2D SPACE',''
  ) );
#13146 = ORIENTED_EDGE('',*,*,#12906,.T.);
#13147 = ORIENTED_EDGE('',*,*,#13148,.T.);
#13148 = EDGE_CURVE('',#12909,#13029,#13149,.T.);
#13149 = SURFACE_CURVE('',#13150,(#13154,#13161),.PCURVE_S1.);
#13150 = LINE('',#13151,#13152);
#13151 = CARTESIAN_POINT('',(0.,0.,432.4));
#13152 = VECTOR('',#13153,1.);
#13153 = DIRECTION('',(1.,0.,-0.));
#13154 = PCURVE('',#12929,#13155);
#13155 = DEFINITIONAL_REPRESENTATION('',(#13156),#13160);
#13156 = LINE('',#13157,#13158);
#13157 = CARTESIAN_POINT('',(432.4,0.));
#13158 = VECTOR('',#13159,1.);
#13159 = DIRECTION('',(0.,1.));
#13160 = ( GEOMETRIC_REPRESENTATION_CONTEXT(2) 
PARAMETRIC_REPRESENTATION_CONTEXT() REPRESENTATION_CONTEXT('2D SPACE',''
  ) );
#13161 = PCURVE('',#13011,#13162);
#13162 = DEFINITIONAL_REPRESENTATION('',(#13163),#13167);
#13163 = LINE('',#13164,#13165);
#13164 = CARTESIAN_POINT('',(0.,0.));
#13165 = VECTOR('',#13166,1.);
#13166 = DIRECTION('',(1.,0.));
#13167 = ( GEOMETRIC_REPRESENTATION_CONTEXT(2) 
PARAMETRIC_REPRESENTATION_CONTEXT() REPRESENTATION_CONTEXT('2D SPACE',''
  ) );
#13168 = ORIENTED_EDGE('',*,*,#13026,.F.);
#13169 = ADVANCED_FACE('',(#13170),#12985,.T.);
#13170 = FACE_BOUND('',#13171,.T.);
#13171 = EDGE_LOOP('',(#13172,#13193,#13194,#13215));
#13172 = ORIENTED_EDGE('',*,*,#13173,.F.);
#13173 = EDGE_CURVE('',#12942,#13057,#13174,.T.);
#13174 = SURFACE_CURVE('',#13175,(#13179,#13186),.PCURVE_S1.);
#13175 = LINE('',#13176,#13177);
#13176 = CARTESIAN_POINT('',(0.,347.,0.));
#13177 = VECTOR('',#13178,1.);
#13178 = DIRECTION('',(1.,0.,-0.));
#13179 = PCURVE('',#12985,#13180);
#13180 = DEFINITIONAL_REPRESENTATION('',(#13181),#13185);
#13181 = LINE('',#13182,#13183);
#13182 = CARTESIAN_POINT('',(0.,0.));
#13183 = VECTOR('',#13184,1.);
#13184 = DIRECTION('',(0.,1.));
#13185 = ( GEOMETRIC_REPRESENTATION_CONTEXT(2) 
PARAMETRIC_REPRESENTATION_CONTEXT() REPRESENTATION_CONTEXT('2D SPACE',''
  ) );
#13186 = PCURVE('',#12957,#13187);
#13187 = DEFINITIONAL_REPRESENTATION('',(#13188),#13192);
#13188 = LINE('',#13189,#13190);
#13189 = CARTESIAN_POINT('',(0.,347.));
#13190 = VECTOR('',#13191,1.);
#13191 = DIRECTION('',(1.,0.));
#13192 = ( GEOMETRIC_REPRESENTATION_CONTEXT(2) 
PARAMETRIC_REPRESENTATION_CONTEXT() REPRESENTATION_CONTEXT('2D SPACE',''
  ) );
#13193 = ORIENTED_EDGE('',*,*,#12969,.T.);
#13194 = ORIENTED_EDGE('',*,*,#13195,.T.);
#13195 = EDGE_CURVE('',#12970,#13080,#13196,.T.);
#13196 = SURFACE_CURVE('',#13197,(#13201,#13208),.PCURVE_S1.);
#13197 = LINE('',#13198,#13199);
#13198 = CARTESIAN_POINT('',(0.,347.,432.4));
#13199 = VECTOR('',#13200,1.);
#13200 = DIRECTION('',(1.,0.,-0.));
#13201 = PCURVE('',#12985,#13202);
#13202 = DEFINITIONAL_REPRESENTATION('',(#13203),#13207);
#13203 = LINE('',#13204,#13205);
#13204 = CARTESIAN_POINT('',(432.4,0.));
#13205 = VECTOR('',#13206,1.);
#13206 = DIRECTION('',(0.,1.));
#13207 = ( GEOMETRIC_REPRESENTATION_CONTEXT(2) 
PARAMETRIC_REPRESENTATION_CONTEXT() REPRESENTATION_CONTEXT('2D SPACE',''
  ) );
#13208 = PCURVE('',#13011,#13209);
#13209 = DEFINITIONAL_REPRESENTATION('',(#13210),#13214);
#13210 = LINE('',#13211,#13212);
#13211 = CARTESIAN_POINT('',(0.,347.));
#13212 = VECTOR('',#13213,1.);
#13213 = DIRECTION('',(1.,0.));
#13214 = ( GEOMETRIC_REPRESENTATION_CONTEXT(2) 
PARAMETRIC_REPRESENTATION_CONTEXT() REPRESENTATION_CONTEXT('2D SPACE',''
  ) );
#13215 = ORIENTED_EDGE('',*,*,#13079,.F.);
#13216 = ADVANCED_FACE('',(#13217),#12957,.F.);
#13217 = FACE_BOUND('',#13218,.F.);
#13218 = EDGE_LOOP('',(#13219,#13220,#13221,#13222));
#13219 = ORIENTED_EDGE('',*,*,#12941,.F.);
#13220 = ORIENTED_EDGE('',*,*,#13126,.T.);
#13221 = ORIENTED_EDGE('',*,*,#13056,.T.);
#13222 = ORIENTED_EDGE('',*,*,#13173,.F.);
#13223 = ADVANCED_FACE('',(#13224),#13011,.T.);
#13224 = FACE_BOUND('',#13225,.T.);
#13225 = EDGE_LOOP('',(#13226,#13227,#13228,#13229));
#13226 = ORIENTED_EDGE('',*,*,#12997,.F.);
#13227 = ORIENTED_EDGE('',*,*,#13148,.T.);
#13228 = ORIENTED_EDGE('',*,*,#13102,.T.);
#13229 = ORIENTED_EDGE('',*,*,#13195,.F.);
#13230 = ( GEOMETRIC_REPRESENTATION_CONTEXT(3) 
GLOBAL_UNCERTAINTY_ASSIGNED_CONTEXT((#13234)) 
GLOBAL_UNIT_ASSIGNED_CONTEXT((#13231,#13232,#13233)) 
REPRESENTATION_CONTEXT('Context #1',
  '3D Context with UNIT and UNCERTAINTY') );
#13231 = ( LENGTH_UNIT() NAMED_UNIT(*) SI_UNIT(.MILLI.,.METRE.) );
#13232 = ( NAMED_UNIT(*) PLANE_ANGLE_UNIT() SI_UNIT($,.RADIAN.) );
#13233 = ( NAMED_UNIT(*) SI_UNIT($,.STERADIAN.) SOLID_ANGLE_UNIT() );
#13234 = UNCERTAINTY_MEASURE_WITH_UNIT(LENGTH_MEASURE(1.E-07),#13231,
  'distance_accuracy_value','confusion accuracy');
#13235 = CONTEXT_DEPENDENT_SHAPE_REPRESENTATION(#13236,#13238);
#13236 = ( REPRESENTATION_RELATIONSHIP('','',#12899,#12876) 
REPRESENTATION_RELATIONSHIP_WITH_TRANSFORMATION(#13237) 
SHAPE_REPRESENTATION_RELATIONSHIP() );
#13237 = ITEM_DEFINED_TRANSFORMATION('','',#11,#12877);
#13238 = PRODUCT_DEFINITION_SHAPE('Placement','Placement of an item',
  #13239);
#13239 = NEXT_ASSEMBLY_USAGE_OCCURRENCE('153','=>[0:1:1:91]','',#12871,
  #12894,$);
#13240 = PRODUCT_RELATED_PRODUCT_CATEGORY('part',$,(#12896));
#13241 = SHAPE_DEFINITION_REPRESENTATION(#13242,#13248);
#13242 = PRODUCT_DEFINITION_SHAPE('','',#13243);
#13243 = PRODUCT_DEFINITION('design','',#13244,#13247);
#13244 = PRODUCT_DEFINITION_FORMATION('','',#13245);
#13245 = PRODUCT('right_rear_covered_wheel_spoke_04',
  'right_rear_covered_wheel_spoke_04','',(#13246));
#13246 = PRODUCT_CONTEXT('',#2,'mechanical');
#13247 = PRODUCT_DEFINITION_CONTEXT('part definition',#2,'design');
#13248 = SHAPE_REPRESENTATION('',(#11,#13249),#13253);
#13249 = AXIS2_PLACEMENT_3D('',#13250,#13251,#13252);
#13250 = CARTESIAN_POINT('',(-22.,-173.5,-216.2));
#13251 = DIRECTION('',(0.,0.,1.));
#13252 = DIRECTION('',(1.,0.,0.));
#13253 = ( GEOMETRIC_REPRESENTATION_CONTEXT(3) 
GLOBAL_UNCERTAINTY_ASSIGNED_CONTEXT((#13257)) 
GLOBAL_UNIT_ASSIGNED_CONTEXT((#13254,#13255,#13256)) 
REPRESENTATION_CONTEXT('Context #1',
  '3D Context with UNIT and UNCERTAINTY') );
#13254 = ( LENGTH_UNIT() NAMED_UNIT(*) SI_UNIT(.MILLI.,.METRE.) );
#13255 = ( NAMED_UNIT(*) PLANE_ANGLE_UNIT() SI_UNIT($,.RADIAN.) );
#13256 = ( NAMED_UNIT(*) SI_UNIT($,.STERADIAN.) SOLID_ANGLE_UNIT() );
#13257 = UNCERTAINTY_MEASURE_WITH_UNIT(LENGTH_MEASURE(1.E-07),#13254,
  'distance_accuracy_value','confusion accuracy');
#13258 = CONTEXT_DEPENDENT_SHAPE_REPRESENTATION(#13259,#13261);
#13259 = ( REPRESENTATION_RELATIONSHIP('','',#13248,#10) 
REPRESENTATION_RELATIONSHIP_WITH_TRANSFORMATION(#13260) 
SHAPE_REPRESENTATION_RELATIONSHIP() );
#13260 = ITEM_DEFINED_TRANSFORMATION('','',#11,#195);
#13261 = PRODUCT_DEFINITION_SHAPE('Placement','Placement of an item',
  #13262);
#13262 = NEXT_ASSEMBLY_USAGE_OCCURRENCE('156','=>[0:1:1:92]','',#5,
  #13243,$);
#13263 = PRODUCT_RELATED_PRODUCT_CATEGORY('part',$,(#13245));
#13264 = SHAPE_DEFINITION_REPRESENTATION(#13265,#13271);
#13265 = PRODUCT_DEFINITION_SHAPE('','',#13266);
#13266 = PRODUCT_DEFINITION('design','',#13267,#13270);
#13267 = PRODUCT_DEFINITION_FORMATION('','',#13268);
#13268 = PRODUCT('SOLID','SOLID','',(#13269));
#13269 = PRODUCT_CONTEXT('',#2,'mechanical');
#13270 = PRODUCT_DEFINITION_CONTEXT('part definition',#2,'design');
#13271 = ADVANCED_BREP_SHAPE_REPRESENTATION('',(#11,#13272),#13602);
#13272 = MANIFOLD_SOLID_BREP('',#13273);
#13273 = CLOSED_SHELL('',(#13274,#13394,#13494,#13541,#13588,#13595));
#13274 = ADVANCED_FACE('',(#13275),#13289,.F.);
#13275 = FACE_BOUND('',#13276,.F.);
#13276 = EDGE_LOOP('',(#13277,#13312,#13340,#13368));
#13277 = ORIENTED_EDGE('',*,*,#13278,.F.);
#13278 = EDGE_CURVE('',#13279,#13281,#13283,.T.);
#13279 = VERTEX_POINT('',#13280);
#13280 = CARTESIAN_POINT('',(0.,0.,0.));
#13281 = VERTEX_POINT('',#13282);
#13282 = CARTESIAN_POINT('',(0.,0.,432.4));
#13283 = SURFACE_CURVE('',#13284,(#13288,#13300),.PCURVE_S1.);
#13284 = LINE('',#13285,#13286);
#13285 = CARTESIAN_POINT('',(0.,0.,0.));
#13286 = VECTOR('',#13287,1.);
#13287 = DIRECTION('',(0.,0.,1.));
#13288 = PCURVE('',#13289,#13294);
#13289 = PLANE('',#13290);
#13290 = AXIS2_PLACEMENT_3D('',#13291,#13292,#13293);
#13291 = CARTESIAN_POINT('',(0.,0.,0.));
#13292 = DIRECTION('',(1.,0.,-0.));
#13293 = DIRECTION('',(0.,0.,1.));
#13294 = DEFINITIONAL_REPRESENTATION('',(#13295),#13299);
#13295 = LINE('',#13296,#13297);
#13296 = CARTESIAN_POINT('',(0.,0.));
#13297 = VECTOR('',#13298,1.);
#13298 = DIRECTION('',(1.,0.));
#13299 = ( GEOMETRIC_REPRESENTATION_CONTEXT(2) 
PARAMETRIC_REPRESENTATION_CONTEXT() REPRESENTATION_CONTEXT('2D SPACE',''
  ) );
#13300 = PCURVE('',#13301,#13306);
#13301 = PLANE('',#13302);
#13302 = AXIS2_PLACEMENT_3D('',#13303,#13304,#13305);
#13303 = CARTESIAN_POINT('',(0.,0.,0.));
#13304 = DIRECTION('',(-0.,1.,0.));
#13305 = DIRECTION('',(0.,0.,1.));
#13306 = DEFINITIONAL_REPRESENTATION('',(#13307),#13311);
#13307 = LINE('',#13308,#13309);
#13308 = CARTESIAN_POINT('',(0.,0.));
#13309 = VECTOR('',#13310,1.);
#13310 = DIRECTION('',(1.,0.));
#13311 = ( GEOMETRIC_REPRESENTATION_CONTEXT(2) 
PARAMETRIC_REPRESENTATION_CONTEXT() REPRESENTATION_CONTEXT('2D SPACE',''
  ) );
#13312 = ORIENTED_EDGE('',*,*,#13313,.T.);
#13313 = EDGE_CURVE('',#13279,#13314,#13316,.T.);
#13314 = VERTEX_POINT('',#13315);
#13315 = CARTESIAN_POINT('',(0.,347.,0.));
#13316 = SURFACE_CURVE('',#13317,(#13321,#13328),.PCURVE_S1.);
#13317 = LINE('',#13318,#13319);
#13318 = CARTESIAN_POINT('',(0.,0.,0.));
#13319 = VECTOR('',#13320,1.);
#13320 = DIRECTION('',(-0.,1.,0.));
#13321 = PCURVE('',#13289,#13322);
#13322 = DEFINITIONAL_REPRESENTATION('',(#13323),#13327);
#13323 = LINE('',#13324,#13325);
#13324 = CARTESIAN_POINT('',(0.,0.));
#13325 = VECTOR('',#13326,1.);
#13326 = DIRECTION('',(0.,-1.));
#13327 = ( GEOMETRIC_REPRESENTATION_CONTEXT(2) 
PARAMETRIC_REPRESENTATION_CONTEXT() REPRESENTATION_CONTEXT('2D SPACE',''
  ) );
#13328 = PCURVE('',#13329,#13334);
#13329 = PLANE('',#13330);
#13330 = AXIS2_PLACEMENT_3D('',#13331,#13332,#13333);
#13331 = CARTESIAN_POINT('',(0.,0.,0.));
#13332 = DIRECTION('',(0.,0.,1.));
#13333 = DIRECTION('',(1.,0.,-0.));
#13334 = DEFINITIONAL_REPRESENTATION('',(#13335),#13339);
#13335 = LINE('',#13336,#13337);
#13336 = CARTESIAN_POINT('',(0.,0.));
#13337 = VECTOR('',#13338,1.);
#13338 = DIRECTION('',(0.,1.));
#13339 = ( GEOMETRIC_REPRESENTATION_CONTEXT(2) 
PARAMETRIC_REPRESENTATION_CONTEXT() REPRESENTATION_CONTEXT('2D SPACE',''
  ) );
#13340 = ORIENTED_EDGE('',*,*,#13341,.T.);
#13341 = EDGE_CURVE('',#13314,#13342,#13344,.T.);
#13342 = VERTEX_POINT('',#13343);
#13343 = CARTESIAN_POINT('',(0.,347.,432.4));
#13344 = SURFACE_CURVE('',#13345,(#13349,#13356),.PCURVE_S1.);
#13345 = LINE('',#13346,#13347);
#13346 = CARTESIAN_POINT('',(0.,347.,0.));
#13347 = VECTOR('',#13348,1.);
#13348 = DIRECTION('',(0.,0.,1.));
#13349 = PCURVE('',#13289,#13350);
#13350 = DEFINITIONAL_REPRESENTATION('',(#13351),#13355);
#13351 = LINE('',#13352,#13353);
#13352 = CARTESIAN_POINT('',(0.,-347.));
#13353 = VECTOR('',#13354,1.);
#13354 = DIRECTION('',(1.,0.));
#13355 = ( GEOMETRIC_REPRESENTATION_CONTEXT(2) 
PARAMETRIC_REPRESENTATION_CONTEXT() REPRESENTATION_CONTEXT('2D SPACE',''
  ) );
#13356 = PCURVE('',#13357,#13362);
#13357 = PLANE('',#13358);
#13358 = AXIS2_PLACEMENT_3D('',#13359,#13360,#13361);
#13359 = CARTESIAN_POINT('',(0.,347.,0.));
#13360 = DIRECTION('',(-0.,1.,0.));
#13361 = DIRECTION('',(0.,0.,1.));
#13362 = DEFINITIONAL_REPRESENTATION('',(#13363),#13367);
#13363 = LINE('',#13364,#13365);
#13364 = CARTESIAN_POINT('',(0.,0.));
#13365 = VECTOR('',#13366,1.);
#13366 = DIRECTION('',(1.,0.));
#13367 = ( GEOMETRIC_REPRESENTATION_CONTEXT(2) 
PARAMETRIC_REPRESENTATION_CONTEXT() REPRESENTATION_CONTEXT('2D SPACE',''
  ) );
#13368 = ORIENTED_EDGE('',*,*,#13369,.F.);
#13369 = EDGE_CURVE('',#13281,#13342,#13370,.T.);
#13370 = SURFACE_CURVE('',#13371,(#13375,#13382),.PCURVE_S1.);
#13371 = LINE('',#13372,#13373);
#13372 = CARTESIAN_POINT('',(0.,0.,432.4));
#13373 = VECTOR('',#13374,1.);
#13374 = DIRECTION('',(-0.,1.,0.));
#13375 = PCURVE('',#13289,#13376);
#13376 = DEFINITIONAL_REPRESENTATION('',(#13377),#13381);
#13377 = LINE('',#13378,#13379);
#13378 = CARTESIAN_POINT('',(432.4,0.));
#13379 = VECTOR('',#13380,1.);
#13380 = DIRECTION('',(0.,-1.));
#13381 = ( GEOMETRIC_REPRESENTATION_CONTEXT(2) 
PARAMETRIC_REPRESENTATION_CONTEXT() REPRESENTATION_CONTEXT('2D SPACE',''
  ) );
#13382 = PCURVE('',#13383,#13388);
#13383 = PLANE('',#13384);
#13384 = AXIS2_PLACEMENT_3D('',#13385,#13386,#13387);
#13385 = CARTESIAN_POINT('',(0.,0.,432.4));
#13386 = DIRECTION('',(0.,0.,1.));
#13387 = DIRECTION('',(1.,0.,-0.));
#13388 = DEFINITIONAL_REPRESENTATION('',(#13389),#13393);
#13389 = LINE('',#13390,#13391);
#13390 = CARTESIAN_POINT('',(0.,0.));
#13391 = VECTOR('',#13392,1.);
#13392 = DIRECTION('',(0.,1.));
#13393 = ( GEOMETRIC_REPRESENTATION_CONTEXT(2) 
PARAMETRIC_REPRESENTATION_CONTEXT() REPRESENTATION_CONTEXT('2D SPACE',''
  ) );
#13394 = ADVANCED_FACE('',(#13395),#13409,.T.);
#13395 = FACE_BOUND('',#13396,.T.);
#13396 = EDGE_LOOP('',(#13397,#13427,#13450,#13473));
#13397 = ORIENTED_EDGE('',*,*,#13398,.F.);
#13398 = EDGE_CURVE('',#13399,#13401,#13403,.T.);
#13399 = VERTEX_POINT('',#13400);
#13400 = CARTESIAN_POINT('',(44.,0.,0.));
#13401 = VERTEX_POINT('',#13402);
#13402 = CARTESIAN_POINT('',(44.,0.,432.4));
#13403 = SURFACE_CURVE('',#13404,(#13408,#13420),.PCURVE_S1.);
#13404 = LINE('',#13405,#13406);
#13405 = CARTESIAN_POINT('',(44.,0.,0.));
#13406 = VECTOR('',#13407,1.);
#13407 = DIRECTION('',(0.,0.,1.));
#13408 = PCURVE('',#13409,#13414);
#13409 = PLANE('',#13410);
#13410 = AXIS2_PLACEMENT_3D('',#13411,#13412,#13413);
#13411 = CARTESIAN_POINT('',(44.,0.,0.));
#13412 = DIRECTION('',(1.,0.,-0.));
#13413 = DIRECTION('',(0.,0.,1.));
#13414 = DEFINITIONAL_REPRESENTATION('',(#13415),#13419);
#13415 = LINE('',#13416,#13417);
#13416 = CARTESIAN_POINT('',(0.,0.));
#13417 = VECTOR('',#13418,1.);
#13418 = DIRECTION('',(1.,0.));
#13419 = ( GEOMETRIC_REPRESENTATION_CONTEXT(2) 
PARAMETRIC_REPRESENTATION_CONTEXT() REPRESENTATION_CONTEXT('2D SPACE',''
  ) );
#13420 = PCURVE('',#13301,#13421);
#13421 = DEFINITIONAL_REPRESENTATION('',(#13422),#13426);
#13422 = LINE('',#13423,#13424);
#13423 = CARTESIAN_POINT('',(0.,44.));
#13424 = VECTOR('',#13425,1.);
#13425 = DIRECTION('',(1.,0.));
#13426 = ( GEOMETRIC_REPRESENTATION_CONTEXT(2) 
PARAMETRIC_REPRESENTATION_CONTEXT() REPRESENTATION_CONTEXT('2D SPACE',''
  ) );
#13427 = ORIENTED_EDGE('',*,*,#13428,.T.);
#13428 = EDGE_CURVE('',#13399,#13429,#13431,.T.);
#13429 = VERTEX_POINT('',#13430);
#13430 = CARTESIAN_POINT('',(44.,347.,0.));
#13431 = SURFACE_CURVE('',#13432,(#13436,#13443),.PCURVE_S1.);
#13432 = LINE('',#13433,#13434);
#13433 = CARTESIAN_POINT('',(44.,0.,0.));
#13434 = VECTOR('',#13435,1.);
#13435 = DIRECTION('',(-0.,1.,0.));
#13436 = PCURVE('',#13409,#13437);
#13437 = DEFINITIONAL_REPRESENTATION('',(#13438),#13442);
#13438 = LINE('',#13439,#13440);
#13439 = CARTESIAN_POINT('',(0.,0.));
#13440 = VECTOR('',#13441,1.);
#13441 = DIRECTION('',(0.,-1.));
#13442 = ( GEOMETRIC_REPRESENTATION_CONTEXT(2) 
PARAMETRIC_REPRESENTATION_CONTEXT() REPRESENTATION_CONTEXT('2D SPACE',''
  ) );
#13443 = PCURVE('',#13329,#13444);
#13444 = DEFINITIONAL_REPRESENTATION('',(#13445),#13449);
#13445 = LINE('',#13446,#13447);
#13446 = CARTESIAN_POINT('',(44.,0.));
#13447 = VECTOR('',#13448,1.);
#13448 = DIRECTION('',(0.,1.));
#13449 = ( GEOMETRIC_REPRESENTATION_CONTEXT(2) 
PARAMETRIC_REPRESENTATION_CONTEXT() REPRESENTATION_CONTEXT('2D SPACE',''
  ) );
#13450 = ORIENTED_EDGE('',*,*,#13451,.T.);
#13451 = EDGE_CURVE('',#13429,#13452,#13454,.T.);
#13452 = VERTEX_POINT('',#13453);
#13453 = CARTESIAN_POINT('',(44.,347.,432.4));
#13454 = SURFACE_CURVE('',#13455,(#13459,#13466),.PCURVE_S1.);
#13455 = LINE('',#13456,#13457);
#13456 = CARTESIAN_POINT('',(44.,347.,0.));
#13457 = VECTOR('',#13458,1.);
#13458 = DIRECTION('',(0.,0.,1.));
#13459 = PCURVE('',#13409,#13460);
#13460 = DEFINITIONAL_REPRESENTATION('',(#13461),#13465);
#13461 = LINE('',#13462,#13463);
#13462 = CARTESIAN_POINT('',(0.,-347.));
#13463 = VECTOR('',#13464,1.);
#13464 = DIRECTION('',(1.,0.));
#13465 = ( GEOMETRIC_REPRESENTATION_CONTEXT(2) 
PARAMETRIC_REPRESENTATION_CONTEXT() REPRESENTATION_CONTEXT('2D SPACE',''
  ) );
#13466 = PCURVE('',#13357,#13467);
#13467 = DEFINITIONAL_REPRESENTATION('',(#13468),#13472);
#13468 = LINE('',#13469,#13470);
#13469 = CARTESIAN_POINT('',(0.,44.));
#13470 = VECTOR('',#13471,1.);
#13471 = DIRECTION('',(1.,0.));
#13472 = ( GEOMETRIC_REPRESENTATION_CONTEXT(2) 
PARAMETRIC_REPRESENTATION_CONTEXT() REPRESENTATION_CONTEXT('2D SPACE',''
  ) );
#13473 = ORIENTED_EDGE('',*,*,#13474,.F.);
#13474 = EDGE_CURVE('',#13401,#13452,#13475,.T.);
#13475 = SURFACE_CURVE('',#13476,(#13480,#13487),.PCURVE_S1.);
#13476 = LINE('',#13477,#13478);
#13477 = CARTESIAN_POINT('',(44.,0.,432.4));
#13478 = VECTOR('',#13479,1.);
#13479 = DIRECTION('',(-0.,1.,0.));
#13480 = PCURVE('',#13409,#13481);
#13481 = DEFINITIONAL_REPRESENTATION('',(#13482),#13486);
#13482 = LINE('',#13483,#13484);
#13483 = CARTESIAN_POINT('',(432.4,0.));
#13484 = VECTOR('',#13485,1.);
#13485 = DIRECTION('',(0.,-1.));
#13486 = ( GEOMETRIC_REPRESENTATION_CONTEXT(2) 
PARAMETRIC_REPRESENTATION_CONTEXT() REPRESENTATION_CONTEXT('2D SPACE',''
  ) );
#13487 = PCURVE('',#13383,#13488);
#13488 = DEFINITIONAL_REPRESENTATION('',(#13489),#13493);
#13489 = LINE('',#13490,#13491);
#13490 = CARTESIAN_POINT('',(44.,0.));
#13491 = VECTOR('',#13492,1.);
#13492 = DIRECTION('',(0.,1.));
#13493 = ( GEOMETRIC_REPRESENTATION_CONTEXT(2) 
PARAMETRIC_REPRESENTATION_CONTEXT() REPRESENTATION_CONTEXT('2D SPACE',''
  ) );
#13494 = ADVANCED_FACE('',(#13495),#13301,.F.);
#13495 = FACE_BOUND('',#13496,.F.);
#13496 = EDGE_LOOP('',(#13497,#13518,#13519,#13540));
#13497 = ORIENTED_EDGE('',*,*,#13498,.F.);
#13498 = EDGE_CURVE('',#13279,#13399,#13499,.T.);
#13499 = SURFACE_CURVE('',#13500,(#13504,#13511),.PCURVE_S1.);
#13500 = LINE('',#13501,#13502);
#13501 = CARTESIAN_POINT('',(0.,0.,0.));
#13502 = VECTOR('',#13503,1.);
#13503 = DIRECTION('',(1.,0.,-0.));
#13504 = PCURVE('',#13301,#13505);
#13505 = DEFINITIONAL_REPRESENTATION('',(#13506),#13510);
#13506 = LINE('',#13507,#13508);
#13507 = CARTESIAN_POINT('',(0.,0.));
#13508 = VECTOR('',#13509,1.);
#13509 = DIRECTION('',(0.,1.));
#13510 = ( GEOMETRIC_REPRESENTATION_CONTEXT(2) 
PARAMETRIC_REPRESENTATION_CONTEXT() REPRESENTATION_CONTEXT('2D SPACE',''
  ) );
#13511 = PCURVE('',#13329,#13512);
#13512 = DEFINITIONAL_REPRESENTATION('',(#13513),#13517);
#13513 = LINE('',#13514,#13515);
#13514 = CARTESIAN_POINT('',(0.,0.));
#13515 = VECTOR('',#13516,1.);
#13516 = DIRECTION('',(1.,0.));
#13517 = ( GEOMETRIC_REPRESENTATION_CONTEXT(2) 
PARAMETRIC_REPRESENTATION_CONTEXT() REPRESENTATION_CONTEXT('2D SPACE',''
  ) );
#13518 = ORIENTED_EDGE('',*,*,#13278,.T.);
#13519 = ORIENTED_EDGE('',*,*,#13520,.T.);
#13520 = EDGE_CURVE('',#13281,#13401,#13521,.T.);
#13521 = SURFACE_CURVE('',#13522,(#13526,#13533),.PCURVE_S1.);
#13522 = LINE('',#13523,#13524);
#13523 = CARTESIAN_POINT('',(0.,0.,432.4));
#13524 = VECTOR('',#13525,1.);
#13525 = DIRECTION('',(1.,0.,-0.));
#13526 = PCURVE('',#13301,#13527);
#13527 = DEFINITIONAL_REPRESENTATION('',(#13528),#13532);
#13528 = LINE('',#13529,#13530);
#13529 = CARTESIAN_POINT('',(432.4,0.));
#13530 = VECTOR('',#13531,1.);
#13531 = DIRECTION('',(0.,1.));
#13532 = ( GEOMETRIC_REPRESENTATION_CONTEXT(2) 
PARAMETRIC_REPRESENTATION_CONTEXT() REPRESENTATION_CONTEXT('2D SPACE',''
  ) );
#13533 = PCURVE('',#13383,#13534);
#13534 = DEFINITIONAL_REPRESENTATION('',(#13535),#13539);
#13535 = LINE('',#13536,#13537);
#13536 = CARTESIAN_POINT('',(0.,0.));
#13537 = VECTOR('',#13538,1.);
#13538 = DIRECTION('',(1.,0.));
#13539 = ( GEOMETRIC_REPRESENTATION_CONTEXT(2) 
PARAMETRIC_REPRESENTATION_CONTEXT() REPRESENTATION_CONTEXT('2D SPACE',''
  ) );
#13540 = ORIENTED_EDGE('',*,*,#13398,.F.);
#13541 = ADVANCED_FACE('',(#13542),#13357,.T.);
#13542 = FACE_BOUND('',#13543,.T.);
#13543 = EDGE_LOOP('',(#13544,#13565,#13566,#13587));
#13544 = ORIENTED_EDGE('',*,*,#13545,.F.);
#13545 = EDGE_CURVE('',#13314,#13429,#13546,.T.);
#13546 = SURFACE_CURVE('',#13547,(#13551,#13558),.PCURVE_S1.);
#13547 = LINE('',#13548,#13549);
#13548 = CARTESIAN_POINT('',(0.,347.,0.));
#13549 = VECTOR('',#13550,1.);
#13550 = DIRECTION('',(1.,0.,-0.));
#13551 = PCURVE('',#13357,#13552);
#13552 = DEFINITIONAL_REPRESENTATION('',(#13553),#13557);
#13553 = LINE('',#13554,#13555);
#13554 = CARTESIAN_POINT('',(0.,0.));
#13555 = VECTOR('',#13556,1.);
#13556 = DIRECTION('',(0.,1.));
#13557 = ( GEOMETRIC_REPRESENTATION_CONTEXT(2) 
PARAMETRIC_REPRESENTATION_CONTEXT() REPRESENTATION_CONTEXT('2D SPACE',''
  ) );
#13558 = PCURVE('',#13329,#13559);
#13559 = DEFINITIONAL_REPRESENTATION('',(#13560),#13564);
#13560 = LINE('',#13561,#13562);
#13561 = CARTESIAN_POINT('',(0.,347.));
#13562 = VECTOR('',#13563,1.);
#13563 = DIRECTION('',(1.,0.));
#13564 = ( GEOMETRIC_REPRESENTATION_CONTEXT(2) 
PARAMETRIC_REPRESENTATION_CONTEXT() REPRESENTATION_CONTEXT('2D SPACE',''
  ) );
#13565 = ORIENTED_EDGE('',*,*,#13341,.T.);
#13566 = ORIENTED_EDGE('',*,*,#13567,.T.);
#13567 = EDGE_CURVE('',#13342,#13452,#13568,.T.);
#13568 = SURFACE_CURVE('',#13569,(#13573,#13580),.PCURVE_S1.);
#13569 = LINE('',#13570,#13571);
#13570 = CARTESIAN_POINT('',(0.,347.,432.4));
#13571 = VECTOR('',#13572,1.);
#13572 = DIRECTION('',(1.,0.,-0.));
#13573 = PCURVE('',#13357,#13574);
#13574 = DEFINITIONAL_REPRESENTATION('',(#13575),#13579);
#13575 = LINE('',#13576,#13577);
#13576 = CARTESIAN_POINT('',(432.4,0.));
#13577 = VECTOR('',#13578,1.);
#13578 = DIRECTION('',(0.,1.));
#13579 = ( GEOMETRIC_REPRESENTATION_CONTEXT(2) 
PARAMETRIC_REPRESENTATION_CONTEXT() REPRESENTATION_CONTEXT('2D SPACE',''
  ) );
#13580 = PCURVE('',#13383,#13581);
#13581 = DEFINITIONAL_REPRESENTATION('',(#13582),#13586);
#13582 = LINE('',#13583,#13584);
#13583 = CARTESIAN_POINT('',(0.,347.));
#13584 = VECTOR('',#13585,1.);
#13585 = DIRECTION('',(1.,0.));
#13586 = ( GEOMETRIC_REPRESENTATION_CONTEXT(2) 
PARAMETRIC_REPRESENTATION_CONTEXT() REPRESENTATION_CONTEXT('2D SPACE',''
  ) );
#13587 = ORIENTED_EDGE('',*,*,#13451,.F.);
#13588 = ADVANCED_FACE('',(#13589),#13329,.F.);
#13589 = FACE_BOUND('',#13590,.F.);
#13590 = EDGE_LOOP('',(#13591,#13592,#13593,#13594));
#13591 = ORIENTED_EDGE('',*,*,#13313,.F.);
#13592 = ORIENTED_EDGE('',*,*,#13498,.T.);
#13593 = ORIENTED_EDGE('',*,*,#13428,.T.);
#13594 = ORIENTED_EDGE('',*,*,#13545,.F.);
#13595 = ADVANCED_FACE('',(#13596),#13383,.T.);
#13596 = FACE_BOUND('',#13597,.T.);
#13597 = EDGE_LOOP('',(#13598,#13599,#13600,#13601));
#13598 = ORIENTED_EDGE('',*,*,#13369,.F.);
#13599 = ORIENTED_EDGE('',*,*,#13520,.T.);
#13600 = ORIENTED_EDGE('',*,*,#13474,.T.);
#13601 = ORIENTED_EDGE('',*,*,#13567,.F.);
#13602 = ( GEOMETRIC_REPRESENTATION_CONTEXT(3) 
GLOBAL_UNCERTAINTY_ASSIGNED_CONTEXT((#13606)) 
GLOBAL_UNIT_ASSIGNED_CONTEXT((#13603,#13604,#13605)) 
REPRESENTATION_CONTEXT('Context #1',
  '3D Context with UNIT and UNCERTAINTY') );
#13603 = ( LENGTH_UNIT() NAMED_UNIT(*) SI_UNIT(.MILLI.,.METRE.) );
#13604 = ( NAMED_UNIT(*) PLANE_ANGLE_UNIT() SI_UNIT($,.RADIAN.) );
#13605 = ( NAMED_UNIT(*) SI_UNIT($,.STERADIAN.) SOLID_ANGLE_UNIT() );
#13606 = UNCERTAINTY_MEASURE_WITH_UNIT(LENGTH_MEASURE(1.E-07),#13603,
  'distance_accuracy_value','confusion accuracy');
#13607 = CONTEXT_DEPENDENT_SHAPE_REPRESENTATION(#13608,#13610);
#13608 = ( REPRESENTATION_RELATIONSHIP('','',#13271,#13248) 
REPRESENTATION_RELATIONSHIP_WITH_TRANSFORMATION(#13609) 
SHAPE_REPRESENTATION_RELATIONSHIP() );
#13609 = ITEM_DEFINED_TRANSFORMATION('','',#11,#13249);
#13610 = PRODUCT_DEFINITION_SHAPE('Placement','Placement of an item',
  #13611);
#13611 = NEXT_ASSEMBLY_USAGE_OCCURRENCE('155','=>[0:1:1:93]','',#13243,
  #13266,$);
#13612 = PRODUCT_RELATED_PRODUCT_CATEGORY('part',$,(#13268));
#13613 = SHAPE_DEFINITION_REPRESENTATION(#13614,#13620);
#13614 = PRODUCT_DEFINITION_SHAPE('','',#13615);
#13615 = PRODUCT_DEFINITION('design','',#13616,#13619);
#13616 = PRODUCT_DEFINITION_FORMATION('','',#13617);
#13617 = PRODUCT('right_rear_covered_wheel_spoke_05',
  'right_rear_covered_wheel_spoke_05','',(#13618));
#13618 = PRODUCT_CONTEXT('',#2,'mechanical');
#13619 = PRODUCT_DEFINITION_CONTEXT('part definition',#2,'design');
#13620 = SHAPE_REPRESENTATION('',(#11,#13621),#13625);
#13621 = AXIS2_PLACEMENT_3D('',#13622,#13623,#13624);
#13622 = CARTESIAN_POINT('',(-22.,-173.5,-216.2));
#13623 = DIRECTION('',(0.,0.,1.));
#13624 = DIRECTION('',(1.,0.,0.));
#13625 = ( GEOMETRIC_REPRESENTATION_CONTEXT(3) 
GLOBAL_UNCERTAINTY_ASSIGNED_CONTEXT((#13629)) 
GLOBAL_UNIT_ASSIGNED_CONTEXT((#13626,#13627,#13628)) 
REPRESENTATION_CONTEXT('Context #1',
  '3D Context with UNIT and UNCERTAINTY') );
#13626 = ( LENGTH_UNIT() NAMED_UNIT(*) SI_UNIT(.MILLI.,.METRE.) );
#13627 = ( NAMED_UNIT(*) PLANE_ANGLE_UNIT() SI_UNIT($,.RADIAN.) );
#13628 = ( NAMED_UNIT(*) SI_UNIT($,.STERADIAN.) SOLID_ANGLE_UNIT() );
#13629 = UNCERTAINTY_MEASURE_WITH_UNIT(LENGTH_MEASURE(1.E-07),#13626,
  'distance_accuracy_value','confusion accuracy');
#13630 = CONTEXT_DEPENDENT_SHAPE_REPRESENTATION(#13631,#13633);
#13631 = ( REPRESENTATION_RELATIONSHIP('','',#13620,#10) 
REPRESENTATION_RELATIONSHIP_WITH_TRANSFORMATION(#13632) 
SHAPE_REPRESENTATION_RELATIONSHIP() );
#13632 = ITEM_DEFINED_TRANSFORMATION('','',#11,#199);
#13633 = PRODUCT_DEFINITION_SHAPE('Placement','Placement of an item',
  #13634);
#13634 = NEXT_ASSEMBLY_USAGE_OCCURRENCE('158','=>[0:1:1:94]','',#5,
  #13615,$);
#13635 = PRODUCT_RELATED_PRODUCT_CATEGORY('part',$,(#13617));
#13636 = SHAPE_DEFINITION_REPRESENTATION(#13637,#13643);
#13637 = PRODUCT_DEFINITION_SHAPE('','',#13638);
#13638 = PRODUCT_DEFINITION('design','',#13639,#13642);
#13639 = PRODUCT_DEFINITION_FORMATION('','',#13640);
#13640 = PRODUCT('SOLID','SOLID','',(#13641));
#13641 = PRODUCT_CONTEXT('',#2,'mechanical');
#13642 = PRODUCT_DEFINITION_CONTEXT('part definition',#2,'design');
#13643 = ADVANCED_BREP_SHAPE_REPRESENTATION('',(#11,#13644),#13974);
#13644 = MANIFOLD_SOLID_BREP('',#13645);
#13645 = CLOSED_SHELL('',(#13646,#13766,#13866,#13913,#13960,#13967));
#13646 = ADVANCED_FACE('',(#13647),#13661,.F.);
#13647 = FACE_BOUND('',#13648,.F.);
#13648 = EDGE_LOOP('',(#13649,#13684,#13712,#13740));
#13649 = ORIENTED_EDGE('',*,*,#13650,.F.);
#13650 = EDGE_CURVE('',#13651,#13653,#13655,.T.);
#13651 = VERTEX_POINT('',#13652);
#13652 = CARTESIAN_POINT('',(0.,0.,0.));
#13653 = VERTEX_POINT('',#13654);
#13654 = CARTESIAN_POINT('',(0.,0.,432.4));
#13655 = SURFACE_CURVE('',#13656,(#13660,#13672),.PCURVE_S1.);
#13656 = LINE('',#13657,#13658);
#13657 = CARTESIAN_POINT('',(0.,0.,0.));
#13658 = VECTOR('',#13659,1.);
#13659 = DIRECTION('',(0.,0.,1.));
#13660 = PCURVE('',#13661,#13666);
#13661 = PLANE('',#13662);
#13662 = AXIS2_PLACEMENT_3D('',#13663,#13664,#13665);
#13663 = CARTESIAN_POINT('',(0.,0.,0.));
#13664 = DIRECTION('',(1.,0.,-0.));
#13665 = DIRECTION('',(0.,0.,1.));
#13666 = DEFINITIONAL_REPRESENTATION('',(#13667),#13671);
#13667 = LINE('',#13668,#13669);
#13668 = CARTESIAN_POINT('',(0.,0.));
#13669 = VECTOR('',#13670,1.);
#13670 = DIRECTION('',(1.,0.));
#13671 = ( GEOMETRIC_REPRESENTATION_CONTEXT(2) 
PARAMETRIC_REPRESENTATION_CONTEXT() REPRESENTATION_CONTEXT('2D SPACE',''
  ) );
#13672 = PCURVE('',#13673,#13678);
#13673 = PLANE('',#13674);
#13674 = AXIS2_PLACEMENT_3D('',#13675,#13676,#13677);
#13675 = CARTESIAN_POINT('',(0.,0.,0.));
#13676 = DIRECTION('',(-0.,1.,0.));
#13677 = DIRECTION('',(0.,0.,1.));
#13678 = DEFINITIONAL_REPRESENTATION('',(#13679),#13683);
#13679 = LINE('',#13680,#13681);
#13680 = CARTESIAN_POINT('',(0.,0.));
#13681 = VECTOR('',#13682,1.);
#13682 = DIRECTION('',(1.,0.));
#13683 = ( GEOMETRIC_REPRESENTATION_CONTEXT(2) 
PARAMETRIC_REPRESENTATION_CONTEXT() REPRESENTATION_CONTEXT('2D SPACE',''
  ) );
#13684 = ORIENTED_EDGE('',*,*,#13685,.T.);
#13685 = EDGE_CURVE('',#13651,#13686,#13688,.T.);
#13686 = VERTEX_POINT('',#13687);
#13687 = CARTESIAN_POINT('',(0.,347.,0.));
#13688 = SURFACE_CURVE('',#13689,(#13693,#13700),.PCURVE_S1.);
#13689 = LINE('',#13690,#13691);
#13690 = CARTESIAN_POINT('',(0.,0.,0.));
#13691 = VECTOR('',#13692,1.);
#13692 = DIRECTION('',(-0.,1.,0.));
#13693 = PCURVE('',#13661,#13694);
#13694 = DEFINITIONAL_REPRESENTATION('',(#13695),#13699);
#13695 = LINE('',#13696,#13697);
#13696 = CARTESIAN_POINT('',(0.,0.));
#13697 = VECTOR('',#13698,1.);
#13698 = DIRECTION('',(0.,-1.));
#13699 = ( GEOMETRIC_REPRESENTATION_CONTEXT(2) 
PARAMETRIC_REPRESENTATION_CONTEXT() REPRESENTATION_CONTEXT('2D SPACE',''
  ) );
#13700 = PCURVE('',#13701,#13706);
#13701 = PLANE('',#13702);
#13702 = AXIS2_PLACEMENT_3D('',#13703,#13704,#13705);
#13703 = CARTESIAN_POINT('',(0.,0.,0.));
#13704 = DIRECTION('',(0.,0.,1.));
#13705 = DIRECTION('',(1.,0.,-0.));
#13706 = DEFINITIONAL_REPRESENTATION('',(#13707),#13711);
#13707 = LINE('',#13708,#13709);
#13708 = CARTESIAN_POINT('',(0.,0.));
#13709 = VECTOR('',#13710,1.);
#13710 = DIRECTION('',(0.,1.));
#13711 = ( GEOMETRIC_REPRESENTATION_CONTEXT(2) 
PARAMETRIC_REPRESENTATION_CONTEXT() REPRESENTATION_CONTEXT('2D SPACE',''
  ) );
#13712 = ORIENTED_EDGE('',*,*,#13713,.T.);
#13713 = EDGE_CURVE('',#13686,#13714,#13716,.T.);
#13714 = VERTEX_POINT('',#13715);
#13715 = CARTESIAN_POINT('',(0.,347.,432.4));
#13716 = SURFACE_CURVE('',#13717,(#13721,#13728),.PCURVE_S1.);
#13717 = LINE('',#13718,#13719);
#13718 = CARTESIAN_POINT('',(0.,347.,0.));
#13719 = VECTOR('',#13720,1.);
#13720 = DIRECTION('',(0.,0.,1.));
#13721 = PCURVE('',#13661,#13722);
#13722 = DEFINITIONAL_REPRESENTATION('',(#13723),#13727);
#13723 = LINE('',#13724,#13725);
#13724 = CARTESIAN_POINT('',(0.,-347.));
#13725 = VECTOR('',#13726,1.);
#13726 = DIRECTION('',(1.,0.));
#13727 = ( GEOMETRIC_REPRESENTATION_CONTEXT(2) 
PARAMETRIC_REPRESENTATION_CONTEXT() REPRESENTATION_CONTEXT('2D SPACE',''
  ) );
#13728 = PCURVE('',#13729,#13734);
#13729 = PLANE('',#13730);
#13730 = AXIS2_PLACEMENT_3D('',#13731,#13732,#13733);
#13731 = CARTESIAN_POINT('',(0.,347.,0.));
#13732 = DIRECTION('',(-0.,1.,0.));
#13733 = DIRECTION('',(0.,0.,1.));
#13734 = DEFINITIONAL_REPRESENTATION('',(#13735),#13739);
#13735 = LINE('',#13736,#13737);
#13736 = CARTESIAN_POINT('',(0.,0.));
#13737 = VECTOR('',#13738,1.);
#13738 = DIRECTION('',(1.,0.));
#13739 = ( GEOMETRIC_REPRESENTATION_CONTEXT(2) 
PARAMETRIC_REPRESENTATION_CONTEXT() REPRESENTATION_CONTEXT('2D SPACE',''
  ) );
#13740 = ORIENTED_EDGE('',*,*,#13741,.F.);
#13741 = EDGE_CURVE('',#13653,#13714,#13742,.T.);
#13742 = SURFACE_CURVE('',#13743,(#13747,#13754),.PCURVE_S1.);
#13743 = LINE('',#13744,#13745);
#13744 = CARTESIAN_POINT('',(0.,0.,432.4));
#13745 = VECTOR('',#13746,1.);
#13746 = DIRECTION('',(-0.,1.,0.));
#13747 = PCURVE('',#13661,#13748);
#13748 = DEFINITIONAL_REPRESENTATION('',(#13749),#13753);
#13749 = LINE('',#13750,#13751);
#13750 = CARTESIAN_POINT('',(432.4,0.));
#13751 = VECTOR('',#13752,1.);
#13752 = DIRECTION('',(0.,-1.));
#13753 = ( GEOMETRIC_REPRESENTATION_CONTEXT(2) 
PARAMETRIC_REPRESENTATION_CONTEXT() REPRESENTATION_CONTEXT('2D SPACE',''
  ) );
#13754 = PCURVE('',#13755,#13760);
#13755 = PLANE('',#13756);
#13756 = AXIS2_PLACEMENT_3D('',#13757,#13758,#13759);
#13757 = CARTESIAN_POINT('',(0.,0.,432.4));
#13758 = DIRECTION('',(0.,0.,1.));
#13759 = DIRECTION('',(1.,0.,-0.));
#13760 = DEFINITIONAL_REPRESENTATION('',(#13761),#13765);
#13761 = LINE('',#13762,#13763);
#13762 = CARTESIAN_POINT('',(0.,0.));
#13763 = VECTOR('',#13764,1.);
#13764 = DIRECTION('',(0.,1.));
#13765 = ( GEOMETRIC_REPRESENTATION_CONTEXT(2) 
PARAMETRIC_REPRESENTATION_CONTEXT() REPRESENTATION_CONTEXT('2D SPACE',''
  ) );
#13766 = ADVANCED_FACE('',(#13767),#13781,.T.);
#13767 = FACE_BOUND('',#13768,.T.);
#13768 = EDGE_LOOP('',(#13769,#13799,#13822,#13845));
#13769 = ORIENTED_EDGE('',*,*,#13770,.F.);
#13770 = EDGE_CURVE('',#13771,#13773,#13775,.T.);
#13771 = VERTEX_POINT('',#13772);
#13772 = CARTESIAN_POINT('',(44.,0.,0.));
#13773 = VERTEX_POINT('',#13774);
#13774 = CARTESIAN_POINT('',(44.,0.,432.4));
#13775 = SURFACE_CURVE('',#13776,(#13780,#13792),.PCURVE_S1.);
#13776 = LINE('',#13777,#13778);
#13777 = CARTESIAN_POINT('',(44.,0.,0.));
#13778 = VECTOR('',#13779,1.);
#13779 = DIRECTION('',(0.,0.,1.));
#13780 = PCURVE('',#13781,#13786);
#13781 = PLANE('',#13782);
#13782 = AXIS2_PLACEMENT_3D('',#13783,#13784,#13785);
#13783 = CARTESIAN_POINT('',(44.,0.,0.));
#13784 = DIRECTION('',(1.,0.,-0.));
#13785 = DIRECTION('',(0.,0.,1.));
#13786 = DEFINITIONAL_REPRESENTATION('',(#13787),#13791);
#13787 = LINE('',#13788,#13789);
#13788 = CARTESIAN_POINT('',(0.,0.));
#13789 = VECTOR('',#13790,1.);
#13790 = DIRECTION('',(1.,0.));
#13791 = ( GEOMETRIC_REPRESENTATION_CONTEXT(2) 
PARAMETRIC_REPRESENTATION_CONTEXT() REPRESENTATION_CONTEXT('2D SPACE',''
  ) );
#13792 = PCURVE('',#13673,#13793);
#13793 = DEFINITIONAL_REPRESENTATION('',(#13794),#13798);
#13794 = LINE('',#13795,#13796);
#13795 = CARTESIAN_POINT('',(0.,44.));
#13796 = VECTOR('',#13797,1.);
#13797 = DIRECTION('',(1.,0.));
#13798 = ( GEOMETRIC_REPRESENTATION_CONTEXT(2) 
PARAMETRIC_REPRESENTATION_CONTEXT() REPRESENTATION_CONTEXT('2D SPACE',''
  ) );
#13799 = ORIENTED_EDGE('',*,*,#13800,.T.);
#13800 = EDGE_CURVE('',#13771,#13801,#13803,.T.);
#13801 = VERTEX_POINT('',#13802);
#13802 = CARTESIAN_POINT('',(44.,347.,0.));
#13803 = SURFACE_CURVE('',#13804,(#13808,#13815),.PCURVE_S1.);
#13804 = LINE('',#13805,#13806);
#13805 = CARTESIAN_POINT('',(44.,0.,0.));
#13806 = VECTOR('',#13807,1.);
#13807 = DIRECTION('',(-0.,1.,0.));
#13808 = PCURVE('',#13781,#13809);
#13809 = DEFINITIONAL_REPRESENTATION('',(#13810),#13814);
#13810 = LINE('',#13811,#13812);
#13811 = CARTESIAN_POINT('',(0.,0.));
#13812 = VECTOR('',#13813,1.);
#13813 = DIRECTION('',(0.,-1.));
#13814 = ( GEOMETRIC_REPRESENTATION_CONTEXT(2) 
PARAMETRIC_REPRESENTATION_CONTEXT() REPRESENTATION_CONTEXT('2D SPACE',''
  ) );
#13815 = PCURVE('',#13701,#13816);
#13816 = DEFINITIONAL_REPRESENTATION('',(#13817),#13821);
#13817 = LINE('',#13818,#13819);
#13818 = CARTESIAN_POINT('',(44.,0.));
#13819 = VECTOR('',#13820,1.);
#13820 = DIRECTION('',(0.,1.));
#13821 = ( GEOMETRIC_REPRESENTATION_CONTEXT(2) 
PARAMETRIC_REPRESENTATION_CONTEXT() REPRESENTATION_CONTEXT('2D SPACE',''
  ) );
#13822 = ORIENTED_EDGE('',*,*,#13823,.T.);
#13823 = EDGE_CURVE('',#13801,#13824,#13826,.T.);
#13824 = VERTEX_POINT('',#13825);
#13825 = CARTESIAN_POINT('',(44.,347.,432.4));
#13826 = SURFACE_CURVE('',#13827,(#13831,#13838),.PCURVE_S1.);
#13827 = LINE('',#13828,#13829);
#13828 = CARTESIAN_POINT('',(44.,347.,0.));
#13829 = VECTOR('',#13830,1.);
#13830 = DIRECTION('',(0.,0.,1.));
#13831 = PCURVE('',#13781,#13832);
#13832 = DEFINITIONAL_REPRESENTATION('',(#13833),#13837);
#13833 = LINE('',#13834,#13835);
#13834 = CARTESIAN_POINT('',(0.,-347.));
#13835 = VECTOR('',#13836,1.);
#13836 = DIRECTION('',(1.,0.));
#13837 = ( GEOMETRIC_REPRESENTATION_CONTEXT(2) 
PARAMETRIC_REPRESENTATION_CONTEXT() REPRESENTATION_CONTEXT('2D SPACE',''
  ) );
#13838 = PCURVE('',#13729,#13839);
#13839 = DEFINITIONAL_REPRESENTATION('',(#13840),#13844);
#13840 = LINE('',#13841,#13842);
#13841 = CARTESIAN_POINT('',(0.,44.));
#13842 = VECTOR('',#13843,1.);
#13843 = DIRECTION('',(1.,0.));
#13844 = ( GEOMETRIC_REPRESENTATION_CONTEXT(2) 
PARAMETRIC_REPRESENTATION_CONTEXT() REPRESENTATION_CONTEXT('2D SPACE',''
  ) );
#13845 = ORIENTED_EDGE('',*,*,#13846,.F.);
#13846 = EDGE_CURVE('',#13773,#13824,#13847,.T.);
#13847 = SURFACE_CURVE('',#13848,(#13852,#13859),.PCURVE_S1.);
#13848 = LINE('',#13849,#13850);
#13849 = CARTESIAN_POINT('',(44.,0.,432.4));
#13850 = VECTOR('',#13851,1.);
#13851 = DIRECTION('',(-0.,1.,0.));
#13852 = PCURVE('',#13781,#13853);
#13853 = DEFINITIONAL_REPRESENTATION('',(#13854),#13858);
#13854 = LINE('',#13855,#13856);
#13855 = CARTESIAN_POINT('',(432.4,0.));
#13856 = VECTOR('',#13857,1.);
#13857 = DIRECTION('',(0.,-1.));
#13858 = ( GEOMETRIC_REPRESENTATION_CONTEXT(2) 
PARAMETRIC_REPRESENTATION_CONTEXT() REPRESENTATION_CONTEXT('2D SPACE',''
  ) );
#13859 = PCURVE('',#13755,#13860);
#13860 = DEFINITIONAL_REPRESENTATION('',(#13861),#13865);
#13861 = LINE('',#13862,#13863);
#13862 = CARTESIAN_POINT('',(44.,0.));
#13863 = VECTOR('',#13864,1.);
#13864 = DIRECTION('',(0.,1.));
#13865 = ( GEOMETRIC_REPRESENTATION_CONTEXT(2) 
PARAMETRIC_REPRESENTATION_CONTEXT() REPRESENTATION_CONTEXT('2D SPACE',''
  ) );
#13866 = ADVANCED_FACE('',(#13867),#13673,.F.);
#13867 = FACE_BOUND('',#13868,.F.);
#13868 = EDGE_LOOP('',(#13869,#13890,#13891,#13912));
#13869 = ORIENTED_EDGE('',*,*,#13870,.F.);
#13870 = EDGE_CURVE('',#13651,#13771,#13871,.T.);
#13871 = SURFACE_CURVE('',#13872,(#13876,#13883),.PCURVE_S1.);
#13872 = LINE('',#13873,#13874);
#13873 = CARTESIAN_POINT('',(0.,0.,0.));
#13874 = VECTOR('',#13875,1.);
#13875 = DIRECTION('',(1.,0.,-0.));
#13876 = PCURVE('',#13673,#13877);
#13877 = DEFINITIONAL_REPRESENTATION('',(#13878),#13882);
#13878 = LINE('',#13879,#13880);
#13879 = CARTESIAN_POINT('',(0.,0.));
#13880 = VECTOR('',#13881,1.);
#13881 = DIRECTION('',(0.,1.));
#13882 = ( GEOMETRIC_REPRESENTATION_CONTEXT(2) 
PARAMETRIC_REPRESENTATION_CONTEXT() REPRESENTATION_CONTEXT('2D SPACE',''
  ) );
#13883 = PCURVE('',#13701,#13884);
#13884 = DEFINITIONAL_REPRESENTATION('',(#13885),#13889);
#13885 = LINE('',#13886,#13887);
#13886 = CARTESIAN_POINT('',(0.,0.));
#13887 = VECTOR('',#13888,1.);
#13888 = DIRECTION('',(1.,0.));
#13889 = ( GEOMETRIC_REPRESENTATION_CONTEXT(2) 
PARAMETRIC_REPRESENTATION_CONTEXT() REPRESENTATION_CONTEXT('2D SPACE',''
  ) );
#13890 = ORIENTED_EDGE('',*,*,#13650,.T.);
#13891 = ORIENTED_EDGE('',*,*,#13892,.T.);
#13892 = EDGE_CURVE('',#13653,#13773,#13893,.T.);
#13893 = SURFACE_CURVE('',#13894,(#13898,#13905),.PCURVE_S1.);
#13894 = LINE('',#13895,#13896);
#13895 = CARTESIAN_POINT('',(0.,0.,432.4));
#13896 = VECTOR('',#13897,1.);
#13897 = DIRECTION('',(1.,0.,-0.));
#13898 = PCURVE('',#13673,#13899);
#13899 = DEFINITIONAL_REPRESENTATION('',(#13900),#13904);
#13900 = LINE('',#13901,#13902);
#13901 = CARTESIAN_POINT('',(432.4,0.));
#13902 = VECTOR('',#13903,1.);
#13903 = DIRECTION('',(0.,1.));
#13904 = ( GEOMETRIC_REPRESENTATION_CONTEXT(2) 
PARAMETRIC_REPRESENTATION_CONTEXT() REPRESENTATION_CONTEXT('2D SPACE',''
  ) );
#13905 = PCURVE('',#13755,#13906);
#13906 = DEFINITIONAL_REPRESENTATION('',(#13907),#13911);
#13907 = LINE('',#13908,#13909);
#13908 = CARTESIAN_POINT('',(0.,0.));
#13909 = VECTOR('',#13910,1.);
#13910 = DIRECTION('',(1.,0.));
#13911 = ( GEOMETRIC_REPRESENTATION_CONTEXT(2) 
PARAMETRIC_REPRESENTATION_CONTEXT() REPRESENTATION_CONTEXT('2D SPACE',''
  ) );
#13912 = ORIENTED_EDGE('',*,*,#13770,.F.);
#13913 = ADVANCED_FACE('',(#13914),#13729,.T.);
#13914 = FACE_BOUND('',#13915,.T.);
#13915 = EDGE_LOOP('',(#13916,#13937,#13938,#13959));
#13916 = ORIENTED_EDGE('',*,*,#13917,.F.);
#13917 = EDGE_CURVE('',#13686,#13801,#13918,.T.);
#13918 = SURFACE_CURVE('',#13919,(#13923,#13930),.PCURVE_S1.);
#13919 = LINE('',#13920,#13921);
#13920 = CARTESIAN_POINT('',(0.,347.,0.));
#13921 = VECTOR('',#13922,1.);
#13922 = DIRECTION('',(1.,0.,-0.));
#13923 = PCURVE('',#13729,#13924);
#13924 = DEFINITIONAL_REPRESENTATION('',(#13925),#13929);
#13925 = LINE('',#13926,#13927);
#13926 = CARTESIAN_POINT('',(0.,0.));
#13927 = VECTOR('',#13928,1.);
#13928 = DIRECTION('',(0.,1.));
#13929 = ( GEOMETRIC_REPRESENTATION_CONTEXT(2) 
PARAMETRIC_REPRESENTATION_CONTEXT() REPRESENTATION_CONTEXT('2D SPACE',''
  ) );
#13930 = PCURVE('',#13701,#13931);
#13931 = DEFINITIONAL_REPRESENTATION('',(#13932),#13936);
#13932 = LINE('',#13933,#13934);
#13933 = CARTESIAN_POINT('',(0.,347.));
#13934 = VECTOR('',#13935,1.);
#13935 = DIRECTION('',(1.,0.));
#13936 = ( GEOMETRIC_REPRESENTATION_CONTEXT(2) 
PARAMETRIC_REPRESENTATION_CONTEXT() REPRESENTATION_CONTEXT('2D SPACE',''
  ) );
#13937 = ORIENTED_EDGE('',*,*,#13713,.T.);
#13938 = ORIENTED_EDGE('',*,*,#13939,.T.);
#13939 = EDGE_CURVE('',#13714,#13824,#13940,.T.);
#13940 = SURFACE_CURVE('',#13941,(#13945,#13952),.PCURVE_S1.);
#13941 = LINE('',#13942,#13943);
#13942 = CARTESIAN_POINT('',(0.,347.,432.4));
#13943 = VECTOR('',#13944,1.);
#13944 = DIRECTION('',(1.,0.,-0.));
#13945 = PCURVE('',#13729,#13946);
#13946 = DEFINITIONAL_REPRESENTATION('',(#13947),#13951);
#13947 = LINE('',#13948,#13949);
#13948 = CARTESIAN_POINT('',(432.4,0.));
#13949 = VECTOR('',#13950,1.);
#13950 = DIRECTION('',(0.,1.));
#13951 = ( GEOMETRIC_REPRESENTATION_CONTEXT(2) 
PARAMETRIC_REPRESENTATION_CONTEXT() REPRESENTATION_CONTEXT('2D SPACE',''
  ) );
#13952 = PCURVE('',#13755,#13953);
#13953 = DEFINITIONAL_REPRESENTATION('',(#13954),#13958);
#13954 = LINE('',#13955,#13956);
#13955 = CARTESIAN_POINT('',(0.,347.));
#13956 = VECTOR('',#13957,1.);
#13957 = DIRECTION('',(1.,0.));
#13958 = ( GEOMETRIC_REPRESENTATION_CONTEXT(2) 
PARAMETRIC_REPRESENTATION_CONTEXT() REPRESENTATION_CONTEXT('2D SPACE',''
  ) );
#13959 = ORIENTED_EDGE('',*,*,#13823,.F.);
#13960 = ADVANCED_FACE('',(#13961),#13701,.F.);
#13961 = FACE_BOUND('',#13962,.F.);
#13962 = EDGE_LOOP('',(#13963,#13964,#13965,#13966));
#13963 = ORIENTED_EDGE('',*,*,#13685,.F.);
#13964 = ORIENTED_EDGE('',*,*,#13870,.T.);
#13965 = ORIENTED_EDGE('',*,*,#13800,.T.);
#13966 = ORIENTED_EDGE('',*,*,#13917,.F.);
#13967 = ADVANCED_FACE('',(#13968),#13755,.T.);
#13968 = FACE_BOUND('',#13969,.T.);
#13969 = EDGE_LOOP('',(#13970,#13971,#13972,#13973));
#13970 = ORIENTED_EDGE('',*,*,#13741,.F.);
#13971 = ORIENTED_EDGE('',*,*,#13892,.T.);
#13972 = ORIENTED_EDGE('',*,*,#13846,.T.);
#13973 = ORIENTED_EDGE('',*,*,#13939,.F.);
#13974 = ( GEOMETRIC_REPRESENTATION_CONTEXT(3) 
GLOBAL_UNCERTAINTY_ASSIGNED_CONTEXT((#13978)) 
GLOBAL_UNIT_ASSIGNED_CONTEXT((#13975,#13976,#13977)) 
REPRESENTATION_CONTEXT('Context #1',
  '3D Context with UNIT and UNCERTAINTY') );
#13975 = ( LENGTH_UNIT() NAMED_UNIT(*) SI_UNIT(.MILLI.,.METRE.) );
#13976 = ( NAMED_UNIT(*) PLANE_ANGLE_UNIT() SI_UNIT($,.RADIAN.) );
#13977 = ( NAMED_UNIT(*) SI_UNIT($,.STERADIAN.) SOLID_ANGLE_UNIT() );
#13978 = UNCERTAINTY_MEASURE_WITH_UNIT(LENGTH_MEASURE(1.E-07),#13975,
  'distance_accuracy_value','confusion accuracy');
#13979 = CONTEXT_DEPENDENT_SHAPE_REPRESENTATION(#13980,#13982);
#13980 = ( REPRESENTATION_RELATIONSHIP('','',#13643,#13620) 
REPRESENTATION_RELATIONSHIP_WITH_TRANSFORMATION(#13981) 
SHAPE_REPRESENTATION_RELATIONSHIP() );
#13981 = ITEM_DEFINED_TRANSFORMATION('','',#11,#13621);
#13982 = PRODUCT_DEFINITION_SHAPE('Placement','Placement of an item',
  #13983);
#13983 = NEXT_ASSEMBLY_USAGE_OCCURRENCE('157','=>[0:1:1:95]','',#13615,
  #13638,$);
#13984 = PRODUCT_RELATED_PRODUCT_CATEGORY('part',$,(#13640));
#13985 = SHAPE_DEFINITION_REPRESENTATION(#13986,#13992);
#13986 = PRODUCT_DEFINITION_SHAPE('','',#13987);
#13987 = PRODUCT_DEFINITION('design','',#13988,#13991);
#13988 = PRODUCT_DEFINITION_FORMATION('','',#13989);
#13989 = PRODUCT('right_rear_covered_wheel_spoke_06',
  'right_rear_covered_wheel_spoke_06','',(#13990));
#13990 = PRODUCT_CONTEXT('',#2,'mechanical');
#13991 = PRODUCT_DEFINITION_CONTEXT('part definition',#2,'design');
#13992 = SHAPE_REPRESENTATION('',(#11,#13993),#13997);
#13993 = AXIS2_PLACEMENT_3D('',#13994,#13995,#13996);
#13994 = CARTESIAN_POINT('',(-22.,-173.5,-216.2));
#13995 = DIRECTION('',(0.,0.,1.));
#13996 = DIRECTION('',(1.,0.,0.));
#13997 = ( GEOMETRIC_REPRESENTATION_CONTEXT(3) 
GLOBAL_UNCERTAINTY_ASSIGNED_CONTEXT((#14001)) 
GLOBAL_UNIT_ASSIGNED_CONTEXT((#13998,#13999,#14000)) 
REPRESENTATION_CONTEXT('Context #1',
  '3D Context with UNIT and UNCERTAINTY') );
#13998 = ( LENGTH_UNIT() NAMED_UNIT(*) SI_UNIT(.MILLI.,.METRE.) );
#13999 = ( NAMED_UNIT(*) PLANE_ANGLE_UNIT() SI_UNIT($,.RADIAN.) );
#14000 = ( NAMED_UNIT(*) SI_UNIT($,.STERADIAN.) SOLID_ANGLE_UNIT() );
#14001 = UNCERTAINTY_MEASURE_WITH_UNIT(LENGTH_MEASURE(1.E-07),#13998,
  'distance_accuracy_value','confusion accuracy');
#14002 = CONTEXT_DEPENDENT_SHAPE_REPRESENTATION(#14003,#14005);
#14003 = ( REPRESENTATION_RELATIONSHIP('','',#13992,#10) 
REPRESENTATION_RELATIONSHIP_WITH_TRANSFORMATION(#14004) 
SHAPE_REPRESENTATION_RELATIONSHIP() );
#14004 = ITEM_DEFINED_TRANSFORMATION('','',#11,#203);
#14005 = PRODUCT_DEFINITION_SHAPE('Placement','Placement of an item',
  #14006);
#14006 = NEXT_ASSEMBLY_USAGE_OCCURRENCE('160','=>[0:1:1:96]','',#5,
  #13987,$);
#14007 = PRODUCT_RELATED_PRODUCT_CATEGORY('part',$,(#13989));
#14008 = SHAPE_DEFINITION_REPRESENTATION(#14009,#14015);
#14009 = PRODUCT_DEFINITION_SHAPE('','',#14010);
#14010 = PRODUCT_DEFINITION('design','',#14011,#14014);
#14011 = PRODUCT_DEFINITION_FORMATION('','',#14012);
#14012 = PRODUCT('SOLID','SOLID','',(#14013));
#14013 = PRODUCT_CONTEXT('',#2,'mechanical');
#14014 = PRODUCT_DEFINITION_CONTEXT('part definition',#2,'design');
#14015 = ADVANCED_BREP_SHAPE_REPRESENTATION('',(#11,#14016),#14346);
#14016 = MANIFOLD_SOLID_BREP('',#14017);
#14017 = CLOSED_SHELL('',(#14018,#14138,#14238,#14285,#14332,#14339));
#14018 = ADVANCED_FACE('',(#14019),#14033,.F.);
#14019 = FACE_BOUND('',#14020,.F.);
#14020 = EDGE_LOOP('',(#14021,#14056,#14084,#14112));
#14021 = ORIENTED_EDGE('',*,*,#14022,.F.);
#14022 = EDGE_CURVE('',#14023,#14025,#14027,.T.);
#14023 = VERTEX_POINT('',#14024);
#14024 = CARTESIAN_POINT('',(0.,0.,0.));
#14025 = VERTEX_POINT('',#14026);
#14026 = CARTESIAN_POINT('',(0.,0.,432.4));
#14027 = SURFACE_CURVE('',#14028,(#14032,#14044),.PCURVE_S1.);
#14028 = LINE('',#14029,#14030);
#14029 = CARTESIAN_POINT('',(0.,0.,0.));
#14030 = VECTOR('',#14031,1.);
#14031 = DIRECTION('',(0.,0.,1.));
#14032 = PCURVE('',#14033,#14038);
#14033 = PLANE('',#14034);
#14034 = AXIS2_PLACEMENT_3D('',#14035,#14036,#14037);
#14035 = CARTESIAN_POINT('',(0.,0.,0.));
#14036 = DIRECTION('',(1.,0.,-0.));
#14037 = DIRECTION('',(0.,0.,1.));
#14038 = DEFINITIONAL_REPRESENTATION('',(#14039),#14043);
#14039 = LINE('',#14040,#14041);
#14040 = CARTESIAN_POINT('',(0.,0.));
#14041 = VECTOR('',#14042,1.);
#14042 = DIRECTION('',(1.,0.));
#14043 = ( GEOMETRIC_REPRESENTATION_CONTEXT(2) 
PARAMETRIC_REPRESENTATION_CONTEXT() REPRESENTATION_CONTEXT('2D SPACE',''
  ) );
#14044 = PCURVE('',#14045,#14050);
#14045 = PLANE('',#14046);
#14046 = AXIS2_PLACEMENT_3D('',#14047,#14048,#14049);
#14047 = CARTESIAN_POINT('',(0.,0.,0.));
#14048 = DIRECTION('',(-0.,1.,0.));
#14049 = DIRECTION('',(0.,0.,1.));
#14050 = DEFINITIONAL_REPRESENTATION('',(#14051),#14055);
#14051 = LINE('',#14052,#14053);
#14052 = CARTESIAN_POINT('',(0.,0.));
#14053 = VECTOR('',#14054,1.);
#14054 = DIRECTION('',(1.,0.));
#14055 = ( GEOMETRIC_REPRESENTATION_CONTEXT(2) 
PARAMETRIC_REPRESENTATION_CONTEXT() REPRESENTATION_CONTEXT('2D SPACE',''
  ) );
#14056 = ORIENTED_EDGE('',*,*,#14057,.T.);
#14057 = EDGE_CURVE('',#14023,#14058,#14060,.T.);
#14058 = VERTEX_POINT('',#14059);
#14059 = CARTESIAN_POINT('',(0.,347.,0.));
#14060 = SURFACE_CURVE('',#14061,(#14065,#14072),.PCURVE_S1.);
#14061 = LINE('',#14062,#14063);
#14062 = CARTESIAN_POINT('',(0.,0.,0.));
#14063 = VECTOR('',#14064,1.);
#14064 = DIRECTION('',(-0.,1.,0.));
#14065 = PCURVE('',#14033,#14066);
#14066 = DEFINITIONAL_REPRESENTATION('',(#14067),#14071);
#14067 = LINE('',#14068,#14069);
#14068 = CARTESIAN_POINT('',(0.,0.));
#14069 = VECTOR('',#14070,1.);
#14070 = DIRECTION('',(0.,-1.));
#14071 = ( GEOMETRIC_REPRESENTATION_CONTEXT(2) 
PARAMETRIC_REPRESENTATION_CONTEXT() REPRESENTATION_CONTEXT('2D SPACE',''
  ) );
#14072 = PCURVE('',#14073,#14078);
#14073 = PLANE('',#14074);
#14074 = AXIS2_PLACEMENT_3D('',#14075,#14076,#14077);
#14075 = CARTESIAN_POINT('',(0.,0.,0.));
#14076 = DIRECTION('',(0.,0.,1.));
#14077 = DIRECTION('',(1.,0.,-0.));
#14078 = DEFINITIONAL_REPRESENTATION('',(#14079),#14083);
#14079 = LINE('',#14080,#14081);
#14080 = CARTESIAN_POINT('',(0.,0.));
#14081 = VECTOR('',#14082,1.);
#14082 = DIRECTION('',(0.,1.));
#14083 = ( GEOMETRIC_REPRESENTATION_CONTEXT(2) 
PARAMETRIC_REPRESENTATION_CONTEXT() REPRESENTATION_CONTEXT('2D SPACE',''
  ) );
#14084 = ORIENTED_EDGE('',*,*,#14085,.T.);
#14085 = EDGE_CURVE('',#14058,#14086,#14088,.T.);
#14086 = VERTEX_POINT('',#14087);
#14087 = CARTESIAN_POINT('',(0.,347.,432.4));
#14088 = SURFACE_CURVE('',#14089,(#14093,#14100),.PCURVE_S1.);
#14089 = LINE('',#14090,#14091);
#14090 = CARTESIAN_POINT('',(0.,347.,0.));
#14091 = VECTOR('',#14092,1.);
#14092 = DIRECTION('',(0.,0.,1.));
#14093 = PCURVE('',#14033,#14094);
#14094 = DEFINITIONAL_REPRESENTATION('',(#14095),#14099);
#14095 = LINE('',#14096,#14097);
#14096 = CARTESIAN_POINT('',(0.,-347.));
#14097 = VECTOR('',#14098,1.);
#14098 = DIRECTION('',(1.,0.));
#14099 = ( GEOMETRIC_REPRESENTATION_CONTEXT(2) 
PARAMETRIC_REPRESENTATION_CONTEXT() REPRESENTATION_CONTEXT('2D SPACE',''
  ) );
#14100 = PCURVE('',#14101,#14106);
#14101 = PLANE('',#14102);
#14102 = AXIS2_PLACEMENT_3D('',#14103,#14104,#14105);
#14103 = CARTESIAN_POINT('',(0.,347.,0.));
#14104 = DIRECTION('',(-0.,1.,0.));
#14105 = DIRECTION('',(0.,0.,1.));
#14106 = DEFINITIONAL_REPRESENTATION('',(#14107),#14111);
#14107 = LINE('',#14108,#14109);
#14108 = CARTESIAN_POINT('',(0.,0.));
#14109 = VECTOR('',#14110,1.);
#14110 = DIRECTION('',(1.,0.));
#14111 = ( GEOMETRIC_REPRESENTATION_CONTEXT(2) 
PARAMETRIC_REPRESENTATION_CONTEXT() REPRESENTATION_CONTEXT('2D SPACE',''
  ) );
#14112 = ORIENTED_EDGE('',*,*,#14113,.F.);
#14113 = EDGE_CURVE('',#14025,#14086,#14114,.T.);
#14114 = SURFACE_CURVE('',#14115,(#14119,#14126),.PCURVE_S1.);
#14115 = LINE('',#14116,#14117);
#14116 = CARTESIAN_POINT('',(0.,0.,432.4));
#14117 = VECTOR('',#14118,1.);
#14118 = DIRECTION('',(-0.,1.,0.));
#14119 = PCURVE('',#14033,#14120);
#14120 = DEFINITIONAL_REPRESENTATION('',(#14121),#14125);
#14121 = LINE('',#14122,#14123);
#14122 = CARTESIAN_POINT('',(432.4,0.));
#14123 = VECTOR('',#14124,1.);
#14124 = DIRECTION('',(0.,-1.));
#14125 = ( GEOMETRIC_REPRESENTATION_CONTEXT(2) 
PARAMETRIC_REPRESENTATION_CONTEXT() REPRESENTATION_CONTEXT('2D SPACE',''
  ) );
#14126 = PCURVE('',#14127,#14132);
#14127 = PLANE('',#14128);
#14128 = AXIS2_PLACEMENT_3D('',#14129,#14130,#14131);
#14129 = CARTESIAN_POINT('',(0.,0.,432.4));
#14130 = DIRECTION('',(0.,0.,1.));
#14131 = DIRECTION('',(1.,0.,-0.));
#14132 = DEFINITIONAL_REPRESENTATION('',(#14133),#14137);
#14133 = LINE('',#14134,#14135);
#14134 = CARTESIAN_POINT('',(0.,0.));
#14135 = VECTOR('',#14136,1.);
#14136 = DIRECTION('',(0.,1.));
#14137 = ( GEOMETRIC_REPRESENTATION_CONTEXT(2) 
PARAMETRIC_REPRESENTATION_CONTEXT() REPRESENTATION_CONTEXT('2D SPACE',''
  ) );
#14138 = ADVANCED_FACE('',(#14139),#14153,.T.);
#14139 = FACE_BOUND('',#14140,.T.);
#14140 = EDGE_LOOP('',(#14141,#14171,#14194,#14217));
#14141 = ORIENTED_EDGE('',*,*,#14142,.F.);
#14142 = EDGE_CURVE('',#14143,#14145,#14147,.T.);
#14143 = VERTEX_POINT('',#14144);
#14144 = CARTESIAN_POINT('',(44.,0.,0.));
#14145 = VERTEX_POINT('',#14146);
#14146 = CARTESIAN_POINT('',(44.,0.,432.4));
#14147 = SURFACE_CURVE('',#14148,(#14152,#14164),.PCURVE_S1.);
#14148 = LINE('',#14149,#14150);
#14149 = CARTESIAN_POINT('',(44.,0.,0.));
#14150 = VECTOR('',#14151,1.);
#14151 = DIRECTION('',(0.,0.,1.));
#14152 = PCURVE('',#14153,#14158);
#14153 = PLANE('',#14154);
#14154 = AXIS2_PLACEMENT_3D('',#14155,#14156,#14157);
#14155 = CARTESIAN_POINT('',(44.,0.,0.));
#14156 = DIRECTION('',(1.,0.,-0.));
#14157 = DIRECTION('',(0.,0.,1.));
#14158 = DEFINITIONAL_REPRESENTATION('',(#14159),#14163);
#14159 = LINE('',#14160,#14161);
#14160 = CARTESIAN_POINT('',(0.,0.));
#14161 = VECTOR('',#14162,1.);
#14162 = DIRECTION('',(1.,0.));
#14163 = ( GEOMETRIC_REPRESENTATION_CONTEXT(2) 
PARAMETRIC_REPRESENTATION_CONTEXT() REPRESENTATION_CONTEXT('2D SPACE',''
  ) );
#14164 = PCURVE('',#14045,#14165);
#14165 = DEFINITIONAL_REPRESENTATION('',(#14166),#14170);
#14166 = LINE('',#14167,#14168);
#14167 = CARTESIAN_POINT('',(0.,44.));
#14168 = VECTOR('',#14169,1.);
#14169 = DIRECTION('',(1.,0.));
#14170 = ( GEOMETRIC_REPRESENTATION_CONTEXT(2) 
PARAMETRIC_REPRESENTATION_CONTEXT() REPRESENTATION_CONTEXT('2D SPACE',''
  ) );
#14171 = ORIENTED_EDGE('',*,*,#14172,.T.);
#14172 = EDGE_CURVE('',#14143,#14173,#14175,.T.);
#14173 = VERTEX_POINT('',#14174);
#14174 = CARTESIAN_POINT('',(44.,347.,0.));
#14175 = SURFACE_CURVE('',#14176,(#14180,#14187),.PCURVE_S1.);
#14176 = LINE('',#14177,#14178);
#14177 = CARTESIAN_POINT('',(44.,0.,0.));
#14178 = VECTOR('',#14179,1.);
#14179 = DIRECTION('',(-0.,1.,0.));
#14180 = PCURVE('',#14153,#14181);
#14181 = DEFINITIONAL_REPRESENTATION('',(#14182),#14186);
#14182 = LINE('',#14183,#14184);
#14183 = CARTESIAN_POINT('',(0.,0.));
#14184 = VECTOR('',#14185,1.);
#14185 = DIRECTION('',(0.,-1.));
#14186 = ( GEOMETRIC_REPRESENTATION_CONTEXT(2) 
PARAMETRIC_REPRESENTATION_CONTEXT() REPRESENTATION_CONTEXT('2D SPACE',''
  ) );
#14187 = PCURVE('',#14073,#14188);
#14188 = DEFINITIONAL_REPRESENTATION('',(#14189),#14193);
#14189 = LINE('',#14190,#14191);
#14190 = CARTESIAN_POINT('',(44.,0.));
#14191 = VECTOR('',#14192,1.);
#14192 = DIRECTION('',(0.,1.));
#14193 = ( GEOMETRIC_REPRESENTATION_CONTEXT(2) 
PARAMETRIC_REPRESENTATION_CONTEXT() REPRESENTATION_CONTEXT('2D SPACE',''
  ) );
#14194 = ORIENTED_EDGE('',*,*,#14195,.T.);
#14195 = EDGE_CURVE('',#14173,#14196,#14198,.T.);
#14196 = VERTEX_POINT('',#14197);
#14197 = CARTESIAN_POINT('',(44.,347.,432.4));
#14198 = SURFACE_CURVE('',#14199,(#14203,#14210),.PCURVE_S1.);
#14199 = LINE('',#14200,#14201);
#14200 = CARTESIAN_POINT('',(44.,347.,0.));
#14201 = VECTOR('',#14202,1.);
#14202 = DIRECTION('',(0.,0.,1.));
#14203 = PCURVE('',#14153,#14204);
#14204 = DEFINITIONAL_REPRESENTATION('',(#14205),#14209);
#14205 = LINE('',#14206,#14207);
#14206 = CARTESIAN_POINT('',(0.,-347.));
#14207 = VECTOR('',#14208,1.);
#14208 = DIRECTION('',(1.,0.));
#14209 = ( GEOMETRIC_REPRESENTATION_CONTEXT(2) 
PARAMETRIC_REPRESENTATION_CONTEXT() REPRESENTATION_CONTEXT('2D SPACE',''
  ) );
#14210 = PCURVE('',#14101,#14211);
#14211 = DEFINITIONAL_REPRESENTATION('',(#14212),#14216);
#14212 = LINE('',#14213,#14214);
#14213 = CARTESIAN_POINT('',(0.,44.));
#14214 = VECTOR('',#14215,1.);
#14215 = DIRECTION('',(1.,0.));
#14216 = ( GEOMETRIC_REPRESENTATION_CONTEXT(2) 
PARAMETRIC_REPRESENTATION_CONTEXT() REPRESENTATION_CONTEXT('2D SPACE',''
  ) );
#14217 = ORIENTED_EDGE('',*,*,#14218,.F.);
#14218 = EDGE_CURVE('',#14145,#14196,#14219,.T.);
#14219 = SURFACE_CURVE('',#14220,(#14224,#14231),.PCURVE_S1.);
#14220 = LINE('',#14221,#14222);
#14221 = CARTESIAN_POINT('',(44.,0.,432.4));
#14222 = VECTOR('',#14223,1.);
#14223 = DIRECTION('',(-0.,1.,0.));
#14224 = PCURVE('',#14153,#14225);
#14225 = DEFINITIONAL_REPRESENTATION('',(#14226),#14230);
#14226 = LINE('',#14227,#14228);
#14227 = CARTESIAN_POINT('',(432.4,0.));
#14228 = VECTOR('',#14229,1.);
#14229 = DIRECTION('',(0.,-1.));
#14230 = ( GEOMETRIC_REPRESENTATION_CONTEXT(2) 
PARAMETRIC_REPRESENTATION_CONTEXT() REPRESENTATION_CONTEXT('2D SPACE',''
  ) );
#14231 = PCURVE('',#14127,#14232);
#14232 = DEFINITIONAL_REPRESENTATION('',(#14233),#14237);
#14233 = LINE('',#14234,#14235);
#14234 = CARTESIAN_POINT('',(44.,0.));
#14235 = VECTOR('',#14236,1.);
#14236 = DIRECTION('',(0.,1.));
#14237 = ( GEOMETRIC_REPRESENTATION_CONTEXT(2) 
PARAMETRIC_REPRESENTATION_CONTEXT() REPRESENTATION_CONTEXT('2D SPACE',''
  ) );
#14238 = ADVANCED_FACE('',(#14239),#14045,.F.);
#14239 = FACE_BOUND('',#14240,.F.);
#14240 = EDGE_LOOP('',(#14241,#14262,#14263,#14284));
#14241 = ORIENTED_EDGE('',*,*,#14242,.F.);
#14242 = EDGE_CURVE('',#14023,#14143,#14243,.T.);
#14243 = SURFACE_CURVE('',#14244,(#14248,#14255),.PCURVE_S1.);
#14244 = LINE('',#14245,#14246);
#14245 = CARTESIAN_POINT('',(0.,0.,0.));
#14246 = VECTOR('',#14247,1.);
#14247 = DIRECTION('',(1.,0.,-0.));
#14248 = PCURVE('',#14045,#14249);
#14249 = DEFINITIONAL_REPRESENTATION('',(#14250),#14254);
#14250 = LINE('',#14251,#14252);
#14251 = CARTESIAN_POINT('',(0.,0.));
#14252 = VECTOR('',#14253,1.);
#14253 = DIRECTION('',(0.,1.));
#14254 = ( GEOMETRIC_REPRESENTATION_CONTEXT(2) 
PARAMETRIC_REPRESENTATION_CONTEXT() REPRESENTATION_CONTEXT('2D SPACE',''
  ) );
#14255 = PCURVE('',#14073,#14256);
#14256 = DEFINITIONAL_REPRESENTATION('',(#14257),#14261);
#14257 = LINE('',#14258,#14259);
#14258 = CARTESIAN_POINT('',(0.,0.));
#14259 = VECTOR('',#14260,1.);
#14260 = DIRECTION('',(1.,0.));
#14261 = ( GEOMETRIC_REPRESENTATION_CONTEXT(2) 
PARAMETRIC_REPRESENTATION_CONTEXT() REPRESENTATION_CONTEXT('2D SPACE',''
  ) );
#14262 = ORIENTED_EDGE('',*,*,#14022,.T.);
#14263 = ORIENTED_EDGE('',*,*,#14264,.T.);
#14264 = EDGE_CURVE('',#14025,#14145,#14265,.T.);
#14265 = SURFACE_CURVE('',#14266,(#14270,#14277),.PCURVE_S1.);
#14266 = LINE('',#14267,#14268);
#14267 = CARTESIAN_POINT('',(0.,0.,432.4));
#14268 = VECTOR('',#14269,1.);
#14269 = DIRECTION('',(1.,0.,-0.));
#14270 = PCURVE('',#14045,#14271);
#14271 = DEFINITIONAL_REPRESENTATION('',(#14272),#14276);
#14272 = LINE('',#14273,#14274);
#14273 = CARTESIAN_POINT('',(432.4,0.));
#14274 = VECTOR('',#14275,1.);
#14275 = DIRECTION('',(0.,1.));
#14276 = ( GEOMETRIC_REPRESENTATION_CONTEXT(2) 
PARAMETRIC_REPRESENTATION_CONTEXT() REPRESENTATION_CONTEXT('2D SPACE',''
  ) );
#14277 = PCURVE('',#14127,#14278);
#14278 = DEFINITIONAL_REPRESENTATION('',(#14279),#14283);
#14279 = LINE('',#14280,#14281);
#14280 = CARTESIAN_POINT('',(0.,0.));
#14281 = VECTOR('',#14282,1.);
#14282 = DIRECTION('',(1.,0.));
#14283 = ( GEOMETRIC_REPRESENTATION_CONTEXT(2) 
PARAMETRIC_REPRESENTATION_CONTEXT() REPRESENTATION_CONTEXT('2D SPACE',''
  ) );
#14284 = ORIENTED_EDGE('',*,*,#14142,.F.);
#14285 = ADVANCED_FACE('',(#14286),#14101,.T.);
#14286 = FACE_BOUND('',#14287,.T.);
#14287 = EDGE_LOOP('',(#14288,#14309,#14310,#14331));
#14288 = ORIENTED_EDGE('',*,*,#14289,.F.);
#14289 = EDGE_CURVE('',#14058,#14173,#14290,.T.);
#14290 = SURFACE_CURVE('',#14291,(#14295,#14302),.PCURVE_S1.);
#14291 = LINE('',#14292,#14293);
#14292 = CARTESIAN_POINT('',(0.,347.,0.));
#14293 = VECTOR('',#14294,1.);
#14294 = DIRECTION('',(1.,0.,-0.));
#14295 = PCURVE('',#14101,#14296);
#14296 = DEFINITIONAL_REPRESENTATION('',(#14297),#14301);
#14297 = LINE('',#14298,#14299);
#14298 = CARTESIAN_POINT('',(0.,0.));
#14299 = VECTOR('',#14300,1.);
#14300 = DIRECTION('',(0.,1.));
#14301 = ( GEOMETRIC_REPRESENTATION_CONTEXT(2) 
PARAMETRIC_REPRESENTATION_CONTEXT() REPRESENTATION_CONTEXT('2D SPACE',''
  ) );
#14302 = PCURVE('',#14073,#14303);
#14303 = DEFINITIONAL_REPRESENTATION('',(#14304),#14308);
#14304 = LINE('',#14305,#14306);
#14305 = CARTESIAN_POINT('',(0.,347.));
#14306 = VECTOR('',#14307,1.);
#14307 = DIRECTION('',(1.,0.));
#14308 = ( GEOMETRIC_REPRESENTATION_CONTEXT(2) 
PARAMETRIC_REPRESENTATION_CONTEXT() REPRESENTATION_CONTEXT('2D SPACE',''
  ) );
#14309 = ORIENTED_EDGE('',*,*,#14085,.T.);
#14310 = ORIENTED_EDGE('',*,*,#14311,.T.);
#14311 = EDGE_CURVE('',#14086,#14196,#14312,.T.);
#14312 = SURFACE_CURVE('',#14313,(#14317,#14324),.PCURVE_S1.);
#14313 = LINE('',#14314,#14315);
#14314 = CARTESIAN_POINT('',(0.,347.,432.4));
#14315 = VECTOR('',#14316,1.);
#14316 = DIRECTION('',(1.,0.,-0.));
#14317 = PCURVE('',#14101,#14318);
#14318 = DEFINITIONAL_REPRESENTATION('',(#14319),#14323);
#14319 = LINE('',#14320,#14321);
#14320 = CARTESIAN_POINT('',(432.4,0.));
#14321 = VECTOR('',#14322,1.);
#14322 = DIRECTION('',(0.,1.));
#14323 = ( GEOMETRIC_REPRESENTATION_CONTEXT(2) 
PARAMETRIC_REPRESENTATION_CONTEXT() REPRESENTATION_CONTEXT('2D SPACE',''
  ) );
#14324 = PCURVE('',#14127,#14325);
#14325 = DEFINITIONAL_REPRESENTATION('',(#14326),#14330);
#14326 = LINE('',#14327,#14328);
#14327 = CARTESIAN_POINT('',(0.,347.));
#14328 = VECTOR('',#14329,1.);
#14329 = DIRECTION('',(1.,0.));
#14330 = ( GEOMETRIC_REPRESENTATION_CONTEXT(2) 
PARAMETRIC_REPRESENTATION_CONTEXT() REPRESENTATION_CONTEXT('2D SPACE',''
  ) );
#14331 = ORIENTED_EDGE('',*,*,#14195,.F.);
#14332 = ADVANCED_FACE('',(#14333),#14073,.F.);
#14333 = FACE_BOUND('',#14334,.F.);
#14334 = EDGE_LOOP('',(#14335,#14336,#14337,#14338));
#14335 = ORIENTED_EDGE('',*,*,#14057,.F.);
#14336 = ORIENTED_EDGE('',*,*,#14242,.T.);
#14337 = ORIENTED_EDGE('',*,*,#14172,.T.);
#14338 = ORIENTED_EDGE('',*,*,#14289,.F.);
#14339 = ADVANCED_FACE('',(#14340),#14127,.T.);
#14340 = FACE_BOUND('',#14341,.T.);
#14341 = EDGE_LOOP('',(#14342,#14343,#14344,#14345));
#14342 = ORIENTED_EDGE('',*,*,#14113,.F.);
#14343 = ORIENTED_EDGE('',*,*,#14264,.T.);
#14344 = ORIENTED_EDGE('',*,*,#14218,.T.);
#14345 = ORIENTED_EDGE('',*,*,#14311,.F.);
#14346 = ( GEOMETRIC_REPRESENTATION_CONTEXT(3) 
GLOBAL_UNCERTAINTY_ASSIGNED_CONTEXT((#14350)) 
GLOBAL_UNIT_ASSIGNED_CONTEXT((#14347,#14348,#14349)) 
REPRESENTATION_CONTEXT('Context #1',
  '3D Context with UNIT and UNCERTAINTY') );
#14347 = ( LENGTH_UNIT() NAMED_UNIT(*) SI_UNIT(.MILLI.,.METRE.) );
#14348 = ( NAMED_UNIT(*) PLANE_ANGLE_UNIT() SI_UNIT($,.RADIAN.) );
#14349 = ( NAMED_UNIT(*) SI_UNIT($,.STERADIAN.) SOLID_ANGLE_UNIT() );
#14350 = UNCERTAINTY_MEASURE_WITH_UNIT(LENGTH_MEASURE(1.E-07),#14347,
  'distance_accuracy_value','confusion accuracy');
#14351 = CONTEXT_DEPENDENT_SHAPE_REPRESENTATION(#14352,#14354);
#14352 = ( REPRESENTATION_RELATIONSHIP('','',#14015,#13992) 
REPRESENTATION_RELATIONSHIP_WITH_TRANSFORMATION(#14353) 
SHAPE_REPRESENTATION_RELATIONSHIP() );
#14353 = ITEM_DEFINED_TRANSFORMATION('','',#11,#13993);
#14354 = PRODUCT_DEFINITION_SHAPE('Placement','Placement of an item',
  #14355);
#14355 = NEXT_ASSEMBLY_USAGE_OCCURRENCE('159','=>[0:1:1:97]','',#13987,
  #14010,$);
#14356 = PRODUCT_RELATED_PRODUCT_CATEGORY('part',$,(#14012));
#14357 = MECHANICAL_DESIGN_GEOMETRIC_PRESENTATION_REPRESENTATION('',(
    #14358),#11742);
#14358 = STYLED_ITEM('color',(#14359),#11412);
#14359 = PRESENTATION_STYLE_ASSIGNMENT((#14360));
#14360 = SURFACE_STYLE_USAGE(.BOTH.,#14361);
#14361 = SURFACE_SIDE_STYLE('',(#14362));
#14362 = SURFACE_STYLE_FILL_AREA(#14363);
#14363 = FILL_AREA_STYLE('',(#14364));
#14364 = FILL_AREA_STYLE_COLOUR('',#14365);
#14365 = COLOUR_RGB('',0.142825677755,0.171844088395,0.189748278101);
#14366 = MECHANICAL_DESIGN_GEOMETRIC_PRESENTATION_REPRESENTATION('',(
    #14367),#10950);
#14367 = STYLED_ITEM('color',(#14368),#10852);
#14368 = PRESENTATION_STYLE_ASSIGNMENT((#14369));
#14369 = SURFACE_STYLE_USAGE(.BOTH.,#14370);
#14370 = SURFACE_SIDE_STYLE('',(#14371));
#14371 = SURFACE_STYLE_FILL_AREA(#14372);
#14372 = FILL_AREA_STYLE('',(#14373));
#14373 = FILL_AREA_STYLE_COLOUR('',#14374);
#14374 = COLOUR_RGB('',0.112074939959,0.112074939959,0.112074939959);
#14375 = MECHANICAL_DESIGN_GEOMETRIC_PRESENTATION_REPRESENTATION('',(
    #14376),#7554);
#14376 = STYLED_ITEM('color',(#14377),#7456);
#14377 = PRESENTATION_STYLE_ASSIGNMENT((#14378));
#14378 = SURFACE_STYLE_USAGE(.BOTH.,#14379);
#14379 = SURFACE_SIDE_STYLE('',(#14380));
#14380 = SURFACE_STYLE_FILL_AREA(#14381);
#14381 = FILL_AREA_STYLE('',(#14382));
#14382 = FILL_AREA_STYLE_COLOUR('',#14383);
#14383 = COLOUR_RGB('',0.381091854454,0.395881257971,0.395881257971);
#14384 = MECHANICAL_DESIGN_GEOMETRIC_PRESENTATION_REPRESENTATION('',(
    #14385),#342);
#14385 = STYLED_ITEM('color',(#14386),#244);
#14386 = PRESENTATION_STYLE_ASSIGNMENT((#14387));
#14387 = SURFACE_STYLE_USAGE(.BOTH.,#14388);
#14388 = SURFACE_SIDE_STYLE('',(#14389));
#14389 = SURFACE_STYLE_FILL_AREA(#14390);
#14390 = FILL_AREA_STYLE('',(#14391));
#14391 = FILL_AREA_STYLE_COLOUR('',#14374);
#14392 = MECHANICAL_DESIGN_GEOMETRIC_PRESENTATION_REPRESENTATION('',(
    #14393),#4158);
#14393 = STYLED_ITEM('color',(#14394),#4060);
#14394 = PRESENTATION_STYLE_ASSIGNMENT((#14395));
#14395 = SURFACE_STYLE_USAGE(.BOTH.,#14396);
#14396 = SURFACE_SIDE_STYLE('',(#14397));
#14397 = SURFACE_STYLE_FILL_AREA(#14398);
#14398 = FILL_AREA_STYLE('',(#14399));
#14399 = FILL_AREA_STYLE_COLOUR('',#14400);
#14400 = COLOUR_RGB('',0.785776927019,0.785776927019,0.773573053001);
#14401 = MECHANICAL_DESIGN_GEOMETRIC_PRESENTATION_REPRESENTATION('',(
    #14402),#2250);
#14402 = STYLED_ITEM('color',(#14403),#1920);
#14403 = PRESENTATION_STYLE_ASSIGNMENT((#14404));
#14404 = SURFACE_STYLE_USAGE(.BOTH.,#14405);
#14405 = SURFACE_SIDE_STYLE('',(#14406));
#14406 = SURFACE_STYLE_FILL_AREA(#14407);
#14407 = FILL_AREA_STYLE('',(#14408));
#14408 = FILL_AREA_STYLE_COLOUR('',#14409);
#14409 = COLOUR_RGB('',0.722027348249,0.735356983052,0.735356983052);
#14410 = MECHANICAL_DESIGN_GEOMETRIC_PRESENTATION_REPRESENTATION('',(
    #14411),#12858);
#14411 = STYLED_ITEM('color',(#14412),#12528);
#14412 = PRESENTATION_STYLE_ASSIGNMENT((#14413));
#14413 = SURFACE_STYLE_USAGE(.BOTH.,#14414);
#14414 = SURFACE_SIDE_STYLE('',(#14415));
#14415 = SURFACE_STYLE_FILL_AREA(#14416);
#14416 = FILL_AREA_STYLE('',(#14417));
#14417 = FILL_AREA_STYLE_COLOUR('',#14409);
#14418 = MECHANICAL_DESIGN_GEOMETRIC_PRESENTATION_REPRESENTATION('',(
    #14419),#8578);
#14419 = STYLED_ITEM('color',(#14420),#8248);
#14420 = PRESENTATION_STYLE_ASSIGNMENT((#14421));
#14421 = SURFACE_STYLE_USAGE(.BOTH.,#14422);
#14422 = SURFACE_SIDE_STYLE('',(#14423));
#14423 = SURFACE_STYLE_FILL_AREA(#14424);
#14424 = FILL_AREA_STYLE('',(#14425));
#14425 = FILL_AREA_STYLE_COLOUR('',#14426);
#14426 = COLOUR_RGB('',0.865042042985,0.870344943399,0.854305825093);
#14427 = MECHANICAL_DESIGN_GEOMETRIC_PRESENTATION_REPRESENTATION('',(
    #14428),#7694);
#14428 = STYLED_ITEM('color',(#14429),#7596);
#14429 = PRESENTATION_STYLE_ASSIGNMENT((#14430));
#14430 = SURFACE_STYLE_USAGE(.BOTH.,#14431);
#14431 = SURFACE_SIDE_STYLE('',(#14432));
#14432 = SURFACE_STYLE_FILL_AREA(#14433);
#14433 = FILL_AREA_STYLE('',(#14434));
#14434 = FILL_AREA_STYLE_COLOUR('',#14400);
#14435 = MECHANICAL_DESIGN_GEOMETRIC_PRESENTATION_REPRESENTATION('',(
    #14436),#13602);
#14436 = STYLED_ITEM('color',(#14437),#13272);
#14437 = PRESENTATION_STYLE_ASSIGNMENT((#14438));
#14438 = SURFACE_STYLE_USAGE(.BOTH.,#14439);
#14439 = SURFACE_SIDE_STYLE('',(#14440));
#14440 = SURFACE_STYLE_FILL_AREA(#14441);
#14441 = FILL_AREA_STYLE('',(#14442));
#14442 = FILL_AREA_STYLE_COLOUR('',#14409);
#14443 = MECHANICAL_DESIGN_GEOMETRIC_PRESENTATION_REPRESENTATION('',(
    #14444),#6530);
#14444 = STYLED_ITEM('color',(#14445),#6200);
#14445 = PRESENTATION_STYLE_ASSIGNMENT((#14446));
#14446 = SURFACE_STYLE_USAGE(.BOTH.,#14447);
#14447 = SURFACE_SIDE_STYLE('',(#14448));
#14448 = SURFACE_STYLE_FILL_AREA(#14449);
#14449 = FILL_AREA_STYLE('',(#14450));
#14450 = FILL_AREA_STYLE_COLOUR('',#14409);
#14451 = MECHANICAL_DESIGN_GEOMETRIC_PRESENTATION_REPRESENTATION('',(
    #14452),#4670);
#14452 = STYLED_ITEM('color',(#14453),#4340);
#14453 = PRESENTATION_STYLE_ASSIGNMENT((#14454));
#14454 = SURFACE_STYLE_USAGE(.BOTH.,#14455);
#14455 = SURFACE_SIDE_STYLE('',(#14456));
#14456 = SURFACE_STYLE_FILL_AREA(#14457);
#14457 = FILL_AREA_STYLE('',(#14458));
#14458 = FILL_AREA_STYLE_COLOUR('',#14365);
#14459 = MECHANICAL_DESIGN_GEOMETRIC_PRESENTATION_REPRESENTATION('',(
    #14460),#10066);
#14460 = STYLED_ITEM('color',(#14461),#9736);
#14461 = PRESENTATION_STYLE_ASSIGNMENT((#14462));
#14462 = SURFACE_STYLE_USAGE(.BOTH.,#14463);
#14463 = SURFACE_SIDE_STYLE('',(#14464));
#14464 = SURFACE_STYLE_FILL_AREA(#14465);
#14465 = FILL_AREA_STYLE('',(#14466));
#14466 = FILL_AREA_STYLE_COLOUR('',#14409);
#14467 = MECHANICAL_DESIGN_GEOMETRIC_PRESENTATION_REPRESENTATION('',(
    #14468),#1134);
#14468 = STYLED_ITEM('color',(#14469),#804);
#14469 = PRESENTATION_STYLE_ASSIGNMENT((#14470));
#14470 = SURFACE_STYLE_USAGE(.BOTH.,#14471);
#14471 = SURFACE_SIDE_STYLE('',(#14472));
#14472 = SURFACE_STYLE_FILL_AREA(#14473);
#14473 = FILL_AREA_STYLE('',(#14474));
#14474 = FILL_AREA_STYLE_COLOUR('',#14365);
#14475 = MECHANICAL_DESIGN_GEOMETRIC_PRESENTATION_REPRESENTATION('',(
    #14476),#6902);
#14476 = STYLED_ITEM('color',(#14477),#6572);
#14477 = PRESENTATION_STYLE_ASSIGNMENT((#14478));
#14478 = SURFACE_STYLE_USAGE(.BOTH.,#14479);
#14479 = SURFACE_SIDE_STYLE('',(#14480));
#14480 = SURFACE_STYLE_FILL_AREA(#14481);
#14481 = FILL_AREA_STYLE('',(#14482));
#14482 = FILL_AREA_STYLE_COLOUR('',#14409);
#14483 = MECHANICAL_DESIGN_GEOMETRIC_PRESENTATION_REPRESENTATION('',(
    #14484),#482);
#14484 = STYLED_ITEM('color',(#14485),#384);
#14485 = PRESENTATION_STYLE_ASSIGNMENT((#14486));
#14486 = SURFACE_STYLE_USAGE(.BOTH.,#14487);
#14487 = SURFACE_SIDE_STYLE('',(#14488));
#14488 = SURFACE_STYLE_FILL_AREA(#14489);
#14489 = FILL_AREA_STYLE('',(#14490));
#14490 = FILL_AREA_STYLE_COLOUR('',#14383);
#14491 = MECHANICAL_DESIGN_GEOMETRIC_PRESENTATION_REPRESENTATION('',(
    #14492),#13230);
#14492 = STYLED_ITEM('color',(#14493),#12900);
#14493 = PRESENTATION_STYLE_ASSIGNMENT((#14494));
#14494 = SURFACE_STYLE_USAGE(.BOTH.,#14495);
#14495 = SURFACE_SIDE_STYLE('',(#14496));
#14496 = SURFACE_STYLE_FILL_AREA(#14497);
#14497 = FILL_AREA_STYLE('',(#14498));
#14498 = FILL_AREA_STYLE_COLOUR('',#14409);
#14499 = MECHANICAL_DESIGN_GEOMETRIC_PRESENTATION_REPRESENTATION('',(
    #14500),#14346);
#14500 = STYLED_ITEM('color',(#14501),#14016);
#14501 = PRESENTATION_STYLE_ASSIGNMENT((#14502));
#14502 = SURFACE_STYLE_USAGE(.BOTH.,#14503);
#14503 = SURFACE_SIDE_STYLE('',(#14504));
#14504 = SURFACE_STYLE_FILL_AREA(#14505);
#14505 = FILL_AREA_STYLE('',(#14506));
#14506 = FILL_AREA_STYLE_COLOUR('',#14409);
#14507 = MECHANICAL_DESIGN_GEOMETRIC_PRESENTATION_REPRESENTATION('',(
    #14508),#11370);
#14508 = STYLED_ITEM('color',(#14509),#11272);
#14509 = PRESENTATION_STYLE_ASSIGNMENT((#14510));
#14510 = SURFACE_STYLE_USAGE(.BOTH.,#14511);
#14511 = SURFACE_SIDE_STYLE('',(#14512));
#14512 = SURFACE_STYLE_FILL_AREA(#14513);
#14513 = FILL_AREA_STYLE('',(#14514));
#14514 = FILL_AREA_STYLE_COLOUR('',#14409);
#14515 = MECHANICAL_DESIGN_GEOMETRIC_PRESENTATION_REPRESENTATION('',(
    #14516),#6158);
#14516 = STYLED_ITEM('color',(#14517),#5828);
#14517 = PRESENTATION_STYLE_ASSIGNMENT((#14518));
#14518 = SURFACE_STYLE_USAGE(.BOTH.,#14519);
#14519 = SURFACE_SIDE_STYLE('',(#14520));
#14520 = SURFACE_STYLE_FILL_AREA(#14521);
#14521 = FILL_AREA_STYLE('',(#14522));
#14522 = FILL_AREA_STYLE_COLOUR('',#14409);
#14523 = MECHANICAL_DESIGN_GEOMETRIC_PRESENTATION_REPRESENTATION('',(
    #14524),#10438);
#14524 = STYLED_ITEM('color',(#14525),#10108);
#14525 = PRESENTATION_STYLE_ASSIGNMENT((#14526));
#14526 = SURFACE_STYLE_USAGE(.BOTH.,#14527);
#14527 = SURFACE_SIDE_STYLE('',(#14528));
#14528 = SURFACE_STYLE_FILL_AREA(#14529);
#14529 = FILL_AREA_STYLE('',(#14530));
#14530 = FILL_AREA_STYLE_COLOUR('',#14409);
#14531 = MECHANICAL_DESIGN_GEOMETRIC_PRESENTATION_REPRESENTATION('',(
    #14532),#762);
#14532 = STYLED_ITEM('color',(#14533),#664);
#14533 = PRESENTATION_STYLE_ASSIGNMENT((#14534));
#14534 = SURFACE_STYLE_USAGE(.BOTH.,#14535);
#14535 = SURFACE_SIDE_STYLE('',(#14536));
#14536 = SURFACE_STYLE_FILL_AREA(#14537);
#14537 = FILL_AREA_STYLE('',(#14538));
#14538 = FILL_AREA_STYLE_COLOUR('',#14409);
#14539 = MECHANICAL_DESIGN_GEOMETRIC_PRESENTATION_REPRESENTATION('',(
    #14540),#10810);
#14540 = STYLED_ITEM('color',(#14541),#10480);
#14541 = PRESENTATION_STYLE_ASSIGNMENT((#14542));
#14542 = SURFACE_STYLE_USAGE(.BOTH.,#14543);
#14543 = SURFACE_SIDE_STYLE('',(#14544));
#14544 = SURFACE_STYLE_FILL_AREA(#14545);
#14545 = FILL_AREA_STYLE('',(#14546));
#14546 = FILL_AREA_STYLE_COLOUR('',#14409);
#14547 = MECHANICAL_DESIGN_GEOMETRIC_PRESENTATION_REPRESENTATION('',(
    #14548),#3366);
#14548 = STYLED_ITEM('color',(#14549),#3036);
#14549 = PRESENTATION_STYLE_ASSIGNMENT((#14550));
#14550 = SURFACE_STYLE_USAGE(.BOTH.,#14551);
#14551 = SURFACE_SIDE_STYLE('',(#14552));
#14552 = SURFACE_STYLE_FILL_AREA(#14553);
#14553 = FILL_AREA_STYLE('',(#14554));
#14554 = FILL_AREA_STYLE_COLOUR('',#14409);
#14555 = MECHANICAL_DESIGN_GEOMETRIC_PRESENTATION_REPRESENTATION('',(
    #14556),#2994);
#14556 = STYLED_ITEM('color',(#14557),#2664);
#14557 = PRESENTATION_STYLE_ASSIGNMENT((#14558));
#14558 = SURFACE_STYLE_USAGE(.BOTH.,#14559);
#14559 = SURFACE_SIDE_STYLE('',(#14560));
#14560 = SURFACE_STYLE_FILL_AREA(#14561);
#14561 = FILL_AREA_STYLE('',(#14562));
#14562 = FILL_AREA_STYLE_COLOUR('',#14409);
#14563 = MECHANICAL_DESIGN_GEOMETRIC_PRESENTATION_REPRESENTATION('',(
    #14564),#5042);
#14564 = STYLED_ITEM('color',(#14565),#4712);
#14565 = PRESENTATION_STYLE_ASSIGNMENT((#14566));
#14566 = SURFACE_STYLE_USAGE(.BOTH.,#14567);
#14567 = SURFACE_SIDE_STYLE('',(#14568));
#14568 = SURFACE_STYLE_FILL_AREA(#14569);
#14569 = FILL_AREA_STYLE('',(#14570));
#14570 = FILL_AREA_STYLE_COLOUR('',#14426);
#14571 = MECHANICAL_DESIGN_GEOMETRIC_PRESENTATION_REPRESENTATION('',(
    #14572),#5414);
#14572 = STYLED_ITEM('color',(#14573),#5084);
#14573 = PRESENTATION_STYLE_ASSIGNMENT((#14574));
#14574 = SURFACE_STYLE_USAGE(.BOTH.,#14575);
#14575 = SURFACE_SIDE_STYLE('',(#14576));
#14576 = SURFACE_STYLE_FILL_AREA(#14577);
#14577 = FILL_AREA_STYLE('',(#14578));
#14578 = FILL_AREA_STYLE_COLOUR('',#14409);
#14579 = MECHANICAL_DESIGN_GEOMETRIC_PRESENTATION_REPRESENTATION('',(
    #14580),#9322);
#14580 = STYLED_ITEM('color',(#14581),#8992);
#14581 = PRESENTATION_STYLE_ASSIGNMENT((#14582));
#14582 = SURFACE_STYLE_USAGE(.BOTH.,#14583);
#14583 = SURFACE_SIDE_STYLE('',(#14584));
#14584 = SURFACE_STYLE_FILL_AREA(#14585);
#14585 = FILL_AREA_STYLE('',(#14586));
#14586 = FILL_AREA_STYLE_COLOUR('',#14409);
#14587 = MECHANICAL_DESIGN_GEOMETRIC_PRESENTATION_REPRESENTATION('',(
    #14588),#11090);
#14588 = STYLED_ITEM('color',(#14589),#10992);
#14589 = PRESENTATION_STYLE_ASSIGNMENT((#14590));
#14590 = SURFACE_STYLE_USAGE(.BOTH.,#14591);
#14591 = SURFACE_SIDE_STYLE('',(#14592));
#14592 = SURFACE_STYLE_FILL_AREA(#14593);
#14593 = FILL_AREA_STYLE('',(#14594));
#14594 = FILL_AREA_STYLE_COLOUR('',#14383);
#14595 = MECHANICAL_DESIGN_GEOMETRIC_PRESENTATION_REPRESENTATION('',(
    #14596),#8206);
#14596 = STYLED_ITEM('color',(#14597),#7876);
#14597 = PRESENTATION_STYLE_ASSIGNMENT((#14598));
#14598 = SURFACE_STYLE_USAGE(.BOTH.,#14599);
#14599 = SURFACE_SIDE_STYLE('',(#14600));
#14600 = SURFACE_STYLE_FILL_AREA(#14601);
#14601 = FILL_AREA_STYLE('',(#14602));
#14602 = FILL_AREA_STYLE_COLOUR('',#14365);
#14603 = MECHANICAL_DESIGN_GEOMETRIC_PRESENTATION_REPRESENTATION('',(
    #14604),#7274);
#14604 = STYLED_ITEM('color',(#14605),#6944);
#14605 = PRESENTATION_STYLE_ASSIGNMENT((#14606));
#14606 = SURFACE_STYLE_USAGE(.BOTH.,#14607);
#14607 = SURFACE_SIDE_STYLE('',(#14608));
#14608 = SURFACE_STYLE_FILL_AREA(#14609);
#14609 = FILL_AREA_STYLE('',(#14610));
#14610 = FILL_AREA_STYLE_COLOUR('',#14409);
#14611 = MECHANICAL_DESIGN_GEOMETRIC_PRESENTATION_REPRESENTATION('',(
    #14612),#2622);
#14612 = STYLED_ITEM('color',(#14613),#2292);
#14613 = PRESENTATION_STYLE_ASSIGNMENT((#14614));
#14614 = SURFACE_STYLE_USAGE(.BOTH.,#14615);
#14615 = SURFACE_SIDE_STYLE('',(#14616));
#14616 = SURFACE_STYLE_FILL_AREA(#14617);
#14617 = FILL_AREA_STYLE('',(#14618));
#14618 = FILL_AREA_STYLE_COLOUR('',#14409);
#14619 = MECHANICAL_DESIGN_GEOMETRIC_PRESENTATION_REPRESENTATION('',(
    #14620),#8950);
#14620 = STYLED_ITEM('color',(#14621),#8620);
#14621 = PRESENTATION_STYLE_ASSIGNMENT((#14622));
#14622 = SURFACE_STYLE_USAGE(.BOTH.,#14623);
#14623 = SURFACE_SIDE_STYLE('',(#14624));
#14624 = SURFACE_STYLE_FILL_AREA(#14625);
#14625 = FILL_AREA_STYLE('',(#14626));
#14626 = FILL_AREA_STYLE_COLOUR('',#14409);
#14627 = MECHANICAL_DESIGN_GEOMETRIC_PRESENTATION_REPRESENTATION('',(
    #14628),#12114);
#14628 = STYLED_ITEM('color',(#14629),#11784);
#14629 = PRESENTATION_STYLE_ASSIGNMENT((#14630));
#14630 = SURFACE_STYLE_USAGE(.BOTH.,#14631);
#14631 = SURFACE_SIDE_STYLE('',(#14632));
#14632 = SURFACE_STYLE_FILL_AREA(#14633);
#14633 = FILL_AREA_STYLE('',(#14634));
#14634 = FILL_AREA_STYLE_COLOUR('',#14426);
#14635 = MECHANICAL_DESIGN_GEOMETRIC_PRESENTATION_REPRESENTATION('',(
    #14636),#622);
#14636 = STYLED_ITEM('color',(#14637),#524);
#14637 = PRESENTATION_STYLE_ASSIGNMENT((#14638));
#14638 = SURFACE_STYLE_USAGE(.BOTH.,#14639);
#14639 = SURFACE_SIDE_STYLE('',(#14640));
#14640 = SURFACE_STYLE_FILL_AREA(#14641);
#14641 = FILL_AREA_STYLE('',(#14642));
#14642 = FILL_AREA_STYLE_COLOUR('',#14400);
#14643 = MECHANICAL_DESIGN_GEOMETRIC_PRESENTATION_REPRESENTATION('',(
    #14644),#3878);
#14644 = STYLED_ITEM('color',(#14645),#3780);
#14645 = PRESENTATION_STYLE_ASSIGNMENT((#14646));
#14646 = SURFACE_STYLE_USAGE(.BOTH.,#14647);
#14647 = SURFACE_SIDE_STYLE('',(#14648));
#14648 = SURFACE_STYLE_FILL_AREA(#14649);
#14649 = FILL_AREA_STYLE('',(#14650));
#14650 = FILL_AREA_STYLE_COLOUR('',#14374);
#14651 = MECHANICAL_DESIGN_GEOMETRIC_PRESENTATION_REPRESENTATION('',(
    #14652),#7834);
#14652 = STYLED_ITEM('color',(#14653),#7736);
#14653 = PRESENTATION_STYLE_ASSIGNMENT((#14654));
#14654 = SURFACE_STYLE_USAGE(.BOTH.,#14655);
#14655 = SURFACE_SIDE_STYLE('',(#14656));
#14656 = SURFACE_STYLE_FILL_AREA(#14657);
#14657 = FILL_AREA_STYLE('',(#14658));
#14658 = FILL_AREA_STYLE_COLOUR('',#14409);
#14659 = MECHANICAL_DESIGN_GEOMETRIC_PRESENTATION_REPRESENTATION('',(
    #14660),#9694);
#14660 = STYLED_ITEM('color',(#14661),#9364);
#14661 = PRESENTATION_STYLE_ASSIGNMENT((#14662));
#14662 = SURFACE_STYLE_USAGE(.BOTH.,#14663);
#14663 = SURFACE_SIDE_STYLE('',(#14664));
#14664 = SURFACE_STYLE_FILL_AREA(#14665);
#14665 = FILL_AREA_STYLE('',(#14666));
#14666 = FILL_AREA_STYLE_COLOUR('',#14409);
#14667 = MECHANICAL_DESIGN_GEOMETRIC_PRESENTATION_REPRESENTATION('',(
    #14668),#4298);
#14668 = STYLED_ITEM('color',(#14669),#4200);
#14669 = PRESENTATION_STYLE_ASSIGNMENT((#14670));
#14670 = SURFACE_STYLE_USAGE(.BOTH.,#14671);
#14671 = SURFACE_SIDE_STYLE('',(#14672));
#14672 = SURFACE_STYLE_FILL_AREA(#14673);
#14673 = FILL_AREA_STYLE('',(#14674));
#14674 = FILL_AREA_STYLE_COLOUR('',#14409);
#14675 = MECHANICAL_DESIGN_GEOMETRIC_PRESENTATION_REPRESENTATION('',(
    #14676),#4018);
#14676 = STYLED_ITEM('color',(#14677),#3920);
#14677 = PRESENTATION_STYLE_ASSIGNMENT((#14678));
#14678 = SURFACE_STYLE_USAGE(.BOTH.,#14679);
#14679 = SURFACE_SIDE_STYLE('',(#14680));
#14680 = SURFACE_STYLE_FILL_AREA(#14681);
#14681 = FILL_AREA_STYLE('',(#14682));
#14682 = FILL_AREA_STYLE_COLOUR('',#14383);
#14683 = MECHANICAL_DESIGN_GEOMETRIC_PRESENTATION_REPRESENTATION('',(
    #14684),#11230);
#14684 = STYLED_ITEM('color',(#14685),#11132);
#14685 = PRESENTATION_STYLE_ASSIGNMENT((#14686));
#14686 = SURFACE_STYLE_USAGE(.BOTH.,#14687);
#14687 = SURFACE_SIDE_STYLE('',(#14688));
#14688 = SURFACE_STYLE_FILL_AREA(#14689);
#14689 = FILL_AREA_STYLE('',(#14690));
#14690 = FILL_AREA_STYLE_COLOUR('',#14400);
#14691 = MECHANICAL_DESIGN_GEOMETRIC_PRESENTATION_REPRESENTATION('',(
    #14692),#12486);
#14692 = STYLED_ITEM('color',(#14693),#12156);
#14693 = PRESENTATION_STYLE_ASSIGNMENT((#14694));
#14694 = SURFACE_STYLE_USAGE(.BOTH.,#14695);
#14695 = SURFACE_SIDE_STYLE('',(#14696));
#14696 = SURFACE_STYLE_FILL_AREA(#14697);
#14697 = FILL_AREA_STYLE('',(#14698));
#14698 = FILL_AREA_STYLE_COLOUR('',#14409);
#14699 = MECHANICAL_DESIGN_GEOMETRIC_PRESENTATION_REPRESENTATION('',(
    #14700),#1878);
#14700 = STYLED_ITEM('color',(#14701),#1548);
#14701 = PRESENTATION_STYLE_ASSIGNMENT((#14702));
#14702 = SURFACE_STYLE_USAGE(.BOTH.,#14703);
#14703 = SURFACE_SIDE_STYLE('',(#14704));
#14704 = SURFACE_STYLE_FILL_AREA(#14705);
#14705 = FILL_AREA_STYLE('',(#14706));
#14706 = FILL_AREA_STYLE_COLOUR('',#14409);
#14707 = MECHANICAL_DESIGN_GEOMETRIC_PRESENTATION_REPRESENTATION('',(
    #14708),#13974);
#14708 = STYLED_ITEM('color',(#14709),#13644);
#14709 = PRESENTATION_STYLE_ASSIGNMENT((#14710));
#14710 = SURFACE_STYLE_USAGE(.BOTH.,#14711);
#14711 = SURFACE_SIDE_STYLE('',(#14712));
#14712 = SURFACE_STYLE_FILL_AREA(#14713);
#14713 = FILL_AREA_STYLE('',(#14714));
#14714 = FILL_AREA_STYLE_COLOUR('',#14409);
#14715 = MECHANICAL_DESIGN_GEOMETRIC_PRESENTATION_REPRESENTATION('',(
    #14716),#3738);
#14716 = STYLED_ITEM('color',(#14717),#3408);
#14717 = PRESENTATION_STYLE_ASSIGNMENT((#14718));
#14718 = SURFACE_STYLE_USAGE(.BOTH.,#14719);
#14719 = SURFACE_SIDE_STYLE('',(#14720));
#14720 = SURFACE_STYLE_FILL_AREA(#14721);
#14721 = FILL_AREA_STYLE('',(#14722));
#14722 = FILL_AREA_STYLE_COLOUR('',#14409);
#14723 = MECHANICAL_DESIGN_GEOMETRIC_PRESENTATION_REPRESENTATION('',(
    #14724),#1506);
#14724 = STYLED_ITEM('color',(#14725),#1176);
#14725 = PRESENTATION_STYLE_ASSIGNMENT((#14726));
#14726 = SURFACE_STYLE_USAGE(.BOTH.,#14727);
#14727 = SURFACE_SIDE_STYLE('',(#14728));
#14728 = SURFACE_STYLE_FILL_AREA(#14729);
#14729 = FILL_AREA_STYLE('',(#14730));
#14730 = FILL_AREA_STYLE_COLOUR('',#14426);
#14731 = MECHANICAL_DESIGN_GEOMETRIC_PRESENTATION_REPRESENTATION('',(
    #14732),#5786);
#14732 = STYLED_ITEM('color',(#14733),#5456);
#14733 = PRESENTATION_STYLE_ASSIGNMENT((#14734));
#14734 = SURFACE_STYLE_USAGE(.BOTH.,#14735);
#14735 = SURFACE_SIDE_STYLE('',(#14736));
#14736 = SURFACE_STYLE_FILL_AREA(#14737);
#14737 = FILL_AREA_STYLE('',(#14738));
#14738 = FILL_AREA_STYLE_COLOUR('',#14409);
#14739 = MECHANICAL_DESIGN_GEOMETRIC_PRESENTATION_REPRESENTATION('',(
    #14740),#7414);
#14740 = STYLED_ITEM('color',(#14741),#7316);
#14741 = PRESENTATION_STYLE_ASSIGNMENT((#14742));
#14742 = SURFACE_STYLE_USAGE(.BOTH.,#14743);
#14743 = SURFACE_SIDE_STYLE('',(#14744));
#14744 = SURFACE_STYLE_FILL_AREA(#14745);
#14745 = FILL_AREA_STYLE('',(#14746));
#14746 = FILL_AREA_STYLE_COLOUR('',#14374);
ENDSEC;
END-ISO-10303-21;
