ISO-10303-21;
HEADER;
FILE_DESCRIPTION(('Open CASCADE Model'),'2;1');
FILE_NAME('Open CASCADE Shape Model','2026-05-15T20:56:00',('Author'),(
    'Open CASCADE'),'Open CASCADE STEP processor 7.8','build123d',
  'Unknown');
FILE_SCHEMA(('AUTOMOTIVE_DESIGN { 1 0 10303 214 1 1 1 1 }'));
ENDSEC;
DATA;
#1 = APPLICATION_PROTOCOL_DEFINITION('international standard',
  'automotive_design',2000,#2);
#2 = APPLICATION_CONTEXT(
  'core data for automotive mechanical design processes');
#3 = SHAPE_DEFINITION_REPRESENTATION(#4,#10);
#4 = PRODUCT_DEFINITION_SHAPE('','',#5);
#5 = PRODUCT_DEFINITION('design','',#6,#9);
#6 = PRODUCT_DEFINITION_FORMATION('','',#7);
#7 = PRODUCT('ASSEMBLY','ASSEMBLY','',(#8));
#8 = PRODUCT_CONTEXT('',#2,'mechanical');
#9 = PRODUCT_DEFINITION_CONTEXT('part definition',#2,'design');
#10 = SHAPE_REPRESENTATION('',(#11,#15,#19,#23,#27,#31),#35);
#11 = AXIS2_PLACEMENT_3D('',#12,#13,#14);
#12 = CARTESIAN_POINT('',(0.,0.,0.));
#13 = DIRECTION('',(0.,0.,1.));
#14 = DIRECTION('',(1.,0.,-0.));
#15 = AXIS2_PLACEMENT_3D('',#16,#17,#18);
#16 = CARTESIAN_POINT('',(0.,0.,1.245E+03));
#17 = DIRECTION('',(0.,-1.,2.22044604925E-16));
#18 = DIRECTION('',(1.,0.,0.));
#19 = AXIS2_PLACEMENT_3D('',#20,#21,#22);
#20 = CARTESIAN_POINT('',(0.,0.,397.));
#21 = DIRECTION('',(0.,0.,1.));
#22 = DIRECTION('',(1.,0.,-0.));
#23 = AXIS2_PLACEMENT_3D('',#24,#25,#26);
#24 = CARTESIAN_POINT('',(-2.76E+03,0.,775.));
#25 = DIRECTION('',(-8.715574274766E-02,-0.,0.996194698092));
#26 = DIRECTION('',(0.996194698092,0.,8.715574274766E-02));
#27 = AXIS2_PLACEMENT_3D('',#28,#29,#30);
#28 = CARTESIAN_POINT('',(2.81E+03,0.,805.));
#29 = DIRECTION('',(5.233595624294E-02,-0.,0.998629534755));
#30 = DIRECTION('',(0.998629534755,0.,-5.233595624294E-02));
#31 = AXIS2_PLACEMENT_3D('',#32,#33,#34);
#32 = CARTESIAN_POINT('',(1.48E+03,0.,1.238E+03));
#33 = DIRECTION('',(-5.233595624294E-02,-0.,0.998629534755));
#34 = DIRECTION('',(0.998629534755,0.,5.233595624294E-02));
#35 = ( GEOMETRIC_REPRESENTATION_CONTEXT(3) 
GLOBAL_UNCERTAINTY_ASSIGNED_CONTEXT((#39)) GLOBAL_UNIT_ASSIGNED_CONTEXT(
(#36,#37,#38)) REPRESENTATION_CONTEXT('Context #1',
  '3D Context with UNIT and UNCERTAINTY') );
#36 = ( LENGTH_UNIT() NAMED_UNIT(*) SI_UNIT(.MILLI.,.METRE.) );
#37 = ( NAMED_UNIT(*) PLANE_ANGLE_UNIT() SI_UNIT($,.RADIAN.) );
#38 = ( NAMED_UNIT(*) SI_UNIT($,.STERADIAN.) SOLID_ANGLE_UNIT() );
#39 = UNCERTAINTY_MEASURE_WITH_UNIT(LENGTH_MEASURE(1.E-07),#36,
  'distance_accuracy_value','confusion accuracy');
#40 = PRODUCT_RELATED_PRODUCT_CATEGORY('part',$,(#7));
#41 = SHAPE_DEFINITION_REPRESENTATION(#42,#48);
#42 = PRODUCT_DEFINITION_SHAPE('','',#43);
#43 = PRODUCT_DEFINITION('design','',#44,#47);
#44 = PRODUCT_DEFINITION_FORMATION('','',#45);
#45 = PRODUCT('cohesive_faceted_monocoque_body_shell',
  'cohesive_faceted_monocoque_body_shell','',(#46));
#46 = PRODUCT_CONTEXT('',#2,'mechanical');
#47 = PRODUCT_DEFINITION_CONTEXT('part definition',#2,'design');
#48 = SHAPE_REPRESENTATION('',(#11,#49),#53);
#49 = AXIS2_PLACEMENT_3D('',#50,#51,#52);
#50 = CARTESIAN_POINT('',(0.,0.,0.));
#51 = DIRECTION('',(0.,0.,1.));
#52 = DIRECTION('',(1.,0.,-0.));
#53 = ( GEOMETRIC_REPRESENTATION_CONTEXT(3) 
GLOBAL_UNCERTAINTY_ASSIGNED_CONTEXT((#57)) GLOBAL_UNIT_ASSIGNED_CONTEXT(
(#54,#55,#56)) REPRESENTATION_CONTEXT('Context #1',
  '3D Context with UNIT and UNCERTAINTY') );
#54 = ( LENGTH_UNIT() NAMED_UNIT(*) SI_UNIT(.MILLI.,.METRE.) );
#55 = ( NAMED_UNIT(*) PLANE_ANGLE_UNIT() SI_UNIT($,.RADIAN.) );
#56 = ( NAMED_UNIT(*) SI_UNIT($,.STERADIAN.) SOLID_ANGLE_UNIT() );
#57 = UNCERTAINTY_MEASURE_WITH_UNIT(LENGTH_MEASURE(1.E-07),#54,
  'distance_accuracy_value','confusion accuracy');
#58 = CONTEXT_DEPENDENT_SHAPE_REPRESENTATION(#59,#61);
#59 = ( REPRESENTATION_RELATIONSHIP('','',#48,#10) 
REPRESENTATION_RELATIONSHIP_WITH_TRANSFORMATION(#60) 
SHAPE_REPRESENTATION_RELATIONSHIP() );
#60 = ITEM_DEFINED_TRANSFORMATION('','',#11,#15);
#61 = PRODUCT_DEFINITION_SHAPE('Placement','Placement of an item',#62);
#62 = NEXT_ASSEMBLY_USAGE_OCCURRENCE('2','=>[0:1:1:2]','',#5,#43,$);
#63 = PRODUCT_RELATED_PRODUCT_CATEGORY('part',$,(#45));
#64 = SHAPE_DEFINITION_REPRESENTATION(#65,#71);
#65 = PRODUCT_DEFINITION_SHAPE('','',#66);
#66 = PRODUCT_DEFINITION('design','',#67,#70);
#67 = PRODUCT_DEFINITION_FORMATION('','',#68);
#68 = PRODUCT('SOLID','SOLID','',(#69));
#69 = PRODUCT_CONTEXT('',#2,'mechanical');
#70 = PRODUCT_DEFINITION_CONTEXT('part definition',#2,'design');
#71 = ADVANCED_BREP_SHAPE_REPRESENTATION('',(#11,#72),#792);
#72 = MANIFOLD_SOLID_BREP('',#73);
#73 = CLOSED_SHELL('',(#74,#194,#270,#346,#508,#557,#606,#704,#731,#758,
    #785));
#74 = ADVANCED_FACE('',(#75),#89,.F.);
#75 = FACE_BOUND('',#76,.F.);
#76 = EDGE_LOOP('',(#77,#112,#140,#168));
#77 = ORIENTED_EDGE('',*,*,#78,.F.);
#78 = EDGE_CURVE('',#79,#81,#83,.T.);
#79 = VERTEX_POINT('',#80);
#80 = CARTESIAN_POINT('',(-2.82E+03,-820.,-880.));
#81 = VERTEX_POINT('',#82);
#82 = CARTESIAN_POINT('',(-2.82E+03,-820.,880.));
#83 = SURFACE_CURVE('',#84,(#88,#100),.PCURVE_S1.);
#84 = LINE('',#85,#86);
#85 = CARTESIAN_POINT('',(-2.82E+03,-820.,-880.));
#86 = VECTOR('',#87,1.);
#87 = DIRECTION('',(0.,0.,1.));
#88 = PCURVE('',#89,#94);
#89 = PLANE('',#90);
#90 = AXIS2_PLACEMENT_3D('',#91,#92,#93);
#91 = CARTESIAN_POINT('',(-2.82E+03,-820.,0.));
#92 = DIRECTION('',(0.99641488655,-8.460126395233E-02,0.));
#93 = DIRECTION('',(8.460126395233E-02,0.99641488655,0.));
#94 = DEFINITIONAL_REPRESENTATION('',(#95),#99);
#95 = LINE('',#96,#97);
#96 = CARTESIAN_POINT('',(0.,-880.));
#97 = VECTOR('',#98,1.);
#98 = DIRECTION('',(0.,1.));
#99 = ( GEOMETRIC_REPRESENTATION_CONTEXT(2) 
PARAMETRIC_REPRESENTATION_CONTEXT() REPRESENTATION_CONTEXT('2D SPACE',''
  ) );
#100 = PCURVE('',#101,#106);
#101 = PLANE('',#102);
#102 = AXIS2_PLACEMENT_3D('',#103,#104,#105);
#103 = CARTESIAN_POINT('',(-2.65E+03,-820.,0.));
#104 = DIRECTION('',(0.,1.,-0.));
#105 = DIRECTION('',(-1.,0.,0.));
#106 = DEFINITIONAL_REPRESENTATION('',(#107),#111);
#107 = LINE('',#108,#109);
#108 = CARTESIAN_POINT('',(170.,-880.));
#109 = VECTOR('',#110,1.);
#110 = DIRECTION('',(0.,1.));
#111 = ( GEOMETRIC_REPRESENTATION_CONTEXT(2) 
PARAMETRIC_REPRESENTATION_CONTEXT() REPRESENTATION_CONTEXT('2D SPACE',''
  ) );
#112 = ORIENTED_EDGE('',*,*,#113,.T.);
#113 = EDGE_CURVE('',#79,#114,#116,.T.);
#114 = VERTEX_POINT('',#115);
#115 = CARTESIAN_POINT('',(-2.775E+03,-290.,-880.));
#116 = SURFACE_CURVE('',#117,(#121,#128),.PCURVE_S1.);
#117 = LINE('',#118,#119);
#118 = CARTESIAN_POINT('',(-2.82E+03,-820.,-880.));
#119 = VECTOR('',#120,1.);
#120 = DIRECTION('',(8.460126395233E-02,0.99641488655,0.));
#121 = PCURVE('',#89,#122);
#122 = DEFINITIONAL_REPRESENTATION('',(#123),#127);
#123 = LINE('',#124,#125);
#124 = CARTESIAN_POINT('',(0.,-880.));
#125 = VECTOR('',#126,1.);
#126 = DIRECTION('',(1.,0.));
#127 = ( GEOMETRIC_REPRESENTATION_CONTEXT(2) 
PARAMETRIC_REPRESENTATION_CONTEXT() REPRESENTATION_CONTEXT('2D SPACE',''
  ) );
#128 = PCURVE('',#129,#134);
#129 = PLANE('',#130);
#130 = AXIS2_PLACEMENT_3D('',#131,#132,#133);
#131 = CARTESIAN_POINT('',(-18.19499254525,-270.0824203638,-880.));
#132 = DIRECTION('',(-0.,-0.,-1.));
#133 = DIRECTION('',(-1.,0.,0.));
#134 = DEFINITIONAL_REPRESENTATION('',(#135),#139);
#135 = LINE('',#136,#137);
#136 = CARTESIAN_POINT('',(2.801805007455E+03,-549.9175796361));
#137 = VECTOR('',#138,1.);
#138 = DIRECTION('',(-8.460126395233E-02,0.99641488655));
#139 = ( GEOMETRIC_REPRESENTATION_CONTEXT(2) 
PARAMETRIC_REPRESENTATION_CONTEXT() REPRESENTATION_CONTEXT('2D SPACE',''
  ) );
#140 = ORIENTED_EDGE('',*,*,#141,.F.);
#141 = EDGE_CURVE('',#142,#114,#144,.T.);
#142 = VERTEX_POINT('',#143);
#143 = CARTESIAN_POINT('',(-2.775E+03,-290.,880.));
#144 = SURFACE_CURVE('',#145,(#149,#156),.PCURVE_S1.);
#145 = LINE('',#146,#147);
#146 = CARTESIAN_POINT('',(-2.775E+03,-290.,880.));
#147 = VECTOR('',#148,1.);
#148 = DIRECTION('',(0.,0.,-1.));
#149 = PCURVE('',#89,#150);
#150 = DEFINITIONAL_REPRESENTATION('',(#151),#155);
#151 = LINE('',#152,#153);
#152 = CARTESIAN_POINT('',(531.90694674914,880.));
#153 = VECTOR('',#154,1.);
#154 = DIRECTION('',(0.,-1.));
#155 = ( GEOMETRIC_REPRESENTATION_CONTEXT(2) 
PARAMETRIC_REPRESENTATION_CONTEXT() REPRESENTATION_CONTEXT('2D SPACE',''
  ) );
#156 = PCURVE('',#157,#162);
#157 = PLANE('',#158);
#158 = AXIS2_PLACEMENT_3D('',#159,#160,#161);
#159 = CARTESIAN_POINT('',(-2.775E+03,-290.,0.));
#160 = DIRECTION('',(-9.454663337782E-02,-0.995520433802,0.));
#161 = DIRECTION('',(0.995520433802,-9.454663337782E-02,0.));
#162 = DEFINITIONAL_REPRESENTATION('',(#163),#167);
#163 = LINE('',#164,#165);
#164 = CARTESIAN_POINT('',(0.,880.));
#165 = VECTOR('',#166,1.);
#166 = DIRECTION('',(0.,-1.));
#167 = ( GEOMETRIC_REPRESENTATION_CONTEXT(2) 
PARAMETRIC_REPRESENTATION_CONTEXT() REPRESENTATION_CONTEXT('2D SPACE',''
  ) );
#168 = ORIENTED_EDGE('',*,*,#169,.F.);
#169 = EDGE_CURVE('',#81,#142,#170,.T.);
#170 = SURFACE_CURVE('',#171,(#175,#182),.PCURVE_S1.);
#171 = LINE('',#172,#173);
#172 = CARTESIAN_POINT('',(-2.82E+03,-820.,880.));
#173 = VECTOR('',#174,1.);
#174 = DIRECTION('',(8.460126395233E-02,0.99641488655,0.));
#175 = PCURVE('',#89,#176);
#176 = DEFINITIONAL_REPRESENTATION('',(#177),#181);
#177 = LINE('',#178,#179);
#178 = CARTESIAN_POINT('',(0.,880.));
#179 = VECTOR('',#180,1.);
#180 = DIRECTION('',(1.,0.));
#181 = ( GEOMETRIC_REPRESENTATION_CONTEXT(2) 
PARAMETRIC_REPRESENTATION_CONTEXT() REPRESENTATION_CONTEXT('2D SPACE',''
  ) );
#182 = PCURVE('',#183,#188);
#183 = PLANE('',#184);
#184 = AXIS2_PLACEMENT_3D('',#185,#186,#187);
#185 = CARTESIAN_POINT('',(-18.19499254525,-270.0824203638,880.));
#186 = DIRECTION('',(-0.,-0.,-1.));
#187 = DIRECTION('',(-1.,0.,0.));
#188 = DEFINITIONAL_REPRESENTATION('',(#189),#193);
#189 = LINE('',#190,#191);
#190 = CARTESIAN_POINT('',(2.801805007455E+03,-549.9175796361));
#191 = VECTOR('',#192,1.);
#192 = DIRECTION('',(-8.460126395233E-02,0.99641488655));
#193 = ( GEOMETRIC_REPRESENTATION_CONTEXT(2) 
PARAMETRIC_REPRESENTATION_CONTEXT() REPRESENTATION_CONTEXT('2D SPACE',''
  ) );
#194 = ADVANCED_FACE('',(#195),#101,.F.);
#195 = FACE_BOUND('',#196,.F.);
#196 = EDGE_LOOP('',(#197,#227,#248,#249));
#197 = ORIENTED_EDGE('',*,*,#198,.F.);
#198 = EDGE_CURVE('',#199,#201,#203,.T.);
#199 = VERTEX_POINT('',#200);
#200 = CARTESIAN_POINT('',(-2.65E+03,-820.,-880.));
#201 = VERTEX_POINT('',#202);
#202 = CARTESIAN_POINT('',(-2.65E+03,-820.,880.));
#203 = SURFACE_CURVE('',#204,(#208,#215),.PCURVE_S1.);
#204 = LINE('',#205,#206);
#205 = CARTESIAN_POINT('',(-2.65E+03,-820.,-880.));
#206 = VECTOR('',#207,1.);
#207 = DIRECTION('',(0.,0.,1.));
#208 = PCURVE('',#101,#209);
#209 = DEFINITIONAL_REPRESENTATION('',(#210),#214);
#210 = LINE('',#211,#212);
#211 = CARTESIAN_POINT('',(0.,-880.));
#212 = VECTOR('',#213,1.);
#213 = DIRECTION('',(0.,1.));
#214 = ( GEOMETRIC_REPRESENTATION_CONTEXT(2) 
PARAMETRIC_REPRESENTATION_CONTEXT() REPRESENTATION_CONTEXT('2D SPACE',''
  ) );
#215 = PCURVE('',#216,#221);
#216 = PLANE('',#217);
#217 = AXIS2_PLACEMENT_3D('',#218,#219,#220);
#218 = CARTESIAN_POINT('',(2.765E+03,-805.,0.));
#219 = DIRECTION('',(-2.770072474631E-03,0.999996163342,0.));
#220 = DIRECTION('',(-0.999996163342,-2.770072474631E-03,0.));
#221 = DEFINITIONAL_REPRESENTATION('',(#222),#226);
#222 = LINE('',#223,#224);
#223 = CARTESIAN_POINT('',(5.415020775583E+03,-880.));
#224 = VECTOR('',#225,1.);
#225 = DIRECTION('',(0.,1.));
#226 = ( GEOMETRIC_REPRESENTATION_CONTEXT(2) 
PARAMETRIC_REPRESENTATION_CONTEXT() REPRESENTATION_CONTEXT('2D SPACE',''
  ) );
#227 = ORIENTED_EDGE('',*,*,#228,.T.);
#228 = EDGE_CURVE('',#199,#79,#229,.T.);
#229 = SURFACE_CURVE('',#230,(#234,#241),.PCURVE_S1.);
#230 = LINE('',#231,#232);
#231 = CARTESIAN_POINT('',(-2.65E+03,-820.,-880.));
#232 = VECTOR('',#233,1.);
#233 = DIRECTION('',(-1.,0.,0.));
#234 = PCURVE('',#101,#235);
#235 = DEFINITIONAL_REPRESENTATION('',(#236),#240);
#236 = LINE('',#237,#238);
#237 = CARTESIAN_POINT('',(0.,-880.));
#238 = VECTOR('',#239,1.);
#239 = DIRECTION('',(1.,0.));
#240 = ( GEOMETRIC_REPRESENTATION_CONTEXT(2) 
PARAMETRIC_REPRESENTATION_CONTEXT() REPRESENTATION_CONTEXT('2D SPACE',''
  ) );
#241 = PCURVE('',#129,#242);
#242 = DEFINITIONAL_REPRESENTATION('',(#243),#247);
#243 = LINE('',#244,#245);
#244 = CARTESIAN_POINT('',(2.631805007455E+03,-549.9175796361));
#245 = VECTOR('',#246,1.);
#246 = DIRECTION('',(1.,0.));
#247 = ( GEOMETRIC_REPRESENTATION_CONTEXT(2) 
PARAMETRIC_REPRESENTATION_CONTEXT() REPRESENTATION_CONTEXT('2D SPACE',''
  ) );
#248 = ORIENTED_EDGE('',*,*,#78,.T.);
#249 = ORIENTED_EDGE('',*,*,#250,.F.);
#250 = EDGE_CURVE('',#201,#81,#251,.T.);
#251 = SURFACE_CURVE('',#252,(#256,#263),.PCURVE_S1.);
#252 = LINE('',#253,#254);
#253 = CARTESIAN_POINT('',(-2.65E+03,-820.,880.));
#254 = VECTOR('',#255,1.);
#255 = DIRECTION('',(-1.,0.,0.));
#256 = PCURVE('',#101,#257);
#257 = DEFINITIONAL_REPRESENTATION('',(#258),#262);
#258 = LINE('',#259,#260);
#259 = CARTESIAN_POINT('',(0.,880.));
#260 = VECTOR('',#261,1.);
#261 = DIRECTION('',(1.,0.));
#262 = ( GEOMETRIC_REPRESENTATION_CONTEXT(2) 
PARAMETRIC_REPRESENTATION_CONTEXT() REPRESENTATION_CONTEXT('2D SPACE',''
  ) );
#263 = PCURVE('',#183,#264);
#264 = DEFINITIONAL_REPRESENTATION('',(#265),#269);
#265 = LINE('',#266,#267);
#266 = CARTESIAN_POINT('',(2.631805007455E+03,-549.9175796361));
#267 = VECTOR('',#268,1.);
#268 = DIRECTION('',(1.,0.));
#269 = ( GEOMETRIC_REPRESENTATION_CONTEXT(2) 
PARAMETRIC_REPRESENTATION_CONTEXT() REPRESENTATION_CONTEXT('2D SPACE',''
  ) );
#270 = ADVANCED_FACE('',(#271),#157,.F.);
#271 = FACE_BOUND('',#272,.F.);
#272 = EDGE_LOOP('',(#273,#296,#324,#345));
#273 = ORIENTED_EDGE('',*,*,#274,.T.);
#274 = EDGE_CURVE('',#114,#275,#277,.T.);
#275 = VERTEX_POINT('',#276);
#276 = CARTESIAN_POINT('',(-1.88E+03,-375.,-880.));
#277 = SURFACE_CURVE('',#278,(#282,#289),.PCURVE_S1.);
#278 = LINE('',#279,#280);
#279 = CARTESIAN_POINT('',(-2.775E+03,-290.,-880.));
#280 = VECTOR('',#281,1.);
#281 = DIRECTION('',(0.995520433802,-9.454663337782E-02,0.));
#282 = PCURVE('',#157,#283);
#283 = DEFINITIONAL_REPRESENTATION('',(#284),#288);
#284 = LINE('',#285,#286);
#285 = CARTESIAN_POINT('',(0.,-880.));
#286 = VECTOR('',#287,1.);
#287 = DIRECTION('',(1.,0.));
#288 = ( GEOMETRIC_REPRESENTATION_CONTEXT(2) 
PARAMETRIC_REPRESENTATION_CONTEXT() REPRESENTATION_CONTEXT('2D SPACE',''
  ) );
#289 = PCURVE('',#129,#290);
#290 = DEFINITIONAL_REPRESENTATION('',(#291),#295);
#291 = LINE('',#292,#293);
#292 = CARTESIAN_POINT('',(2.756805007455E+03,-19.91757963615));
#293 = VECTOR('',#294,1.);
#294 = DIRECTION('',(-0.995520433802,-9.454663337782E-02));
#295 = ( GEOMETRIC_REPRESENTATION_CONTEXT(2) 
PARAMETRIC_REPRESENTATION_CONTEXT() REPRESENTATION_CONTEXT('2D SPACE',''
  ) );
#296 = ORIENTED_EDGE('',*,*,#297,.F.);
#297 = EDGE_CURVE('',#298,#275,#300,.T.);
#298 = VERTEX_POINT('',#299);
#299 = CARTESIAN_POINT('',(-1.88E+03,-375.,880.));
#300 = SURFACE_CURVE('',#301,(#305,#312),.PCURVE_S1.);
#301 = LINE('',#302,#303);
#302 = CARTESIAN_POINT('',(-1.88E+03,-375.,880.));
#303 = VECTOR('',#304,1.);
#304 = DIRECTION('',(0.,0.,-1.));
#305 = PCURVE('',#157,#306);
#306 = DEFINITIONAL_REPRESENTATION('',(#307),#311);
#307 = LINE('',#308,#309);
#308 = CARTESIAN_POINT('',(899.02725208972,880.));
#309 = VECTOR('',#310,1.);
#310 = DIRECTION('',(0.,-1.));
#311 = ( GEOMETRIC_REPRESENTATION_CONTEXT(2) 
PARAMETRIC_REPRESENTATION_CONTEXT() REPRESENTATION_CONTEXT('2D SPACE',''
  ) );
#312 = PCURVE('',#313,#318);
#313 = PLANE('',#314);
#314 = AXIS2_PLACEMENT_3D('',#315,#316,#317);
#315 = CARTESIAN_POINT('',(-1.88E+03,-375.,0.));
#316 = DIRECTION('',(0.691025679392,-0.722830208569,0.));
#317 = DIRECTION('',(0.722830208569,0.691025679392,0.));
#318 = DEFINITIONAL_REPRESENTATION('',(#319),#323);
#319 = LINE('',#320,#321);
#320 = CARTESIAN_POINT('',(0.,880.));
#321 = VECTOR('',#322,1.);
#322 = DIRECTION('',(0.,-1.));
#323 = ( GEOMETRIC_REPRESENTATION_CONTEXT(2) 
PARAMETRIC_REPRESENTATION_CONTEXT() REPRESENTATION_CONTEXT('2D SPACE',''
  ) );
#324 = ORIENTED_EDGE('',*,*,#325,.F.);
#325 = EDGE_CURVE('',#142,#298,#326,.T.);
#326 = SURFACE_CURVE('',#327,(#331,#338),.PCURVE_S1.);
#327 = LINE('',#328,#329);
#328 = CARTESIAN_POINT('',(-2.775E+03,-290.,880.));
#329 = VECTOR('',#330,1.);
#330 = DIRECTION('',(0.995520433802,-9.454663337782E-02,0.));
#331 = PCURVE('',#157,#332);
#332 = DEFINITIONAL_REPRESENTATION('',(#333),#337);
#333 = LINE('',#334,#335);
#334 = CARTESIAN_POINT('',(0.,880.));
#335 = VECTOR('',#336,1.);
#336 = DIRECTION('',(1.,0.));
#337 = ( GEOMETRIC_REPRESENTATION_CONTEXT(2) 
PARAMETRIC_REPRESENTATION_CONTEXT() REPRESENTATION_CONTEXT('2D SPACE',''
  ) );
#338 = PCURVE('',#183,#339);
#339 = DEFINITIONAL_REPRESENTATION('',(#340),#344);
#340 = LINE('',#341,#342);
#341 = CARTESIAN_POINT('',(2.756805007455E+03,-19.91757963615));
#342 = VECTOR('',#343,1.);
#343 = DIRECTION('',(-0.995520433802,-9.454663337782E-02));
#344 = ( GEOMETRIC_REPRESENTATION_CONTEXT(2) 
PARAMETRIC_REPRESENTATION_CONTEXT() REPRESENTATION_CONTEXT('2D SPACE',''
  ) );
#345 = ORIENTED_EDGE('',*,*,#141,.T.);
#346 = ADVANCED_FACE('',(#347),#129,.T.);
#347 = FACE_BOUND('',#348,.T.);
#348 = EDGE_LOOP('',(#349,#350,#351,#374,#402,#430,#458,#486,#507));
#349 = ORIENTED_EDGE('',*,*,#113,.T.);
#350 = ORIENTED_EDGE('',*,*,#274,.T.);
#351 = ORIENTED_EDGE('',*,*,#352,.T.);
#352 = EDGE_CURVE('',#275,#353,#355,.T.);
#353 = VERTEX_POINT('',#354);
#354 = CARTESIAN_POINT('',(-630.,820.,-880.));
#355 = SURFACE_CURVE('',#356,(#360,#367),.PCURVE_S1.);
#356 = LINE('',#357,#358);
#357 = CARTESIAN_POINT('',(-1.88E+03,-375.,-880.));
#358 = VECTOR('',#359,1.);
#359 = DIRECTION('',(0.722830208569,0.691025679392,0.));
#360 = PCURVE('',#129,#361);
#361 = DEFINITIONAL_REPRESENTATION('',(#362),#366);
#362 = LINE('',#363,#364);
#363 = CARTESIAN_POINT('',(1.861805007455E+03,-104.9175796361));
#364 = VECTOR('',#365,1.);
#365 = DIRECTION('',(-0.722830208569,0.691025679392));
#366 = ( GEOMETRIC_REPRESENTATION_CONTEXT(2) 
PARAMETRIC_REPRESENTATION_CONTEXT() REPRESENTATION_CONTEXT('2D SPACE',''
  ) );
#367 = PCURVE('',#313,#368);
#368 = DEFINITIONAL_REPRESENTATION('',(#369),#373);
#369 = LINE('',#370,#371);
#370 = CARTESIAN_POINT('',(0.,-880.));
#371 = VECTOR('',#372,1.);
#372 = DIRECTION('',(1.,0.));
#373 = ( GEOMETRIC_REPRESENTATION_CONTEXT(2) 
PARAMETRIC_REPRESENTATION_CONTEXT() REPRESENTATION_CONTEXT('2D SPACE',''
  ) );
#374 = ORIENTED_EDGE('',*,*,#375,.T.);
#375 = EDGE_CURVE('',#353,#376,#378,.T.);
#376 = VERTEX_POINT('',#377);
#377 = CARTESIAN_POINT('',(440.,700.,-880.));
#378 = SURFACE_CURVE('',#379,(#383,#390),.PCURVE_S1.);
#379 = LINE('',#380,#381);
#380 = CARTESIAN_POINT('',(-630.,820.,-880.));
#381 = VECTOR('',#382,1.);
#382 = DIRECTION('',(0.993769948877,-0.111450835388,0.));
#383 = PCURVE('',#129,#384);
#384 = DEFINITIONAL_REPRESENTATION('',(#385),#389);
#385 = LINE('',#386,#387);
#386 = CARTESIAN_POINT('',(611.80500745474,1.090082420364E+03));
#387 = VECTOR('',#388,1.);
#388 = DIRECTION('',(-0.993769948877,-0.111450835388));
#389 = ( GEOMETRIC_REPRESENTATION_CONTEXT(2) 
PARAMETRIC_REPRESENTATION_CONTEXT() REPRESENTATION_CONTEXT('2D SPACE',''
  ) );
#390 = PCURVE('',#391,#396);
#391 = PLANE('',#392);
#392 = AXIS2_PLACEMENT_3D('',#393,#394,#395);
#393 = CARTESIAN_POINT('',(-630.,820.,0.));
#394 = DIRECTION('',(-0.111450835388,-0.993769948877,0.));
#395 = DIRECTION('',(0.993769948877,-0.111450835388,0.));
#396 = DEFINITIONAL_REPRESENTATION('',(#397),#401);
#397 = LINE('',#398,#399);
#398 = CARTESIAN_POINT('',(0.,-880.));
#399 = VECTOR('',#400,1.);
#400 = DIRECTION('',(1.,0.));
#401 = ( GEOMETRIC_REPRESENTATION_CONTEXT(2) 
PARAMETRIC_REPRESENTATION_CONTEXT() REPRESENTATION_CONTEXT('2D SPACE',''
  ) );
#402 = ORIENTED_EDGE('',*,*,#403,.T.);
#403 = EDGE_CURVE('',#376,#404,#406,.T.);
#404 = VERTEX_POINT('',#405);
#405 = CARTESIAN_POINT('',(2.6E+03,-20.,-880.));
#406 = SURFACE_CURVE('',#407,(#411,#418),.PCURVE_S1.);
#407 = LINE('',#408,#409);
#408 = CARTESIAN_POINT('',(440.,700.,-880.));
#409 = VECTOR('',#410,1.);
#410 = DIRECTION('',(0.948683298051,-0.316227766017,0.));
#411 = PCURVE('',#129,#412);
#412 = DEFINITIONAL_REPRESENTATION('',(#413),#417);
#413 = LINE('',#414,#415);
#414 = CARTESIAN_POINT('',(-458.1949925452,970.08242036384));
#415 = VECTOR('',#416,1.);
#416 = DIRECTION('',(-0.948683298051,-0.316227766017));
#417 = ( GEOMETRIC_REPRESENTATION_CONTEXT(2) 
PARAMETRIC_REPRESENTATION_CONTEXT() REPRESENTATION_CONTEXT('2D SPACE',''
  ) );
#418 = PCURVE('',#419,#424);
#419 = PLANE('',#420);
#420 = AXIS2_PLACEMENT_3D('',#421,#422,#423);
#421 = CARTESIAN_POINT('',(440.,700.,0.));
#422 = DIRECTION('',(-0.316227766017,-0.948683298051,0.));
#423 = DIRECTION('',(0.948683298051,-0.316227766017,0.));
#424 = DEFINITIONAL_REPRESENTATION('',(#425),#429);
#425 = LINE('',#426,#427);
#426 = CARTESIAN_POINT('',(0.,-880.));
#427 = VECTOR('',#428,1.);
#428 = DIRECTION('',(1.,0.));
#429 = ( GEOMETRIC_REPRESENTATION_CONTEXT(2) 
PARAMETRIC_REPRESENTATION_CONTEXT() REPRESENTATION_CONTEXT('2D SPACE',''
  ) );
#430 = ORIENTED_EDGE('',*,*,#431,.T.);
#431 = EDGE_CURVE('',#404,#432,#434,.T.);
#432 = VERTEX_POINT('',#433);
#433 = CARTESIAN_POINT('',(2.82E+03,-455.,-880.));
#434 = SURFACE_CURVE('',#435,(#439,#446),.PCURVE_S1.);
#435 = LINE('',#436,#437);
#436 = CARTESIAN_POINT('',(2.6E+03,-20.,-880.));
#437 = VECTOR('',#438,1.);
#438 = DIRECTION('',(0.451311724297,-0.892366363951,0.));
#439 = PCURVE('',#129,#440);
#440 = DEFINITIONAL_REPRESENTATION('',(#441),#445);
#441 = LINE('',#442,#443);
#442 = CARTESIAN_POINT('',(-2.618194992545E+03,250.08242036384));
#443 = VECTOR('',#444,1.);
#444 = DIRECTION('',(-0.451311724297,-0.892366363951));
#445 = ( GEOMETRIC_REPRESENTATION_CONTEXT(2) 
PARAMETRIC_REPRESENTATION_CONTEXT() REPRESENTATION_CONTEXT('2D SPACE',''
  ) );
#446 = PCURVE('',#447,#452);
#447 = PLANE('',#448);
#448 = AXIS2_PLACEMENT_3D('',#449,#450,#451);
#449 = CARTESIAN_POINT('',(2.6E+03,-20.,0.));
#450 = DIRECTION('',(-0.892366363951,-0.451311724297,0.));
#451 = DIRECTION('',(0.451311724297,-0.892366363951,0.));
#452 = DEFINITIONAL_REPRESENTATION('',(#453),#457);
#453 = LINE('',#454,#455);
#454 = CARTESIAN_POINT('',(0.,-880.));
#455 = VECTOR('',#456,1.);
#456 = DIRECTION('',(1.,0.));
#457 = ( GEOMETRIC_REPRESENTATION_CONTEXT(2) 
PARAMETRIC_REPRESENTATION_CONTEXT() REPRESENTATION_CONTEXT('2D SPACE',''
  ) );
#458 = ORIENTED_EDGE('',*,*,#459,.T.);
#459 = EDGE_CURVE('',#432,#460,#462,.T.);
#460 = VERTEX_POINT('',#461);
#461 = CARTESIAN_POINT('',(2.765E+03,-805.,-880.));
#462 = SURFACE_CURVE('',#463,(#467,#474),.PCURVE_S1.);
#463 = LINE('',#464,#465);
#464 = CARTESIAN_POINT('',(2.82E+03,-455.,-880.));
#465 = VECTOR('',#466,1.);
#466 = DIRECTION('',(-0.155237833992,-0.987877125404,0.));
#467 = PCURVE('',#129,#468);
#468 = DEFINITIONAL_REPRESENTATION('',(#469),#473);
#469 = LINE('',#470,#471);
#470 = CARTESIAN_POINT('',(-2.838194992545E+03,-184.9175796361));
#471 = VECTOR('',#472,1.);
#472 = DIRECTION('',(0.155237833992,-0.987877125404));
#473 = ( GEOMETRIC_REPRESENTATION_CONTEXT(2) 
PARAMETRIC_REPRESENTATION_CONTEXT() REPRESENTATION_CONTEXT('2D SPACE',''
  ) );
#474 = PCURVE('',#475,#480);
#475 = PLANE('',#476);
#476 = AXIS2_PLACEMENT_3D('',#477,#478,#479);
#477 = CARTESIAN_POINT('',(2.82E+03,-455.,0.));
#478 = DIRECTION('',(-0.987877125404,0.155237833992,0.));
#479 = DIRECTION('',(-0.155237833992,-0.987877125404,0.));
#480 = DEFINITIONAL_REPRESENTATION('',(#481),#485);
#481 = LINE('',#482,#483);
#482 = CARTESIAN_POINT('',(-0.,-880.));
#483 = VECTOR('',#484,1.);
#484 = DIRECTION('',(1.,0.));
#485 = ( GEOMETRIC_REPRESENTATION_CONTEXT(2) 
PARAMETRIC_REPRESENTATION_CONTEXT() REPRESENTATION_CONTEXT('2D SPACE',''
  ) );
#486 = ORIENTED_EDGE('',*,*,#487,.T.);
#487 = EDGE_CURVE('',#460,#199,#488,.T.);
#488 = SURFACE_CURVE('',#489,(#493,#500),.PCURVE_S1.);
#489 = LINE('',#490,#491);
#490 = CARTESIAN_POINT('',(2.765E+03,-805.,-880.));
#491 = VECTOR('',#492,1.);
#492 = DIRECTION('',(-0.999996163342,-2.770072474631E-03,0.));
#493 = PCURVE('',#129,#494);
#494 = DEFINITIONAL_REPRESENTATION('',(#495),#499);
#495 = LINE('',#496,#497);
#496 = CARTESIAN_POINT('',(-2.783194992545E+03,-534.9175796361));
#497 = VECTOR('',#498,1.);
#498 = DIRECTION('',(0.999996163342,-2.770072474631E-03));
#499 = ( GEOMETRIC_REPRESENTATION_CONTEXT(2) 
PARAMETRIC_REPRESENTATION_CONTEXT() REPRESENTATION_CONTEXT('2D SPACE',''
  ) );
#500 = PCURVE('',#216,#501);
#501 = DEFINITIONAL_REPRESENTATION('',(#502),#506);
#502 = LINE('',#503,#504);
#503 = CARTESIAN_POINT('',(-0.,-880.));
#504 = VECTOR('',#505,1.);
#505 = DIRECTION('',(1.,0.));
#506 = ( GEOMETRIC_REPRESENTATION_CONTEXT(2) 
PARAMETRIC_REPRESENTATION_CONTEXT() REPRESENTATION_CONTEXT('2D SPACE',''
  ) );
#507 = ORIENTED_EDGE('',*,*,#228,.T.);
#508 = ADVANCED_FACE('',(#509),#216,.F.);
#509 = FACE_BOUND('',#510,.F.);
#510 = EDGE_LOOP('',(#511,#534,#535,#536));
#511 = ORIENTED_EDGE('',*,*,#512,.F.);
#512 = EDGE_CURVE('',#460,#513,#515,.T.);
#513 = VERTEX_POINT('',#514);
#514 = CARTESIAN_POINT('',(2.765E+03,-805.,880.));
#515 = SURFACE_CURVE('',#516,(#520,#527),.PCURVE_S1.);
#516 = LINE('',#517,#518);
#517 = CARTESIAN_POINT('',(2.765E+03,-805.,-880.));
#518 = VECTOR('',#519,1.);
#519 = DIRECTION('',(0.,0.,1.));
#520 = PCURVE('',#216,#521);
#521 = DEFINITIONAL_REPRESENTATION('',(#522),#526);
#522 = LINE('',#523,#524);
#523 = CARTESIAN_POINT('',(-0.,-880.));
#524 = VECTOR('',#525,1.);
#525 = DIRECTION('',(0.,1.));
#526 = ( GEOMETRIC_REPRESENTATION_CONTEXT(2) 
PARAMETRIC_REPRESENTATION_CONTEXT() REPRESENTATION_CONTEXT('2D SPACE',''
  ) );
#527 = PCURVE('',#475,#528);
#528 = DEFINITIONAL_REPRESENTATION('',(#529),#533);
#529 = LINE('',#530,#531);
#530 = CARTESIAN_POINT('',(354.29507476113,-880.));
#531 = VECTOR('',#532,1.);
#532 = DIRECTION('',(0.,1.));
#533 = ( GEOMETRIC_REPRESENTATION_CONTEXT(2) 
PARAMETRIC_REPRESENTATION_CONTEXT() REPRESENTATION_CONTEXT('2D SPACE',''
  ) );
#534 = ORIENTED_EDGE('',*,*,#487,.T.);
#535 = ORIENTED_EDGE('',*,*,#198,.T.);
#536 = ORIENTED_EDGE('',*,*,#537,.F.);
#537 = EDGE_CURVE('',#513,#201,#538,.T.);
#538 = SURFACE_CURVE('',#539,(#543,#550),.PCURVE_S1.);
#539 = LINE('',#540,#541);
#540 = CARTESIAN_POINT('',(2.765E+03,-805.,880.));
#541 = VECTOR('',#542,1.);
#542 = DIRECTION('',(-0.999996163342,-2.770072474631E-03,0.));
#543 = PCURVE('',#216,#544);
#544 = DEFINITIONAL_REPRESENTATION('',(#545),#549);
#545 = LINE('',#546,#547);
#546 = CARTESIAN_POINT('',(0.,880.));
#547 = VECTOR('',#548,1.);
#548 = DIRECTION('',(1.,0.));
#549 = ( GEOMETRIC_REPRESENTATION_CONTEXT(2) 
PARAMETRIC_REPRESENTATION_CONTEXT() REPRESENTATION_CONTEXT('2D SPACE',''
  ) );
#550 = PCURVE('',#183,#551);
#551 = DEFINITIONAL_REPRESENTATION('',(#552),#556);
#552 = LINE('',#553,#554);
#553 = CARTESIAN_POINT('',(-2.783194992545E+03,-534.9175796361));
#554 = VECTOR('',#555,1.);
#555 = DIRECTION('',(0.999996163342,-2.770072474631E-03));
#556 = ( GEOMETRIC_REPRESENTATION_CONTEXT(2) 
PARAMETRIC_REPRESENTATION_CONTEXT() REPRESENTATION_CONTEXT('2D SPACE',''
  ) );
#557 = ADVANCED_FACE('',(#558),#313,.F.);
#558 = FACE_BOUND('',#559,.F.);
#559 = EDGE_LOOP('',(#560,#561,#584,#605));
#560 = ORIENTED_EDGE('',*,*,#352,.T.);
#561 = ORIENTED_EDGE('',*,*,#562,.F.);
#562 = EDGE_CURVE('',#563,#353,#565,.T.);
#563 = VERTEX_POINT('',#564);
#564 = CARTESIAN_POINT('',(-630.,820.,880.));
#565 = SURFACE_CURVE('',#566,(#570,#577),.PCURVE_S1.);
#566 = LINE('',#567,#568);
#567 = CARTESIAN_POINT('',(-630.,820.,880.));
#568 = VECTOR('',#569,1.);
#569 = DIRECTION('',(0.,0.,-1.));
#570 = PCURVE('',#313,#571);
#571 = DEFINITIONAL_REPRESENTATION('',(#572),#576);
#572 = LINE('',#573,#574);
#573 = CARTESIAN_POINT('',(1.729313447585E+03,880.));
#574 = VECTOR('',#575,1.);
#575 = DIRECTION('',(0.,-1.));
#576 = ( GEOMETRIC_REPRESENTATION_CONTEXT(2) 
PARAMETRIC_REPRESENTATION_CONTEXT() REPRESENTATION_CONTEXT('2D SPACE',''
  ) );
#577 = PCURVE('',#391,#578);
#578 = DEFINITIONAL_REPRESENTATION('',(#579),#583);
#579 = LINE('',#580,#581);
#580 = CARTESIAN_POINT('',(0.,880.));
#581 = VECTOR('',#582,1.);
#582 = DIRECTION('',(0.,-1.));
#583 = ( GEOMETRIC_REPRESENTATION_CONTEXT(2) 
PARAMETRIC_REPRESENTATION_CONTEXT() REPRESENTATION_CONTEXT('2D SPACE',''
  ) );
#584 = ORIENTED_EDGE('',*,*,#585,.F.);
#585 = EDGE_CURVE('',#298,#563,#586,.T.);
#586 = SURFACE_CURVE('',#587,(#591,#598),.PCURVE_S1.);
#587 = LINE('',#588,#589);
#588 = CARTESIAN_POINT('',(-1.88E+03,-375.,880.));
#589 = VECTOR('',#590,1.);
#590 = DIRECTION('',(0.722830208569,0.691025679392,0.));
#591 = PCURVE('',#313,#592);
#592 = DEFINITIONAL_REPRESENTATION('',(#593),#597);
#593 = LINE('',#594,#595);
#594 = CARTESIAN_POINT('',(0.,880.));
#595 = VECTOR('',#596,1.);
#596 = DIRECTION('',(1.,0.));
#597 = ( GEOMETRIC_REPRESENTATION_CONTEXT(2) 
PARAMETRIC_REPRESENTATION_CONTEXT() REPRESENTATION_CONTEXT('2D SPACE',''
  ) );
#598 = PCURVE('',#183,#599);
#599 = DEFINITIONAL_REPRESENTATION('',(#600),#604);
#600 = LINE('',#601,#602);
#601 = CARTESIAN_POINT('',(1.861805007455E+03,-104.9175796361));
#602 = VECTOR('',#603,1.);
#603 = DIRECTION('',(-0.722830208569,0.691025679392));
#604 = ( GEOMETRIC_REPRESENTATION_CONTEXT(2) 
PARAMETRIC_REPRESENTATION_CONTEXT() REPRESENTATION_CONTEXT('2D SPACE',''
  ) );
#605 = ORIENTED_EDGE('',*,*,#297,.T.);
#606 = ADVANCED_FACE('',(#607),#183,.F.);
#607 = FACE_BOUND('',#608,.F.);
#608 = EDGE_LOOP('',(#609,#610,#611,#612,#635,#658,#681,#702,#703));
#609 = ORIENTED_EDGE('',*,*,#169,.T.);
#610 = ORIENTED_EDGE('',*,*,#325,.T.);
#611 = ORIENTED_EDGE('',*,*,#585,.T.);
#612 = ORIENTED_EDGE('',*,*,#613,.T.);
#613 = EDGE_CURVE('',#563,#614,#616,.T.);
#614 = VERTEX_POINT('',#615);
#615 = CARTESIAN_POINT('',(440.,700.,880.));
#616 = SURFACE_CURVE('',#617,(#621,#628),.PCURVE_S1.);
#617 = LINE('',#618,#619);
#618 = CARTESIAN_POINT('',(-630.,820.,880.));
#619 = VECTOR('',#620,1.);
#620 = DIRECTION('',(0.993769948877,-0.111450835388,0.));
#621 = PCURVE('',#183,#622);
#622 = DEFINITIONAL_REPRESENTATION('',(#623),#627);
#623 = LINE('',#624,#625);
#624 = CARTESIAN_POINT('',(611.80500745474,1.090082420364E+03));
#625 = VECTOR('',#626,1.);
#626 = DIRECTION('',(-0.993769948877,-0.111450835388));
#627 = ( GEOMETRIC_REPRESENTATION_CONTEXT(2) 
PARAMETRIC_REPRESENTATION_CONTEXT() REPRESENTATION_CONTEXT('2D SPACE',''
  ) );
#628 = PCURVE('',#391,#629);
#629 = DEFINITIONAL_REPRESENTATION('',(#630),#634);
#630 = LINE('',#631,#632);
#631 = CARTESIAN_POINT('',(0.,880.));
#632 = VECTOR('',#633,1.);
#633 = DIRECTION('',(1.,0.));
#634 = ( GEOMETRIC_REPRESENTATION_CONTEXT(2) 
PARAMETRIC_REPRESENTATION_CONTEXT() REPRESENTATION_CONTEXT('2D SPACE',''
  ) );
#635 = ORIENTED_EDGE('',*,*,#636,.T.);
#636 = EDGE_CURVE('',#614,#637,#639,.T.);
#637 = VERTEX_POINT('',#638);
#638 = CARTESIAN_POINT('',(2.6E+03,-20.,880.));
#639 = SURFACE_CURVE('',#640,(#644,#651),.PCURVE_S1.);
#640 = LINE('',#641,#642);
#641 = CARTESIAN_POINT('',(440.,700.,880.));
#642 = VECTOR('',#643,1.);
#643 = DIRECTION('',(0.948683298051,-0.316227766017,0.));
#644 = PCURVE('',#183,#645);
#645 = DEFINITIONAL_REPRESENTATION('',(#646),#650);
#646 = LINE('',#647,#648);
#647 = CARTESIAN_POINT('',(-458.1949925452,970.08242036384));
#648 = VECTOR('',#649,1.);
#649 = DIRECTION('',(-0.948683298051,-0.316227766017));
#650 = ( GEOMETRIC_REPRESENTATION_CONTEXT(2) 
PARAMETRIC_REPRESENTATION_CONTEXT() REPRESENTATION_CONTEXT('2D SPACE',''
  ) );
#651 = PCURVE('',#419,#652);
#652 = DEFINITIONAL_REPRESENTATION('',(#653),#657);
#653 = LINE('',#654,#655);
#654 = CARTESIAN_POINT('',(0.,880.));
#655 = VECTOR('',#656,1.);
#656 = DIRECTION('',(1.,0.));
#657 = ( GEOMETRIC_REPRESENTATION_CONTEXT(2) 
PARAMETRIC_REPRESENTATION_CONTEXT() REPRESENTATION_CONTEXT('2D SPACE',''
  ) );
#658 = ORIENTED_EDGE('',*,*,#659,.T.);
#659 = EDGE_CURVE('',#637,#660,#662,.T.);
#660 = VERTEX_POINT('',#661);
#661 = CARTESIAN_POINT('',(2.82E+03,-455.,880.));
#662 = SURFACE_CURVE('',#663,(#667,#674),.PCURVE_S1.);
#663 = LINE('',#664,#665);
#664 = CARTESIAN_POINT('',(2.6E+03,-20.,880.));
#665 = VECTOR('',#666,1.);
#666 = DIRECTION('',(0.451311724297,-0.892366363951,0.));
#667 = PCURVE('',#183,#668);
#668 = DEFINITIONAL_REPRESENTATION('',(#669),#673);
#669 = LINE('',#670,#671);
#670 = CARTESIAN_POINT('',(-2.618194992545E+03,250.08242036384));
#671 = VECTOR('',#672,1.);
#672 = DIRECTION('',(-0.451311724297,-0.892366363951));
#673 = ( GEOMETRIC_REPRESENTATION_CONTEXT(2) 
PARAMETRIC_REPRESENTATION_CONTEXT() REPRESENTATION_CONTEXT('2D SPACE',''
  ) );
#674 = PCURVE('',#447,#675);
#675 = DEFINITIONAL_REPRESENTATION('',(#676),#680);
#676 = LINE('',#677,#678);
#677 = CARTESIAN_POINT('',(0.,880.));
#678 = VECTOR('',#679,1.);
#679 = DIRECTION('',(1.,0.));
#680 = ( GEOMETRIC_REPRESENTATION_CONTEXT(2) 
PARAMETRIC_REPRESENTATION_CONTEXT() REPRESENTATION_CONTEXT('2D SPACE',''
  ) );
#681 = ORIENTED_EDGE('',*,*,#682,.T.);
#682 = EDGE_CURVE('',#660,#513,#683,.T.);
#683 = SURFACE_CURVE('',#684,(#688,#695),.PCURVE_S1.);
#684 = LINE('',#685,#686);
#685 = CARTESIAN_POINT('',(2.82E+03,-455.,880.));
#686 = VECTOR('',#687,1.);
#687 = DIRECTION('',(-0.155237833992,-0.987877125404,0.));
#688 = PCURVE('',#183,#689);
#689 = DEFINITIONAL_REPRESENTATION('',(#690),#694);
#690 = LINE('',#691,#692);
#691 = CARTESIAN_POINT('',(-2.838194992545E+03,-184.9175796361));
#692 = VECTOR('',#693,1.);
#693 = DIRECTION('',(0.155237833992,-0.987877125404));
#694 = ( GEOMETRIC_REPRESENTATION_CONTEXT(2) 
PARAMETRIC_REPRESENTATION_CONTEXT() REPRESENTATION_CONTEXT('2D SPACE',''
  ) );
#695 = PCURVE('',#475,#696);
#696 = DEFINITIONAL_REPRESENTATION('',(#697),#701);
#697 = LINE('',#698,#699);
#698 = CARTESIAN_POINT('',(0.,880.));
#699 = VECTOR('',#700,1.);
#700 = DIRECTION('',(1.,0.));
#701 = ( GEOMETRIC_REPRESENTATION_CONTEXT(2) 
PARAMETRIC_REPRESENTATION_CONTEXT() REPRESENTATION_CONTEXT('2D SPACE',''
  ) );
#702 = ORIENTED_EDGE('',*,*,#537,.T.);
#703 = ORIENTED_EDGE('',*,*,#250,.T.);
#704 = ADVANCED_FACE('',(#705),#391,.F.);
#705 = FACE_BOUND('',#706,.F.);
#706 = EDGE_LOOP('',(#707,#708,#729,#730));
#707 = ORIENTED_EDGE('',*,*,#375,.T.);
#708 = ORIENTED_EDGE('',*,*,#709,.F.);
#709 = EDGE_CURVE('',#614,#376,#710,.T.);
#710 = SURFACE_CURVE('',#711,(#715,#722),.PCURVE_S1.);
#711 = LINE('',#712,#713);
#712 = CARTESIAN_POINT('',(440.,700.,880.));
#713 = VECTOR('',#714,1.);
#714 = DIRECTION('',(0.,0.,-1.));
#715 = PCURVE('',#391,#716);
#716 = DEFINITIONAL_REPRESENTATION('',(#717),#721);
#717 = LINE('',#718,#719);
#718 = CARTESIAN_POINT('',(1.076707945545E+03,880.));
#719 = VECTOR('',#720,1.);
#720 = DIRECTION('',(0.,-1.));
#721 = ( GEOMETRIC_REPRESENTATION_CONTEXT(2) 
PARAMETRIC_REPRESENTATION_CONTEXT() REPRESENTATION_CONTEXT('2D SPACE',''
  ) );
#722 = PCURVE('',#419,#723);
#723 = DEFINITIONAL_REPRESENTATION('',(#724),#728);
#724 = LINE('',#725,#726);
#725 = CARTESIAN_POINT('',(0.,880.));
#726 = VECTOR('',#727,1.);
#727 = DIRECTION('',(0.,-1.));
#728 = ( GEOMETRIC_REPRESENTATION_CONTEXT(2) 
PARAMETRIC_REPRESENTATION_CONTEXT() REPRESENTATION_CONTEXT('2D SPACE',''
  ) );
#729 = ORIENTED_EDGE('',*,*,#613,.F.);
#730 = ORIENTED_EDGE('',*,*,#562,.T.);
#731 = ADVANCED_FACE('',(#732),#419,.F.);
#732 = FACE_BOUND('',#733,.F.);
#733 = EDGE_LOOP('',(#734,#735,#756,#757));
#734 = ORIENTED_EDGE('',*,*,#403,.T.);
#735 = ORIENTED_EDGE('',*,*,#736,.F.);
#736 = EDGE_CURVE('',#637,#404,#737,.T.);
#737 = SURFACE_CURVE('',#738,(#742,#749),.PCURVE_S1.);
#738 = LINE('',#739,#740);
#739 = CARTESIAN_POINT('',(2.6E+03,-20.,880.));
#740 = VECTOR('',#741,1.);
#741 = DIRECTION('',(0.,0.,-1.));
#742 = PCURVE('',#419,#743);
#743 = DEFINITIONAL_REPRESENTATION('',(#744),#748);
#744 = LINE('',#745,#746);
#745 = CARTESIAN_POINT('',(2.276839915321E+03,880.));
#746 = VECTOR('',#747,1.);
#747 = DIRECTION('',(0.,-1.));
#748 = ( GEOMETRIC_REPRESENTATION_CONTEXT(2) 
PARAMETRIC_REPRESENTATION_CONTEXT() REPRESENTATION_CONTEXT('2D SPACE',''
  ) );
#749 = PCURVE('',#447,#750);
#750 = DEFINITIONAL_REPRESENTATION('',(#751),#755);
#751 = LINE('',#752,#753);
#752 = CARTESIAN_POINT('',(0.,880.));
#753 = VECTOR('',#754,1.);
#754 = DIRECTION('',(0.,-1.));
#755 = ( GEOMETRIC_REPRESENTATION_CONTEXT(2) 
PARAMETRIC_REPRESENTATION_CONTEXT() REPRESENTATION_CONTEXT('2D SPACE',''
  ) );
#756 = ORIENTED_EDGE('',*,*,#636,.F.);
#757 = ORIENTED_EDGE('',*,*,#709,.T.);
#758 = ADVANCED_FACE('',(#759),#447,.F.);
#759 = FACE_BOUND('',#760,.F.);
#760 = EDGE_LOOP('',(#761,#762,#783,#784));
#761 = ORIENTED_EDGE('',*,*,#431,.T.);
#762 = ORIENTED_EDGE('',*,*,#763,.F.);
#763 = EDGE_CURVE('',#660,#432,#764,.T.);
#764 = SURFACE_CURVE('',#765,(#769,#776),.PCURVE_S1.);
#765 = LINE('',#766,#767);
#766 = CARTESIAN_POINT('',(2.82E+03,-455.,880.));
#767 = VECTOR('',#768,1.);
#768 = DIRECTION('',(0.,0.,-1.));
#769 = PCURVE('',#447,#770);
#770 = DEFINITIONAL_REPRESENTATION('',(#771),#775);
#771 = LINE('',#772,#773);
#772 = CARTESIAN_POINT('',(487.46794766425,880.));
#773 = VECTOR('',#774,1.);
#774 = DIRECTION('',(0.,-1.));
#775 = ( GEOMETRIC_REPRESENTATION_CONTEXT(2) 
PARAMETRIC_REPRESENTATION_CONTEXT() REPRESENTATION_CONTEXT('2D SPACE',''
  ) );
#776 = PCURVE('',#475,#777);
#777 = DEFINITIONAL_REPRESENTATION('',(#778),#782);
#778 = LINE('',#779,#780);
#779 = CARTESIAN_POINT('',(0.,880.));
#780 = VECTOR('',#781,1.);
#781 = DIRECTION('',(-0.,-1.));
#782 = ( GEOMETRIC_REPRESENTATION_CONTEXT(2) 
PARAMETRIC_REPRESENTATION_CONTEXT() REPRESENTATION_CONTEXT('2D SPACE',''
  ) );
#783 = ORIENTED_EDGE('',*,*,#659,.F.);
#784 = ORIENTED_EDGE('',*,*,#736,.T.);
#785 = ADVANCED_FACE('',(#786),#475,.F.);
#786 = FACE_BOUND('',#787,.F.);
#787 = EDGE_LOOP('',(#788,#789,#790,#791));
#788 = ORIENTED_EDGE('',*,*,#459,.T.);
#789 = ORIENTED_EDGE('',*,*,#512,.T.);
#790 = ORIENTED_EDGE('',*,*,#682,.F.);
#791 = ORIENTED_EDGE('',*,*,#763,.T.);
#792 = ( GEOMETRIC_REPRESENTATION_CONTEXT(3) 
GLOBAL_UNCERTAINTY_ASSIGNED_CONTEXT((#796)) GLOBAL_UNIT_ASSIGNED_CONTEXT
((#793,#794,#795)) REPRESENTATION_CONTEXT('Context #1',
  '3D Context with UNIT and UNCERTAINTY') );
#793 = ( LENGTH_UNIT() NAMED_UNIT(*) SI_UNIT(.MILLI.,.METRE.) );
#794 = ( NAMED_UNIT(*) PLANE_ANGLE_UNIT() SI_UNIT($,.RADIAN.) );
#795 = ( NAMED_UNIT(*) SI_UNIT($,.STERADIAN.) SOLID_ANGLE_UNIT() );
#796 = UNCERTAINTY_MEASURE_WITH_UNIT(LENGTH_MEASURE(1.E-07),#793,
  'distance_accuracy_value','confusion accuracy');
#797 = CONTEXT_DEPENDENT_SHAPE_REPRESENTATION(#798,#800);
#798 = ( REPRESENTATION_RELATIONSHIP('','',#71,#48) 
REPRESENTATION_RELATIONSHIP_WITH_TRANSFORMATION(#799) 
SHAPE_REPRESENTATION_RELATIONSHIP() );
#799 = ITEM_DEFINED_TRANSFORMATION('','',#11,#49);
#800 = PRODUCT_DEFINITION_SHAPE('Placement','Placement of an item',#801
  );
#801 = NEXT_ASSEMBLY_USAGE_OCCURRENCE('1','=>[0:1:1:3]','',#43,#66,$);
#802 = PRODUCT_RELATED_PRODUCT_CATEGORY('part',$,(#68));
#803 = SHAPE_DEFINITION_REPRESENTATION(#804,#810);
#804 = PRODUCT_DEFINITION_SHAPE('','',#805);
#805 = PRODUCT_DEFINITION('design','',#806,#809);
#806 = PRODUCT_DEFINITION_FORMATION('','',#807);
#807 = PRODUCT('continuous_black_lower_cladding_band',
  'continuous_black_lower_cladding_band','',(#808));
#808 = PRODUCT_CONTEXT('',#2,'mechanical');
#809 = PRODUCT_DEFINITION_CONTEXT('part definition',#2,'design');
#810 = SHAPE_REPRESENTATION('',(#11,#811),#815);
#811 = AXIS2_PLACEMENT_3D('',#812,#813,#814);
#812 = CARTESIAN_POINT('',(-2.81E+03,-985.,-95.));
#813 = DIRECTION('',(0.,0.,1.));
#814 = DIRECTION('',(1.,0.,0.));
#815 = ( GEOMETRIC_REPRESENTATION_CONTEXT(3) 
GLOBAL_UNCERTAINTY_ASSIGNED_CONTEXT((#819)) GLOBAL_UNIT_ASSIGNED_CONTEXT
((#816,#817,#818)) REPRESENTATION_CONTEXT('Context #1',
  '3D Context with UNIT and UNCERTAINTY') );
#816 = ( LENGTH_UNIT() NAMED_UNIT(*) SI_UNIT(.MILLI.,.METRE.) );
#817 = ( NAMED_UNIT(*) PLANE_ANGLE_UNIT() SI_UNIT($,.RADIAN.) );
#818 = ( NAMED_UNIT(*) SI_UNIT($,.STERADIAN.) SOLID_ANGLE_UNIT() );
#819 = UNCERTAINTY_MEASURE_WITH_UNIT(LENGTH_MEASURE(1.E-07),#816,
  'distance_accuracy_value','confusion accuracy');
#820 = CONTEXT_DEPENDENT_SHAPE_REPRESENTATION(#821,#823);
#821 = ( REPRESENTATION_RELATIONSHIP('','',#810,#10) 
REPRESENTATION_RELATIONSHIP_WITH_TRANSFORMATION(#822) 
SHAPE_REPRESENTATION_RELATIONSHIP() );
#822 = ITEM_DEFINED_TRANSFORMATION('','',#11,#19);
#823 = PRODUCT_DEFINITION_SHAPE('Placement','Placement of an item',#824
  );
#824 = NEXT_ASSEMBLY_USAGE_OCCURRENCE('4','=>[0:1:1:4]','',#5,#805,$);
#825 = PRODUCT_RELATED_PRODUCT_CATEGORY('part',$,(#807));
#826 = SHAPE_DEFINITION_REPRESENTATION(#827,#833);
#827 = PRODUCT_DEFINITION_SHAPE('','',#828);
#828 = PRODUCT_DEFINITION('design','',#829,#832);
#829 = PRODUCT_DEFINITION_FORMATION('','',#830);
#830 = PRODUCT('SOLID','SOLID','',(#831));
#831 = PRODUCT_CONTEXT('',#2,'mechanical');
#832 = PRODUCT_DEFINITION_CONTEXT('part definition',#2,'design');
#833 = ADVANCED_BREP_SHAPE_REPRESENTATION('',(#11,#834),#1164);
#834 = MANIFOLD_SOLID_BREP('',#835);
#835 = CLOSED_SHELL('',(#836,#956,#1056,#1103,#1150,#1157));
#836 = ADVANCED_FACE('',(#837),#851,.F.);
#837 = FACE_BOUND('',#838,.F.);
#838 = EDGE_LOOP('',(#839,#874,#902,#930));
#839 = ORIENTED_EDGE('',*,*,#840,.F.);
#840 = EDGE_CURVE('',#841,#843,#845,.T.);
#841 = VERTEX_POINT('',#842);
#842 = CARTESIAN_POINT('',(0.,0.,0.));
#843 = VERTEX_POINT('',#844);
#844 = CARTESIAN_POINT('',(0.,0.,190.));
#845 = SURFACE_CURVE('',#846,(#850,#862),.PCURVE_S1.);
#846 = LINE('',#847,#848);
#847 = CARTESIAN_POINT('',(0.,0.,0.));
#848 = VECTOR('',#849,1.);
#849 = DIRECTION('',(0.,0.,1.));
#850 = PCURVE('',#851,#856);
#851 = PLANE('',#852);
#852 = AXIS2_PLACEMENT_3D('',#853,#854,#855);
#853 = CARTESIAN_POINT('',(0.,0.,0.));
#854 = DIRECTION('',(1.,0.,-0.));
#855 = DIRECTION('',(0.,0.,1.));
#856 = DEFINITIONAL_REPRESENTATION('',(#857),#861);
#857 = LINE('',#858,#859);
#858 = CARTESIAN_POINT('',(0.,0.));
#859 = VECTOR('',#860,1.);
#860 = DIRECTION('',(1.,0.));
#861 = ( GEOMETRIC_REPRESENTATION_CONTEXT(2) 
PARAMETRIC_REPRESENTATION_CONTEXT() REPRESENTATION_CONTEXT('2D SPACE',''
  ) );
#862 = PCURVE('',#863,#868);
#863 = PLANE('',#864);
#864 = AXIS2_PLACEMENT_3D('',#865,#866,#867);
#865 = CARTESIAN_POINT('',(0.,0.,0.));
#866 = DIRECTION('',(-0.,1.,0.));
#867 = DIRECTION('',(0.,0.,1.));
#868 = DEFINITIONAL_REPRESENTATION('',(#869),#873);
#869 = LINE('',#870,#871);
#870 = CARTESIAN_POINT('',(0.,0.));
#871 = VECTOR('',#872,1.);
#872 = DIRECTION('',(1.,0.));
#873 = ( GEOMETRIC_REPRESENTATION_CONTEXT(2) 
PARAMETRIC_REPRESENTATION_CONTEXT() REPRESENTATION_CONTEXT('2D SPACE',''
  ) );
#874 = ORIENTED_EDGE('',*,*,#875,.T.);
#875 = EDGE_CURVE('',#841,#876,#878,.T.);
#876 = VERTEX_POINT('',#877);
#877 = CARTESIAN_POINT('',(0.,1.97E+03,0.));
#878 = SURFACE_CURVE('',#879,(#883,#890),.PCURVE_S1.);
#879 = LINE('',#880,#881);
#880 = CARTESIAN_POINT('',(0.,0.,0.));
#881 = VECTOR('',#882,1.);
#882 = DIRECTION('',(-0.,1.,0.));
#883 = PCURVE('',#851,#884);
#884 = DEFINITIONAL_REPRESENTATION('',(#885),#889);
#885 = LINE('',#886,#887);
#886 = CARTESIAN_POINT('',(0.,0.));
#887 = VECTOR('',#888,1.);
#888 = DIRECTION('',(0.,-1.));
#889 = ( GEOMETRIC_REPRESENTATION_CONTEXT(2) 
PARAMETRIC_REPRESENTATION_CONTEXT() REPRESENTATION_CONTEXT('2D SPACE',''
  ) );
#890 = PCURVE('',#891,#896);
#891 = PLANE('',#892);
#892 = AXIS2_PLACEMENT_3D('',#893,#894,#895);
#893 = CARTESIAN_POINT('',(0.,0.,0.));
#894 = DIRECTION('',(0.,0.,1.));
#895 = DIRECTION('',(1.,0.,-0.));
#896 = DEFINITIONAL_REPRESENTATION('',(#897),#901);
#897 = LINE('',#898,#899);
#898 = CARTESIAN_POINT('',(0.,0.));
#899 = VECTOR('',#900,1.);
#900 = DIRECTION('',(0.,1.));
#901 = ( GEOMETRIC_REPRESENTATION_CONTEXT(2) 
PARAMETRIC_REPRESENTATION_CONTEXT() REPRESENTATION_CONTEXT('2D SPACE',''
  ) );
#902 = ORIENTED_EDGE('',*,*,#903,.T.);
#903 = EDGE_CURVE('',#876,#904,#906,.T.);
#904 = VERTEX_POINT('',#905);
#905 = CARTESIAN_POINT('',(0.,1.97E+03,190.));
#906 = SURFACE_CURVE('',#907,(#911,#918),.PCURVE_S1.);
#907 = LINE('',#908,#909);
#908 = CARTESIAN_POINT('',(0.,1.97E+03,0.));
#909 = VECTOR('',#910,1.);
#910 = DIRECTION('',(0.,0.,1.));
#911 = PCURVE('',#851,#912);
#912 = DEFINITIONAL_REPRESENTATION('',(#913),#917);
#913 = LINE('',#914,#915);
#914 = CARTESIAN_POINT('',(0.,-1.97E+03));
#915 = VECTOR('',#916,1.);
#916 = DIRECTION('',(1.,0.));
#917 = ( GEOMETRIC_REPRESENTATION_CONTEXT(2) 
PARAMETRIC_REPRESENTATION_CONTEXT() REPRESENTATION_CONTEXT('2D SPACE',''
  ) );
#918 = PCURVE('',#919,#924);
#919 = PLANE('',#920);
#920 = AXIS2_PLACEMENT_3D('',#921,#922,#923);
#921 = CARTESIAN_POINT('',(0.,1.97E+03,0.));
#922 = DIRECTION('',(-0.,1.,0.));
#923 = DIRECTION('',(0.,0.,1.));
#924 = DEFINITIONAL_REPRESENTATION('',(#925),#929);
#925 = LINE('',#926,#927);
#926 = CARTESIAN_POINT('',(0.,0.));
#927 = VECTOR('',#928,1.);
#928 = DIRECTION('',(1.,0.));
#929 = ( GEOMETRIC_REPRESENTATION_CONTEXT(2) 
PARAMETRIC_REPRESENTATION_CONTEXT() REPRESENTATION_CONTEXT('2D SPACE',''
  ) );
#930 = ORIENTED_EDGE('',*,*,#931,.F.);
#931 = EDGE_CURVE('',#843,#904,#932,.T.);
#932 = SURFACE_CURVE('',#933,(#937,#944),.PCURVE_S1.);
#933 = LINE('',#934,#935);
#934 = CARTESIAN_POINT('',(0.,0.,190.));
#935 = VECTOR('',#936,1.);
#936 = DIRECTION('',(-0.,1.,0.));
#937 = PCURVE('',#851,#938);
#938 = DEFINITIONAL_REPRESENTATION('',(#939),#943);
#939 = LINE('',#940,#941);
#940 = CARTESIAN_POINT('',(190.,0.));
#941 = VECTOR('',#942,1.);
#942 = DIRECTION('',(0.,-1.));
#943 = ( GEOMETRIC_REPRESENTATION_CONTEXT(2) 
PARAMETRIC_REPRESENTATION_CONTEXT() REPRESENTATION_CONTEXT('2D SPACE',''
  ) );
#944 = PCURVE('',#945,#950);
#945 = PLANE('',#946);
#946 = AXIS2_PLACEMENT_3D('',#947,#948,#949);
#947 = CARTESIAN_POINT('',(0.,0.,190.));
#948 = DIRECTION('',(0.,0.,1.));
#949 = DIRECTION('',(1.,0.,-0.));
#950 = DEFINITIONAL_REPRESENTATION('',(#951),#955);
#951 = LINE('',#952,#953);
#952 = CARTESIAN_POINT('',(0.,0.));
#953 = VECTOR('',#954,1.);
#954 = DIRECTION('',(0.,1.));
#955 = ( GEOMETRIC_REPRESENTATION_CONTEXT(2) 
PARAMETRIC_REPRESENTATION_CONTEXT() REPRESENTATION_CONTEXT('2D SPACE',''
  ) );
#956 = ADVANCED_FACE('',(#957),#971,.T.);
#957 = FACE_BOUND('',#958,.T.);
#958 = EDGE_LOOP('',(#959,#989,#1012,#1035));
#959 = ORIENTED_EDGE('',*,*,#960,.F.);
#960 = EDGE_CURVE('',#961,#963,#965,.T.);
#961 = VERTEX_POINT('',#962);
#962 = CARTESIAN_POINT('',(5.62E+03,0.,0.));
#963 = VERTEX_POINT('',#964);
#964 = CARTESIAN_POINT('',(5.62E+03,0.,190.));
#965 = SURFACE_CURVE('',#966,(#970,#982),.PCURVE_S1.);
#966 = LINE('',#967,#968);
#967 = CARTESIAN_POINT('',(5.62E+03,0.,0.));
#968 = VECTOR('',#969,1.);
#969 = DIRECTION('',(0.,0.,1.));
#970 = PCURVE('',#971,#976);
#971 = PLANE('',#972);
#972 = AXIS2_PLACEMENT_3D('',#973,#974,#975);
#973 = CARTESIAN_POINT('',(5.62E+03,0.,0.));
#974 = DIRECTION('',(1.,0.,-0.));
#975 = DIRECTION('',(0.,0.,1.));
#976 = DEFINITIONAL_REPRESENTATION('',(#977),#981);
#977 = LINE('',#978,#979);
#978 = CARTESIAN_POINT('',(0.,0.));
#979 = VECTOR('',#980,1.);
#980 = DIRECTION('',(1.,0.));
#981 = ( GEOMETRIC_REPRESENTATION_CONTEXT(2) 
PARAMETRIC_REPRESENTATION_CONTEXT() REPRESENTATION_CONTEXT('2D SPACE',''
  ) );
#982 = PCURVE('',#863,#983);
#983 = DEFINITIONAL_REPRESENTATION('',(#984),#988);
#984 = LINE('',#985,#986);
#985 = CARTESIAN_POINT('',(0.,5.62E+03));
#986 = VECTOR('',#987,1.);
#987 = DIRECTION('',(1.,0.));
#988 = ( GEOMETRIC_REPRESENTATION_CONTEXT(2) 
PARAMETRIC_REPRESENTATION_CONTEXT() REPRESENTATION_CONTEXT('2D SPACE',''
  ) );
#989 = ORIENTED_EDGE('',*,*,#990,.T.);
#990 = EDGE_CURVE('',#961,#991,#993,.T.);
#991 = VERTEX_POINT('',#992);
#992 = CARTESIAN_POINT('',(5.62E+03,1.97E+03,0.));
#993 = SURFACE_CURVE('',#994,(#998,#1005),.PCURVE_S1.);
#994 = LINE('',#995,#996);
#995 = CARTESIAN_POINT('',(5.62E+03,0.,0.));
#996 = VECTOR('',#997,1.);
#997 = DIRECTION('',(-0.,1.,0.));
#998 = PCURVE('',#971,#999);
#999 = DEFINITIONAL_REPRESENTATION('',(#1000),#1004);
#1000 = LINE('',#1001,#1002);
#1001 = CARTESIAN_POINT('',(0.,0.));
#1002 = VECTOR('',#1003,1.);
#1003 = DIRECTION('',(0.,-1.));
#1004 = ( GEOMETRIC_REPRESENTATION_CONTEXT(2) 
PARAMETRIC_REPRESENTATION_CONTEXT() REPRESENTATION_CONTEXT('2D SPACE',''
  ) );
#1005 = PCURVE('',#891,#1006);
#1006 = DEFINITIONAL_REPRESENTATION('',(#1007),#1011);
#1007 = LINE('',#1008,#1009);
#1008 = CARTESIAN_POINT('',(5.62E+03,0.));
#1009 = VECTOR('',#1010,1.);
#1010 = DIRECTION('',(0.,1.));
#1011 = ( GEOMETRIC_REPRESENTATION_CONTEXT(2) 
PARAMETRIC_REPRESENTATION_CONTEXT() REPRESENTATION_CONTEXT('2D SPACE',''
  ) );
#1012 = ORIENTED_EDGE('',*,*,#1013,.T.);
#1013 = EDGE_CURVE('',#991,#1014,#1016,.T.);
#1014 = VERTEX_POINT('',#1015);
#1015 = CARTESIAN_POINT('',(5.62E+03,1.97E+03,190.));
#1016 = SURFACE_CURVE('',#1017,(#1021,#1028),.PCURVE_S1.);
#1017 = LINE('',#1018,#1019);
#1018 = CARTESIAN_POINT('',(5.62E+03,1.97E+03,0.));
#1019 = VECTOR('',#1020,1.);
#1020 = DIRECTION('',(0.,0.,1.));
#1021 = PCURVE('',#971,#1022);
#1022 = DEFINITIONAL_REPRESENTATION('',(#1023),#1027);
#1023 = LINE('',#1024,#1025);
#1024 = CARTESIAN_POINT('',(0.,-1.97E+03));
#1025 = VECTOR('',#1026,1.);
#1026 = DIRECTION('',(1.,0.));
#1027 = ( GEOMETRIC_REPRESENTATION_CONTEXT(2) 
PARAMETRIC_REPRESENTATION_CONTEXT() REPRESENTATION_CONTEXT('2D SPACE',''
  ) );
#1028 = PCURVE('',#919,#1029);
#1029 = DEFINITIONAL_REPRESENTATION('',(#1030),#1034);
#1030 = LINE('',#1031,#1032);
#1031 = CARTESIAN_POINT('',(0.,5.62E+03));
#1032 = VECTOR('',#1033,1.);
#1033 = DIRECTION('',(1.,0.));
#1034 = ( GEOMETRIC_REPRESENTATION_CONTEXT(2) 
PARAMETRIC_REPRESENTATION_CONTEXT() REPRESENTATION_CONTEXT('2D SPACE',''
  ) );
#1035 = ORIENTED_EDGE('',*,*,#1036,.F.);
#1036 = EDGE_CURVE('',#963,#1014,#1037,.T.);
#1037 = SURFACE_CURVE('',#1038,(#1042,#1049),.PCURVE_S1.);
#1038 = LINE('',#1039,#1040);
#1039 = CARTESIAN_POINT('',(5.62E+03,0.,190.));
#1040 = VECTOR('',#1041,1.);
#1041 = DIRECTION('',(-0.,1.,0.));
#1042 = PCURVE('',#971,#1043);
#1043 = DEFINITIONAL_REPRESENTATION('',(#1044),#1048);
#1044 = LINE('',#1045,#1046);
#1045 = CARTESIAN_POINT('',(190.,0.));
#1046 = VECTOR('',#1047,1.);
#1047 = DIRECTION('',(0.,-1.));
#1048 = ( GEOMETRIC_REPRESENTATION_CONTEXT(2) 
PARAMETRIC_REPRESENTATION_CONTEXT() REPRESENTATION_CONTEXT('2D SPACE',''
  ) );
#1049 = PCURVE('',#945,#1050);
#1050 = DEFINITIONAL_REPRESENTATION('',(#1051),#1055);
#1051 = LINE('',#1052,#1053);
#1052 = CARTESIAN_POINT('',(5.62E+03,0.));
#1053 = VECTOR('',#1054,1.);
#1054 = DIRECTION('',(0.,1.));
#1055 = ( GEOMETRIC_REPRESENTATION_CONTEXT(2) 
PARAMETRIC_REPRESENTATION_CONTEXT() REPRESENTATION_CONTEXT('2D SPACE',''
  ) );
#1056 = ADVANCED_FACE('',(#1057),#863,.F.);
#1057 = FACE_BOUND('',#1058,.F.);
#1058 = EDGE_LOOP('',(#1059,#1080,#1081,#1102));
#1059 = ORIENTED_EDGE('',*,*,#1060,.F.);
#1060 = EDGE_CURVE('',#841,#961,#1061,.T.);
#1061 = SURFACE_CURVE('',#1062,(#1066,#1073),.PCURVE_S1.);
#1062 = LINE('',#1063,#1064);
#1063 = CARTESIAN_POINT('',(0.,0.,0.));
#1064 = VECTOR('',#1065,1.);
#1065 = DIRECTION('',(1.,0.,-0.));
#1066 = PCURVE('',#863,#1067);
#1067 = DEFINITIONAL_REPRESENTATION('',(#1068),#1072);
#1068 = LINE('',#1069,#1070);
#1069 = CARTESIAN_POINT('',(0.,0.));
#1070 = VECTOR('',#1071,1.);
#1071 = DIRECTION('',(0.,1.));
#1072 = ( GEOMETRIC_REPRESENTATION_CONTEXT(2) 
PARAMETRIC_REPRESENTATION_CONTEXT() REPRESENTATION_CONTEXT('2D SPACE',''
  ) );
#1073 = PCURVE('',#891,#1074);
#1074 = DEFINITIONAL_REPRESENTATION('',(#1075),#1079);
#1075 = LINE('',#1076,#1077);
#1076 = CARTESIAN_POINT('',(0.,0.));
#1077 = VECTOR('',#1078,1.);
#1078 = DIRECTION('',(1.,0.));
#1079 = ( GEOMETRIC_REPRESENTATION_CONTEXT(2) 
PARAMETRIC_REPRESENTATION_CONTEXT() REPRESENTATION_CONTEXT('2D SPACE',''
  ) );
#1080 = ORIENTED_EDGE('',*,*,#840,.T.);
#1081 = ORIENTED_EDGE('',*,*,#1082,.T.);
#1082 = EDGE_CURVE('',#843,#963,#1083,.T.);
#1083 = SURFACE_CURVE('',#1084,(#1088,#1095),.PCURVE_S1.);
#1084 = LINE('',#1085,#1086);
#1085 = CARTESIAN_POINT('',(0.,0.,190.));
#1086 = VECTOR('',#1087,1.);
#1087 = DIRECTION('',(1.,0.,-0.));
#1088 = PCURVE('',#863,#1089);
#1089 = DEFINITIONAL_REPRESENTATION('',(#1090),#1094);
#1090 = LINE('',#1091,#1092);
#1091 = CARTESIAN_POINT('',(190.,0.));
#1092 = VECTOR('',#1093,1.);
#1093 = DIRECTION('',(0.,1.));
#1094 = ( GEOMETRIC_REPRESENTATION_CONTEXT(2) 
PARAMETRIC_REPRESENTATION_CONTEXT() REPRESENTATION_CONTEXT('2D SPACE',''
  ) );
#1095 = PCURVE('',#945,#1096);
#1096 = DEFINITIONAL_REPRESENTATION('',(#1097),#1101);
#1097 = LINE('',#1098,#1099);
#1098 = CARTESIAN_POINT('',(0.,0.));
#1099 = VECTOR('',#1100,1.);
#1100 = DIRECTION('',(1.,0.));
#1101 = ( GEOMETRIC_REPRESENTATION_CONTEXT(2) 
PARAMETRIC_REPRESENTATION_CONTEXT() REPRESENTATION_CONTEXT('2D SPACE',''
  ) );
#1102 = ORIENTED_EDGE('',*,*,#960,.F.);
#1103 = ADVANCED_FACE('',(#1104),#919,.T.);
#1104 = FACE_BOUND('',#1105,.T.);
#1105 = EDGE_LOOP('',(#1106,#1127,#1128,#1149));
#1106 = ORIENTED_EDGE('',*,*,#1107,.F.);
#1107 = EDGE_CURVE('',#876,#991,#1108,.T.);
#1108 = SURFACE_CURVE('',#1109,(#1113,#1120),.PCURVE_S1.);
#1109 = LINE('',#1110,#1111);
#1110 = CARTESIAN_POINT('',(0.,1.97E+03,0.));
#1111 = VECTOR('',#1112,1.);
#1112 = DIRECTION('',(1.,0.,-0.));
#1113 = PCURVE('',#919,#1114);
#1114 = DEFINITIONAL_REPRESENTATION('',(#1115),#1119);
#1115 = LINE('',#1116,#1117);
#1116 = CARTESIAN_POINT('',(0.,0.));
#1117 = VECTOR('',#1118,1.);
#1118 = DIRECTION('',(0.,1.));
#1119 = ( GEOMETRIC_REPRESENTATION_CONTEXT(2) 
PARAMETRIC_REPRESENTATION_CONTEXT() REPRESENTATION_CONTEXT('2D SPACE',''
  ) );
#1120 = PCURVE('',#891,#1121);
#1121 = DEFINITIONAL_REPRESENTATION('',(#1122),#1126);
#1122 = LINE('',#1123,#1124);
#1123 = CARTESIAN_POINT('',(0.,1.97E+03));
#1124 = VECTOR('',#1125,1.);
#1125 = DIRECTION('',(1.,0.));
#1126 = ( GEOMETRIC_REPRESENTATION_CONTEXT(2) 
PARAMETRIC_REPRESENTATION_CONTEXT() REPRESENTATION_CONTEXT('2D SPACE',''
  ) );
#1127 = ORIENTED_EDGE('',*,*,#903,.T.);
#1128 = ORIENTED_EDGE('',*,*,#1129,.T.);
#1129 = EDGE_CURVE('',#904,#1014,#1130,.T.);
#1130 = SURFACE_CURVE('',#1131,(#1135,#1142),.PCURVE_S1.);
#1131 = LINE('',#1132,#1133);
#1132 = CARTESIAN_POINT('',(0.,1.97E+03,190.));
#1133 = VECTOR('',#1134,1.);
#1134 = DIRECTION('',(1.,0.,-0.));
#1135 = PCURVE('',#919,#1136);
#1136 = DEFINITIONAL_REPRESENTATION('',(#1137),#1141);
#1137 = LINE('',#1138,#1139);
#1138 = CARTESIAN_POINT('',(190.,0.));
#1139 = VECTOR('',#1140,1.);
#1140 = DIRECTION('',(0.,1.));
#1141 = ( GEOMETRIC_REPRESENTATION_CONTEXT(2) 
PARAMETRIC_REPRESENTATION_CONTEXT() REPRESENTATION_CONTEXT('2D SPACE',''
  ) );
#1142 = PCURVE('',#945,#1143);
#1143 = DEFINITIONAL_REPRESENTATION('',(#1144),#1148);
#1144 = LINE('',#1145,#1146);
#1145 = CARTESIAN_POINT('',(0.,1.97E+03));
#1146 = VECTOR('',#1147,1.);
#1147 = DIRECTION('',(1.,0.));
#1148 = ( GEOMETRIC_REPRESENTATION_CONTEXT(2) 
PARAMETRIC_REPRESENTATION_CONTEXT() REPRESENTATION_CONTEXT('2D SPACE',''
  ) );
#1149 = ORIENTED_EDGE('',*,*,#1013,.F.);
#1150 = ADVANCED_FACE('',(#1151),#891,.F.);
#1151 = FACE_BOUND('',#1152,.F.);
#1152 = EDGE_LOOP('',(#1153,#1154,#1155,#1156));
#1153 = ORIENTED_EDGE('',*,*,#875,.F.);
#1154 = ORIENTED_EDGE('',*,*,#1060,.T.);
#1155 = ORIENTED_EDGE('',*,*,#990,.T.);
#1156 = ORIENTED_EDGE('',*,*,#1107,.F.);
#1157 = ADVANCED_FACE('',(#1158),#945,.T.);
#1158 = FACE_BOUND('',#1159,.T.);
#1159 = EDGE_LOOP('',(#1160,#1161,#1162,#1163));
#1160 = ORIENTED_EDGE('',*,*,#931,.F.);
#1161 = ORIENTED_EDGE('',*,*,#1082,.T.);
#1162 = ORIENTED_EDGE('',*,*,#1036,.T.);
#1163 = ORIENTED_EDGE('',*,*,#1129,.F.);
#1164 = ( GEOMETRIC_REPRESENTATION_CONTEXT(3) 
GLOBAL_UNCERTAINTY_ASSIGNED_CONTEXT((#1168)) 
GLOBAL_UNIT_ASSIGNED_CONTEXT((#1165,#1166,#1167)) REPRESENTATION_CONTEXT
('Context #1','3D Context with UNIT and UNCERTAINTY') );
#1165 = ( LENGTH_UNIT() NAMED_UNIT(*) SI_UNIT(.MILLI.,.METRE.) );
#1166 = ( NAMED_UNIT(*) PLANE_ANGLE_UNIT() SI_UNIT($,.RADIAN.) );
#1167 = ( NAMED_UNIT(*) SI_UNIT($,.STERADIAN.) SOLID_ANGLE_UNIT() );
#1168 = UNCERTAINTY_MEASURE_WITH_UNIT(LENGTH_MEASURE(1.E-07),#1165,
  'distance_accuracy_value','confusion accuracy');
#1169 = CONTEXT_DEPENDENT_SHAPE_REPRESENTATION(#1170,#1172);
#1170 = ( REPRESENTATION_RELATIONSHIP('','',#833,#810) 
REPRESENTATION_RELATIONSHIP_WITH_TRANSFORMATION(#1171) 
SHAPE_REPRESENTATION_RELATIONSHIP() );
#1171 = ITEM_DEFINED_TRANSFORMATION('','',#11,#811);
#1172 = PRODUCT_DEFINITION_SHAPE('Placement','Placement of an item',
  #1173);
#1173 = NEXT_ASSEMBLY_USAGE_OCCURRENCE('3','=>[0:1:1:5]','',#805,#828,$
  );
#1174 = PRODUCT_RELATED_PRODUCT_CATEGORY('part',$,(#830));
#1175 = SHAPE_DEFINITION_REPRESENTATION(#1176,#1182);
#1176 = PRODUCT_DEFINITION_SHAPE('','',#1177);
#1177 = PRODUCT_DEFINITION('design','',#1178,#1181);
#1178 = PRODUCT_DEFINITION_FORMATION('','',#1179);
#1179 = PRODUCT('flat_low_wedge_front_fascia',
  'flat_low_wedge_front_fascia','',(#1180));
#1180 = PRODUCT_CONTEXT('',#2,'mechanical');
#1181 = PRODUCT_DEFINITION_CONTEXT('part definition',#2,'design');
#1182 = SHAPE_REPRESENTATION('',(#11,#1183),#1187);
#1183 = AXIS2_PLACEMENT_3D('',#1184,#1185,#1186);
#1184 = CARTESIAN_POINT('',(-60.,-965.,-270.));
#1185 = DIRECTION('',(0.,0.,1.));
#1186 = DIRECTION('',(1.,0.,0.));
#1187 = ( GEOMETRIC_REPRESENTATION_CONTEXT(3) 
GLOBAL_UNCERTAINTY_ASSIGNED_CONTEXT((#1191)) 
GLOBAL_UNIT_ASSIGNED_CONTEXT((#1188,#1189,#1190)) REPRESENTATION_CONTEXT
('Context #1','3D Context with UNIT and UNCERTAINTY') );
#1188 = ( LENGTH_UNIT() NAMED_UNIT(*) SI_UNIT(.MILLI.,.METRE.) );
#1189 = ( NAMED_UNIT(*) PLANE_ANGLE_UNIT() SI_UNIT($,.RADIAN.) );
#1190 = ( NAMED_UNIT(*) SI_UNIT($,.STERADIAN.) SOLID_ANGLE_UNIT() );
#1191 = UNCERTAINTY_MEASURE_WITH_UNIT(LENGTH_MEASURE(1.E-07),#1188,
  'distance_accuracy_value','confusion accuracy');
#1192 = CONTEXT_DEPENDENT_SHAPE_REPRESENTATION(#1193,#1195);
#1193 = ( REPRESENTATION_RELATIONSHIP('','',#1182,#10) 
REPRESENTATION_RELATIONSHIP_WITH_TRANSFORMATION(#1194) 
SHAPE_REPRESENTATION_RELATIONSHIP() );
#1194 = ITEM_DEFINED_TRANSFORMATION('','',#11,#23);
#1195 = PRODUCT_DEFINITION_SHAPE('Placement','Placement of an item',
  #1196);
#1196 = NEXT_ASSEMBLY_USAGE_OCCURRENCE('6','=>[0:1:1:6]','',#5,#1177,$);
#1197 = PRODUCT_RELATED_PRODUCT_CATEGORY('part',$,(#1179));
#1198 = SHAPE_DEFINITION_REPRESENTATION(#1199,#1205);
#1199 = PRODUCT_DEFINITION_SHAPE('','',#1200);
#1200 = PRODUCT_DEFINITION('design','',#1201,#1204);
#1201 = PRODUCT_DEFINITION_FORMATION('','',#1202);
#1202 = PRODUCT('SOLID','SOLID','',(#1203));
#1203 = PRODUCT_CONTEXT('',#2,'mechanical');
#1204 = PRODUCT_DEFINITION_CONTEXT('part definition',#2,'design');
#1205 = ADVANCED_BREP_SHAPE_REPRESENTATION('',(#11,#1206),#1536);
#1206 = MANIFOLD_SOLID_BREP('',#1207);
#1207 = CLOSED_SHELL('',(#1208,#1328,#1428,#1475,#1522,#1529));
#1208 = ADVANCED_FACE('',(#1209),#1223,.F.);
#1209 = FACE_BOUND('',#1210,.F.);
#1210 = EDGE_LOOP('',(#1211,#1246,#1274,#1302));
#1211 = ORIENTED_EDGE('',*,*,#1212,.F.);
#1212 = EDGE_CURVE('',#1213,#1215,#1217,.T.);
#1213 = VERTEX_POINT('',#1214);
#1214 = CARTESIAN_POINT('',(0.,0.,0.));
#1215 = VERTEX_POINT('',#1216);
#1216 = CARTESIAN_POINT('',(0.,0.,540.));
#1217 = SURFACE_CURVE('',#1218,(#1222,#1234),.PCURVE_S1.);
#1218 = LINE('',#1219,#1220);
#1219 = CARTESIAN_POINT('',(0.,0.,0.));
#1220 = VECTOR('',#1221,1.);
#1221 = DIRECTION('',(0.,0.,1.));
#1222 = PCURVE('',#1223,#1228);
#1223 = PLANE('',#1224);
#1224 = AXIS2_PLACEMENT_3D('',#1225,#1226,#1227);
#1225 = CARTESIAN_POINT('',(0.,0.,0.));
#1226 = DIRECTION('',(1.,0.,-0.));
#1227 = DIRECTION('',(0.,0.,1.));
#1228 = DEFINITIONAL_REPRESENTATION('',(#1229),#1233);
#1229 = LINE('',#1230,#1231);
#1230 = CARTESIAN_POINT('',(0.,0.));
#1231 = VECTOR('',#1232,1.);
#1232 = DIRECTION('',(1.,0.));
#1233 = ( GEOMETRIC_REPRESENTATION_CONTEXT(2) 
PARAMETRIC_REPRESENTATION_CONTEXT() REPRESENTATION_CONTEXT('2D SPACE',''
  ) );
#1234 = PCURVE('',#1235,#1240);
#1235 = PLANE('',#1236);
#1236 = AXIS2_PLACEMENT_3D('',#1237,#1238,#1239);
#1237 = CARTESIAN_POINT('',(0.,0.,0.));
#1238 = DIRECTION('',(-0.,1.,0.));
#1239 = DIRECTION('',(0.,0.,1.));
#1240 = DEFINITIONAL_REPRESENTATION('',(#1241),#1245);
#1241 = LINE('',#1242,#1243);
#1242 = CARTESIAN_POINT('',(0.,0.));
#1243 = VECTOR('',#1244,1.);
#1244 = DIRECTION('',(1.,0.));
#1245 = ( GEOMETRIC_REPRESENTATION_CONTEXT(2) 
PARAMETRIC_REPRESENTATION_CONTEXT() REPRESENTATION_CONTEXT('2D SPACE',''
  ) );
#1246 = ORIENTED_EDGE('',*,*,#1247,.T.);
#1247 = EDGE_CURVE('',#1213,#1248,#1250,.T.);
#1248 = VERTEX_POINT('',#1249);
#1249 = CARTESIAN_POINT('',(0.,1.93E+03,0.));
#1250 = SURFACE_CURVE('',#1251,(#1255,#1262),.PCURVE_S1.);
#1251 = LINE('',#1252,#1253);
#1252 = CARTESIAN_POINT('',(0.,0.,0.));
#1253 = VECTOR('',#1254,1.);
#1254 = DIRECTION('',(-0.,1.,0.));
#1255 = PCURVE('',#1223,#1256);
#1256 = DEFINITIONAL_REPRESENTATION('',(#1257),#1261);
#1257 = LINE('',#1258,#1259);
#1258 = CARTESIAN_POINT('',(0.,0.));
#1259 = VECTOR('',#1260,1.);
#1260 = DIRECTION('',(0.,-1.));
#1261 = ( GEOMETRIC_REPRESENTATION_CONTEXT(2) 
PARAMETRIC_REPRESENTATION_CONTEXT() REPRESENTATION_CONTEXT('2D SPACE',''
  ) );
#1262 = PCURVE('',#1263,#1268);
#1263 = PLANE('',#1264);
#1264 = AXIS2_PLACEMENT_3D('',#1265,#1266,#1267);
#1265 = CARTESIAN_POINT('',(0.,0.,0.));
#1266 = DIRECTION('',(0.,0.,1.));
#1267 = DIRECTION('',(1.,0.,-0.));
#1268 = DEFINITIONAL_REPRESENTATION('',(#1269),#1273);
#1269 = LINE('',#1270,#1271);
#1270 = CARTESIAN_POINT('',(0.,0.));
#1271 = VECTOR('',#1272,1.);
#1272 = DIRECTION('',(0.,1.));
#1273 = ( GEOMETRIC_REPRESENTATION_CONTEXT(2) 
PARAMETRIC_REPRESENTATION_CONTEXT() REPRESENTATION_CONTEXT('2D SPACE',''
  ) );
#1274 = ORIENTED_EDGE('',*,*,#1275,.T.);
#1275 = EDGE_CURVE('',#1248,#1276,#1278,.T.);
#1276 = VERTEX_POINT('',#1277);
#1277 = CARTESIAN_POINT('',(0.,1.93E+03,540.));
#1278 = SURFACE_CURVE('',#1279,(#1283,#1290),.PCURVE_S1.);
#1279 = LINE('',#1280,#1281);
#1280 = CARTESIAN_POINT('',(0.,1.93E+03,0.));
#1281 = VECTOR('',#1282,1.);
#1282 = DIRECTION('',(0.,0.,1.));
#1283 = PCURVE('',#1223,#1284);
#1284 = DEFINITIONAL_REPRESENTATION('',(#1285),#1289);
#1285 = LINE('',#1286,#1287);
#1286 = CARTESIAN_POINT('',(0.,-1.93E+03));
#1287 = VECTOR('',#1288,1.);
#1288 = DIRECTION('',(1.,0.));
#1289 = ( GEOMETRIC_REPRESENTATION_CONTEXT(2) 
PARAMETRIC_REPRESENTATION_CONTEXT() REPRESENTATION_CONTEXT('2D SPACE',''
  ) );
#1290 = PCURVE('',#1291,#1296);
#1291 = PLANE('',#1292);
#1292 = AXIS2_PLACEMENT_3D('',#1293,#1294,#1295);
#1293 = CARTESIAN_POINT('',(0.,1.93E+03,0.));
#1294 = DIRECTION('',(-0.,1.,0.));
#1295 = DIRECTION('',(0.,0.,1.));
#1296 = DEFINITIONAL_REPRESENTATION('',(#1297),#1301);
#1297 = LINE('',#1298,#1299);
#1298 = CARTESIAN_POINT('',(0.,0.));
#1299 = VECTOR('',#1300,1.);
#1300 = DIRECTION('',(1.,0.));
#1301 = ( GEOMETRIC_REPRESENTATION_CONTEXT(2) 
PARAMETRIC_REPRESENTATION_CONTEXT() REPRESENTATION_CONTEXT('2D SPACE',''
  ) );
#1302 = ORIENTED_EDGE('',*,*,#1303,.F.);
#1303 = EDGE_CURVE('',#1215,#1276,#1304,.T.);
#1304 = SURFACE_CURVE('',#1305,(#1309,#1316),.PCURVE_S1.);
#1305 = LINE('',#1306,#1307);
#1306 = CARTESIAN_POINT('',(0.,0.,540.));
#1307 = VECTOR('',#1308,1.);
#1308 = DIRECTION('',(-0.,1.,0.));
#1309 = PCURVE('',#1223,#1310);
#1310 = DEFINITIONAL_REPRESENTATION('',(#1311),#1315);
#1311 = LINE('',#1312,#1313);
#1312 = CARTESIAN_POINT('',(540.,0.));
#1313 = VECTOR('',#1314,1.);
#1314 = DIRECTION('',(0.,-1.));
#1315 = ( GEOMETRIC_REPRESENTATION_CONTEXT(2) 
PARAMETRIC_REPRESENTATION_CONTEXT() REPRESENTATION_CONTEXT('2D SPACE',''
  ) );
#1316 = PCURVE('',#1317,#1322);
#1317 = PLANE('',#1318);
#1318 = AXIS2_PLACEMENT_3D('',#1319,#1320,#1321);
#1319 = CARTESIAN_POINT('',(0.,0.,540.));
#1320 = DIRECTION('',(0.,0.,1.));
#1321 = DIRECTION('',(1.,0.,-0.));
#1322 = DEFINITIONAL_REPRESENTATION('',(#1323),#1327);
#1323 = LINE('',#1324,#1325);
#1324 = CARTESIAN_POINT('',(0.,0.));
#1325 = VECTOR('',#1326,1.);
#1326 = DIRECTION('',(0.,1.));
#1327 = ( GEOMETRIC_REPRESENTATION_CONTEXT(2) 
PARAMETRIC_REPRESENTATION_CONTEXT() REPRESENTATION_CONTEXT('2D SPACE',''
  ) );
#1328 = ADVANCED_FACE('',(#1329),#1343,.T.);
#1329 = FACE_BOUND('',#1330,.T.);
#1330 = EDGE_LOOP('',(#1331,#1361,#1384,#1407));
#1331 = ORIENTED_EDGE('',*,*,#1332,.F.);
#1332 = EDGE_CURVE('',#1333,#1335,#1337,.T.);
#1333 = VERTEX_POINT('',#1334);
#1334 = CARTESIAN_POINT('',(120.,0.,0.));
#1335 = VERTEX_POINT('',#1336);
#1336 = CARTESIAN_POINT('',(120.,0.,540.));
#1337 = SURFACE_CURVE('',#1338,(#1342,#1354),.PCURVE_S1.);
#1338 = LINE('',#1339,#1340);
#1339 = CARTESIAN_POINT('',(120.,0.,0.));
#1340 = VECTOR('',#1341,1.);
#1341 = DIRECTION('',(0.,0.,1.));
#1342 = PCURVE('',#1343,#1348);
#1343 = PLANE('',#1344);
#1344 = AXIS2_PLACEMENT_3D('',#1345,#1346,#1347);
#1345 = CARTESIAN_POINT('',(120.,0.,0.));
#1346 = DIRECTION('',(1.,0.,-0.));
#1347 = DIRECTION('',(0.,0.,1.));
#1348 = DEFINITIONAL_REPRESENTATION('',(#1349),#1353);
#1349 = LINE('',#1350,#1351);
#1350 = CARTESIAN_POINT('',(0.,0.));
#1351 = VECTOR('',#1352,1.);
#1352 = DIRECTION('',(1.,0.));
#1353 = ( GEOMETRIC_REPRESENTATION_CONTEXT(2) 
PARAMETRIC_REPRESENTATION_CONTEXT() REPRESENTATION_CONTEXT('2D SPACE',''
  ) );
#1354 = PCURVE('',#1235,#1355);
#1355 = DEFINITIONAL_REPRESENTATION('',(#1356),#1360);
#1356 = LINE('',#1357,#1358);
#1357 = CARTESIAN_POINT('',(0.,120.));
#1358 = VECTOR('',#1359,1.);
#1359 = DIRECTION('',(1.,0.));
#1360 = ( GEOMETRIC_REPRESENTATION_CONTEXT(2) 
PARAMETRIC_REPRESENTATION_CONTEXT() REPRESENTATION_CONTEXT('2D SPACE',''
  ) );
#1361 = ORIENTED_EDGE('',*,*,#1362,.T.);
#1362 = EDGE_CURVE('',#1333,#1363,#1365,.T.);
#1363 = VERTEX_POINT('',#1364);
#1364 = CARTESIAN_POINT('',(120.,1.93E+03,0.));
#1365 = SURFACE_CURVE('',#1366,(#1370,#1377),.PCURVE_S1.);
#1366 = LINE('',#1367,#1368);
#1367 = CARTESIAN_POINT('',(120.,0.,0.));
#1368 = VECTOR('',#1369,1.);
#1369 = DIRECTION('',(-0.,1.,0.));
#1370 = PCURVE('',#1343,#1371);
#1371 = DEFINITIONAL_REPRESENTATION('',(#1372),#1376);
#1372 = LINE('',#1373,#1374);
#1373 = CARTESIAN_POINT('',(0.,0.));
#1374 = VECTOR('',#1375,1.);
#1375 = DIRECTION('',(0.,-1.));
#1376 = ( GEOMETRIC_REPRESENTATION_CONTEXT(2) 
PARAMETRIC_REPRESENTATION_CONTEXT() REPRESENTATION_CONTEXT('2D SPACE',''
  ) );
#1377 = PCURVE('',#1263,#1378);
#1378 = DEFINITIONAL_REPRESENTATION('',(#1379),#1383);
#1379 = LINE('',#1380,#1381);
#1380 = CARTESIAN_POINT('',(120.,0.));
#1381 = VECTOR('',#1382,1.);
#1382 = DIRECTION('',(0.,1.));
#1383 = ( GEOMETRIC_REPRESENTATION_CONTEXT(2) 
PARAMETRIC_REPRESENTATION_CONTEXT() REPRESENTATION_CONTEXT('2D SPACE',''
  ) );
#1384 = ORIENTED_EDGE('',*,*,#1385,.T.);
#1385 = EDGE_CURVE('',#1363,#1386,#1388,.T.);
#1386 = VERTEX_POINT('',#1387);
#1387 = CARTESIAN_POINT('',(120.,1.93E+03,540.));
#1388 = SURFACE_CURVE('',#1389,(#1393,#1400),.PCURVE_S1.);
#1389 = LINE('',#1390,#1391);
#1390 = CARTESIAN_POINT('',(120.,1.93E+03,0.));
#1391 = VECTOR('',#1392,1.);
#1392 = DIRECTION('',(0.,0.,1.));
#1393 = PCURVE('',#1343,#1394);
#1394 = DEFINITIONAL_REPRESENTATION('',(#1395),#1399);
#1395 = LINE('',#1396,#1397);
#1396 = CARTESIAN_POINT('',(0.,-1.93E+03));
#1397 = VECTOR('',#1398,1.);
#1398 = DIRECTION('',(1.,0.));
#1399 = ( GEOMETRIC_REPRESENTATION_CONTEXT(2) 
PARAMETRIC_REPRESENTATION_CONTEXT() REPRESENTATION_CONTEXT('2D SPACE',''
  ) );
#1400 = PCURVE('',#1291,#1401);
#1401 = DEFINITIONAL_REPRESENTATION('',(#1402),#1406);
#1402 = LINE('',#1403,#1404);
#1403 = CARTESIAN_POINT('',(0.,120.));
#1404 = VECTOR('',#1405,1.);
#1405 = DIRECTION('',(1.,0.));
#1406 = ( GEOMETRIC_REPRESENTATION_CONTEXT(2) 
PARAMETRIC_REPRESENTATION_CONTEXT() REPRESENTATION_CONTEXT('2D SPACE',''
  ) );
#1407 = ORIENTED_EDGE('',*,*,#1408,.F.);
#1408 = EDGE_CURVE('',#1335,#1386,#1409,.T.);
#1409 = SURFACE_CURVE('',#1410,(#1414,#1421),.PCURVE_S1.);
#1410 = LINE('',#1411,#1412);
#1411 = CARTESIAN_POINT('',(120.,0.,540.));
#1412 = VECTOR('',#1413,1.);
#1413 = DIRECTION('',(-0.,1.,0.));
#1414 = PCURVE('',#1343,#1415);
#1415 = DEFINITIONAL_REPRESENTATION('',(#1416),#1420);
#1416 = LINE('',#1417,#1418);
#1417 = CARTESIAN_POINT('',(540.,0.));
#1418 = VECTOR('',#1419,1.);
#1419 = DIRECTION('',(0.,-1.));
#1420 = ( GEOMETRIC_REPRESENTATION_CONTEXT(2) 
PARAMETRIC_REPRESENTATION_CONTEXT() REPRESENTATION_CONTEXT('2D SPACE',''
  ) );
#1421 = PCURVE('',#1317,#1422);
#1422 = DEFINITIONAL_REPRESENTATION('',(#1423),#1427);
#1423 = LINE('',#1424,#1425);
#1424 = CARTESIAN_POINT('',(120.,0.));
#1425 = VECTOR('',#1426,1.);
#1426 = DIRECTION('',(0.,1.));
#1427 = ( GEOMETRIC_REPRESENTATION_CONTEXT(2) 
PARAMETRIC_REPRESENTATION_CONTEXT() REPRESENTATION_CONTEXT('2D SPACE',''
  ) );
#1428 = ADVANCED_FACE('',(#1429),#1235,.F.);
#1429 = FACE_BOUND('',#1430,.F.);
#1430 = EDGE_LOOP('',(#1431,#1452,#1453,#1474));
#1431 = ORIENTED_EDGE('',*,*,#1432,.F.);
#1432 = EDGE_CURVE('',#1213,#1333,#1433,.T.);
#1433 = SURFACE_CURVE('',#1434,(#1438,#1445),.PCURVE_S1.);
#1434 = LINE('',#1435,#1436);
#1435 = CARTESIAN_POINT('',(0.,0.,0.));
#1436 = VECTOR('',#1437,1.);
#1437 = DIRECTION('',(1.,0.,-0.));
#1438 = PCURVE('',#1235,#1439);
#1439 = DEFINITIONAL_REPRESENTATION('',(#1440),#1444);
#1440 = LINE('',#1441,#1442);
#1441 = CARTESIAN_POINT('',(0.,0.));
#1442 = VECTOR('',#1443,1.);
#1443 = DIRECTION('',(0.,1.));
#1444 = ( GEOMETRIC_REPRESENTATION_CONTEXT(2) 
PARAMETRIC_REPRESENTATION_CONTEXT() REPRESENTATION_CONTEXT('2D SPACE',''
  ) );
#1445 = PCURVE('',#1263,#1446);
#1446 = DEFINITIONAL_REPRESENTATION('',(#1447),#1451);
#1447 = LINE('',#1448,#1449);
#1448 = CARTESIAN_POINT('',(0.,0.));
#1449 = VECTOR('',#1450,1.);
#1450 = DIRECTION('',(1.,0.));
#1451 = ( GEOMETRIC_REPRESENTATION_CONTEXT(2) 
PARAMETRIC_REPRESENTATION_CONTEXT() REPRESENTATION_CONTEXT('2D SPACE',''
  ) );
#1452 = ORIENTED_EDGE('',*,*,#1212,.T.);
#1453 = ORIENTED_EDGE('',*,*,#1454,.T.);
#1454 = EDGE_CURVE('',#1215,#1335,#1455,.T.);
#1455 = SURFACE_CURVE('',#1456,(#1460,#1467),.PCURVE_S1.);
#1456 = LINE('',#1457,#1458);
#1457 = CARTESIAN_POINT('',(0.,0.,540.));
#1458 = VECTOR('',#1459,1.);
#1459 = DIRECTION('',(1.,0.,-0.));
#1460 = PCURVE('',#1235,#1461);
#1461 = DEFINITIONAL_REPRESENTATION('',(#1462),#1466);
#1462 = LINE('',#1463,#1464);
#1463 = CARTESIAN_POINT('',(540.,0.));
#1464 = VECTOR('',#1465,1.);
#1465 = DIRECTION('',(0.,1.));
#1466 = ( GEOMETRIC_REPRESENTATION_CONTEXT(2) 
PARAMETRIC_REPRESENTATION_CONTEXT() REPRESENTATION_CONTEXT('2D SPACE',''
  ) );
#1467 = PCURVE('',#1317,#1468);
#1468 = DEFINITIONAL_REPRESENTATION('',(#1469),#1473);
#1469 = LINE('',#1470,#1471);
#1470 = CARTESIAN_POINT('',(0.,0.));
#1471 = VECTOR('',#1472,1.);
#1472 = DIRECTION('',(1.,0.));
#1473 = ( GEOMETRIC_REPRESENTATION_CONTEXT(2) 
PARAMETRIC_REPRESENTATION_CONTEXT() REPRESENTATION_CONTEXT('2D SPACE',''
  ) );
#1474 = ORIENTED_EDGE('',*,*,#1332,.F.);
#1475 = ADVANCED_FACE('',(#1476),#1291,.T.);
#1476 = FACE_BOUND('',#1477,.T.);
#1477 = EDGE_LOOP('',(#1478,#1499,#1500,#1521));
#1478 = ORIENTED_EDGE('',*,*,#1479,.F.);
#1479 = EDGE_CURVE('',#1248,#1363,#1480,.T.);
#1480 = SURFACE_CURVE('',#1481,(#1485,#1492),.PCURVE_S1.);
#1481 = LINE('',#1482,#1483);
#1482 = CARTESIAN_POINT('',(0.,1.93E+03,0.));
#1483 = VECTOR('',#1484,1.);
#1484 = DIRECTION('',(1.,0.,-0.));
#1485 = PCURVE('',#1291,#1486);
#1486 = DEFINITIONAL_REPRESENTATION('',(#1487),#1491);
#1487 = LINE('',#1488,#1489);
#1488 = CARTESIAN_POINT('',(0.,0.));
#1489 = VECTOR('',#1490,1.);
#1490 = DIRECTION('',(0.,1.));
#1491 = ( GEOMETRIC_REPRESENTATION_CONTEXT(2) 
PARAMETRIC_REPRESENTATION_CONTEXT() REPRESENTATION_CONTEXT('2D SPACE',''
  ) );
#1492 = PCURVE('',#1263,#1493);
#1493 = DEFINITIONAL_REPRESENTATION('',(#1494),#1498);
#1494 = LINE('',#1495,#1496);
#1495 = CARTESIAN_POINT('',(0.,1.93E+03));
#1496 = VECTOR('',#1497,1.);
#1497 = DIRECTION('',(1.,0.));
#1498 = ( GEOMETRIC_REPRESENTATION_CONTEXT(2) 
PARAMETRIC_REPRESENTATION_CONTEXT() REPRESENTATION_CONTEXT('2D SPACE',''
  ) );
#1499 = ORIENTED_EDGE('',*,*,#1275,.T.);
#1500 = ORIENTED_EDGE('',*,*,#1501,.T.);
#1501 = EDGE_CURVE('',#1276,#1386,#1502,.T.);
#1502 = SURFACE_CURVE('',#1503,(#1507,#1514),.PCURVE_S1.);
#1503 = LINE('',#1504,#1505);
#1504 = CARTESIAN_POINT('',(0.,1.93E+03,540.));
#1505 = VECTOR('',#1506,1.);
#1506 = DIRECTION('',(1.,0.,-0.));
#1507 = PCURVE('',#1291,#1508);
#1508 = DEFINITIONAL_REPRESENTATION('',(#1509),#1513);
#1509 = LINE('',#1510,#1511);
#1510 = CARTESIAN_POINT('',(540.,0.));
#1511 = VECTOR('',#1512,1.);
#1512 = DIRECTION('',(0.,1.));
#1513 = ( GEOMETRIC_REPRESENTATION_CONTEXT(2) 
PARAMETRIC_REPRESENTATION_CONTEXT() REPRESENTATION_CONTEXT('2D SPACE',''
  ) );
#1514 = PCURVE('',#1317,#1515);
#1515 = DEFINITIONAL_REPRESENTATION('',(#1516),#1520);
#1516 = LINE('',#1517,#1518);
#1517 = CARTESIAN_POINT('',(0.,1.93E+03));
#1518 = VECTOR('',#1519,1.);
#1519 = DIRECTION('',(1.,0.));
#1520 = ( GEOMETRIC_REPRESENTATION_CONTEXT(2) 
PARAMETRIC_REPRESENTATION_CONTEXT() REPRESENTATION_CONTEXT('2D SPACE',''
  ) );
#1521 = ORIENTED_EDGE('',*,*,#1385,.F.);
#1522 = ADVANCED_FACE('',(#1523),#1263,.F.);
#1523 = FACE_BOUND('',#1524,.F.);
#1524 = EDGE_LOOP('',(#1525,#1526,#1527,#1528));
#1525 = ORIENTED_EDGE('',*,*,#1247,.F.);
#1526 = ORIENTED_EDGE('',*,*,#1432,.T.);
#1527 = ORIENTED_EDGE('',*,*,#1362,.T.);
#1528 = ORIENTED_EDGE('',*,*,#1479,.F.);
#1529 = ADVANCED_FACE('',(#1530),#1317,.T.);
#1530 = FACE_BOUND('',#1531,.T.);
#1531 = EDGE_LOOP('',(#1532,#1533,#1534,#1535));
#1532 = ORIENTED_EDGE('',*,*,#1303,.F.);
#1533 = ORIENTED_EDGE('',*,*,#1454,.T.);
#1534 = ORIENTED_EDGE('',*,*,#1408,.T.);
#1535 = ORIENTED_EDGE('',*,*,#1501,.F.);
#1536 = ( GEOMETRIC_REPRESENTATION_CONTEXT(3) 
GLOBAL_UNCERTAINTY_ASSIGNED_CONTEXT((#1540)) 
GLOBAL_UNIT_ASSIGNED_CONTEXT((#1537,#1538,#1539)) REPRESENTATION_CONTEXT
('Context #1','3D Context with UNIT and UNCERTAINTY') );
#1537 = ( LENGTH_UNIT() NAMED_UNIT(*) SI_UNIT(.MILLI.,.METRE.) );
#1538 = ( NAMED_UNIT(*) PLANE_ANGLE_UNIT() SI_UNIT($,.RADIAN.) );
#1539 = ( NAMED_UNIT(*) SI_UNIT($,.STERADIAN.) SOLID_ANGLE_UNIT() );
#1540 = UNCERTAINTY_MEASURE_WITH_UNIT(LENGTH_MEASURE(1.E-07),#1537,
  'distance_accuracy_value','confusion accuracy');
#1541 = CONTEXT_DEPENDENT_SHAPE_REPRESENTATION(#1542,#1544);
#1542 = ( REPRESENTATION_RELATIONSHIP('','',#1205,#1182) 
REPRESENTATION_RELATIONSHIP_WITH_TRANSFORMATION(#1543) 
SHAPE_REPRESENTATION_RELATIONSHIP() );
#1543 = ITEM_DEFINED_TRANSFORMATION('','',#11,#1183);
#1544 = PRODUCT_DEFINITION_SHAPE('Placement','Placement of an item',
  #1545);
#1545 = NEXT_ASSEMBLY_USAGE_OCCURRENCE('5','=>[0:1:1:7]','',#1177,#1200,
  $);
#1546 = PRODUCT_RELATED_PRODUCT_CATEGORY('part',$,(#1202));
#1547 = SHAPE_DEFINITION_REPRESENTATION(#1548,#1554);
#1548 = PRODUCT_DEFINITION_SHAPE('','',#1549);
#1549 = PRODUCT_DEFINITION('design','',#1550,#1553);
#1550 = PRODUCT_DEFINITION_FORMATION('','',#1551);
#1551 = PRODUCT('flat_tailgate_facet','flat_tailgate_facet','',(#1552));
#1552 = PRODUCT_CONTEXT('',#2,'mechanical');
#1553 = PRODUCT_DEFINITION_CONTEXT('part definition',#2,'design');
#1554 = SHAPE_REPRESENTATION('',(#11,#1555),#1559);
#1555 = AXIS2_PLACEMENT_3D('',#1556,#1557,#1558);
#1556 = CARTESIAN_POINT('',(-47.5,-925.,-265.));
#1557 = DIRECTION('',(0.,0.,1.));
#1558 = DIRECTION('',(1.,0.,0.));
#1559 = ( GEOMETRIC_REPRESENTATION_CONTEXT(3) 
GLOBAL_UNCERTAINTY_ASSIGNED_CONTEXT((#1563)) 
GLOBAL_UNIT_ASSIGNED_CONTEXT((#1560,#1561,#1562)) REPRESENTATION_CONTEXT
('Context #1','3D Context with UNIT and UNCERTAINTY') );
#1560 = ( LENGTH_UNIT() NAMED_UNIT(*) SI_UNIT(.MILLI.,.METRE.) );
#1561 = ( NAMED_UNIT(*) PLANE_ANGLE_UNIT() SI_UNIT($,.RADIAN.) );
#1562 = ( NAMED_UNIT(*) SI_UNIT($,.STERADIAN.) SOLID_ANGLE_UNIT() );
#1563 = UNCERTAINTY_MEASURE_WITH_UNIT(LENGTH_MEASURE(1.E-07),#1560,
  'distance_accuracy_value','confusion accuracy');
#1564 = CONTEXT_DEPENDENT_SHAPE_REPRESENTATION(#1565,#1567);
#1565 = ( REPRESENTATION_RELATIONSHIP('','',#1554,#10) 
REPRESENTATION_RELATIONSHIP_WITH_TRANSFORMATION(#1566) 
SHAPE_REPRESENTATION_RELATIONSHIP() );
#1566 = ITEM_DEFINED_TRANSFORMATION('','',#11,#27);
#1567 = PRODUCT_DEFINITION_SHAPE('Placement','Placement of an item',
  #1568);
#1568 = NEXT_ASSEMBLY_USAGE_OCCURRENCE('8','=>[0:1:1:8]','',#5,#1549,$);
#1569 = PRODUCT_RELATED_PRODUCT_CATEGORY('part',$,(#1551));
#1570 = SHAPE_DEFINITION_REPRESENTATION(#1571,#1577);
#1571 = PRODUCT_DEFINITION_SHAPE('','',#1572);
#1572 = PRODUCT_DEFINITION('design','',#1573,#1576);
#1573 = PRODUCT_DEFINITION_FORMATION('','',#1574);
#1574 = PRODUCT('SOLID','SOLID','',(#1575));
#1575 = PRODUCT_CONTEXT('',#2,'mechanical');
#1576 = PRODUCT_DEFINITION_CONTEXT('part definition',#2,'design');
#1577 = ADVANCED_BREP_SHAPE_REPRESENTATION('',(#11,#1578),#1908);
#1578 = MANIFOLD_SOLID_BREP('',#1579);
#1579 = CLOSED_SHELL('',(#1580,#1700,#1800,#1847,#1894,#1901));
#1580 = ADVANCED_FACE('',(#1581),#1595,.F.);
#1581 = FACE_BOUND('',#1582,.F.);
#1582 = EDGE_LOOP('',(#1583,#1618,#1646,#1674));
#1583 = ORIENTED_EDGE('',*,*,#1584,.F.);
#1584 = EDGE_CURVE('',#1585,#1587,#1589,.T.);
#1585 = VERTEX_POINT('',#1586);
#1586 = CARTESIAN_POINT('',(0.,0.,0.));
#1587 = VERTEX_POINT('',#1588);
#1588 = CARTESIAN_POINT('',(0.,0.,530.));
#1589 = SURFACE_CURVE('',#1590,(#1594,#1606),.PCURVE_S1.);
#1590 = LINE('',#1591,#1592);
#1591 = CARTESIAN_POINT('',(0.,0.,0.));
#1592 = VECTOR('',#1593,1.);
#1593 = DIRECTION('',(0.,0.,1.));
#1594 = PCURVE('',#1595,#1600);
#1595 = PLANE('',#1596);
#1596 = AXIS2_PLACEMENT_3D('',#1597,#1598,#1599);
#1597 = CARTESIAN_POINT('',(0.,0.,0.));
#1598 = DIRECTION('',(1.,0.,-0.));
#1599 = DIRECTION('',(0.,0.,1.));
#1600 = DEFINITIONAL_REPRESENTATION('',(#1601),#1605);
#1601 = LINE('',#1602,#1603);
#1602 = CARTESIAN_POINT('',(0.,0.));
#1603 = VECTOR('',#1604,1.);
#1604 = DIRECTION('',(1.,0.));
#1605 = ( GEOMETRIC_REPRESENTATION_CONTEXT(2) 
PARAMETRIC_REPRESENTATION_CONTEXT() REPRESENTATION_CONTEXT('2D SPACE',''
  ) );
#1606 = PCURVE('',#1607,#1612);
#1607 = PLANE('',#1608);
#1608 = AXIS2_PLACEMENT_3D('',#1609,#1610,#1611);
#1609 = CARTESIAN_POINT('',(0.,0.,0.));
#1610 = DIRECTION('',(-0.,1.,0.));
#1611 = DIRECTION('',(0.,0.,1.));
#1612 = DEFINITIONAL_REPRESENTATION('',(#1613),#1617);
#1613 = LINE('',#1614,#1615);
#1614 = CARTESIAN_POINT('',(0.,0.));
#1615 = VECTOR('',#1616,1.);
#1616 = DIRECTION('',(1.,0.));
#1617 = ( GEOMETRIC_REPRESENTATION_CONTEXT(2) 
PARAMETRIC_REPRESENTATION_CONTEXT() REPRESENTATION_CONTEXT('2D SPACE',''
  ) );
#1618 = ORIENTED_EDGE('',*,*,#1619,.T.);
#1619 = EDGE_CURVE('',#1585,#1620,#1622,.T.);
#1620 = VERTEX_POINT('',#1621);
#1621 = CARTESIAN_POINT('',(0.,1.85E+03,0.));
#1622 = SURFACE_CURVE('',#1623,(#1627,#1634),.PCURVE_S1.);
#1623 = LINE('',#1624,#1625);
#1624 = CARTESIAN_POINT('',(0.,0.,0.));
#1625 = VECTOR('',#1626,1.);
#1626 = DIRECTION('',(-0.,1.,0.));
#1627 = PCURVE('',#1595,#1628);
#1628 = DEFINITIONAL_REPRESENTATION('',(#1629),#1633);
#1629 = LINE('',#1630,#1631);
#1630 = CARTESIAN_POINT('',(0.,0.));
#1631 = VECTOR('',#1632,1.);
#1632 = DIRECTION('',(0.,-1.));
#1633 = ( GEOMETRIC_REPRESENTATION_CONTEXT(2) 
PARAMETRIC_REPRESENTATION_CONTEXT() REPRESENTATION_CONTEXT('2D SPACE',''
  ) );
#1634 = PCURVE('',#1635,#1640);
#1635 = PLANE('',#1636);
#1636 = AXIS2_PLACEMENT_3D('',#1637,#1638,#1639);
#1637 = CARTESIAN_POINT('',(0.,0.,0.));
#1638 = DIRECTION('',(0.,0.,1.));
#1639 = DIRECTION('',(1.,0.,-0.));
#1640 = DEFINITIONAL_REPRESENTATION('',(#1641),#1645);
#1641 = LINE('',#1642,#1643);
#1642 = CARTESIAN_POINT('',(0.,0.));
#1643 = VECTOR('',#1644,1.);
#1644 = DIRECTION('',(0.,1.));
#1645 = ( GEOMETRIC_REPRESENTATION_CONTEXT(2) 
PARAMETRIC_REPRESENTATION_CONTEXT() REPRESENTATION_CONTEXT('2D SPACE',''
  ) );
#1646 = ORIENTED_EDGE('',*,*,#1647,.T.);
#1647 = EDGE_CURVE('',#1620,#1648,#1650,.T.);
#1648 = VERTEX_POINT('',#1649);
#1649 = CARTESIAN_POINT('',(0.,1.85E+03,530.));
#1650 = SURFACE_CURVE('',#1651,(#1655,#1662),.PCURVE_S1.);
#1651 = LINE('',#1652,#1653);
#1652 = CARTESIAN_POINT('',(0.,1.85E+03,0.));
#1653 = VECTOR('',#1654,1.);
#1654 = DIRECTION('',(0.,0.,1.));
#1655 = PCURVE('',#1595,#1656);
#1656 = DEFINITIONAL_REPRESENTATION('',(#1657),#1661);
#1657 = LINE('',#1658,#1659);
#1658 = CARTESIAN_POINT('',(0.,-1.85E+03));
#1659 = VECTOR('',#1660,1.);
#1660 = DIRECTION('',(1.,0.));
#1661 = ( GEOMETRIC_REPRESENTATION_CONTEXT(2) 
PARAMETRIC_REPRESENTATION_CONTEXT() REPRESENTATION_CONTEXT('2D SPACE',''
  ) );
#1662 = PCURVE('',#1663,#1668);
#1663 = PLANE('',#1664);
#1664 = AXIS2_PLACEMENT_3D('',#1665,#1666,#1667);
#1665 = CARTESIAN_POINT('',(0.,1.85E+03,0.));
#1666 = DIRECTION('',(-0.,1.,0.));
#1667 = DIRECTION('',(0.,0.,1.));
#1668 = DEFINITIONAL_REPRESENTATION('',(#1669),#1673);
#1669 = LINE('',#1670,#1671);
#1670 = CARTESIAN_POINT('',(0.,0.));
#1671 = VECTOR('',#1672,1.);
#1672 = DIRECTION('',(1.,0.));
#1673 = ( GEOMETRIC_REPRESENTATION_CONTEXT(2) 
PARAMETRIC_REPRESENTATION_CONTEXT() REPRESENTATION_CONTEXT('2D SPACE',''
  ) );
#1674 = ORIENTED_EDGE('',*,*,#1675,.F.);
#1675 = EDGE_CURVE('',#1587,#1648,#1676,.T.);
#1676 = SURFACE_CURVE('',#1677,(#1681,#1688),.PCURVE_S1.);
#1677 = LINE('',#1678,#1679);
#1678 = CARTESIAN_POINT('',(0.,0.,530.));
#1679 = VECTOR('',#1680,1.);
#1680 = DIRECTION('',(-0.,1.,0.));
#1681 = PCURVE('',#1595,#1682);
#1682 = DEFINITIONAL_REPRESENTATION('',(#1683),#1687);
#1683 = LINE('',#1684,#1685);
#1684 = CARTESIAN_POINT('',(530.,0.));
#1685 = VECTOR('',#1686,1.);
#1686 = DIRECTION('',(0.,-1.));
#1687 = ( GEOMETRIC_REPRESENTATION_CONTEXT(2) 
PARAMETRIC_REPRESENTATION_CONTEXT() REPRESENTATION_CONTEXT('2D SPACE',''
  ) );
#1688 = PCURVE('',#1689,#1694);
#1689 = PLANE('',#1690);
#1690 = AXIS2_PLACEMENT_3D('',#1691,#1692,#1693);
#1691 = CARTESIAN_POINT('',(0.,0.,530.));
#1692 = DIRECTION('',(0.,0.,1.));
#1693 = DIRECTION('',(1.,0.,-0.));
#1694 = DEFINITIONAL_REPRESENTATION('',(#1695),#1699);
#1695 = LINE('',#1696,#1697);
#1696 = CARTESIAN_POINT('',(0.,0.));
#1697 = VECTOR('',#1698,1.);
#1698 = DIRECTION('',(0.,1.));
#1699 = ( GEOMETRIC_REPRESENTATION_CONTEXT(2) 
PARAMETRIC_REPRESENTATION_CONTEXT() REPRESENTATION_CONTEXT('2D SPACE',''
  ) );
#1700 = ADVANCED_FACE('',(#1701),#1715,.T.);
#1701 = FACE_BOUND('',#1702,.T.);
#1702 = EDGE_LOOP('',(#1703,#1733,#1756,#1779));
#1703 = ORIENTED_EDGE('',*,*,#1704,.F.);
#1704 = EDGE_CURVE('',#1705,#1707,#1709,.T.);
#1705 = VERTEX_POINT('',#1706);
#1706 = CARTESIAN_POINT('',(95.,0.,0.));
#1707 = VERTEX_POINT('',#1708);
#1708 = CARTESIAN_POINT('',(95.,0.,530.));
#1709 = SURFACE_CURVE('',#1710,(#1714,#1726),.PCURVE_S1.);
#1710 = LINE('',#1711,#1712);
#1711 = CARTESIAN_POINT('',(95.,0.,0.));
#1712 = VECTOR('',#1713,1.);
#1713 = DIRECTION('',(0.,0.,1.));
#1714 = PCURVE('',#1715,#1720);
#1715 = PLANE('',#1716);
#1716 = AXIS2_PLACEMENT_3D('',#1717,#1718,#1719);
#1717 = CARTESIAN_POINT('',(95.,0.,0.));
#1718 = DIRECTION('',(1.,0.,-0.));
#1719 = DIRECTION('',(0.,0.,1.));
#1720 = DEFINITIONAL_REPRESENTATION('',(#1721),#1725);
#1721 = LINE('',#1722,#1723);
#1722 = CARTESIAN_POINT('',(0.,0.));
#1723 = VECTOR('',#1724,1.);
#1724 = DIRECTION('',(1.,0.));
#1725 = ( GEOMETRIC_REPRESENTATION_CONTEXT(2) 
PARAMETRIC_REPRESENTATION_CONTEXT() REPRESENTATION_CONTEXT('2D SPACE',''
  ) );
#1726 = PCURVE('',#1607,#1727);
#1727 = DEFINITIONAL_REPRESENTATION('',(#1728),#1732);
#1728 = LINE('',#1729,#1730);
#1729 = CARTESIAN_POINT('',(0.,95.));
#1730 = VECTOR('',#1731,1.);
#1731 = DIRECTION('',(1.,0.));
#1732 = ( GEOMETRIC_REPRESENTATION_CONTEXT(2) 
PARAMETRIC_REPRESENTATION_CONTEXT() REPRESENTATION_CONTEXT('2D SPACE',''
  ) );
#1733 = ORIENTED_EDGE('',*,*,#1734,.T.);
#1734 = EDGE_CURVE('',#1705,#1735,#1737,.T.);
#1735 = VERTEX_POINT('',#1736);
#1736 = CARTESIAN_POINT('',(95.,1.85E+03,0.));
#1737 = SURFACE_CURVE('',#1738,(#1742,#1749),.PCURVE_S1.);
#1738 = LINE('',#1739,#1740);
#1739 = CARTESIAN_POINT('',(95.,0.,0.));
#1740 = VECTOR('',#1741,1.);
#1741 = DIRECTION('',(-0.,1.,0.));
#1742 = PCURVE('',#1715,#1743);
#1743 = DEFINITIONAL_REPRESENTATION('',(#1744),#1748);
#1744 = LINE('',#1745,#1746);
#1745 = CARTESIAN_POINT('',(0.,0.));
#1746 = VECTOR('',#1747,1.);
#1747 = DIRECTION('',(0.,-1.));
#1748 = ( GEOMETRIC_REPRESENTATION_CONTEXT(2) 
PARAMETRIC_REPRESENTATION_CONTEXT() REPRESENTATION_CONTEXT('2D SPACE',''
  ) );
#1749 = PCURVE('',#1635,#1750);
#1750 = DEFINITIONAL_REPRESENTATION('',(#1751),#1755);
#1751 = LINE('',#1752,#1753);
#1752 = CARTESIAN_POINT('',(95.,0.));
#1753 = VECTOR('',#1754,1.);
#1754 = DIRECTION('',(0.,1.));
#1755 = ( GEOMETRIC_REPRESENTATION_CONTEXT(2) 
PARAMETRIC_REPRESENTATION_CONTEXT() REPRESENTATION_CONTEXT('2D SPACE',''
  ) );
#1756 = ORIENTED_EDGE('',*,*,#1757,.T.);
#1757 = EDGE_CURVE('',#1735,#1758,#1760,.T.);
#1758 = VERTEX_POINT('',#1759);
#1759 = CARTESIAN_POINT('',(95.,1.85E+03,530.));
#1760 = SURFACE_CURVE('',#1761,(#1765,#1772),.PCURVE_S1.);
#1761 = LINE('',#1762,#1763);
#1762 = CARTESIAN_POINT('',(95.,1.85E+03,0.));
#1763 = VECTOR('',#1764,1.);
#1764 = DIRECTION('',(0.,0.,1.));
#1765 = PCURVE('',#1715,#1766);
#1766 = DEFINITIONAL_REPRESENTATION('',(#1767),#1771);
#1767 = LINE('',#1768,#1769);
#1768 = CARTESIAN_POINT('',(0.,-1.85E+03));
#1769 = VECTOR('',#1770,1.);
#1770 = DIRECTION('',(1.,0.));
#1771 = ( GEOMETRIC_REPRESENTATION_CONTEXT(2) 
PARAMETRIC_REPRESENTATION_CONTEXT() REPRESENTATION_CONTEXT('2D SPACE',''
  ) );
#1772 = PCURVE('',#1663,#1773);
#1773 = DEFINITIONAL_REPRESENTATION('',(#1774),#1778);
#1774 = LINE('',#1775,#1776);
#1775 = CARTESIAN_POINT('',(0.,95.));
#1776 = VECTOR('',#1777,1.);
#1777 = DIRECTION('',(1.,0.));
#1778 = ( GEOMETRIC_REPRESENTATION_CONTEXT(2) 
PARAMETRIC_REPRESENTATION_CONTEXT() REPRESENTATION_CONTEXT('2D SPACE',''
  ) );
#1779 = ORIENTED_EDGE('',*,*,#1780,.F.);
#1780 = EDGE_CURVE('',#1707,#1758,#1781,.T.);
#1781 = SURFACE_CURVE('',#1782,(#1786,#1793),.PCURVE_S1.);
#1782 = LINE('',#1783,#1784);
#1783 = CARTESIAN_POINT('',(95.,0.,530.));
#1784 = VECTOR('',#1785,1.);
#1785 = DIRECTION('',(-0.,1.,0.));
#1786 = PCURVE('',#1715,#1787);
#1787 = DEFINITIONAL_REPRESENTATION('',(#1788),#1792);
#1788 = LINE('',#1789,#1790);
#1789 = CARTESIAN_POINT('',(530.,0.));
#1790 = VECTOR('',#1791,1.);
#1791 = DIRECTION('',(0.,-1.));
#1792 = ( GEOMETRIC_REPRESENTATION_CONTEXT(2) 
PARAMETRIC_REPRESENTATION_CONTEXT() REPRESENTATION_CONTEXT('2D SPACE',''
  ) );
#1793 = PCURVE('',#1689,#1794);
#1794 = DEFINITIONAL_REPRESENTATION('',(#1795),#1799);
#1795 = LINE('',#1796,#1797);
#1796 = CARTESIAN_POINT('',(95.,0.));
#1797 = VECTOR('',#1798,1.);
#1798 = DIRECTION('',(0.,1.));
#1799 = ( GEOMETRIC_REPRESENTATION_CONTEXT(2) 
PARAMETRIC_REPRESENTATION_CONTEXT() REPRESENTATION_CONTEXT('2D SPACE',''
  ) );
#1800 = ADVANCED_FACE('',(#1801),#1607,.F.);
#1801 = FACE_BOUND('',#1802,.F.);
#1802 = EDGE_LOOP('',(#1803,#1824,#1825,#1846));
#1803 = ORIENTED_EDGE('',*,*,#1804,.F.);
#1804 = EDGE_CURVE('',#1585,#1705,#1805,.T.);
#1805 = SURFACE_CURVE('',#1806,(#1810,#1817),.PCURVE_S1.);
#1806 = LINE('',#1807,#1808);
#1807 = CARTESIAN_POINT('',(0.,0.,0.));
#1808 = VECTOR('',#1809,1.);
#1809 = DIRECTION('',(1.,0.,-0.));
#1810 = PCURVE('',#1607,#1811);
#1811 = DEFINITIONAL_REPRESENTATION('',(#1812),#1816);
#1812 = LINE('',#1813,#1814);
#1813 = CARTESIAN_POINT('',(0.,0.));
#1814 = VECTOR('',#1815,1.);
#1815 = DIRECTION('',(0.,1.));
#1816 = ( GEOMETRIC_REPRESENTATION_CONTEXT(2) 
PARAMETRIC_REPRESENTATION_CONTEXT() REPRESENTATION_CONTEXT('2D SPACE',''
  ) );
#1817 = PCURVE('',#1635,#1818);
#1818 = DEFINITIONAL_REPRESENTATION('',(#1819),#1823);
#1819 = LINE('',#1820,#1821);
#1820 = CARTESIAN_POINT('',(0.,0.));
#1821 = VECTOR('',#1822,1.);
#1822 = DIRECTION('',(1.,0.));
#1823 = ( GEOMETRIC_REPRESENTATION_CONTEXT(2) 
PARAMETRIC_REPRESENTATION_CONTEXT() REPRESENTATION_CONTEXT('2D SPACE',''
  ) );
#1824 = ORIENTED_EDGE('',*,*,#1584,.T.);
#1825 = ORIENTED_EDGE('',*,*,#1826,.T.);
#1826 = EDGE_CURVE('',#1587,#1707,#1827,.T.);
#1827 = SURFACE_CURVE('',#1828,(#1832,#1839),.PCURVE_S1.);
#1828 = LINE('',#1829,#1830);
#1829 = CARTESIAN_POINT('',(0.,0.,530.));
#1830 = VECTOR('',#1831,1.);
#1831 = DIRECTION('',(1.,0.,-0.));
#1832 = PCURVE('',#1607,#1833);
#1833 = DEFINITIONAL_REPRESENTATION('',(#1834),#1838);
#1834 = LINE('',#1835,#1836);
#1835 = CARTESIAN_POINT('',(530.,0.));
#1836 = VECTOR('',#1837,1.);
#1837 = DIRECTION('',(0.,1.));
#1838 = ( GEOMETRIC_REPRESENTATION_CONTEXT(2) 
PARAMETRIC_REPRESENTATION_CONTEXT() REPRESENTATION_CONTEXT('2D SPACE',''
  ) );
#1839 = PCURVE('',#1689,#1840);
#1840 = DEFINITIONAL_REPRESENTATION('',(#1841),#1845);
#1841 = LINE('',#1842,#1843);
#1842 = CARTESIAN_POINT('',(0.,0.));
#1843 = VECTOR('',#1844,1.);
#1844 = DIRECTION('',(1.,0.));
#1845 = ( GEOMETRIC_REPRESENTATION_CONTEXT(2) 
PARAMETRIC_REPRESENTATION_CONTEXT() REPRESENTATION_CONTEXT('2D SPACE',''
  ) );
#1846 = ORIENTED_EDGE('',*,*,#1704,.F.);
#1847 = ADVANCED_FACE('',(#1848),#1663,.T.);
#1848 = FACE_BOUND('',#1849,.T.);
#1849 = EDGE_LOOP('',(#1850,#1871,#1872,#1893));
#1850 = ORIENTED_EDGE('',*,*,#1851,.F.);
#1851 = EDGE_CURVE('',#1620,#1735,#1852,.T.);
#1852 = SURFACE_CURVE('',#1853,(#1857,#1864),.PCURVE_S1.);
#1853 = LINE('',#1854,#1855);
#1854 = CARTESIAN_POINT('',(0.,1.85E+03,0.));
#1855 = VECTOR('',#1856,1.);
#1856 = DIRECTION('',(1.,0.,-0.));
#1857 = PCURVE('',#1663,#1858);
#1858 = DEFINITIONAL_REPRESENTATION('',(#1859),#1863);
#1859 = LINE('',#1860,#1861);
#1860 = CARTESIAN_POINT('',(0.,0.));
#1861 = VECTOR('',#1862,1.);
#1862 = DIRECTION('',(0.,1.));
#1863 = ( GEOMETRIC_REPRESENTATION_CONTEXT(2) 
PARAMETRIC_REPRESENTATION_CONTEXT() REPRESENTATION_CONTEXT('2D SPACE',''
  ) );
#1864 = PCURVE('',#1635,#1865);
#1865 = DEFINITIONAL_REPRESENTATION('',(#1866),#1870);
#1866 = LINE('',#1867,#1868);
#1867 = CARTESIAN_POINT('',(0.,1.85E+03));
#1868 = VECTOR('',#1869,1.);
#1869 = DIRECTION('',(1.,0.));
#1870 = ( GEOMETRIC_REPRESENTATION_CONTEXT(2) 
PARAMETRIC_REPRESENTATION_CONTEXT() REPRESENTATION_CONTEXT('2D SPACE',''
  ) );
#1871 = ORIENTED_EDGE('',*,*,#1647,.T.);
#1872 = ORIENTED_EDGE('',*,*,#1873,.T.);
#1873 = EDGE_CURVE('',#1648,#1758,#1874,.T.);
#1874 = SURFACE_CURVE('',#1875,(#1879,#1886),.PCURVE_S1.);
#1875 = LINE('',#1876,#1877);
#1876 = CARTESIAN_POINT('',(0.,1.85E+03,530.));
#1877 = VECTOR('',#1878,1.);
#1878 = DIRECTION('',(1.,0.,-0.));
#1879 = PCURVE('',#1663,#1880);
#1880 = DEFINITIONAL_REPRESENTATION('',(#1881),#1885);
#1881 = LINE('',#1882,#1883);
#1882 = CARTESIAN_POINT('',(530.,0.));
#1883 = VECTOR('',#1884,1.);
#1884 = DIRECTION('',(0.,1.));
#1885 = ( GEOMETRIC_REPRESENTATION_CONTEXT(2) 
PARAMETRIC_REPRESENTATION_CONTEXT() REPRESENTATION_CONTEXT('2D SPACE',''
  ) );
#1886 = PCURVE('',#1689,#1887);
#1887 = DEFINITIONAL_REPRESENTATION('',(#1888),#1892);
#1888 = LINE('',#1889,#1890);
#1889 = CARTESIAN_POINT('',(0.,1.85E+03));
#1890 = VECTOR('',#1891,1.);
#1891 = DIRECTION('',(1.,0.));
#1892 = ( GEOMETRIC_REPRESENTATION_CONTEXT(2) 
PARAMETRIC_REPRESENTATION_CONTEXT() REPRESENTATION_CONTEXT('2D SPACE',''
  ) );
#1893 = ORIENTED_EDGE('',*,*,#1757,.F.);
#1894 = ADVANCED_FACE('',(#1895),#1635,.F.);
#1895 = FACE_BOUND('',#1896,.F.);
#1896 = EDGE_LOOP('',(#1897,#1898,#1899,#1900));
#1897 = ORIENTED_EDGE('',*,*,#1619,.F.);
#1898 = ORIENTED_EDGE('',*,*,#1804,.T.);
#1899 = ORIENTED_EDGE('',*,*,#1734,.T.);
#1900 = ORIENTED_EDGE('',*,*,#1851,.F.);
#1901 = ADVANCED_FACE('',(#1902),#1689,.T.);
#1902 = FACE_BOUND('',#1903,.T.);
#1903 = EDGE_LOOP('',(#1904,#1905,#1906,#1907));
#1904 = ORIENTED_EDGE('',*,*,#1675,.F.);
#1905 = ORIENTED_EDGE('',*,*,#1826,.T.);
#1906 = ORIENTED_EDGE('',*,*,#1780,.T.);
#1907 = ORIENTED_EDGE('',*,*,#1873,.F.);
#1908 = ( GEOMETRIC_REPRESENTATION_CONTEXT(3) 
GLOBAL_UNCERTAINTY_ASSIGNED_CONTEXT((#1912)) 
GLOBAL_UNIT_ASSIGNED_CONTEXT((#1909,#1910,#1911)) REPRESENTATION_CONTEXT
('Context #1','3D Context with UNIT and UNCERTAINTY') );
#1909 = ( LENGTH_UNIT() NAMED_UNIT(*) SI_UNIT(.MILLI.,.METRE.) );
#1910 = ( NAMED_UNIT(*) PLANE_ANGLE_UNIT() SI_UNIT($,.RADIAN.) );
#1911 = ( NAMED_UNIT(*) SI_UNIT($,.STERADIAN.) SOLID_ANGLE_UNIT() );
#1912 = UNCERTAINTY_MEASURE_WITH_UNIT(LENGTH_MEASURE(1.E-07),#1909,
  'distance_accuracy_value','confusion accuracy');
#1913 = CONTEXT_DEPENDENT_SHAPE_REPRESENTATION(#1914,#1916);
#1914 = ( REPRESENTATION_RELATIONSHIP('','',#1577,#1554) 
REPRESENTATION_RELATIONSHIP_WITH_TRANSFORMATION(#1915) 
SHAPE_REPRESENTATION_RELATIONSHIP() );
#1915 = ITEM_DEFINED_TRANSFORMATION('','',#11,#1555);
#1916 = PRODUCT_DEFINITION_SHAPE('Placement','Placement of an item',
  #1917);
#1917 = NEXT_ASSEMBLY_USAGE_OCCURRENCE('7','=>[0:1:1:9]','',#1549,#1572,
  $);
#1918 = PRODUCT_RELATED_PRODUCT_CATEGORY('part',$,(#1574));
#1919 = SHAPE_DEFINITION_REPRESENTATION(#1920,#1926);
#1920 = PRODUCT_DEFINITION_SHAPE('','',#1921);
#1921 = PRODUCT_DEFINITION('design','',#1922,#1925);
#1922 = PRODUCT_DEFINITION_FORMATION('','',#1923);
#1923 = PRODUCT('thin_flush_short_bed_cover_seam',
  'thin_flush_short_bed_cover_seam','',(#1924));
#1924 = PRODUCT_CONTEXT('',#2,'mechanical');
#1925 = PRODUCT_DEFINITION_CONTEXT('part definition',#2,'design');
#1926 = SHAPE_REPRESENTATION('',(#11,#1927),#1931);
#1927 = AXIS2_PLACEMENT_3D('',#1928,#1929,#1930);
#1928 = CARTESIAN_POINT('',(-785.,-670.,-5.));
#1929 = DIRECTION('',(0.,0.,1.));
#1930 = DIRECTION('',(1.,0.,0.));
#1931 = ( GEOMETRIC_REPRESENTATION_CONTEXT(3) 
GLOBAL_UNCERTAINTY_ASSIGNED_CONTEXT((#1935)) 
GLOBAL_UNIT_ASSIGNED_CONTEXT((#1932,#1933,#1934)) REPRESENTATION_CONTEXT
('Context #1','3D Context with UNIT and UNCERTAINTY') );
#1932 = ( LENGTH_UNIT() NAMED_UNIT(*) SI_UNIT(.MILLI.,.METRE.) );
#1933 = ( NAMED_UNIT(*) PLANE_ANGLE_UNIT() SI_UNIT($,.RADIAN.) );
#1934 = ( NAMED_UNIT(*) SI_UNIT($,.STERADIAN.) SOLID_ANGLE_UNIT() );
#1935 = UNCERTAINTY_MEASURE_WITH_UNIT(LENGTH_MEASURE(1.E-07),#1932,
  'distance_accuracy_value','confusion accuracy');
#1936 = CONTEXT_DEPENDENT_SHAPE_REPRESENTATION(#1937,#1939);
#1937 = ( REPRESENTATION_RELATIONSHIP('','',#1926,#10) 
REPRESENTATION_RELATIONSHIP_WITH_TRANSFORMATION(#1938) 
SHAPE_REPRESENTATION_RELATIONSHIP() );
#1938 = ITEM_DEFINED_TRANSFORMATION('','',#11,#31);
#1939 = PRODUCT_DEFINITION_SHAPE('Placement','Placement of an item',
  #1940);
#1940 = NEXT_ASSEMBLY_USAGE_OCCURRENCE('10','=>[0:1:1:10]','',#5,#1921,$
  );
#1941 = PRODUCT_RELATED_PRODUCT_CATEGORY('part',$,(#1923));
#1942 = SHAPE_DEFINITION_REPRESENTATION(#1943,#1949);
#1943 = PRODUCT_DEFINITION_SHAPE('','',#1944);
#1944 = PRODUCT_DEFINITION('design','',#1945,#1948);
#1945 = PRODUCT_DEFINITION_FORMATION('','',#1946);
#1946 = PRODUCT('SOLID','SOLID','',(#1947));
#1947 = PRODUCT_CONTEXT('',#2,'mechanical');
#1948 = PRODUCT_DEFINITION_CONTEXT('part definition',#2,'design');
#1949 = ADVANCED_BREP_SHAPE_REPRESENTATION('',(#11,#1950),#2280);
#1950 = MANIFOLD_SOLID_BREP('',#1951);
#1951 = CLOSED_SHELL('',(#1952,#2072,#2172,#2219,#2266,#2273));
#1952 = ADVANCED_FACE('',(#1953),#1967,.F.);
#1953 = FACE_BOUND('',#1954,.F.);
#1954 = EDGE_LOOP('',(#1955,#1990,#2018,#2046));
#1955 = ORIENTED_EDGE('',*,*,#1956,.F.);
#1956 = EDGE_CURVE('',#1957,#1959,#1961,.T.);
#1957 = VERTEX_POINT('',#1958);
#1958 = CARTESIAN_POINT('',(0.,0.,0.));
#1959 = VERTEX_POINT('',#1960);
#1960 = CARTESIAN_POINT('',(0.,0.,10.));
#1961 = SURFACE_CURVE('',#1962,(#1966,#1978),.PCURVE_S1.);
#1962 = LINE('',#1963,#1964);
#1963 = CARTESIAN_POINT('',(0.,0.,0.));
#1964 = VECTOR('',#1965,1.);
#1965 = DIRECTION('',(0.,0.,1.));
#1966 = PCURVE('',#1967,#1972);
#1967 = PLANE('',#1968);
#1968 = AXIS2_PLACEMENT_3D('',#1969,#1970,#1971);
#1969 = CARTESIAN_POINT('',(0.,0.,0.));
#1970 = DIRECTION('',(1.,0.,-0.));
#1971 = DIRECTION('',(0.,0.,1.));
#1972 = DEFINITIONAL_REPRESENTATION('',(#1973),#1977);
#1973 = LINE('',#1974,#1975);
#1974 = CARTESIAN_POINT('',(0.,0.));
#1975 = VECTOR('',#1976,1.);
#1976 = DIRECTION('',(1.,0.));
#1977 = ( GEOMETRIC_REPRESENTATION_CONTEXT(2) 
PARAMETRIC_REPRESENTATION_CONTEXT() REPRESENTATION_CONTEXT('2D SPACE',''
  ) );
#1978 = PCURVE('',#1979,#1984);
#1979 = PLANE('',#1980);
#1980 = AXIS2_PLACEMENT_3D('',#1981,#1982,#1983);
#1981 = CARTESIAN_POINT('',(0.,0.,0.));
#1982 = DIRECTION('',(-0.,1.,0.));
#1983 = DIRECTION('',(0.,0.,1.));
#1984 = DEFINITIONAL_REPRESENTATION('',(#1985),#1989);
#1985 = LINE('',#1986,#1987);
#1986 = CARTESIAN_POINT('',(0.,0.));
#1987 = VECTOR('',#1988,1.);
#1988 = DIRECTION('',(1.,0.));
#1989 = ( GEOMETRIC_REPRESENTATION_CONTEXT(2) 
PARAMETRIC_REPRESENTATION_CONTEXT() REPRESENTATION_CONTEXT('2D SPACE',''
  ) );
#1990 = ORIENTED_EDGE('',*,*,#1991,.T.);
#1991 = EDGE_CURVE('',#1957,#1992,#1994,.T.);
#1992 = VERTEX_POINT('',#1993);
#1993 = CARTESIAN_POINT('',(0.,1.34E+03,0.));
#1994 = SURFACE_CURVE('',#1995,(#1999,#2006),.PCURVE_S1.);
#1995 = LINE('',#1996,#1997);
#1996 = CARTESIAN_POINT('',(0.,0.,0.));
#1997 = VECTOR('',#1998,1.);
#1998 = DIRECTION('',(-0.,1.,0.));
#1999 = PCURVE('',#1967,#2000);
#2000 = DEFINITIONAL_REPRESENTATION('',(#2001),#2005);
#2001 = LINE('',#2002,#2003);
#2002 = CARTESIAN_POINT('',(0.,0.));
#2003 = VECTOR('',#2004,1.);
#2004 = DIRECTION('',(0.,-1.));
#2005 = ( GEOMETRIC_REPRESENTATION_CONTEXT(2) 
PARAMETRIC_REPRESENTATION_CONTEXT() REPRESENTATION_CONTEXT('2D SPACE',''
  ) );
#2006 = PCURVE('',#2007,#2012);
#2007 = PLANE('',#2008);
#2008 = AXIS2_PLACEMENT_3D('',#2009,#2010,#2011);
#2009 = CARTESIAN_POINT('',(0.,0.,0.));
#2010 = DIRECTION('',(0.,0.,1.));
#2011 = DIRECTION('',(1.,0.,-0.));
#2012 = DEFINITIONAL_REPRESENTATION('',(#2013),#2017);
#2013 = LINE('',#2014,#2015);
#2014 = CARTESIAN_POINT('',(0.,0.));
#2015 = VECTOR('',#2016,1.);
#2016 = DIRECTION('',(0.,1.));
#2017 = ( GEOMETRIC_REPRESENTATION_CONTEXT(2) 
PARAMETRIC_REPRESENTATION_CONTEXT() REPRESENTATION_CONTEXT('2D SPACE',''
  ) );
#2018 = ORIENTED_EDGE('',*,*,#2019,.T.);
#2019 = EDGE_CURVE('',#1992,#2020,#2022,.T.);
#2020 = VERTEX_POINT('',#2021);
#2021 = CARTESIAN_POINT('',(0.,1.34E+03,10.));
#2022 = SURFACE_CURVE('',#2023,(#2027,#2034),.PCURVE_S1.);
#2023 = LINE('',#2024,#2025);
#2024 = CARTESIAN_POINT('',(0.,1.34E+03,0.));
#2025 = VECTOR('',#2026,1.);
#2026 = DIRECTION('',(0.,0.,1.));
#2027 = PCURVE('',#1967,#2028);
#2028 = DEFINITIONAL_REPRESENTATION('',(#2029),#2033);
#2029 = LINE('',#2030,#2031);
#2030 = CARTESIAN_POINT('',(0.,-1.34E+03));
#2031 = VECTOR('',#2032,1.);
#2032 = DIRECTION('',(1.,0.));
#2033 = ( GEOMETRIC_REPRESENTATION_CONTEXT(2) 
PARAMETRIC_REPRESENTATION_CONTEXT() REPRESENTATION_CONTEXT('2D SPACE',''
  ) );
#2034 = PCURVE('',#2035,#2040);
#2035 = PLANE('',#2036);
#2036 = AXIS2_PLACEMENT_3D('',#2037,#2038,#2039);
#2037 = CARTESIAN_POINT('',(0.,1.34E+03,0.));
#2038 = DIRECTION('',(-0.,1.,0.));
#2039 = DIRECTION('',(0.,0.,1.));
#2040 = DEFINITIONAL_REPRESENTATION('',(#2041),#2045);
#2041 = LINE('',#2042,#2043);
#2042 = CARTESIAN_POINT('',(0.,0.));
#2043 = VECTOR('',#2044,1.);
#2044 = DIRECTION('',(1.,0.));
#2045 = ( GEOMETRIC_REPRESENTATION_CONTEXT(2) 
PARAMETRIC_REPRESENTATION_CONTEXT() REPRESENTATION_CONTEXT('2D SPACE',''
  ) );
#2046 = ORIENTED_EDGE('',*,*,#2047,.F.);
#2047 = EDGE_CURVE('',#1959,#2020,#2048,.T.);
#2048 = SURFACE_CURVE('',#2049,(#2053,#2060),.PCURVE_S1.);
#2049 = LINE('',#2050,#2051);
#2050 = CARTESIAN_POINT('',(0.,0.,10.));
#2051 = VECTOR('',#2052,1.);
#2052 = DIRECTION('',(-0.,1.,0.));
#2053 = PCURVE('',#1967,#2054);
#2054 = DEFINITIONAL_REPRESENTATION('',(#2055),#2059);
#2055 = LINE('',#2056,#2057);
#2056 = CARTESIAN_POINT('',(10.,0.));
#2057 = VECTOR('',#2058,1.);
#2058 = DIRECTION('',(0.,-1.));
#2059 = ( GEOMETRIC_REPRESENTATION_CONTEXT(2) 
PARAMETRIC_REPRESENTATION_CONTEXT() REPRESENTATION_CONTEXT('2D SPACE',''
  ) );
#2060 = PCURVE('',#2061,#2066);
#2061 = PLANE('',#2062);
#2062 = AXIS2_PLACEMENT_3D('',#2063,#2064,#2065);
#2063 = CARTESIAN_POINT('',(0.,0.,10.));
#2064 = DIRECTION('',(0.,0.,1.));
#2065 = DIRECTION('',(1.,0.,-0.));
#2066 = DEFINITIONAL_REPRESENTATION('',(#2067),#2071);
#2067 = LINE('',#2068,#2069);
#2068 = CARTESIAN_POINT('',(0.,0.));
#2069 = VECTOR('',#2070,1.);
#2070 = DIRECTION('',(0.,1.));
#2071 = ( GEOMETRIC_REPRESENTATION_CONTEXT(2) 
PARAMETRIC_REPRESENTATION_CONTEXT() REPRESENTATION_CONTEXT('2D SPACE',''
  ) );
#2072 = ADVANCED_FACE('',(#2073),#2087,.T.);
#2073 = FACE_BOUND('',#2074,.T.);
#2074 = EDGE_LOOP('',(#2075,#2105,#2128,#2151));
#2075 = ORIENTED_EDGE('',*,*,#2076,.F.);
#2076 = EDGE_CURVE('',#2077,#2079,#2081,.T.);
#2077 = VERTEX_POINT('',#2078);
#2078 = CARTESIAN_POINT('',(1.57E+03,0.,0.));
#2079 = VERTEX_POINT('',#2080);
#2080 = CARTESIAN_POINT('',(1.57E+03,0.,10.));
#2081 = SURFACE_CURVE('',#2082,(#2086,#2098),.PCURVE_S1.);
#2082 = LINE('',#2083,#2084);
#2083 = CARTESIAN_POINT('',(1.57E+03,0.,0.));
#2084 = VECTOR('',#2085,1.);
#2085 = DIRECTION('',(0.,0.,1.));
#2086 = PCURVE('',#2087,#2092);
#2087 = PLANE('',#2088);
#2088 = AXIS2_PLACEMENT_3D('',#2089,#2090,#2091);
#2089 = CARTESIAN_POINT('',(1.57E+03,0.,0.));
#2090 = DIRECTION('',(1.,0.,-0.));
#2091 = DIRECTION('',(0.,0.,1.));
#2092 = DEFINITIONAL_REPRESENTATION('',(#2093),#2097);
#2093 = LINE('',#2094,#2095);
#2094 = CARTESIAN_POINT('',(0.,0.));
#2095 = VECTOR('',#2096,1.);
#2096 = DIRECTION('',(1.,0.));
#2097 = ( GEOMETRIC_REPRESENTATION_CONTEXT(2) 
PARAMETRIC_REPRESENTATION_CONTEXT() REPRESENTATION_CONTEXT('2D SPACE',''
  ) );
#2098 = PCURVE('',#1979,#2099);
#2099 = DEFINITIONAL_REPRESENTATION('',(#2100),#2104);
#2100 = LINE('',#2101,#2102);
#2101 = CARTESIAN_POINT('',(0.,1.57E+03));
#2102 = VECTOR('',#2103,1.);
#2103 = DIRECTION('',(1.,0.));
#2104 = ( GEOMETRIC_REPRESENTATION_CONTEXT(2) 
PARAMETRIC_REPRESENTATION_CONTEXT() REPRESENTATION_CONTEXT('2D SPACE',''
  ) );
#2105 = ORIENTED_EDGE('',*,*,#2106,.T.);
#2106 = EDGE_CURVE('',#2077,#2107,#2109,.T.);
#2107 = VERTEX_POINT('',#2108);
#2108 = CARTESIAN_POINT('',(1.57E+03,1.34E+03,0.));
#2109 = SURFACE_CURVE('',#2110,(#2114,#2121),.PCURVE_S1.);
#2110 = LINE('',#2111,#2112);
#2111 = CARTESIAN_POINT('',(1.57E+03,0.,0.));
#2112 = VECTOR('',#2113,1.);
#2113 = DIRECTION('',(-0.,1.,0.));
#2114 = PCURVE('',#2087,#2115);
#2115 = DEFINITIONAL_REPRESENTATION('',(#2116),#2120);
#2116 = LINE('',#2117,#2118);
#2117 = CARTESIAN_POINT('',(0.,0.));
#2118 = VECTOR('',#2119,1.);
#2119 = DIRECTION('',(0.,-1.));
#2120 = ( GEOMETRIC_REPRESENTATION_CONTEXT(2) 
PARAMETRIC_REPRESENTATION_CONTEXT() REPRESENTATION_CONTEXT('2D SPACE',''
  ) );
#2121 = PCURVE('',#2007,#2122);
#2122 = DEFINITIONAL_REPRESENTATION('',(#2123),#2127);
#2123 = LINE('',#2124,#2125);
#2124 = CARTESIAN_POINT('',(1.57E+03,0.));
#2125 = VECTOR('',#2126,1.);
#2126 = DIRECTION('',(0.,1.));
#2127 = ( GEOMETRIC_REPRESENTATION_CONTEXT(2) 
PARAMETRIC_REPRESENTATION_CONTEXT() REPRESENTATION_CONTEXT('2D SPACE',''
  ) );
#2128 = ORIENTED_EDGE('',*,*,#2129,.T.);
#2129 = EDGE_CURVE('',#2107,#2130,#2132,.T.);
#2130 = VERTEX_POINT('',#2131);
#2131 = CARTESIAN_POINT('',(1.57E+03,1.34E+03,10.));
#2132 = SURFACE_CURVE('',#2133,(#2137,#2144),.PCURVE_S1.);
#2133 = LINE('',#2134,#2135);
#2134 = CARTESIAN_POINT('',(1.57E+03,1.34E+03,0.));
#2135 = VECTOR('',#2136,1.);
#2136 = DIRECTION('',(0.,0.,1.));
#2137 = PCURVE('',#2087,#2138);
#2138 = DEFINITIONAL_REPRESENTATION('',(#2139),#2143);
#2139 = LINE('',#2140,#2141);
#2140 = CARTESIAN_POINT('',(0.,-1.34E+03));
#2141 = VECTOR('',#2142,1.);
#2142 = DIRECTION('',(1.,0.));
#2143 = ( GEOMETRIC_REPRESENTATION_CONTEXT(2) 
PARAMETRIC_REPRESENTATION_CONTEXT() REPRESENTATION_CONTEXT('2D SPACE',''
  ) );
#2144 = PCURVE('',#2035,#2145);
#2145 = DEFINITIONAL_REPRESENTATION('',(#2146),#2150);
#2146 = LINE('',#2147,#2148);
#2147 = CARTESIAN_POINT('',(0.,1.57E+03));
#2148 = VECTOR('',#2149,1.);
#2149 = DIRECTION('',(1.,0.));
#2150 = ( GEOMETRIC_REPRESENTATION_CONTEXT(2) 
PARAMETRIC_REPRESENTATION_CONTEXT() REPRESENTATION_CONTEXT('2D SPACE',''
  ) );
#2151 = ORIENTED_EDGE('',*,*,#2152,.F.);
#2152 = EDGE_CURVE('',#2079,#2130,#2153,.T.);
#2153 = SURFACE_CURVE('',#2154,(#2158,#2165),.PCURVE_S1.);
#2154 = LINE('',#2155,#2156);
#2155 = CARTESIAN_POINT('',(1.57E+03,0.,10.));
#2156 = VECTOR('',#2157,1.);
#2157 = DIRECTION('',(-0.,1.,0.));
#2158 = PCURVE('',#2087,#2159);
#2159 = DEFINITIONAL_REPRESENTATION('',(#2160),#2164);
#2160 = LINE('',#2161,#2162);
#2161 = CARTESIAN_POINT('',(10.,0.));
#2162 = VECTOR('',#2163,1.);
#2163 = DIRECTION('',(0.,-1.));
#2164 = ( GEOMETRIC_REPRESENTATION_CONTEXT(2) 
PARAMETRIC_REPRESENTATION_CONTEXT() REPRESENTATION_CONTEXT('2D SPACE',''
  ) );
#2165 = PCURVE('',#2061,#2166);
#2166 = DEFINITIONAL_REPRESENTATION('',(#2167),#2171);
#2167 = LINE('',#2168,#2169);
#2168 = CARTESIAN_POINT('',(1.57E+03,0.));
#2169 = VECTOR('',#2170,1.);
#2170 = DIRECTION('',(0.,1.));
#2171 = ( GEOMETRIC_REPRESENTATION_CONTEXT(2) 
PARAMETRIC_REPRESENTATION_CONTEXT() REPRESENTATION_CONTEXT('2D SPACE',''
  ) );
#2172 = ADVANCED_FACE('',(#2173),#1979,.F.);
#2173 = FACE_BOUND('',#2174,.F.);
#2174 = EDGE_LOOP('',(#2175,#2196,#2197,#2218));
#2175 = ORIENTED_EDGE('',*,*,#2176,.F.);
#2176 = EDGE_CURVE('',#1957,#2077,#2177,.T.);
#2177 = SURFACE_CURVE('',#2178,(#2182,#2189),.PCURVE_S1.);
#2178 = LINE('',#2179,#2180);
#2179 = CARTESIAN_POINT('',(0.,0.,0.));
#2180 = VECTOR('',#2181,1.);
#2181 = DIRECTION('',(1.,0.,-0.));
#2182 = PCURVE('',#1979,#2183);
#2183 = DEFINITIONAL_REPRESENTATION('',(#2184),#2188);
#2184 = LINE('',#2185,#2186);
#2185 = CARTESIAN_POINT('',(0.,0.));
#2186 = VECTOR('',#2187,1.);
#2187 = DIRECTION('',(0.,1.));
#2188 = ( GEOMETRIC_REPRESENTATION_CONTEXT(2) 
PARAMETRIC_REPRESENTATION_CONTEXT() REPRESENTATION_CONTEXT('2D SPACE',''
  ) );
#2189 = PCURVE('',#2007,#2190);
#2190 = DEFINITIONAL_REPRESENTATION('',(#2191),#2195);
#2191 = LINE('',#2192,#2193);
#2192 = CARTESIAN_POINT('',(0.,0.));
#2193 = VECTOR('',#2194,1.);
#2194 = DIRECTION('',(1.,0.));
#2195 = ( GEOMETRIC_REPRESENTATION_CONTEXT(2) 
PARAMETRIC_REPRESENTATION_CONTEXT() REPRESENTATION_CONTEXT('2D SPACE',''
  ) );
#2196 = ORIENTED_EDGE('',*,*,#1956,.T.);
#2197 = ORIENTED_EDGE('',*,*,#2198,.T.);
#2198 = EDGE_CURVE('',#1959,#2079,#2199,.T.);
#2199 = SURFACE_CURVE('',#2200,(#2204,#2211),.PCURVE_S1.);
#2200 = LINE('',#2201,#2202);
#2201 = CARTESIAN_POINT('',(0.,0.,10.));
#2202 = VECTOR('',#2203,1.);
#2203 = DIRECTION('',(1.,0.,-0.));
#2204 = PCURVE('',#1979,#2205);
#2205 = DEFINITIONAL_REPRESENTATION('',(#2206),#2210);
#2206 = LINE('',#2207,#2208);
#2207 = CARTESIAN_POINT('',(10.,0.));
#2208 = VECTOR('',#2209,1.);
#2209 = DIRECTION('',(0.,1.));
#2210 = ( GEOMETRIC_REPRESENTATION_CONTEXT(2) 
PARAMETRIC_REPRESENTATION_CONTEXT() REPRESENTATION_CONTEXT('2D SPACE',''
  ) );
#2211 = PCURVE('',#2061,#2212);
#2212 = DEFINITIONAL_REPRESENTATION('',(#2213),#2217);
#2213 = LINE('',#2214,#2215);
#2214 = CARTESIAN_POINT('',(0.,0.));
#2215 = VECTOR('',#2216,1.);
#2216 = DIRECTION('',(1.,0.));
#2217 = ( GEOMETRIC_REPRESENTATION_CONTEXT(2) 
PARAMETRIC_REPRESENTATION_CONTEXT() REPRESENTATION_CONTEXT('2D SPACE',''
  ) );
#2218 = ORIENTED_EDGE('',*,*,#2076,.F.);
#2219 = ADVANCED_FACE('',(#2220),#2035,.T.);
#2220 = FACE_BOUND('',#2221,.T.);
#2221 = EDGE_LOOP('',(#2222,#2243,#2244,#2265));
#2222 = ORIENTED_EDGE('',*,*,#2223,.F.);
#2223 = EDGE_CURVE('',#1992,#2107,#2224,.T.);
#2224 = SURFACE_CURVE('',#2225,(#2229,#2236),.PCURVE_S1.);
#2225 = LINE('',#2226,#2227);
#2226 = CARTESIAN_POINT('',(0.,1.34E+03,0.));
#2227 = VECTOR('',#2228,1.);
#2228 = DIRECTION('',(1.,0.,-0.));
#2229 = PCURVE('',#2035,#2230);
#2230 = DEFINITIONAL_REPRESENTATION('',(#2231),#2235);
#2231 = LINE('',#2232,#2233);
#2232 = CARTESIAN_POINT('',(0.,0.));
#2233 = VECTOR('',#2234,1.);
#2234 = DIRECTION('',(0.,1.));
#2235 = ( GEOMETRIC_REPRESENTATION_CONTEXT(2) 
PARAMETRIC_REPRESENTATION_CONTEXT() REPRESENTATION_CONTEXT('2D SPACE',''
  ) );
#2236 = PCURVE('',#2007,#2237);
#2237 = DEFINITIONAL_REPRESENTATION('',(#2238),#2242);
#2238 = LINE('',#2239,#2240);
#2239 = CARTESIAN_POINT('',(0.,1.34E+03));
#2240 = VECTOR('',#2241,1.);
#2241 = DIRECTION('',(1.,0.));
#2242 = ( GEOMETRIC_REPRESENTATION_CONTEXT(2) 
PARAMETRIC_REPRESENTATION_CONTEXT() REPRESENTATION_CONTEXT('2D SPACE',''
  ) );
#2243 = ORIENTED_EDGE('',*,*,#2019,.T.);
#2244 = ORIENTED_EDGE('',*,*,#2245,.T.);
#2245 = EDGE_CURVE('',#2020,#2130,#2246,.T.);
#2246 = SURFACE_CURVE('',#2247,(#2251,#2258),.PCURVE_S1.);
#2247 = LINE('',#2248,#2249);
#2248 = CARTESIAN_POINT('',(0.,1.34E+03,10.));
#2249 = VECTOR('',#2250,1.);
#2250 = DIRECTION('',(1.,0.,-0.));
#2251 = PCURVE('',#2035,#2252);
#2252 = DEFINITIONAL_REPRESENTATION('',(#2253),#2257);
#2253 = LINE('',#2254,#2255);
#2254 = CARTESIAN_POINT('',(10.,0.));
#2255 = VECTOR('',#2256,1.);
#2256 = DIRECTION('',(0.,1.));
#2257 = ( GEOMETRIC_REPRESENTATION_CONTEXT(2) 
PARAMETRIC_REPRESENTATION_CONTEXT() REPRESENTATION_CONTEXT('2D SPACE',''
  ) );
#2258 = PCURVE('',#2061,#2259);
#2259 = DEFINITIONAL_REPRESENTATION('',(#2260),#2264);
#2260 = LINE('',#2261,#2262);
#2261 = CARTESIAN_POINT('',(0.,1.34E+03));
#2262 = VECTOR('',#2263,1.);
#2263 = DIRECTION('',(1.,0.));
#2264 = ( GEOMETRIC_REPRESENTATION_CONTEXT(2) 
PARAMETRIC_REPRESENTATION_CONTEXT() REPRESENTATION_CONTEXT('2D SPACE',''
  ) );
#2265 = ORIENTED_EDGE('',*,*,#2129,.F.);
#2266 = ADVANCED_FACE('',(#2267),#2007,.F.);
#2267 = FACE_BOUND('',#2268,.F.);
#2268 = EDGE_LOOP('',(#2269,#2270,#2271,#2272));
#2269 = ORIENTED_EDGE('',*,*,#1991,.F.);
#2270 = ORIENTED_EDGE('',*,*,#2176,.T.);
#2271 = ORIENTED_EDGE('',*,*,#2106,.T.);
#2272 = ORIENTED_EDGE('',*,*,#2223,.F.);
#2273 = ADVANCED_FACE('',(#2274),#2061,.T.);
#2274 = FACE_BOUND('',#2275,.T.);
#2275 = EDGE_LOOP('',(#2276,#2277,#2278,#2279));
#2276 = ORIENTED_EDGE('',*,*,#2047,.F.);
#2277 = ORIENTED_EDGE('',*,*,#2198,.T.);
#2278 = ORIENTED_EDGE('',*,*,#2152,.T.);
#2279 = ORIENTED_EDGE('',*,*,#2245,.F.);
#2280 = ( GEOMETRIC_REPRESENTATION_CONTEXT(3) 
GLOBAL_UNCERTAINTY_ASSIGNED_CONTEXT((#2284)) 
GLOBAL_UNIT_ASSIGNED_CONTEXT((#2281,#2282,#2283)) REPRESENTATION_CONTEXT
('Context #1','3D Context with UNIT and UNCERTAINTY') );
#2281 = ( LENGTH_UNIT() NAMED_UNIT(*) SI_UNIT(.MILLI.,.METRE.) );
#2282 = ( NAMED_UNIT(*) PLANE_ANGLE_UNIT() SI_UNIT($,.RADIAN.) );
#2283 = ( NAMED_UNIT(*) SI_UNIT($,.STERADIAN.) SOLID_ANGLE_UNIT() );
#2284 = UNCERTAINTY_MEASURE_WITH_UNIT(LENGTH_MEASURE(1.E-07),#2281,
  'distance_accuracy_value','confusion accuracy');
#2285 = CONTEXT_DEPENDENT_SHAPE_REPRESENTATION(#2286,#2288);
#2286 = ( REPRESENTATION_RELATIONSHIP('','',#1949,#1926) 
REPRESENTATION_RELATIONSHIP_WITH_TRANSFORMATION(#2287) 
SHAPE_REPRESENTATION_RELATIONSHIP() );
#2287 = ITEM_DEFINED_TRANSFORMATION('','',#11,#1927);
#2288 = PRODUCT_DEFINITION_SHAPE('Placement','Placement of an item',
  #2289);
#2289 = NEXT_ASSEMBLY_USAGE_OCCURRENCE('9','=>[0:1:1:11]','',#1921,#1944
  ,$);
#2290 = PRODUCT_RELATED_PRODUCT_CATEGORY('part',$,(#1946));
#2291 = MECHANICAL_DESIGN_GEOMETRIC_PRESENTATION_REPRESENTATION('',(
    #2292),#1164);
#2292 = STYLED_ITEM('color',(#2293),#834);
#2293 = PRESENTATION_STYLE_ASSIGNMENT((#2294));
#2294 = SURFACE_STYLE_USAGE(.BOTH.,#2295);
#2295 = SURFACE_SIDE_STYLE('',(#2296));
#2296 = SURFACE_STYLE_FILL_AREA(#2297);
#2297 = FILL_AREA_STYLE('',(#2298));
#2298 = FILL_AREA_STYLE_COLOUR('',#2299);
#2299 = COLOUR_RGB('',7.016478245502E-02,7.846784507516E-02,
  8.610420714256E-02);
#2300 = MECHANICAL_DESIGN_GEOMETRIC_PRESENTATION_REPRESENTATION('',(
    #2301),#1908);
#2301 = STYLED_ITEM('color',(#2302),#1578);
#2302 = PRESENTATION_STYLE_ASSIGNMENT((#2303));
#2303 = SURFACE_STYLE_USAGE(.BOTH.,#2304);
#2304 = SURFACE_SIDE_STYLE('',(#2305));
#2305 = SURFACE_STYLE_FILL_AREA(#2306);
#2306 = FILL_AREA_STYLE('',(#2307));
#2307 = FILL_AREA_STYLE_COLOUR('',#2308);
#2308 = COLOUR_RGB('',0.649956451329,0.665185089102,0.657627710594);
#2309 = MECHANICAL_DESIGN_GEOMETRIC_PRESENTATION_REPRESENTATION('',(
    #2310),#1536);
#2310 = STYLED_ITEM('color',(#2311),#1206);
#2311 = PRESENTATION_STYLE_ASSIGNMENT((#2312));
#2312 = SURFACE_STYLE_USAGE(.BOTH.,#2313);
#2313 = SURFACE_SIDE_STYLE('',(#2314));
#2314 = SURFACE_STYLE_FILL_AREA(#2315);
#2315 = FILL_AREA_STYLE('',(#2316));
#2316 = FILL_AREA_STYLE_COLOUR('',#2308);
#2317 = MECHANICAL_DESIGN_GEOMETRIC_PRESENTATION_REPRESENTATION('',(
    #2318),#2280);
#2318 = STYLED_ITEM('color',(#2319),#1950);
#2319 = PRESENTATION_STYLE_ASSIGNMENT((#2320));
#2320 = SURFACE_STYLE_USAGE(.BOTH.,#2321);
#2321 = SURFACE_SIDE_STYLE('',(#2322));
#2322 = SURFACE_STYLE_FILL_AREA(#2323);
#2323 = FILL_AREA_STYLE('',(#2324));
#2324 = FILL_AREA_STYLE_COLOUR('',#2308);
#2325 = MECHANICAL_DESIGN_GEOMETRIC_PRESENTATION_REPRESENTATION('',(
    #2326),#792);
#2326 = STYLED_ITEM('color',(#2327),#72);
#2327 = PRESENTATION_STYLE_ASSIGNMENT((#2328));
#2328 = SURFACE_STYLE_USAGE(.BOTH.,#2329);
#2329 = SURFACE_SIDE_STYLE('',(#2330));
#2330 = SURFACE_STYLE_FILL_AREA(#2331);
#2331 = FILL_AREA_STYLE('',(#2332));
#2332 = FILL_AREA_STYLE_COLOUR('',#2333);
#2333 = COLOUR_RGB('',0.832283570587,0.843389171228,0.837860544529);
ENDSEC;
END-ISO-10303-21;
