ISO-10303-21;
HEADER;
FILE_DESCRIPTION(('Open CASCADE Model'),'2;1');
FILE_NAME('Open CASCADE Shape Model','2026-05-17T22:53:08',('Author'),(
    'Open CASCADE'),'Open CASCADE STEP processor 7.8','build123d',
  'Unknown');
FILE_SCHEMA(('AUTOMOTIVE_DESIGN { 1 0 10303 214 1 1 1 1 }'));
ENDSEC;
DATA;
#1 = APPLICATION_PROTOCOL_DEFINITION('international standard',
  'automotive_design',2000,#2);
#2 = APPLICATION_CONTEXT(
  'core data for automotive mechanical design processes');
#3 = SHAPE_DEFINITION_REPRESENTATION(#4,#10);
#4 = PRODUCT_DEFINITION_SHAPE('','',#5);
#5 = PRODUCT_DEFINITION('design','',#6,#9);
#6 = PRODUCT_DEFINITION_FORMATION('','',#7);
#7 = PRODUCT('ASSEMBLY','ASSEMBLY','',(#8));
#8 = PRODUCT_CONTEXT('',#2,'mechanical');
#9 = PRODUCT_DEFINITION_CONTEXT('part definition',#2,'design');
#10 = SHAPE_REPRESENTATION('',(#11,#15,#19,#23,#27,#31,#35,#39,#43,#47,
    #51,#55,#59,#63,#67,#71,#75,#79,#83,#87,#91,#95,#99,#103,#107,#111,
    #115,#119,#123,#127,#131,#135,#139,#143,#147,#151,#155,#159,#163,
    #167,#171,#175),#179);
#11 = AXIS2_PLACEMENT_3D('',#12,#13,#14);
#12 = CARTESIAN_POINT('',(0.,0.,0.));
#13 = DIRECTION('',(0.,0.,1.));
#14 = DIRECTION('',(1.,0.,-0.));
#15 = AXIS2_PLACEMENT_3D('',#16,#17,#18);
#16 = CARTESIAN_POINT('',(0.,0.,0.));
#17 = DIRECTION('',(0.,0.,1.));
#18 = DIRECTION('',(1.,0.,-0.));
#19 = AXIS2_PLACEMENT_3D('',#20,#21,#22);
#20 = CARTESIAN_POINT('',(0.,0.,0.));
#21 = DIRECTION('',(0.,0.,1.));
#22 = DIRECTION('',(1.,0.,-0.));
#23 = AXIS2_PLACEMENT_3D('',#24,#25,#26);
#24 = CARTESIAN_POINT('',(0.,0.,-1.296E+03));
#25 = DIRECTION('',(0.,0.,1.));
#26 = DIRECTION('',(1.,0.,-0.));
#27 = AXIS2_PLACEMENT_3D('',#28,#29,#30);
#28 = CARTESIAN_POINT('',(0.,0.,-52.));
#29 = DIRECTION('',(0.,0.,1.));
#30 = DIRECTION('',(1.,0.,-0.));
#31 = AXIS2_PLACEMENT_3D('',#32,#33,#34);
#32 = CARTESIAN_POINT('',(0.,0.,-820.));
#33 = DIRECTION('',(0.,0.,1.));
#34 = DIRECTION('',(1.,0.,-0.));
#35 = AXIS2_PLACEMENT_3D('',#36,#37,#38);
#36 = CARTESIAN_POINT('',(426.78320047312,6.208326163227,-659.));
#37 = DIRECTION('',(-0.399996277982,9.964446066656E-03,0.916462594662));
#38 = DIRECTION('',(-0.916178359965,2.28232370095E-02,-0.400120372619));
#39 = AXIS2_PLACEMENT_3D('',#40,#41,#42);
#40 = CARTESIAN_POINT('',(419.22134015669,80.224132759793,-659.));
#41 = DIRECTION('',(-0.395649743634,-5.964556100424E-02,0.916462594662)
  );
#42 = DIRECTION('',(-0.90622276555,-0.13661620187,-0.400120372619));
#43 = AXIS2_PLACEMENT_3D('',#44,#45,#46);
#44 = CARTESIAN_POINT('',(398.92165155582,151.80236967782,-659.));
#45 = DIRECTION('',(-0.379281592034,-0.127443267886,0.916462594662));
#46 = DIRECTION('',(-0.868732050976,-0.291904626587,-0.400120372619));
#47 = AXIS2_PLACEMENT_3D('',#48,#49,#50);
#48 = CARTESIAN_POINT('',(366.50093043653,218.76816840889,-659.));
#49 = DIRECTION('',(-0.351389161185,-0.191368675563,0.916462594662));
#50 = DIRECTION('',(-0.804845352632,-0.438323676935,-0.400120372619));
#51 = AXIS2_PLACEMENT_3D('',#52,#53,#54);
#52 = CARTESIAN_POINT('',(322.94426400435,279.0868070449,-659.));
#53 = DIRECTION('',(-0.312819948486,-0.24947944287,0.916462594662));
#54 = DIRECTION('',(-0.716503835519,-0.571424484163,-0.400120372619));
#55 = AXIS2_PLACEMENT_3D('',#56,#57,#58);
#56 = CARTESIAN_POINT('',(269.57509952808,330.92553427358,-659.));
#57 = DIRECTION('',(-0.264745859946,-0.300009903547,0.916462594662));
#58 = DIRECTION('',(-0.606391711933,-0.687162847594,-0.400120372619));
#59 = AXIS2_PLACEMENT_3D('',#60,#61,#62);
#60 = CARTESIAN_POINT('',(208.01503206422,372.70925659976,-659.));
#61 = DIRECTION('',(-0.208627602419,-0.341424715118,0.916462594662));
#62 = DIRECTION('',(-0.477854683029,-0.782022115622,-0.400120372619));
#63 = AXIS2_PLACEMENT_3D('',#64,#65,#66);
#64 = CARTESIAN_POINT('',(140.13453311178,403.16839676414,-659.));
#65 = DIRECTION('',(-0.146170300764,-0.37246550949,0.916462594662));
#66 = DIRECTION('',(-0.334798281387,-0.853120037389,-0.400120372619));
#67 = AXIS2_PLACEMENT_3D('',#68,#69,#70);
#68 = CARTESIAN_POINT('',(67.996117282244,421.3774692059,-659.));
#69 = DIRECTION('',(-7.927168848607E-02,-0.392189127832,0.916462594662)
  );
#70 = DIRECTION('',(-0.181569203382,-0.89829633852,-0.400120372619));
#71 = AXIS2_PLACEMENT_3D('',#72,#73,#74);
#72 = CARTESIAN_POINT('',(-6.208326163227,426.78320047312,-659.));
#73 = DIRECTION('',(-9.964446066656E-03,-0.399996277982,0.916462594662)
  );
#74 = DIRECTION('',(-2.28232370095E-02,-0.916178359965,-0.400120372619)
  );
#75 = AXIS2_PLACEMENT_3D('',#76,#77,#78);
#76 = CARTESIAN_POINT('',(-80.22413275979,419.22134015669,-659.));
#77 = DIRECTION('',(5.964556100424E-02,-0.395649743634,0.916462594662));
#78 = DIRECTION('',(0.13661620187,-0.90622276555,-0.400120372619));
#79 = AXIS2_PLACEMENT_3D('',#80,#81,#82);
#80 = CARTESIAN_POINT('',(-151.8023696778,398.92165155582,-659.));
#81 = DIRECTION('',(0.127443267886,-0.379281592034,0.916462594662));
#82 = DIRECTION('',(0.291904626587,-0.868732050976,-0.400120372619));
#83 = AXIS2_PLACEMENT_3D('',#84,#85,#86);
#84 = CARTESIAN_POINT('',(-218.7681684088,366.50093043653,-659.));
#85 = DIRECTION('',(0.191368675563,-0.351389161185,0.916462594662));
#86 = DIRECTION('',(0.438323676935,-0.804845352632,-0.400120372619));
#87 = AXIS2_PLACEMENT_3D('',#88,#89,#90);
#88 = CARTESIAN_POINT('',(-279.0868070449,322.94426400435,-659.));
#89 = DIRECTION('',(0.24947944287,-0.312819948486,0.916462594662));
#90 = DIRECTION('',(0.571424484163,-0.716503835519,-0.400120372619));
#91 = AXIS2_PLACEMENT_3D('',#92,#93,#94);
#92 = CARTESIAN_POINT('',(-330.9255342735,269.57509952808,-659.));
#93 = DIRECTION('',(0.300009903547,-0.264745859946,0.916462594662));
#94 = DIRECTION('',(0.687162847594,-0.606391711933,-0.400120372619));
#95 = AXIS2_PLACEMENT_3D('',#96,#97,#98);
#96 = CARTESIAN_POINT('',(-372.7092565997,208.01503206422,-659.));
#97 = DIRECTION('',(0.341424715118,-0.208627602419,0.916462594662));
#98 = DIRECTION('',(0.782022115622,-0.477854683029,-0.400120372619));
#99 = AXIS2_PLACEMENT_3D('',#100,#101,#102);
#100 = CARTESIAN_POINT('',(-403.1683967641,140.13453311178,-659.));
#101 = DIRECTION('',(0.37246550949,-0.146170300764,0.916462594662));
#102 = DIRECTION('',(0.853120037389,-0.334798281387,-0.400120372619));
#103 = AXIS2_PLACEMENT_3D('',#104,#105,#106);
#104 = CARTESIAN_POINT('',(-421.3774692059,67.996117282244,-659.));
#105 = DIRECTION('',(0.392189127832,-7.927168848607E-02,0.916462594662)
  );
#106 = DIRECTION('',(0.89829633852,-0.181569203382,-0.400120372619));
#107 = AXIS2_PLACEMENT_3D('',#108,#109,#110);
#108 = CARTESIAN_POINT('',(-426.7832004731,-6.208326163227,-659.));
#109 = DIRECTION('',(0.399996277982,-9.964446066656E-03,0.916462594662)
  );
#110 = DIRECTION('',(0.916178359965,-2.28232370095E-02,-0.400120372619)
  );
#111 = AXIS2_PLACEMENT_3D('',#112,#113,#114);
#112 = CARTESIAN_POINT('',(-419.2213401566,-80.22413275979,-659.));
#113 = DIRECTION('',(0.395649743634,5.964556100424E-02,0.916462594662));
#114 = DIRECTION('',(0.90622276555,0.13661620187,-0.400120372619));
#115 = AXIS2_PLACEMENT_3D('',#116,#117,#118);
#116 = CARTESIAN_POINT('',(-398.9216515558,-151.8023696778,-659.));
#117 = DIRECTION('',(0.379281592034,0.127443267886,0.916462594662));
#118 = DIRECTION('',(0.868732050976,0.291904626587,-0.400120372619));
#119 = AXIS2_PLACEMENT_3D('',#120,#121,#122);
#120 = CARTESIAN_POINT('',(-366.5009304365,-218.7681684088,-659.));
#121 = DIRECTION('',(0.351389161185,0.191368675563,0.916462594662));
#122 = DIRECTION('',(0.804845352632,0.438323676935,-0.400120372619));
#123 = AXIS2_PLACEMENT_3D('',#124,#125,#126);
#124 = CARTESIAN_POINT('',(-322.9442640043,-279.0868070449,-659.));
#125 = DIRECTION('',(0.312819948486,0.24947944287,0.916462594662));
#126 = DIRECTION('',(0.716503835519,0.571424484163,-0.400120372619));
#127 = AXIS2_PLACEMENT_3D('',#128,#129,#130);
#128 = CARTESIAN_POINT('',(-269.575099528,-330.9255342735,-659.));
#129 = DIRECTION('',(0.264745859946,0.300009903547,0.916462594662));
#130 = DIRECTION('',(0.606391711933,0.687162847594,-0.400120372619));
#131 = AXIS2_PLACEMENT_3D('',#132,#133,#134);
#132 = CARTESIAN_POINT('',(-208.0150320642,-372.7092565997,-659.));
#133 = DIRECTION('',(0.208627602419,0.341424715118,0.916462594662));
#134 = DIRECTION('',(0.477854683029,0.782022115622,-0.400120372619));
#135 = AXIS2_PLACEMENT_3D('',#136,#137,#138);
#136 = CARTESIAN_POINT('',(-140.1345331117,-403.1683967641,-659.));
#137 = DIRECTION('',(0.146170300764,0.37246550949,0.916462594662));
#138 = DIRECTION('',(0.334798281387,0.853120037389,-0.400120372619));
#139 = AXIS2_PLACEMENT_3D('',#140,#141,#142);
#140 = CARTESIAN_POINT('',(-67.99611728224,-421.3774692059,-659.));
#141 = DIRECTION('',(7.927168848607E-02,0.392189127832,0.916462594662));
#142 = DIRECTION('',(0.181569203382,0.89829633852,-0.400120372619));
#143 = AXIS2_PLACEMENT_3D('',#144,#145,#146);
#144 = CARTESIAN_POINT('',(6.208326163227,-426.7832004731,-659.));
#145 = DIRECTION('',(9.964446066656E-03,0.399996277982,0.916462594662));
#146 = DIRECTION('',(2.28232370095E-02,0.916178359965,-0.400120372619));
#147 = AXIS2_PLACEMENT_3D('',#148,#149,#150);
#148 = CARTESIAN_POINT('',(80.224132759793,-419.2213401566,-659.));
#149 = DIRECTION('',(-5.964556100424E-02,0.395649743634,0.916462594662)
  );
#150 = DIRECTION('',(-0.13661620187,0.90622276555,-0.400120372619));
#151 = AXIS2_PLACEMENT_3D('',#152,#153,#154);
#152 = CARTESIAN_POINT('',(151.80236967782,-398.9216515558,-659.));
#153 = DIRECTION('',(-0.127443267886,0.379281592034,0.916462594662));
#154 = DIRECTION('',(-0.291904626587,0.868732050976,-0.400120372619));
#155 = AXIS2_PLACEMENT_3D('',#156,#157,#158);
#156 = CARTESIAN_POINT('',(218.76816840889,-366.5009304365,-659.));
#157 = DIRECTION('',(-0.191368675563,0.351389161185,0.916462594662));
#158 = DIRECTION('',(-0.438323676935,0.804845352632,-0.400120372619));
#159 = AXIS2_PLACEMENT_3D('',#160,#161,#162);
#160 = CARTESIAN_POINT('',(279.0868070449,-322.9442640043,-659.));
#161 = DIRECTION('',(-0.24947944287,0.312819948486,0.916462594662));
#162 = DIRECTION('',(-0.571424484163,0.716503835519,-0.400120372619));
#163 = AXIS2_PLACEMENT_3D('',#164,#165,#166);
#164 = CARTESIAN_POINT('',(330.92553427358,-269.575099528,-659.));
#165 = DIRECTION('',(-0.300009903547,0.264745859946,0.916462594662));
#166 = DIRECTION('',(-0.687162847594,0.606391711933,-0.400120372619));
#167 = AXIS2_PLACEMENT_3D('',#168,#169,#170);
#168 = CARTESIAN_POINT('',(372.70925659976,-208.0150320642,-659.));
#169 = DIRECTION('',(-0.341424715118,0.208627602419,0.916462594662));
#170 = DIRECTION('',(-0.782022115622,0.477854683029,-0.400120372619));
#171 = AXIS2_PLACEMENT_3D('',#172,#173,#174);
#172 = CARTESIAN_POINT('',(403.16839676414,-140.1345331117,-659.));
#173 = DIRECTION('',(-0.37246550949,0.146170300764,0.916462594662));
#174 = DIRECTION('',(-0.853120037389,0.334798281387,-0.400120372619));
#175 = AXIS2_PLACEMENT_3D('',#176,#177,#178);
#176 = CARTESIAN_POINT('',(421.3774692059,-67.99611728224,-659.));
#177 = DIRECTION('',(-0.392189127832,7.927168848607E-02,0.916462594662)
  );
#178 = DIRECTION('',(-0.89829633852,0.181569203382,-0.400120372619));
#179 = ( GEOMETRIC_REPRESENTATION_CONTEXT(3) 
GLOBAL_UNCERTAINTY_ASSIGNED_CONTEXT((#183)) GLOBAL_UNIT_ASSIGNED_CONTEXT
((#180,#181,#182)) REPRESENTATION_CONTEXT('Context #1',
  '3D Context with UNIT and UNCERTAINTY') );
#180 = ( LENGTH_UNIT() NAMED_UNIT(*) SI_UNIT(.MILLI.,.METRE.) );
#181 = ( NAMED_UNIT(*) PLANE_ANGLE_UNIT() SI_UNIT($,.RADIAN.) );
#182 = ( NAMED_UNIT(*) SI_UNIT($,.STERADIAN.) SOLID_ANGLE_UNIT() );
#183 = UNCERTAINTY_MEASURE_WITH_UNIT(LENGTH_MEASURE(1.E-07),#180,
  'distance_accuracy_value','confusion accuracy');
#184 = PRODUCT_RELATED_PRODUCT_CATEGORY('part',$,(#7));
#185 = SHAPE_DEFINITION_REPRESENTATION(#186,#192);
#186 = PRODUCT_DEFINITION_SHAPE('','',#187);
#187 = PRODUCT_DEFINITION('design','',#188,#191);
#188 = PRODUCT_DEFINITION_FORMATION('','',#189);
#189 = PRODUCT('large_regeneratively_cooled_contoured_nozzle_bell',
  'large_regeneratively_cooled_contoured_nozzle_bell','',(#190));
#190 = PRODUCT_CONTEXT('',#2,'mechanical');
#191 = PRODUCT_DEFINITION_CONTEXT('part definition',#2,'design');
#192 = SHAPE_REPRESENTATION('',(#11,#193),#197);
#193 = AXIS2_PLACEMENT_3D('',#194,#195,#196);
#194 = CARTESIAN_POINT('',(0.,0.,0.));
#195 = DIRECTION('',(0.,0.,1.));
#196 = DIRECTION('',(1.,0.,-0.));
#197 = ( GEOMETRIC_REPRESENTATION_CONTEXT(3) 
GLOBAL_UNCERTAINTY_ASSIGNED_CONTEXT((#201)) GLOBAL_UNIT_ASSIGNED_CONTEXT
((#198,#199,#200)) REPRESENTATION_CONTEXT('Context #1',
  '3D Context with UNIT and UNCERTAINTY') );
#198 = ( LENGTH_UNIT() NAMED_UNIT(*) SI_UNIT(.MILLI.,.METRE.) );
#199 = ( NAMED_UNIT(*) PLANE_ANGLE_UNIT() SI_UNIT($,.RADIAN.) );
#200 = ( NAMED_UNIT(*) SI_UNIT($,.STERADIAN.) SOLID_ANGLE_UNIT() );
#201 = UNCERTAINTY_MEASURE_WITH_UNIT(LENGTH_MEASURE(1.E-07),#198,
  'distance_accuracy_value','confusion accuracy');
#202 = CONTEXT_DEPENDENT_SHAPE_REPRESENTATION(#203,#205);
#203 = ( REPRESENTATION_RELATIONSHIP('','',#192,#10) 
REPRESENTATION_RELATIONSHIP_WITH_TRANSFORMATION(#204) 
SHAPE_REPRESENTATION_RELATIONSHIP() );
#204 = ITEM_DEFINED_TRANSFORMATION('','',#11,#15);
#205 = PRODUCT_DEFINITION_SHAPE('Placement','Placement of an item',#206
  );
#206 = NEXT_ASSEMBLY_USAGE_OCCURRENCE('2','=>[0:1:1:2]','',#5,#187,$);
#207 = PRODUCT_RELATED_PRODUCT_CATEGORY('part',$,(#189));
#208 = SHAPE_DEFINITION_REPRESENTATION(#209,#215);
#209 = PRODUCT_DEFINITION_SHAPE('','',#210);
#210 = PRODUCT_DEFINITION('design','',#211,#214);
#211 = PRODUCT_DEFINITION_FORMATION('','',#212);
#212 = PRODUCT('SOLID','SOLID','',(#213));
#213 = PRODUCT_CONTEXT('',#2,'mechanical');
#214 = PRODUCT_DEFINITION_CONTEXT('part definition',#2,'design');
#215 = ADVANCED_BREP_SHAPE_REPRESENTATION('',(#11,#216),#514);
#216 = MANIFOLD_SOLID_BREP('',#217);
#217 = CLOSED_SHELL('',(#218,#506,#510));
#218 = ADVANCED_FACE('',(#219),#252,.T.);
#219 = FACE_BOUND('',#220,.T.);
#220 = EDGE_LOOP('',(#221,#412,#437,#505));
#221 = ORIENTED_EDGE('',*,*,#222,.T.);
#222 = EDGE_CURVE('',#223,#223,#225,.T.);
#223 = VERTEX_POINT('',#224);
#224 = CARTESIAN_POINT('',(725.,0.,-1.3E+03));
#225 = SURFACE_CURVE('',#226,(#251,#379),.PCURVE_S1.);
#226 = B_SPLINE_CURVE_WITH_KNOTS('',12,(#227,#228,#229,#230,#231,#232,
    #233,#234,#235,#236,#237,#238,#239,#240,#241,#242,#243,#244,#245,
    #246,#247,#248,#249,#250),.UNSPECIFIED.,.T.,.F.,(13,11,13),(0.,0.5,
    1.),.UNSPECIFIED.);
#227 = CARTESIAN_POINT('',(725.,0.,-1.3E+03));
#228 = CARTESIAN_POINT('',(725.00000000002,189.8045561544,-1.3E+03));
#229 = CARTESIAN_POINT('',(670.79194441038,379.60911239237,-1.3E+03));
#230 = CARTESIAN_POINT('',(562.37584470657,552.38370514104,-1.3E+03));
#231 = CARTESIAN_POINT('',(405.6962202997,691.09837802089,-1.3E+03));
#232 = CARTESIAN_POINT('',(212.64242918989,781.05757253645,-1.3E+03));
#233 = CARTESIAN_POINT('',(-1.663342758398E-10,812.23470607495,-1.3E+03)
  );
#234 = CARTESIAN_POINT('',(-212.6424291895,781.05757253638,-1.3E+03));
#235 = CARTESIAN_POINT('',(-405.6962202999,691.09837802098,-1.3E+03));
#236 = CARTESIAN_POINT('',(-562.3758447064,552.38370514098,-1.3E+03));
#237 = CARTESIAN_POINT('',(-670.7919444104,379.60911239237,-1.3E+03));
#238 = CARTESIAN_POINT('',(-724.9999999999,189.80455615442,-1.3E+03));
#239 = CARTESIAN_POINT('',(-725.,-189.8045561544,-1.3E+03));
#240 = CARTESIAN_POINT('',(-670.7919444103,-379.6091123919,-1.3E+03));
#241 = CARTESIAN_POINT('',(-562.3758447065,-552.3837051421,-1.3E+03));
#242 = CARTESIAN_POINT('',(-405.6962202996,-691.0983780187,-1.3E+03));
#243 = CARTESIAN_POINT('',(-212.64242919,-781.0575725395,-1.3E+03));
#244 = CARTESIAN_POINT('',(3.496379708924E-10,-812.2347060714,-1.3E+03)
  );
#245 = CARTESIAN_POINT('',(212.64242918942,-781.0575725394,-1.3E+03));
#246 = CARTESIAN_POINT('',(405.69622030004,-691.0983780189,-1.3E+03));
#247 = CARTESIAN_POINT('',(562.37584470638,-552.383705142,-1.3E+03));
#248 = CARTESIAN_POINT('',(670.79194441045,-379.609112392,-1.3E+03));
#249 = CARTESIAN_POINT('',(725.,-189.8045561544,-1.3E+03));
#250 = CARTESIAN_POINT('',(725.,-1.136868377216E-13,-1.3E+03));
#251 = PCURVE('',#252,#373);
#252 = ( BOUNDED_SURFACE() B_SPLINE_SURFACE(12,4,(
    (#253,#254,#255,#256,#257)
    ,(#258,#259,#260,#261,#262)
    ,(#263,#264,#265,#266,#267)
    ,(#268,#269,#270,#271,#272)
    ,(#273,#274,#275,#276,#277)
    ,(#278,#279,#280,#281,#282)
    ,(#283,#284,#285,#286,#287)
    ,(#288,#289,#290,#291,#292)
    ,(#293,#294,#295,#296,#297)
    ,(#298,#299,#300,#301,#302)
    ,(#303,#304,#305,#306,#307)
    ,(#308,#309,#310,#311,#312)
    ,(#313,#314,#315,#316,#317)
    ,(#318,#319,#320,#321,#322)
    ,(#323,#324,#325,#326,#327)
    ,(#328,#329,#330,#331,#332)
    ,(#333,#334,#335,#336,#337)
    ,(#338,#339,#340,#341,#342)
    ,(#343,#344,#345,#346,#347)
    ,(#348,#349,#350,#351,#352)
    ,(#353,#354,#355,#356,#357)
    ,(#358,#359,#360,#361,#362)
    ,(#363,#364,#365,#366,#367)
    ,(#368,#369,#370,#371,#372
)),.UNSPECIFIED.,.T.,.F.,.F.) B_SPLINE_SURFACE_WITH_KNOTS((13,11,13),(5,
5),(0.,0.5,1.),(0.,1.),.UNSPECIFIED.) GEOMETRIC_REPRESENTATION_ITEM() 
RATIONAL_B_SPLINE_SURFACE((
    (1.,1.,1.,1.,1.)
    ,(1.,1.,1.,1.,1.)
    ,(1.,1.,1.,1.,1.)
    ,(1.,1.,1.,1.,1.)
    ,(1.,1.,1.,1.,1.)
    ,(1.,1.,1.,1.,1.)
    ,(1.,1.,1.,1.,1.)
    ,(1.,1.,1.,1.,1.)
    ,(1.,1.,1.,1.,1.)
    ,(1.,1.,1.,1.,1.)
    ,(1.,1.,1.,1.,1.)
    ,(1.,1.,1.,1.,1.)
    ,(1.,1.,1.,1.,1.)
    ,(1.,1.,1.,1.,1.)
    ,(1.,1.,1.,1.,1.)
    ,(1.,1.,1.,1.,1.)
    ,(1.,1.,1.,1.,1.)
    ,(1.,1.,1.,1.,1.)
    ,(1.,1.,1.,1.,1.)
    ,(1.,1.,1.,1.,1.)
    ,(1.,1.,1.,1.,1.)
    ,(1.,1.,1.,1.,1.)
    ,(1.,1.,1.,1.,1.)
,(1.,1.,1.,1.,1.))) REPRESENTATION_ITEM('') SURFACE() );
#253 = CARTESIAN_POINT('',(725.,0.,-1.3E+03));
#254 = CARTESIAN_POINT('',(642.14870316835,-5.318650702341E-14,
    -951.9939792522));
#255 = CARTESIAN_POINT('',(430.52084950322,1.879792150873E-13,
    -681.3840277115));
#256 = CARTESIAN_POINT('',(439.93985054551,-2.618522597836E-13,
    -257.5680337969));
#257 = CARTESIAN_POINT('',(138.,5.684341886081E-14,-55.));
#258 = CARTESIAN_POINT('',(725.00000000002,189.8045561544,-1.3E+03));
#259 = CARTESIAN_POINT('',(642.14870316843,168.11413736553,
    -951.9939792522));
#260 = CARTESIAN_POINT('',(430.52084950319,112.71009483475,
    -681.3840277115));
#261 = CARTESIAN_POINT('',(439.93985054556,115.17598354133,
    -257.5680337969));
#262 = CARTESIAN_POINT('',(137.99999999999,36.128315516273,-55.));
#263 = CARTESIAN_POINT('',(670.79194441038,379.60911239237,-1.3E+03));
#264 = CARTESIAN_POINT('',(594.13541682584,336.22827529575,
    -951.9939792522));
#265 = CARTESIAN_POINT('',(398.33092103118,225.42018790989,
    -681.3840277115));
#266 = CARTESIAN_POINT('',(407.04566589093,230.35197013377,
    -257.5680337969));
#267 = CARTESIAN_POINT('',(127.68177700504,72.256628465018,-55.));
#268 = CARTESIAN_POINT('',(562.37584470657,552.38370514104,-1.3E+03));
#269 = CARTESIAN_POINT('',(498.10885430613,489.25859014921,
    -951.9939792522));
#270 = CARTESIAN_POINT('',(333.95107090049,328.01753040535,
    -681.3840277115));
#271 = CARTESIAN_POINT('',(341.25730354602,335.19392021081,
    -257.5680337969));
#272 = CARTESIAN_POINT('',(107.04533319925,105.1433959974,-55.));
#273 = CARTESIAN_POINT('',(405.6962202997,691.09837802089,-1.3E+03));
#274 = CARTESIAN_POINT('',(359.33420930351,612.1212869694,
    -951.9939792522));
#275 = CARTESIAN_POINT('',(240.91128469536,410.38929551846,
    -681.3840277115));
#276 = CARTESIAN_POINT('',(246.18197865535,419.36793499982,
    -257.5680337969));
#277 = CARTESIAN_POINT('',(77.222177105408,131.54695917122,-55.));
#278 = CARTESIAN_POINT('',(212.64242918989,781.05757253645,-1.3E+03));
#279 = CARTESIAN_POINT('',(188.34215192246,691.80013360922,
    -951.9939792522));
#280 = CARTESIAN_POINT('',(126.27172310999,463.80911463751,
    -681.3840277115));
#281 = CARTESIAN_POINT('',(129.03431519713,473.95625919221,
    -257.5680337969));
#282 = CARTESIAN_POINT('',(40.475386521594,148.67034476208,-55.));
#283 = CARTESIAN_POINT('',(-1.663342758398E-10,812.23470607495,-1.3E+03)
  );
#284 = CARTESIAN_POINT('',(-1.461398041711E-09,719.41444931732,
    -951.9939792522));
#285 = CARTESIAN_POINT('',(4.849711670785E-10,482.32266107875,
    -681.3840277115));
#286 = CARTESIAN_POINT('',(-7.312428128087E-10,492.87516154231,
    -257.5680337969));
#287 = CARTESIAN_POINT('',(-3.96009151397E-12,154.60458374204,-55.));
#288 = CARTESIAN_POINT('',(-212.6424291895,781.05757253638,-1.3E+03));
#289 = CARTESIAN_POINT('',(-188.3421519198,691.80013360963,
    -951.9939792522));
#290 = CARTESIAN_POINT('',(-126.2717231108,463.80911463684,
    -681.3840277115));
#291 = CARTESIAN_POINT('',(-129.0343151958,473.95625919217,
    -257.5680337969));
#292 = CARTESIAN_POINT('',(-40.47538652159,148.67034476217,-55.));
#293 = CARTESIAN_POINT('',(-405.6962202999,691.09837802098,-1.3E+03));
#294 = CARTESIAN_POINT('',(-359.3342093054,612.12128696887,
    -951.9939792522));
#295 = CARTESIAN_POINT('',(-240.9112846947,410.38929551933,
    -681.3840277115));
#296 = CARTESIAN_POINT('',(-246.1819786563,419.36793499989,
    -257.5680337969));
#297 = CARTESIAN_POINT('',(-77.2221771054,131.5469591711,-55.));
#298 = CARTESIAN_POINT('',(-562.3758447064,552.38370514098,-1.3E+03));
#299 = CARTESIAN_POINT('',(-498.108854305,489.25859014958,
    -951.9939792522));
#300 = CARTESIAN_POINT('',(-333.9510709008,328.01753040474,
    -681.3840277115));
#301 = CARTESIAN_POINT('',(-341.2573035454,335.19392021074,
    -257.5680337969));
#302 = CARTESIAN_POINT('',(-107.0453331992,105.1433959975,-55.));
#303 = CARTESIAN_POINT('',(-670.7919444104,379.60911239237,-1.3E+03));
#304 = CARTESIAN_POINT('',(-594.1354168262,336.22827529558,
    -951.9939792522));
#305 = CARTESIAN_POINT('',(-398.330921031,225.42018791015,
    -681.3840277115));
#306 = CARTESIAN_POINT('',(-407.0456658911,230.35197013381,
    -257.5680337969));
#307 = CARTESIAN_POINT('',(-127.681777005,72.256628464965,-55.));
#308 = CARTESIAN_POINT('',(-724.9999999999,189.80455615442,-1.3E+03));
#309 = CARTESIAN_POINT('',(-642.1487031683,168.11413736557,
    -951.9939792522));
#310 = CARTESIAN_POINT('',(-430.5208495032,112.7100948347,
    -681.3840277115));
#311 = CARTESIAN_POINT('',(-439.9398505455,115.17598354132,
    -257.5680337969));
#312 = CARTESIAN_POINT('',(-137.9999999999,36.128315516288,-55.));
#313 = CARTESIAN_POINT('',(-725.,-189.8045561544,-1.3E+03));
#314 = CARTESIAN_POINT('',(-642.1487031683,-168.1141373655,
    -951.9939792522));
#315 = CARTESIAN_POINT('',(-430.5208495032,-112.7100948347,
    -681.3840277115));
#316 = CARTESIAN_POINT('',(-439.9398505455,-115.1759835413,
    -257.5680337969));
#317 = CARTESIAN_POINT('',(-138.,-36.12831551628,-55.));
#318 = CARTESIAN_POINT('',(-670.7919444103,-379.6091123919,-1.3E+03));
#319 = CARTESIAN_POINT('',(-594.135416826,-336.2282752955,
    -951.9939792522));
#320 = CARTESIAN_POINT('',(-398.3309210309,-225.4201879097,
    -681.3840277115));
#321 = CARTESIAN_POINT('',(-407.045665891,-230.3519701337,
    -257.5680337969));
#322 = CARTESIAN_POINT('',(-127.681777005,-72.25662846497,-55.));
#323 = CARTESIAN_POINT('',(-562.3758447065,-552.3837051421,-1.3E+03));
#324 = CARTESIAN_POINT('',(-498.1088543055,-489.2585901496,
    -951.9939792522));
#325 = CARTESIAN_POINT('',(-333.951070901,-328.0175304058,
    -681.3840277115));
#326 = CARTESIAN_POINT('',(-341.2573035457,-335.1939202109,
    -257.5680337969));
#327 = CARTESIAN_POINT('',(-107.0453331993,-105.1433959974,-55.));
#328 = CARTESIAN_POINT('',(-405.6962202996,-691.0983780187,-1.3E+03));
#329 = CARTESIAN_POINT('',(-359.3342093043,-612.1212869687,
    -951.9939792522));
#330 = CARTESIAN_POINT('',(-240.9112846945,-410.3892955172,
    -681.3840277115));
#331 = CARTESIAN_POINT('',(-246.1819786557,-419.3679349996,
    -257.5680337969));
#332 = CARTESIAN_POINT('',(-77.22217710535,-131.5469591711,-55.));
#333 = CARTESIAN_POINT('',(-212.64242919,-781.0575725395,-1.3E+03));
#334 = CARTESIAN_POINT('',(-188.3421519215,-691.8001336097,
    -951.9939792522));
#335 = CARTESIAN_POINT('',(-126.2717231108,-463.8091146398,
    -681.3840277115));
#336 = CARTESIAN_POINT('',(-129.0343151967,-473.9562591922,
    -257.5680337969));
#337 = CARTESIAN_POINT('',(-40.47538652162,-148.6703447621,-55.));
#338 = CARTESIAN_POINT('',(3.496379708924E-10,-812.2347060714,-1.3E+03)
  );
#339 = CARTESIAN_POINT('',(8.129600497016E-10,-719.4144493171,
    -951.9939792522));
#340 = CARTESIAN_POINT('',(5.553038796853E-11,-482.3226610756,
    -681.3840277115));
#341 = CARTESIAN_POINT('',(5.399334315065E-10,-492.8751615424,
    -257.5680337969));
#342 = CARTESIAN_POINT('',(-1.059892914175E-13,-154.604583742,-55.));
#343 = CARTESIAN_POINT('',(212.64242918942,-781.0575725394,-1.3E+03));
#344 = CARTESIAN_POINT('',(188.34215192009,-691.8001336094,
    -951.9939792522));
#345 = CARTESIAN_POINT('',(126.27172311074,-463.80911464,-681.3840277115
    ));
#346 = CARTESIAN_POINT('',(129.03431519578,-473.9562591918,
    -257.5680337969));
#347 = CARTESIAN_POINT('',(40.475386521625,-148.6703447621,-55.));
#348 = CARTESIAN_POINT('',(405.69622030004,-691.0983780189,-1.3E+03));
#349 = CARTESIAN_POINT('',(359.33420930543,-612.1212869692,
    -951.9939792522));
#350 = CARTESIAN_POINT('',(240.91128469458,-410.3892955169,
    -681.3840277115));
#351 = CARTESIAN_POINT('',(246.18197865646,-419.3679350003,
    -257.5680337969));
#352 = CARTESIAN_POINT('',(77.222177105357,-131.5469591711,-55.));
#353 = CARTESIAN_POINT('',(562.37584470638,-552.383705142,-1.3E+03));
#354 = CARTESIAN_POINT('',(498.10885430496,-489.2585901492,
    -951.9939792522));
#355 = CARTESIAN_POINT('',(333.95107090105,-328.017530406,
    -681.3840277115));
#356 = CARTESIAN_POINT('',(341.25730354534,-335.1939202104,
    -257.5680337969));
#357 = CARTESIAN_POINT('',(107.04533319929,-105.1433959974,-55.));
#358 = CARTESIAN_POINT('',(670.79194441045,-379.609112392,-1.3E+03));
#359 = CARTESIAN_POINT('',(594.13541682634,-336.2282752957,
    -951.9939792522));
#360 = CARTESIAN_POINT('',(398.33092103093,-225.4201879096,
    -681.3840277115));
#361 = CARTESIAN_POINT('',(407.04566589123,-230.3519701339,
    -257.5680337969));
#362 = CARTESIAN_POINT('',(127.68177700501,-72.25662846498,-55.));
#363 = CARTESIAN_POINT('',(725.,-189.8045561544,-1.3E+03));
#364 = CARTESIAN_POINT('',(642.1487031683,-168.1141373655,
    -951.9939792522));
#365 = CARTESIAN_POINT('',(430.52084950325,-112.7100948348,
    -681.3840277115));
#366 = CARTESIAN_POINT('',(439.93985054549,-115.1759835412,
    -257.5680337969));
#367 = CARTESIAN_POINT('',(138.,-36.12831551628,-55.));
#368 = CARTESIAN_POINT('',(725.,-1.136868377216E-13,-1.3E+03));
#369 = CARTESIAN_POINT('',(642.14870316835,-7.586912558043E-14,
    -951.9939792522));
#370 = CARTESIAN_POINT('',(430.52084950322,-2.45021847926E-13,
    -681.3840277115));
#371 = CARTESIAN_POINT('',(439.93985054551,5.420801742872E-14,
    -257.5680337969));
#372 = CARTESIAN_POINT('',(138.,-8.963725774561E-14,-55.));
#373 = DEFINITIONAL_REPRESENTATION('',(#374),#378);
#374 = LINE('',#375,#376);
#375 = CARTESIAN_POINT('',(0.,0.));
#376 = VECTOR('',#377,1.);
#377 = DIRECTION('',(1.,0.));
#378 = ( GEOMETRIC_REPRESENTATION_CONTEXT(2) 
PARAMETRIC_REPRESENTATION_CONTEXT() REPRESENTATION_CONTEXT('2D SPACE',''
  ) );
#379 = PCURVE('',#380,#385);
#380 = PLANE('',#381);
#381 = AXIS2_PLACEMENT_3D('',#382,#383,#384);
#382 = CARTESIAN_POINT('',(725.,0.,-1.3E+03));
#383 = DIRECTION('',(-0.,0.,-1.));
#384 = DIRECTION('',(-0.99766876919,-6.824241336653E-02,0.));
#385 = DEFINITIONAL_REPRESENTATION('',(#386),#411);
#386 = B_SPLINE_CURVE_WITH_KNOTS('',12,(#387,#388,#389,#390,#391,#392,
    #393,#394,#395,#396,#397,#398,#399,#400,#401,#402,#403,#404,#405,
    #406,#407,#408,#409,#410),.UNSPECIFIED.,.F.,.F.,(13,11,13),(0.,0.5,
    1.),.UNSPECIFIED.);
#387 = CARTESIAN_POINT('',(0.,0.));
#388 = CARTESIAN_POINT('',(-12.95272097996,189.36207792529));
#389 = CARTESIAN_POINT('',(28.176242134719,382.4234444713));
#390 = CARTESIAN_POINT('',(124.54904370905,562.19383605781));
#391 = CARTESIAN_POINT('',(271.39718770159,711.2773287134));
#392 = CARTESIAN_POINT('',(457.86189332741,814.20126419798));
#393 = CARTESIAN_POINT('',(667.8810011006,859.81694919428));
#394 = CARTESIAN_POINT('',(882.15531454219,843.22372930197));
#395 = CARTESIAN_POINT('',(1.080898085245E+03,766.64870704736));
#396 = CARTESIAN_POINT('',(1.246678677331E+03,638.94960578138));
#397 = CARTESIAN_POINT('',(1.36663258926E+03,473.97636677809));
#398 = CARTESIAN_POINT('',(1.433666994346E+03,288.31357730678));
#399 = CARTESIAN_POINT('',(1.459572436306E+03,-90.41057854388));
#400 = CARTESIAN_POINT('',(1.418443473191E+03,-283.4719450894));
#401 = CARTESIAN_POINT('',(1.322070671617E+03,-463.2423366774));
#402 = CARTESIAN_POINT('',(1.175222527624E+03,-612.3258293297));
#403 = CARTESIAN_POINT('',(988.75782199904,-715.2497648196));
#404 = CARTESIAN_POINT('',(778.73871422506,-760.8654498093));
#405 = CARTESIAN_POINT('',(564.46440078426,-744.2722299235));
#406 = CARTESIAN_POINT('',(365.72163008081,-667.6972076638));
#407 = CARTESIAN_POINT('',(199.94103799564,-539.9981064009));
#408 = CARTESIAN_POINT('',(79.987126065782,-375.0248673962));
#409 = CARTESIAN_POINT('',(12.952720979939,-189.3620779253));
#410 = CARTESIAN_POINT('',(-4.547473508865E-13,-1.42108547152E-13));
#411 = ( GEOMETRIC_REPRESENTATION_CONTEXT(2) 
PARAMETRIC_REPRESENTATION_CONTEXT() REPRESENTATION_CONTEXT('2D SPACE',''
  ) );
#412 = ORIENTED_EDGE('',*,*,#413,.T.);
#413 = EDGE_CURVE('',#223,#414,#416,.T.);
#414 = VERTEX_POINT('',#415);
#415 = CARTESIAN_POINT('',(138.,0.,-55.));
#416 = SEAM_CURVE('',#417,(#423,#430),.PCURVE_S1.);
#417 = ( BOUNDED_CURVE() B_SPLINE_CURVE(4,(#418,#419,#420,#421,#422),
.UNSPECIFIED.,.F.,.F.) B_SPLINE_CURVE_WITH_KNOTS((5,5),(0.,1.),
.PIECEWISE_BEZIER_KNOTS.) CURVE() GEOMETRIC_REPRESENTATION_ITEM() 
RATIONAL_B_SPLINE_CURVE((1.,1.,1.,1.,1.)) REPRESENTATION_ITEM('') );
#418 = CARTESIAN_POINT('',(725.,0.,-1.3E+03));
#419 = CARTESIAN_POINT('',(642.14870316835,-5.318650702341E-14,
    -951.9939792522));
#420 = CARTESIAN_POINT('',(430.52084950322,1.879792150873E-13,
    -681.3840277115));
#421 = CARTESIAN_POINT('',(439.93985054551,-2.618522597836E-13,
    -257.5680337969));
#422 = CARTESIAN_POINT('',(138.,5.684341886081E-14,-55.));
#423 = PCURVE('',#252,#424);
#424 = DEFINITIONAL_REPRESENTATION('',(#425),#429);
#425 = LINE('',#426,#427);
#426 = CARTESIAN_POINT('',(1.,0.));
#427 = VECTOR('',#428,1.);
#428 = DIRECTION('',(0.,1.));
#429 = ( GEOMETRIC_REPRESENTATION_CONTEXT(2) 
PARAMETRIC_REPRESENTATION_CONTEXT() REPRESENTATION_CONTEXT('2D SPACE',''
  ) );
#430 = PCURVE('',#252,#431);
#431 = DEFINITIONAL_REPRESENTATION('',(#432),#436);
#432 = LINE('',#433,#434);
#433 = CARTESIAN_POINT('',(0.,0.));
#434 = VECTOR('',#435,1.);
#435 = DIRECTION('',(0.,1.));
#436 = ( GEOMETRIC_REPRESENTATION_CONTEXT(2) 
PARAMETRIC_REPRESENTATION_CONTEXT() REPRESENTATION_CONTEXT('2D SPACE',''
  ) );
#437 = ORIENTED_EDGE('',*,*,#438,.F.);
#438 = EDGE_CURVE('',#414,#414,#439,.T.);
#439 = SURFACE_CURVE('',#440,(#465,#472),.PCURVE_S1.);
#440 = B_SPLINE_CURVE_WITH_KNOTS('',12,(#441,#442,#443,#444,#445,#446,
    #447,#448,#449,#450,#451,#452,#453,#454,#455,#456,#457,#458,#459,
    #460,#461,#462,#463,#464),.UNSPECIFIED.,.T.,.F.,(13,11,13),(0.,0.5,
    1.),.UNSPECIFIED.);
#441 = CARTESIAN_POINT('',(138.,5.684341886081E-14,-55.));
#442 = CARTESIAN_POINT('',(137.99999999999,36.128315516273,-55.));
#443 = CARTESIAN_POINT('',(127.68177700504,72.256628465018,-55.));
#444 = CARTESIAN_POINT('',(107.04533319925,105.1433959974,-55.));
#445 = CARTESIAN_POINT('',(77.222177105408,131.54695917122,-55.));
#446 = CARTESIAN_POINT('',(40.475386521594,148.67034476208,-55.));
#447 = CARTESIAN_POINT('',(-3.96009151397E-12,154.60458374204,-55.));
#448 = CARTESIAN_POINT('',(-40.47538652159,148.67034476217,-55.));
#449 = CARTESIAN_POINT('',(-77.2221771054,131.5469591711,-55.));
#450 = CARTESIAN_POINT('',(-107.0453331992,105.1433959975,-55.));
#451 = CARTESIAN_POINT('',(-127.681777005,72.256628464965,-55.));
#452 = CARTESIAN_POINT('',(-137.9999999999,36.128315516288,-55.));
#453 = CARTESIAN_POINT('',(-138.,-36.12831551628,-55.));
#454 = CARTESIAN_POINT('',(-127.681777005,-72.25662846497,-55.));
#455 = CARTESIAN_POINT('',(-107.0453331993,-105.1433959974,-55.));
#456 = CARTESIAN_POINT('',(-77.22217710535,-131.5469591711,-55.));
#457 = CARTESIAN_POINT('',(-40.47538652162,-148.6703447621,-55.));
#458 = CARTESIAN_POINT('',(-1.059892914175E-13,-154.604583742,-55.));
#459 = CARTESIAN_POINT('',(40.475386521625,-148.6703447621,-55.));
#460 = CARTESIAN_POINT('',(77.222177105357,-131.5469591711,-55.));
#461 = CARTESIAN_POINT('',(107.04533319929,-105.1433959974,-55.));
#462 = CARTESIAN_POINT('',(127.68177700501,-72.25662846498,-55.));
#463 = CARTESIAN_POINT('',(138.,-36.12831551628,-55.));
#464 = CARTESIAN_POINT('',(138.,-8.963725774561E-14,-55.));
#465 = PCURVE('',#252,#466);
#466 = DEFINITIONAL_REPRESENTATION('',(#467),#471);
#467 = LINE('',#468,#469);
#468 = CARTESIAN_POINT('',(0.,1.));
#469 = VECTOR('',#470,1.);
#470 = DIRECTION('',(1.,0.));
#471 = ( GEOMETRIC_REPRESENTATION_CONTEXT(2) 
PARAMETRIC_REPRESENTATION_CONTEXT() REPRESENTATION_CONTEXT('2D SPACE',''
  ) );
#472 = PCURVE('',#473,#478);
#473 = PLANE('',#474);
#474 = AXIS2_PLACEMENT_3D('',#475,#476,#477);
#475 = CARTESIAN_POINT('',(138.,5.684341886081E-14,-55.));
#476 = DIRECTION('',(-0.,0.,-1.));
#477 = DIRECTION('',(-0.997668769208,-6.824241310447E-02,0.));
#478 = DEFINITIONAL_REPRESENTATION('',(#479),#504);
#479 = B_SPLINE_CURVE_WITH_KNOTS('',12,(#480,#481,#482,#483,#484,#485,
    #486,#487,#488,#489,#490,#491,#492,#493,#494,#495,#496,#497,#498,
    #499,#500,#501,#502,#503),.UNSPECIFIED.,.F.,.F.,(13,11,13),(0.,0.5,
    1.),.UNSPECIFIED.);
#480 = CARTESIAN_POINT('',(0.,0.));
#481 = CARTESIAN_POINT('',(-2.465483432225,36.044092074691));
#482 = CARTESIAN_POINT('',(5.363202146548,72.792322023965));
#483 = CARTESIAN_POINT('',(23.707265263494,107.01070363444));
#484 = CARTESIAN_POINT('',(51.659053832011,135.38791814701));
#485 = CARTESIAN_POINT('',(87.151638012882,154.97907483741));
#486 = CARTESIAN_POINT('',(127.12770027918,163.66161778431));
#487 = CARTESIAN_POINT('',(167.91369612133,160.50335093264));
#488 = CARTESIAN_POINT('',(205.74336260869,145.9275735686));
#489 = CARTESIAN_POINT('',(237.29883690828,121.62076733272));
#490 = CARTESIAN_POINT('',(260.13144477645,90.218947168492));
#491 = CARTESIAN_POINT('',(272.89109686926,54.878998091538));
#492 = CARTESIAN_POINT('',(277.82206373373,-17.20918605787));
#493 = CARTESIAN_POINT('',(269.99337815492,-53.95741600709));
#494 = CARTESIAN_POINT('',(251.64931503805,-88.17579761767));
#495 = CARTESIAN_POINT('',(223.69752646943,-116.5530121301));
#496 = CARTESIAN_POINT('',(188.20494228865,-136.1441688206));
#497 = CARTESIAN_POINT('',(148.22888002232,-144.8267117674));
#498 = CARTESIAN_POINT('',(107.44288418012,-141.6684449157));
#499 = CARTESIAN_POINT('',(69.613217692856,-127.0926675518));
#500 = CARTESIAN_POINT('',(38.057743393174,-102.7858613158));
#501 = CARTESIAN_POINT('',(15.225135525064,-71.38404115168));
#502 = CARTESIAN_POINT('',(2.465483432228,-36.0440920747));
#503 = CARTESIAN_POINT('',(-2.84217094304E-14,-1.474376176702E-13));
#504 = ( GEOMETRIC_REPRESENTATION_CONTEXT(2) 
PARAMETRIC_REPRESENTATION_CONTEXT() REPRESENTATION_CONTEXT('2D SPACE',''
  ) );
#505 = ORIENTED_EDGE('',*,*,#413,.F.);
#506 = ADVANCED_FACE('',(#507),#380,.T.);
#507 = FACE_BOUND('',#508,.T.);
#508 = EDGE_LOOP('',(#509));
#509 = ORIENTED_EDGE('',*,*,#222,.F.);
#510 = ADVANCED_FACE('',(#511),#473,.F.);
#511 = FACE_BOUND('',#512,.T.);
#512 = EDGE_LOOP('',(#513));
#513 = ORIENTED_EDGE('',*,*,#438,.T.);
#514 = ( GEOMETRIC_REPRESENTATION_CONTEXT(3) 
GLOBAL_UNCERTAINTY_ASSIGNED_CONTEXT((#518)) GLOBAL_UNIT_ASSIGNED_CONTEXT
((#515,#516,#517)) REPRESENTATION_CONTEXT('Context #1',
  '3D Context with UNIT and UNCERTAINTY') );
#515 = ( LENGTH_UNIT() NAMED_UNIT(*) SI_UNIT(.MILLI.,.METRE.) );
#516 = ( NAMED_UNIT(*) PLANE_ANGLE_UNIT() SI_UNIT($,.RADIAN.) );
#517 = ( NAMED_UNIT(*) SI_UNIT($,.STERADIAN.) SOLID_ANGLE_UNIT() );
#518 = UNCERTAINTY_MEASURE_WITH_UNIT(LENGTH_MEASURE(1.E-07),#515,
  'distance_accuracy_value','confusion accuracy');
#519 = CONTEXT_DEPENDENT_SHAPE_REPRESENTATION(#520,#522);
#520 = ( REPRESENTATION_RELATIONSHIP('','',#215,#192) 
REPRESENTATION_RELATIONSHIP_WITH_TRANSFORMATION(#521) 
SHAPE_REPRESENTATION_RELATIONSHIP() );
#521 = ITEM_DEFINED_TRANSFORMATION('','',#11,#193);
#522 = PRODUCT_DEFINITION_SHAPE('Placement','Placement of an item',#523
  );
#523 = NEXT_ASSEMBLY_USAGE_OCCURRENCE('1','=>[0:1:1:3]','',#187,#210,$);
#524 = PRODUCT_RELATED_PRODUCT_CATEGORY('part',$,(#212));
#525 = SHAPE_DEFINITION_REPRESENTATION(#526,#532);
#526 = PRODUCT_DEFINITION_SHAPE('','',#527);
#527 = PRODUCT_DEFINITION('design','',#528,#531);
#528 = PRODUCT_DEFINITION_FORMATION('','',#529);
#529 = PRODUCT('deep_black_nozzle_interor_shadow',
  'deep_black_nozzle_interor_shadow','',(#530));
#530 = PRODUCT_CONTEXT('',#2,'mechanical');
#531 = PRODUCT_DEFINITION_CONTEXT('part definition',#2,'design');
#532 = SHAPE_REPRESENTATION('',(#11,#533),#537);
#533 = AXIS2_PLACEMENT_3D('',#534,#535,#536);
#534 = CARTESIAN_POINT('',(0.,0.,0.));
#535 = DIRECTION('',(0.,0.,1.));
#536 = DIRECTION('',(1.,0.,-0.));
#537 = ( GEOMETRIC_REPRESENTATION_CONTEXT(3) 
GLOBAL_UNCERTAINTY_ASSIGNED_CONTEXT((#541)) GLOBAL_UNIT_ASSIGNED_CONTEXT
((#538,#539,#540)) REPRESENTATION_CONTEXT('Context #1',
  '3D Context with UNIT and UNCERTAINTY') );
#538 = ( LENGTH_UNIT() NAMED_UNIT(*) SI_UNIT(.MILLI.,.METRE.) );
#539 = ( NAMED_UNIT(*) PLANE_ANGLE_UNIT() SI_UNIT($,.RADIAN.) );
#540 = ( NAMED_UNIT(*) SI_UNIT($,.STERADIAN.) SOLID_ANGLE_UNIT() );
#541 = UNCERTAINTY_MEASURE_WITH_UNIT(LENGTH_MEASURE(1.E-07),#538,
  'distance_accuracy_value','confusion accuracy');
#542 = CONTEXT_DEPENDENT_SHAPE_REPRESENTATION(#543,#545);
#543 = ( REPRESENTATION_RELATIONSHIP('','',#532,#10) 
REPRESENTATION_RELATIONSHIP_WITH_TRANSFORMATION(#544) 
SHAPE_REPRESENTATION_RELATIONSHIP() );
#544 = ITEM_DEFINED_TRANSFORMATION('','',#11,#19);
#545 = PRODUCT_DEFINITION_SHAPE('Placement','Placement of an item',#546
  );
#546 = NEXT_ASSEMBLY_USAGE_OCCURRENCE('4','=>[0:1:1:4]','',#5,#527,$);
#547 = PRODUCT_RELATED_PRODUCT_CATEGORY('part',$,(#529));
#548 = SHAPE_DEFINITION_REPRESENTATION(#549,#555);
#549 = PRODUCT_DEFINITION_SHAPE('','',#550);
#550 = PRODUCT_DEFINITION('design','',#551,#554);
#551 = PRODUCT_DEFINITION_FORMATION('','',#552);
#552 = PRODUCT('SOLID','SOLID','',(#553));
#553 = PRODUCT_CONTEXT('',#2,'mechanical');
#554 = PRODUCT_DEFINITION_CONTEXT('part definition',#2,'design');
#555 = ADVANCED_BREP_SHAPE_REPRESENTATION('',(#11,#556),#829);
#556 = MANIFOLD_SOLID_BREP('',#557);
#557 = CLOSED_SHELL('',(#558,#821,#825));
#558 = ADVANCED_FACE('',(#559),#592,.T.);
#559 = FACE_BOUND('',#560,.T.);
#560 = EDGE_LOOP('',(#561,#728,#752,#820));
#561 = ORIENTED_EDGE('',*,*,#562,.T.);
#562 = EDGE_CURVE('',#563,#563,#565,.T.);
#563 = VERTEX_POINT('',#564);
#564 = CARTESIAN_POINT('',(650.,0.,-1.288E+03));
#565 = SURFACE_CURVE('',#566,(#591,#695),.PCURVE_S1.);
#566 = B_SPLINE_CURVE_WITH_KNOTS('',12,(#567,#568,#569,#570,#571,#572,
    #573,#574,#575,#576,#577,#578,#579,#580,#581,#582,#583,#584,#585,
    #586,#587,#588,#589,#590),.UNSPECIFIED.,.T.,.F.,(13,11,13),(0.,0.5,
    1.),.UNSPECIFIED.);
#567 = CARTESIAN_POINT('',(650.,1.136868377216E-13,-1.288E+03));
#568 = CARTESIAN_POINT('',(650.00000000002,170.16960206948,-1.288E+03));
#569 = CARTESIAN_POINT('',(601.39967429894,340.33920421376,-1.288E+03));
#570 = CARTESIAN_POINT('',(504.19903318525,495.24056323012,-1.288E+03));
#571 = CARTESIAN_POINT('',(363.72764578584,619.60544236315,-1.288E+03));
#572 = CARTESIAN_POINT('',(190.64493651524,700.2585133091,-1.288E+03));
#573 = CARTESIAN_POINT('',(-3.489414898418E-10,728.21042613559,
    -1.288E+03));
#574 = CARTESIAN_POINT('',(-190.6449365146,700.25851330891,-1.288E+03));
#575 = CARTESIAN_POINT('',(-363.7276457863,619.60544236339,-1.288E+03));
#576 = CARTESIAN_POINT('',(-504.1990331849,495.24056322995,-1.288E+03));
#577 = CARTESIAN_POINT('',(-601.399674299,340.33920421382,-1.288E+03));
#578 = CARTESIAN_POINT('',(-649.9999999999,170.16960206948,-1.288E+03));
#579 = CARTESIAN_POINT('',(-650.,-170.1696020695,-1.288E+03));
#580 = CARTESIAN_POINT('',(-601.3996742989,-340.3392042135,-1.288E+03));
#581 = CARTESIAN_POINT('',(-504.1990331852,-495.2405632307,-1.288E+03));
#582 = CARTESIAN_POINT('',(-363.7276457857,-619.6054423618,-1.288E+03));
#583 = CARTESIAN_POINT('',(-190.6449365154,-700.258513311,-1.288E+03));
#584 = CARTESIAN_POINT('',(6.89045251411E-10,-728.2104261333,-1.288E+03)
  );
#585 = CARTESIAN_POINT('',(190.64493651425,-700.2585133109,-1.288E+03));
#586 = CARTESIAN_POINT('',(363.72764578658,-619.6054423619,-1.288E+03));
#587 = CARTESIAN_POINT('',(504.19903318482,-495.2405632306,-1.288E+03));
#588 = CARTESIAN_POINT('',(601.39967429912,-340.3392042135,-1.288E+03));
#589 = CARTESIAN_POINT('',(649.99999999998,-170.1696020695,-1.288E+03));
#590 = CARTESIAN_POINT('',(650.,-1.136868377216E-13,-1.288E+03));
#591 = PCURVE('',#592,#689);
#592 = ( BOUNDED_SURFACE() B_SPLINE_SURFACE(12,3,(
    (#593,#594,#595,#596)
    ,(#597,#598,#599,#600)
    ,(#601,#602,#603,#604)
    ,(#605,#606,#607,#608)
    ,(#609,#610,#611,#612)
    ,(#613,#614,#615,#616)
    ,(#617,#618,#619,#620)
    ,(#621,#622,#623,#624)
    ,(#625,#626,#627,#628)
    ,(#629,#630,#631,#632)
    ,(#633,#634,#635,#636)
    ,(#637,#638,#639,#640)
    ,(#641,#642,#643,#644)
    ,(#645,#646,#647,#648)
    ,(#649,#650,#651,#652)
    ,(#653,#654,#655,#656)
    ,(#657,#658,#659,#660)
    ,(#661,#662,#663,#664)
    ,(#665,#666,#667,#668)
    ,(#669,#670,#671,#672)
    ,(#673,#674,#675,#676)
    ,(#677,#678,#679,#680)
    ,(#681,#682,#683,#684)
    ,(#685,#686,#687,#688
)),.UNSPECIFIED.,.T.,.F.,.F.) B_SPLINE_SURFACE_WITH_KNOTS((13,11,13),(4,
4),(0.,0.5,1.),(0.,1.),.UNSPECIFIED.) GEOMETRIC_REPRESENTATION_ITEM() 
RATIONAL_B_SPLINE_SURFACE((
    (1.,1.,1.,1.)
    ,(1.,1.,1.,1.)
    ,(1.,1.,1.,1.)
    ,(1.,1.,1.,1.)
    ,(1.,1.,1.,1.)
    ,(1.,1.,1.,1.)
    ,(1.,1.,1.,1.)
    ,(1.,1.,1.,1.)
    ,(1.,1.,1.,1.)
    ,(1.,1.,1.,1.)
    ,(1.,1.,1.,1.)
    ,(1.,1.,1.,1.)
    ,(1.,1.,1.,1.)
    ,(1.,1.,1.,1.)
    ,(1.,1.,1.,1.)
    ,(1.,1.,1.,1.)
    ,(1.,1.,1.,1.)
    ,(1.,1.,1.,1.)
    ,(1.,1.,1.,1.)
    ,(1.,1.,1.,1.)
    ,(1.,1.,1.,1.)
    ,(1.,1.,1.,1.)
    ,(1.,1.,1.,1.)
,(1.,1.,1.,1.))) REPRESENTATION_ITEM('') SURFACE() );
#593 = CARTESIAN_POINT('',(650.,1.136868377216E-13,-1.288E+03));
#594 = CARTESIAN_POINT('',(504.52891144904,-1.124076202079E-13,
    -871.0606979953));
#595 = CARTESIAN_POINT('',(422.17189033787,5.471311652235E-14,
    -403.8671057106));
#596 = CARTESIAN_POINT('',(112.,-1.42108547152E-14,-80.));
#597 = CARTESIAN_POINT('',(650.00000000002,170.16960206948,-1.288E+03));
#598 = CARTESIAN_POINT('',(504.52891144906,132.08536014436,
    -871.0606979953));
#599 = CARTESIAN_POINT('',(422.17189033788,110.52434243652,
    -403.8671057106));
#600 = CARTESIAN_POINT('',(111.99999999999,29.321531433501,-80.));
#601 = CARTESIAN_POINT('',(601.39967429894,340.33920421376,-1.288E+03));
#602 = CARTESIAN_POINT('',(466.80542003054,264.17071972665,
    -871.0606979953));
#603 = CARTESIAN_POINT('',(390.60621130364,221.04868669198,
    -403.8671057106));
#604 = CARTESIAN_POINT('',(103.62579003307,58.643060783187,-80.));
#605 = CARTESIAN_POINT('',(504.19903318525,495.24056323012,-1.288E+03));
#606 = CARTESIAN_POINT('',(391.35844517941,384.40489937474,
    -871.0606979953));
#607 = CARTESIAN_POINT('',(327.47485991743,321.6563663416,
    -403.8671057106));
#608 = CARTESIAN_POINT('',(86.877371871859,85.333770664592,-80.));
#609 = CARTESIAN_POINT('',(363.72764578584,619.60544236315,-1.288E+03));
#610 = CARTESIAN_POINT('',(282.32478952657,480.93669652666,
    -871.0606979953));
#611 = CARTESIAN_POINT('',(236.2393658301,402.4307996473,-403.8671057106
    ));
#612 = CARTESIAN_POINT('',(62.673071273953,106.76274947225,-80.));
#613 = CARTESIAN_POINT('',(190.64493651524,700.2585133091,-1.288E+03));
#614 = CARTESIAN_POINT('',(147.97828045114,543.53950350164,
    -871.0606979953));
#615 = CARTESIAN_POINT('',(123.82297420302,454.81450235438,
    -403.8671057106));
#616 = CARTESIAN_POINT('',(32.849589061004,120.65998995186,-80.));
#617 = CARTESIAN_POINT('',(-3.489414898418E-10,728.21042613559,
    -1.288E+03));
#618 = CARTESIAN_POINT('',(-7.876929059603E-11,565.23569131185,
    -871.0606979953));
#619 = CARTESIAN_POINT('',(-2.08632690405E-10,472.96925054866,
    -403.8671057106));
#620 = CARTESIAN_POINT('',(-1.899517580265E-12,125.47618390658,-80.));
#621 = CARTESIAN_POINT('',(-190.6449365146,700.25851330891,-1.288E+03));
#622 = CARTESIAN_POINT('',(-147.9782804509,543.53950350163,
    -871.0606979953));
#623 = CARTESIAN_POINT('',(-123.8229742026,454.81450235404,
    -403.8671057106));
#624 = CARTESIAN_POINT('',(-32.849589061,120.65998995187,-80.));
#625 = CARTESIAN_POINT('',(-363.7276457863,619.60544236339,-1.288E+03));
#626 = CARTESIAN_POINT('',(-282.3247895267,480.93669652668,
    -871.0606979953));
#627 = CARTESIAN_POINT('',(-236.2393658303,402.43079964777,
    -403.8671057106));
#628 = CARTESIAN_POINT('',(-62.67307127394,106.76274947224,-80.));
#629 = CARTESIAN_POINT('',(-504.1990331849,495.24056322995,-1.288E+03));
#630 = CARTESIAN_POINT('',(-391.3584451793,384.40489937473,
    -871.0606979953));
#631 = CARTESIAN_POINT('',(-327.4748599172,321.65636634125,
    -403.8671057106));
#632 = CARTESIAN_POINT('',(-86.87737187186,85.33377066461,-80.));
#633 = CARTESIAN_POINT('',(-601.399674299,340.33920421382,-1.288E+03));
#634 = CARTESIAN_POINT('',(-466.8054200305,264.17071972665,
    -871.0606979953));
#635 = CARTESIAN_POINT('',(-390.6062113037,221.04868669213,
    -403.8671057106));
#636 = CARTESIAN_POINT('',(-103.625790033,58.643060783177,-80.));
#637 = CARTESIAN_POINT('',(-649.9999999999,170.16960206948,-1.288E+03));
#638 = CARTESIAN_POINT('',(-504.528911449,132.08536014437,
    -871.0606979953));
#639 = CARTESIAN_POINT('',(-422.1718903378,110.52434243649,
    -403.8671057106));
#640 = CARTESIAN_POINT('',(-111.9999999999,29.321531433505,-80.));
#641 = CARTESIAN_POINT('',(-650.,-170.1696020695,-1.288E+03));
#642 = CARTESIAN_POINT('',(-504.528911449,-132.0853601443,
    -871.0606979953));
#643 = CARTESIAN_POINT('',(-422.1718903378,-110.5243424365,
    -403.8671057106));
#644 = CARTESIAN_POINT('',(-112.,-29.3215314335,-80.));
#645 = CARTESIAN_POINT('',(-601.3996742989,-340.3392042135,-1.288E+03));
#646 = CARTESIAN_POINT('',(-466.8054200305,-264.1707197265,
    -871.0606979953));
#647 = CARTESIAN_POINT('',(-390.6062113036,-221.0486866919,
    -403.8671057106));
#648 = CARTESIAN_POINT('',(-103.625790033,-58.64306078317,-80.));
#649 = CARTESIAN_POINT('',(-504.1990331852,-495.2405632307,-1.288E+03));
#650 = CARTESIAN_POINT('',(-391.3584451794,-384.404899375,
    -871.0606979953));
#651 = CARTESIAN_POINT('',(-327.4748599175,-321.6563663416,
    -403.8671057106));
#652 = CARTESIAN_POINT('',(-86.8773718719,-85.3337706646,-80.));
#653 = CARTESIAN_POINT('',(-363.7276457857,-619.6054423618,-1.288E+03));
#654 = CARTESIAN_POINT('',(-282.3247895263,-480.9366965261,
    -871.0606979953));
#655 = CARTESIAN_POINT('',(-236.2393658298,-402.4307996469,
    -403.8671057106));
#656 = CARTESIAN_POINT('',(-62.6730712739,-106.7627494722,-80.));
#657 = CARTESIAN_POINT('',(-190.6449365154,-700.258513311,-1.288E+03));
#658 = CARTESIAN_POINT('',(-147.9782804516,-543.5395035022,
    -871.0606979953));
#659 = CARTESIAN_POINT('',(-123.8229742033,-454.8145023551,
    -403.8671057106));
#660 = CARTESIAN_POINT('',(-32.84958906103,-120.6599899518,-80.));
#661 = CARTESIAN_POINT('',(6.89045251411E-10,-728.2104261333,-1.288E+03)
  );
#662 = CARTESIAN_POINT('',(7.398529301792E-10,-565.2356913113,
    -871.0606979953));
#663 = CARTESIAN_POINT('',(5.327254347586E-10,-472.9692505476,
    -403.8671057106));
#664 = CARTESIAN_POINT('',(-1.273055734904E-13,-125.4761839065,-80.));
#665 = CARTESIAN_POINT('',(190.64493651425,-700.2585133109,-1.288E+03));
#666 = CARTESIAN_POINT('',(147.97828045031,-543.5395035019,
    -871.0606979953));
#667 = CARTESIAN_POINT('',(123.82297420235,-454.814502355,
    -403.8671057106));
#668 = CARTESIAN_POINT('',(32.849589061031,-120.6599899518,-80.));
#669 = CARTESIAN_POINT('',(363.72764578658,-619.6054423619,-1.288E+03));
#670 = CARTESIAN_POINT('',(282.32478952719,-480.9366965265,
    -871.0606979953));
#671 = CARTESIAN_POINT('',(236.23936583059,-402.4307996469,
    -403.8671057106));
#672 = CARTESIAN_POINT('',(62.673071273909,-106.7627494722,-80.));
#673 = CARTESIAN_POINT('',(504.19903318482,-495.2405632306,-1.288E+03));
#674 = CARTESIAN_POINT('',(391.35844517906,-384.4048993747,
    -871.0606979953));
#675 = CARTESIAN_POINT('',(327.47485991715,-321.6563663416,
    -403.8671057106));
#676 = CARTESIAN_POINT('',(86.877371871899,-85.33377066461,-80.));
#677 = CARTESIAN_POINT('',(601.39967429912,-340.3392042135,-1.288E+03));
#678 = CARTESIAN_POINT('',(466.80542003067,-264.1707197266,
    -871.0606979953));
#679 = CARTESIAN_POINT('',(390.60621130377,-221.0486866919,
    -403.8671057106));
#680 = CARTESIAN_POINT('',(103.62579003305,-58.64306078317,-80.));
#681 = CARTESIAN_POINT('',(649.99999999998,-170.1696020695,-1.288E+03));
#682 = CARTESIAN_POINT('',(504.52891144903,-132.0853601443,
    -871.0606979953));
#683 = CARTESIAN_POINT('',(422.17189033785,-110.5243424365,
    -403.8671057106));
#684 = CARTESIAN_POINT('',(112.,-29.3215314335,-80.));
#685 = CARTESIAN_POINT('',(650.,-1.136868377216E-13,-1.288E+03));
#686 = CARTESIAN_POINT('',(504.52891144904,-9.268730801331E-14,
    -871.0606979953));
#687 = CARTESIAN_POINT('',(422.17189033787,-1.736476713815E-13,
    -403.8671057106));
#688 = CARTESIAN_POINT('',(112.,-4.267973399035E-14,-80.));
#689 = DEFINITIONAL_REPRESENTATION('',(#690),#694);
#690 = LINE('',#691,#692);
#691 = CARTESIAN_POINT('',(0.,0.));
#692 = VECTOR('',#693,1.);
#693 = DIRECTION('',(1.,0.));
#694 = ( GEOMETRIC_REPRESENTATION_CONTEXT(2) 
PARAMETRIC_REPRESENTATION_CONTEXT() REPRESENTATION_CONTEXT('2D SPACE',''
  ) );
#695 = PCURVE('',#696,#701);
#696 = PLANE('',#697);
#697 = AXIS2_PLACEMENT_3D('',#698,#699,#700);
#698 = CARTESIAN_POINT('',(650.,1.136868377216E-13,-1.288E+03));
#699 = DIRECTION('',(-0.,0.,-1.));
#700 = DIRECTION('',(-0.99766876919,-6.824241336653E-02,0.));
#701 = DEFINITIONAL_REPRESENTATION('',(#702),#727);
#702 = B_SPLINE_CURVE_WITH_KNOTS('',12,(#703,#704,#705,#706,#707,#708,
    #709,#710,#711,#712,#713,#714,#715,#716,#717,#718,#719,#720,#721,
    #722,#723,#724,#725,#726),.UNSPECIFIED.,.F.,.F.,(13,11,13),(0.,0.5,
    1.),.UNSPECIFIED.);
#703 = CARTESIAN_POINT('',(0.,0.));
#704 = CARTESIAN_POINT('',(-11.61278432686,169.77289745028));
#705 = CARTESIAN_POINT('',(25.261458465637,342.86239849142));
#706 = CARTESIAN_POINT('',(111.66465987701,504.03585301757));
#707 = CARTESIAN_POINT('',(243.32161656018,637.69691539781));
#708 = CARTESIAN_POINT('',(410.49686987955,729.97354721253));
#709 = CARTESIAN_POINT('',(598.78986305595,770.87036824259));
#710 = CARTESIAN_POINT('',(790.89786821002,755.99368834012));
#711 = CARTESIAN_POINT('',(969.08104194399,687.34022011119));
#712 = CARTESIAN_POINT('',(1.117711917607E+03,572.85137070065));
#713 = CARTESIAN_POINT('',(1.225256804164E+03,424.9443288355));
#714 = CARTESIAN_POINT('',(1.285356615621E+03,258.48803482676));
#715 = CARTESIAN_POINT('',(1.308582184274E+03,-81.05776007382));
#716 = CARTESIAN_POINT('',(1.271707941482E+03,-254.1472611147));
#717 = CARTESIAN_POINT('',(1.185304740071E+03,-415.3207156417));
#718 = CARTESIAN_POINT('',(1.053647783387E+03,-548.98177802));
#719 = CARTESIAN_POINT('',(886.47253006835,-641.258409838));
#720 = CARTESIAN_POINT('',(698.17953689108,-682.1552308638));
#721 = CARTESIAN_POINT('',(506.071531738,-667.2785509656));
#722 = CARTESIAN_POINT('',(327.88835800316,-598.6250827333));
#723 = CARTESIAN_POINT('',(179.25748234112,-484.1362333248));
#724 = CARTESIAN_POINT('',(71.712595783027,-336.2291914587));
#725 = CARTESIAN_POINT('',(11.612784326863,-169.7728974503));
#726 = CARTESIAN_POINT('',(-1.136868377216E-13,-2.344791028008E-13));
#727 = ( GEOMETRIC_REPRESENTATION_CONTEXT(2) 
PARAMETRIC_REPRESENTATION_CONTEXT() REPRESENTATION_CONTEXT('2D SPACE',''
  ) );
#728 = ORIENTED_EDGE('',*,*,#729,.T.);
#729 = EDGE_CURVE('',#563,#730,#732,.T.);
#730 = VERTEX_POINT('',#731);
#731 = CARTESIAN_POINT('',(112.,0.,-80.));
#732 = SEAM_CURVE('',#733,(#738,#745),.PCURVE_S1.);
#733 = ( BOUNDED_CURVE() B_SPLINE_CURVE(3,(#734,#735,#736,#737),
.UNSPECIFIED.,.F.,.F.) B_SPLINE_CURVE_WITH_KNOTS((4,4),(0.,1.),
.PIECEWISE_BEZIER_KNOTS.) CURVE() GEOMETRIC_REPRESENTATION_ITEM() 
RATIONAL_B_SPLINE_CURVE((1.,1.,1.,1.)) REPRESENTATION_ITEM('') );
#734 = CARTESIAN_POINT('',(650.,1.136868377216E-13,-1.288E+03));
#735 = CARTESIAN_POINT('',(504.52891144904,-1.124076202079E-13,
    -871.0606979953));
#736 = CARTESIAN_POINT('',(422.17189033787,5.471311652235E-14,
    -403.8671057106));
#737 = CARTESIAN_POINT('',(112.,-1.42108547152E-14,-80.));
#738 = PCURVE('',#592,#739);
#739 = DEFINITIONAL_REPRESENTATION('',(#740),#744);
#740 = LINE('',#741,#742);
#741 = CARTESIAN_POINT('',(1.,0.));
#742 = VECTOR('',#743,1.);
#743 = DIRECTION('',(0.,1.));
#744 = ( GEOMETRIC_REPRESENTATION_CONTEXT(2) 
PARAMETRIC_REPRESENTATION_CONTEXT() REPRESENTATION_CONTEXT('2D SPACE',''
  ) );
#745 = PCURVE('',#592,#746);
#746 = DEFINITIONAL_REPRESENTATION('',(#747),#751);
#747 = LINE('',#748,#749);
#748 = CARTESIAN_POINT('',(0.,0.));
#749 = VECTOR('',#750,1.);
#750 = DIRECTION('',(0.,1.));
#751 = ( GEOMETRIC_REPRESENTATION_CONTEXT(2) 
PARAMETRIC_REPRESENTATION_CONTEXT() REPRESENTATION_CONTEXT('2D SPACE',''
  ) );
#752 = ORIENTED_EDGE('',*,*,#753,.F.);
#753 = EDGE_CURVE('',#730,#730,#754,.T.);
#754 = SURFACE_CURVE('',#755,(#780,#787),.PCURVE_S1.);
#755 = B_SPLINE_CURVE_WITH_KNOTS('',12,(#756,#757,#758,#759,#760,#761,
    #762,#763,#764,#765,#766,#767,#768,#769,#770,#771,#772,#773,#774,
    #775,#776,#777,#778,#779),.UNSPECIFIED.,.T.,.F.,(13,11,13),(0.,0.5,
    1.),.UNSPECIFIED.);
#756 = CARTESIAN_POINT('',(112.,-1.42108547152E-14,-80.));
#757 = CARTESIAN_POINT('',(111.99999999999,29.321531433501,-80.));
#758 = CARTESIAN_POINT('',(103.62579003307,58.643060783187,-80.));
#759 = CARTESIAN_POINT('',(86.877371871859,85.333770664592,-80.));
#760 = CARTESIAN_POINT('',(62.673071273953,106.76274947225,-80.));
#761 = CARTESIAN_POINT('',(32.849589061004,120.65998995186,-80.));
#762 = CARTESIAN_POINT('',(-1.899517580265E-12,125.47618390658,-80.));
#763 = CARTESIAN_POINT('',(-32.849589061,120.65998995187,-80.));
#764 = CARTESIAN_POINT('',(-62.67307127394,106.76274947224,-80.));
#765 = CARTESIAN_POINT('',(-86.87737187186,85.33377066461,-80.));
#766 = CARTESIAN_POINT('',(-103.625790033,58.643060783177,-80.));
#767 = CARTESIAN_POINT('',(-111.9999999999,29.321531433505,-80.));
#768 = CARTESIAN_POINT('',(-112.,-29.3215314335,-80.));
#769 = CARTESIAN_POINT('',(-103.625790033,-58.64306078317,-80.));
#770 = CARTESIAN_POINT('',(-86.8773718719,-85.3337706646,-80.));
#771 = CARTESIAN_POINT('',(-62.6730712739,-106.7627494722,-80.));
#772 = CARTESIAN_POINT('',(-32.84958906103,-120.6599899518,-80.));
#773 = CARTESIAN_POINT('',(-1.273055734904E-13,-125.4761839065,-80.));
#774 = CARTESIAN_POINT('',(32.849589061031,-120.6599899518,-80.));
#775 = CARTESIAN_POINT('',(62.673071273909,-106.7627494722,-80.));
#776 = CARTESIAN_POINT('',(86.877371871899,-85.33377066461,-80.));
#777 = CARTESIAN_POINT('',(103.62579003305,-58.64306078317,-80.));
#778 = CARTESIAN_POINT('',(112.,-29.3215314335,-80.));
#779 = CARTESIAN_POINT('',(112.,-4.267973399035E-14,-80.));
#780 = PCURVE('',#592,#781);
#781 = DEFINITIONAL_REPRESENTATION('',(#782),#786);
#782 = LINE('',#783,#784);
#783 = CARTESIAN_POINT('',(0.,1.));
#784 = VECTOR('',#785,1.);
#785 = DIRECTION('',(1.,0.));
#786 = ( GEOMETRIC_REPRESENTATION_CONTEXT(2) 
PARAMETRIC_REPRESENTATION_CONTEXT() REPRESENTATION_CONTEXT('2D SPACE',''
  ) );
#787 = PCURVE('',#788,#793);
#788 = PLANE('',#789);
#789 = AXIS2_PLACEMENT_3D('',#790,#791,#792);
#790 = CARTESIAN_POINT('',(112.,-1.42108547152E-14,-80.));
#791 = DIRECTION('',(-0.,0.,-1.));
#792 = DIRECTION('',(-0.997668769208,-6.824241310447E-02,0.));
#793 = DEFINITIONAL_REPRESENTATION('',(#794),#819);
#794 = B_SPLINE_CURVE_WITH_KNOTS('',12,(#795,#796,#797,#798,#799,#800,
    #801,#802,#803,#804,#805,#806,#807,#808,#809,#810,#811,#812,#813,
    #814,#815,#816,#817,#818),.UNSPECIFIED.,.F.,.F.,(13,11,13),(0.,0.5,
    1.),.UNSPECIFIED.);
#795 = CARTESIAN_POINT('',(0.,0.));
#796 = CARTESIAN_POINT('',(-2.000972060937,29.253176176565));
#797 = CARTESIAN_POINT('',(4.352743771114,59.077826570158));
#798 = CARTESIAN_POINT('',(19.240679054426,86.849266717841));
#799 = CARTESIAN_POINT('',(41.926188617289,109.88004951058));
#800 = CARTESIAN_POINT('',(70.731764184366,125.78011870865));
#801 = CARTESIAN_POINT('',(103.17610457441,132.82682023074));
#802 = CARTESIAN_POINT('',(136.27778235934,130.26358916269));
#803 = CARTESIAN_POINT('',(166.98012037806,118.43397275137));
#804 = CARTESIAN_POINT('',(192.59036038933,98.706709719278));
#805 = CARTESIAN_POINT('',(211.12117257219,73.221174513576));
#806 = CARTESIAN_POINT('',(221.47683224172,44.539476711969));
#807 = CARTESIAN_POINT('',(225.47877636361,-13.96687564116));
#808 = CARTESIAN_POINT('',(219.12506053153,-43.79152603474));
#809 = CARTESIAN_POINT('',(204.23712524828,-71.56296618245));
#810 = CARTESIAN_POINT('',(181.55161568533,-94.59374897518));
#811 = CARTESIAN_POINT('',(152.74604011832,-110.4938181732));
#812 = CARTESIAN_POINT('',(120.30169972826,-117.5405196953));
#813 = CARTESIAN_POINT('',(87.200021943292,-114.9772886272));
#814 = CARTESIAN_POINT('',(56.497683924639,-103.1476722159));
#815 = CARTESIAN_POINT('',(30.887443913298,-83.42040918388));
#816 = CARTESIAN_POINT('',(12.356631730488,-57.93487397817));
#817 = CARTESIAN_POINT('',(2.000972060938,-29.25317617656));
#818 = CARTESIAN_POINT('',(0.,-2.84217094304E-14));
#819 = ( GEOMETRIC_REPRESENTATION_CONTEXT(2) 
PARAMETRIC_REPRESENTATION_CONTEXT() REPRESENTATION_CONTEXT('2D SPACE',''
  ) );
#820 = ORIENTED_EDGE('',*,*,#729,.F.);
#821 = ADVANCED_FACE('',(#822),#696,.T.);
#822 = FACE_BOUND('',#823,.T.);
#823 = EDGE_LOOP('',(#824));
#824 = ORIENTED_EDGE('',*,*,#562,.F.);
#825 = ADVANCED_FACE('',(#826),#788,.F.);
#826 = FACE_BOUND('',#827,.T.);
#827 = EDGE_LOOP('',(#828));
#828 = ORIENTED_EDGE('',*,*,#753,.T.);
#829 = ( GEOMETRIC_REPRESENTATION_CONTEXT(3) 
GLOBAL_UNCERTAINTY_ASSIGNED_CONTEXT((#833)) GLOBAL_UNIT_ASSIGNED_CONTEXT
((#830,#831,#832)) REPRESENTATION_CONTEXT('Context #1',
  '3D Context with UNIT and UNCERTAINTY') );
#830 = ( LENGTH_UNIT() NAMED_UNIT(*) SI_UNIT(.MILLI.,.METRE.) );
#831 = ( NAMED_UNIT(*) PLANE_ANGLE_UNIT() SI_UNIT($,.RADIAN.) );
#832 = ( NAMED_UNIT(*) SI_UNIT($,.STERADIAN.) SOLID_ANGLE_UNIT() );
#833 = UNCERTAINTY_MEASURE_WITH_UNIT(LENGTH_MEASURE(1.E-07),#830,
  'distance_accuracy_value','confusion accuracy');
#834 = CONTEXT_DEPENDENT_SHAPE_REPRESENTATION(#835,#837);
#835 = ( REPRESENTATION_RELATIONSHIP('','',#555,#532) 
REPRESENTATION_RELATIONSHIP_WITH_TRANSFORMATION(#836) 
SHAPE_REPRESENTATION_RELATIONSHIP() );
#836 = ITEM_DEFINED_TRANSFORMATION('','',#11,#533);
#837 = PRODUCT_DEFINITION_SHAPE('Placement','Placement of an item',#838
  );
#838 = NEXT_ASSEMBLY_USAGE_OCCURRENCE('3','=>[0:1:1:5]','',#527,#550,$);
#839 = PRODUCT_RELATED_PRODUCT_CATEGORY('part',$,(#552));
#840 = SHAPE_DEFINITION_REPRESENTATION(#841,#847);
#841 = PRODUCT_DEFINITION_SHAPE('','',#842);
#842 = PRODUCT_DEFINITION('design','',#843,#846);
#843 = PRODUCT_DEFINITION_FORMATION('','',#844);
#844 = PRODUCT('thick_rolled_nozzle_exit_lip',
  'thick_rolled_nozzle_exit_lip','',(#845));
#845 = PRODUCT_CONTEXT('',#2,'mechanical');
#846 = PRODUCT_DEFINITION_CONTEXT('part definition',#2,'design');
#847 = SHAPE_REPRESENTATION('',(#11,#848),#852);
#848 = AXIS2_PLACEMENT_3D('',#849,#850,#851);
#849 = CARTESIAN_POINT('',(0.,0.,0.));
#850 = DIRECTION('',(0.,0.,1.));
#851 = DIRECTION('',(1.,0.,0.));
#852 = ( GEOMETRIC_REPRESENTATION_CONTEXT(3) 
GLOBAL_UNCERTAINTY_ASSIGNED_CONTEXT((#856)) GLOBAL_UNIT_ASSIGNED_CONTEXT
((#853,#854,#855)) REPRESENTATION_CONTEXT('Context #1',
  '3D Context with UNIT and UNCERTAINTY') );
#853 = ( LENGTH_UNIT() NAMED_UNIT(*) SI_UNIT(.MILLI.,.METRE.) );
#854 = ( NAMED_UNIT(*) PLANE_ANGLE_UNIT() SI_UNIT($,.RADIAN.) );
#855 = ( NAMED_UNIT(*) SI_UNIT($,.STERADIAN.) SOLID_ANGLE_UNIT() );
#856 = UNCERTAINTY_MEASURE_WITH_UNIT(LENGTH_MEASURE(1.E-07),#853,
  'distance_accuracy_value','confusion accuracy');
#857 = CONTEXT_DEPENDENT_SHAPE_REPRESENTATION(#858,#860);
#858 = ( REPRESENTATION_RELATIONSHIP('','',#847,#10) 
REPRESENTATION_RELATIONSHIP_WITH_TRANSFORMATION(#859) 
SHAPE_REPRESENTATION_RELATIONSHIP() );
#859 = ITEM_DEFINED_TRANSFORMATION('','',#11,#23);
#860 = PRODUCT_DEFINITION_SHAPE('Placement','Placement of an item',#861
  );
#861 = NEXT_ASSEMBLY_USAGE_OCCURRENCE('6','=>[0:1:1:6]','',#5,#842,$);
#862 = PRODUCT_RELATED_PRODUCT_CATEGORY('part',$,(#844));
#863 = SHAPE_DEFINITION_REPRESENTATION(#864,#870);
#864 = PRODUCT_DEFINITION_SHAPE('','',#865);
#865 = PRODUCT_DEFINITION('design','',#866,#869);
#866 = PRODUCT_DEFINITION_FORMATION('','',#867);
#867 = PRODUCT('SOLID','SOLID','',(#868));
#868 = PRODUCT_CONTEXT('',#2,'mechanical');
#869 = PRODUCT_DEFINITION_CONTEXT('part definition',#2,'design');
#870 = ADVANCED_BREP_SHAPE_REPRESENTATION('',(#11,#871),#929);
#871 = MANIFOLD_SOLID_BREP('',#872);
#872 = CLOSED_SHELL('',(#873));
#873 = ADVANCED_FACE('',(#874),#887,.T.);
#874 = FACE_BOUND('',#875,.T.);
#875 = EDGE_LOOP('',(#876,#905,#927,#928));
#876 = ORIENTED_EDGE('',*,*,#877,.F.);
#877 = EDGE_CURVE('',#878,#878,#880,.T.);
#878 = VERTEX_POINT('',#879);
#879 = CARTESIAN_POINT('',(718.,-1.758592803576E-13,-4.40872847693E-15)
  );
#880 = SEAM_CURVE('',#881,(#886,#898),.PCURVE_S1.);
#881 = CIRCLE('',#882,718.);
#882 = AXIS2_PLACEMENT_3D('',#883,#884,#885);
#883 = CARTESIAN_POINT('',(0.,0.,-4.40872847693E-15));
#884 = DIRECTION('',(0.,0.,1.));
#885 = DIRECTION('',(1.,0.,-0.));
#886 = PCURVE('',#887,#892);
#887 = TOROIDAL_SURFACE('',#888,700.,18.);
#888 = AXIS2_PLACEMENT_3D('',#889,#890,#891);
#889 = CARTESIAN_POINT('',(0.,0.,0.));
#890 = DIRECTION('',(0.,0.,1.));
#891 = DIRECTION('',(1.,0.,-0.));
#892 = DEFINITIONAL_REPRESENTATION('',(#893),#897);
#893 = LINE('',#894,#895);
#894 = CARTESIAN_POINT('',(0.,6.28318530718));
#895 = VECTOR('',#896,1.);
#896 = DIRECTION('',(1.,0.));
#897 = ( GEOMETRIC_REPRESENTATION_CONTEXT(2) 
PARAMETRIC_REPRESENTATION_CONTEXT() REPRESENTATION_CONTEXT('2D SPACE',''
  ) );
#898 = PCURVE('',#887,#899);
#899 = DEFINITIONAL_REPRESENTATION('',(#900),#904);
#900 = LINE('',#901,#902);
#901 = CARTESIAN_POINT('',(0.,0.));
#902 = VECTOR('',#903,1.);
#903 = DIRECTION('',(1.,0.));
#904 = ( GEOMETRIC_REPRESENTATION_CONTEXT(2) 
PARAMETRIC_REPRESENTATION_CONTEXT() REPRESENTATION_CONTEXT('2D SPACE',''
  ) );
#905 = ORIENTED_EDGE('',*,*,#906,.F.);
#906 = EDGE_CURVE('',#878,#878,#907,.T.);
#907 = SEAM_CURVE('',#908,(#913,#920),.PCURVE_S1.);
#908 = CIRCLE('',#909,18.);
#909 = AXIS2_PLACEMENT_3D('',#910,#911,#912);
#910 = CARTESIAN_POINT('',(700.,-1.714505518806E-13,0.));
#911 = DIRECTION('',(-2.449293598295E-16,-1.,0.));
#912 = DIRECTION('',(1.,-2.449293598295E-16,0.));
#913 = PCURVE('',#887,#914);
#914 = DEFINITIONAL_REPRESENTATION('',(#915),#919);
#915 = LINE('',#916,#917);
#916 = CARTESIAN_POINT('',(6.28318530718,-0.));
#917 = VECTOR('',#918,1.);
#918 = DIRECTION('',(0.,1.));
#919 = ( GEOMETRIC_REPRESENTATION_CONTEXT(2) 
PARAMETRIC_REPRESENTATION_CONTEXT() REPRESENTATION_CONTEXT('2D SPACE',''
  ) );
#920 = PCURVE('',#887,#921);
#921 = DEFINITIONAL_REPRESENTATION('',(#922),#926);
#922 = LINE('',#923,#924);
#923 = CARTESIAN_POINT('',(0.,-0.));
#924 = VECTOR('',#925,1.);
#925 = DIRECTION('',(0.,1.));
#926 = ( GEOMETRIC_REPRESENTATION_CONTEXT(2) 
PARAMETRIC_REPRESENTATION_CONTEXT() REPRESENTATION_CONTEXT('2D SPACE',''
  ) );
#927 = ORIENTED_EDGE('',*,*,#877,.T.);
#928 = ORIENTED_EDGE('',*,*,#906,.T.);
#929 = ( GEOMETRIC_REPRESENTATION_CONTEXT(3) 
GLOBAL_UNCERTAINTY_ASSIGNED_CONTEXT((#933)) GLOBAL_UNIT_ASSIGNED_CONTEXT
((#930,#931,#932)) REPRESENTATION_CONTEXT('Context #1',
  '3D Context with UNIT and UNCERTAINTY') );
#930 = ( LENGTH_UNIT() NAMED_UNIT(*) SI_UNIT(.MILLI.,.METRE.) );
#931 = ( NAMED_UNIT(*) PLANE_ANGLE_UNIT() SI_UNIT($,.RADIAN.) );
#932 = ( NAMED_UNIT(*) SI_UNIT($,.STERADIAN.) SOLID_ANGLE_UNIT() );
#933 = UNCERTAINTY_MEASURE_WITH_UNIT(LENGTH_MEASURE(1.E-07),#930,
  'distance_accuracy_value','confusion accuracy');
#934 = CONTEXT_DEPENDENT_SHAPE_REPRESENTATION(#935,#937);
#935 = ( REPRESENTATION_RELATIONSHIP('','',#870,#847) 
REPRESENTATION_RELATIONSHIP_WITH_TRANSFORMATION(#936) 
SHAPE_REPRESENTATION_RELATIONSHIP() );
#936 = ITEM_DEFINED_TRANSFORMATION('','',#11,#848);
#937 = PRODUCT_DEFINITION_SHAPE('Placement','Placement of an item',#938
  );
#938 = NEXT_ASSEMBLY_USAGE_OCCURRENCE('5','=>[0:1:1:7]','',#842,#865,$);
#939 = PRODUCT_RELATED_PRODUCT_CATEGORY('part',$,(#867));
#940 = SHAPE_DEFINITION_REPRESENTATION(#941,#947);
#941 = PRODUCT_DEFINITION_SHAPE('','',#942);
#942 = PRODUCT_DEFINITION('design','',#943,#946);
#943 = PRODUCT_DEFINITION_FORMATION('','',#944);
#944 = PRODUCT('copper_throat_regen_manifold_ring',
  'copper_throat_regen_manifold_ring','',(#945));
#945 = PRODUCT_CONTEXT('',#2,'mechanical');
#946 = PRODUCT_DEFINITION_CONTEXT('part definition',#2,'design');
#947 = SHAPE_REPRESENTATION('',(#11,#948),#952);
#948 = AXIS2_PLACEMENT_3D('',#949,#950,#951);
#949 = CARTESIAN_POINT('',(0.,0.,0.));
#950 = DIRECTION('',(0.,0.,1.));
#951 = DIRECTION('',(1.,0.,0.));
#952 = ( GEOMETRIC_REPRESENTATION_CONTEXT(3) 
GLOBAL_UNCERTAINTY_ASSIGNED_CONTEXT((#956)) GLOBAL_UNIT_ASSIGNED_CONTEXT
((#953,#954,#955)) REPRESENTATION_CONTEXT('Context #1',
  '3D Context with UNIT and UNCERTAINTY') );
#953 = ( LENGTH_UNIT() NAMED_UNIT(*) SI_UNIT(.MILLI.,.METRE.) );
#954 = ( NAMED_UNIT(*) PLANE_ANGLE_UNIT() SI_UNIT($,.RADIAN.) );
#955 = ( NAMED_UNIT(*) SI_UNIT($,.STERADIAN.) SOLID_ANGLE_UNIT() );
#956 = UNCERTAINTY_MEASURE_WITH_UNIT(LENGTH_MEASURE(1.E-07),#953,
  'distance_accuracy_value','confusion accuracy');
#957 = CONTEXT_DEPENDENT_SHAPE_REPRESENTATION(#958,#960);
#958 = ( REPRESENTATION_RELATIONSHIP('','',#947,#10) 
REPRESENTATION_RELATIONSHIP_WITH_TRANSFORMATION(#959) 
SHAPE_REPRESENTATION_RELATIONSHIP() );
#959 = ITEM_DEFINED_TRANSFORMATION('','',#11,#27);
#960 = PRODUCT_DEFINITION_SHAPE('Placement','Placement of an item',#961
  );
#961 = NEXT_ASSEMBLY_USAGE_OCCURRENCE('8','=>[0:1:1:8]','',#5,#942,$);
#962 = PRODUCT_RELATED_PRODUCT_CATEGORY('part',$,(#944));
#963 = SHAPE_DEFINITION_REPRESENTATION(#964,#970);
#964 = PRODUCT_DEFINITION_SHAPE('','',#965);
#965 = PRODUCT_DEFINITION('design','',#966,#969);
#966 = PRODUCT_DEFINITION_FORMATION('','',#967);
#967 = PRODUCT('SOLID','SOLID','',(#968));
#968 = PRODUCT_CONTEXT('',#2,'mechanical');
#969 = PRODUCT_DEFINITION_CONTEXT('part definition',#2,'design');
#970 = ADVANCED_BREP_SHAPE_REPRESENTATION('',(#11,#971),#1029);
#971 = MANIFOLD_SOLID_BREP('',#972);
#972 = CLOSED_SHELL('',(#973));
#973 = ADVANCED_FACE('',(#974),#987,.T.);
#974 = FACE_BOUND('',#975,.T.);
#975 = EDGE_LOOP('',(#976,#1005,#1027,#1028));
#976 = ORIENTED_EDGE('',*,*,#977,.F.);
#977 = EDGE_CURVE('',#978,#978,#980,.T.);
#978 = VERTEX_POINT('',#979);
#979 = CARTESIAN_POINT('',(156.,-3.82089801334E-14,-3.918869757272E-15)
  );
#980 = SEAM_CURVE('',#981,(#986,#998),.PCURVE_S1.);
#981 = CIRCLE('',#982,156.);
#982 = AXIS2_PLACEMENT_3D('',#983,#984,#985);
#983 = CARTESIAN_POINT('',(0.,0.,-3.918869757272E-15));
#984 = DIRECTION('',(0.,0.,1.));
#985 = DIRECTION('',(1.,0.,-0.));
#986 = PCURVE('',#987,#992);
#987 = TOROIDAL_SURFACE('',#988,140.,16.);
#988 = AXIS2_PLACEMENT_3D('',#989,#990,#991);
#989 = CARTESIAN_POINT('',(0.,0.,0.));
#990 = DIRECTION('',(0.,0.,1.));
#991 = DIRECTION('',(1.,0.,-0.));
#992 = DEFINITIONAL_REPRESENTATION('',(#993),#997);
#993 = LINE('',#994,#995);
#994 = CARTESIAN_POINT('',(0.,6.28318530718));
#995 = VECTOR('',#996,1.);
#996 = DIRECTION('',(1.,0.));
#997 = ( GEOMETRIC_REPRESENTATION_CONTEXT(2) 
PARAMETRIC_REPRESENTATION_CONTEXT() REPRESENTATION_CONTEXT('2D SPACE',''
  ) );
#998 = PCURVE('',#987,#999);
#999 = DEFINITIONAL_REPRESENTATION('',(#1000),#1004);
#1000 = LINE('',#1001,#1002);
#1001 = CARTESIAN_POINT('',(0.,0.));
#1002 = VECTOR('',#1003,1.);
#1003 = DIRECTION('',(1.,0.));
#1004 = ( GEOMETRIC_REPRESENTATION_CONTEXT(2) 
PARAMETRIC_REPRESENTATION_CONTEXT() REPRESENTATION_CONTEXT('2D SPACE',''
  ) );
#1005 = ORIENTED_EDGE('',*,*,#1006,.F.);
#1006 = EDGE_CURVE('',#978,#978,#1007,.T.);
#1007 = SEAM_CURVE('',#1008,(#1013,#1020),.PCURVE_S1.);
#1008 = CIRCLE('',#1009,16.);
#1009 = AXIS2_PLACEMENT_3D('',#1010,#1011,#1012);
#1010 = CARTESIAN_POINT('',(140.,-3.429011037613E-14,0.));
#1011 = DIRECTION('',(-2.449293598295E-16,-1.,0.));
#1012 = DIRECTION('',(1.,-2.449293598295E-16,0.));
#1013 = PCURVE('',#987,#1014);
#1014 = DEFINITIONAL_REPRESENTATION('',(#1015),#1019);
#1015 = LINE('',#1016,#1017);
#1016 = CARTESIAN_POINT('',(6.28318530718,-0.));
#1017 = VECTOR('',#1018,1.);
#1018 = DIRECTION('',(0.,1.));
#1019 = ( GEOMETRIC_REPRESENTATION_CONTEXT(2) 
PARAMETRIC_REPRESENTATION_CONTEXT() REPRESENTATION_CONTEXT('2D SPACE',''
  ) );
#1020 = PCURVE('',#987,#1021);
#1021 = DEFINITIONAL_REPRESENTATION('',(#1022),#1026);
#1022 = LINE('',#1023,#1024);
#1023 = CARTESIAN_POINT('',(0.,-0.));
#1024 = VECTOR('',#1025,1.);
#1025 = DIRECTION('',(0.,1.));
#1026 = ( GEOMETRIC_REPRESENTATION_CONTEXT(2) 
PARAMETRIC_REPRESENTATION_CONTEXT() REPRESENTATION_CONTEXT('2D SPACE',''
  ) );
#1027 = ORIENTED_EDGE('',*,*,#977,.T.);
#1028 = ORIENTED_EDGE('',*,*,#1006,.T.);
#1029 = ( GEOMETRIC_REPRESENTATION_CONTEXT(3) 
GLOBAL_UNCERTAINTY_ASSIGNED_CONTEXT((#1033)) 
GLOBAL_UNIT_ASSIGNED_CONTEXT((#1030,#1031,#1032)) REPRESENTATION_CONTEXT
('Context #1','3D Context with UNIT and UNCERTAINTY') );
#1030 = ( LENGTH_UNIT() NAMED_UNIT(*) SI_UNIT(.MILLI.,.METRE.) );
#1031 = ( NAMED_UNIT(*) PLANE_ANGLE_UNIT() SI_UNIT($,.RADIAN.) );
#1032 = ( NAMED_UNIT(*) SI_UNIT($,.STERADIAN.) SOLID_ANGLE_UNIT() );
#1033 = UNCERTAINTY_MEASURE_WITH_UNIT(LENGTH_MEASURE(1.E-07),#1030,
  'distance_accuracy_value','confusion accuracy');
#1034 = CONTEXT_DEPENDENT_SHAPE_REPRESENTATION(#1035,#1037);
#1035 = ( REPRESENTATION_RELATIONSHIP('','',#970,#947) 
REPRESENTATION_RELATIONSHIP_WITH_TRANSFORMATION(#1036) 
SHAPE_REPRESENTATION_RELATIONSHIP() );
#1036 = ITEM_DEFINED_TRANSFORMATION('','',#11,#948);
#1037 = PRODUCT_DEFINITION_SHAPE('Placement','Placement of an item',
  #1038);
#1038 = NEXT_ASSEMBLY_USAGE_OCCURRENCE('7','=>[0:1:1:9]','',#942,#965,$
  );
#1039 = PRODUCT_RELATED_PRODUCT_CATEGORY('part',$,(#967));
#1040 = SHAPE_DEFINITION_REPRESENTATION(#1041,#1047);
#1041 = PRODUCT_DEFINITION_SHAPE('','',#1042);
#1042 = PRODUCT_DEFINITION('design','',#1043,#1046);
#1043 = PRODUCT_DEFINITION_FORMATION('','',#1044);
#1044 = PRODUCT('mid_bell_regen_distribution_ring',
  'mid_bell_regen_distribution_ring','',(#1045));
#1045 = PRODUCT_CONTEXT('',#2,'mechanical');
#1046 = PRODUCT_DEFINITION_CONTEXT('part definition',#2,'design');
#1047 = SHAPE_REPRESENTATION('',(#11,#1048),#1052);
#1048 = AXIS2_PLACEMENT_3D('',#1049,#1050,#1051);
#1049 = CARTESIAN_POINT('',(0.,0.,0.));
#1050 = DIRECTION('',(0.,0.,1.));
#1051 = DIRECTION('',(1.,0.,0.));
#1052 = ( GEOMETRIC_REPRESENTATION_CONTEXT(3) 
GLOBAL_UNCERTAINTY_ASSIGNED_CONTEXT((#1056)) 
GLOBAL_UNIT_ASSIGNED_CONTEXT((#1053,#1054,#1055)) REPRESENTATION_CONTEXT
('Context #1','3D Context with UNIT and UNCERTAINTY') );
#1053 = ( LENGTH_UNIT() NAMED_UNIT(*) SI_UNIT(.MILLI.,.METRE.) );
#1054 = ( NAMED_UNIT(*) PLANE_ANGLE_UNIT() SI_UNIT($,.RADIAN.) );
#1055 = ( NAMED_UNIT(*) SI_UNIT($,.STERADIAN.) SOLID_ANGLE_UNIT() );
#1056 = UNCERTAINTY_MEASURE_WITH_UNIT(LENGTH_MEASURE(1.E-07),#1053,
  'distance_accuracy_value','confusion accuracy');
#1057 = CONTEXT_DEPENDENT_SHAPE_REPRESENTATION(#1058,#1060);
#1058 = ( REPRESENTATION_RELATIONSHIP('','',#1047,#10) 
REPRESENTATION_RELATIONSHIP_WITH_TRANSFORMATION(#1059) 
SHAPE_REPRESENTATION_RELATIONSHIP() );
#1059 = ITEM_DEFINED_TRANSFORMATION('','',#11,#31);
#1060 = PRODUCT_DEFINITION_SHAPE('Placement','Placement of an item',
  #1061);
#1061 = NEXT_ASSEMBLY_USAGE_OCCURRENCE('10','=>[0:1:1:10]','',#5,#1042,$
  );
#1062 = PRODUCT_RELATED_PRODUCT_CATEGORY('part',$,(#1044));
#1063 = SHAPE_DEFINITION_REPRESENTATION(#1064,#1070);
#1064 = PRODUCT_DEFINITION_SHAPE('','',#1065);
#1065 = PRODUCT_DEFINITION('design','',#1066,#1069);
#1066 = PRODUCT_DEFINITION_FORMATION('','',#1067);
#1067 = PRODUCT('SOLID','SOLID','',(#1068));
#1068 = PRODUCT_CONTEXT('',#2,'mechanical');
#1069 = PRODUCT_DEFINITION_CONTEXT('part definition',#2,'design');
#1070 = ADVANCED_BREP_SHAPE_REPRESENTATION('',(#11,#1071),#1129);
#1071 = MANIFOLD_SOLID_BREP('',#1072);
#1072 = CLOSED_SHELL('',(#1073));
#1073 = ADVANCED_FACE('',(#1074),#1087,.T.);
#1074 = FACE_BOUND('',#1075,.T.);
#1075 = EDGE_LOOP('',(#1076,#1105,#1127,#1128));
#1076 = ORIENTED_EDGE('',*,*,#1077,.F.);
#1077 = EDGE_CURVE('',#1078,#1078,#1080,.T.);
#1078 = VERTEX_POINT('',#1079);
#1079 = CARTESIAN_POINT('',(557.,-1.36425653425E-13,-2.204364238465E-15)
  );
#1080 = SEAM_CURVE('',#1081,(#1086,#1098),.PCURVE_S1.);
#1081 = CIRCLE('',#1082,557.);
#1082 = AXIS2_PLACEMENT_3D('',#1083,#1084,#1085);
#1083 = CARTESIAN_POINT('',(0.,0.,-2.204364238465E-15));
#1084 = DIRECTION('',(0.,0.,1.));
#1085 = DIRECTION('',(1.,0.,-0.));
#1086 = PCURVE('',#1087,#1092);
#1087 = TOROIDAL_SURFACE('',#1088,548.,9.);
#1088 = AXIS2_PLACEMENT_3D('',#1089,#1090,#1091);
#1089 = CARTESIAN_POINT('',(0.,0.,0.));
#1090 = DIRECTION('',(0.,0.,1.));
#1091 = DIRECTION('',(1.,0.,-0.));
#1092 = DEFINITIONAL_REPRESENTATION('',(#1093),#1097);
#1093 = LINE('',#1094,#1095);
#1094 = CARTESIAN_POINT('',(0.,6.28318530718));
#1095 = VECTOR('',#1096,1.);
#1096 = DIRECTION('',(1.,0.));
#1097 = ( GEOMETRIC_REPRESENTATION_CONTEXT(2) 
PARAMETRIC_REPRESENTATION_CONTEXT() REPRESENTATION_CONTEXT('2D SPACE',''
  ) );
#1098 = PCURVE('',#1087,#1099);
#1099 = DEFINITIONAL_REPRESENTATION('',(#1100),#1104);
#1100 = LINE('',#1101,#1102);
#1101 = CARTESIAN_POINT('',(0.,0.));
#1102 = VECTOR('',#1103,1.);
#1103 = DIRECTION('',(1.,0.));
#1104 = ( GEOMETRIC_REPRESENTATION_CONTEXT(2) 
PARAMETRIC_REPRESENTATION_CONTEXT() REPRESENTATION_CONTEXT('2D SPACE',''
  ) );
#1105 = ORIENTED_EDGE('',*,*,#1106,.F.);
#1106 = EDGE_CURVE('',#1078,#1078,#1107,.T.);
#1107 = SEAM_CURVE('',#1108,(#1113,#1120),.PCURVE_S1.);
#1108 = CIRCLE('',#1109,9.);
#1109 = AXIS2_PLACEMENT_3D('',#1110,#1111,#1112);
#1110 = CARTESIAN_POINT('',(548.,-1.342212891865E-13,0.));
#1111 = DIRECTION('',(-2.449293598295E-16,-1.,0.));
#1112 = DIRECTION('',(1.,-2.449293598295E-16,0.));
#1113 = PCURVE('',#1087,#1114);
#1114 = DEFINITIONAL_REPRESENTATION('',(#1115),#1119);
#1115 = LINE('',#1116,#1117);
#1116 = CARTESIAN_POINT('',(6.28318530718,-0.));
#1117 = VECTOR('',#1118,1.);
#1118 = DIRECTION('',(0.,1.));
#1119 = ( GEOMETRIC_REPRESENTATION_CONTEXT(2) 
PARAMETRIC_REPRESENTATION_CONTEXT() REPRESENTATION_CONTEXT('2D SPACE',''
  ) );
#1120 = PCURVE('',#1087,#1121);
#1121 = DEFINITIONAL_REPRESENTATION('',(#1122),#1126);
#1122 = LINE('',#1123,#1124);
#1123 = CARTESIAN_POINT('',(0.,-0.));
#1124 = VECTOR('',#1125,1.);
#1125 = DIRECTION('',(0.,1.));
#1126 = ( GEOMETRIC_REPRESENTATION_CONTEXT(2) 
PARAMETRIC_REPRESENTATION_CONTEXT() REPRESENTATION_CONTEXT('2D SPACE',''
  ) );
#1127 = ORIENTED_EDGE('',*,*,#1077,.T.);
#1128 = ORIENTED_EDGE('',*,*,#1106,.T.);
#1129 = ( GEOMETRIC_REPRESENTATION_CONTEXT(3) 
GLOBAL_UNCERTAINTY_ASSIGNED_CONTEXT((#1133)) 
GLOBAL_UNIT_ASSIGNED_CONTEXT((#1130,#1131,#1132)) REPRESENTATION_CONTEXT
('Context #1','3D Context with UNIT and UNCERTAINTY') );
#1130 = ( LENGTH_UNIT() NAMED_UNIT(*) SI_UNIT(.MILLI.,.METRE.) );
#1131 = ( NAMED_UNIT(*) PLANE_ANGLE_UNIT() SI_UNIT($,.RADIAN.) );
#1132 = ( NAMED_UNIT(*) SI_UNIT($,.STERADIAN.) SOLID_ANGLE_UNIT() );
#1133 = UNCERTAINTY_MEASURE_WITH_UNIT(LENGTH_MEASURE(1.E-07),#1130,
  'distance_accuracy_value','confusion accuracy');
#1134 = CONTEXT_DEPENDENT_SHAPE_REPRESENTATION(#1135,#1137);
#1135 = ( REPRESENTATION_RELATIONSHIP('','',#1070,#1047) 
REPRESENTATION_RELATIONSHIP_WITH_TRANSFORMATION(#1136) 
SHAPE_REPRESENTATION_RELATIONSHIP() );
#1136 = ITEM_DEFINED_TRANSFORMATION('','',#11,#1048);
#1137 = PRODUCT_DEFINITION_SHAPE('Placement','Placement of an item',
  #1138);
#1138 = NEXT_ASSEMBLY_USAGE_OCCURRENCE('9','=>[0:1:1:11]','',#1042,#1065
  ,$);
#1139 = PRODUCT_RELATED_PRODUCT_CATEGORY('part',$,(#1067));
#1140 = SHAPE_DEFINITION_REPRESENTATION(#1141,#1147);
#1141 = PRODUCT_DEFINITION_SHAPE('','',#1142);
#1142 = PRODUCT_DEFINITION('design','',#1143,#1146);
#1143 = PRODUCT_DEFINITION_FORMATION('','',#1144);
#1144 = PRODUCT('external_regen_cooling_channel_00',
  'external_regen_cooling_channel_00','',(#1145));
#1145 = PRODUCT_CONTEXT('',#2,'mechanical');
#1146 = PRODUCT_DEFINITION_CONTEXT('part definition',#2,'design');
#1147 = SHAPE_REPRESENTATION('',(#11,#1148),#1152);
#1148 = AXIS2_PLACEMENT_3D('',#1149,#1150,#1151);
#1149 = CARTESIAN_POINT('',(0.,0.,-623.0477963047));
#1150 = DIRECTION('',(0.,0.,1.));
#1151 = DIRECTION('',(1.,0.,0.));
#1152 = ( GEOMETRIC_REPRESENTATION_CONTEXT(3) 
GLOBAL_UNCERTAINTY_ASSIGNED_CONTEXT((#1156)) 
GLOBAL_UNIT_ASSIGNED_CONTEXT((#1153,#1154,#1155)) REPRESENTATION_CONTEXT
('Context #1','3D Context with UNIT and UNCERTAINTY') );
#1153 = ( LENGTH_UNIT() NAMED_UNIT(*) SI_UNIT(.MILLI.,.METRE.) );
#1154 = ( NAMED_UNIT(*) PLANE_ANGLE_UNIT() SI_UNIT($,.RADIAN.) );
#1155 = ( NAMED_UNIT(*) SI_UNIT($,.STERADIAN.) SOLID_ANGLE_UNIT() );
#1156 = UNCERTAINTY_MEASURE_WITH_UNIT(LENGTH_MEASURE(1.E-07),#1153,
  'distance_accuracy_value','confusion accuracy');
#1157 = CONTEXT_DEPENDENT_SHAPE_REPRESENTATION(#1158,#1160);
#1158 = ( REPRESENTATION_RELATIONSHIP('','',#1147,#10) 
REPRESENTATION_RELATIONSHIP_WITH_TRANSFORMATION(#1159) 
SHAPE_REPRESENTATION_RELATIONSHIP() );
#1159 = ITEM_DEFINED_TRANSFORMATION('','',#11,#35);
#1160 = PRODUCT_DEFINITION_SHAPE('Placement','Placement of an item',
  #1161);
#1161 = NEXT_ASSEMBLY_USAGE_OCCURRENCE('12','=>[0:1:1:12]','',#5,#1142,$
  );
#1162 = PRODUCT_RELATED_PRODUCT_CATEGORY('part',$,(#1144));
#1163 = SHAPE_DEFINITION_REPRESENTATION(#1164,#1170);
#1164 = PRODUCT_DEFINITION_SHAPE('','',#1165);
#1165 = PRODUCT_DEFINITION('design','',#1166,#1169);
#1166 = PRODUCT_DEFINITION_FORMATION('','',#1167);
#1167 = PRODUCT('SOLID','SOLID','',(#1168));
#1168 = PRODUCT_CONTEXT('',#2,'mechanical');
#1169 = PRODUCT_DEFINITION_CONTEXT('part definition',#2,'design');
#1170 = ADVANCED_BREP_SHAPE_REPRESENTATION('',(#11,#1171),#1269);
#1171 = MANIFOLD_SOLID_BREP('',#1172);
#1172 = CLOSED_SHELL('',(#1173,#1261,#1265));
#1173 = ADVANCED_FACE('',(#1174),#1187,.T.);
#1174 = FACE_BOUND('',#1175,.T.);
#1175 = EDGE_LOOP('',(#1176,#1210,#1233,#1260));
#1176 = ORIENTED_EDGE('',*,*,#1177,.F.);
#1177 = EDGE_CURVE('',#1178,#1178,#1180,.T.);
#1178 = VERTEX_POINT('',#1179);
#1179 = CARTESIAN_POINT('',(3.1,-7.592810154714E-16,1.246095592609E+03)
  );
#1180 = SURFACE_CURVE('',#1181,(#1186,#1198),.PCURVE_S1.);
#1181 = CIRCLE('',#1182,3.1);
#1182 = AXIS2_PLACEMENT_3D('',#1183,#1184,#1185);
#1183 = CARTESIAN_POINT('',(0.,0.,1.246095592609E+03));
#1184 = DIRECTION('',(0.,0.,1.));
#1185 = DIRECTION('',(1.,0.,-0.));
#1186 = PCURVE('',#1187,#1192);
#1187 = CYLINDRICAL_SURFACE('',#1188,3.1);
#1188 = AXIS2_PLACEMENT_3D('',#1189,#1190,#1191);
#1189 = CARTESIAN_POINT('',(0.,0.,0.));
#1190 = DIRECTION('',(0.,0.,1.));
#1191 = DIRECTION('',(1.,0.,-0.));
#1192 = DEFINITIONAL_REPRESENTATION('',(#1193),#1197);
#1193 = LINE('',#1194,#1195);
#1194 = CARTESIAN_POINT('',(0.,1.246095592609E+03));
#1195 = VECTOR('',#1196,1.);
#1196 = DIRECTION('',(1.,0.));
#1197 = ( GEOMETRIC_REPRESENTATION_CONTEXT(2) 
PARAMETRIC_REPRESENTATION_CONTEXT() REPRESENTATION_CONTEXT('2D SPACE',''
  ) );
#1198 = PCURVE('',#1199,#1204);
#1199 = PLANE('',#1200);
#1200 = AXIS2_PLACEMENT_3D('',#1201,#1202,#1203);
#1201 = CARTESIAN_POINT('',(0.,0.,1.246095592609E+03));
#1202 = DIRECTION('',(0.,0.,1.));
#1203 = DIRECTION('',(1.,0.,-0.));
#1204 = DEFINITIONAL_REPRESENTATION('',(#1205),#1209);
#1205 = CIRCLE('',#1206,3.1);
#1206 = AXIS2_PLACEMENT_2D('',#1207,#1208);
#1207 = CARTESIAN_POINT('',(0.,0.));
#1208 = DIRECTION('',(1.,0.));
#1209 = ( GEOMETRIC_REPRESENTATION_CONTEXT(2) 
PARAMETRIC_REPRESENTATION_CONTEXT() REPRESENTATION_CONTEXT('2D SPACE',''
  ) );
#1210 = ORIENTED_EDGE('',*,*,#1211,.F.);
#1211 = EDGE_CURVE('',#1212,#1178,#1214,.T.);
#1212 = VERTEX_POINT('',#1213);
#1213 = CARTESIAN_POINT('',(3.1,-7.592810154714E-16,0.));
#1214 = SEAM_CURVE('',#1215,(#1219,#1226),.PCURVE_S1.);
#1215 = LINE('',#1216,#1217);
#1216 = CARTESIAN_POINT('',(3.1,-7.592810154714E-16,0.));
#1217 = VECTOR('',#1218,1.);
#1218 = DIRECTION('',(0.,0.,1.));
#1219 = PCURVE('',#1187,#1220);
#1220 = DEFINITIONAL_REPRESENTATION('',(#1221),#1225);
#1221 = LINE('',#1222,#1223);
#1222 = CARTESIAN_POINT('',(6.28318530718,-0.));
#1223 = VECTOR('',#1224,1.);
#1224 = DIRECTION('',(0.,1.));
#1225 = ( GEOMETRIC_REPRESENTATION_CONTEXT(2) 
PARAMETRIC_REPRESENTATION_CONTEXT() REPRESENTATION_CONTEXT('2D SPACE',''
  ) );
#1226 = PCURVE('',#1187,#1227);
#1227 = DEFINITIONAL_REPRESENTATION('',(#1228),#1232);
#1228 = LINE('',#1229,#1230);
#1229 = CARTESIAN_POINT('',(0.,-0.));
#1230 = VECTOR('',#1231,1.);
#1231 = DIRECTION('',(0.,1.));
#1232 = ( GEOMETRIC_REPRESENTATION_CONTEXT(2) 
PARAMETRIC_REPRESENTATION_CONTEXT() REPRESENTATION_CONTEXT('2D SPACE',''
  ) );
#1233 = ORIENTED_EDGE('',*,*,#1234,.T.);
#1234 = EDGE_CURVE('',#1212,#1212,#1235,.T.);
#1235 = SURFACE_CURVE('',#1236,(#1241,#1248),.PCURVE_S1.);
#1236 = CIRCLE('',#1237,3.1);
#1237 = AXIS2_PLACEMENT_3D('',#1238,#1239,#1240);
#1238 = CARTESIAN_POINT('',(0.,0.,0.));
#1239 = DIRECTION('',(0.,0.,1.));
#1240 = DIRECTION('',(1.,0.,-0.));
#1241 = PCURVE('',#1187,#1242);
#1242 = DEFINITIONAL_REPRESENTATION('',(#1243),#1247);
#1243 = LINE('',#1244,#1245);
#1244 = CARTESIAN_POINT('',(0.,0.));
#1245 = VECTOR('',#1246,1.);
#1246 = DIRECTION('',(1.,0.));
#1247 = ( GEOMETRIC_REPRESENTATION_CONTEXT(2) 
PARAMETRIC_REPRESENTATION_CONTEXT() REPRESENTATION_CONTEXT('2D SPACE',''
  ) );
#1248 = PCURVE('',#1249,#1254);
#1249 = PLANE('',#1250);
#1250 = AXIS2_PLACEMENT_3D('',#1251,#1252,#1253);
#1251 = CARTESIAN_POINT('',(0.,0.,0.));
#1252 = DIRECTION('',(0.,0.,1.));
#1253 = DIRECTION('',(1.,0.,-0.));
#1254 = DEFINITIONAL_REPRESENTATION('',(#1255),#1259);
#1255 = CIRCLE('',#1256,3.1);
#1256 = AXIS2_PLACEMENT_2D('',#1257,#1258);
#1257 = CARTESIAN_POINT('',(0.,0.));
#1258 = DIRECTION('',(1.,0.));
#1259 = ( GEOMETRIC_REPRESENTATION_CONTEXT(2) 
PARAMETRIC_REPRESENTATION_CONTEXT() REPRESENTATION_CONTEXT('2D SPACE',''
  ) );
#1260 = ORIENTED_EDGE('',*,*,#1211,.T.);
#1261 = ADVANCED_FACE('',(#1262),#1199,.T.);
#1262 = FACE_BOUND('',#1263,.T.);
#1263 = EDGE_LOOP('',(#1264));
#1264 = ORIENTED_EDGE('',*,*,#1177,.T.);
#1265 = ADVANCED_FACE('',(#1266),#1249,.F.);
#1266 = FACE_BOUND('',#1267,.T.);
#1267 = EDGE_LOOP('',(#1268));
#1268 = ORIENTED_EDGE('',*,*,#1234,.F.);
#1269 = ( GEOMETRIC_REPRESENTATION_CONTEXT(3) 
GLOBAL_UNCERTAINTY_ASSIGNED_CONTEXT((#1273)) 
GLOBAL_UNIT_ASSIGNED_CONTEXT((#1270,#1271,#1272)) REPRESENTATION_CONTEXT
('Context #1','3D Context with UNIT and UNCERTAINTY') );
#1270 = ( LENGTH_UNIT() NAMED_UNIT(*) SI_UNIT(.MILLI.,.METRE.) );
#1271 = ( NAMED_UNIT(*) PLANE_ANGLE_UNIT() SI_UNIT($,.RADIAN.) );
#1272 = ( NAMED_UNIT(*) SI_UNIT($,.STERADIAN.) SOLID_ANGLE_UNIT() );
#1273 = UNCERTAINTY_MEASURE_WITH_UNIT(LENGTH_MEASURE(1.E-07),#1270,
  'distance_accuracy_value','confusion accuracy');
#1274 = CONTEXT_DEPENDENT_SHAPE_REPRESENTATION(#1275,#1277);
#1275 = ( REPRESENTATION_RELATIONSHIP('','',#1170,#1147) 
REPRESENTATION_RELATIONSHIP_WITH_TRANSFORMATION(#1276) 
SHAPE_REPRESENTATION_RELATIONSHIP() );
#1276 = ITEM_DEFINED_TRANSFORMATION('','',#11,#1148);
#1277 = PRODUCT_DEFINITION_SHAPE('Placement','Placement of an item',
  #1278);
#1278 = NEXT_ASSEMBLY_USAGE_OCCURRENCE('11','=>[0:1:1:13]','',#1142,
  #1165,$);
#1279 = PRODUCT_RELATED_PRODUCT_CATEGORY('part',$,(#1167));
#1280 = SHAPE_DEFINITION_REPRESENTATION(#1281,#1287);
#1281 = PRODUCT_DEFINITION_SHAPE('','',#1282);
#1282 = PRODUCT_DEFINITION('design','',#1283,#1286);
#1283 = PRODUCT_DEFINITION_FORMATION('','',#1284);
#1284 = PRODUCT('external_regen_cooling_channel_01',
  'external_regen_cooling_channel_01','',(#1285));
#1285 = PRODUCT_CONTEXT('',#2,'mechanical');
#1286 = PRODUCT_DEFINITION_CONTEXT('part definition',#2,'design');
#1287 = SHAPE_REPRESENTATION('',(#11,#1288),#1292);
#1288 = AXIS2_PLACEMENT_3D('',#1289,#1290,#1291);
#1289 = CARTESIAN_POINT('',(0.,0.,-623.0477963047));
#1290 = DIRECTION('',(0.,0.,1.));
#1291 = DIRECTION('',(1.,0.,0.));
#1292 = ( GEOMETRIC_REPRESENTATION_CONTEXT(3) 
GLOBAL_UNCERTAINTY_ASSIGNED_CONTEXT((#1296)) 
GLOBAL_UNIT_ASSIGNED_CONTEXT((#1293,#1294,#1295)) REPRESENTATION_CONTEXT
('Context #1','3D Context with UNIT and UNCERTAINTY') );
#1293 = ( LENGTH_UNIT() NAMED_UNIT(*) SI_UNIT(.MILLI.,.METRE.) );
#1294 = ( NAMED_UNIT(*) PLANE_ANGLE_UNIT() SI_UNIT($,.RADIAN.) );
#1295 = ( NAMED_UNIT(*) SI_UNIT($,.STERADIAN.) SOLID_ANGLE_UNIT() );
#1296 = UNCERTAINTY_MEASURE_WITH_UNIT(LENGTH_MEASURE(1.E-07),#1293,
  'distance_accuracy_value','confusion accuracy');
#1297 = CONTEXT_DEPENDENT_SHAPE_REPRESENTATION(#1298,#1300);
#1298 = ( REPRESENTATION_RELATIONSHIP('','',#1287,#10) 
REPRESENTATION_RELATIONSHIP_WITH_TRANSFORMATION(#1299) 
SHAPE_REPRESENTATION_RELATIONSHIP() );
#1299 = ITEM_DEFINED_TRANSFORMATION('','',#11,#39);
#1300 = PRODUCT_DEFINITION_SHAPE('Placement','Placement of an item',
  #1301);
#1301 = NEXT_ASSEMBLY_USAGE_OCCURRENCE('14','=>[0:1:1:14]','',#5,#1282,$
  );
#1302 = PRODUCT_RELATED_PRODUCT_CATEGORY('part',$,(#1284));
#1303 = SHAPE_DEFINITION_REPRESENTATION(#1304,#1310);
#1304 = PRODUCT_DEFINITION_SHAPE('','',#1305);
#1305 = PRODUCT_DEFINITION('design','',#1306,#1309);
#1306 = PRODUCT_DEFINITION_FORMATION('','',#1307);
#1307 = PRODUCT('SOLID','SOLID','',(#1308));
#1308 = PRODUCT_CONTEXT('',#2,'mechanical');
#1309 = PRODUCT_DEFINITION_CONTEXT('part definition',#2,'design');
#1310 = ADVANCED_BREP_SHAPE_REPRESENTATION('',(#11,#1311),#1409);
#1311 = MANIFOLD_SOLID_BREP('',#1312);
#1312 = CLOSED_SHELL('',(#1313,#1401,#1405));
#1313 = ADVANCED_FACE('',(#1314),#1327,.T.);
#1314 = FACE_BOUND('',#1315,.T.);
#1315 = EDGE_LOOP('',(#1316,#1350,#1373,#1400));
#1316 = ORIENTED_EDGE('',*,*,#1317,.F.);
#1317 = EDGE_CURVE('',#1318,#1318,#1320,.T.);
#1318 = VERTEX_POINT('',#1319);
#1319 = CARTESIAN_POINT('',(3.1,-7.592810154714E-16,1.246095592609E+03)
  );
#1320 = SURFACE_CURVE('',#1321,(#1326,#1338),.PCURVE_S1.);
#1321 = CIRCLE('',#1322,3.1);
#1322 = AXIS2_PLACEMENT_3D('',#1323,#1324,#1325);
#1323 = CARTESIAN_POINT('',(0.,0.,1.246095592609E+03));
#1324 = DIRECTION('',(0.,0.,1.));
#1325 = DIRECTION('',(1.,0.,-0.));
#1326 = PCURVE('',#1327,#1332);
#1327 = CYLINDRICAL_SURFACE('',#1328,3.1);
#1328 = AXIS2_PLACEMENT_3D('',#1329,#1330,#1331);
#1329 = CARTESIAN_POINT('',(0.,0.,0.));
#1330 = DIRECTION('',(0.,0.,1.));
#1331 = DIRECTION('',(1.,0.,-0.));
#1332 = DEFINITIONAL_REPRESENTATION('',(#1333),#1337);
#1333 = LINE('',#1334,#1335);
#1334 = CARTESIAN_POINT('',(0.,1.246095592609E+03));
#1335 = VECTOR('',#1336,1.);
#1336 = DIRECTION('',(1.,0.));
#1337 = ( GEOMETRIC_REPRESENTATION_CONTEXT(2) 
PARAMETRIC_REPRESENTATION_CONTEXT() REPRESENTATION_CONTEXT('2D SPACE',''
  ) );
#1338 = PCURVE('',#1339,#1344);
#1339 = PLANE('',#1340);
#1340 = AXIS2_PLACEMENT_3D('',#1341,#1342,#1343);
#1341 = CARTESIAN_POINT('',(0.,0.,1.246095592609E+03));
#1342 = DIRECTION('',(0.,0.,1.));
#1343 = DIRECTION('',(1.,0.,-0.));
#1344 = DEFINITIONAL_REPRESENTATION('',(#1345),#1349);
#1345 = CIRCLE('',#1346,3.1);
#1346 = AXIS2_PLACEMENT_2D('',#1347,#1348);
#1347 = CARTESIAN_POINT('',(0.,0.));
#1348 = DIRECTION('',(1.,0.));
#1349 = ( GEOMETRIC_REPRESENTATION_CONTEXT(2) 
PARAMETRIC_REPRESENTATION_CONTEXT() REPRESENTATION_CONTEXT('2D SPACE',''
  ) );
#1350 = ORIENTED_EDGE('',*,*,#1351,.F.);
#1351 = EDGE_CURVE('',#1352,#1318,#1354,.T.);
#1352 = VERTEX_POINT('',#1353);
#1353 = CARTESIAN_POINT('',(3.1,-7.592810154714E-16,0.));
#1354 = SEAM_CURVE('',#1355,(#1359,#1366),.PCURVE_S1.);
#1355 = LINE('',#1356,#1357);
#1356 = CARTESIAN_POINT('',(3.1,-7.592810154714E-16,0.));
#1357 = VECTOR('',#1358,1.);
#1358 = DIRECTION('',(0.,0.,1.));
#1359 = PCURVE('',#1327,#1360);
#1360 = DEFINITIONAL_REPRESENTATION('',(#1361),#1365);
#1361 = LINE('',#1362,#1363);
#1362 = CARTESIAN_POINT('',(6.28318530718,-0.));
#1363 = VECTOR('',#1364,1.);
#1364 = DIRECTION('',(0.,1.));
#1365 = ( GEOMETRIC_REPRESENTATION_CONTEXT(2) 
PARAMETRIC_REPRESENTATION_CONTEXT() REPRESENTATION_CONTEXT('2D SPACE',''
  ) );
#1366 = PCURVE('',#1327,#1367);
#1367 = DEFINITIONAL_REPRESENTATION('',(#1368),#1372);
#1368 = LINE('',#1369,#1370);
#1369 = CARTESIAN_POINT('',(0.,-0.));
#1370 = VECTOR('',#1371,1.);
#1371 = DIRECTION('',(0.,1.));
#1372 = ( GEOMETRIC_REPRESENTATION_CONTEXT(2) 
PARAMETRIC_REPRESENTATION_CONTEXT() REPRESENTATION_CONTEXT('2D SPACE',''
  ) );
#1373 = ORIENTED_EDGE('',*,*,#1374,.T.);
#1374 = EDGE_CURVE('',#1352,#1352,#1375,.T.);
#1375 = SURFACE_CURVE('',#1376,(#1381,#1388),.PCURVE_S1.);
#1376 = CIRCLE('',#1377,3.1);
#1377 = AXIS2_PLACEMENT_3D('',#1378,#1379,#1380);
#1378 = CARTESIAN_POINT('',(0.,0.,0.));
#1379 = DIRECTION('',(0.,0.,1.));
#1380 = DIRECTION('',(1.,0.,-0.));
#1381 = PCURVE('',#1327,#1382);
#1382 = DEFINITIONAL_REPRESENTATION('',(#1383),#1387);
#1383 = LINE('',#1384,#1385);
#1384 = CARTESIAN_POINT('',(0.,0.));
#1385 = VECTOR('',#1386,1.);
#1386 = DIRECTION('',(1.,0.));
#1387 = ( GEOMETRIC_REPRESENTATION_CONTEXT(2) 
PARAMETRIC_REPRESENTATION_CONTEXT() REPRESENTATION_CONTEXT('2D SPACE',''
  ) );
#1388 = PCURVE('',#1389,#1394);
#1389 = PLANE('',#1390);
#1390 = AXIS2_PLACEMENT_3D('',#1391,#1392,#1393);
#1391 = CARTESIAN_POINT('',(0.,0.,0.));
#1392 = DIRECTION('',(0.,0.,1.));
#1393 = DIRECTION('',(1.,0.,-0.));
#1394 = DEFINITIONAL_REPRESENTATION('',(#1395),#1399);
#1395 = CIRCLE('',#1396,3.1);
#1396 = AXIS2_PLACEMENT_2D('',#1397,#1398);
#1397 = CARTESIAN_POINT('',(0.,0.));
#1398 = DIRECTION('',(1.,0.));
#1399 = ( GEOMETRIC_REPRESENTATION_CONTEXT(2) 
PARAMETRIC_REPRESENTATION_CONTEXT() REPRESENTATION_CONTEXT('2D SPACE',''
  ) );
#1400 = ORIENTED_EDGE('',*,*,#1351,.T.);
#1401 = ADVANCED_FACE('',(#1402),#1339,.T.);
#1402 = FACE_BOUND('',#1403,.T.);
#1403 = EDGE_LOOP('',(#1404));
#1404 = ORIENTED_EDGE('',*,*,#1317,.T.);
#1405 = ADVANCED_FACE('',(#1406),#1389,.F.);
#1406 = FACE_BOUND('',#1407,.T.);
#1407 = EDGE_LOOP('',(#1408));
#1408 = ORIENTED_EDGE('',*,*,#1374,.F.);
#1409 = ( GEOMETRIC_REPRESENTATION_CONTEXT(3) 
GLOBAL_UNCERTAINTY_ASSIGNED_CONTEXT((#1413)) 
GLOBAL_UNIT_ASSIGNED_CONTEXT((#1410,#1411,#1412)) REPRESENTATION_CONTEXT
('Context #1','3D Context with UNIT and UNCERTAINTY') );
#1410 = ( LENGTH_UNIT() NAMED_UNIT(*) SI_UNIT(.MILLI.,.METRE.) );
#1411 = ( NAMED_UNIT(*) PLANE_ANGLE_UNIT() SI_UNIT($,.RADIAN.) );
#1412 = ( NAMED_UNIT(*) SI_UNIT($,.STERADIAN.) SOLID_ANGLE_UNIT() );
#1413 = UNCERTAINTY_MEASURE_WITH_UNIT(LENGTH_MEASURE(1.E-07),#1410,
  'distance_accuracy_value','confusion accuracy');
#1414 = CONTEXT_DEPENDENT_SHAPE_REPRESENTATION(#1415,#1417);
#1415 = ( REPRESENTATION_RELATIONSHIP('','',#1310,#1287) 
REPRESENTATION_RELATIONSHIP_WITH_TRANSFORMATION(#1416) 
SHAPE_REPRESENTATION_RELATIONSHIP() );
#1416 = ITEM_DEFINED_TRANSFORMATION('','',#11,#1288);
#1417 = PRODUCT_DEFINITION_SHAPE('Placement','Placement of an item',
  #1418);
#1418 = NEXT_ASSEMBLY_USAGE_OCCURRENCE('13','=>[0:1:1:15]','',#1282,
  #1305,$);
#1419 = PRODUCT_RELATED_PRODUCT_CATEGORY('part',$,(#1307));
#1420 = SHAPE_DEFINITION_REPRESENTATION(#1421,#1427);
#1421 = PRODUCT_DEFINITION_SHAPE('','',#1422);
#1422 = PRODUCT_DEFINITION('design','',#1423,#1426);
#1423 = PRODUCT_DEFINITION_FORMATION('','',#1424);
#1424 = PRODUCT('external_regen_cooling_channel_02',
  'external_regen_cooling_channel_02','',(#1425));
#1425 = PRODUCT_CONTEXT('',#2,'mechanical');
#1426 = PRODUCT_DEFINITION_CONTEXT('part definition',#2,'design');
#1427 = SHAPE_REPRESENTATION('',(#11,#1428),#1432);
#1428 = AXIS2_PLACEMENT_3D('',#1429,#1430,#1431);
#1429 = CARTESIAN_POINT('',(0.,0.,-623.0477963047));
#1430 = DIRECTION('',(0.,0.,1.));
#1431 = DIRECTION('',(1.,0.,0.));
#1432 = ( GEOMETRIC_REPRESENTATION_CONTEXT(3) 
GLOBAL_UNCERTAINTY_ASSIGNED_CONTEXT((#1436)) 
GLOBAL_UNIT_ASSIGNED_CONTEXT((#1433,#1434,#1435)) REPRESENTATION_CONTEXT
('Context #1','3D Context with UNIT and UNCERTAINTY') );
#1433 = ( LENGTH_UNIT() NAMED_UNIT(*) SI_UNIT(.MILLI.,.METRE.) );
#1434 = ( NAMED_UNIT(*) PLANE_ANGLE_UNIT() SI_UNIT($,.RADIAN.) );
#1435 = ( NAMED_UNIT(*) SI_UNIT($,.STERADIAN.) SOLID_ANGLE_UNIT() );
#1436 = UNCERTAINTY_MEASURE_WITH_UNIT(LENGTH_MEASURE(1.E-07),#1433,
  'distance_accuracy_value','confusion accuracy');
#1437 = CONTEXT_DEPENDENT_SHAPE_REPRESENTATION(#1438,#1440);
#1438 = ( REPRESENTATION_RELATIONSHIP('','',#1427,#10) 
REPRESENTATION_RELATIONSHIP_WITH_TRANSFORMATION(#1439) 
SHAPE_REPRESENTATION_RELATIONSHIP() );
#1439 = ITEM_DEFINED_TRANSFORMATION('','',#11,#43);
#1440 = PRODUCT_DEFINITION_SHAPE('Placement','Placement of an item',
  #1441);
#1441 = NEXT_ASSEMBLY_USAGE_OCCURRENCE('16','=>[0:1:1:16]','',#5,#1422,$
  );
#1442 = PRODUCT_RELATED_PRODUCT_CATEGORY('part',$,(#1424));
#1443 = SHAPE_DEFINITION_REPRESENTATION(#1444,#1450);
#1444 = PRODUCT_DEFINITION_SHAPE('','',#1445);
#1445 = PRODUCT_DEFINITION('design','',#1446,#1449);
#1446 = PRODUCT_DEFINITION_FORMATION('','',#1447);
#1447 = PRODUCT('SOLID','SOLID','',(#1448));
#1448 = PRODUCT_CONTEXT('',#2,'mechanical');
#1449 = PRODUCT_DEFINITION_CONTEXT('part definition',#2,'design');
#1450 = ADVANCED_BREP_SHAPE_REPRESENTATION('',(#11,#1451),#1549);
#1451 = MANIFOLD_SOLID_BREP('',#1452);
#1452 = CLOSED_SHELL('',(#1453,#1541,#1545));
#1453 = ADVANCED_FACE('',(#1454),#1467,.T.);
#1454 = FACE_BOUND('',#1455,.T.);
#1455 = EDGE_LOOP('',(#1456,#1490,#1513,#1540));
#1456 = ORIENTED_EDGE('',*,*,#1457,.F.);
#1457 = EDGE_CURVE('',#1458,#1458,#1460,.T.);
#1458 = VERTEX_POINT('',#1459);
#1459 = CARTESIAN_POINT('',(3.1,-7.592810154714E-16,1.246095592609E+03)
  );
#1460 = SURFACE_CURVE('',#1461,(#1466,#1478),.PCURVE_S1.);
#1461 = CIRCLE('',#1462,3.1);
#1462 = AXIS2_PLACEMENT_3D('',#1463,#1464,#1465);
#1463 = CARTESIAN_POINT('',(0.,0.,1.246095592609E+03));
#1464 = DIRECTION('',(0.,0.,1.));
#1465 = DIRECTION('',(1.,0.,-0.));
#1466 = PCURVE('',#1467,#1472);
#1467 = CYLINDRICAL_SURFACE('',#1468,3.1);
#1468 = AXIS2_PLACEMENT_3D('',#1469,#1470,#1471);
#1469 = CARTESIAN_POINT('',(0.,0.,0.));
#1470 = DIRECTION('',(0.,0.,1.));
#1471 = DIRECTION('',(1.,0.,-0.));
#1472 = DEFINITIONAL_REPRESENTATION('',(#1473),#1477);
#1473 = LINE('',#1474,#1475);
#1474 = CARTESIAN_POINT('',(0.,1.246095592609E+03));
#1475 = VECTOR('',#1476,1.);
#1476 = DIRECTION('',(1.,0.));
#1477 = ( GEOMETRIC_REPRESENTATION_CONTEXT(2) 
PARAMETRIC_REPRESENTATION_CONTEXT() REPRESENTATION_CONTEXT('2D SPACE',''
  ) );
#1478 = PCURVE('',#1479,#1484);
#1479 = PLANE('',#1480);
#1480 = AXIS2_PLACEMENT_3D('',#1481,#1482,#1483);
#1481 = CARTESIAN_POINT('',(0.,0.,1.246095592609E+03));
#1482 = DIRECTION('',(0.,0.,1.));
#1483 = DIRECTION('',(1.,0.,-0.));
#1484 = DEFINITIONAL_REPRESENTATION('',(#1485),#1489);
#1485 = CIRCLE('',#1486,3.1);
#1486 = AXIS2_PLACEMENT_2D('',#1487,#1488);
#1487 = CARTESIAN_POINT('',(0.,0.));
#1488 = DIRECTION('',(1.,0.));
#1489 = ( GEOMETRIC_REPRESENTATION_CONTEXT(2) 
PARAMETRIC_REPRESENTATION_CONTEXT() REPRESENTATION_CONTEXT('2D SPACE',''
  ) );
#1490 = ORIENTED_EDGE('',*,*,#1491,.F.);
#1491 = EDGE_CURVE('',#1492,#1458,#1494,.T.);
#1492 = VERTEX_POINT('',#1493);
#1493 = CARTESIAN_POINT('',(3.1,-7.592810154714E-16,0.));
#1494 = SEAM_CURVE('',#1495,(#1499,#1506),.PCURVE_S1.);
#1495 = LINE('',#1496,#1497);
#1496 = CARTESIAN_POINT('',(3.1,-7.592810154714E-16,0.));
#1497 = VECTOR('',#1498,1.);
#1498 = DIRECTION('',(0.,0.,1.));
#1499 = PCURVE('',#1467,#1500);
#1500 = DEFINITIONAL_REPRESENTATION('',(#1501),#1505);
#1501 = LINE('',#1502,#1503);
#1502 = CARTESIAN_POINT('',(6.28318530718,-0.));
#1503 = VECTOR('',#1504,1.);
#1504 = DIRECTION('',(0.,1.));
#1505 = ( GEOMETRIC_REPRESENTATION_CONTEXT(2) 
PARAMETRIC_REPRESENTATION_CONTEXT() REPRESENTATION_CONTEXT('2D SPACE',''
  ) );
#1506 = PCURVE('',#1467,#1507);
#1507 = DEFINITIONAL_REPRESENTATION('',(#1508),#1512);
#1508 = LINE('',#1509,#1510);
#1509 = CARTESIAN_POINT('',(0.,-0.));
#1510 = VECTOR('',#1511,1.);
#1511 = DIRECTION('',(0.,1.));
#1512 = ( GEOMETRIC_REPRESENTATION_CONTEXT(2) 
PARAMETRIC_REPRESENTATION_CONTEXT() REPRESENTATION_CONTEXT('2D SPACE',''
  ) );
#1513 = ORIENTED_EDGE('',*,*,#1514,.T.);
#1514 = EDGE_CURVE('',#1492,#1492,#1515,.T.);
#1515 = SURFACE_CURVE('',#1516,(#1521,#1528),.PCURVE_S1.);
#1516 = CIRCLE('',#1517,3.1);
#1517 = AXIS2_PLACEMENT_3D('',#1518,#1519,#1520);
#1518 = CARTESIAN_POINT('',(0.,0.,0.));
#1519 = DIRECTION('',(0.,0.,1.));
#1520 = DIRECTION('',(1.,0.,-0.));
#1521 = PCURVE('',#1467,#1522);
#1522 = DEFINITIONAL_REPRESENTATION('',(#1523),#1527);
#1523 = LINE('',#1524,#1525);
#1524 = CARTESIAN_POINT('',(0.,0.));
#1525 = VECTOR('',#1526,1.);
#1526 = DIRECTION('',(1.,0.));
#1527 = ( GEOMETRIC_REPRESENTATION_CONTEXT(2) 
PARAMETRIC_REPRESENTATION_CONTEXT() REPRESENTATION_CONTEXT('2D SPACE',''
  ) );
#1528 = PCURVE('',#1529,#1534);
#1529 = PLANE('',#1530);
#1530 = AXIS2_PLACEMENT_3D('',#1531,#1532,#1533);
#1531 = CARTESIAN_POINT('',(0.,0.,0.));
#1532 = DIRECTION('',(0.,0.,1.));
#1533 = DIRECTION('',(1.,0.,-0.));
#1534 = DEFINITIONAL_REPRESENTATION('',(#1535),#1539);
#1535 = CIRCLE('',#1536,3.1);
#1536 = AXIS2_PLACEMENT_2D('',#1537,#1538);
#1537 = CARTESIAN_POINT('',(0.,0.));
#1538 = DIRECTION('',(1.,0.));
#1539 = ( GEOMETRIC_REPRESENTATION_CONTEXT(2) 
PARAMETRIC_REPRESENTATION_CONTEXT() REPRESENTATION_CONTEXT('2D SPACE',''
  ) );
#1540 = ORIENTED_EDGE('',*,*,#1491,.T.);
#1541 = ADVANCED_FACE('',(#1542),#1479,.T.);
#1542 = FACE_BOUND('',#1543,.T.);
#1543 = EDGE_LOOP('',(#1544));
#1544 = ORIENTED_EDGE('',*,*,#1457,.T.);
#1545 = ADVANCED_FACE('',(#1546),#1529,.F.);
#1546 = FACE_BOUND('',#1547,.T.);
#1547 = EDGE_LOOP('',(#1548));
#1548 = ORIENTED_EDGE('',*,*,#1514,.F.);
#1549 = ( GEOMETRIC_REPRESENTATION_CONTEXT(3) 
GLOBAL_UNCERTAINTY_ASSIGNED_CONTEXT((#1553)) 
GLOBAL_UNIT_ASSIGNED_CONTEXT((#1550,#1551,#1552)) REPRESENTATION_CONTEXT
('Context #1','3D Context with UNIT and UNCERTAINTY') );
#1550 = ( LENGTH_UNIT() NAMED_UNIT(*) SI_UNIT(.MILLI.,.METRE.) );
#1551 = ( NAMED_UNIT(*) PLANE_ANGLE_UNIT() SI_UNIT($,.RADIAN.) );
#1552 = ( NAMED_UNIT(*) SI_UNIT($,.STERADIAN.) SOLID_ANGLE_UNIT() );
#1553 = UNCERTAINTY_MEASURE_WITH_UNIT(LENGTH_MEASURE(1.E-07),#1550,
  'distance_accuracy_value','confusion accuracy');
#1554 = CONTEXT_DEPENDENT_SHAPE_REPRESENTATION(#1555,#1557);
#1555 = ( REPRESENTATION_RELATIONSHIP('','',#1450,#1427) 
REPRESENTATION_RELATIONSHIP_WITH_TRANSFORMATION(#1556) 
SHAPE_REPRESENTATION_RELATIONSHIP() );
#1556 = ITEM_DEFINED_TRANSFORMATION('','',#11,#1428);
#1557 = PRODUCT_DEFINITION_SHAPE('Placement','Placement of an item',
  #1558);
#1558 = NEXT_ASSEMBLY_USAGE_OCCURRENCE('15','=>[0:1:1:17]','',#1422,
  #1445,$);
#1559 = PRODUCT_RELATED_PRODUCT_CATEGORY('part',$,(#1447));
#1560 = SHAPE_DEFINITION_REPRESENTATION(#1561,#1567);
#1561 = PRODUCT_DEFINITION_SHAPE('','',#1562);
#1562 = PRODUCT_DEFINITION('design','',#1563,#1566);
#1563 = PRODUCT_DEFINITION_FORMATION('','',#1564);
#1564 = PRODUCT('external_regen_cooling_channel_03',
  'external_regen_cooling_channel_03','',(#1565));
#1565 = PRODUCT_CONTEXT('',#2,'mechanical');
#1566 = PRODUCT_DEFINITION_CONTEXT('part definition',#2,'design');
#1567 = SHAPE_REPRESENTATION('',(#11,#1568),#1572);
#1568 = AXIS2_PLACEMENT_3D('',#1569,#1570,#1571);
#1569 = CARTESIAN_POINT('',(0.,0.,-623.0477963047));
#1570 = DIRECTION('',(0.,0.,1.));
#1571 = DIRECTION('',(1.,0.,0.));
#1572 = ( GEOMETRIC_REPRESENTATION_CONTEXT(3) 
GLOBAL_UNCERTAINTY_ASSIGNED_CONTEXT((#1576)) 
GLOBAL_UNIT_ASSIGNED_CONTEXT((#1573,#1574,#1575)) REPRESENTATION_CONTEXT
('Context #1','3D Context with UNIT and UNCERTAINTY') );
#1573 = ( LENGTH_UNIT() NAMED_UNIT(*) SI_UNIT(.MILLI.,.METRE.) );
#1574 = ( NAMED_UNIT(*) PLANE_ANGLE_UNIT() SI_UNIT($,.RADIAN.) );
#1575 = ( NAMED_UNIT(*) SI_UNIT($,.STERADIAN.) SOLID_ANGLE_UNIT() );
#1576 = UNCERTAINTY_MEASURE_WITH_UNIT(LENGTH_MEASURE(1.E-07),#1573,
  'distance_accuracy_value','confusion accuracy');
#1577 = CONTEXT_DEPENDENT_SHAPE_REPRESENTATION(#1578,#1580);
#1578 = ( REPRESENTATION_RELATIONSHIP('','',#1567,#10) 
REPRESENTATION_RELATIONSHIP_WITH_TRANSFORMATION(#1579) 
SHAPE_REPRESENTATION_RELATIONSHIP() );
#1579 = ITEM_DEFINED_TRANSFORMATION('','',#11,#47);
#1580 = PRODUCT_DEFINITION_SHAPE('Placement','Placement of an item',
  #1581);
#1581 = NEXT_ASSEMBLY_USAGE_OCCURRENCE('18','=>[0:1:1:18]','',#5,#1562,$
  );
#1582 = PRODUCT_RELATED_PRODUCT_CATEGORY('part',$,(#1564));
#1583 = SHAPE_DEFINITION_REPRESENTATION(#1584,#1590);
#1584 = PRODUCT_DEFINITION_SHAPE('','',#1585);
#1585 = PRODUCT_DEFINITION('design','',#1586,#1589);
#1586 = PRODUCT_DEFINITION_FORMATION('','',#1587);
#1587 = PRODUCT('SOLID','SOLID','',(#1588));
#1588 = PRODUCT_CONTEXT('',#2,'mechanical');
#1589 = PRODUCT_DEFINITION_CONTEXT('part definition',#2,'design');
#1590 = ADVANCED_BREP_SHAPE_REPRESENTATION('',(#11,#1591),#1689);
#1591 = MANIFOLD_SOLID_BREP('',#1592);
#1592 = CLOSED_SHELL('',(#1593,#1681,#1685));
#1593 = ADVANCED_FACE('',(#1594),#1607,.T.);
#1594 = FACE_BOUND('',#1595,.T.);
#1595 = EDGE_LOOP('',(#1596,#1630,#1653,#1680));
#1596 = ORIENTED_EDGE('',*,*,#1597,.F.);
#1597 = EDGE_CURVE('',#1598,#1598,#1600,.T.);
#1598 = VERTEX_POINT('',#1599);
#1599 = CARTESIAN_POINT('',(3.1,-7.592810154714E-16,1.246095592609E+03)
  );
#1600 = SURFACE_CURVE('',#1601,(#1606,#1618),.PCURVE_S1.);
#1601 = CIRCLE('',#1602,3.1);
#1602 = AXIS2_PLACEMENT_3D('',#1603,#1604,#1605);
#1603 = CARTESIAN_POINT('',(0.,0.,1.246095592609E+03));
#1604 = DIRECTION('',(0.,0.,1.));
#1605 = DIRECTION('',(1.,0.,-0.));
#1606 = PCURVE('',#1607,#1612);
#1607 = CYLINDRICAL_SURFACE('',#1608,3.1);
#1608 = AXIS2_PLACEMENT_3D('',#1609,#1610,#1611);
#1609 = CARTESIAN_POINT('',(0.,0.,0.));
#1610 = DIRECTION('',(0.,0.,1.));
#1611 = DIRECTION('',(1.,0.,-0.));
#1612 = DEFINITIONAL_REPRESENTATION('',(#1613),#1617);
#1613 = LINE('',#1614,#1615);
#1614 = CARTESIAN_POINT('',(0.,1.246095592609E+03));
#1615 = VECTOR('',#1616,1.);
#1616 = DIRECTION('',(1.,0.));
#1617 = ( GEOMETRIC_REPRESENTATION_CONTEXT(2) 
PARAMETRIC_REPRESENTATION_CONTEXT() REPRESENTATION_CONTEXT('2D SPACE',''
  ) );
#1618 = PCURVE('',#1619,#1624);
#1619 = PLANE('',#1620);
#1620 = AXIS2_PLACEMENT_3D('',#1621,#1622,#1623);
#1621 = CARTESIAN_POINT('',(0.,0.,1.246095592609E+03));
#1622 = DIRECTION('',(0.,0.,1.));
#1623 = DIRECTION('',(1.,0.,-0.));
#1624 = DEFINITIONAL_REPRESENTATION('',(#1625),#1629);
#1625 = CIRCLE('',#1626,3.1);
#1626 = AXIS2_PLACEMENT_2D('',#1627,#1628);
#1627 = CARTESIAN_POINT('',(0.,0.));
#1628 = DIRECTION('',(1.,0.));
#1629 = ( GEOMETRIC_REPRESENTATION_CONTEXT(2) 
PARAMETRIC_REPRESENTATION_CONTEXT() REPRESENTATION_CONTEXT('2D SPACE',''
  ) );
#1630 = ORIENTED_EDGE('',*,*,#1631,.F.);
#1631 = EDGE_CURVE('',#1632,#1598,#1634,.T.);
#1632 = VERTEX_POINT('',#1633);
#1633 = CARTESIAN_POINT('',(3.1,-7.592810154714E-16,0.));
#1634 = SEAM_CURVE('',#1635,(#1639,#1646),.PCURVE_S1.);
#1635 = LINE('',#1636,#1637);
#1636 = CARTESIAN_POINT('',(3.1,-7.592810154714E-16,0.));
#1637 = VECTOR('',#1638,1.);
#1638 = DIRECTION('',(0.,0.,1.));
#1639 = PCURVE('',#1607,#1640);
#1640 = DEFINITIONAL_REPRESENTATION('',(#1641),#1645);
#1641 = LINE('',#1642,#1643);
#1642 = CARTESIAN_POINT('',(6.28318530718,-0.));
#1643 = VECTOR('',#1644,1.);
#1644 = DIRECTION('',(0.,1.));
#1645 = ( GEOMETRIC_REPRESENTATION_CONTEXT(2) 
PARAMETRIC_REPRESENTATION_CONTEXT() REPRESENTATION_CONTEXT('2D SPACE',''
  ) );
#1646 = PCURVE('',#1607,#1647);
#1647 = DEFINITIONAL_REPRESENTATION('',(#1648),#1652);
#1648 = LINE('',#1649,#1650);
#1649 = CARTESIAN_POINT('',(0.,-0.));
#1650 = VECTOR('',#1651,1.);
#1651 = DIRECTION('',(0.,1.));
#1652 = ( GEOMETRIC_REPRESENTATION_CONTEXT(2) 
PARAMETRIC_REPRESENTATION_CONTEXT() REPRESENTATION_CONTEXT('2D SPACE',''
  ) );
#1653 = ORIENTED_EDGE('',*,*,#1654,.T.);
#1654 = EDGE_CURVE('',#1632,#1632,#1655,.T.);
#1655 = SURFACE_CURVE('',#1656,(#1661,#1668),.PCURVE_S1.);
#1656 = CIRCLE('',#1657,3.1);
#1657 = AXIS2_PLACEMENT_3D('',#1658,#1659,#1660);
#1658 = CARTESIAN_POINT('',(0.,0.,0.));
#1659 = DIRECTION('',(0.,0.,1.));
#1660 = DIRECTION('',(1.,0.,-0.));
#1661 = PCURVE('',#1607,#1662);
#1662 = DEFINITIONAL_REPRESENTATION('',(#1663),#1667);
#1663 = LINE('',#1664,#1665);
#1664 = CARTESIAN_POINT('',(0.,0.));
#1665 = VECTOR('',#1666,1.);
#1666 = DIRECTION('',(1.,0.));
#1667 = ( GEOMETRIC_REPRESENTATION_CONTEXT(2) 
PARAMETRIC_REPRESENTATION_CONTEXT() REPRESENTATION_CONTEXT('2D SPACE',''
  ) );
#1668 = PCURVE('',#1669,#1674);
#1669 = PLANE('',#1670);
#1670 = AXIS2_PLACEMENT_3D('',#1671,#1672,#1673);
#1671 = CARTESIAN_POINT('',(0.,0.,0.));
#1672 = DIRECTION('',(0.,0.,1.));
#1673 = DIRECTION('',(1.,0.,-0.));
#1674 = DEFINITIONAL_REPRESENTATION('',(#1675),#1679);
#1675 = CIRCLE('',#1676,3.1);
#1676 = AXIS2_PLACEMENT_2D('',#1677,#1678);
#1677 = CARTESIAN_POINT('',(0.,0.));
#1678 = DIRECTION('',(1.,0.));
#1679 = ( GEOMETRIC_REPRESENTATION_CONTEXT(2) 
PARAMETRIC_REPRESENTATION_CONTEXT() REPRESENTATION_CONTEXT('2D SPACE',''
  ) );
#1680 = ORIENTED_EDGE('',*,*,#1631,.T.);
#1681 = ADVANCED_FACE('',(#1682),#1619,.T.);
#1682 = FACE_BOUND('',#1683,.T.);
#1683 = EDGE_LOOP('',(#1684));
#1684 = ORIENTED_EDGE('',*,*,#1597,.T.);
#1685 = ADVANCED_FACE('',(#1686),#1669,.F.);
#1686 = FACE_BOUND('',#1687,.T.);
#1687 = EDGE_LOOP('',(#1688));
#1688 = ORIENTED_EDGE('',*,*,#1654,.F.);
#1689 = ( GEOMETRIC_REPRESENTATION_CONTEXT(3) 
GLOBAL_UNCERTAINTY_ASSIGNED_CONTEXT((#1693)) 
GLOBAL_UNIT_ASSIGNED_CONTEXT((#1690,#1691,#1692)) REPRESENTATION_CONTEXT
('Context #1','3D Context with UNIT and UNCERTAINTY') );
#1690 = ( LENGTH_UNIT() NAMED_UNIT(*) SI_UNIT(.MILLI.,.METRE.) );
#1691 = ( NAMED_UNIT(*) PLANE_ANGLE_UNIT() SI_UNIT($,.RADIAN.) );
#1692 = ( NAMED_UNIT(*) SI_UNIT($,.STERADIAN.) SOLID_ANGLE_UNIT() );
#1693 = UNCERTAINTY_MEASURE_WITH_UNIT(LENGTH_MEASURE(1.E-07),#1690,
  'distance_accuracy_value','confusion accuracy');
#1694 = CONTEXT_DEPENDENT_SHAPE_REPRESENTATION(#1695,#1697);
#1695 = ( REPRESENTATION_RELATIONSHIP('','',#1590,#1567) 
REPRESENTATION_RELATIONSHIP_WITH_TRANSFORMATION(#1696) 
SHAPE_REPRESENTATION_RELATIONSHIP() );
#1696 = ITEM_DEFINED_TRANSFORMATION('','',#11,#1568);
#1697 = PRODUCT_DEFINITION_SHAPE('Placement','Placement of an item',
  #1698);
#1698 = NEXT_ASSEMBLY_USAGE_OCCURRENCE('17','=>[0:1:1:19]','',#1562,
  #1585,$);
#1699 = PRODUCT_RELATED_PRODUCT_CATEGORY('part',$,(#1587));
#1700 = SHAPE_DEFINITION_REPRESENTATION(#1701,#1707);
#1701 = PRODUCT_DEFINITION_SHAPE('','',#1702);
#1702 = PRODUCT_DEFINITION('design','',#1703,#1706);
#1703 = PRODUCT_DEFINITION_FORMATION('','',#1704);
#1704 = PRODUCT('external_regen_cooling_channel_04',
  'external_regen_cooling_channel_04','',(#1705));
#1705 = PRODUCT_CONTEXT('',#2,'mechanical');
#1706 = PRODUCT_DEFINITION_CONTEXT('part definition',#2,'design');
#1707 = SHAPE_REPRESENTATION('',(#11,#1708),#1712);
#1708 = AXIS2_PLACEMENT_3D('',#1709,#1710,#1711);
#1709 = CARTESIAN_POINT('',(0.,0.,-623.0477963047));
#1710 = DIRECTION('',(0.,0.,1.));
#1711 = DIRECTION('',(1.,0.,0.));
#1712 = ( GEOMETRIC_REPRESENTATION_CONTEXT(3) 
GLOBAL_UNCERTAINTY_ASSIGNED_CONTEXT((#1716)) 
GLOBAL_UNIT_ASSIGNED_CONTEXT((#1713,#1714,#1715)) REPRESENTATION_CONTEXT
('Context #1','3D Context with UNIT and UNCERTAINTY') );
#1713 = ( LENGTH_UNIT() NAMED_UNIT(*) SI_UNIT(.MILLI.,.METRE.) );
#1714 = ( NAMED_UNIT(*) PLANE_ANGLE_UNIT() SI_UNIT($,.RADIAN.) );
#1715 = ( NAMED_UNIT(*) SI_UNIT($,.STERADIAN.) SOLID_ANGLE_UNIT() );
#1716 = UNCERTAINTY_MEASURE_WITH_UNIT(LENGTH_MEASURE(1.E-07),#1713,
  'distance_accuracy_value','confusion accuracy');
#1717 = CONTEXT_DEPENDENT_SHAPE_REPRESENTATION(#1718,#1720);
#1718 = ( REPRESENTATION_RELATIONSHIP('','',#1707,#10) 
REPRESENTATION_RELATIONSHIP_WITH_TRANSFORMATION(#1719) 
SHAPE_REPRESENTATION_RELATIONSHIP() );
#1719 = ITEM_DEFINED_TRANSFORMATION('','',#11,#51);
#1720 = PRODUCT_DEFINITION_SHAPE('Placement','Placement of an item',
  #1721);
#1721 = NEXT_ASSEMBLY_USAGE_OCCURRENCE('20','=>[0:1:1:20]','',#5,#1702,$
  );
#1722 = PRODUCT_RELATED_PRODUCT_CATEGORY('part',$,(#1704));
#1723 = SHAPE_DEFINITION_REPRESENTATION(#1724,#1730);
#1724 = PRODUCT_DEFINITION_SHAPE('','',#1725);
#1725 = PRODUCT_DEFINITION('design','',#1726,#1729);
#1726 = PRODUCT_DEFINITION_FORMATION('','',#1727);
#1727 = PRODUCT('SOLID','SOLID','',(#1728));
#1728 = PRODUCT_CONTEXT('',#2,'mechanical');
#1729 = PRODUCT_DEFINITION_CONTEXT('part definition',#2,'design');
#1730 = ADVANCED_BREP_SHAPE_REPRESENTATION('',(#11,#1731),#1829);
#1731 = MANIFOLD_SOLID_BREP('',#1732);
#1732 = CLOSED_SHELL('',(#1733,#1821,#1825));
#1733 = ADVANCED_FACE('',(#1734),#1747,.T.);
#1734 = FACE_BOUND('',#1735,.T.);
#1735 = EDGE_LOOP('',(#1736,#1770,#1793,#1820));
#1736 = ORIENTED_EDGE('',*,*,#1737,.F.);
#1737 = EDGE_CURVE('',#1738,#1738,#1740,.T.);
#1738 = VERTEX_POINT('',#1739);
#1739 = CARTESIAN_POINT('',(3.1,-7.592810154714E-16,1.246095592609E+03)
  );
#1740 = SURFACE_CURVE('',#1741,(#1746,#1758),.PCURVE_S1.);
#1741 = CIRCLE('',#1742,3.1);
#1742 = AXIS2_PLACEMENT_3D('',#1743,#1744,#1745);
#1743 = CARTESIAN_POINT('',(0.,0.,1.246095592609E+03));
#1744 = DIRECTION('',(0.,0.,1.));
#1745 = DIRECTION('',(1.,0.,-0.));
#1746 = PCURVE('',#1747,#1752);
#1747 = CYLINDRICAL_SURFACE('',#1748,3.1);
#1748 = AXIS2_PLACEMENT_3D('',#1749,#1750,#1751);
#1749 = CARTESIAN_POINT('',(0.,0.,0.));
#1750 = DIRECTION('',(0.,0.,1.));
#1751 = DIRECTION('',(1.,0.,-0.));
#1752 = DEFINITIONAL_REPRESENTATION('',(#1753),#1757);
#1753 = LINE('',#1754,#1755);
#1754 = CARTESIAN_POINT('',(0.,1.246095592609E+03));
#1755 = VECTOR('',#1756,1.);
#1756 = DIRECTION('',(1.,0.));
#1757 = ( GEOMETRIC_REPRESENTATION_CONTEXT(2) 
PARAMETRIC_REPRESENTATION_CONTEXT() REPRESENTATION_CONTEXT('2D SPACE',''
  ) );
#1758 = PCURVE('',#1759,#1764);
#1759 = PLANE('',#1760);
#1760 = AXIS2_PLACEMENT_3D('',#1761,#1762,#1763);
#1761 = CARTESIAN_POINT('',(0.,0.,1.246095592609E+03));
#1762 = DIRECTION('',(0.,0.,1.));
#1763 = DIRECTION('',(1.,0.,-0.));
#1764 = DEFINITIONAL_REPRESENTATION('',(#1765),#1769);
#1765 = CIRCLE('',#1766,3.1);
#1766 = AXIS2_PLACEMENT_2D('',#1767,#1768);
#1767 = CARTESIAN_POINT('',(0.,0.));
#1768 = DIRECTION('',(1.,0.));
#1769 = ( GEOMETRIC_REPRESENTATION_CONTEXT(2) 
PARAMETRIC_REPRESENTATION_CONTEXT() REPRESENTATION_CONTEXT('2D SPACE',''
  ) );
#1770 = ORIENTED_EDGE('',*,*,#1771,.F.);
#1771 = EDGE_CURVE('',#1772,#1738,#1774,.T.);
#1772 = VERTEX_POINT('',#1773);
#1773 = CARTESIAN_POINT('',(3.1,-7.592810154714E-16,0.));
#1774 = SEAM_CURVE('',#1775,(#1779,#1786),.PCURVE_S1.);
#1775 = LINE('',#1776,#1777);
#1776 = CARTESIAN_POINT('',(3.1,-7.592810154714E-16,0.));
#1777 = VECTOR('',#1778,1.);
#1778 = DIRECTION('',(0.,0.,1.));
#1779 = PCURVE('',#1747,#1780);
#1780 = DEFINITIONAL_REPRESENTATION('',(#1781),#1785);
#1781 = LINE('',#1782,#1783);
#1782 = CARTESIAN_POINT('',(6.28318530718,-0.));
#1783 = VECTOR('',#1784,1.);
#1784 = DIRECTION('',(0.,1.));
#1785 = ( GEOMETRIC_REPRESENTATION_CONTEXT(2) 
PARAMETRIC_REPRESENTATION_CONTEXT() REPRESENTATION_CONTEXT('2D SPACE',''
  ) );
#1786 = PCURVE('',#1747,#1787);
#1787 = DEFINITIONAL_REPRESENTATION('',(#1788),#1792);
#1788 = LINE('',#1789,#1790);
#1789 = CARTESIAN_POINT('',(0.,-0.));
#1790 = VECTOR('',#1791,1.);
#1791 = DIRECTION('',(0.,1.));
#1792 = ( GEOMETRIC_REPRESENTATION_CONTEXT(2) 
PARAMETRIC_REPRESENTATION_CONTEXT() REPRESENTATION_CONTEXT('2D SPACE',''
  ) );
#1793 = ORIENTED_EDGE('',*,*,#1794,.T.);
#1794 = EDGE_CURVE('',#1772,#1772,#1795,.T.);
#1795 = SURFACE_CURVE('',#1796,(#1801,#1808),.PCURVE_S1.);
#1796 = CIRCLE('',#1797,3.1);
#1797 = AXIS2_PLACEMENT_3D('',#1798,#1799,#1800);
#1798 = CARTESIAN_POINT('',(0.,0.,0.));
#1799 = DIRECTION('',(0.,0.,1.));
#1800 = DIRECTION('',(1.,0.,-0.));
#1801 = PCURVE('',#1747,#1802);
#1802 = DEFINITIONAL_REPRESENTATION('',(#1803),#1807);
#1803 = LINE('',#1804,#1805);
#1804 = CARTESIAN_POINT('',(0.,0.));
#1805 = VECTOR('',#1806,1.);
#1806 = DIRECTION('',(1.,0.));
#1807 = ( GEOMETRIC_REPRESENTATION_CONTEXT(2) 
PARAMETRIC_REPRESENTATION_CONTEXT() REPRESENTATION_CONTEXT('2D SPACE',''
  ) );
#1808 = PCURVE('',#1809,#1814);
#1809 = PLANE('',#1810);
#1810 = AXIS2_PLACEMENT_3D('',#1811,#1812,#1813);
#1811 = CARTESIAN_POINT('',(0.,0.,0.));
#1812 = DIRECTION('',(0.,0.,1.));
#1813 = DIRECTION('',(1.,0.,-0.));
#1814 = DEFINITIONAL_REPRESENTATION('',(#1815),#1819);
#1815 = CIRCLE('',#1816,3.1);
#1816 = AXIS2_PLACEMENT_2D('',#1817,#1818);
#1817 = CARTESIAN_POINT('',(0.,0.));
#1818 = DIRECTION('',(1.,0.));
#1819 = ( GEOMETRIC_REPRESENTATION_CONTEXT(2) 
PARAMETRIC_REPRESENTATION_CONTEXT() REPRESENTATION_CONTEXT('2D SPACE',''
  ) );
#1820 = ORIENTED_EDGE('',*,*,#1771,.T.);
#1821 = ADVANCED_FACE('',(#1822),#1759,.T.);
#1822 = FACE_BOUND('',#1823,.T.);
#1823 = EDGE_LOOP('',(#1824));
#1824 = ORIENTED_EDGE('',*,*,#1737,.T.);
#1825 = ADVANCED_FACE('',(#1826),#1809,.F.);
#1826 = FACE_BOUND('',#1827,.T.);
#1827 = EDGE_LOOP('',(#1828));
#1828 = ORIENTED_EDGE('',*,*,#1794,.F.);
#1829 = ( GEOMETRIC_REPRESENTATION_CONTEXT(3) 
GLOBAL_UNCERTAINTY_ASSIGNED_CONTEXT((#1833)) 
GLOBAL_UNIT_ASSIGNED_CONTEXT((#1830,#1831,#1832)) REPRESENTATION_CONTEXT
('Context #1','3D Context with UNIT and UNCERTAINTY') );
#1830 = ( LENGTH_UNIT() NAMED_UNIT(*) SI_UNIT(.MILLI.,.METRE.) );
#1831 = ( NAMED_UNIT(*) PLANE_ANGLE_UNIT() SI_UNIT($,.RADIAN.) );
#1832 = ( NAMED_UNIT(*) SI_UNIT($,.STERADIAN.) SOLID_ANGLE_UNIT() );
#1833 = UNCERTAINTY_MEASURE_WITH_UNIT(LENGTH_MEASURE(1.E-07),#1830,
  'distance_accuracy_value','confusion accuracy');
#1834 = CONTEXT_DEPENDENT_SHAPE_REPRESENTATION(#1835,#1837);
#1835 = ( REPRESENTATION_RELATIONSHIP('','',#1730,#1707) 
REPRESENTATION_RELATIONSHIP_WITH_TRANSFORMATION(#1836) 
SHAPE_REPRESENTATION_RELATIONSHIP() );
#1836 = ITEM_DEFINED_TRANSFORMATION('','',#11,#1708);
#1837 = PRODUCT_DEFINITION_SHAPE('Placement','Placement of an item',
  #1838);
#1838 = NEXT_ASSEMBLY_USAGE_OCCURRENCE('19','=>[0:1:1:21]','',#1702,
  #1725,$);
#1839 = PRODUCT_RELATED_PRODUCT_CATEGORY('part',$,(#1727));
#1840 = SHAPE_DEFINITION_REPRESENTATION(#1841,#1847);
#1841 = PRODUCT_DEFINITION_SHAPE('','',#1842);
#1842 = PRODUCT_DEFINITION('design','',#1843,#1846);
#1843 = PRODUCT_DEFINITION_FORMATION('','',#1844);
#1844 = PRODUCT('external_regen_cooling_channel_05',
  'external_regen_cooling_channel_05','',(#1845));
#1845 = PRODUCT_CONTEXT('',#2,'mechanical');
#1846 = PRODUCT_DEFINITION_CONTEXT('part definition',#2,'design');
#1847 = SHAPE_REPRESENTATION('',(#11,#1848),#1852);
#1848 = AXIS2_PLACEMENT_3D('',#1849,#1850,#1851);
#1849 = CARTESIAN_POINT('',(0.,0.,-623.0477963047));
#1850 = DIRECTION('',(0.,0.,1.));
#1851 = DIRECTION('',(1.,0.,0.));
#1852 = ( GEOMETRIC_REPRESENTATION_CONTEXT(3) 
GLOBAL_UNCERTAINTY_ASSIGNED_CONTEXT((#1856)) 
GLOBAL_UNIT_ASSIGNED_CONTEXT((#1853,#1854,#1855)) REPRESENTATION_CONTEXT
('Context #1','3D Context with UNIT and UNCERTAINTY') );
#1853 = ( LENGTH_UNIT() NAMED_UNIT(*) SI_UNIT(.MILLI.,.METRE.) );
#1854 = ( NAMED_UNIT(*) PLANE_ANGLE_UNIT() SI_UNIT($,.RADIAN.) );
#1855 = ( NAMED_UNIT(*) SI_UNIT($,.STERADIAN.) SOLID_ANGLE_UNIT() );
#1856 = UNCERTAINTY_MEASURE_WITH_UNIT(LENGTH_MEASURE(1.E-07),#1853,
  'distance_accuracy_value','confusion accuracy');
#1857 = CONTEXT_DEPENDENT_SHAPE_REPRESENTATION(#1858,#1860);
#1858 = ( REPRESENTATION_RELATIONSHIP('','',#1847,#10) 
REPRESENTATION_RELATIONSHIP_WITH_TRANSFORMATION(#1859) 
SHAPE_REPRESENTATION_RELATIONSHIP() );
#1859 = ITEM_DEFINED_TRANSFORMATION('','',#11,#55);
#1860 = PRODUCT_DEFINITION_SHAPE('Placement','Placement of an item',
  #1861);
#1861 = NEXT_ASSEMBLY_USAGE_OCCURRENCE('22','=>[0:1:1:22]','',#5,#1842,$
  );
#1862 = PRODUCT_RELATED_PRODUCT_CATEGORY('part',$,(#1844));
#1863 = SHAPE_DEFINITION_REPRESENTATION(#1864,#1870);
#1864 = PRODUCT_DEFINITION_SHAPE('','',#1865);
#1865 = PRODUCT_DEFINITION('design','',#1866,#1869);
#1866 = PRODUCT_DEFINITION_FORMATION('','',#1867);
#1867 = PRODUCT('SOLID','SOLID','',(#1868));
#1868 = PRODUCT_CONTEXT('',#2,'mechanical');
#1869 = PRODUCT_DEFINITION_CONTEXT('part definition',#2,'design');
#1870 = ADVANCED_BREP_SHAPE_REPRESENTATION('',(#11,#1871),#1969);
#1871 = MANIFOLD_SOLID_BREP('',#1872);
#1872 = CLOSED_SHELL('',(#1873,#1961,#1965));
#1873 = ADVANCED_FACE('',(#1874),#1887,.T.);
#1874 = FACE_BOUND('',#1875,.T.);
#1875 = EDGE_LOOP('',(#1876,#1910,#1933,#1960));
#1876 = ORIENTED_EDGE('',*,*,#1877,.F.);
#1877 = EDGE_CURVE('',#1878,#1878,#1880,.T.);
#1878 = VERTEX_POINT('',#1879);
#1879 = CARTESIAN_POINT('',(3.1,-7.592810154714E-16,1.246095592609E+03)
  );
#1880 = SURFACE_CURVE('',#1881,(#1886,#1898),.PCURVE_S1.);
#1881 = CIRCLE('',#1882,3.1);
#1882 = AXIS2_PLACEMENT_3D('',#1883,#1884,#1885);
#1883 = CARTESIAN_POINT('',(0.,0.,1.246095592609E+03));
#1884 = DIRECTION('',(0.,0.,1.));
#1885 = DIRECTION('',(1.,0.,-0.));
#1886 = PCURVE('',#1887,#1892);
#1887 = CYLINDRICAL_SURFACE('',#1888,3.1);
#1888 = AXIS2_PLACEMENT_3D('',#1889,#1890,#1891);
#1889 = CARTESIAN_POINT('',(0.,0.,0.));
#1890 = DIRECTION('',(0.,0.,1.));
#1891 = DIRECTION('',(1.,0.,-0.));
#1892 = DEFINITIONAL_REPRESENTATION('',(#1893),#1897);
#1893 = LINE('',#1894,#1895);
#1894 = CARTESIAN_POINT('',(0.,1.246095592609E+03));
#1895 = VECTOR('',#1896,1.);
#1896 = DIRECTION('',(1.,0.));
#1897 = ( GEOMETRIC_REPRESENTATION_CONTEXT(2) 
PARAMETRIC_REPRESENTATION_CONTEXT() REPRESENTATION_CONTEXT('2D SPACE',''
  ) );
#1898 = PCURVE('',#1899,#1904);
#1899 = PLANE('',#1900);
#1900 = AXIS2_PLACEMENT_3D('',#1901,#1902,#1903);
#1901 = CARTESIAN_POINT('',(0.,0.,1.246095592609E+03));
#1902 = DIRECTION('',(0.,0.,1.));
#1903 = DIRECTION('',(1.,0.,-0.));
#1904 = DEFINITIONAL_REPRESENTATION('',(#1905),#1909);
#1905 = CIRCLE('',#1906,3.1);
#1906 = AXIS2_PLACEMENT_2D('',#1907,#1908);
#1907 = CARTESIAN_POINT('',(0.,0.));
#1908 = DIRECTION('',(1.,0.));
#1909 = ( GEOMETRIC_REPRESENTATION_CONTEXT(2) 
PARAMETRIC_REPRESENTATION_CONTEXT() REPRESENTATION_CONTEXT('2D SPACE',''
  ) );
#1910 = ORIENTED_EDGE('',*,*,#1911,.F.);
#1911 = EDGE_CURVE('',#1912,#1878,#1914,.T.);
#1912 = VERTEX_POINT('',#1913);
#1913 = CARTESIAN_POINT('',(3.1,-7.592810154714E-16,0.));
#1914 = SEAM_CURVE('',#1915,(#1919,#1926),.PCURVE_S1.);
#1915 = LINE('',#1916,#1917);
#1916 = CARTESIAN_POINT('',(3.1,-7.592810154714E-16,0.));
#1917 = VECTOR('',#1918,1.);
#1918 = DIRECTION('',(0.,0.,1.));
#1919 = PCURVE('',#1887,#1920);
#1920 = DEFINITIONAL_REPRESENTATION('',(#1921),#1925);
#1921 = LINE('',#1922,#1923);
#1922 = CARTESIAN_POINT('',(6.28318530718,-0.));
#1923 = VECTOR('',#1924,1.);
#1924 = DIRECTION('',(0.,1.));
#1925 = ( GEOMETRIC_REPRESENTATION_CONTEXT(2) 
PARAMETRIC_REPRESENTATION_CONTEXT() REPRESENTATION_CONTEXT('2D SPACE',''
  ) );
#1926 = PCURVE('',#1887,#1927);
#1927 = DEFINITIONAL_REPRESENTATION('',(#1928),#1932);
#1928 = LINE('',#1929,#1930);
#1929 = CARTESIAN_POINT('',(0.,-0.));
#1930 = VECTOR('',#1931,1.);
#1931 = DIRECTION('',(0.,1.));
#1932 = ( GEOMETRIC_REPRESENTATION_CONTEXT(2) 
PARAMETRIC_REPRESENTATION_CONTEXT() REPRESENTATION_CONTEXT('2D SPACE',''
  ) );
#1933 = ORIENTED_EDGE('',*,*,#1934,.T.);
#1934 = EDGE_CURVE('',#1912,#1912,#1935,.T.);
#1935 = SURFACE_CURVE('',#1936,(#1941,#1948),.PCURVE_S1.);
#1936 = CIRCLE('',#1937,3.1);
#1937 = AXIS2_PLACEMENT_3D('',#1938,#1939,#1940);
#1938 = CARTESIAN_POINT('',(0.,0.,0.));
#1939 = DIRECTION('',(0.,0.,1.));
#1940 = DIRECTION('',(1.,0.,-0.));
#1941 = PCURVE('',#1887,#1942);
#1942 = DEFINITIONAL_REPRESENTATION('',(#1943),#1947);
#1943 = LINE('',#1944,#1945);
#1944 = CARTESIAN_POINT('',(0.,0.));
#1945 = VECTOR('',#1946,1.);
#1946 = DIRECTION('',(1.,0.));
#1947 = ( GEOMETRIC_REPRESENTATION_CONTEXT(2) 
PARAMETRIC_REPRESENTATION_CONTEXT() REPRESENTATION_CONTEXT('2D SPACE',''
  ) );
#1948 = PCURVE('',#1949,#1954);
#1949 = PLANE('',#1950);
#1950 = AXIS2_PLACEMENT_3D('',#1951,#1952,#1953);
#1951 = CARTESIAN_POINT('',(0.,0.,0.));
#1952 = DIRECTION('',(0.,0.,1.));
#1953 = DIRECTION('',(1.,0.,-0.));
#1954 = DEFINITIONAL_REPRESENTATION('',(#1955),#1959);
#1955 = CIRCLE('',#1956,3.1);
#1956 = AXIS2_PLACEMENT_2D('',#1957,#1958);
#1957 = CARTESIAN_POINT('',(0.,0.));
#1958 = DIRECTION('',(1.,0.));
#1959 = ( GEOMETRIC_REPRESENTATION_CONTEXT(2) 
PARAMETRIC_REPRESENTATION_CONTEXT() REPRESENTATION_CONTEXT('2D SPACE',''
  ) );
#1960 = ORIENTED_EDGE('',*,*,#1911,.T.);
#1961 = ADVANCED_FACE('',(#1962),#1899,.T.);
#1962 = FACE_BOUND('',#1963,.T.);
#1963 = EDGE_LOOP('',(#1964));
#1964 = ORIENTED_EDGE('',*,*,#1877,.T.);
#1965 = ADVANCED_FACE('',(#1966),#1949,.F.);
#1966 = FACE_BOUND('',#1967,.T.);
#1967 = EDGE_LOOP('',(#1968));
#1968 = ORIENTED_EDGE('',*,*,#1934,.F.);
#1969 = ( GEOMETRIC_REPRESENTATION_CONTEXT(3) 
GLOBAL_UNCERTAINTY_ASSIGNED_CONTEXT((#1973)) 
GLOBAL_UNIT_ASSIGNED_CONTEXT((#1970,#1971,#1972)) REPRESENTATION_CONTEXT
('Context #1','3D Context with UNIT and UNCERTAINTY') );
#1970 = ( LENGTH_UNIT() NAMED_UNIT(*) SI_UNIT(.MILLI.,.METRE.) );
#1971 = ( NAMED_UNIT(*) PLANE_ANGLE_UNIT() SI_UNIT($,.RADIAN.) );
#1972 = ( NAMED_UNIT(*) SI_UNIT($,.STERADIAN.) SOLID_ANGLE_UNIT() );
#1973 = UNCERTAINTY_MEASURE_WITH_UNIT(LENGTH_MEASURE(1.E-07),#1970,
  'distance_accuracy_value','confusion accuracy');
#1974 = CONTEXT_DEPENDENT_SHAPE_REPRESENTATION(#1975,#1977);
#1975 = ( REPRESENTATION_RELATIONSHIP('','',#1870,#1847) 
REPRESENTATION_RELATIONSHIP_WITH_TRANSFORMATION(#1976) 
SHAPE_REPRESENTATION_RELATIONSHIP() );
#1976 = ITEM_DEFINED_TRANSFORMATION('','',#11,#1848);
#1977 = PRODUCT_DEFINITION_SHAPE('Placement','Placement of an item',
  #1978);
#1978 = NEXT_ASSEMBLY_USAGE_OCCURRENCE('21','=>[0:1:1:23]','',#1842,
  #1865,$);
#1979 = PRODUCT_RELATED_PRODUCT_CATEGORY('part',$,(#1867));
#1980 = SHAPE_DEFINITION_REPRESENTATION(#1981,#1987);
#1981 = PRODUCT_DEFINITION_SHAPE('','',#1982);
#1982 = PRODUCT_DEFINITION('design','',#1983,#1986);
#1983 = PRODUCT_DEFINITION_FORMATION('','',#1984);
#1984 = PRODUCT('external_regen_cooling_channel_06',
  'external_regen_cooling_channel_06','',(#1985));
#1985 = PRODUCT_CONTEXT('',#2,'mechanical');
#1986 = PRODUCT_DEFINITION_CONTEXT('part definition',#2,'design');
#1987 = SHAPE_REPRESENTATION('',(#11,#1988),#1992);
#1988 = AXIS2_PLACEMENT_3D('',#1989,#1990,#1991);
#1989 = CARTESIAN_POINT('',(0.,0.,-623.0477963047));
#1990 = DIRECTION('',(0.,0.,1.));
#1991 = DIRECTION('',(1.,0.,0.));
#1992 = ( GEOMETRIC_REPRESENTATION_CONTEXT(3) 
GLOBAL_UNCERTAINTY_ASSIGNED_CONTEXT((#1996)) 
GLOBAL_UNIT_ASSIGNED_CONTEXT((#1993,#1994,#1995)) REPRESENTATION_CONTEXT
('Context #1','3D Context with UNIT and UNCERTAINTY') );
#1993 = ( LENGTH_UNIT() NAMED_UNIT(*) SI_UNIT(.MILLI.,.METRE.) );
#1994 = ( NAMED_UNIT(*) PLANE_ANGLE_UNIT() SI_UNIT($,.RADIAN.) );
#1995 = ( NAMED_UNIT(*) SI_UNIT($,.STERADIAN.) SOLID_ANGLE_UNIT() );
#1996 = UNCERTAINTY_MEASURE_WITH_UNIT(LENGTH_MEASURE(1.E-07),#1993,
  'distance_accuracy_value','confusion accuracy');
#1997 = CONTEXT_DEPENDENT_SHAPE_REPRESENTATION(#1998,#2000);
#1998 = ( REPRESENTATION_RELATIONSHIP('','',#1987,#10) 
REPRESENTATION_RELATIONSHIP_WITH_TRANSFORMATION(#1999) 
SHAPE_REPRESENTATION_RELATIONSHIP() );
#1999 = ITEM_DEFINED_TRANSFORMATION('','',#11,#59);
#2000 = PRODUCT_DEFINITION_SHAPE('Placement','Placement of an item',
  #2001);
#2001 = NEXT_ASSEMBLY_USAGE_OCCURRENCE('24','=>[0:1:1:24]','',#5,#1982,$
  );
#2002 = PRODUCT_RELATED_PRODUCT_CATEGORY('part',$,(#1984));
#2003 = SHAPE_DEFINITION_REPRESENTATION(#2004,#2010);
#2004 = PRODUCT_DEFINITION_SHAPE('','',#2005);
#2005 = PRODUCT_DEFINITION('design','',#2006,#2009);
#2006 = PRODUCT_DEFINITION_FORMATION('','',#2007);
#2007 = PRODUCT('SOLID','SOLID','',(#2008));
#2008 = PRODUCT_CONTEXT('',#2,'mechanical');
#2009 = PRODUCT_DEFINITION_CONTEXT('part definition',#2,'design');
#2010 = ADVANCED_BREP_SHAPE_REPRESENTATION('',(#11,#2011),#2109);
#2011 = MANIFOLD_SOLID_BREP('',#2012);
#2012 = CLOSED_SHELL('',(#2013,#2101,#2105));
#2013 = ADVANCED_FACE('',(#2014),#2027,.T.);
#2014 = FACE_BOUND('',#2015,.T.);
#2015 = EDGE_LOOP('',(#2016,#2050,#2073,#2100));
#2016 = ORIENTED_EDGE('',*,*,#2017,.F.);
#2017 = EDGE_CURVE('',#2018,#2018,#2020,.T.);
#2018 = VERTEX_POINT('',#2019);
#2019 = CARTESIAN_POINT('',(3.1,-7.592810154714E-16,1.246095592609E+03)
  );
#2020 = SURFACE_CURVE('',#2021,(#2026,#2038),.PCURVE_S1.);
#2021 = CIRCLE('',#2022,3.1);
#2022 = AXIS2_PLACEMENT_3D('',#2023,#2024,#2025);
#2023 = CARTESIAN_POINT('',(0.,0.,1.246095592609E+03));
#2024 = DIRECTION('',(0.,0.,1.));
#2025 = DIRECTION('',(1.,0.,-0.));
#2026 = PCURVE('',#2027,#2032);
#2027 = CYLINDRICAL_SURFACE('',#2028,3.1);
#2028 = AXIS2_PLACEMENT_3D('',#2029,#2030,#2031);
#2029 = CARTESIAN_POINT('',(0.,0.,0.));
#2030 = DIRECTION('',(0.,0.,1.));
#2031 = DIRECTION('',(1.,0.,-0.));
#2032 = DEFINITIONAL_REPRESENTATION('',(#2033),#2037);
#2033 = LINE('',#2034,#2035);
#2034 = CARTESIAN_POINT('',(0.,1.246095592609E+03));
#2035 = VECTOR('',#2036,1.);
#2036 = DIRECTION('',(1.,0.));
#2037 = ( GEOMETRIC_REPRESENTATION_CONTEXT(2) 
PARAMETRIC_REPRESENTATION_CONTEXT() REPRESENTATION_CONTEXT('2D SPACE',''
  ) );
#2038 = PCURVE('',#2039,#2044);
#2039 = PLANE('',#2040);
#2040 = AXIS2_PLACEMENT_3D('',#2041,#2042,#2043);
#2041 = CARTESIAN_POINT('',(0.,0.,1.246095592609E+03));
#2042 = DIRECTION('',(0.,0.,1.));
#2043 = DIRECTION('',(1.,0.,-0.));
#2044 = DEFINITIONAL_REPRESENTATION('',(#2045),#2049);
#2045 = CIRCLE('',#2046,3.1);
#2046 = AXIS2_PLACEMENT_2D('',#2047,#2048);
#2047 = CARTESIAN_POINT('',(0.,0.));
#2048 = DIRECTION('',(1.,0.));
#2049 = ( GEOMETRIC_REPRESENTATION_CONTEXT(2) 
PARAMETRIC_REPRESENTATION_CONTEXT() REPRESENTATION_CONTEXT('2D SPACE',''
  ) );
#2050 = ORIENTED_EDGE('',*,*,#2051,.F.);
#2051 = EDGE_CURVE('',#2052,#2018,#2054,.T.);
#2052 = VERTEX_POINT('',#2053);
#2053 = CARTESIAN_POINT('',(3.1,-7.592810154714E-16,0.));
#2054 = SEAM_CURVE('',#2055,(#2059,#2066),.PCURVE_S1.);
#2055 = LINE('',#2056,#2057);
#2056 = CARTESIAN_POINT('',(3.1,-7.592810154714E-16,0.));
#2057 = VECTOR('',#2058,1.);
#2058 = DIRECTION('',(0.,0.,1.));
#2059 = PCURVE('',#2027,#2060);
#2060 = DEFINITIONAL_REPRESENTATION('',(#2061),#2065);
#2061 = LINE('',#2062,#2063);
#2062 = CARTESIAN_POINT('',(6.28318530718,-0.));
#2063 = VECTOR('',#2064,1.);
#2064 = DIRECTION('',(0.,1.));
#2065 = ( GEOMETRIC_REPRESENTATION_CONTEXT(2) 
PARAMETRIC_REPRESENTATION_CONTEXT() REPRESENTATION_CONTEXT('2D SPACE',''
  ) );
#2066 = PCURVE('',#2027,#2067);
#2067 = DEFINITIONAL_REPRESENTATION('',(#2068),#2072);
#2068 = LINE('',#2069,#2070);
#2069 = CARTESIAN_POINT('',(0.,-0.));
#2070 = VECTOR('',#2071,1.);
#2071 = DIRECTION('',(0.,1.));
#2072 = ( GEOMETRIC_REPRESENTATION_CONTEXT(2) 
PARAMETRIC_REPRESENTATION_CONTEXT() REPRESENTATION_CONTEXT('2D SPACE',''
  ) );
#2073 = ORIENTED_EDGE('',*,*,#2074,.T.);
#2074 = EDGE_CURVE('',#2052,#2052,#2075,.T.);
#2075 = SURFACE_CURVE('',#2076,(#2081,#2088),.PCURVE_S1.);
#2076 = CIRCLE('',#2077,3.1);
#2077 = AXIS2_PLACEMENT_3D('',#2078,#2079,#2080);
#2078 = CARTESIAN_POINT('',(0.,0.,0.));
#2079 = DIRECTION('',(0.,0.,1.));
#2080 = DIRECTION('',(1.,0.,-0.));
#2081 = PCURVE('',#2027,#2082);
#2082 = DEFINITIONAL_REPRESENTATION('',(#2083),#2087);
#2083 = LINE('',#2084,#2085);
#2084 = CARTESIAN_POINT('',(0.,0.));
#2085 = VECTOR('',#2086,1.);
#2086 = DIRECTION('',(1.,0.));
#2087 = ( GEOMETRIC_REPRESENTATION_CONTEXT(2) 
PARAMETRIC_REPRESENTATION_CONTEXT() REPRESENTATION_CONTEXT('2D SPACE',''
  ) );
#2088 = PCURVE('',#2089,#2094);
#2089 = PLANE('',#2090);
#2090 = AXIS2_PLACEMENT_3D('',#2091,#2092,#2093);
#2091 = CARTESIAN_POINT('',(0.,0.,0.));
#2092 = DIRECTION('',(0.,0.,1.));
#2093 = DIRECTION('',(1.,0.,-0.));
#2094 = DEFINITIONAL_REPRESENTATION('',(#2095),#2099);
#2095 = CIRCLE('',#2096,3.1);
#2096 = AXIS2_PLACEMENT_2D('',#2097,#2098);
#2097 = CARTESIAN_POINT('',(0.,0.));
#2098 = DIRECTION('',(1.,0.));
#2099 = ( GEOMETRIC_REPRESENTATION_CONTEXT(2) 
PARAMETRIC_REPRESENTATION_CONTEXT() REPRESENTATION_CONTEXT('2D SPACE',''
  ) );
#2100 = ORIENTED_EDGE('',*,*,#2051,.T.);
#2101 = ADVANCED_FACE('',(#2102),#2039,.T.);
#2102 = FACE_BOUND('',#2103,.T.);
#2103 = EDGE_LOOP('',(#2104));
#2104 = ORIENTED_EDGE('',*,*,#2017,.T.);
#2105 = ADVANCED_FACE('',(#2106),#2089,.F.);
#2106 = FACE_BOUND('',#2107,.T.);
#2107 = EDGE_LOOP('',(#2108));
#2108 = ORIENTED_EDGE('',*,*,#2074,.F.);
#2109 = ( GEOMETRIC_REPRESENTATION_CONTEXT(3) 
GLOBAL_UNCERTAINTY_ASSIGNED_CONTEXT((#2113)) 
GLOBAL_UNIT_ASSIGNED_CONTEXT((#2110,#2111,#2112)) REPRESENTATION_CONTEXT
('Context #1','3D Context with UNIT and UNCERTAINTY') );
#2110 = ( LENGTH_UNIT() NAMED_UNIT(*) SI_UNIT(.MILLI.,.METRE.) );
#2111 = ( NAMED_UNIT(*) PLANE_ANGLE_UNIT() SI_UNIT($,.RADIAN.) );
#2112 = ( NAMED_UNIT(*) SI_UNIT($,.STERADIAN.) SOLID_ANGLE_UNIT() );
#2113 = UNCERTAINTY_MEASURE_WITH_UNIT(LENGTH_MEASURE(1.E-07),#2110,
  'distance_accuracy_value','confusion accuracy');
#2114 = CONTEXT_DEPENDENT_SHAPE_REPRESENTATION(#2115,#2117);
#2115 = ( REPRESENTATION_RELATIONSHIP('','',#2010,#1987) 
REPRESENTATION_RELATIONSHIP_WITH_TRANSFORMATION(#2116) 
SHAPE_REPRESENTATION_RELATIONSHIP() );
#2116 = ITEM_DEFINED_TRANSFORMATION('','',#11,#1988);
#2117 = PRODUCT_DEFINITION_SHAPE('Placement','Placement of an item',
  #2118);
#2118 = NEXT_ASSEMBLY_USAGE_OCCURRENCE('23','=>[0:1:1:25]','',#1982,
  #2005,$);
#2119 = PRODUCT_RELATED_PRODUCT_CATEGORY('part',$,(#2007));
#2120 = SHAPE_DEFINITION_REPRESENTATION(#2121,#2127);
#2121 = PRODUCT_DEFINITION_SHAPE('','',#2122);
#2122 = PRODUCT_DEFINITION('design','',#2123,#2126);
#2123 = PRODUCT_DEFINITION_FORMATION('','',#2124);
#2124 = PRODUCT('external_regen_cooling_channel_07',
  'external_regen_cooling_channel_07','',(#2125));
#2125 = PRODUCT_CONTEXT('',#2,'mechanical');
#2126 = PRODUCT_DEFINITION_CONTEXT('part definition',#2,'design');
#2127 = SHAPE_REPRESENTATION('',(#11,#2128),#2132);
#2128 = AXIS2_PLACEMENT_3D('',#2129,#2130,#2131);
#2129 = CARTESIAN_POINT('',(0.,0.,-623.0477963047));
#2130 = DIRECTION('',(0.,0.,1.));
#2131 = DIRECTION('',(1.,0.,0.));
#2132 = ( GEOMETRIC_REPRESENTATION_CONTEXT(3) 
GLOBAL_UNCERTAINTY_ASSIGNED_CONTEXT((#2136)) 
GLOBAL_UNIT_ASSIGNED_CONTEXT((#2133,#2134,#2135)) REPRESENTATION_CONTEXT
('Context #1','3D Context with UNIT and UNCERTAINTY') );
#2133 = ( LENGTH_UNIT() NAMED_UNIT(*) SI_UNIT(.MILLI.,.METRE.) );
#2134 = ( NAMED_UNIT(*) PLANE_ANGLE_UNIT() SI_UNIT($,.RADIAN.) );
#2135 = ( NAMED_UNIT(*) SI_UNIT($,.STERADIAN.) SOLID_ANGLE_UNIT() );
#2136 = UNCERTAINTY_MEASURE_WITH_UNIT(LENGTH_MEASURE(1.E-07),#2133,
  'distance_accuracy_value','confusion accuracy');
#2137 = CONTEXT_DEPENDENT_SHAPE_REPRESENTATION(#2138,#2140);
#2138 = ( REPRESENTATION_RELATIONSHIP('','',#2127,#10) 
REPRESENTATION_RELATIONSHIP_WITH_TRANSFORMATION(#2139) 
SHAPE_REPRESENTATION_RELATIONSHIP() );
#2139 = ITEM_DEFINED_TRANSFORMATION('','',#11,#63);
#2140 = PRODUCT_DEFINITION_SHAPE('Placement','Placement of an item',
  #2141);
#2141 = NEXT_ASSEMBLY_USAGE_OCCURRENCE('26','=>[0:1:1:26]','',#5,#2122,$
  );
#2142 = PRODUCT_RELATED_PRODUCT_CATEGORY('part',$,(#2124));
#2143 = SHAPE_DEFINITION_REPRESENTATION(#2144,#2150);
#2144 = PRODUCT_DEFINITION_SHAPE('','',#2145);
#2145 = PRODUCT_DEFINITION('design','',#2146,#2149);
#2146 = PRODUCT_DEFINITION_FORMATION('','',#2147);
#2147 = PRODUCT('SOLID','SOLID','',(#2148));
#2148 = PRODUCT_CONTEXT('',#2,'mechanical');
#2149 = PRODUCT_DEFINITION_CONTEXT('part definition',#2,'design');
#2150 = ADVANCED_BREP_SHAPE_REPRESENTATION('',(#11,#2151),#2249);
#2151 = MANIFOLD_SOLID_BREP('',#2152);
#2152 = CLOSED_SHELL('',(#2153,#2241,#2245));
#2153 = ADVANCED_FACE('',(#2154),#2167,.T.);
#2154 = FACE_BOUND('',#2155,.T.);
#2155 = EDGE_LOOP('',(#2156,#2190,#2213,#2240));
#2156 = ORIENTED_EDGE('',*,*,#2157,.F.);
#2157 = EDGE_CURVE('',#2158,#2158,#2160,.T.);
#2158 = VERTEX_POINT('',#2159);
#2159 = CARTESIAN_POINT('',(3.1,-7.592810154714E-16,1.246095592609E+03)
  );
#2160 = SURFACE_CURVE('',#2161,(#2166,#2178),.PCURVE_S1.);
#2161 = CIRCLE('',#2162,3.1);
#2162 = AXIS2_PLACEMENT_3D('',#2163,#2164,#2165);
#2163 = CARTESIAN_POINT('',(0.,0.,1.246095592609E+03));
#2164 = DIRECTION('',(0.,0.,1.));
#2165 = DIRECTION('',(1.,0.,-0.));
#2166 = PCURVE('',#2167,#2172);
#2167 = CYLINDRICAL_SURFACE('',#2168,3.1);
#2168 = AXIS2_PLACEMENT_3D('',#2169,#2170,#2171);
#2169 = CARTESIAN_POINT('',(0.,0.,0.));
#2170 = DIRECTION('',(0.,0.,1.));
#2171 = DIRECTION('',(1.,0.,-0.));
#2172 = DEFINITIONAL_REPRESENTATION('',(#2173),#2177);
#2173 = LINE('',#2174,#2175);
#2174 = CARTESIAN_POINT('',(0.,1.246095592609E+03));
#2175 = VECTOR('',#2176,1.);
#2176 = DIRECTION('',(1.,0.));
#2177 = ( GEOMETRIC_REPRESENTATION_CONTEXT(2) 
PARAMETRIC_REPRESENTATION_CONTEXT() REPRESENTATION_CONTEXT('2D SPACE',''
  ) );
#2178 = PCURVE('',#2179,#2184);
#2179 = PLANE('',#2180);
#2180 = AXIS2_PLACEMENT_3D('',#2181,#2182,#2183);
#2181 = CARTESIAN_POINT('',(0.,0.,1.246095592609E+03));
#2182 = DIRECTION('',(0.,0.,1.));
#2183 = DIRECTION('',(1.,0.,-0.));
#2184 = DEFINITIONAL_REPRESENTATION('',(#2185),#2189);
#2185 = CIRCLE('',#2186,3.1);
#2186 = AXIS2_PLACEMENT_2D('',#2187,#2188);
#2187 = CARTESIAN_POINT('',(0.,0.));
#2188 = DIRECTION('',(1.,0.));
#2189 = ( GEOMETRIC_REPRESENTATION_CONTEXT(2) 
PARAMETRIC_REPRESENTATION_CONTEXT() REPRESENTATION_CONTEXT('2D SPACE',''
  ) );
#2190 = ORIENTED_EDGE('',*,*,#2191,.F.);
#2191 = EDGE_CURVE('',#2192,#2158,#2194,.T.);
#2192 = VERTEX_POINT('',#2193);
#2193 = CARTESIAN_POINT('',(3.1,-7.592810154714E-16,0.));
#2194 = SEAM_CURVE('',#2195,(#2199,#2206),.PCURVE_S1.);
#2195 = LINE('',#2196,#2197);
#2196 = CARTESIAN_POINT('',(3.1,-7.592810154714E-16,0.));
#2197 = VECTOR('',#2198,1.);
#2198 = DIRECTION('',(0.,0.,1.));
#2199 = PCURVE('',#2167,#2200);
#2200 = DEFINITIONAL_REPRESENTATION('',(#2201),#2205);
#2201 = LINE('',#2202,#2203);
#2202 = CARTESIAN_POINT('',(6.28318530718,-0.));
#2203 = VECTOR('',#2204,1.);
#2204 = DIRECTION('',(0.,1.));
#2205 = ( GEOMETRIC_REPRESENTATION_CONTEXT(2) 
PARAMETRIC_REPRESENTATION_CONTEXT() REPRESENTATION_CONTEXT('2D SPACE',''
  ) );
#2206 = PCURVE('',#2167,#2207);
#2207 = DEFINITIONAL_REPRESENTATION('',(#2208),#2212);
#2208 = LINE('',#2209,#2210);
#2209 = CARTESIAN_POINT('',(0.,-0.));
#2210 = VECTOR('',#2211,1.);
#2211 = DIRECTION('',(0.,1.));
#2212 = ( GEOMETRIC_REPRESENTATION_CONTEXT(2) 
PARAMETRIC_REPRESENTATION_CONTEXT() REPRESENTATION_CONTEXT('2D SPACE',''
  ) );
#2213 = ORIENTED_EDGE('',*,*,#2214,.T.);
#2214 = EDGE_CURVE('',#2192,#2192,#2215,.T.);
#2215 = SURFACE_CURVE('',#2216,(#2221,#2228),.PCURVE_S1.);
#2216 = CIRCLE('',#2217,3.1);
#2217 = AXIS2_PLACEMENT_3D('',#2218,#2219,#2220);
#2218 = CARTESIAN_POINT('',(0.,0.,0.));
#2219 = DIRECTION('',(0.,0.,1.));
#2220 = DIRECTION('',(1.,0.,-0.));
#2221 = PCURVE('',#2167,#2222);
#2222 = DEFINITIONAL_REPRESENTATION('',(#2223),#2227);
#2223 = LINE('',#2224,#2225);
#2224 = CARTESIAN_POINT('',(0.,0.));
#2225 = VECTOR('',#2226,1.);
#2226 = DIRECTION('',(1.,0.));
#2227 = ( GEOMETRIC_REPRESENTATION_CONTEXT(2) 
PARAMETRIC_REPRESENTATION_CONTEXT() REPRESENTATION_CONTEXT('2D SPACE',''
  ) );
#2228 = PCURVE('',#2229,#2234);
#2229 = PLANE('',#2230);
#2230 = AXIS2_PLACEMENT_3D('',#2231,#2232,#2233);
#2231 = CARTESIAN_POINT('',(0.,0.,0.));
#2232 = DIRECTION('',(0.,0.,1.));
#2233 = DIRECTION('',(1.,0.,-0.));
#2234 = DEFINITIONAL_REPRESENTATION('',(#2235),#2239);
#2235 = CIRCLE('',#2236,3.1);
#2236 = AXIS2_PLACEMENT_2D('',#2237,#2238);
#2237 = CARTESIAN_POINT('',(0.,0.));
#2238 = DIRECTION('',(1.,0.));
#2239 = ( GEOMETRIC_REPRESENTATION_CONTEXT(2) 
PARAMETRIC_REPRESENTATION_CONTEXT() REPRESENTATION_CONTEXT('2D SPACE',''
  ) );
#2240 = ORIENTED_EDGE('',*,*,#2191,.T.);
#2241 = ADVANCED_FACE('',(#2242),#2179,.T.);
#2242 = FACE_BOUND('',#2243,.T.);
#2243 = EDGE_LOOP('',(#2244));
#2244 = ORIENTED_EDGE('',*,*,#2157,.T.);
#2245 = ADVANCED_FACE('',(#2246),#2229,.F.);
#2246 = FACE_BOUND('',#2247,.T.);
#2247 = EDGE_LOOP('',(#2248));
#2248 = ORIENTED_EDGE('',*,*,#2214,.F.);
#2249 = ( GEOMETRIC_REPRESENTATION_CONTEXT(3) 
GLOBAL_UNCERTAINTY_ASSIGNED_CONTEXT((#2253)) 
GLOBAL_UNIT_ASSIGNED_CONTEXT((#2250,#2251,#2252)) REPRESENTATION_CONTEXT
('Context #1','3D Context with UNIT and UNCERTAINTY') );
#2250 = ( LENGTH_UNIT() NAMED_UNIT(*) SI_UNIT(.MILLI.,.METRE.) );
#2251 = ( NAMED_UNIT(*) PLANE_ANGLE_UNIT() SI_UNIT($,.RADIAN.) );
#2252 = ( NAMED_UNIT(*) SI_UNIT($,.STERADIAN.) SOLID_ANGLE_UNIT() );
#2253 = UNCERTAINTY_MEASURE_WITH_UNIT(LENGTH_MEASURE(1.E-07),#2250,
  'distance_accuracy_value','confusion accuracy');
#2254 = CONTEXT_DEPENDENT_SHAPE_REPRESENTATION(#2255,#2257);
#2255 = ( REPRESENTATION_RELATIONSHIP('','',#2150,#2127) 
REPRESENTATION_RELATIONSHIP_WITH_TRANSFORMATION(#2256) 
SHAPE_REPRESENTATION_RELATIONSHIP() );
#2256 = ITEM_DEFINED_TRANSFORMATION('','',#11,#2128);
#2257 = PRODUCT_DEFINITION_SHAPE('Placement','Placement of an item',
  #2258);
#2258 = NEXT_ASSEMBLY_USAGE_OCCURRENCE('25','=>[0:1:1:27]','',#2122,
  #2145,$);
#2259 = PRODUCT_RELATED_PRODUCT_CATEGORY('part',$,(#2147));
#2260 = SHAPE_DEFINITION_REPRESENTATION(#2261,#2267);
#2261 = PRODUCT_DEFINITION_SHAPE('','',#2262);
#2262 = PRODUCT_DEFINITION('design','',#2263,#2266);
#2263 = PRODUCT_DEFINITION_FORMATION('','',#2264);
#2264 = PRODUCT('external_regen_cooling_channel_08',
  'external_regen_cooling_channel_08','',(#2265));
#2265 = PRODUCT_CONTEXT('',#2,'mechanical');
#2266 = PRODUCT_DEFINITION_CONTEXT('part definition',#2,'design');
#2267 = SHAPE_REPRESENTATION('',(#11,#2268),#2272);
#2268 = AXIS2_PLACEMENT_3D('',#2269,#2270,#2271);
#2269 = CARTESIAN_POINT('',(0.,0.,-623.0477963047));
#2270 = DIRECTION('',(0.,0.,1.));
#2271 = DIRECTION('',(1.,0.,0.));
#2272 = ( GEOMETRIC_REPRESENTATION_CONTEXT(3) 
GLOBAL_UNCERTAINTY_ASSIGNED_CONTEXT((#2276)) 
GLOBAL_UNIT_ASSIGNED_CONTEXT((#2273,#2274,#2275)) REPRESENTATION_CONTEXT
('Context #1','3D Context with UNIT and UNCERTAINTY') );
#2273 = ( LENGTH_UNIT() NAMED_UNIT(*) SI_UNIT(.MILLI.,.METRE.) );
#2274 = ( NAMED_UNIT(*) PLANE_ANGLE_UNIT() SI_UNIT($,.RADIAN.) );
#2275 = ( NAMED_UNIT(*) SI_UNIT($,.STERADIAN.) SOLID_ANGLE_UNIT() );
#2276 = UNCERTAINTY_MEASURE_WITH_UNIT(LENGTH_MEASURE(1.E-07),#2273,
  'distance_accuracy_value','confusion accuracy');
#2277 = CONTEXT_DEPENDENT_SHAPE_REPRESENTATION(#2278,#2280);
#2278 = ( REPRESENTATION_RELATIONSHIP('','',#2267,#10) 
REPRESENTATION_RELATIONSHIP_WITH_TRANSFORMATION(#2279) 
SHAPE_REPRESENTATION_RELATIONSHIP() );
#2279 = ITEM_DEFINED_TRANSFORMATION('','',#11,#67);
#2280 = PRODUCT_DEFINITION_SHAPE('Placement','Placement of an item',
  #2281);
#2281 = NEXT_ASSEMBLY_USAGE_OCCURRENCE('28','=>[0:1:1:28]','',#5,#2262,$
  );
#2282 = PRODUCT_RELATED_PRODUCT_CATEGORY('part',$,(#2264));
#2283 = SHAPE_DEFINITION_REPRESENTATION(#2284,#2290);
#2284 = PRODUCT_DEFINITION_SHAPE('','',#2285);
#2285 = PRODUCT_DEFINITION('design','',#2286,#2289);
#2286 = PRODUCT_DEFINITION_FORMATION('','',#2287);
#2287 = PRODUCT('SOLID','SOLID','',(#2288));
#2288 = PRODUCT_CONTEXT('',#2,'mechanical');
#2289 = PRODUCT_DEFINITION_CONTEXT('part definition',#2,'design');
#2290 = ADVANCED_BREP_SHAPE_REPRESENTATION('',(#11,#2291),#2389);
#2291 = MANIFOLD_SOLID_BREP('',#2292);
#2292 = CLOSED_SHELL('',(#2293,#2381,#2385));
#2293 = ADVANCED_FACE('',(#2294),#2307,.T.);
#2294 = FACE_BOUND('',#2295,.T.);
#2295 = EDGE_LOOP('',(#2296,#2330,#2353,#2380));
#2296 = ORIENTED_EDGE('',*,*,#2297,.F.);
#2297 = EDGE_CURVE('',#2298,#2298,#2300,.T.);
#2298 = VERTEX_POINT('',#2299);
#2299 = CARTESIAN_POINT('',(3.1,-7.592810154714E-16,1.246095592609E+03)
  );
#2300 = SURFACE_CURVE('',#2301,(#2306,#2318),.PCURVE_S1.);
#2301 = CIRCLE('',#2302,3.1);
#2302 = AXIS2_PLACEMENT_3D('',#2303,#2304,#2305);
#2303 = CARTESIAN_POINT('',(0.,0.,1.246095592609E+03));
#2304 = DIRECTION('',(0.,0.,1.));
#2305 = DIRECTION('',(1.,0.,-0.));
#2306 = PCURVE('',#2307,#2312);
#2307 = CYLINDRICAL_SURFACE('',#2308,3.1);
#2308 = AXIS2_PLACEMENT_3D('',#2309,#2310,#2311);
#2309 = CARTESIAN_POINT('',(0.,0.,0.));
#2310 = DIRECTION('',(0.,0.,1.));
#2311 = DIRECTION('',(1.,0.,-0.));
#2312 = DEFINITIONAL_REPRESENTATION('',(#2313),#2317);
#2313 = LINE('',#2314,#2315);
#2314 = CARTESIAN_POINT('',(0.,1.246095592609E+03));
#2315 = VECTOR('',#2316,1.);
#2316 = DIRECTION('',(1.,0.));
#2317 = ( GEOMETRIC_REPRESENTATION_CONTEXT(2) 
PARAMETRIC_REPRESENTATION_CONTEXT() REPRESENTATION_CONTEXT('2D SPACE',''
  ) );
#2318 = PCURVE('',#2319,#2324);
#2319 = PLANE('',#2320);
#2320 = AXIS2_PLACEMENT_3D('',#2321,#2322,#2323);
#2321 = CARTESIAN_POINT('',(0.,0.,1.246095592609E+03));
#2322 = DIRECTION('',(0.,0.,1.));
#2323 = DIRECTION('',(1.,0.,-0.));
#2324 = DEFINITIONAL_REPRESENTATION('',(#2325),#2329);
#2325 = CIRCLE('',#2326,3.1);
#2326 = AXIS2_PLACEMENT_2D('',#2327,#2328);
#2327 = CARTESIAN_POINT('',(0.,0.));
#2328 = DIRECTION('',(1.,0.));
#2329 = ( GEOMETRIC_REPRESENTATION_CONTEXT(2) 
PARAMETRIC_REPRESENTATION_CONTEXT() REPRESENTATION_CONTEXT('2D SPACE',''
  ) );
#2330 = ORIENTED_EDGE('',*,*,#2331,.F.);
#2331 = EDGE_CURVE('',#2332,#2298,#2334,.T.);
#2332 = VERTEX_POINT('',#2333);
#2333 = CARTESIAN_POINT('',(3.1,-7.592810154714E-16,0.));
#2334 = SEAM_CURVE('',#2335,(#2339,#2346),.PCURVE_S1.);
#2335 = LINE('',#2336,#2337);
#2336 = CARTESIAN_POINT('',(3.1,-7.592810154714E-16,0.));
#2337 = VECTOR('',#2338,1.);
#2338 = DIRECTION('',(0.,0.,1.));
#2339 = PCURVE('',#2307,#2340);
#2340 = DEFINITIONAL_REPRESENTATION('',(#2341),#2345);
#2341 = LINE('',#2342,#2343);
#2342 = CARTESIAN_POINT('',(6.28318530718,-0.));
#2343 = VECTOR('',#2344,1.);
#2344 = DIRECTION('',(0.,1.));
#2345 = ( GEOMETRIC_REPRESENTATION_CONTEXT(2) 
PARAMETRIC_REPRESENTATION_CONTEXT() REPRESENTATION_CONTEXT('2D SPACE',''
  ) );
#2346 = PCURVE('',#2307,#2347);
#2347 = DEFINITIONAL_REPRESENTATION('',(#2348),#2352);
#2348 = LINE('',#2349,#2350);
#2349 = CARTESIAN_POINT('',(0.,-0.));
#2350 = VECTOR('',#2351,1.);
#2351 = DIRECTION('',(0.,1.));
#2352 = ( GEOMETRIC_REPRESENTATION_CONTEXT(2) 
PARAMETRIC_REPRESENTATION_CONTEXT() REPRESENTATION_CONTEXT('2D SPACE',''
  ) );
#2353 = ORIENTED_EDGE('',*,*,#2354,.T.);
#2354 = EDGE_CURVE('',#2332,#2332,#2355,.T.);
#2355 = SURFACE_CURVE('',#2356,(#2361,#2368),.PCURVE_S1.);
#2356 = CIRCLE('',#2357,3.1);
#2357 = AXIS2_PLACEMENT_3D('',#2358,#2359,#2360);
#2358 = CARTESIAN_POINT('',(0.,0.,0.));
#2359 = DIRECTION('',(0.,0.,1.));
#2360 = DIRECTION('',(1.,0.,-0.));
#2361 = PCURVE('',#2307,#2362);
#2362 = DEFINITIONAL_REPRESENTATION('',(#2363),#2367);
#2363 = LINE('',#2364,#2365);
#2364 = CARTESIAN_POINT('',(0.,0.));
#2365 = VECTOR('',#2366,1.);
#2366 = DIRECTION('',(1.,0.));
#2367 = ( GEOMETRIC_REPRESENTATION_CONTEXT(2) 
PARAMETRIC_REPRESENTATION_CONTEXT() REPRESENTATION_CONTEXT('2D SPACE',''
  ) );
#2368 = PCURVE('',#2369,#2374);
#2369 = PLANE('',#2370);
#2370 = AXIS2_PLACEMENT_3D('',#2371,#2372,#2373);
#2371 = CARTESIAN_POINT('',(0.,0.,0.));
#2372 = DIRECTION('',(0.,0.,1.));
#2373 = DIRECTION('',(1.,0.,-0.));
#2374 = DEFINITIONAL_REPRESENTATION('',(#2375),#2379);
#2375 = CIRCLE('',#2376,3.1);
#2376 = AXIS2_PLACEMENT_2D('',#2377,#2378);
#2377 = CARTESIAN_POINT('',(0.,0.));
#2378 = DIRECTION('',(1.,0.));
#2379 = ( GEOMETRIC_REPRESENTATION_CONTEXT(2) 
PARAMETRIC_REPRESENTATION_CONTEXT() REPRESENTATION_CONTEXT('2D SPACE',''
  ) );
#2380 = ORIENTED_EDGE('',*,*,#2331,.T.);
#2381 = ADVANCED_FACE('',(#2382),#2319,.T.);
#2382 = FACE_BOUND('',#2383,.T.);
#2383 = EDGE_LOOP('',(#2384));
#2384 = ORIENTED_EDGE('',*,*,#2297,.T.);
#2385 = ADVANCED_FACE('',(#2386),#2369,.F.);
#2386 = FACE_BOUND('',#2387,.T.);
#2387 = EDGE_LOOP('',(#2388));
#2388 = ORIENTED_EDGE('',*,*,#2354,.F.);
#2389 = ( GEOMETRIC_REPRESENTATION_CONTEXT(3) 
GLOBAL_UNCERTAINTY_ASSIGNED_CONTEXT((#2393)) 
GLOBAL_UNIT_ASSIGNED_CONTEXT((#2390,#2391,#2392)) REPRESENTATION_CONTEXT
('Context #1','3D Context with UNIT and UNCERTAINTY') );
#2390 = ( LENGTH_UNIT() NAMED_UNIT(*) SI_UNIT(.MILLI.,.METRE.) );
#2391 = ( NAMED_UNIT(*) PLANE_ANGLE_UNIT() SI_UNIT($,.RADIAN.) );
#2392 = ( NAMED_UNIT(*) SI_UNIT($,.STERADIAN.) SOLID_ANGLE_UNIT() );
#2393 = UNCERTAINTY_MEASURE_WITH_UNIT(LENGTH_MEASURE(1.E-07),#2390,
  'distance_accuracy_value','confusion accuracy');
#2394 = CONTEXT_DEPENDENT_SHAPE_REPRESENTATION(#2395,#2397);
#2395 = ( REPRESENTATION_RELATIONSHIP('','',#2290,#2267) 
REPRESENTATION_RELATIONSHIP_WITH_TRANSFORMATION(#2396) 
SHAPE_REPRESENTATION_RELATIONSHIP() );
#2396 = ITEM_DEFINED_TRANSFORMATION('','',#11,#2268);
#2397 = PRODUCT_DEFINITION_SHAPE('Placement','Placement of an item',
  #2398);
#2398 = NEXT_ASSEMBLY_USAGE_OCCURRENCE('27','=>[0:1:1:29]','',#2262,
  #2285,$);
#2399 = PRODUCT_RELATED_PRODUCT_CATEGORY('part',$,(#2287));
#2400 = SHAPE_DEFINITION_REPRESENTATION(#2401,#2407);
#2401 = PRODUCT_DEFINITION_SHAPE('','',#2402);
#2402 = PRODUCT_DEFINITION('design','',#2403,#2406);
#2403 = PRODUCT_DEFINITION_FORMATION('','',#2404);
#2404 = PRODUCT('external_regen_cooling_channel_09',
  'external_regen_cooling_channel_09','',(#2405));
#2405 = PRODUCT_CONTEXT('',#2,'mechanical');
#2406 = PRODUCT_DEFINITION_CONTEXT('part definition',#2,'design');
#2407 = SHAPE_REPRESENTATION('',(#11,#2408),#2412);
#2408 = AXIS2_PLACEMENT_3D('',#2409,#2410,#2411);
#2409 = CARTESIAN_POINT('',(0.,0.,-623.0477963047));
#2410 = DIRECTION('',(0.,0.,1.));
#2411 = DIRECTION('',(1.,0.,0.));
#2412 = ( GEOMETRIC_REPRESENTATION_CONTEXT(3) 
GLOBAL_UNCERTAINTY_ASSIGNED_CONTEXT((#2416)) 
GLOBAL_UNIT_ASSIGNED_CONTEXT((#2413,#2414,#2415)) REPRESENTATION_CONTEXT
('Context #1','3D Context with UNIT and UNCERTAINTY') );
#2413 = ( LENGTH_UNIT() NAMED_UNIT(*) SI_UNIT(.MILLI.,.METRE.) );
#2414 = ( NAMED_UNIT(*) PLANE_ANGLE_UNIT() SI_UNIT($,.RADIAN.) );
#2415 = ( NAMED_UNIT(*) SI_UNIT($,.STERADIAN.) SOLID_ANGLE_UNIT() );
#2416 = UNCERTAINTY_MEASURE_WITH_UNIT(LENGTH_MEASURE(1.E-07),#2413,
  'distance_accuracy_value','confusion accuracy');
#2417 = CONTEXT_DEPENDENT_SHAPE_REPRESENTATION(#2418,#2420);
#2418 = ( REPRESENTATION_RELATIONSHIP('','',#2407,#10) 
REPRESENTATION_RELATIONSHIP_WITH_TRANSFORMATION(#2419) 
SHAPE_REPRESENTATION_RELATIONSHIP() );
#2419 = ITEM_DEFINED_TRANSFORMATION('','',#11,#71);
#2420 = PRODUCT_DEFINITION_SHAPE('Placement','Placement of an item',
  #2421);
#2421 = NEXT_ASSEMBLY_USAGE_OCCURRENCE('30','=>[0:1:1:30]','',#5,#2402,$
  );
#2422 = PRODUCT_RELATED_PRODUCT_CATEGORY('part',$,(#2404));
#2423 = SHAPE_DEFINITION_REPRESENTATION(#2424,#2430);
#2424 = PRODUCT_DEFINITION_SHAPE('','',#2425);
#2425 = PRODUCT_DEFINITION('design','',#2426,#2429);
#2426 = PRODUCT_DEFINITION_FORMATION('','',#2427);
#2427 = PRODUCT('SOLID','SOLID','',(#2428));
#2428 = PRODUCT_CONTEXT('',#2,'mechanical');
#2429 = PRODUCT_DEFINITION_CONTEXT('part definition',#2,'design');
#2430 = ADVANCED_BREP_SHAPE_REPRESENTATION('',(#11,#2431),#2529);
#2431 = MANIFOLD_SOLID_BREP('',#2432);
#2432 = CLOSED_SHELL('',(#2433,#2521,#2525));
#2433 = ADVANCED_FACE('',(#2434),#2447,.T.);
#2434 = FACE_BOUND('',#2435,.T.);
#2435 = EDGE_LOOP('',(#2436,#2470,#2493,#2520));
#2436 = ORIENTED_EDGE('',*,*,#2437,.F.);
#2437 = EDGE_CURVE('',#2438,#2438,#2440,.T.);
#2438 = VERTEX_POINT('',#2439);
#2439 = CARTESIAN_POINT('',(3.1,-7.592810154714E-16,1.246095592609E+03)
  );
#2440 = SURFACE_CURVE('',#2441,(#2446,#2458),.PCURVE_S1.);
#2441 = CIRCLE('',#2442,3.1);
#2442 = AXIS2_PLACEMENT_3D('',#2443,#2444,#2445);
#2443 = CARTESIAN_POINT('',(0.,0.,1.246095592609E+03));
#2444 = DIRECTION('',(0.,0.,1.));
#2445 = DIRECTION('',(1.,0.,-0.));
#2446 = PCURVE('',#2447,#2452);
#2447 = CYLINDRICAL_SURFACE('',#2448,3.1);
#2448 = AXIS2_PLACEMENT_3D('',#2449,#2450,#2451);
#2449 = CARTESIAN_POINT('',(0.,0.,0.));
#2450 = DIRECTION('',(0.,0.,1.));
#2451 = DIRECTION('',(1.,0.,-0.));
#2452 = DEFINITIONAL_REPRESENTATION('',(#2453),#2457);
#2453 = LINE('',#2454,#2455);
#2454 = CARTESIAN_POINT('',(0.,1.246095592609E+03));
#2455 = VECTOR('',#2456,1.);
#2456 = DIRECTION('',(1.,0.));
#2457 = ( GEOMETRIC_REPRESENTATION_CONTEXT(2) 
PARAMETRIC_REPRESENTATION_CONTEXT() REPRESENTATION_CONTEXT('2D SPACE',''
  ) );
#2458 = PCURVE('',#2459,#2464);
#2459 = PLANE('',#2460);
#2460 = AXIS2_PLACEMENT_3D('',#2461,#2462,#2463);
#2461 = CARTESIAN_POINT('',(0.,0.,1.246095592609E+03));
#2462 = DIRECTION('',(0.,0.,1.));
#2463 = DIRECTION('',(1.,0.,-0.));
#2464 = DEFINITIONAL_REPRESENTATION('',(#2465),#2469);
#2465 = CIRCLE('',#2466,3.1);
#2466 = AXIS2_PLACEMENT_2D('',#2467,#2468);
#2467 = CARTESIAN_POINT('',(0.,0.));
#2468 = DIRECTION('',(1.,0.));
#2469 = ( GEOMETRIC_REPRESENTATION_CONTEXT(2) 
PARAMETRIC_REPRESENTATION_CONTEXT() REPRESENTATION_CONTEXT('2D SPACE',''
  ) );
#2470 = ORIENTED_EDGE('',*,*,#2471,.F.);
#2471 = EDGE_CURVE('',#2472,#2438,#2474,.T.);
#2472 = VERTEX_POINT('',#2473);
#2473 = CARTESIAN_POINT('',(3.1,-7.592810154714E-16,0.));
#2474 = SEAM_CURVE('',#2475,(#2479,#2486),.PCURVE_S1.);
#2475 = LINE('',#2476,#2477);
#2476 = CARTESIAN_POINT('',(3.1,-7.592810154714E-16,0.));
#2477 = VECTOR('',#2478,1.);
#2478 = DIRECTION('',(0.,0.,1.));
#2479 = PCURVE('',#2447,#2480);
#2480 = DEFINITIONAL_REPRESENTATION('',(#2481),#2485);
#2481 = LINE('',#2482,#2483);
#2482 = CARTESIAN_POINT('',(6.28318530718,-0.));
#2483 = VECTOR('',#2484,1.);
#2484 = DIRECTION('',(0.,1.));
#2485 = ( GEOMETRIC_REPRESENTATION_CONTEXT(2) 
PARAMETRIC_REPRESENTATION_CONTEXT() REPRESENTATION_CONTEXT('2D SPACE',''
  ) );
#2486 = PCURVE('',#2447,#2487);
#2487 = DEFINITIONAL_REPRESENTATION('',(#2488),#2492);
#2488 = LINE('',#2489,#2490);
#2489 = CARTESIAN_POINT('',(0.,-0.));
#2490 = VECTOR('',#2491,1.);
#2491 = DIRECTION('',(0.,1.));
#2492 = ( GEOMETRIC_REPRESENTATION_CONTEXT(2) 
PARAMETRIC_REPRESENTATION_CONTEXT() REPRESENTATION_CONTEXT('2D SPACE',''
  ) );
#2493 = ORIENTED_EDGE('',*,*,#2494,.T.);
#2494 = EDGE_CURVE('',#2472,#2472,#2495,.T.);
#2495 = SURFACE_CURVE('',#2496,(#2501,#2508),.PCURVE_S1.);
#2496 = CIRCLE('',#2497,3.1);
#2497 = AXIS2_PLACEMENT_3D('',#2498,#2499,#2500);
#2498 = CARTESIAN_POINT('',(0.,0.,0.));
#2499 = DIRECTION('',(0.,0.,1.));
#2500 = DIRECTION('',(1.,0.,-0.));
#2501 = PCURVE('',#2447,#2502);
#2502 = DEFINITIONAL_REPRESENTATION('',(#2503),#2507);
#2503 = LINE('',#2504,#2505);
#2504 = CARTESIAN_POINT('',(0.,0.));
#2505 = VECTOR('',#2506,1.);
#2506 = DIRECTION('',(1.,0.));
#2507 = ( GEOMETRIC_REPRESENTATION_CONTEXT(2) 
PARAMETRIC_REPRESENTATION_CONTEXT() REPRESENTATION_CONTEXT('2D SPACE',''
  ) );
#2508 = PCURVE('',#2509,#2514);
#2509 = PLANE('',#2510);
#2510 = AXIS2_PLACEMENT_3D('',#2511,#2512,#2513);
#2511 = CARTESIAN_POINT('',(0.,0.,0.));
#2512 = DIRECTION('',(0.,0.,1.));
#2513 = DIRECTION('',(1.,0.,-0.));
#2514 = DEFINITIONAL_REPRESENTATION('',(#2515),#2519);
#2515 = CIRCLE('',#2516,3.1);
#2516 = AXIS2_PLACEMENT_2D('',#2517,#2518);
#2517 = CARTESIAN_POINT('',(0.,0.));
#2518 = DIRECTION('',(1.,0.));
#2519 = ( GEOMETRIC_REPRESENTATION_CONTEXT(2) 
PARAMETRIC_REPRESENTATION_CONTEXT() REPRESENTATION_CONTEXT('2D SPACE',''
  ) );
#2520 = ORIENTED_EDGE('',*,*,#2471,.T.);
#2521 = ADVANCED_FACE('',(#2522),#2459,.T.);
#2522 = FACE_BOUND('',#2523,.T.);
#2523 = EDGE_LOOP('',(#2524));
#2524 = ORIENTED_EDGE('',*,*,#2437,.T.);
#2525 = ADVANCED_FACE('',(#2526),#2509,.F.);
#2526 = FACE_BOUND('',#2527,.T.);
#2527 = EDGE_LOOP('',(#2528));
#2528 = ORIENTED_EDGE('',*,*,#2494,.F.);
#2529 = ( GEOMETRIC_REPRESENTATION_CONTEXT(3) 
GLOBAL_UNCERTAINTY_ASSIGNED_CONTEXT((#2533)) 
GLOBAL_UNIT_ASSIGNED_CONTEXT((#2530,#2531,#2532)) REPRESENTATION_CONTEXT
('Context #1','3D Context with UNIT and UNCERTAINTY') );
#2530 = ( LENGTH_UNIT() NAMED_UNIT(*) SI_UNIT(.MILLI.,.METRE.) );
#2531 = ( NAMED_UNIT(*) PLANE_ANGLE_UNIT() SI_UNIT($,.RADIAN.) );
#2532 = ( NAMED_UNIT(*) SI_UNIT($,.STERADIAN.) SOLID_ANGLE_UNIT() );
#2533 = UNCERTAINTY_MEASURE_WITH_UNIT(LENGTH_MEASURE(1.E-07),#2530,
  'distance_accuracy_value','confusion accuracy');
#2534 = CONTEXT_DEPENDENT_SHAPE_REPRESENTATION(#2535,#2537);
#2535 = ( REPRESENTATION_RELATIONSHIP('','',#2430,#2407) 
REPRESENTATION_RELATIONSHIP_WITH_TRANSFORMATION(#2536) 
SHAPE_REPRESENTATION_RELATIONSHIP() );
#2536 = ITEM_DEFINED_TRANSFORMATION('','',#11,#2408);
#2537 = PRODUCT_DEFINITION_SHAPE('Placement','Placement of an item',
  #2538);
#2538 = NEXT_ASSEMBLY_USAGE_OCCURRENCE('29','=>[0:1:1:31]','',#2402,
  #2425,$);
#2539 = PRODUCT_RELATED_PRODUCT_CATEGORY('part',$,(#2427));
#2540 = SHAPE_DEFINITION_REPRESENTATION(#2541,#2547);
#2541 = PRODUCT_DEFINITION_SHAPE('','',#2542);
#2542 = PRODUCT_DEFINITION('design','',#2543,#2546);
#2543 = PRODUCT_DEFINITION_FORMATION('','',#2544);
#2544 = PRODUCT('external_regen_cooling_channel_10',
  'external_regen_cooling_channel_10','',(#2545));
#2545 = PRODUCT_CONTEXT('',#2,'mechanical');
#2546 = PRODUCT_DEFINITION_CONTEXT('part definition',#2,'design');
#2547 = SHAPE_REPRESENTATION('',(#11,#2548),#2552);
#2548 = AXIS2_PLACEMENT_3D('',#2549,#2550,#2551);
#2549 = CARTESIAN_POINT('',(0.,0.,-623.0477963047));
#2550 = DIRECTION('',(0.,0.,1.));
#2551 = DIRECTION('',(1.,0.,0.));
#2552 = ( GEOMETRIC_REPRESENTATION_CONTEXT(3) 
GLOBAL_UNCERTAINTY_ASSIGNED_CONTEXT((#2556)) 
GLOBAL_UNIT_ASSIGNED_CONTEXT((#2553,#2554,#2555)) REPRESENTATION_CONTEXT
('Context #1','3D Context with UNIT and UNCERTAINTY') );
#2553 = ( LENGTH_UNIT() NAMED_UNIT(*) SI_UNIT(.MILLI.,.METRE.) );
#2554 = ( NAMED_UNIT(*) PLANE_ANGLE_UNIT() SI_UNIT($,.RADIAN.) );
#2555 = ( NAMED_UNIT(*) SI_UNIT($,.STERADIAN.) SOLID_ANGLE_UNIT() );
#2556 = UNCERTAINTY_MEASURE_WITH_UNIT(LENGTH_MEASURE(1.E-07),#2553,
  'distance_accuracy_value','confusion accuracy');
#2557 = CONTEXT_DEPENDENT_SHAPE_REPRESENTATION(#2558,#2560);
#2558 = ( REPRESENTATION_RELATIONSHIP('','',#2547,#10) 
REPRESENTATION_RELATIONSHIP_WITH_TRANSFORMATION(#2559) 
SHAPE_REPRESENTATION_RELATIONSHIP() );
#2559 = ITEM_DEFINED_TRANSFORMATION('','',#11,#75);
#2560 = PRODUCT_DEFINITION_SHAPE('Placement','Placement of an item',
  #2561);
#2561 = NEXT_ASSEMBLY_USAGE_OCCURRENCE('32','=>[0:1:1:32]','',#5,#2542,$
  );
#2562 = PRODUCT_RELATED_PRODUCT_CATEGORY('part',$,(#2544));
#2563 = SHAPE_DEFINITION_REPRESENTATION(#2564,#2570);
#2564 = PRODUCT_DEFINITION_SHAPE('','',#2565);
#2565 = PRODUCT_DEFINITION('design','',#2566,#2569);
#2566 = PRODUCT_DEFINITION_FORMATION('','',#2567);
#2567 = PRODUCT('SOLID','SOLID','',(#2568));
#2568 = PRODUCT_CONTEXT('',#2,'mechanical');
#2569 = PRODUCT_DEFINITION_CONTEXT('part definition',#2,'design');
#2570 = ADVANCED_BREP_SHAPE_REPRESENTATION('',(#11,#2571),#2669);
#2571 = MANIFOLD_SOLID_BREP('',#2572);
#2572 = CLOSED_SHELL('',(#2573,#2661,#2665));
#2573 = ADVANCED_FACE('',(#2574),#2587,.T.);
#2574 = FACE_BOUND('',#2575,.T.);
#2575 = EDGE_LOOP('',(#2576,#2610,#2633,#2660));
#2576 = ORIENTED_EDGE('',*,*,#2577,.F.);
#2577 = EDGE_CURVE('',#2578,#2578,#2580,.T.);
#2578 = VERTEX_POINT('',#2579);
#2579 = CARTESIAN_POINT('',(3.1,-7.592810154714E-16,1.246095592609E+03)
  );
#2580 = SURFACE_CURVE('',#2581,(#2586,#2598),.PCURVE_S1.);
#2581 = CIRCLE('',#2582,3.1);
#2582 = AXIS2_PLACEMENT_3D('',#2583,#2584,#2585);
#2583 = CARTESIAN_POINT('',(0.,0.,1.246095592609E+03));
#2584 = DIRECTION('',(0.,0.,1.));
#2585 = DIRECTION('',(1.,0.,-0.));
#2586 = PCURVE('',#2587,#2592);
#2587 = CYLINDRICAL_SURFACE('',#2588,3.1);
#2588 = AXIS2_PLACEMENT_3D('',#2589,#2590,#2591);
#2589 = CARTESIAN_POINT('',(0.,0.,0.));
#2590 = DIRECTION('',(0.,0.,1.));
#2591 = DIRECTION('',(1.,0.,-0.));
#2592 = DEFINITIONAL_REPRESENTATION('',(#2593),#2597);
#2593 = LINE('',#2594,#2595);
#2594 = CARTESIAN_POINT('',(0.,1.246095592609E+03));
#2595 = VECTOR('',#2596,1.);
#2596 = DIRECTION('',(1.,0.));
#2597 = ( GEOMETRIC_REPRESENTATION_CONTEXT(2) 
PARAMETRIC_REPRESENTATION_CONTEXT() REPRESENTATION_CONTEXT('2D SPACE',''
  ) );
#2598 = PCURVE('',#2599,#2604);
#2599 = PLANE('',#2600);
#2600 = AXIS2_PLACEMENT_3D('',#2601,#2602,#2603);
#2601 = CARTESIAN_POINT('',(0.,0.,1.246095592609E+03));
#2602 = DIRECTION('',(0.,0.,1.));
#2603 = DIRECTION('',(1.,0.,-0.));
#2604 = DEFINITIONAL_REPRESENTATION('',(#2605),#2609);
#2605 = CIRCLE('',#2606,3.1);
#2606 = AXIS2_PLACEMENT_2D('',#2607,#2608);
#2607 = CARTESIAN_POINT('',(0.,0.));
#2608 = DIRECTION('',(1.,0.));
#2609 = ( GEOMETRIC_REPRESENTATION_CONTEXT(2) 
PARAMETRIC_REPRESENTATION_CONTEXT() REPRESENTATION_CONTEXT('2D SPACE',''
  ) );
#2610 = ORIENTED_EDGE('',*,*,#2611,.F.);
#2611 = EDGE_CURVE('',#2612,#2578,#2614,.T.);
#2612 = VERTEX_POINT('',#2613);
#2613 = CARTESIAN_POINT('',(3.1,-7.592810154714E-16,0.));
#2614 = SEAM_CURVE('',#2615,(#2619,#2626),.PCURVE_S1.);
#2615 = LINE('',#2616,#2617);
#2616 = CARTESIAN_POINT('',(3.1,-7.592810154714E-16,0.));
#2617 = VECTOR('',#2618,1.);
#2618 = DIRECTION('',(0.,0.,1.));
#2619 = PCURVE('',#2587,#2620);
#2620 = DEFINITIONAL_REPRESENTATION('',(#2621),#2625);
#2621 = LINE('',#2622,#2623);
#2622 = CARTESIAN_POINT('',(6.28318530718,-0.));
#2623 = VECTOR('',#2624,1.);
#2624 = DIRECTION('',(0.,1.));
#2625 = ( GEOMETRIC_REPRESENTATION_CONTEXT(2) 
PARAMETRIC_REPRESENTATION_CONTEXT() REPRESENTATION_CONTEXT('2D SPACE',''
  ) );
#2626 = PCURVE('',#2587,#2627);
#2627 = DEFINITIONAL_REPRESENTATION('',(#2628),#2632);
#2628 = LINE('',#2629,#2630);
#2629 = CARTESIAN_POINT('',(0.,-0.));
#2630 = VECTOR('',#2631,1.);
#2631 = DIRECTION('',(0.,1.));
#2632 = ( GEOMETRIC_REPRESENTATION_CONTEXT(2) 
PARAMETRIC_REPRESENTATION_CONTEXT() REPRESENTATION_CONTEXT('2D SPACE',''
  ) );
#2633 = ORIENTED_EDGE('',*,*,#2634,.T.);
#2634 = EDGE_CURVE('',#2612,#2612,#2635,.T.);
#2635 = SURFACE_CURVE('',#2636,(#2641,#2648),.PCURVE_S1.);
#2636 = CIRCLE('',#2637,3.1);
#2637 = AXIS2_PLACEMENT_3D('',#2638,#2639,#2640);
#2638 = CARTESIAN_POINT('',(0.,0.,0.));
#2639 = DIRECTION('',(0.,0.,1.));
#2640 = DIRECTION('',(1.,0.,-0.));
#2641 = PCURVE('',#2587,#2642);
#2642 = DEFINITIONAL_REPRESENTATION('',(#2643),#2647);
#2643 = LINE('',#2644,#2645);
#2644 = CARTESIAN_POINT('',(0.,0.));
#2645 = VECTOR('',#2646,1.);
#2646 = DIRECTION('',(1.,0.));
#2647 = ( GEOMETRIC_REPRESENTATION_CONTEXT(2) 
PARAMETRIC_REPRESENTATION_CONTEXT() REPRESENTATION_CONTEXT('2D SPACE',''
  ) );
#2648 = PCURVE('',#2649,#2654);
#2649 = PLANE('',#2650);
#2650 = AXIS2_PLACEMENT_3D('',#2651,#2652,#2653);
#2651 = CARTESIAN_POINT('',(0.,0.,0.));
#2652 = DIRECTION('',(0.,0.,1.));
#2653 = DIRECTION('',(1.,0.,-0.));
#2654 = DEFINITIONAL_REPRESENTATION('',(#2655),#2659);
#2655 = CIRCLE('',#2656,3.1);
#2656 = AXIS2_PLACEMENT_2D('',#2657,#2658);
#2657 = CARTESIAN_POINT('',(0.,0.));
#2658 = DIRECTION('',(1.,0.));
#2659 = ( GEOMETRIC_REPRESENTATION_CONTEXT(2) 
PARAMETRIC_REPRESENTATION_CONTEXT() REPRESENTATION_CONTEXT('2D SPACE',''
  ) );
#2660 = ORIENTED_EDGE('',*,*,#2611,.T.);
#2661 = ADVANCED_FACE('',(#2662),#2599,.T.);
#2662 = FACE_BOUND('',#2663,.T.);
#2663 = EDGE_LOOP('',(#2664));
#2664 = ORIENTED_EDGE('',*,*,#2577,.T.);
#2665 = ADVANCED_FACE('',(#2666),#2649,.F.);
#2666 = FACE_BOUND('',#2667,.T.);
#2667 = EDGE_LOOP('',(#2668));
#2668 = ORIENTED_EDGE('',*,*,#2634,.F.);
#2669 = ( GEOMETRIC_REPRESENTATION_CONTEXT(3) 
GLOBAL_UNCERTAINTY_ASSIGNED_CONTEXT((#2673)) 
GLOBAL_UNIT_ASSIGNED_CONTEXT((#2670,#2671,#2672)) REPRESENTATION_CONTEXT
('Context #1','3D Context with UNIT and UNCERTAINTY') );
#2670 = ( LENGTH_UNIT() NAMED_UNIT(*) SI_UNIT(.MILLI.,.METRE.) );
#2671 = ( NAMED_UNIT(*) PLANE_ANGLE_UNIT() SI_UNIT($,.RADIAN.) );
#2672 = ( NAMED_UNIT(*) SI_UNIT($,.STERADIAN.) SOLID_ANGLE_UNIT() );
#2673 = UNCERTAINTY_MEASURE_WITH_UNIT(LENGTH_MEASURE(1.E-07),#2670,
  'distance_accuracy_value','confusion accuracy');
#2674 = CONTEXT_DEPENDENT_SHAPE_REPRESENTATION(#2675,#2677);
#2675 = ( REPRESENTATION_RELATIONSHIP('','',#2570,#2547) 
REPRESENTATION_RELATIONSHIP_WITH_TRANSFORMATION(#2676) 
SHAPE_REPRESENTATION_RELATIONSHIP() );
#2676 = ITEM_DEFINED_TRANSFORMATION('','',#11,#2548);
#2677 = PRODUCT_DEFINITION_SHAPE('Placement','Placement of an item',
  #2678);
#2678 = NEXT_ASSEMBLY_USAGE_OCCURRENCE('31','=>[0:1:1:33]','',#2542,
  #2565,$);
#2679 = PRODUCT_RELATED_PRODUCT_CATEGORY('part',$,(#2567));
#2680 = SHAPE_DEFINITION_REPRESENTATION(#2681,#2687);
#2681 = PRODUCT_DEFINITION_SHAPE('','',#2682);
#2682 = PRODUCT_DEFINITION('design','',#2683,#2686);
#2683 = PRODUCT_DEFINITION_FORMATION('','',#2684);
#2684 = PRODUCT('external_regen_cooling_channel_11',
  'external_regen_cooling_channel_11','',(#2685));
#2685 = PRODUCT_CONTEXT('',#2,'mechanical');
#2686 = PRODUCT_DEFINITION_CONTEXT('part definition',#2,'design');
#2687 = SHAPE_REPRESENTATION('',(#11,#2688),#2692);
#2688 = AXIS2_PLACEMENT_3D('',#2689,#2690,#2691);
#2689 = CARTESIAN_POINT('',(0.,0.,-623.0477963047));
#2690 = DIRECTION('',(0.,0.,1.));
#2691 = DIRECTION('',(1.,0.,0.));
#2692 = ( GEOMETRIC_REPRESENTATION_CONTEXT(3) 
GLOBAL_UNCERTAINTY_ASSIGNED_CONTEXT((#2696)) 
GLOBAL_UNIT_ASSIGNED_CONTEXT((#2693,#2694,#2695)) REPRESENTATION_CONTEXT
('Context #1','3D Context with UNIT and UNCERTAINTY') );
#2693 = ( LENGTH_UNIT() NAMED_UNIT(*) SI_UNIT(.MILLI.,.METRE.) );
#2694 = ( NAMED_UNIT(*) PLANE_ANGLE_UNIT() SI_UNIT($,.RADIAN.) );
#2695 = ( NAMED_UNIT(*) SI_UNIT($,.STERADIAN.) SOLID_ANGLE_UNIT() );
#2696 = UNCERTAINTY_MEASURE_WITH_UNIT(LENGTH_MEASURE(1.E-07),#2693,
  'distance_accuracy_value','confusion accuracy');
#2697 = CONTEXT_DEPENDENT_SHAPE_REPRESENTATION(#2698,#2700);
#2698 = ( REPRESENTATION_RELATIONSHIP('','',#2687,#10) 
REPRESENTATION_RELATIONSHIP_WITH_TRANSFORMATION(#2699) 
SHAPE_REPRESENTATION_RELATIONSHIP() );
#2699 = ITEM_DEFINED_TRANSFORMATION('','',#11,#79);
#2700 = PRODUCT_DEFINITION_SHAPE('Placement','Placement of an item',
  #2701);
#2701 = NEXT_ASSEMBLY_USAGE_OCCURRENCE('34','=>[0:1:1:34]','',#5,#2682,$
  );
#2702 = PRODUCT_RELATED_PRODUCT_CATEGORY('part',$,(#2684));
#2703 = SHAPE_DEFINITION_REPRESENTATION(#2704,#2710);
#2704 = PRODUCT_DEFINITION_SHAPE('','',#2705);
#2705 = PRODUCT_DEFINITION('design','',#2706,#2709);
#2706 = PRODUCT_DEFINITION_FORMATION('','',#2707);
#2707 = PRODUCT('SOLID','SOLID','',(#2708));
#2708 = PRODUCT_CONTEXT('',#2,'mechanical');
#2709 = PRODUCT_DEFINITION_CONTEXT('part definition',#2,'design');
#2710 = ADVANCED_BREP_SHAPE_REPRESENTATION('',(#11,#2711),#2809);
#2711 = MANIFOLD_SOLID_BREP('',#2712);
#2712 = CLOSED_SHELL('',(#2713,#2801,#2805));
#2713 = ADVANCED_FACE('',(#2714),#2727,.T.);
#2714 = FACE_BOUND('',#2715,.T.);
#2715 = EDGE_LOOP('',(#2716,#2750,#2773,#2800));
#2716 = ORIENTED_EDGE('',*,*,#2717,.F.);
#2717 = EDGE_CURVE('',#2718,#2718,#2720,.T.);
#2718 = VERTEX_POINT('',#2719);
#2719 = CARTESIAN_POINT('',(3.1,-7.592810154714E-16,1.246095592609E+03)
  );
#2720 = SURFACE_CURVE('',#2721,(#2726,#2738),.PCURVE_S1.);
#2721 = CIRCLE('',#2722,3.1);
#2722 = AXIS2_PLACEMENT_3D('',#2723,#2724,#2725);
#2723 = CARTESIAN_POINT('',(0.,0.,1.246095592609E+03));
#2724 = DIRECTION('',(0.,0.,1.));
#2725 = DIRECTION('',(1.,0.,-0.));
#2726 = PCURVE('',#2727,#2732);
#2727 = CYLINDRICAL_SURFACE('',#2728,3.1);
#2728 = AXIS2_PLACEMENT_3D('',#2729,#2730,#2731);
#2729 = CARTESIAN_POINT('',(0.,0.,0.));
#2730 = DIRECTION('',(0.,0.,1.));
#2731 = DIRECTION('',(1.,0.,-0.));
#2732 = DEFINITIONAL_REPRESENTATION('',(#2733),#2737);
#2733 = LINE('',#2734,#2735);
#2734 = CARTESIAN_POINT('',(0.,1.246095592609E+03));
#2735 = VECTOR('',#2736,1.);
#2736 = DIRECTION('',(1.,0.));
#2737 = ( GEOMETRIC_REPRESENTATION_CONTEXT(2) 
PARAMETRIC_REPRESENTATION_CONTEXT() REPRESENTATION_CONTEXT('2D SPACE',''
  ) );
#2738 = PCURVE('',#2739,#2744);
#2739 = PLANE('',#2740);
#2740 = AXIS2_PLACEMENT_3D('',#2741,#2742,#2743);
#2741 = CARTESIAN_POINT('',(0.,0.,1.246095592609E+03));
#2742 = DIRECTION('',(0.,0.,1.));
#2743 = DIRECTION('',(1.,0.,-0.));
#2744 = DEFINITIONAL_REPRESENTATION('',(#2745),#2749);
#2745 = CIRCLE('',#2746,3.1);
#2746 = AXIS2_PLACEMENT_2D('',#2747,#2748);
#2747 = CARTESIAN_POINT('',(0.,0.));
#2748 = DIRECTION('',(1.,0.));
#2749 = ( GEOMETRIC_REPRESENTATION_CONTEXT(2) 
PARAMETRIC_REPRESENTATION_CONTEXT() REPRESENTATION_CONTEXT('2D SPACE',''
  ) );
#2750 = ORIENTED_EDGE('',*,*,#2751,.F.);
#2751 = EDGE_CURVE('',#2752,#2718,#2754,.T.);
#2752 = VERTEX_POINT('',#2753);
#2753 = CARTESIAN_POINT('',(3.1,-7.592810154714E-16,0.));
#2754 = SEAM_CURVE('',#2755,(#2759,#2766),.PCURVE_S1.);
#2755 = LINE('',#2756,#2757);
#2756 = CARTESIAN_POINT('',(3.1,-7.592810154714E-16,0.));
#2757 = VECTOR('',#2758,1.);
#2758 = DIRECTION('',(0.,0.,1.));
#2759 = PCURVE('',#2727,#2760);
#2760 = DEFINITIONAL_REPRESENTATION('',(#2761),#2765);
#2761 = LINE('',#2762,#2763);
#2762 = CARTESIAN_POINT('',(6.28318530718,-0.));
#2763 = VECTOR('',#2764,1.);
#2764 = DIRECTION('',(0.,1.));
#2765 = ( GEOMETRIC_REPRESENTATION_CONTEXT(2) 
PARAMETRIC_REPRESENTATION_CONTEXT() REPRESENTATION_CONTEXT('2D SPACE',''
  ) );
#2766 = PCURVE('',#2727,#2767);
#2767 = DEFINITIONAL_REPRESENTATION('',(#2768),#2772);
#2768 = LINE('',#2769,#2770);
#2769 = CARTESIAN_POINT('',(0.,-0.));
#2770 = VECTOR('',#2771,1.);
#2771 = DIRECTION('',(0.,1.));
#2772 = ( GEOMETRIC_REPRESENTATION_CONTEXT(2) 
PARAMETRIC_REPRESENTATION_CONTEXT() REPRESENTATION_CONTEXT('2D SPACE',''
  ) );
#2773 = ORIENTED_EDGE('',*,*,#2774,.T.);
#2774 = EDGE_CURVE('',#2752,#2752,#2775,.T.);
#2775 = SURFACE_CURVE('',#2776,(#2781,#2788),.PCURVE_S1.);
#2776 = CIRCLE('',#2777,3.1);
#2777 = AXIS2_PLACEMENT_3D('',#2778,#2779,#2780);
#2778 = CARTESIAN_POINT('',(0.,0.,0.));
#2779 = DIRECTION('',(0.,0.,1.));
#2780 = DIRECTION('',(1.,0.,-0.));
#2781 = PCURVE('',#2727,#2782);
#2782 = DEFINITIONAL_REPRESENTATION('',(#2783),#2787);
#2783 = LINE('',#2784,#2785);
#2784 = CARTESIAN_POINT('',(0.,0.));
#2785 = VECTOR('',#2786,1.);
#2786 = DIRECTION('',(1.,0.));
#2787 = ( GEOMETRIC_REPRESENTATION_CONTEXT(2) 
PARAMETRIC_REPRESENTATION_CONTEXT() REPRESENTATION_CONTEXT('2D SPACE',''
  ) );
#2788 = PCURVE('',#2789,#2794);
#2789 = PLANE('',#2790);
#2790 = AXIS2_PLACEMENT_3D('',#2791,#2792,#2793);
#2791 = CARTESIAN_POINT('',(0.,0.,0.));
#2792 = DIRECTION('',(0.,0.,1.));
#2793 = DIRECTION('',(1.,0.,-0.));
#2794 = DEFINITIONAL_REPRESENTATION('',(#2795),#2799);
#2795 = CIRCLE('',#2796,3.1);
#2796 = AXIS2_PLACEMENT_2D('',#2797,#2798);
#2797 = CARTESIAN_POINT('',(0.,0.));
#2798 = DIRECTION('',(1.,0.));
#2799 = ( GEOMETRIC_REPRESENTATION_CONTEXT(2) 
PARAMETRIC_REPRESENTATION_CONTEXT() REPRESENTATION_CONTEXT('2D SPACE',''
  ) );
#2800 = ORIENTED_EDGE('',*,*,#2751,.T.);
#2801 = ADVANCED_FACE('',(#2802),#2739,.T.);
#2802 = FACE_BOUND('',#2803,.T.);
#2803 = EDGE_LOOP('',(#2804));
#2804 = ORIENTED_EDGE('',*,*,#2717,.T.);
#2805 = ADVANCED_FACE('',(#2806),#2789,.F.);
#2806 = FACE_BOUND('',#2807,.T.);
#2807 = EDGE_LOOP('',(#2808));
#2808 = ORIENTED_EDGE('',*,*,#2774,.F.);
#2809 = ( GEOMETRIC_REPRESENTATION_CONTEXT(3) 
GLOBAL_UNCERTAINTY_ASSIGNED_CONTEXT((#2813)) 
GLOBAL_UNIT_ASSIGNED_CONTEXT((#2810,#2811,#2812)) REPRESENTATION_CONTEXT
('Context #1','3D Context with UNIT and UNCERTAINTY') );
#2810 = ( LENGTH_UNIT() NAMED_UNIT(*) SI_UNIT(.MILLI.,.METRE.) );
#2811 = ( NAMED_UNIT(*) PLANE_ANGLE_UNIT() SI_UNIT($,.RADIAN.) );
#2812 = ( NAMED_UNIT(*) SI_UNIT($,.STERADIAN.) SOLID_ANGLE_UNIT() );
#2813 = UNCERTAINTY_MEASURE_WITH_UNIT(LENGTH_MEASURE(1.E-07),#2810,
  'distance_accuracy_value','confusion accuracy');
#2814 = CONTEXT_DEPENDENT_SHAPE_REPRESENTATION(#2815,#2817);
#2815 = ( REPRESENTATION_RELATIONSHIP('','',#2710,#2687) 
REPRESENTATION_RELATIONSHIP_WITH_TRANSFORMATION(#2816) 
SHAPE_REPRESENTATION_RELATIONSHIP() );
#2816 = ITEM_DEFINED_TRANSFORMATION('','',#11,#2688);
#2817 = PRODUCT_DEFINITION_SHAPE('Placement','Placement of an item',
  #2818);
#2818 = NEXT_ASSEMBLY_USAGE_OCCURRENCE('33','=>[0:1:1:35]','',#2682,
  #2705,$);
#2819 = PRODUCT_RELATED_PRODUCT_CATEGORY('part',$,(#2707));
#2820 = SHAPE_DEFINITION_REPRESENTATION(#2821,#2827);
#2821 = PRODUCT_DEFINITION_SHAPE('','',#2822);
#2822 = PRODUCT_DEFINITION('design','',#2823,#2826);
#2823 = PRODUCT_DEFINITION_FORMATION('','',#2824);
#2824 = PRODUCT('external_regen_cooling_channel_12',
  'external_regen_cooling_channel_12','',(#2825));
#2825 = PRODUCT_CONTEXT('',#2,'mechanical');
#2826 = PRODUCT_DEFINITION_CONTEXT('part definition',#2,'design');
#2827 = SHAPE_REPRESENTATION('',(#11,#2828),#2832);
#2828 = AXIS2_PLACEMENT_3D('',#2829,#2830,#2831);
#2829 = CARTESIAN_POINT('',(0.,0.,-623.0477963047));
#2830 = DIRECTION('',(0.,0.,1.));
#2831 = DIRECTION('',(1.,0.,0.));
#2832 = ( GEOMETRIC_REPRESENTATION_CONTEXT(3) 
GLOBAL_UNCERTAINTY_ASSIGNED_CONTEXT((#2836)) 
GLOBAL_UNIT_ASSIGNED_CONTEXT((#2833,#2834,#2835)) REPRESENTATION_CONTEXT
('Context #1','3D Context with UNIT and UNCERTAINTY') );
#2833 = ( LENGTH_UNIT() NAMED_UNIT(*) SI_UNIT(.MILLI.,.METRE.) );
#2834 = ( NAMED_UNIT(*) PLANE_ANGLE_UNIT() SI_UNIT($,.RADIAN.) );
#2835 = ( NAMED_UNIT(*) SI_UNIT($,.STERADIAN.) SOLID_ANGLE_UNIT() );
#2836 = UNCERTAINTY_MEASURE_WITH_UNIT(LENGTH_MEASURE(1.E-07),#2833,
  'distance_accuracy_value','confusion accuracy');
#2837 = CONTEXT_DEPENDENT_SHAPE_REPRESENTATION(#2838,#2840);
#2838 = ( REPRESENTATION_RELATIONSHIP('','',#2827,#10) 
REPRESENTATION_RELATIONSHIP_WITH_TRANSFORMATION(#2839) 
SHAPE_REPRESENTATION_RELATIONSHIP() );
#2839 = ITEM_DEFINED_TRANSFORMATION('','',#11,#83);
#2840 = PRODUCT_DEFINITION_SHAPE('Placement','Placement of an item',
  #2841);
#2841 = NEXT_ASSEMBLY_USAGE_OCCURRENCE('36','=>[0:1:1:36]','',#5,#2822,$
  );
#2842 = PRODUCT_RELATED_PRODUCT_CATEGORY('part',$,(#2824));
#2843 = SHAPE_DEFINITION_REPRESENTATION(#2844,#2850);
#2844 = PRODUCT_DEFINITION_SHAPE('','',#2845);
#2845 = PRODUCT_DEFINITION('design','',#2846,#2849);
#2846 = PRODUCT_DEFINITION_FORMATION('','',#2847);
#2847 = PRODUCT('SOLID','SOLID','',(#2848));
#2848 = PRODUCT_CONTEXT('',#2,'mechanical');
#2849 = PRODUCT_DEFINITION_CONTEXT('part definition',#2,'design');
#2850 = ADVANCED_BREP_SHAPE_REPRESENTATION('',(#11,#2851),#2949);
#2851 = MANIFOLD_SOLID_BREP('',#2852);
#2852 = CLOSED_SHELL('',(#2853,#2941,#2945));
#2853 = ADVANCED_FACE('',(#2854),#2867,.T.);
#2854 = FACE_BOUND('',#2855,.T.);
#2855 = EDGE_LOOP('',(#2856,#2890,#2913,#2940));
#2856 = ORIENTED_EDGE('',*,*,#2857,.F.);
#2857 = EDGE_CURVE('',#2858,#2858,#2860,.T.);
#2858 = VERTEX_POINT('',#2859);
#2859 = CARTESIAN_POINT('',(3.1,-7.592810154714E-16,1.246095592609E+03)
  );
#2860 = SURFACE_CURVE('',#2861,(#2866,#2878),.PCURVE_S1.);
#2861 = CIRCLE('',#2862,3.1);
#2862 = AXIS2_PLACEMENT_3D('',#2863,#2864,#2865);
#2863 = CARTESIAN_POINT('',(0.,0.,1.246095592609E+03));
#2864 = DIRECTION('',(0.,0.,1.));
#2865 = DIRECTION('',(1.,0.,-0.));
#2866 = PCURVE('',#2867,#2872);
#2867 = CYLINDRICAL_SURFACE('',#2868,3.1);
#2868 = AXIS2_PLACEMENT_3D('',#2869,#2870,#2871);
#2869 = CARTESIAN_POINT('',(0.,0.,0.));
#2870 = DIRECTION('',(0.,0.,1.));
#2871 = DIRECTION('',(1.,0.,-0.));
#2872 = DEFINITIONAL_REPRESENTATION('',(#2873),#2877);
#2873 = LINE('',#2874,#2875);
#2874 = CARTESIAN_POINT('',(0.,1.246095592609E+03));
#2875 = VECTOR('',#2876,1.);
#2876 = DIRECTION('',(1.,0.));
#2877 = ( GEOMETRIC_REPRESENTATION_CONTEXT(2) 
PARAMETRIC_REPRESENTATION_CONTEXT() REPRESENTATION_CONTEXT('2D SPACE',''
  ) );
#2878 = PCURVE('',#2879,#2884);
#2879 = PLANE('',#2880);
#2880 = AXIS2_PLACEMENT_3D('',#2881,#2882,#2883);
#2881 = CARTESIAN_POINT('',(0.,0.,1.246095592609E+03));
#2882 = DIRECTION('',(0.,0.,1.));
#2883 = DIRECTION('',(1.,0.,-0.));
#2884 = DEFINITIONAL_REPRESENTATION('',(#2885),#2889);
#2885 = CIRCLE('',#2886,3.1);
#2886 = AXIS2_PLACEMENT_2D('',#2887,#2888);
#2887 = CARTESIAN_POINT('',(0.,0.));
#2888 = DIRECTION('',(1.,0.));
#2889 = ( GEOMETRIC_REPRESENTATION_CONTEXT(2) 
PARAMETRIC_REPRESENTATION_CONTEXT() REPRESENTATION_CONTEXT('2D SPACE',''
  ) );
#2890 = ORIENTED_EDGE('',*,*,#2891,.F.);
#2891 = EDGE_CURVE('',#2892,#2858,#2894,.T.);
#2892 = VERTEX_POINT('',#2893);
#2893 = CARTESIAN_POINT('',(3.1,-7.592810154714E-16,0.));
#2894 = SEAM_CURVE('',#2895,(#2899,#2906),.PCURVE_S1.);
#2895 = LINE('',#2896,#2897);
#2896 = CARTESIAN_POINT('',(3.1,-7.592810154714E-16,0.));
#2897 = VECTOR('',#2898,1.);
#2898 = DIRECTION('',(0.,0.,1.));
#2899 = PCURVE('',#2867,#2900);
#2900 = DEFINITIONAL_REPRESENTATION('',(#2901),#2905);
#2901 = LINE('',#2902,#2903);
#2902 = CARTESIAN_POINT('',(6.28318530718,-0.));
#2903 = VECTOR('',#2904,1.);
#2904 = DIRECTION('',(0.,1.));
#2905 = ( GEOMETRIC_REPRESENTATION_CONTEXT(2) 
PARAMETRIC_REPRESENTATION_CONTEXT() REPRESENTATION_CONTEXT('2D SPACE',''
  ) );
#2906 = PCURVE('',#2867,#2907);
#2907 = DEFINITIONAL_REPRESENTATION('',(#2908),#2912);
#2908 = LINE('',#2909,#2910);
#2909 = CARTESIAN_POINT('',(0.,-0.));
#2910 = VECTOR('',#2911,1.);
#2911 = DIRECTION('',(0.,1.));
#2912 = ( GEOMETRIC_REPRESENTATION_CONTEXT(2) 
PARAMETRIC_REPRESENTATION_CONTEXT() REPRESENTATION_CONTEXT('2D SPACE',''
  ) );
#2913 = ORIENTED_EDGE('',*,*,#2914,.T.);
#2914 = EDGE_CURVE('',#2892,#2892,#2915,.T.);
#2915 = SURFACE_CURVE('',#2916,(#2921,#2928),.PCURVE_S1.);
#2916 = CIRCLE('',#2917,3.1);
#2917 = AXIS2_PLACEMENT_3D('',#2918,#2919,#2920);
#2918 = CARTESIAN_POINT('',(0.,0.,0.));
#2919 = DIRECTION('',(0.,0.,1.));
#2920 = DIRECTION('',(1.,0.,-0.));
#2921 = PCURVE('',#2867,#2922);
#2922 = DEFINITIONAL_REPRESENTATION('',(#2923),#2927);
#2923 = LINE('',#2924,#2925);
#2924 = CARTESIAN_POINT('',(0.,0.));
#2925 = VECTOR('',#2926,1.);
#2926 = DIRECTION('',(1.,0.));
#2927 = ( GEOMETRIC_REPRESENTATION_CONTEXT(2) 
PARAMETRIC_REPRESENTATION_CONTEXT() REPRESENTATION_CONTEXT('2D SPACE',''
  ) );
#2928 = PCURVE('',#2929,#2934);
#2929 = PLANE('',#2930);
#2930 = AXIS2_PLACEMENT_3D('',#2931,#2932,#2933);
#2931 = CARTESIAN_POINT('',(0.,0.,0.));
#2932 = DIRECTION('',(0.,0.,1.));
#2933 = DIRECTION('',(1.,0.,-0.));
#2934 = DEFINITIONAL_REPRESENTATION('',(#2935),#2939);
#2935 = CIRCLE('',#2936,3.1);
#2936 = AXIS2_PLACEMENT_2D('',#2937,#2938);
#2937 = CARTESIAN_POINT('',(0.,0.));
#2938 = DIRECTION('',(1.,0.));
#2939 = ( GEOMETRIC_REPRESENTATION_CONTEXT(2) 
PARAMETRIC_REPRESENTATION_CONTEXT() REPRESENTATION_CONTEXT('2D SPACE',''
  ) );
#2940 = ORIENTED_EDGE('',*,*,#2891,.T.);
#2941 = ADVANCED_FACE('',(#2942),#2879,.T.);
#2942 = FACE_BOUND('',#2943,.T.);
#2943 = EDGE_LOOP('',(#2944));
#2944 = ORIENTED_EDGE('',*,*,#2857,.T.);
#2945 = ADVANCED_FACE('',(#2946),#2929,.F.);
#2946 = FACE_BOUND('',#2947,.T.);
#2947 = EDGE_LOOP('',(#2948));
#2948 = ORIENTED_EDGE('',*,*,#2914,.F.);
#2949 = ( GEOMETRIC_REPRESENTATION_CONTEXT(3) 
GLOBAL_UNCERTAINTY_ASSIGNED_CONTEXT((#2953)) 
GLOBAL_UNIT_ASSIGNED_CONTEXT((#2950,#2951,#2952)) REPRESENTATION_CONTEXT
('Context #1','3D Context with UNIT and UNCERTAINTY') );
#2950 = ( LENGTH_UNIT() NAMED_UNIT(*) SI_UNIT(.MILLI.,.METRE.) );
#2951 = ( NAMED_UNIT(*) PLANE_ANGLE_UNIT() SI_UNIT($,.RADIAN.) );
#2952 = ( NAMED_UNIT(*) SI_UNIT($,.STERADIAN.) SOLID_ANGLE_UNIT() );
#2953 = UNCERTAINTY_MEASURE_WITH_UNIT(LENGTH_MEASURE(1.E-07),#2950,
  'distance_accuracy_value','confusion accuracy');
#2954 = CONTEXT_DEPENDENT_SHAPE_REPRESENTATION(#2955,#2957);
#2955 = ( REPRESENTATION_RELATIONSHIP('','',#2850,#2827) 
REPRESENTATION_RELATIONSHIP_WITH_TRANSFORMATION(#2956) 
SHAPE_REPRESENTATION_RELATIONSHIP() );
#2956 = ITEM_DEFINED_TRANSFORMATION('','',#11,#2828);
#2957 = PRODUCT_DEFINITION_SHAPE('Placement','Placement of an item',
  #2958);
#2958 = NEXT_ASSEMBLY_USAGE_OCCURRENCE('35','=>[0:1:1:37]','',#2822,
  #2845,$);
#2959 = PRODUCT_RELATED_PRODUCT_CATEGORY('part',$,(#2847));
#2960 = SHAPE_DEFINITION_REPRESENTATION(#2961,#2967);
#2961 = PRODUCT_DEFINITION_SHAPE('','',#2962);
#2962 = PRODUCT_DEFINITION('design','',#2963,#2966);
#2963 = PRODUCT_DEFINITION_FORMATION('','',#2964);
#2964 = PRODUCT('external_regen_cooling_channel_13',
  'external_regen_cooling_channel_13','',(#2965));
#2965 = PRODUCT_CONTEXT('',#2,'mechanical');
#2966 = PRODUCT_DEFINITION_CONTEXT('part definition',#2,'design');
#2967 = SHAPE_REPRESENTATION('',(#11,#2968),#2972);
#2968 = AXIS2_PLACEMENT_3D('',#2969,#2970,#2971);
#2969 = CARTESIAN_POINT('',(0.,0.,-623.0477963047));
#2970 = DIRECTION('',(0.,0.,1.));
#2971 = DIRECTION('',(1.,0.,0.));
#2972 = ( GEOMETRIC_REPRESENTATION_CONTEXT(3) 
GLOBAL_UNCERTAINTY_ASSIGNED_CONTEXT((#2976)) 
GLOBAL_UNIT_ASSIGNED_CONTEXT((#2973,#2974,#2975)) REPRESENTATION_CONTEXT
('Context #1','3D Context with UNIT and UNCERTAINTY') );
#2973 = ( LENGTH_UNIT() NAMED_UNIT(*) SI_UNIT(.MILLI.,.METRE.) );
#2974 = ( NAMED_UNIT(*) PLANE_ANGLE_UNIT() SI_UNIT($,.RADIAN.) );
#2975 = ( NAMED_UNIT(*) SI_UNIT($,.STERADIAN.) SOLID_ANGLE_UNIT() );
#2976 = UNCERTAINTY_MEASURE_WITH_UNIT(LENGTH_MEASURE(1.E-07),#2973,
  'distance_accuracy_value','confusion accuracy');
#2977 = CONTEXT_DEPENDENT_SHAPE_REPRESENTATION(#2978,#2980);
#2978 = ( REPRESENTATION_RELATIONSHIP('','',#2967,#10) 
REPRESENTATION_RELATIONSHIP_WITH_TRANSFORMATION(#2979) 
SHAPE_REPRESENTATION_RELATIONSHIP() );
#2979 = ITEM_DEFINED_TRANSFORMATION('','',#11,#87);
#2980 = PRODUCT_DEFINITION_SHAPE('Placement','Placement of an item',
  #2981);
#2981 = NEXT_ASSEMBLY_USAGE_OCCURRENCE('38','=>[0:1:1:38]','',#5,#2962,$
  );
#2982 = PRODUCT_RELATED_PRODUCT_CATEGORY('part',$,(#2964));
#2983 = SHAPE_DEFINITION_REPRESENTATION(#2984,#2990);
#2984 = PRODUCT_DEFINITION_SHAPE('','',#2985);
#2985 = PRODUCT_DEFINITION('design','',#2986,#2989);
#2986 = PRODUCT_DEFINITION_FORMATION('','',#2987);
#2987 = PRODUCT('SOLID','SOLID','',(#2988));
#2988 = PRODUCT_CONTEXT('',#2,'mechanical');
#2989 = PRODUCT_DEFINITION_CONTEXT('part definition',#2,'design');
#2990 = ADVANCED_BREP_SHAPE_REPRESENTATION('',(#11,#2991),#3089);
#2991 = MANIFOLD_SOLID_BREP('',#2992);
#2992 = CLOSED_SHELL('',(#2993,#3081,#3085));
#2993 = ADVANCED_FACE('',(#2994),#3007,.T.);
#2994 = FACE_BOUND('',#2995,.T.);
#2995 = EDGE_LOOP('',(#2996,#3030,#3053,#3080));
#2996 = ORIENTED_EDGE('',*,*,#2997,.F.);
#2997 = EDGE_CURVE('',#2998,#2998,#3000,.T.);
#2998 = VERTEX_POINT('',#2999);
#2999 = CARTESIAN_POINT('',(3.1,-7.592810154714E-16,1.246095592609E+03)
  );
#3000 = SURFACE_CURVE('',#3001,(#3006,#3018),.PCURVE_S1.);
#3001 = CIRCLE('',#3002,3.1);
#3002 = AXIS2_PLACEMENT_3D('',#3003,#3004,#3005);
#3003 = CARTESIAN_POINT('',(0.,0.,1.246095592609E+03));
#3004 = DIRECTION('',(0.,0.,1.));
#3005 = DIRECTION('',(1.,0.,-0.));
#3006 = PCURVE('',#3007,#3012);
#3007 = CYLINDRICAL_SURFACE('',#3008,3.1);
#3008 = AXIS2_PLACEMENT_3D('',#3009,#3010,#3011);
#3009 = CARTESIAN_POINT('',(0.,0.,0.));
#3010 = DIRECTION('',(0.,0.,1.));
#3011 = DIRECTION('',(1.,0.,-0.));
#3012 = DEFINITIONAL_REPRESENTATION('',(#3013),#3017);
#3013 = LINE('',#3014,#3015);
#3014 = CARTESIAN_POINT('',(0.,1.246095592609E+03));
#3015 = VECTOR('',#3016,1.);
#3016 = DIRECTION('',(1.,0.));
#3017 = ( GEOMETRIC_REPRESENTATION_CONTEXT(2) 
PARAMETRIC_REPRESENTATION_CONTEXT() REPRESENTATION_CONTEXT('2D SPACE',''
  ) );
#3018 = PCURVE('',#3019,#3024);
#3019 = PLANE('',#3020);
#3020 = AXIS2_PLACEMENT_3D('',#3021,#3022,#3023);
#3021 = CARTESIAN_POINT('',(0.,0.,1.246095592609E+03));
#3022 = DIRECTION('',(0.,0.,1.));
#3023 = DIRECTION('',(1.,0.,-0.));
#3024 = DEFINITIONAL_REPRESENTATION('',(#3025),#3029);
#3025 = CIRCLE('',#3026,3.1);
#3026 = AXIS2_PLACEMENT_2D('',#3027,#3028);
#3027 = CARTESIAN_POINT('',(0.,0.));
#3028 = DIRECTION('',(1.,0.));
#3029 = ( GEOMETRIC_REPRESENTATION_CONTEXT(2) 
PARAMETRIC_REPRESENTATION_CONTEXT() REPRESENTATION_CONTEXT('2D SPACE',''
  ) );
#3030 = ORIENTED_EDGE('',*,*,#3031,.F.);
#3031 = EDGE_CURVE('',#3032,#2998,#3034,.T.);
#3032 = VERTEX_POINT('',#3033);
#3033 = CARTESIAN_POINT('',(3.1,-7.592810154714E-16,0.));
#3034 = SEAM_CURVE('',#3035,(#3039,#3046),.PCURVE_S1.);
#3035 = LINE('',#3036,#3037);
#3036 = CARTESIAN_POINT('',(3.1,-7.592810154714E-16,0.));
#3037 = VECTOR('',#3038,1.);
#3038 = DIRECTION('',(0.,0.,1.));
#3039 = PCURVE('',#3007,#3040);
#3040 = DEFINITIONAL_REPRESENTATION('',(#3041),#3045);
#3041 = LINE('',#3042,#3043);
#3042 = CARTESIAN_POINT('',(6.28318530718,-0.));
#3043 = VECTOR('',#3044,1.);
#3044 = DIRECTION('',(0.,1.));
#3045 = ( GEOMETRIC_REPRESENTATION_CONTEXT(2) 
PARAMETRIC_REPRESENTATION_CONTEXT() REPRESENTATION_CONTEXT('2D SPACE',''
  ) );
#3046 = PCURVE('',#3007,#3047);
#3047 = DEFINITIONAL_REPRESENTATION('',(#3048),#3052);
#3048 = LINE('',#3049,#3050);
#3049 = CARTESIAN_POINT('',(0.,-0.));
#3050 = VECTOR('',#3051,1.);
#3051 = DIRECTION('',(0.,1.));
#3052 = ( GEOMETRIC_REPRESENTATION_CONTEXT(2) 
PARAMETRIC_REPRESENTATION_CONTEXT() REPRESENTATION_CONTEXT('2D SPACE',''
  ) );
#3053 = ORIENTED_EDGE('',*,*,#3054,.T.);
#3054 = EDGE_CURVE('',#3032,#3032,#3055,.T.);
#3055 = SURFACE_CURVE('',#3056,(#3061,#3068),.PCURVE_S1.);
#3056 = CIRCLE('',#3057,3.1);
#3057 = AXIS2_PLACEMENT_3D('',#3058,#3059,#3060);
#3058 = CARTESIAN_POINT('',(0.,0.,0.));
#3059 = DIRECTION('',(0.,0.,1.));
#3060 = DIRECTION('',(1.,0.,-0.));
#3061 = PCURVE('',#3007,#3062);
#3062 = DEFINITIONAL_REPRESENTATION('',(#3063),#3067);
#3063 = LINE('',#3064,#3065);
#3064 = CARTESIAN_POINT('',(0.,0.));
#3065 = VECTOR('',#3066,1.);
#3066 = DIRECTION('',(1.,0.));
#3067 = ( GEOMETRIC_REPRESENTATION_CONTEXT(2) 
PARAMETRIC_REPRESENTATION_CONTEXT() REPRESENTATION_CONTEXT('2D SPACE',''
  ) );
#3068 = PCURVE('',#3069,#3074);
#3069 = PLANE('',#3070);
#3070 = AXIS2_PLACEMENT_3D('',#3071,#3072,#3073);
#3071 = CARTESIAN_POINT('',(0.,0.,0.));
#3072 = DIRECTION('',(0.,0.,1.));
#3073 = DIRECTION('',(1.,0.,-0.));
#3074 = DEFINITIONAL_REPRESENTATION('',(#3075),#3079);
#3075 = CIRCLE('',#3076,3.1);
#3076 = AXIS2_PLACEMENT_2D('',#3077,#3078);
#3077 = CARTESIAN_POINT('',(0.,0.));
#3078 = DIRECTION('',(1.,0.));
#3079 = ( GEOMETRIC_REPRESENTATION_CONTEXT(2) 
PARAMETRIC_REPRESENTATION_CONTEXT() REPRESENTATION_CONTEXT('2D SPACE',''
  ) );
#3080 = ORIENTED_EDGE('',*,*,#3031,.T.);
#3081 = ADVANCED_FACE('',(#3082),#3019,.T.);
#3082 = FACE_BOUND('',#3083,.T.);
#3083 = EDGE_LOOP('',(#3084));
#3084 = ORIENTED_EDGE('',*,*,#2997,.T.);
#3085 = ADVANCED_FACE('',(#3086),#3069,.F.);
#3086 = FACE_BOUND('',#3087,.T.);
#3087 = EDGE_LOOP('',(#3088));
#3088 = ORIENTED_EDGE('',*,*,#3054,.F.);
#3089 = ( GEOMETRIC_REPRESENTATION_CONTEXT(3) 
GLOBAL_UNCERTAINTY_ASSIGNED_CONTEXT((#3093)) 
GLOBAL_UNIT_ASSIGNED_CONTEXT((#3090,#3091,#3092)) REPRESENTATION_CONTEXT
('Context #1','3D Context with UNIT and UNCERTAINTY') );
#3090 = ( LENGTH_UNIT() NAMED_UNIT(*) SI_UNIT(.MILLI.,.METRE.) );
#3091 = ( NAMED_UNIT(*) PLANE_ANGLE_UNIT() SI_UNIT($,.RADIAN.) );
#3092 = ( NAMED_UNIT(*) SI_UNIT($,.STERADIAN.) SOLID_ANGLE_UNIT() );
#3093 = UNCERTAINTY_MEASURE_WITH_UNIT(LENGTH_MEASURE(1.E-07),#3090,
  'distance_accuracy_value','confusion accuracy');
#3094 = CONTEXT_DEPENDENT_SHAPE_REPRESENTATION(#3095,#3097);
#3095 = ( REPRESENTATION_RELATIONSHIP('','',#2990,#2967) 
REPRESENTATION_RELATIONSHIP_WITH_TRANSFORMATION(#3096) 
SHAPE_REPRESENTATION_RELATIONSHIP() );
#3096 = ITEM_DEFINED_TRANSFORMATION('','',#11,#2968);
#3097 = PRODUCT_DEFINITION_SHAPE('Placement','Placement of an item',
  #3098);
#3098 = NEXT_ASSEMBLY_USAGE_OCCURRENCE('37','=>[0:1:1:39]','',#2962,
  #2985,$);
#3099 = PRODUCT_RELATED_PRODUCT_CATEGORY('part',$,(#2987));
#3100 = SHAPE_DEFINITION_REPRESENTATION(#3101,#3107);
#3101 = PRODUCT_DEFINITION_SHAPE('','',#3102);
#3102 = PRODUCT_DEFINITION('design','',#3103,#3106);
#3103 = PRODUCT_DEFINITION_FORMATION('','',#3104);
#3104 = PRODUCT('external_regen_cooling_channel_14',
  'external_regen_cooling_channel_14','',(#3105));
#3105 = PRODUCT_CONTEXT('',#2,'mechanical');
#3106 = PRODUCT_DEFINITION_CONTEXT('part definition',#2,'design');
#3107 = SHAPE_REPRESENTATION('',(#11,#3108),#3112);
#3108 = AXIS2_PLACEMENT_3D('',#3109,#3110,#3111);
#3109 = CARTESIAN_POINT('',(0.,0.,-623.0477963047));
#3110 = DIRECTION('',(0.,0.,1.));
#3111 = DIRECTION('',(1.,0.,0.));
#3112 = ( GEOMETRIC_REPRESENTATION_CONTEXT(3) 
GLOBAL_UNCERTAINTY_ASSIGNED_CONTEXT((#3116)) 
GLOBAL_UNIT_ASSIGNED_CONTEXT((#3113,#3114,#3115)) REPRESENTATION_CONTEXT
('Context #1','3D Context with UNIT and UNCERTAINTY') );
#3113 = ( LENGTH_UNIT() NAMED_UNIT(*) SI_UNIT(.MILLI.,.METRE.) );
#3114 = ( NAMED_UNIT(*) PLANE_ANGLE_UNIT() SI_UNIT($,.RADIAN.) );
#3115 = ( NAMED_UNIT(*) SI_UNIT($,.STERADIAN.) SOLID_ANGLE_UNIT() );
#3116 = UNCERTAINTY_MEASURE_WITH_UNIT(LENGTH_MEASURE(1.E-07),#3113,
  'distance_accuracy_value','confusion accuracy');
#3117 = CONTEXT_DEPENDENT_SHAPE_REPRESENTATION(#3118,#3120);
#3118 = ( REPRESENTATION_RELATIONSHIP('','',#3107,#10) 
REPRESENTATION_RELATIONSHIP_WITH_TRANSFORMATION(#3119) 
SHAPE_REPRESENTATION_RELATIONSHIP() );
#3119 = ITEM_DEFINED_TRANSFORMATION('','',#11,#91);
#3120 = PRODUCT_DEFINITION_SHAPE('Placement','Placement of an item',
  #3121);
#3121 = NEXT_ASSEMBLY_USAGE_OCCURRENCE('40','=>[0:1:1:40]','',#5,#3102,$
  );
#3122 = PRODUCT_RELATED_PRODUCT_CATEGORY('part',$,(#3104));
#3123 = SHAPE_DEFINITION_REPRESENTATION(#3124,#3130);
#3124 = PRODUCT_DEFINITION_SHAPE('','',#3125);
#3125 = PRODUCT_DEFINITION('design','',#3126,#3129);
#3126 = PRODUCT_DEFINITION_FORMATION('','',#3127);
#3127 = PRODUCT('SOLID','SOLID','',(#3128));
#3128 = PRODUCT_CONTEXT('',#2,'mechanical');
#3129 = PRODUCT_DEFINITION_CONTEXT('part definition',#2,'design');
#3130 = ADVANCED_BREP_SHAPE_REPRESENTATION('',(#11,#3131),#3229);
#3131 = MANIFOLD_SOLID_BREP('',#3132);
#3132 = CLOSED_SHELL('',(#3133,#3221,#3225));
#3133 = ADVANCED_FACE('',(#3134),#3147,.T.);
#3134 = FACE_BOUND('',#3135,.T.);
#3135 = EDGE_LOOP('',(#3136,#3170,#3193,#3220));
#3136 = ORIENTED_EDGE('',*,*,#3137,.F.);
#3137 = EDGE_CURVE('',#3138,#3138,#3140,.T.);
#3138 = VERTEX_POINT('',#3139);
#3139 = CARTESIAN_POINT('',(3.1,-7.592810154714E-16,1.246095592609E+03)
  );
#3140 = SURFACE_CURVE('',#3141,(#3146,#3158),.PCURVE_S1.);
#3141 = CIRCLE('',#3142,3.1);
#3142 = AXIS2_PLACEMENT_3D('',#3143,#3144,#3145);
#3143 = CARTESIAN_POINT('',(0.,0.,1.246095592609E+03));
#3144 = DIRECTION('',(0.,0.,1.));
#3145 = DIRECTION('',(1.,0.,-0.));
#3146 = PCURVE('',#3147,#3152);
#3147 = CYLINDRICAL_SURFACE('',#3148,3.1);
#3148 = AXIS2_PLACEMENT_3D('',#3149,#3150,#3151);
#3149 = CARTESIAN_POINT('',(0.,0.,0.));
#3150 = DIRECTION('',(0.,0.,1.));
#3151 = DIRECTION('',(1.,0.,-0.));
#3152 = DEFINITIONAL_REPRESENTATION('',(#3153),#3157);
#3153 = LINE('',#3154,#3155);
#3154 = CARTESIAN_POINT('',(0.,1.246095592609E+03));
#3155 = VECTOR('',#3156,1.);
#3156 = DIRECTION('',(1.,0.));
#3157 = ( GEOMETRIC_REPRESENTATION_CONTEXT(2) 
PARAMETRIC_REPRESENTATION_CONTEXT() REPRESENTATION_CONTEXT('2D SPACE',''
  ) );
#3158 = PCURVE('',#3159,#3164);
#3159 = PLANE('',#3160);
#3160 = AXIS2_PLACEMENT_3D('',#3161,#3162,#3163);
#3161 = CARTESIAN_POINT('',(0.,0.,1.246095592609E+03));
#3162 = DIRECTION('',(0.,0.,1.));
#3163 = DIRECTION('',(1.,0.,-0.));
#3164 = DEFINITIONAL_REPRESENTATION('',(#3165),#3169);
#3165 = CIRCLE('',#3166,3.1);
#3166 = AXIS2_PLACEMENT_2D('',#3167,#3168);
#3167 = CARTESIAN_POINT('',(0.,0.));
#3168 = DIRECTION('',(1.,0.));
#3169 = ( GEOMETRIC_REPRESENTATION_CONTEXT(2) 
PARAMETRIC_REPRESENTATION_CONTEXT() REPRESENTATION_CONTEXT('2D SPACE',''
  ) );
#3170 = ORIENTED_EDGE('',*,*,#3171,.F.);
#3171 = EDGE_CURVE('',#3172,#3138,#3174,.T.);
#3172 = VERTEX_POINT('',#3173);
#3173 = CARTESIAN_POINT('',(3.1,-7.592810154714E-16,0.));
#3174 = SEAM_CURVE('',#3175,(#3179,#3186),.PCURVE_S1.);
#3175 = LINE('',#3176,#3177);
#3176 = CARTESIAN_POINT('',(3.1,-7.592810154714E-16,0.));
#3177 = VECTOR('',#3178,1.);
#3178 = DIRECTION('',(0.,0.,1.));
#3179 = PCURVE('',#3147,#3180);
#3180 = DEFINITIONAL_REPRESENTATION('',(#3181),#3185);
#3181 = LINE('',#3182,#3183);
#3182 = CARTESIAN_POINT('',(6.28318530718,-0.));
#3183 = VECTOR('',#3184,1.);
#3184 = DIRECTION('',(0.,1.));
#3185 = ( GEOMETRIC_REPRESENTATION_CONTEXT(2) 
PARAMETRIC_REPRESENTATION_CONTEXT() REPRESENTATION_CONTEXT('2D SPACE',''
  ) );
#3186 = PCURVE('',#3147,#3187);
#3187 = DEFINITIONAL_REPRESENTATION('',(#3188),#3192);
#3188 = LINE('',#3189,#3190);
#3189 = CARTESIAN_POINT('',(0.,-0.));
#3190 = VECTOR('',#3191,1.);
#3191 = DIRECTION('',(0.,1.));
#3192 = ( GEOMETRIC_REPRESENTATION_CONTEXT(2) 
PARAMETRIC_REPRESENTATION_CONTEXT() REPRESENTATION_CONTEXT('2D SPACE',''
  ) );
#3193 = ORIENTED_EDGE('',*,*,#3194,.T.);
#3194 = EDGE_CURVE('',#3172,#3172,#3195,.T.);
#3195 = SURFACE_CURVE('',#3196,(#3201,#3208),.PCURVE_S1.);
#3196 = CIRCLE('',#3197,3.1);
#3197 = AXIS2_PLACEMENT_3D('',#3198,#3199,#3200);
#3198 = CARTESIAN_POINT('',(0.,0.,0.));
#3199 = DIRECTION('',(0.,0.,1.));
#3200 = DIRECTION('',(1.,0.,-0.));
#3201 = PCURVE('',#3147,#3202);
#3202 = DEFINITIONAL_REPRESENTATION('',(#3203),#3207);
#3203 = LINE('',#3204,#3205);
#3204 = CARTESIAN_POINT('',(0.,0.));
#3205 = VECTOR('',#3206,1.);
#3206 = DIRECTION('',(1.,0.));
#3207 = ( GEOMETRIC_REPRESENTATION_CONTEXT(2) 
PARAMETRIC_REPRESENTATION_CONTEXT() REPRESENTATION_CONTEXT('2D SPACE',''
  ) );
#3208 = PCURVE('',#3209,#3214);
#3209 = PLANE('',#3210);
#3210 = AXIS2_PLACEMENT_3D('',#3211,#3212,#3213);
#3211 = CARTESIAN_POINT('',(0.,0.,0.));
#3212 = DIRECTION('',(0.,0.,1.));
#3213 = DIRECTION('',(1.,0.,-0.));
#3214 = DEFINITIONAL_REPRESENTATION('',(#3215),#3219);
#3215 = CIRCLE('',#3216,3.1);
#3216 = AXIS2_PLACEMENT_2D('',#3217,#3218);
#3217 = CARTESIAN_POINT('',(0.,0.));
#3218 = DIRECTION('',(1.,0.));
#3219 = ( GEOMETRIC_REPRESENTATION_CONTEXT(2) 
PARAMETRIC_REPRESENTATION_CONTEXT() REPRESENTATION_CONTEXT('2D SPACE',''
  ) );
#3220 = ORIENTED_EDGE('',*,*,#3171,.T.);
#3221 = ADVANCED_FACE('',(#3222),#3159,.T.);
#3222 = FACE_BOUND('',#3223,.T.);
#3223 = EDGE_LOOP('',(#3224));
#3224 = ORIENTED_EDGE('',*,*,#3137,.T.);
#3225 = ADVANCED_FACE('',(#3226),#3209,.F.);
#3226 = FACE_BOUND('',#3227,.T.);
#3227 = EDGE_LOOP('',(#3228));
#3228 = ORIENTED_EDGE('',*,*,#3194,.F.);
#3229 = ( GEOMETRIC_REPRESENTATION_CONTEXT(3) 
GLOBAL_UNCERTAINTY_ASSIGNED_CONTEXT((#3233)) 
GLOBAL_UNIT_ASSIGNED_CONTEXT((#3230,#3231,#3232)) REPRESENTATION_CONTEXT
('Context #1','3D Context with UNIT and UNCERTAINTY') );
#3230 = ( LENGTH_UNIT() NAMED_UNIT(*) SI_UNIT(.MILLI.,.METRE.) );
#3231 = ( NAMED_UNIT(*) PLANE_ANGLE_UNIT() SI_UNIT($,.RADIAN.) );
#3232 = ( NAMED_UNIT(*) SI_UNIT($,.STERADIAN.) SOLID_ANGLE_UNIT() );
#3233 = UNCERTAINTY_MEASURE_WITH_UNIT(LENGTH_MEASURE(1.E-07),#3230,
  'distance_accuracy_value','confusion accuracy');
#3234 = CONTEXT_DEPENDENT_SHAPE_REPRESENTATION(#3235,#3237);
#3235 = ( REPRESENTATION_RELATIONSHIP('','',#3130,#3107) 
REPRESENTATION_RELATIONSHIP_WITH_TRANSFORMATION(#3236) 
SHAPE_REPRESENTATION_RELATIONSHIP() );
#3236 = ITEM_DEFINED_TRANSFORMATION('','',#11,#3108);
#3237 = PRODUCT_DEFINITION_SHAPE('Placement','Placement of an item',
  #3238);
#3238 = NEXT_ASSEMBLY_USAGE_OCCURRENCE('39','=>[0:1:1:41]','',#3102,
  #3125,$);
#3239 = PRODUCT_RELATED_PRODUCT_CATEGORY('part',$,(#3127));
#3240 = SHAPE_DEFINITION_REPRESENTATION(#3241,#3247);
#3241 = PRODUCT_DEFINITION_SHAPE('','',#3242);
#3242 = PRODUCT_DEFINITION('design','',#3243,#3246);
#3243 = PRODUCT_DEFINITION_FORMATION('','',#3244);
#3244 = PRODUCT('external_regen_cooling_channel_15',
  'external_regen_cooling_channel_15','',(#3245));
#3245 = PRODUCT_CONTEXT('',#2,'mechanical');
#3246 = PRODUCT_DEFINITION_CONTEXT('part definition',#2,'design');
#3247 = SHAPE_REPRESENTATION('',(#11,#3248),#3252);
#3248 = AXIS2_PLACEMENT_3D('',#3249,#3250,#3251);
#3249 = CARTESIAN_POINT('',(0.,0.,-623.0477963047));
#3250 = DIRECTION('',(0.,0.,1.));
#3251 = DIRECTION('',(1.,0.,0.));
#3252 = ( GEOMETRIC_REPRESENTATION_CONTEXT(3) 
GLOBAL_UNCERTAINTY_ASSIGNED_CONTEXT((#3256)) 
GLOBAL_UNIT_ASSIGNED_CONTEXT((#3253,#3254,#3255)) REPRESENTATION_CONTEXT
('Context #1','3D Context with UNIT and UNCERTAINTY') );
#3253 = ( LENGTH_UNIT() NAMED_UNIT(*) SI_UNIT(.MILLI.,.METRE.) );
#3254 = ( NAMED_UNIT(*) PLANE_ANGLE_UNIT() SI_UNIT($,.RADIAN.) );
#3255 = ( NAMED_UNIT(*) SI_UNIT($,.STERADIAN.) SOLID_ANGLE_UNIT() );
#3256 = UNCERTAINTY_MEASURE_WITH_UNIT(LENGTH_MEASURE(1.E-07),#3253,
  'distance_accuracy_value','confusion accuracy');
#3257 = CONTEXT_DEPENDENT_SHAPE_REPRESENTATION(#3258,#3260);
#3258 = ( REPRESENTATION_RELATIONSHIP('','',#3247,#10) 
REPRESENTATION_RELATIONSHIP_WITH_TRANSFORMATION(#3259) 
SHAPE_REPRESENTATION_RELATIONSHIP() );
#3259 = ITEM_DEFINED_TRANSFORMATION('','',#11,#95);
#3260 = PRODUCT_DEFINITION_SHAPE('Placement','Placement of an item',
  #3261);
#3261 = NEXT_ASSEMBLY_USAGE_OCCURRENCE('42','=>[0:1:1:42]','',#5,#3242,$
  );
#3262 = PRODUCT_RELATED_PRODUCT_CATEGORY('part',$,(#3244));
#3263 = SHAPE_DEFINITION_REPRESENTATION(#3264,#3270);
#3264 = PRODUCT_DEFINITION_SHAPE('','',#3265);
#3265 = PRODUCT_DEFINITION('design','',#3266,#3269);
#3266 = PRODUCT_DEFINITION_FORMATION('','',#3267);
#3267 = PRODUCT('SOLID','SOLID','',(#3268));
#3268 = PRODUCT_CONTEXT('',#2,'mechanical');
#3269 = PRODUCT_DEFINITION_CONTEXT('part definition',#2,'design');
#3270 = ADVANCED_BREP_SHAPE_REPRESENTATION('',(#11,#3271),#3369);
#3271 = MANIFOLD_SOLID_BREP('',#3272);
#3272 = CLOSED_SHELL('',(#3273,#3361,#3365));
#3273 = ADVANCED_FACE('',(#3274),#3287,.T.);
#3274 = FACE_BOUND('',#3275,.T.);
#3275 = EDGE_LOOP('',(#3276,#3310,#3333,#3360));
#3276 = ORIENTED_EDGE('',*,*,#3277,.F.);
#3277 = EDGE_CURVE('',#3278,#3278,#3280,.T.);
#3278 = VERTEX_POINT('',#3279);
#3279 = CARTESIAN_POINT('',(3.1,-7.592810154714E-16,1.246095592609E+03)
  );
#3280 = SURFACE_CURVE('',#3281,(#3286,#3298),.PCURVE_S1.);
#3281 = CIRCLE('',#3282,3.1);
#3282 = AXIS2_PLACEMENT_3D('',#3283,#3284,#3285);
#3283 = CARTESIAN_POINT('',(0.,0.,1.246095592609E+03));
#3284 = DIRECTION('',(0.,0.,1.));
#3285 = DIRECTION('',(1.,0.,-0.));
#3286 = PCURVE('',#3287,#3292);
#3287 = CYLINDRICAL_SURFACE('',#3288,3.1);
#3288 = AXIS2_PLACEMENT_3D('',#3289,#3290,#3291);
#3289 = CARTESIAN_POINT('',(0.,0.,0.));
#3290 = DIRECTION('',(0.,0.,1.));
#3291 = DIRECTION('',(1.,0.,-0.));
#3292 = DEFINITIONAL_REPRESENTATION('',(#3293),#3297);
#3293 = LINE('',#3294,#3295);
#3294 = CARTESIAN_POINT('',(0.,1.246095592609E+03));
#3295 = VECTOR('',#3296,1.);
#3296 = DIRECTION('',(1.,0.));
#3297 = ( GEOMETRIC_REPRESENTATION_CONTEXT(2) 
PARAMETRIC_REPRESENTATION_CONTEXT() REPRESENTATION_CONTEXT('2D SPACE',''
  ) );
#3298 = PCURVE('',#3299,#3304);
#3299 = PLANE('',#3300);
#3300 = AXIS2_PLACEMENT_3D('',#3301,#3302,#3303);
#3301 = CARTESIAN_POINT('',(0.,0.,1.246095592609E+03));
#3302 = DIRECTION('',(0.,0.,1.));
#3303 = DIRECTION('',(1.,0.,-0.));
#3304 = DEFINITIONAL_REPRESENTATION('',(#3305),#3309);
#3305 = CIRCLE('',#3306,3.1);
#3306 = AXIS2_PLACEMENT_2D('',#3307,#3308);
#3307 = CARTESIAN_POINT('',(0.,0.));
#3308 = DIRECTION('',(1.,0.));
#3309 = ( GEOMETRIC_REPRESENTATION_CONTEXT(2) 
PARAMETRIC_REPRESENTATION_CONTEXT() REPRESENTATION_CONTEXT('2D SPACE',''
  ) );
#3310 = ORIENTED_EDGE('',*,*,#3311,.F.);
#3311 = EDGE_CURVE('',#3312,#3278,#3314,.T.);
#3312 = VERTEX_POINT('',#3313);
#3313 = CARTESIAN_POINT('',(3.1,-7.592810154714E-16,0.));
#3314 = SEAM_CURVE('',#3315,(#3319,#3326),.PCURVE_S1.);
#3315 = LINE('',#3316,#3317);
#3316 = CARTESIAN_POINT('',(3.1,-7.592810154714E-16,0.));
#3317 = VECTOR('',#3318,1.);
#3318 = DIRECTION('',(0.,0.,1.));
#3319 = PCURVE('',#3287,#3320);
#3320 = DEFINITIONAL_REPRESENTATION('',(#3321),#3325);
#3321 = LINE('',#3322,#3323);
#3322 = CARTESIAN_POINT('',(6.28318530718,-0.));
#3323 = VECTOR('',#3324,1.);
#3324 = DIRECTION('',(0.,1.));
#3325 = ( GEOMETRIC_REPRESENTATION_CONTEXT(2) 
PARAMETRIC_REPRESENTATION_CONTEXT() REPRESENTATION_CONTEXT('2D SPACE',''
  ) );
#3326 = PCURVE('',#3287,#3327);
#3327 = DEFINITIONAL_REPRESENTATION('',(#3328),#3332);
#3328 = LINE('',#3329,#3330);
#3329 = CARTESIAN_POINT('',(0.,-0.));
#3330 = VECTOR('',#3331,1.);
#3331 = DIRECTION('',(0.,1.));
#3332 = ( GEOMETRIC_REPRESENTATION_CONTEXT(2) 
PARAMETRIC_REPRESENTATION_CONTEXT() REPRESENTATION_CONTEXT('2D SPACE',''
  ) );
#3333 = ORIENTED_EDGE('',*,*,#3334,.T.);
#3334 = EDGE_CURVE('',#3312,#3312,#3335,.T.);
#3335 = SURFACE_CURVE('',#3336,(#3341,#3348),.PCURVE_S1.);
#3336 = CIRCLE('',#3337,3.1);
#3337 = AXIS2_PLACEMENT_3D('',#3338,#3339,#3340);
#3338 = CARTESIAN_POINT('',(0.,0.,0.));
#3339 = DIRECTION('',(0.,0.,1.));
#3340 = DIRECTION('',(1.,0.,-0.));
#3341 = PCURVE('',#3287,#3342);
#3342 = DEFINITIONAL_REPRESENTATION('',(#3343),#3347);
#3343 = LINE('',#3344,#3345);
#3344 = CARTESIAN_POINT('',(0.,0.));
#3345 = VECTOR('',#3346,1.);
#3346 = DIRECTION('',(1.,0.));
#3347 = ( GEOMETRIC_REPRESENTATION_CONTEXT(2) 
PARAMETRIC_REPRESENTATION_CONTEXT() REPRESENTATION_CONTEXT('2D SPACE',''
  ) );
#3348 = PCURVE('',#3349,#3354);
#3349 = PLANE('',#3350);
#3350 = AXIS2_PLACEMENT_3D('',#3351,#3352,#3353);
#3351 = CARTESIAN_POINT('',(0.,0.,0.));
#3352 = DIRECTION('',(0.,0.,1.));
#3353 = DIRECTION('',(1.,0.,-0.));
#3354 = DEFINITIONAL_REPRESENTATION('',(#3355),#3359);
#3355 = CIRCLE('',#3356,3.1);
#3356 = AXIS2_PLACEMENT_2D('',#3357,#3358);
#3357 = CARTESIAN_POINT('',(0.,0.));
#3358 = DIRECTION('',(1.,0.));
#3359 = ( GEOMETRIC_REPRESENTATION_CONTEXT(2) 
PARAMETRIC_REPRESENTATION_CONTEXT() REPRESENTATION_CONTEXT('2D SPACE',''
  ) );
#3360 = ORIENTED_EDGE('',*,*,#3311,.T.);
#3361 = ADVANCED_FACE('',(#3362),#3299,.T.);
#3362 = FACE_BOUND('',#3363,.T.);
#3363 = EDGE_LOOP('',(#3364));
#3364 = ORIENTED_EDGE('',*,*,#3277,.T.);
#3365 = ADVANCED_FACE('',(#3366),#3349,.F.);
#3366 = FACE_BOUND('',#3367,.T.);
#3367 = EDGE_LOOP('',(#3368));
#3368 = ORIENTED_EDGE('',*,*,#3334,.F.);
#3369 = ( GEOMETRIC_REPRESENTATION_CONTEXT(3) 
GLOBAL_UNCERTAINTY_ASSIGNED_CONTEXT((#3373)) 
GLOBAL_UNIT_ASSIGNED_CONTEXT((#3370,#3371,#3372)) REPRESENTATION_CONTEXT
('Context #1','3D Context with UNIT and UNCERTAINTY') );
#3370 = ( LENGTH_UNIT() NAMED_UNIT(*) SI_UNIT(.MILLI.,.METRE.) );
#3371 = ( NAMED_UNIT(*) PLANE_ANGLE_UNIT() SI_UNIT($,.RADIAN.) );
#3372 = ( NAMED_UNIT(*) SI_UNIT($,.STERADIAN.) SOLID_ANGLE_UNIT() );
#3373 = UNCERTAINTY_MEASURE_WITH_UNIT(LENGTH_MEASURE(1.E-07),#3370,
  'distance_accuracy_value','confusion accuracy');
#3374 = CONTEXT_DEPENDENT_SHAPE_REPRESENTATION(#3375,#3377);
#3375 = ( REPRESENTATION_RELATIONSHIP('','',#3270,#3247) 
REPRESENTATION_RELATIONSHIP_WITH_TRANSFORMATION(#3376) 
SHAPE_REPRESENTATION_RELATIONSHIP() );
#3376 = ITEM_DEFINED_TRANSFORMATION('','',#11,#3248);
#3377 = PRODUCT_DEFINITION_SHAPE('Placement','Placement of an item',
  #3378);
#3378 = NEXT_ASSEMBLY_USAGE_OCCURRENCE('41','=>[0:1:1:43]','',#3242,
  #3265,$);
#3379 = PRODUCT_RELATED_PRODUCT_CATEGORY('part',$,(#3267));
#3380 = SHAPE_DEFINITION_REPRESENTATION(#3381,#3387);
#3381 = PRODUCT_DEFINITION_SHAPE('','',#3382);
#3382 = PRODUCT_DEFINITION('design','',#3383,#3386);
#3383 = PRODUCT_DEFINITION_FORMATION('','',#3384);
#3384 = PRODUCT('external_regen_cooling_channel_16',
  'external_regen_cooling_channel_16','',(#3385));
#3385 = PRODUCT_CONTEXT('',#2,'mechanical');
#3386 = PRODUCT_DEFINITION_CONTEXT('part definition',#2,'design');
#3387 = SHAPE_REPRESENTATION('',(#11,#3388),#3392);
#3388 = AXIS2_PLACEMENT_3D('',#3389,#3390,#3391);
#3389 = CARTESIAN_POINT('',(0.,0.,-623.0477963047));
#3390 = DIRECTION('',(0.,0.,1.));
#3391 = DIRECTION('',(1.,0.,0.));
#3392 = ( GEOMETRIC_REPRESENTATION_CONTEXT(3) 
GLOBAL_UNCERTAINTY_ASSIGNED_CONTEXT((#3396)) 
GLOBAL_UNIT_ASSIGNED_CONTEXT((#3393,#3394,#3395)) REPRESENTATION_CONTEXT
('Context #1','3D Context with UNIT and UNCERTAINTY') );
#3393 = ( LENGTH_UNIT() NAMED_UNIT(*) SI_UNIT(.MILLI.,.METRE.) );
#3394 = ( NAMED_UNIT(*) PLANE_ANGLE_UNIT() SI_UNIT($,.RADIAN.) );
#3395 = ( NAMED_UNIT(*) SI_UNIT($,.STERADIAN.) SOLID_ANGLE_UNIT() );
#3396 = UNCERTAINTY_MEASURE_WITH_UNIT(LENGTH_MEASURE(1.E-07),#3393,
  'distance_accuracy_value','confusion accuracy');
#3397 = CONTEXT_DEPENDENT_SHAPE_REPRESENTATION(#3398,#3400);
#3398 = ( REPRESENTATION_RELATIONSHIP('','',#3387,#10) 
REPRESENTATION_RELATIONSHIP_WITH_TRANSFORMATION(#3399) 
SHAPE_REPRESENTATION_RELATIONSHIP() );
#3399 = ITEM_DEFINED_TRANSFORMATION('','',#11,#99);
#3400 = PRODUCT_DEFINITION_SHAPE('Placement','Placement of an item',
  #3401);
#3401 = NEXT_ASSEMBLY_USAGE_OCCURRENCE('44','=>[0:1:1:44]','',#5,#3382,$
  );
#3402 = PRODUCT_RELATED_PRODUCT_CATEGORY('part',$,(#3384));
#3403 = SHAPE_DEFINITION_REPRESENTATION(#3404,#3410);
#3404 = PRODUCT_DEFINITION_SHAPE('','',#3405);
#3405 = PRODUCT_DEFINITION('design','',#3406,#3409);
#3406 = PRODUCT_DEFINITION_FORMATION('','',#3407);
#3407 = PRODUCT('SOLID','SOLID','',(#3408));
#3408 = PRODUCT_CONTEXT('',#2,'mechanical');
#3409 = PRODUCT_DEFINITION_CONTEXT('part definition',#2,'design');
#3410 = ADVANCED_BREP_SHAPE_REPRESENTATION('',(#11,#3411),#3509);
#3411 = MANIFOLD_SOLID_BREP('',#3412);
#3412 = CLOSED_SHELL('',(#3413,#3501,#3505));
#3413 = ADVANCED_FACE('',(#3414),#3427,.T.);
#3414 = FACE_BOUND('',#3415,.T.);
#3415 = EDGE_LOOP('',(#3416,#3450,#3473,#3500));
#3416 = ORIENTED_EDGE('',*,*,#3417,.F.);
#3417 = EDGE_CURVE('',#3418,#3418,#3420,.T.);
#3418 = VERTEX_POINT('',#3419);
#3419 = CARTESIAN_POINT('',(3.1,-7.592810154714E-16,1.246095592609E+03)
  );
#3420 = SURFACE_CURVE('',#3421,(#3426,#3438),.PCURVE_S1.);
#3421 = CIRCLE('',#3422,3.1);
#3422 = AXIS2_PLACEMENT_3D('',#3423,#3424,#3425);
#3423 = CARTESIAN_POINT('',(0.,0.,1.246095592609E+03));
#3424 = DIRECTION('',(0.,0.,1.));
#3425 = DIRECTION('',(1.,0.,-0.));
#3426 = PCURVE('',#3427,#3432);
#3427 = CYLINDRICAL_SURFACE('',#3428,3.1);
#3428 = AXIS2_PLACEMENT_3D('',#3429,#3430,#3431);
#3429 = CARTESIAN_POINT('',(0.,0.,0.));
#3430 = DIRECTION('',(0.,0.,1.));
#3431 = DIRECTION('',(1.,0.,-0.));
#3432 = DEFINITIONAL_REPRESENTATION('',(#3433),#3437);
#3433 = LINE('',#3434,#3435);
#3434 = CARTESIAN_POINT('',(0.,1.246095592609E+03));
#3435 = VECTOR('',#3436,1.);
#3436 = DIRECTION('',(1.,0.));
#3437 = ( GEOMETRIC_REPRESENTATION_CONTEXT(2) 
PARAMETRIC_REPRESENTATION_CONTEXT() REPRESENTATION_CONTEXT('2D SPACE',''
  ) );
#3438 = PCURVE('',#3439,#3444);
#3439 = PLANE('',#3440);
#3440 = AXIS2_PLACEMENT_3D('',#3441,#3442,#3443);
#3441 = CARTESIAN_POINT('',(0.,0.,1.246095592609E+03));
#3442 = DIRECTION('',(0.,0.,1.));
#3443 = DIRECTION('',(1.,0.,-0.));
#3444 = DEFINITIONAL_REPRESENTATION('',(#3445),#3449);
#3445 = CIRCLE('',#3446,3.1);
#3446 = AXIS2_PLACEMENT_2D('',#3447,#3448);
#3447 = CARTESIAN_POINT('',(0.,0.));
#3448 = DIRECTION('',(1.,0.));
#3449 = ( GEOMETRIC_REPRESENTATION_CONTEXT(2) 
PARAMETRIC_REPRESENTATION_CONTEXT() REPRESENTATION_CONTEXT('2D SPACE',''
  ) );
#3450 = ORIENTED_EDGE('',*,*,#3451,.F.);
#3451 = EDGE_CURVE('',#3452,#3418,#3454,.T.);
#3452 = VERTEX_POINT('',#3453);
#3453 = CARTESIAN_POINT('',(3.1,-7.592810154714E-16,0.));
#3454 = SEAM_CURVE('',#3455,(#3459,#3466),.PCURVE_S1.);
#3455 = LINE('',#3456,#3457);
#3456 = CARTESIAN_POINT('',(3.1,-7.592810154714E-16,0.));
#3457 = VECTOR('',#3458,1.);
#3458 = DIRECTION('',(0.,0.,1.));
#3459 = PCURVE('',#3427,#3460);
#3460 = DEFINITIONAL_REPRESENTATION('',(#3461),#3465);
#3461 = LINE('',#3462,#3463);
#3462 = CARTESIAN_POINT('',(6.28318530718,-0.));
#3463 = VECTOR('',#3464,1.);
#3464 = DIRECTION('',(0.,1.));
#3465 = ( GEOMETRIC_REPRESENTATION_CONTEXT(2) 
PARAMETRIC_REPRESENTATION_CONTEXT() REPRESENTATION_CONTEXT('2D SPACE',''
  ) );
#3466 = PCURVE('',#3427,#3467);
#3467 = DEFINITIONAL_REPRESENTATION('',(#3468),#3472);
#3468 = LINE('',#3469,#3470);
#3469 = CARTESIAN_POINT('',(0.,-0.));
#3470 = VECTOR('',#3471,1.);
#3471 = DIRECTION('',(0.,1.));
#3472 = ( GEOMETRIC_REPRESENTATION_CONTEXT(2) 
PARAMETRIC_REPRESENTATION_CONTEXT() REPRESENTATION_CONTEXT('2D SPACE',''
  ) );
#3473 = ORIENTED_EDGE('',*,*,#3474,.T.);
#3474 = EDGE_CURVE('',#3452,#3452,#3475,.T.);
#3475 = SURFACE_CURVE('',#3476,(#3481,#3488),.PCURVE_S1.);
#3476 = CIRCLE('',#3477,3.1);
#3477 = AXIS2_PLACEMENT_3D('',#3478,#3479,#3480);
#3478 = CARTESIAN_POINT('',(0.,0.,0.));
#3479 = DIRECTION('',(0.,0.,1.));
#3480 = DIRECTION('',(1.,0.,-0.));
#3481 = PCURVE('',#3427,#3482);
#3482 = DEFINITIONAL_REPRESENTATION('',(#3483),#3487);
#3483 = LINE('',#3484,#3485);
#3484 = CARTESIAN_POINT('',(0.,0.));
#3485 = VECTOR('',#3486,1.);
#3486 = DIRECTION('',(1.,0.));
#3487 = ( GEOMETRIC_REPRESENTATION_CONTEXT(2) 
PARAMETRIC_REPRESENTATION_CONTEXT() REPRESENTATION_CONTEXT('2D SPACE',''
  ) );
#3488 = PCURVE('',#3489,#3494);
#3489 = PLANE('',#3490);
#3490 = AXIS2_PLACEMENT_3D('',#3491,#3492,#3493);
#3491 = CARTESIAN_POINT('',(0.,0.,0.));
#3492 = DIRECTION('',(0.,0.,1.));
#3493 = DIRECTION('',(1.,0.,-0.));
#3494 = DEFINITIONAL_REPRESENTATION('',(#3495),#3499);
#3495 = CIRCLE('',#3496,3.1);
#3496 = AXIS2_PLACEMENT_2D('',#3497,#3498);
#3497 = CARTESIAN_POINT('',(0.,0.));
#3498 = DIRECTION('',(1.,0.));
#3499 = ( GEOMETRIC_REPRESENTATION_CONTEXT(2) 
PARAMETRIC_REPRESENTATION_CONTEXT() REPRESENTATION_CONTEXT('2D SPACE',''
  ) );
#3500 = ORIENTED_EDGE('',*,*,#3451,.T.);
#3501 = ADVANCED_FACE('',(#3502),#3439,.T.);
#3502 = FACE_BOUND('',#3503,.T.);
#3503 = EDGE_LOOP('',(#3504));
#3504 = ORIENTED_EDGE('',*,*,#3417,.T.);
#3505 = ADVANCED_FACE('',(#3506),#3489,.F.);
#3506 = FACE_BOUND('',#3507,.T.);
#3507 = EDGE_LOOP('',(#3508));
#3508 = ORIENTED_EDGE('',*,*,#3474,.F.);
#3509 = ( GEOMETRIC_REPRESENTATION_CONTEXT(3) 
GLOBAL_UNCERTAINTY_ASSIGNED_CONTEXT((#3513)) 
GLOBAL_UNIT_ASSIGNED_CONTEXT((#3510,#3511,#3512)) REPRESENTATION_CONTEXT
('Context #1','3D Context with UNIT and UNCERTAINTY') );
#3510 = ( LENGTH_UNIT() NAMED_UNIT(*) SI_UNIT(.MILLI.,.METRE.) );
#3511 = ( NAMED_UNIT(*) PLANE_ANGLE_UNIT() SI_UNIT($,.RADIAN.) );
#3512 = ( NAMED_UNIT(*) SI_UNIT($,.STERADIAN.) SOLID_ANGLE_UNIT() );
#3513 = UNCERTAINTY_MEASURE_WITH_UNIT(LENGTH_MEASURE(1.E-07),#3510,
  'distance_accuracy_value','confusion accuracy');
#3514 = CONTEXT_DEPENDENT_SHAPE_REPRESENTATION(#3515,#3517);
#3515 = ( REPRESENTATION_RELATIONSHIP('','',#3410,#3387) 
REPRESENTATION_RELATIONSHIP_WITH_TRANSFORMATION(#3516) 
SHAPE_REPRESENTATION_RELATIONSHIP() );
#3516 = ITEM_DEFINED_TRANSFORMATION('','',#11,#3388);
#3517 = PRODUCT_DEFINITION_SHAPE('Placement','Placement of an item',
  #3518);
#3518 = NEXT_ASSEMBLY_USAGE_OCCURRENCE('43','=>[0:1:1:45]','',#3382,
  #3405,$);
#3519 = PRODUCT_RELATED_PRODUCT_CATEGORY('part',$,(#3407));
#3520 = SHAPE_DEFINITION_REPRESENTATION(#3521,#3527);
#3521 = PRODUCT_DEFINITION_SHAPE('','',#3522);
#3522 = PRODUCT_DEFINITION('design','',#3523,#3526);
#3523 = PRODUCT_DEFINITION_FORMATION('','',#3524);
#3524 = PRODUCT('external_regen_cooling_channel_17',
  'external_regen_cooling_channel_17','',(#3525));
#3525 = PRODUCT_CONTEXT('',#2,'mechanical');
#3526 = PRODUCT_DEFINITION_CONTEXT('part definition',#2,'design');
#3527 = SHAPE_REPRESENTATION('',(#11,#3528),#3532);
#3528 = AXIS2_PLACEMENT_3D('',#3529,#3530,#3531);
#3529 = CARTESIAN_POINT('',(0.,0.,-623.0477963047));
#3530 = DIRECTION('',(0.,0.,1.));
#3531 = DIRECTION('',(1.,0.,0.));
#3532 = ( GEOMETRIC_REPRESENTATION_CONTEXT(3) 
GLOBAL_UNCERTAINTY_ASSIGNED_CONTEXT((#3536)) 
GLOBAL_UNIT_ASSIGNED_CONTEXT((#3533,#3534,#3535)) REPRESENTATION_CONTEXT
('Context #1','3D Context with UNIT and UNCERTAINTY') );
#3533 = ( LENGTH_UNIT() NAMED_UNIT(*) SI_UNIT(.MILLI.,.METRE.) );
#3534 = ( NAMED_UNIT(*) PLANE_ANGLE_UNIT() SI_UNIT($,.RADIAN.) );
#3535 = ( NAMED_UNIT(*) SI_UNIT($,.STERADIAN.) SOLID_ANGLE_UNIT() );
#3536 = UNCERTAINTY_MEASURE_WITH_UNIT(LENGTH_MEASURE(1.E-07),#3533,
  'distance_accuracy_value','confusion accuracy');
#3537 = CONTEXT_DEPENDENT_SHAPE_REPRESENTATION(#3538,#3540);
#3538 = ( REPRESENTATION_RELATIONSHIP('','',#3527,#10) 
REPRESENTATION_RELATIONSHIP_WITH_TRANSFORMATION(#3539) 
SHAPE_REPRESENTATION_RELATIONSHIP() );
#3539 = ITEM_DEFINED_TRANSFORMATION('','',#11,#103);
#3540 = PRODUCT_DEFINITION_SHAPE('Placement','Placement of an item',
  #3541);
#3541 = NEXT_ASSEMBLY_USAGE_OCCURRENCE('46','=>[0:1:1:46]','',#5,#3522,$
  );
#3542 = PRODUCT_RELATED_PRODUCT_CATEGORY('part',$,(#3524));
#3543 = SHAPE_DEFINITION_REPRESENTATION(#3544,#3550);
#3544 = PRODUCT_DEFINITION_SHAPE('','',#3545);
#3545 = PRODUCT_DEFINITION('design','',#3546,#3549);
#3546 = PRODUCT_DEFINITION_FORMATION('','',#3547);
#3547 = PRODUCT('SOLID','SOLID','',(#3548));
#3548 = PRODUCT_CONTEXT('',#2,'mechanical');
#3549 = PRODUCT_DEFINITION_CONTEXT('part definition',#2,'design');
#3550 = ADVANCED_BREP_SHAPE_REPRESENTATION('',(#11,#3551),#3649);
#3551 = MANIFOLD_SOLID_BREP('',#3552);
#3552 = CLOSED_SHELL('',(#3553,#3641,#3645));
#3553 = ADVANCED_FACE('',(#3554),#3567,.T.);
#3554 = FACE_BOUND('',#3555,.T.);
#3555 = EDGE_LOOP('',(#3556,#3590,#3613,#3640));
#3556 = ORIENTED_EDGE('',*,*,#3557,.F.);
#3557 = EDGE_CURVE('',#3558,#3558,#3560,.T.);
#3558 = VERTEX_POINT('',#3559);
#3559 = CARTESIAN_POINT('',(3.1,-7.592810154714E-16,1.246095592609E+03)
  );
#3560 = SURFACE_CURVE('',#3561,(#3566,#3578),.PCURVE_S1.);
#3561 = CIRCLE('',#3562,3.1);
#3562 = AXIS2_PLACEMENT_3D('',#3563,#3564,#3565);
#3563 = CARTESIAN_POINT('',(0.,0.,1.246095592609E+03));
#3564 = DIRECTION('',(0.,0.,1.));
#3565 = DIRECTION('',(1.,0.,-0.));
#3566 = PCURVE('',#3567,#3572);
#3567 = CYLINDRICAL_SURFACE('',#3568,3.1);
#3568 = AXIS2_PLACEMENT_3D('',#3569,#3570,#3571);
#3569 = CARTESIAN_POINT('',(0.,0.,0.));
#3570 = DIRECTION('',(0.,0.,1.));
#3571 = DIRECTION('',(1.,0.,-0.));
#3572 = DEFINITIONAL_REPRESENTATION('',(#3573),#3577);
#3573 = LINE('',#3574,#3575);
#3574 = CARTESIAN_POINT('',(0.,1.246095592609E+03));
#3575 = VECTOR('',#3576,1.);
#3576 = DIRECTION('',(1.,0.));
#3577 = ( GEOMETRIC_REPRESENTATION_CONTEXT(2) 
PARAMETRIC_REPRESENTATION_CONTEXT() REPRESENTATION_CONTEXT('2D SPACE',''
  ) );
#3578 = PCURVE('',#3579,#3584);
#3579 = PLANE('',#3580);
#3580 = AXIS2_PLACEMENT_3D('',#3581,#3582,#3583);
#3581 = CARTESIAN_POINT('',(0.,0.,1.246095592609E+03));
#3582 = DIRECTION('',(0.,0.,1.));
#3583 = DIRECTION('',(1.,0.,-0.));
#3584 = DEFINITIONAL_REPRESENTATION('',(#3585),#3589);
#3585 = CIRCLE('',#3586,3.1);
#3586 = AXIS2_PLACEMENT_2D('',#3587,#3588);
#3587 = CARTESIAN_POINT('',(0.,0.));
#3588 = DIRECTION('',(1.,0.));
#3589 = ( GEOMETRIC_REPRESENTATION_CONTEXT(2) 
PARAMETRIC_REPRESENTATION_CONTEXT() REPRESENTATION_CONTEXT('2D SPACE',''
  ) );
#3590 = ORIENTED_EDGE('',*,*,#3591,.F.);
#3591 = EDGE_CURVE('',#3592,#3558,#3594,.T.);
#3592 = VERTEX_POINT('',#3593);
#3593 = CARTESIAN_POINT('',(3.1,-7.592810154714E-16,0.));
#3594 = SEAM_CURVE('',#3595,(#3599,#3606),.PCURVE_S1.);
#3595 = LINE('',#3596,#3597);
#3596 = CARTESIAN_POINT('',(3.1,-7.592810154714E-16,0.));
#3597 = VECTOR('',#3598,1.);
#3598 = DIRECTION('',(0.,0.,1.));
#3599 = PCURVE('',#3567,#3600);
#3600 = DEFINITIONAL_REPRESENTATION('',(#3601),#3605);
#3601 = LINE('',#3602,#3603);
#3602 = CARTESIAN_POINT('',(6.28318530718,-0.));
#3603 = VECTOR('',#3604,1.);
#3604 = DIRECTION('',(0.,1.));
#3605 = ( GEOMETRIC_REPRESENTATION_CONTEXT(2) 
PARAMETRIC_REPRESENTATION_CONTEXT() REPRESENTATION_CONTEXT('2D SPACE',''
  ) );
#3606 = PCURVE('',#3567,#3607);
#3607 = DEFINITIONAL_REPRESENTATION('',(#3608),#3612);
#3608 = LINE('',#3609,#3610);
#3609 = CARTESIAN_POINT('',(0.,-0.));
#3610 = VECTOR('',#3611,1.);
#3611 = DIRECTION('',(0.,1.));
#3612 = ( GEOMETRIC_REPRESENTATION_CONTEXT(2) 
PARAMETRIC_REPRESENTATION_CONTEXT() REPRESENTATION_CONTEXT('2D SPACE',''
  ) );
#3613 = ORIENTED_EDGE('',*,*,#3614,.T.);
#3614 = EDGE_CURVE('',#3592,#3592,#3615,.T.);
#3615 = SURFACE_CURVE('',#3616,(#3621,#3628),.PCURVE_S1.);
#3616 = CIRCLE('',#3617,3.1);
#3617 = AXIS2_PLACEMENT_3D('',#3618,#3619,#3620);
#3618 = CARTESIAN_POINT('',(0.,0.,0.));
#3619 = DIRECTION('',(0.,0.,1.));
#3620 = DIRECTION('',(1.,0.,-0.));
#3621 = PCURVE('',#3567,#3622);
#3622 = DEFINITIONAL_REPRESENTATION('',(#3623),#3627);
#3623 = LINE('',#3624,#3625);
#3624 = CARTESIAN_POINT('',(0.,0.));
#3625 = VECTOR('',#3626,1.);
#3626 = DIRECTION('',(1.,0.));
#3627 = ( GEOMETRIC_REPRESENTATION_CONTEXT(2) 
PARAMETRIC_REPRESENTATION_CONTEXT() REPRESENTATION_CONTEXT('2D SPACE',''
  ) );
#3628 = PCURVE('',#3629,#3634);
#3629 = PLANE('',#3630);
#3630 = AXIS2_PLACEMENT_3D('',#3631,#3632,#3633);
#3631 = CARTESIAN_POINT('',(0.,0.,0.));
#3632 = DIRECTION('',(0.,0.,1.));
#3633 = DIRECTION('',(1.,0.,-0.));
#3634 = DEFINITIONAL_REPRESENTATION('',(#3635),#3639);
#3635 = CIRCLE('',#3636,3.1);
#3636 = AXIS2_PLACEMENT_2D('',#3637,#3638);
#3637 = CARTESIAN_POINT('',(0.,0.));
#3638 = DIRECTION('',(1.,0.));
#3639 = ( GEOMETRIC_REPRESENTATION_CONTEXT(2) 
PARAMETRIC_REPRESENTATION_CONTEXT() REPRESENTATION_CONTEXT('2D SPACE',''
  ) );
#3640 = ORIENTED_EDGE('',*,*,#3591,.T.);
#3641 = ADVANCED_FACE('',(#3642),#3579,.T.);
#3642 = FACE_BOUND('',#3643,.T.);
#3643 = EDGE_LOOP('',(#3644));
#3644 = ORIENTED_EDGE('',*,*,#3557,.T.);
#3645 = ADVANCED_FACE('',(#3646),#3629,.F.);
#3646 = FACE_BOUND('',#3647,.T.);
#3647 = EDGE_LOOP('',(#3648));
#3648 = ORIENTED_EDGE('',*,*,#3614,.F.);
#3649 = ( GEOMETRIC_REPRESENTATION_CONTEXT(3) 
GLOBAL_UNCERTAINTY_ASSIGNED_CONTEXT((#3653)) 
GLOBAL_UNIT_ASSIGNED_CONTEXT((#3650,#3651,#3652)) REPRESENTATION_CONTEXT
('Context #1','3D Context with UNIT and UNCERTAINTY') );
#3650 = ( LENGTH_UNIT() NAMED_UNIT(*) SI_UNIT(.MILLI.,.METRE.) );
#3651 = ( NAMED_UNIT(*) PLANE_ANGLE_UNIT() SI_UNIT($,.RADIAN.) );
#3652 = ( NAMED_UNIT(*) SI_UNIT($,.STERADIAN.) SOLID_ANGLE_UNIT() );
#3653 = UNCERTAINTY_MEASURE_WITH_UNIT(LENGTH_MEASURE(1.E-07),#3650,
  'distance_accuracy_value','confusion accuracy');
#3654 = CONTEXT_DEPENDENT_SHAPE_REPRESENTATION(#3655,#3657);
#3655 = ( REPRESENTATION_RELATIONSHIP('','',#3550,#3527) 
REPRESENTATION_RELATIONSHIP_WITH_TRANSFORMATION(#3656) 
SHAPE_REPRESENTATION_RELATIONSHIP() );
#3656 = ITEM_DEFINED_TRANSFORMATION('','',#11,#3528);
#3657 = PRODUCT_DEFINITION_SHAPE('Placement','Placement of an item',
  #3658);
#3658 = NEXT_ASSEMBLY_USAGE_OCCURRENCE('45','=>[0:1:1:47]','',#3522,
  #3545,$);
#3659 = PRODUCT_RELATED_PRODUCT_CATEGORY('part',$,(#3547));
#3660 = SHAPE_DEFINITION_REPRESENTATION(#3661,#3667);
#3661 = PRODUCT_DEFINITION_SHAPE('','',#3662);
#3662 = PRODUCT_DEFINITION('design','',#3663,#3666);
#3663 = PRODUCT_DEFINITION_FORMATION('','',#3664);
#3664 = PRODUCT('external_regen_cooling_channel_18',
  'external_regen_cooling_channel_18','',(#3665));
#3665 = PRODUCT_CONTEXT('',#2,'mechanical');
#3666 = PRODUCT_DEFINITION_CONTEXT('part definition',#2,'design');
#3667 = SHAPE_REPRESENTATION('',(#11,#3668),#3672);
#3668 = AXIS2_PLACEMENT_3D('',#3669,#3670,#3671);
#3669 = CARTESIAN_POINT('',(0.,0.,-623.0477963047));
#3670 = DIRECTION('',(0.,0.,1.));
#3671 = DIRECTION('',(1.,0.,0.));
#3672 = ( GEOMETRIC_REPRESENTATION_CONTEXT(3) 
GLOBAL_UNCERTAINTY_ASSIGNED_CONTEXT((#3676)) 
GLOBAL_UNIT_ASSIGNED_CONTEXT((#3673,#3674,#3675)) REPRESENTATION_CONTEXT
('Context #1','3D Context with UNIT and UNCERTAINTY') );
#3673 = ( LENGTH_UNIT() NAMED_UNIT(*) SI_UNIT(.MILLI.,.METRE.) );
#3674 = ( NAMED_UNIT(*) PLANE_ANGLE_UNIT() SI_UNIT($,.RADIAN.) );
#3675 = ( NAMED_UNIT(*) SI_UNIT($,.STERADIAN.) SOLID_ANGLE_UNIT() );
#3676 = UNCERTAINTY_MEASURE_WITH_UNIT(LENGTH_MEASURE(1.E-07),#3673,
  'distance_accuracy_value','confusion accuracy');
#3677 = CONTEXT_DEPENDENT_SHAPE_REPRESENTATION(#3678,#3680);
#3678 = ( REPRESENTATION_RELATIONSHIP('','',#3667,#10) 
REPRESENTATION_RELATIONSHIP_WITH_TRANSFORMATION(#3679) 
SHAPE_REPRESENTATION_RELATIONSHIP() );
#3679 = ITEM_DEFINED_TRANSFORMATION('','',#11,#107);
#3680 = PRODUCT_DEFINITION_SHAPE('Placement','Placement of an item',
  #3681);
#3681 = NEXT_ASSEMBLY_USAGE_OCCURRENCE('48','=>[0:1:1:48]','',#5,#3662,$
  );
#3682 = PRODUCT_RELATED_PRODUCT_CATEGORY('part',$,(#3664));
#3683 = SHAPE_DEFINITION_REPRESENTATION(#3684,#3690);
#3684 = PRODUCT_DEFINITION_SHAPE('','',#3685);
#3685 = PRODUCT_DEFINITION('design','',#3686,#3689);
#3686 = PRODUCT_DEFINITION_FORMATION('','',#3687);
#3687 = PRODUCT('SOLID','SOLID','',(#3688));
#3688 = PRODUCT_CONTEXT('',#2,'mechanical');
#3689 = PRODUCT_DEFINITION_CONTEXT('part definition',#2,'design');
#3690 = ADVANCED_BREP_SHAPE_REPRESENTATION('',(#11,#3691),#3789);
#3691 = MANIFOLD_SOLID_BREP('',#3692);
#3692 = CLOSED_SHELL('',(#3693,#3781,#3785));
#3693 = ADVANCED_FACE('',(#3694),#3707,.T.);
#3694 = FACE_BOUND('',#3695,.T.);
#3695 = EDGE_LOOP('',(#3696,#3730,#3753,#3780));
#3696 = ORIENTED_EDGE('',*,*,#3697,.F.);
#3697 = EDGE_CURVE('',#3698,#3698,#3700,.T.);
#3698 = VERTEX_POINT('',#3699);
#3699 = CARTESIAN_POINT('',(3.1,-7.592810154714E-16,1.246095592609E+03)
  );
#3700 = SURFACE_CURVE('',#3701,(#3706,#3718),.PCURVE_S1.);
#3701 = CIRCLE('',#3702,3.1);
#3702 = AXIS2_PLACEMENT_3D('',#3703,#3704,#3705);
#3703 = CARTESIAN_POINT('',(0.,0.,1.246095592609E+03));
#3704 = DIRECTION('',(0.,0.,1.));
#3705 = DIRECTION('',(1.,0.,-0.));
#3706 = PCURVE('',#3707,#3712);
#3707 = CYLINDRICAL_SURFACE('',#3708,3.1);
#3708 = AXIS2_PLACEMENT_3D('',#3709,#3710,#3711);
#3709 = CARTESIAN_POINT('',(0.,0.,0.));
#3710 = DIRECTION('',(0.,0.,1.));
#3711 = DIRECTION('',(1.,0.,-0.));
#3712 = DEFINITIONAL_REPRESENTATION('',(#3713),#3717);
#3713 = LINE('',#3714,#3715);
#3714 = CARTESIAN_POINT('',(0.,1.246095592609E+03));
#3715 = VECTOR('',#3716,1.);
#3716 = DIRECTION('',(1.,0.));
#3717 = ( GEOMETRIC_REPRESENTATION_CONTEXT(2) 
PARAMETRIC_REPRESENTATION_CONTEXT() REPRESENTATION_CONTEXT('2D SPACE',''
  ) );
#3718 = PCURVE('',#3719,#3724);
#3719 = PLANE('',#3720);
#3720 = AXIS2_PLACEMENT_3D('',#3721,#3722,#3723);
#3721 = CARTESIAN_POINT('',(0.,0.,1.246095592609E+03));
#3722 = DIRECTION('',(0.,0.,1.));
#3723 = DIRECTION('',(1.,0.,-0.));
#3724 = DEFINITIONAL_REPRESENTATION('',(#3725),#3729);
#3725 = CIRCLE('',#3726,3.1);
#3726 = AXIS2_PLACEMENT_2D('',#3727,#3728);
#3727 = CARTESIAN_POINT('',(0.,0.));
#3728 = DIRECTION('',(1.,0.));
#3729 = ( GEOMETRIC_REPRESENTATION_CONTEXT(2) 
PARAMETRIC_REPRESENTATION_CONTEXT() REPRESENTATION_CONTEXT('2D SPACE',''
  ) );
#3730 = ORIENTED_EDGE('',*,*,#3731,.F.);
#3731 = EDGE_CURVE('',#3732,#3698,#3734,.T.);
#3732 = VERTEX_POINT('',#3733);
#3733 = CARTESIAN_POINT('',(3.1,-7.592810154714E-16,0.));
#3734 = SEAM_CURVE('',#3735,(#3739,#3746),.PCURVE_S1.);
#3735 = LINE('',#3736,#3737);
#3736 = CARTESIAN_POINT('',(3.1,-7.592810154714E-16,0.));
#3737 = VECTOR('',#3738,1.);
#3738 = DIRECTION('',(0.,0.,1.));
#3739 = PCURVE('',#3707,#3740);
#3740 = DEFINITIONAL_REPRESENTATION('',(#3741),#3745);
#3741 = LINE('',#3742,#3743);
#3742 = CARTESIAN_POINT('',(6.28318530718,-0.));
#3743 = VECTOR('',#3744,1.);
#3744 = DIRECTION('',(0.,1.));
#3745 = ( GEOMETRIC_REPRESENTATION_CONTEXT(2) 
PARAMETRIC_REPRESENTATION_CONTEXT() REPRESENTATION_CONTEXT('2D SPACE',''
  ) );
#3746 = PCURVE('',#3707,#3747);
#3747 = DEFINITIONAL_REPRESENTATION('',(#3748),#3752);
#3748 = LINE('',#3749,#3750);
#3749 = CARTESIAN_POINT('',(0.,-0.));
#3750 = VECTOR('',#3751,1.);
#3751 = DIRECTION('',(0.,1.));
#3752 = ( GEOMETRIC_REPRESENTATION_CONTEXT(2) 
PARAMETRIC_REPRESENTATION_CONTEXT() REPRESENTATION_CONTEXT('2D SPACE',''
  ) );
#3753 = ORIENTED_EDGE('',*,*,#3754,.T.);
#3754 = EDGE_CURVE('',#3732,#3732,#3755,.T.);
#3755 = SURFACE_CURVE('',#3756,(#3761,#3768),.PCURVE_S1.);
#3756 = CIRCLE('',#3757,3.1);
#3757 = AXIS2_PLACEMENT_3D('',#3758,#3759,#3760);
#3758 = CARTESIAN_POINT('',(0.,0.,0.));
#3759 = DIRECTION('',(0.,0.,1.));
#3760 = DIRECTION('',(1.,0.,-0.));
#3761 = PCURVE('',#3707,#3762);
#3762 = DEFINITIONAL_REPRESENTATION('',(#3763),#3767);
#3763 = LINE('',#3764,#3765);
#3764 = CARTESIAN_POINT('',(0.,0.));
#3765 = VECTOR('',#3766,1.);
#3766 = DIRECTION('',(1.,0.));
#3767 = ( GEOMETRIC_REPRESENTATION_CONTEXT(2) 
PARAMETRIC_REPRESENTATION_CONTEXT() REPRESENTATION_CONTEXT('2D SPACE',''
  ) );
#3768 = PCURVE('',#3769,#3774);
#3769 = PLANE('',#3770);
#3770 = AXIS2_PLACEMENT_3D('',#3771,#3772,#3773);
#3771 = CARTESIAN_POINT('',(0.,0.,0.));
#3772 = DIRECTION('',(0.,0.,1.));
#3773 = DIRECTION('',(1.,0.,-0.));
#3774 = DEFINITIONAL_REPRESENTATION('',(#3775),#3779);
#3775 = CIRCLE('',#3776,3.1);
#3776 = AXIS2_PLACEMENT_2D('',#3777,#3778);
#3777 = CARTESIAN_POINT('',(0.,0.));
#3778 = DIRECTION('',(1.,0.));
#3779 = ( GEOMETRIC_REPRESENTATION_CONTEXT(2) 
PARAMETRIC_REPRESENTATION_CONTEXT() REPRESENTATION_CONTEXT('2D SPACE',''
  ) );
#3780 = ORIENTED_EDGE('',*,*,#3731,.T.);
#3781 = ADVANCED_FACE('',(#3782),#3719,.T.);
#3782 = FACE_BOUND('',#3783,.T.);
#3783 = EDGE_LOOP('',(#3784));
#3784 = ORIENTED_EDGE('',*,*,#3697,.T.);
#3785 = ADVANCED_FACE('',(#3786),#3769,.F.);
#3786 = FACE_BOUND('',#3787,.T.);
#3787 = EDGE_LOOP('',(#3788));
#3788 = ORIENTED_EDGE('',*,*,#3754,.F.);
#3789 = ( GEOMETRIC_REPRESENTATION_CONTEXT(3) 
GLOBAL_UNCERTAINTY_ASSIGNED_CONTEXT((#3793)) 
GLOBAL_UNIT_ASSIGNED_CONTEXT((#3790,#3791,#3792)) REPRESENTATION_CONTEXT
('Context #1','3D Context with UNIT and UNCERTAINTY') );
#3790 = ( LENGTH_UNIT() NAMED_UNIT(*) SI_UNIT(.MILLI.,.METRE.) );
#3791 = ( NAMED_UNIT(*) PLANE_ANGLE_UNIT() SI_UNIT($,.RADIAN.) );
#3792 = ( NAMED_UNIT(*) SI_UNIT($,.STERADIAN.) SOLID_ANGLE_UNIT() );
#3793 = UNCERTAINTY_MEASURE_WITH_UNIT(LENGTH_MEASURE(1.E-07),#3790,
  'distance_accuracy_value','confusion accuracy');
#3794 = CONTEXT_DEPENDENT_SHAPE_REPRESENTATION(#3795,#3797);
#3795 = ( REPRESENTATION_RELATIONSHIP('','',#3690,#3667) 
REPRESENTATION_RELATIONSHIP_WITH_TRANSFORMATION(#3796) 
SHAPE_REPRESENTATION_RELATIONSHIP() );
#3796 = ITEM_DEFINED_TRANSFORMATION('','',#11,#3668);
#3797 = PRODUCT_DEFINITION_SHAPE('Placement','Placement of an item',
  #3798);
#3798 = NEXT_ASSEMBLY_USAGE_OCCURRENCE('47','=>[0:1:1:49]','',#3662,
  #3685,$);
#3799 = PRODUCT_RELATED_PRODUCT_CATEGORY('part',$,(#3687));
#3800 = SHAPE_DEFINITION_REPRESENTATION(#3801,#3807);
#3801 = PRODUCT_DEFINITION_SHAPE('','',#3802);
#3802 = PRODUCT_DEFINITION('design','',#3803,#3806);
#3803 = PRODUCT_DEFINITION_FORMATION('','',#3804);
#3804 = PRODUCT('external_regen_cooling_channel_19',
  'external_regen_cooling_channel_19','',(#3805));
#3805 = PRODUCT_CONTEXT('',#2,'mechanical');
#3806 = PRODUCT_DEFINITION_CONTEXT('part definition',#2,'design');
#3807 = SHAPE_REPRESENTATION('',(#11,#3808),#3812);
#3808 = AXIS2_PLACEMENT_3D('',#3809,#3810,#3811);
#3809 = CARTESIAN_POINT('',(0.,0.,-623.0477963047));
#3810 = DIRECTION('',(0.,0.,1.));
#3811 = DIRECTION('',(1.,0.,0.));
#3812 = ( GEOMETRIC_REPRESENTATION_CONTEXT(3) 
GLOBAL_UNCERTAINTY_ASSIGNED_CONTEXT((#3816)) 
GLOBAL_UNIT_ASSIGNED_CONTEXT((#3813,#3814,#3815)) REPRESENTATION_CONTEXT
('Context #1','3D Context with UNIT and UNCERTAINTY') );
#3813 = ( LENGTH_UNIT() NAMED_UNIT(*) SI_UNIT(.MILLI.,.METRE.) );
#3814 = ( NAMED_UNIT(*) PLANE_ANGLE_UNIT() SI_UNIT($,.RADIAN.) );
#3815 = ( NAMED_UNIT(*) SI_UNIT($,.STERADIAN.) SOLID_ANGLE_UNIT() );
#3816 = UNCERTAINTY_MEASURE_WITH_UNIT(LENGTH_MEASURE(1.E-07),#3813,
  'distance_accuracy_value','confusion accuracy');
#3817 = CONTEXT_DEPENDENT_SHAPE_REPRESENTATION(#3818,#3820);
#3818 = ( REPRESENTATION_RELATIONSHIP('','',#3807,#10) 
REPRESENTATION_RELATIONSHIP_WITH_TRANSFORMATION(#3819) 
SHAPE_REPRESENTATION_RELATIONSHIP() );
#3819 = ITEM_DEFINED_TRANSFORMATION('','',#11,#111);
#3820 = PRODUCT_DEFINITION_SHAPE('Placement','Placement of an item',
  #3821);
#3821 = NEXT_ASSEMBLY_USAGE_OCCURRENCE('50','=>[0:1:1:50]','',#5,#3802,$
  );
#3822 = PRODUCT_RELATED_PRODUCT_CATEGORY('part',$,(#3804));
#3823 = SHAPE_DEFINITION_REPRESENTATION(#3824,#3830);
#3824 = PRODUCT_DEFINITION_SHAPE('','',#3825);
#3825 = PRODUCT_DEFINITION('design','',#3826,#3829);
#3826 = PRODUCT_DEFINITION_FORMATION('','',#3827);
#3827 = PRODUCT('SOLID','SOLID','',(#3828));
#3828 = PRODUCT_CONTEXT('',#2,'mechanical');
#3829 = PRODUCT_DEFINITION_CONTEXT('part definition',#2,'design');
#3830 = ADVANCED_BREP_SHAPE_REPRESENTATION('',(#11,#3831),#3929);
#3831 = MANIFOLD_SOLID_BREP('',#3832);
#3832 = CLOSED_SHELL('',(#3833,#3921,#3925));
#3833 = ADVANCED_FACE('',(#3834),#3847,.T.);
#3834 = FACE_BOUND('',#3835,.T.);
#3835 = EDGE_LOOP('',(#3836,#3870,#3893,#3920));
#3836 = ORIENTED_EDGE('',*,*,#3837,.F.);
#3837 = EDGE_CURVE('',#3838,#3838,#3840,.T.);
#3838 = VERTEX_POINT('',#3839);
#3839 = CARTESIAN_POINT('',(3.1,-7.592810154714E-16,1.246095592609E+03)
  );
#3840 = SURFACE_CURVE('',#3841,(#3846,#3858),.PCURVE_S1.);
#3841 = CIRCLE('',#3842,3.1);
#3842 = AXIS2_PLACEMENT_3D('',#3843,#3844,#3845);
#3843 = CARTESIAN_POINT('',(0.,0.,1.246095592609E+03));
#3844 = DIRECTION('',(0.,0.,1.));
#3845 = DIRECTION('',(1.,0.,-0.));
#3846 = PCURVE('',#3847,#3852);
#3847 = CYLINDRICAL_SURFACE('',#3848,3.1);
#3848 = AXIS2_PLACEMENT_3D('',#3849,#3850,#3851);
#3849 = CARTESIAN_POINT('',(0.,0.,0.));
#3850 = DIRECTION('',(0.,0.,1.));
#3851 = DIRECTION('',(1.,0.,-0.));
#3852 = DEFINITIONAL_REPRESENTATION('',(#3853),#3857);
#3853 = LINE('',#3854,#3855);
#3854 = CARTESIAN_POINT('',(0.,1.246095592609E+03));
#3855 = VECTOR('',#3856,1.);
#3856 = DIRECTION('',(1.,0.));
#3857 = ( GEOMETRIC_REPRESENTATION_CONTEXT(2) 
PARAMETRIC_REPRESENTATION_CONTEXT() REPRESENTATION_CONTEXT('2D SPACE',''
  ) );
#3858 = PCURVE('',#3859,#3864);
#3859 = PLANE('',#3860);
#3860 = AXIS2_PLACEMENT_3D('',#3861,#3862,#3863);
#3861 = CARTESIAN_POINT('',(0.,0.,1.246095592609E+03));
#3862 = DIRECTION('',(0.,0.,1.));
#3863 = DIRECTION('',(1.,0.,-0.));
#3864 = DEFINITIONAL_REPRESENTATION('',(#3865),#3869);
#3865 = CIRCLE('',#3866,3.1);
#3866 = AXIS2_PLACEMENT_2D('',#3867,#3868);
#3867 = CARTESIAN_POINT('',(0.,0.));
#3868 = DIRECTION('',(1.,0.));
#3869 = ( GEOMETRIC_REPRESENTATION_CONTEXT(2) 
PARAMETRIC_REPRESENTATION_CONTEXT() REPRESENTATION_CONTEXT('2D SPACE',''
  ) );
#3870 = ORIENTED_EDGE('',*,*,#3871,.F.);
#3871 = EDGE_CURVE('',#3872,#3838,#3874,.T.);
#3872 = VERTEX_POINT('',#3873);
#3873 = CARTESIAN_POINT('',(3.1,-7.592810154714E-16,0.));
#3874 = SEAM_CURVE('',#3875,(#3879,#3886),.PCURVE_S1.);
#3875 = LINE('',#3876,#3877);
#3876 = CARTESIAN_POINT('',(3.1,-7.592810154714E-16,0.));
#3877 = VECTOR('',#3878,1.);
#3878 = DIRECTION('',(0.,0.,1.));
#3879 = PCURVE('',#3847,#3880);
#3880 = DEFINITIONAL_REPRESENTATION('',(#3881),#3885);
#3881 = LINE('',#3882,#3883);
#3882 = CARTESIAN_POINT('',(6.28318530718,-0.));
#3883 = VECTOR('',#3884,1.);
#3884 = DIRECTION('',(0.,1.));
#3885 = ( GEOMETRIC_REPRESENTATION_CONTEXT(2) 
PARAMETRIC_REPRESENTATION_CONTEXT() REPRESENTATION_CONTEXT('2D SPACE',''
  ) );
#3886 = PCURVE('',#3847,#3887);
#3887 = DEFINITIONAL_REPRESENTATION('',(#3888),#3892);
#3888 = LINE('',#3889,#3890);
#3889 = CARTESIAN_POINT('',(0.,-0.));
#3890 = VECTOR('',#3891,1.);
#3891 = DIRECTION('',(0.,1.));
#3892 = ( GEOMETRIC_REPRESENTATION_CONTEXT(2) 
PARAMETRIC_REPRESENTATION_CONTEXT() REPRESENTATION_CONTEXT('2D SPACE',''
  ) );
#3893 = ORIENTED_EDGE('',*,*,#3894,.T.);
#3894 = EDGE_CURVE('',#3872,#3872,#3895,.T.);
#3895 = SURFACE_CURVE('',#3896,(#3901,#3908),.PCURVE_S1.);
#3896 = CIRCLE('',#3897,3.1);
#3897 = AXIS2_PLACEMENT_3D('',#3898,#3899,#3900);
#3898 = CARTESIAN_POINT('',(0.,0.,0.));
#3899 = DIRECTION('',(0.,0.,1.));
#3900 = DIRECTION('',(1.,0.,-0.));
#3901 = PCURVE('',#3847,#3902);
#3902 = DEFINITIONAL_REPRESENTATION('',(#3903),#3907);
#3903 = LINE('',#3904,#3905);
#3904 = CARTESIAN_POINT('',(0.,0.));
#3905 = VECTOR('',#3906,1.);
#3906 = DIRECTION('',(1.,0.));
#3907 = ( GEOMETRIC_REPRESENTATION_CONTEXT(2) 
PARAMETRIC_REPRESENTATION_CONTEXT() REPRESENTATION_CONTEXT('2D SPACE',''
  ) );
#3908 = PCURVE('',#3909,#3914);
#3909 = PLANE('',#3910);
#3910 = AXIS2_PLACEMENT_3D('',#3911,#3912,#3913);
#3911 = CARTESIAN_POINT('',(0.,0.,0.));
#3912 = DIRECTION('',(0.,0.,1.));
#3913 = DIRECTION('',(1.,0.,-0.));
#3914 = DEFINITIONAL_REPRESENTATION('',(#3915),#3919);
#3915 = CIRCLE('',#3916,3.1);
#3916 = AXIS2_PLACEMENT_2D('',#3917,#3918);
#3917 = CARTESIAN_POINT('',(0.,0.));
#3918 = DIRECTION('',(1.,0.));
#3919 = ( GEOMETRIC_REPRESENTATION_CONTEXT(2) 
PARAMETRIC_REPRESENTATION_CONTEXT() REPRESENTATION_CONTEXT('2D SPACE',''
  ) );
#3920 = ORIENTED_EDGE('',*,*,#3871,.T.);
#3921 = ADVANCED_FACE('',(#3922),#3859,.T.);
#3922 = FACE_BOUND('',#3923,.T.);
#3923 = EDGE_LOOP('',(#3924));
#3924 = ORIENTED_EDGE('',*,*,#3837,.T.);
#3925 = ADVANCED_FACE('',(#3926),#3909,.F.);
#3926 = FACE_BOUND('',#3927,.T.);
#3927 = EDGE_LOOP('',(#3928));
#3928 = ORIENTED_EDGE('',*,*,#3894,.F.);
#3929 = ( GEOMETRIC_REPRESENTATION_CONTEXT(3) 
GLOBAL_UNCERTAINTY_ASSIGNED_CONTEXT((#3933)) 
GLOBAL_UNIT_ASSIGNED_CONTEXT((#3930,#3931,#3932)) REPRESENTATION_CONTEXT
('Context #1','3D Context with UNIT and UNCERTAINTY') );
#3930 = ( LENGTH_UNIT() NAMED_UNIT(*) SI_UNIT(.MILLI.,.METRE.) );
#3931 = ( NAMED_UNIT(*) PLANE_ANGLE_UNIT() SI_UNIT($,.RADIAN.) );
#3932 = ( NAMED_UNIT(*) SI_UNIT($,.STERADIAN.) SOLID_ANGLE_UNIT() );
#3933 = UNCERTAINTY_MEASURE_WITH_UNIT(LENGTH_MEASURE(1.E-07),#3930,
  'distance_accuracy_value','confusion accuracy');
#3934 = CONTEXT_DEPENDENT_SHAPE_REPRESENTATION(#3935,#3937);
#3935 = ( REPRESENTATION_RELATIONSHIP('','',#3830,#3807) 
REPRESENTATION_RELATIONSHIP_WITH_TRANSFORMATION(#3936) 
SHAPE_REPRESENTATION_RELATIONSHIP() );
#3936 = ITEM_DEFINED_TRANSFORMATION('','',#11,#3808);
#3937 = PRODUCT_DEFINITION_SHAPE('Placement','Placement of an item',
  #3938);
#3938 = NEXT_ASSEMBLY_USAGE_OCCURRENCE('49','=>[0:1:1:51]','',#3802,
  #3825,$);
#3939 = PRODUCT_RELATED_PRODUCT_CATEGORY('part',$,(#3827));
#3940 = SHAPE_DEFINITION_REPRESENTATION(#3941,#3947);
#3941 = PRODUCT_DEFINITION_SHAPE('','',#3942);
#3942 = PRODUCT_DEFINITION('design','',#3943,#3946);
#3943 = PRODUCT_DEFINITION_FORMATION('','',#3944);
#3944 = PRODUCT('external_regen_cooling_channel_20',
  'external_regen_cooling_channel_20','',(#3945));
#3945 = PRODUCT_CONTEXT('',#2,'mechanical');
#3946 = PRODUCT_DEFINITION_CONTEXT('part definition',#2,'design');
#3947 = SHAPE_REPRESENTATION('',(#11,#3948),#3952);
#3948 = AXIS2_PLACEMENT_3D('',#3949,#3950,#3951);
#3949 = CARTESIAN_POINT('',(0.,0.,-623.0477963047));
#3950 = DIRECTION('',(0.,0.,1.));
#3951 = DIRECTION('',(1.,0.,0.));
#3952 = ( GEOMETRIC_REPRESENTATION_CONTEXT(3) 
GLOBAL_UNCERTAINTY_ASSIGNED_CONTEXT((#3956)) 
GLOBAL_UNIT_ASSIGNED_CONTEXT((#3953,#3954,#3955)) REPRESENTATION_CONTEXT
('Context #1','3D Context with UNIT and UNCERTAINTY') );
#3953 = ( LENGTH_UNIT() NAMED_UNIT(*) SI_UNIT(.MILLI.,.METRE.) );
#3954 = ( NAMED_UNIT(*) PLANE_ANGLE_UNIT() SI_UNIT($,.RADIAN.) );
#3955 = ( NAMED_UNIT(*) SI_UNIT($,.STERADIAN.) SOLID_ANGLE_UNIT() );
#3956 = UNCERTAINTY_MEASURE_WITH_UNIT(LENGTH_MEASURE(1.E-07),#3953,
  'distance_accuracy_value','confusion accuracy');
#3957 = CONTEXT_DEPENDENT_SHAPE_REPRESENTATION(#3958,#3960);
#3958 = ( REPRESENTATION_RELATIONSHIP('','',#3947,#10) 
REPRESENTATION_RELATIONSHIP_WITH_TRANSFORMATION(#3959) 
SHAPE_REPRESENTATION_RELATIONSHIP() );
#3959 = ITEM_DEFINED_TRANSFORMATION('','',#11,#115);
#3960 = PRODUCT_DEFINITION_SHAPE('Placement','Placement of an item',
  #3961);
#3961 = NEXT_ASSEMBLY_USAGE_OCCURRENCE('52','=>[0:1:1:52]','',#5,#3942,$
  );
#3962 = PRODUCT_RELATED_PRODUCT_CATEGORY('part',$,(#3944));
#3963 = SHAPE_DEFINITION_REPRESENTATION(#3964,#3970);
#3964 = PRODUCT_DEFINITION_SHAPE('','',#3965);
#3965 = PRODUCT_DEFINITION('design','',#3966,#3969);
#3966 = PRODUCT_DEFINITION_FORMATION('','',#3967);
#3967 = PRODUCT('SOLID','SOLID','',(#3968));
#3968 = PRODUCT_CONTEXT('',#2,'mechanical');
#3969 = PRODUCT_DEFINITION_CONTEXT('part definition',#2,'design');
#3970 = ADVANCED_BREP_SHAPE_REPRESENTATION('',(#11,#3971),#4069);
#3971 = MANIFOLD_SOLID_BREP('',#3972);
#3972 = CLOSED_SHELL('',(#3973,#4061,#4065));
#3973 = ADVANCED_FACE('',(#3974),#3987,.T.);
#3974 = FACE_BOUND('',#3975,.T.);
#3975 = EDGE_LOOP('',(#3976,#4010,#4033,#4060));
#3976 = ORIENTED_EDGE('',*,*,#3977,.F.);
#3977 = EDGE_CURVE('',#3978,#3978,#3980,.T.);
#3978 = VERTEX_POINT('',#3979);
#3979 = CARTESIAN_POINT('',(3.1,-7.592810154714E-16,1.246095592609E+03)
  );
#3980 = SURFACE_CURVE('',#3981,(#3986,#3998),.PCURVE_S1.);
#3981 = CIRCLE('',#3982,3.1);
#3982 = AXIS2_PLACEMENT_3D('',#3983,#3984,#3985);
#3983 = CARTESIAN_POINT('',(0.,0.,1.246095592609E+03));
#3984 = DIRECTION('',(0.,0.,1.));
#3985 = DIRECTION('',(1.,0.,-0.));
#3986 = PCURVE('',#3987,#3992);
#3987 = CYLINDRICAL_SURFACE('',#3988,3.1);
#3988 = AXIS2_PLACEMENT_3D('',#3989,#3990,#3991);
#3989 = CARTESIAN_POINT('',(0.,0.,0.));
#3990 = DIRECTION('',(0.,0.,1.));
#3991 = DIRECTION('',(1.,0.,-0.));
#3992 = DEFINITIONAL_REPRESENTATION('',(#3993),#3997);
#3993 = LINE('',#3994,#3995);
#3994 = CARTESIAN_POINT('',(0.,1.246095592609E+03));
#3995 = VECTOR('',#3996,1.);
#3996 = DIRECTION('',(1.,0.));
#3997 = ( GEOMETRIC_REPRESENTATION_CONTEXT(2) 
PARAMETRIC_REPRESENTATION_CONTEXT() REPRESENTATION_CONTEXT('2D SPACE',''
  ) );
#3998 = PCURVE('',#3999,#4004);
#3999 = PLANE('',#4000);
#4000 = AXIS2_PLACEMENT_3D('',#4001,#4002,#4003);
#4001 = CARTESIAN_POINT('',(0.,0.,1.246095592609E+03));
#4002 = DIRECTION('',(0.,0.,1.));
#4003 = DIRECTION('',(1.,0.,-0.));
#4004 = DEFINITIONAL_REPRESENTATION('',(#4005),#4009);
#4005 = CIRCLE('',#4006,3.1);
#4006 = AXIS2_PLACEMENT_2D('',#4007,#4008);
#4007 = CARTESIAN_POINT('',(0.,0.));
#4008 = DIRECTION('',(1.,0.));
#4009 = ( GEOMETRIC_REPRESENTATION_CONTEXT(2) 
PARAMETRIC_REPRESENTATION_CONTEXT() REPRESENTATION_CONTEXT('2D SPACE',''
  ) );
#4010 = ORIENTED_EDGE('',*,*,#4011,.F.);
#4011 = EDGE_CURVE('',#4012,#3978,#4014,.T.);
#4012 = VERTEX_POINT('',#4013);
#4013 = CARTESIAN_POINT('',(3.1,-7.592810154714E-16,0.));
#4014 = SEAM_CURVE('',#4015,(#4019,#4026),.PCURVE_S1.);
#4015 = LINE('',#4016,#4017);
#4016 = CARTESIAN_POINT('',(3.1,-7.592810154714E-16,0.));
#4017 = VECTOR('',#4018,1.);
#4018 = DIRECTION('',(0.,0.,1.));
#4019 = PCURVE('',#3987,#4020);
#4020 = DEFINITIONAL_REPRESENTATION('',(#4021),#4025);
#4021 = LINE('',#4022,#4023);
#4022 = CARTESIAN_POINT('',(6.28318530718,-0.));
#4023 = VECTOR('',#4024,1.);
#4024 = DIRECTION('',(0.,1.));
#4025 = ( GEOMETRIC_REPRESENTATION_CONTEXT(2) 
PARAMETRIC_REPRESENTATION_CONTEXT() REPRESENTATION_CONTEXT('2D SPACE',''
  ) );
#4026 = PCURVE('',#3987,#4027);
#4027 = DEFINITIONAL_REPRESENTATION('',(#4028),#4032);
#4028 = LINE('',#4029,#4030);
#4029 = CARTESIAN_POINT('',(0.,-0.));
#4030 = VECTOR('',#4031,1.);
#4031 = DIRECTION('',(0.,1.));
#4032 = ( GEOMETRIC_REPRESENTATION_CONTEXT(2) 
PARAMETRIC_REPRESENTATION_CONTEXT() REPRESENTATION_CONTEXT('2D SPACE',''
  ) );
#4033 = ORIENTED_EDGE('',*,*,#4034,.T.);
#4034 = EDGE_CURVE('',#4012,#4012,#4035,.T.);
#4035 = SURFACE_CURVE('',#4036,(#4041,#4048),.PCURVE_S1.);
#4036 = CIRCLE('',#4037,3.1);
#4037 = AXIS2_PLACEMENT_3D('',#4038,#4039,#4040);
#4038 = CARTESIAN_POINT('',(0.,0.,0.));
#4039 = DIRECTION('',(0.,0.,1.));
#4040 = DIRECTION('',(1.,0.,-0.));
#4041 = PCURVE('',#3987,#4042);
#4042 = DEFINITIONAL_REPRESENTATION('',(#4043),#4047);
#4043 = LINE('',#4044,#4045);
#4044 = CARTESIAN_POINT('',(0.,0.));
#4045 = VECTOR('',#4046,1.);
#4046 = DIRECTION('',(1.,0.));
#4047 = ( GEOMETRIC_REPRESENTATION_CONTEXT(2) 
PARAMETRIC_REPRESENTATION_CONTEXT() REPRESENTATION_CONTEXT('2D SPACE',''
  ) );
#4048 = PCURVE('',#4049,#4054);
#4049 = PLANE('',#4050);
#4050 = AXIS2_PLACEMENT_3D('',#4051,#4052,#4053);
#4051 = CARTESIAN_POINT('',(0.,0.,0.));
#4052 = DIRECTION('',(0.,0.,1.));
#4053 = DIRECTION('',(1.,0.,-0.));
#4054 = DEFINITIONAL_REPRESENTATION('',(#4055),#4059);
#4055 = CIRCLE('',#4056,3.1);
#4056 = AXIS2_PLACEMENT_2D('',#4057,#4058);
#4057 = CARTESIAN_POINT('',(0.,0.));
#4058 = DIRECTION('',(1.,0.));
#4059 = ( GEOMETRIC_REPRESENTATION_CONTEXT(2) 
PARAMETRIC_REPRESENTATION_CONTEXT() REPRESENTATION_CONTEXT('2D SPACE',''
  ) );
#4060 = ORIENTED_EDGE('',*,*,#4011,.T.);
#4061 = ADVANCED_FACE('',(#4062),#3999,.T.);
#4062 = FACE_BOUND('',#4063,.T.);
#4063 = EDGE_LOOP('',(#4064));
#4064 = ORIENTED_EDGE('',*,*,#3977,.T.);
#4065 = ADVANCED_FACE('',(#4066),#4049,.F.);
#4066 = FACE_BOUND('',#4067,.T.);
#4067 = EDGE_LOOP('',(#4068));
#4068 = ORIENTED_EDGE('',*,*,#4034,.F.);
#4069 = ( GEOMETRIC_REPRESENTATION_CONTEXT(3) 
GLOBAL_UNCERTAINTY_ASSIGNED_CONTEXT((#4073)) 
GLOBAL_UNIT_ASSIGNED_CONTEXT((#4070,#4071,#4072)) REPRESENTATION_CONTEXT
('Context #1','3D Context with UNIT and UNCERTAINTY') );
#4070 = ( LENGTH_UNIT() NAMED_UNIT(*) SI_UNIT(.MILLI.,.METRE.) );
#4071 = ( NAMED_UNIT(*) PLANE_ANGLE_UNIT() SI_UNIT($,.RADIAN.) );
#4072 = ( NAMED_UNIT(*) SI_UNIT($,.STERADIAN.) SOLID_ANGLE_UNIT() );
#4073 = UNCERTAINTY_MEASURE_WITH_UNIT(LENGTH_MEASURE(1.E-07),#4070,
  'distance_accuracy_value','confusion accuracy');
#4074 = CONTEXT_DEPENDENT_SHAPE_REPRESENTATION(#4075,#4077);
#4075 = ( REPRESENTATION_RELATIONSHIP('','',#3970,#3947) 
REPRESENTATION_RELATIONSHIP_WITH_TRANSFORMATION(#4076) 
SHAPE_REPRESENTATION_RELATIONSHIP() );
#4076 = ITEM_DEFINED_TRANSFORMATION('','',#11,#3948);
#4077 = PRODUCT_DEFINITION_SHAPE('Placement','Placement of an item',
  #4078);
#4078 = NEXT_ASSEMBLY_USAGE_OCCURRENCE('51','=>[0:1:1:53]','',#3942,
  #3965,$);
#4079 = PRODUCT_RELATED_PRODUCT_CATEGORY('part',$,(#3967));
#4080 = SHAPE_DEFINITION_REPRESENTATION(#4081,#4087);
#4081 = PRODUCT_DEFINITION_SHAPE('','',#4082);
#4082 = PRODUCT_DEFINITION('design','',#4083,#4086);
#4083 = PRODUCT_DEFINITION_FORMATION('','',#4084);
#4084 = PRODUCT('external_regen_cooling_channel_21',
  'external_regen_cooling_channel_21','',(#4085));
#4085 = PRODUCT_CONTEXT('',#2,'mechanical');
#4086 = PRODUCT_DEFINITION_CONTEXT('part definition',#2,'design');
#4087 = SHAPE_REPRESENTATION('',(#11,#4088),#4092);
#4088 = AXIS2_PLACEMENT_3D('',#4089,#4090,#4091);
#4089 = CARTESIAN_POINT('',(0.,0.,-623.0477963047));
#4090 = DIRECTION('',(0.,0.,1.));
#4091 = DIRECTION('',(1.,0.,0.));
#4092 = ( GEOMETRIC_REPRESENTATION_CONTEXT(3) 
GLOBAL_UNCERTAINTY_ASSIGNED_CONTEXT((#4096)) 
GLOBAL_UNIT_ASSIGNED_CONTEXT((#4093,#4094,#4095)) REPRESENTATION_CONTEXT
('Context #1','3D Context with UNIT and UNCERTAINTY') );
#4093 = ( LENGTH_UNIT() NAMED_UNIT(*) SI_UNIT(.MILLI.,.METRE.) );
#4094 = ( NAMED_UNIT(*) PLANE_ANGLE_UNIT() SI_UNIT($,.RADIAN.) );
#4095 = ( NAMED_UNIT(*) SI_UNIT($,.STERADIAN.) SOLID_ANGLE_UNIT() );
#4096 = UNCERTAINTY_MEASURE_WITH_UNIT(LENGTH_MEASURE(1.E-07),#4093,
  'distance_accuracy_value','confusion accuracy');
#4097 = CONTEXT_DEPENDENT_SHAPE_REPRESENTATION(#4098,#4100);
#4098 = ( REPRESENTATION_RELATIONSHIP('','',#4087,#10) 
REPRESENTATION_RELATIONSHIP_WITH_TRANSFORMATION(#4099) 
SHAPE_REPRESENTATION_RELATIONSHIP() );
#4099 = ITEM_DEFINED_TRANSFORMATION('','',#11,#119);
#4100 = PRODUCT_DEFINITION_SHAPE('Placement','Placement of an item',
  #4101);
#4101 = NEXT_ASSEMBLY_USAGE_OCCURRENCE('54','=>[0:1:1:54]','',#5,#4082,$
  );
#4102 = PRODUCT_RELATED_PRODUCT_CATEGORY('part',$,(#4084));
#4103 = SHAPE_DEFINITION_REPRESENTATION(#4104,#4110);
#4104 = PRODUCT_DEFINITION_SHAPE('','',#4105);
#4105 = PRODUCT_DEFINITION('design','',#4106,#4109);
#4106 = PRODUCT_DEFINITION_FORMATION('','',#4107);
#4107 = PRODUCT('SOLID','SOLID','',(#4108));
#4108 = PRODUCT_CONTEXT('',#2,'mechanical');
#4109 = PRODUCT_DEFINITION_CONTEXT('part definition',#2,'design');
#4110 = ADVANCED_BREP_SHAPE_REPRESENTATION('',(#11,#4111),#4209);
#4111 = MANIFOLD_SOLID_BREP('',#4112);
#4112 = CLOSED_SHELL('',(#4113,#4201,#4205));
#4113 = ADVANCED_FACE('',(#4114),#4127,.T.);
#4114 = FACE_BOUND('',#4115,.T.);
#4115 = EDGE_LOOP('',(#4116,#4150,#4173,#4200));
#4116 = ORIENTED_EDGE('',*,*,#4117,.F.);
#4117 = EDGE_CURVE('',#4118,#4118,#4120,.T.);
#4118 = VERTEX_POINT('',#4119);
#4119 = CARTESIAN_POINT('',(3.1,-7.592810154714E-16,1.246095592609E+03)
  );
#4120 = SURFACE_CURVE('',#4121,(#4126,#4138),.PCURVE_S1.);
#4121 = CIRCLE('',#4122,3.1);
#4122 = AXIS2_PLACEMENT_3D('',#4123,#4124,#4125);
#4123 = CARTESIAN_POINT('',(0.,0.,1.246095592609E+03));
#4124 = DIRECTION('',(0.,0.,1.));
#4125 = DIRECTION('',(1.,0.,-0.));
#4126 = PCURVE('',#4127,#4132);
#4127 = CYLINDRICAL_SURFACE('',#4128,3.1);
#4128 = AXIS2_PLACEMENT_3D('',#4129,#4130,#4131);
#4129 = CARTESIAN_POINT('',(0.,0.,0.));
#4130 = DIRECTION('',(0.,0.,1.));
#4131 = DIRECTION('',(1.,0.,-0.));
#4132 = DEFINITIONAL_REPRESENTATION('',(#4133),#4137);
#4133 = LINE('',#4134,#4135);
#4134 = CARTESIAN_POINT('',(0.,1.246095592609E+03));
#4135 = VECTOR('',#4136,1.);
#4136 = DIRECTION('',(1.,0.));
#4137 = ( GEOMETRIC_REPRESENTATION_CONTEXT(2) 
PARAMETRIC_REPRESENTATION_CONTEXT() REPRESENTATION_CONTEXT('2D SPACE',''
  ) );
#4138 = PCURVE('',#4139,#4144);
#4139 = PLANE('',#4140);
#4140 = AXIS2_PLACEMENT_3D('',#4141,#4142,#4143);
#4141 = CARTESIAN_POINT('',(0.,0.,1.246095592609E+03));
#4142 = DIRECTION('',(0.,0.,1.));
#4143 = DIRECTION('',(1.,0.,-0.));
#4144 = DEFINITIONAL_REPRESENTATION('',(#4145),#4149);
#4145 = CIRCLE('',#4146,3.1);
#4146 = AXIS2_PLACEMENT_2D('',#4147,#4148);
#4147 = CARTESIAN_POINT('',(0.,0.));
#4148 = DIRECTION('',(1.,0.));
#4149 = ( GEOMETRIC_REPRESENTATION_CONTEXT(2) 
PARAMETRIC_REPRESENTATION_CONTEXT() REPRESENTATION_CONTEXT('2D SPACE',''
  ) );
#4150 = ORIENTED_EDGE('',*,*,#4151,.F.);
#4151 = EDGE_CURVE('',#4152,#4118,#4154,.T.);
#4152 = VERTEX_POINT('',#4153);
#4153 = CARTESIAN_POINT('',(3.1,-7.592810154714E-16,0.));
#4154 = SEAM_CURVE('',#4155,(#4159,#4166),.PCURVE_S1.);
#4155 = LINE('',#4156,#4157);
#4156 = CARTESIAN_POINT('',(3.1,-7.592810154714E-16,0.));
#4157 = VECTOR('',#4158,1.);
#4158 = DIRECTION('',(0.,0.,1.));
#4159 = PCURVE('',#4127,#4160);
#4160 = DEFINITIONAL_REPRESENTATION('',(#4161),#4165);
#4161 = LINE('',#4162,#4163);
#4162 = CARTESIAN_POINT('',(6.28318530718,-0.));
#4163 = VECTOR('',#4164,1.);
#4164 = DIRECTION('',(0.,1.));
#4165 = ( GEOMETRIC_REPRESENTATION_CONTEXT(2) 
PARAMETRIC_REPRESENTATION_CONTEXT() REPRESENTATION_CONTEXT('2D SPACE',''
  ) );
#4166 = PCURVE('',#4127,#4167);
#4167 = DEFINITIONAL_REPRESENTATION('',(#4168),#4172);
#4168 = LINE('',#4169,#4170);
#4169 = CARTESIAN_POINT('',(0.,-0.));
#4170 = VECTOR('',#4171,1.);
#4171 = DIRECTION('',(0.,1.));
#4172 = ( GEOMETRIC_REPRESENTATION_CONTEXT(2) 
PARAMETRIC_REPRESENTATION_CONTEXT() REPRESENTATION_CONTEXT('2D SPACE',''
  ) );
#4173 = ORIENTED_EDGE('',*,*,#4174,.T.);
#4174 = EDGE_CURVE('',#4152,#4152,#4175,.T.);
#4175 = SURFACE_CURVE('',#4176,(#4181,#4188),.PCURVE_S1.);
#4176 = CIRCLE('',#4177,3.1);
#4177 = AXIS2_PLACEMENT_3D('',#4178,#4179,#4180);
#4178 = CARTESIAN_POINT('',(0.,0.,0.));
#4179 = DIRECTION('',(0.,0.,1.));
#4180 = DIRECTION('',(1.,0.,-0.));
#4181 = PCURVE('',#4127,#4182);
#4182 = DEFINITIONAL_REPRESENTATION('',(#4183),#4187);
#4183 = LINE('',#4184,#4185);
#4184 = CARTESIAN_POINT('',(0.,0.));
#4185 = VECTOR('',#4186,1.);
#4186 = DIRECTION('',(1.,0.));
#4187 = ( GEOMETRIC_REPRESENTATION_CONTEXT(2) 
PARAMETRIC_REPRESENTATION_CONTEXT() REPRESENTATION_CONTEXT('2D SPACE',''
  ) );
#4188 = PCURVE('',#4189,#4194);
#4189 = PLANE('',#4190);
#4190 = AXIS2_PLACEMENT_3D('',#4191,#4192,#4193);
#4191 = CARTESIAN_POINT('',(0.,0.,0.));
#4192 = DIRECTION('',(0.,0.,1.));
#4193 = DIRECTION('',(1.,0.,-0.));
#4194 = DEFINITIONAL_REPRESENTATION('',(#4195),#4199);
#4195 = CIRCLE('',#4196,3.1);
#4196 = AXIS2_PLACEMENT_2D('',#4197,#4198);
#4197 = CARTESIAN_POINT('',(0.,0.));
#4198 = DIRECTION('',(1.,0.));
#4199 = ( GEOMETRIC_REPRESENTATION_CONTEXT(2) 
PARAMETRIC_REPRESENTATION_CONTEXT() REPRESENTATION_CONTEXT('2D SPACE',''
  ) );
#4200 = ORIENTED_EDGE('',*,*,#4151,.T.);
#4201 = ADVANCED_FACE('',(#4202),#4139,.T.);
#4202 = FACE_BOUND('',#4203,.T.);
#4203 = EDGE_LOOP('',(#4204));
#4204 = ORIENTED_EDGE('',*,*,#4117,.T.);
#4205 = ADVANCED_FACE('',(#4206),#4189,.F.);
#4206 = FACE_BOUND('',#4207,.T.);
#4207 = EDGE_LOOP('',(#4208));
#4208 = ORIENTED_EDGE('',*,*,#4174,.F.);
#4209 = ( GEOMETRIC_REPRESENTATION_CONTEXT(3) 
GLOBAL_UNCERTAINTY_ASSIGNED_CONTEXT((#4213)) 
GLOBAL_UNIT_ASSIGNED_CONTEXT((#4210,#4211,#4212)) REPRESENTATION_CONTEXT
('Context #1','3D Context with UNIT and UNCERTAINTY') );
#4210 = ( LENGTH_UNIT() NAMED_UNIT(*) SI_UNIT(.MILLI.,.METRE.) );
#4211 = ( NAMED_UNIT(*) PLANE_ANGLE_UNIT() SI_UNIT($,.RADIAN.) );
#4212 = ( NAMED_UNIT(*) SI_UNIT($,.STERADIAN.) SOLID_ANGLE_UNIT() );
#4213 = UNCERTAINTY_MEASURE_WITH_UNIT(LENGTH_MEASURE(1.E-07),#4210,
  'distance_accuracy_value','confusion accuracy');
#4214 = CONTEXT_DEPENDENT_SHAPE_REPRESENTATION(#4215,#4217);
#4215 = ( REPRESENTATION_RELATIONSHIP('','',#4110,#4087) 
REPRESENTATION_RELATIONSHIP_WITH_TRANSFORMATION(#4216) 
SHAPE_REPRESENTATION_RELATIONSHIP() );
#4216 = ITEM_DEFINED_TRANSFORMATION('','',#11,#4088);
#4217 = PRODUCT_DEFINITION_SHAPE('Placement','Placement of an item',
  #4218);
#4218 = NEXT_ASSEMBLY_USAGE_OCCURRENCE('53','=>[0:1:1:55]','',#4082,
  #4105,$);
#4219 = PRODUCT_RELATED_PRODUCT_CATEGORY('part',$,(#4107));
#4220 = SHAPE_DEFINITION_REPRESENTATION(#4221,#4227);
#4221 = PRODUCT_DEFINITION_SHAPE('','',#4222);
#4222 = PRODUCT_DEFINITION('design','',#4223,#4226);
#4223 = PRODUCT_DEFINITION_FORMATION('','',#4224);
#4224 = PRODUCT('external_regen_cooling_channel_22',
  'external_regen_cooling_channel_22','',(#4225));
#4225 = PRODUCT_CONTEXT('',#2,'mechanical');
#4226 = PRODUCT_DEFINITION_CONTEXT('part definition',#2,'design');
#4227 = SHAPE_REPRESENTATION('',(#11,#4228),#4232);
#4228 = AXIS2_PLACEMENT_3D('',#4229,#4230,#4231);
#4229 = CARTESIAN_POINT('',(0.,0.,-623.0477963047));
#4230 = DIRECTION('',(0.,0.,1.));
#4231 = DIRECTION('',(1.,0.,0.));
#4232 = ( GEOMETRIC_REPRESENTATION_CONTEXT(3) 
GLOBAL_UNCERTAINTY_ASSIGNED_CONTEXT((#4236)) 
GLOBAL_UNIT_ASSIGNED_CONTEXT((#4233,#4234,#4235)) REPRESENTATION_CONTEXT
('Context #1','3D Context with UNIT and UNCERTAINTY') );
#4233 = ( LENGTH_UNIT() NAMED_UNIT(*) SI_UNIT(.MILLI.,.METRE.) );
#4234 = ( NAMED_UNIT(*) PLANE_ANGLE_UNIT() SI_UNIT($,.RADIAN.) );
#4235 = ( NAMED_UNIT(*) SI_UNIT($,.STERADIAN.) SOLID_ANGLE_UNIT() );
#4236 = UNCERTAINTY_MEASURE_WITH_UNIT(LENGTH_MEASURE(1.E-07),#4233,
  'distance_accuracy_value','confusion accuracy');
#4237 = CONTEXT_DEPENDENT_SHAPE_REPRESENTATION(#4238,#4240);
#4238 = ( REPRESENTATION_RELATIONSHIP('','',#4227,#10) 
REPRESENTATION_RELATIONSHIP_WITH_TRANSFORMATION(#4239) 
SHAPE_REPRESENTATION_RELATIONSHIP() );
#4239 = ITEM_DEFINED_TRANSFORMATION('','',#11,#123);
#4240 = PRODUCT_DEFINITION_SHAPE('Placement','Placement of an item',
  #4241);
#4241 = NEXT_ASSEMBLY_USAGE_OCCURRENCE('56','=>[0:1:1:56]','',#5,#4222,$
  );
#4242 = PRODUCT_RELATED_PRODUCT_CATEGORY('part',$,(#4224));
#4243 = SHAPE_DEFINITION_REPRESENTATION(#4244,#4250);
#4244 = PRODUCT_DEFINITION_SHAPE('','',#4245);
#4245 = PRODUCT_DEFINITION('design','',#4246,#4249);
#4246 = PRODUCT_DEFINITION_FORMATION('','',#4247);
#4247 = PRODUCT('SOLID','SOLID','',(#4248));
#4248 = PRODUCT_CONTEXT('',#2,'mechanical');
#4249 = PRODUCT_DEFINITION_CONTEXT('part definition',#2,'design');
#4250 = ADVANCED_BREP_SHAPE_REPRESENTATION('',(#11,#4251),#4349);
#4251 = MANIFOLD_SOLID_BREP('',#4252);
#4252 = CLOSED_SHELL('',(#4253,#4341,#4345));
#4253 = ADVANCED_FACE('',(#4254),#4267,.T.);
#4254 = FACE_BOUND('',#4255,.T.);
#4255 = EDGE_LOOP('',(#4256,#4290,#4313,#4340));
#4256 = ORIENTED_EDGE('',*,*,#4257,.F.);
#4257 = EDGE_CURVE('',#4258,#4258,#4260,.T.);
#4258 = VERTEX_POINT('',#4259);
#4259 = CARTESIAN_POINT('',(3.1,-7.592810154714E-16,1.246095592609E+03)
  );
#4260 = SURFACE_CURVE('',#4261,(#4266,#4278),.PCURVE_S1.);
#4261 = CIRCLE('',#4262,3.1);
#4262 = AXIS2_PLACEMENT_3D('',#4263,#4264,#4265);
#4263 = CARTESIAN_POINT('',(0.,0.,1.246095592609E+03));
#4264 = DIRECTION('',(0.,0.,1.));
#4265 = DIRECTION('',(1.,0.,-0.));
#4266 = PCURVE('',#4267,#4272);
#4267 = CYLINDRICAL_SURFACE('',#4268,3.1);
#4268 = AXIS2_PLACEMENT_3D('',#4269,#4270,#4271);
#4269 = CARTESIAN_POINT('',(0.,0.,0.));
#4270 = DIRECTION('',(0.,0.,1.));
#4271 = DIRECTION('',(1.,0.,-0.));
#4272 = DEFINITIONAL_REPRESENTATION('',(#4273),#4277);
#4273 = LINE('',#4274,#4275);
#4274 = CARTESIAN_POINT('',(0.,1.246095592609E+03));
#4275 = VECTOR('',#4276,1.);
#4276 = DIRECTION('',(1.,0.));
#4277 = ( GEOMETRIC_REPRESENTATION_CONTEXT(2) 
PARAMETRIC_REPRESENTATION_CONTEXT() REPRESENTATION_CONTEXT('2D SPACE',''
  ) );
#4278 = PCURVE('',#4279,#4284);
#4279 = PLANE('',#4280);
#4280 = AXIS2_PLACEMENT_3D('',#4281,#4282,#4283);
#4281 = CARTESIAN_POINT('',(0.,0.,1.246095592609E+03));
#4282 = DIRECTION('',(0.,0.,1.));
#4283 = DIRECTION('',(1.,0.,-0.));
#4284 = DEFINITIONAL_REPRESENTATION('',(#4285),#4289);
#4285 = CIRCLE('',#4286,3.1);
#4286 = AXIS2_PLACEMENT_2D('',#4287,#4288);
#4287 = CARTESIAN_POINT('',(0.,0.));
#4288 = DIRECTION('',(1.,0.));
#4289 = ( GEOMETRIC_REPRESENTATION_CONTEXT(2) 
PARAMETRIC_REPRESENTATION_CONTEXT() REPRESENTATION_CONTEXT('2D SPACE',''
  ) );
#4290 = ORIENTED_EDGE('',*,*,#4291,.F.);
#4291 = EDGE_CURVE('',#4292,#4258,#4294,.T.);
#4292 = VERTEX_POINT('',#4293);
#4293 = CARTESIAN_POINT('',(3.1,-7.592810154714E-16,0.));
#4294 = SEAM_CURVE('',#4295,(#4299,#4306),.PCURVE_S1.);
#4295 = LINE('',#4296,#4297);
#4296 = CARTESIAN_POINT('',(3.1,-7.592810154714E-16,0.));
#4297 = VECTOR('',#4298,1.);
#4298 = DIRECTION('',(0.,0.,1.));
#4299 = PCURVE('',#4267,#4300);
#4300 = DEFINITIONAL_REPRESENTATION('',(#4301),#4305);
#4301 = LINE('',#4302,#4303);
#4302 = CARTESIAN_POINT('',(6.28318530718,-0.));
#4303 = VECTOR('',#4304,1.);
#4304 = DIRECTION('',(0.,1.));
#4305 = ( GEOMETRIC_REPRESENTATION_CONTEXT(2) 
PARAMETRIC_REPRESENTATION_CONTEXT() REPRESENTATION_CONTEXT('2D SPACE',''
  ) );
#4306 = PCURVE('',#4267,#4307);
#4307 = DEFINITIONAL_REPRESENTATION('',(#4308),#4312);
#4308 = LINE('',#4309,#4310);
#4309 = CARTESIAN_POINT('',(0.,-0.));
#4310 = VECTOR('',#4311,1.);
#4311 = DIRECTION('',(0.,1.));
#4312 = ( GEOMETRIC_REPRESENTATION_CONTEXT(2) 
PARAMETRIC_REPRESENTATION_CONTEXT() REPRESENTATION_CONTEXT('2D SPACE',''
  ) );
#4313 = ORIENTED_EDGE('',*,*,#4314,.T.);
#4314 = EDGE_CURVE('',#4292,#4292,#4315,.T.);
#4315 = SURFACE_CURVE('',#4316,(#4321,#4328),.PCURVE_S1.);
#4316 = CIRCLE('',#4317,3.1);
#4317 = AXIS2_PLACEMENT_3D('',#4318,#4319,#4320);
#4318 = CARTESIAN_POINT('',(0.,0.,0.));
#4319 = DIRECTION('',(0.,0.,1.));
#4320 = DIRECTION('',(1.,0.,-0.));
#4321 = PCURVE('',#4267,#4322);
#4322 = DEFINITIONAL_REPRESENTATION('',(#4323),#4327);
#4323 = LINE('',#4324,#4325);
#4324 = CARTESIAN_POINT('',(0.,0.));
#4325 = VECTOR('',#4326,1.);
#4326 = DIRECTION('',(1.,0.));
#4327 = ( GEOMETRIC_REPRESENTATION_CONTEXT(2) 
PARAMETRIC_REPRESENTATION_CONTEXT() REPRESENTATION_CONTEXT('2D SPACE',''
  ) );
#4328 = PCURVE('',#4329,#4334);
#4329 = PLANE('',#4330);
#4330 = AXIS2_PLACEMENT_3D('',#4331,#4332,#4333);
#4331 = CARTESIAN_POINT('',(0.,0.,0.));
#4332 = DIRECTION('',(0.,0.,1.));
#4333 = DIRECTION('',(1.,0.,-0.));
#4334 = DEFINITIONAL_REPRESENTATION('',(#4335),#4339);
#4335 = CIRCLE('',#4336,3.1);
#4336 = AXIS2_PLACEMENT_2D('',#4337,#4338);
#4337 = CARTESIAN_POINT('',(0.,0.));
#4338 = DIRECTION('',(1.,0.));
#4339 = ( GEOMETRIC_REPRESENTATION_CONTEXT(2) 
PARAMETRIC_REPRESENTATION_CONTEXT() REPRESENTATION_CONTEXT('2D SPACE',''
  ) );
#4340 = ORIENTED_EDGE('',*,*,#4291,.T.);
#4341 = ADVANCED_FACE('',(#4342),#4279,.T.);
#4342 = FACE_BOUND('',#4343,.T.);
#4343 = EDGE_LOOP('',(#4344));
#4344 = ORIENTED_EDGE('',*,*,#4257,.T.);
#4345 = ADVANCED_FACE('',(#4346),#4329,.F.);
#4346 = FACE_BOUND('',#4347,.T.);
#4347 = EDGE_LOOP('',(#4348));
#4348 = ORIENTED_EDGE('',*,*,#4314,.F.);
#4349 = ( GEOMETRIC_REPRESENTATION_CONTEXT(3) 
GLOBAL_UNCERTAINTY_ASSIGNED_CONTEXT((#4353)) 
GLOBAL_UNIT_ASSIGNED_CONTEXT((#4350,#4351,#4352)) REPRESENTATION_CONTEXT
('Context #1','3D Context with UNIT and UNCERTAINTY') );
#4350 = ( LENGTH_UNIT() NAMED_UNIT(*) SI_UNIT(.MILLI.,.METRE.) );
#4351 = ( NAMED_UNIT(*) PLANE_ANGLE_UNIT() SI_UNIT($,.RADIAN.) );
#4352 = ( NAMED_UNIT(*) SI_UNIT($,.STERADIAN.) SOLID_ANGLE_UNIT() );
#4353 = UNCERTAINTY_MEASURE_WITH_UNIT(LENGTH_MEASURE(1.E-07),#4350,
  'distance_accuracy_value','confusion accuracy');
#4354 = CONTEXT_DEPENDENT_SHAPE_REPRESENTATION(#4355,#4357);
#4355 = ( REPRESENTATION_RELATIONSHIP('','',#4250,#4227) 
REPRESENTATION_RELATIONSHIP_WITH_TRANSFORMATION(#4356) 
SHAPE_REPRESENTATION_RELATIONSHIP() );
#4356 = ITEM_DEFINED_TRANSFORMATION('','',#11,#4228);
#4357 = PRODUCT_DEFINITION_SHAPE('Placement','Placement of an item',
  #4358);
#4358 = NEXT_ASSEMBLY_USAGE_OCCURRENCE('55','=>[0:1:1:57]','',#4222,
  #4245,$);
#4359 = PRODUCT_RELATED_PRODUCT_CATEGORY('part',$,(#4247));
#4360 = SHAPE_DEFINITION_REPRESENTATION(#4361,#4367);
#4361 = PRODUCT_DEFINITION_SHAPE('','',#4362);
#4362 = PRODUCT_DEFINITION('design','',#4363,#4366);
#4363 = PRODUCT_DEFINITION_FORMATION('','',#4364);
#4364 = PRODUCT('external_regen_cooling_channel_23',
  'external_regen_cooling_channel_23','',(#4365));
#4365 = PRODUCT_CONTEXT('',#2,'mechanical');
#4366 = PRODUCT_DEFINITION_CONTEXT('part definition',#2,'design');
#4367 = SHAPE_REPRESENTATION('',(#11,#4368),#4372);
#4368 = AXIS2_PLACEMENT_3D('',#4369,#4370,#4371);
#4369 = CARTESIAN_POINT('',(0.,0.,-623.0477963047));
#4370 = DIRECTION('',(0.,0.,1.));
#4371 = DIRECTION('',(1.,0.,0.));
#4372 = ( GEOMETRIC_REPRESENTATION_CONTEXT(3) 
GLOBAL_UNCERTAINTY_ASSIGNED_CONTEXT((#4376)) 
GLOBAL_UNIT_ASSIGNED_CONTEXT((#4373,#4374,#4375)) REPRESENTATION_CONTEXT
('Context #1','3D Context with UNIT and UNCERTAINTY') );
#4373 = ( LENGTH_UNIT() NAMED_UNIT(*) SI_UNIT(.MILLI.,.METRE.) );
#4374 = ( NAMED_UNIT(*) PLANE_ANGLE_UNIT() SI_UNIT($,.RADIAN.) );
#4375 = ( NAMED_UNIT(*) SI_UNIT($,.STERADIAN.) SOLID_ANGLE_UNIT() );
#4376 = UNCERTAINTY_MEASURE_WITH_UNIT(LENGTH_MEASURE(1.E-07),#4373,
  'distance_accuracy_value','confusion accuracy');
#4377 = CONTEXT_DEPENDENT_SHAPE_REPRESENTATION(#4378,#4380);
#4378 = ( REPRESENTATION_RELATIONSHIP('','',#4367,#10) 
REPRESENTATION_RELATIONSHIP_WITH_TRANSFORMATION(#4379) 
SHAPE_REPRESENTATION_RELATIONSHIP() );
#4379 = ITEM_DEFINED_TRANSFORMATION('','',#11,#127);
#4380 = PRODUCT_DEFINITION_SHAPE('Placement','Placement of an item',
  #4381);
#4381 = NEXT_ASSEMBLY_USAGE_OCCURRENCE('58','=>[0:1:1:58]','',#5,#4362,$
  );
#4382 = PRODUCT_RELATED_PRODUCT_CATEGORY('part',$,(#4364));
#4383 = SHAPE_DEFINITION_REPRESENTATION(#4384,#4390);
#4384 = PRODUCT_DEFINITION_SHAPE('','',#4385);
#4385 = PRODUCT_DEFINITION('design','',#4386,#4389);
#4386 = PRODUCT_DEFINITION_FORMATION('','',#4387);
#4387 = PRODUCT('SOLID','SOLID','',(#4388));
#4388 = PRODUCT_CONTEXT('',#2,'mechanical');
#4389 = PRODUCT_DEFINITION_CONTEXT('part definition',#2,'design');
#4390 = ADVANCED_BREP_SHAPE_REPRESENTATION('',(#11,#4391),#4489);
#4391 = MANIFOLD_SOLID_BREP('',#4392);
#4392 = CLOSED_SHELL('',(#4393,#4481,#4485));
#4393 = ADVANCED_FACE('',(#4394),#4407,.T.);
#4394 = FACE_BOUND('',#4395,.T.);
#4395 = EDGE_LOOP('',(#4396,#4430,#4453,#4480));
#4396 = ORIENTED_EDGE('',*,*,#4397,.F.);
#4397 = EDGE_CURVE('',#4398,#4398,#4400,.T.);
#4398 = VERTEX_POINT('',#4399);
#4399 = CARTESIAN_POINT('',(3.1,-7.592810154714E-16,1.246095592609E+03)
  );
#4400 = SURFACE_CURVE('',#4401,(#4406,#4418),.PCURVE_S1.);
#4401 = CIRCLE('',#4402,3.1);
#4402 = AXIS2_PLACEMENT_3D('',#4403,#4404,#4405);
#4403 = CARTESIAN_POINT('',(0.,0.,1.246095592609E+03));
#4404 = DIRECTION('',(0.,0.,1.));
#4405 = DIRECTION('',(1.,0.,-0.));
#4406 = PCURVE('',#4407,#4412);
#4407 = CYLINDRICAL_SURFACE('',#4408,3.1);
#4408 = AXIS2_PLACEMENT_3D('',#4409,#4410,#4411);
#4409 = CARTESIAN_POINT('',(0.,0.,0.));
#4410 = DIRECTION('',(0.,0.,1.));
#4411 = DIRECTION('',(1.,0.,-0.));
#4412 = DEFINITIONAL_REPRESENTATION('',(#4413),#4417);
#4413 = LINE('',#4414,#4415);
#4414 = CARTESIAN_POINT('',(0.,1.246095592609E+03));
#4415 = VECTOR('',#4416,1.);
#4416 = DIRECTION('',(1.,0.));
#4417 = ( GEOMETRIC_REPRESENTATION_CONTEXT(2) 
PARAMETRIC_REPRESENTATION_CONTEXT() REPRESENTATION_CONTEXT('2D SPACE',''
  ) );
#4418 = PCURVE('',#4419,#4424);
#4419 = PLANE('',#4420);
#4420 = AXIS2_PLACEMENT_3D('',#4421,#4422,#4423);
#4421 = CARTESIAN_POINT('',(0.,0.,1.246095592609E+03));
#4422 = DIRECTION('',(0.,0.,1.));
#4423 = DIRECTION('',(1.,0.,-0.));
#4424 = DEFINITIONAL_REPRESENTATION('',(#4425),#4429);
#4425 = CIRCLE('',#4426,3.1);
#4426 = AXIS2_PLACEMENT_2D('',#4427,#4428);
#4427 = CARTESIAN_POINT('',(0.,0.));
#4428 = DIRECTION('',(1.,0.));
#4429 = ( GEOMETRIC_REPRESENTATION_CONTEXT(2) 
PARAMETRIC_REPRESENTATION_CONTEXT() REPRESENTATION_CONTEXT('2D SPACE',''
  ) );
#4430 = ORIENTED_EDGE('',*,*,#4431,.F.);
#4431 = EDGE_CURVE('',#4432,#4398,#4434,.T.);
#4432 = VERTEX_POINT('',#4433);
#4433 = CARTESIAN_POINT('',(3.1,-7.592810154714E-16,0.));
#4434 = SEAM_CURVE('',#4435,(#4439,#4446),.PCURVE_S1.);
#4435 = LINE('',#4436,#4437);
#4436 = CARTESIAN_POINT('',(3.1,-7.592810154714E-16,0.));
#4437 = VECTOR('',#4438,1.);
#4438 = DIRECTION('',(0.,0.,1.));
#4439 = PCURVE('',#4407,#4440);
#4440 = DEFINITIONAL_REPRESENTATION('',(#4441),#4445);
#4441 = LINE('',#4442,#4443);
#4442 = CARTESIAN_POINT('',(6.28318530718,-0.));
#4443 = VECTOR('',#4444,1.);
#4444 = DIRECTION('',(0.,1.));
#4445 = ( GEOMETRIC_REPRESENTATION_CONTEXT(2) 
PARAMETRIC_REPRESENTATION_CONTEXT() REPRESENTATION_CONTEXT('2D SPACE',''
  ) );
#4446 = PCURVE('',#4407,#4447);
#4447 = DEFINITIONAL_REPRESENTATION('',(#4448),#4452);
#4448 = LINE('',#4449,#4450);
#4449 = CARTESIAN_POINT('',(0.,-0.));
#4450 = VECTOR('',#4451,1.);
#4451 = DIRECTION('',(0.,1.));
#4452 = ( GEOMETRIC_REPRESENTATION_CONTEXT(2) 
PARAMETRIC_REPRESENTATION_CONTEXT() REPRESENTATION_CONTEXT('2D SPACE',''
  ) );
#4453 = ORIENTED_EDGE('',*,*,#4454,.T.);
#4454 = EDGE_CURVE('',#4432,#4432,#4455,.T.);
#4455 = SURFACE_CURVE('',#4456,(#4461,#4468),.PCURVE_S1.);
#4456 = CIRCLE('',#4457,3.1);
#4457 = AXIS2_PLACEMENT_3D('',#4458,#4459,#4460);
#4458 = CARTESIAN_POINT('',(0.,0.,0.));
#4459 = DIRECTION('',(0.,0.,1.));
#4460 = DIRECTION('',(1.,0.,-0.));
#4461 = PCURVE('',#4407,#4462);
#4462 = DEFINITIONAL_REPRESENTATION('',(#4463),#4467);
#4463 = LINE('',#4464,#4465);
#4464 = CARTESIAN_POINT('',(0.,0.));
#4465 = VECTOR('',#4466,1.);
#4466 = DIRECTION('',(1.,0.));
#4467 = ( GEOMETRIC_REPRESENTATION_CONTEXT(2) 
PARAMETRIC_REPRESENTATION_CONTEXT() REPRESENTATION_CONTEXT('2D SPACE',''
  ) );
#4468 = PCURVE('',#4469,#4474);
#4469 = PLANE('',#4470);
#4470 = AXIS2_PLACEMENT_3D('',#4471,#4472,#4473);
#4471 = CARTESIAN_POINT('',(0.,0.,0.));
#4472 = DIRECTION('',(0.,0.,1.));
#4473 = DIRECTION('',(1.,0.,-0.));
#4474 = DEFINITIONAL_REPRESENTATION('',(#4475),#4479);
#4475 = CIRCLE('',#4476,3.1);
#4476 = AXIS2_PLACEMENT_2D('',#4477,#4478);
#4477 = CARTESIAN_POINT('',(0.,0.));
#4478 = DIRECTION('',(1.,0.));
#4479 = ( GEOMETRIC_REPRESENTATION_CONTEXT(2) 
PARAMETRIC_REPRESENTATION_CONTEXT() REPRESENTATION_CONTEXT('2D SPACE',''
  ) );
#4480 = ORIENTED_EDGE('',*,*,#4431,.T.);
#4481 = ADVANCED_FACE('',(#4482),#4419,.T.);
#4482 = FACE_BOUND('',#4483,.T.);
#4483 = EDGE_LOOP('',(#4484));
#4484 = ORIENTED_EDGE('',*,*,#4397,.T.);
#4485 = ADVANCED_FACE('',(#4486),#4469,.F.);
#4486 = FACE_BOUND('',#4487,.T.);
#4487 = EDGE_LOOP('',(#4488));
#4488 = ORIENTED_EDGE('',*,*,#4454,.F.);
#4489 = ( GEOMETRIC_REPRESENTATION_CONTEXT(3) 
GLOBAL_UNCERTAINTY_ASSIGNED_CONTEXT((#4493)) 
GLOBAL_UNIT_ASSIGNED_CONTEXT((#4490,#4491,#4492)) REPRESENTATION_CONTEXT
('Context #1','3D Context with UNIT and UNCERTAINTY') );
#4490 = ( LENGTH_UNIT() NAMED_UNIT(*) SI_UNIT(.MILLI.,.METRE.) );
#4491 = ( NAMED_UNIT(*) PLANE_ANGLE_UNIT() SI_UNIT($,.RADIAN.) );
#4492 = ( NAMED_UNIT(*) SI_UNIT($,.STERADIAN.) SOLID_ANGLE_UNIT() );
#4493 = UNCERTAINTY_MEASURE_WITH_UNIT(LENGTH_MEASURE(1.E-07),#4490,
  'distance_accuracy_value','confusion accuracy');
#4494 = CONTEXT_DEPENDENT_SHAPE_REPRESENTATION(#4495,#4497);
#4495 = ( REPRESENTATION_RELATIONSHIP('','',#4390,#4367) 
REPRESENTATION_RELATIONSHIP_WITH_TRANSFORMATION(#4496) 
SHAPE_REPRESENTATION_RELATIONSHIP() );
#4496 = ITEM_DEFINED_TRANSFORMATION('','',#11,#4368);
#4497 = PRODUCT_DEFINITION_SHAPE('Placement','Placement of an item',
  #4498);
#4498 = NEXT_ASSEMBLY_USAGE_OCCURRENCE('57','=>[0:1:1:59]','',#4362,
  #4385,$);
#4499 = PRODUCT_RELATED_PRODUCT_CATEGORY('part',$,(#4387));
#4500 = SHAPE_DEFINITION_REPRESENTATION(#4501,#4507);
#4501 = PRODUCT_DEFINITION_SHAPE('','',#4502);
#4502 = PRODUCT_DEFINITION('design','',#4503,#4506);
#4503 = PRODUCT_DEFINITION_FORMATION('','',#4504);
#4504 = PRODUCT('external_regen_cooling_channel_24',
  'external_regen_cooling_channel_24','',(#4505));
#4505 = PRODUCT_CONTEXT('',#2,'mechanical');
#4506 = PRODUCT_DEFINITION_CONTEXT('part definition',#2,'design');
#4507 = SHAPE_REPRESENTATION('',(#11,#4508),#4512);
#4508 = AXIS2_PLACEMENT_3D('',#4509,#4510,#4511);
#4509 = CARTESIAN_POINT('',(0.,0.,-623.0477963047));
#4510 = DIRECTION('',(0.,0.,1.));
#4511 = DIRECTION('',(1.,0.,0.));
#4512 = ( GEOMETRIC_REPRESENTATION_CONTEXT(3) 
GLOBAL_UNCERTAINTY_ASSIGNED_CONTEXT((#4516)) 
GLOBAL_UNIT_ASSIGNED_CONTEXT((#4513,#4514,#4515)) REPRESENTATION_CONTEXT
('Context #1','3D Context with UNIT and UNCERTAINTY') );
#4513 = ( LENGTH_UNIT() NAMED_UNIT(*) SI_UNIT(.MILLI.,.METRE.) );
#4514 = ( NAMED_UNIT(*) PLANE_ANGLE_UNIT() SI_UNIT($,.RADIAN.) );
#4515 = ( NAMED_UNIT(*) SI_UNIT($,.STERADIAN.) SOLID_ANGLE_UNIT() );
#4516 = UNCERTAINTY_MEASURE_WITH_UNIT(LENGTH_MEASURE(1.E-07),#4513,
  'distance_accuracy_value','confusion accuracy');
#4517 = CONTEXT_DEPENDENT_SHAPE_REPRESENTATION(#4518,#4520);
#4518 = ( REPRESENTATION_RELATIONSHIP('','',#4507,#10) 
REPRESENTATION_RELATIONSHIP_WITH_TRANSFORMATION(#4519) 
SHAPE_REPRESENTATION_RELATIONSHIP() );
#4519 = ITEM_DEFINED_TRANSFORMATION('','',#11,#131);
#4520 = PRODUCT_DEFINITION_SHAPE('Placement','Placement of an item',
  #4521);
#4521 = NEXT_ASSEMBLY_USAGE_OCCURRENCE('60','=>[0:1:1:60]','',#5,#4502,$
  );
#4522 = PRODUCT_RELATED_PRODUCT_CATEGORY('part',$,(#4504));
#4523 = SHAPE_DEFINITION_REPRESENTATION(#4524,#4530);
#4524 = PRODUCT_DEFINITION_SHAPE('','',#4525);
#4525 = PRODUCT_DEFINITION('design','',#4526,#4529);
#4526 = PRODUCT_DEFINITION_FORMATION('','',#4527);
#4527 = PRODUCT('SOLID','SOLID','',(#4528));
#4528 = PRODUCT_CONTEXT('',#2,'mechanical');
#4529 = PRODUCT_DEFINITION_CONTEXT('part definition',#2,'design');
#4530 = ADVANCED_BREP_SHAPE_REPRESENTATION('',(#11,#4531),#4629);
#4531 = MANIFOLD_SOLID_BREP('',#4532);
#4532 = CLOSED_SHELL('',(#4533,#4621,#4625));
#4533 = ADVANCED_FACE('',(#4534),#4547,.T.);
#4534 = FACE_BOUND('',#4535,.T.);
#4535 = EDGE_LOOP('',(#4536,#4570,#4593,#4620));
#4536 = ORIENTED_EDGE('',*,*,#4537,.F.);
#4537 = EDGE_CURVE('',#4538,#4538,#4540,.T.);
#4538 = VERTEX_POINT('',#4539);
#4539 = CARTESIAN_POINT('',(3.1,-7.592810154714E-16,1.246095592609E+03)
  );
#4540 = SURFACE_CURVE('',#4541,(#4546,#4558),.PCURVE_S1.);
#4541 = CIRCLE('',#4542,3.1);
#4542 = AXIS2_PLACEMENT_3D('',#4543,#4544,#4545);
#4543 = CARTESIAN_POINT('',(0.,0.,1.246095592609E+03));
#4544 = DIRECTION('',(0.,0.,1.));
#4545 = DIRECTION('',(1.,0.,-0.));
#4546 = PCURVE('',#4547,#4552);
#4547 = CYLINDRICAL_SURFACE('',#4548,3.1);
#4548 = AXIS2_PLACEMENT_3D('',#4549,#4550,#4551);
#4549 = CARTESIAN_POINT('',(0.,0.,0.));
#4550 = DIRECTION('',(0.,0.,1.));
#4551 = DIRECTION('',(1.,0.,-0.));
#4552 = DEFINITIONAL_REPRESENTATION('',(#4553),#4557);
#4553 = LINE('',#4554,#4555);
#4554 = CARTESIAN_POINT('',(0.,1.246095592609E+03));
#4555 = VECTOR('',#4556,1.);
#4556 = DIRECTION('',(1.,0.));
#4557 = ( GEOMETRIC_REPRESENTATION_CONTEXT(2) 
PARAMETRIC_REPRESENTATION_CONTEXT() REPRESENTATION_CONTEXT('2D SPACE',''
  ) );
#4558 = PCURVE('',#4559,#4564);
#4559 = PLANE('',#4560);
#4560 = AXIS2_PLACEMENT_3D('',#4561,#4562,#4563);
#4561 = CARTESIAN_POINT('',(0.,0.,1.246095592609E+03));
#4562 = DIRECTION('',(0.,0.,1.));
#4563 = DIRECTION('',(1.,0.,-0.));
#4564 = DEFINITIONAL_REPRESENTATION('',(#4565),#4569);
#4565 = CIRCLE('',#4566,3.1);
#4566 = AXIS2_PLACEMENT_2D('',#4567,#4568);
#4567 = CARTESIAN_POINT('',(0.,0.));
#4568 = DIRECTION('',(1.,0.));
#4569 = ( GEOMETRIC_REPRESENTATION_CONTEXT(2) 
PARAMETRIC_REPRESENTATION_CONTEXT() REPRESENTATION_CONTEXT('2D SPACE',''
  ) );
#4570 = ORIENTED_EDGE('',*,*,#4571,.F.);
#4571 = EDGE_CURVE('',#4572,#4538,#4574,.T.);
#4572 = VERTEX_POINT('',#4573);
#4573 = CARTESIAN_POINT('',(3.1,-7.592810154714E-16,0.));
#4574 = SEAM_CURVE('',#4575,(#4579,#4586),.PCURVE_S1.);
#4575 = LINE('',#4576,#4577);
#4576 = CARTESIAN_POINT('',(3.1,-7.592810154714E-16,0.));
#4577 = VECTOR('',#4578,1.);
#4578 = DIRECTION('',(0.,0.,1.));
#4579 = PCURVE('',#4547,#4580);
#4580 = DEFINITIONAL_REPRESENTATION('',(#4581),#4585);
#4581 = LINE('',#4582,#4583);
#4582 = CARTESIAN_POINT('',(6.28318530718,-0.));
#4583 = VECTOR('',#4584,1.);
#4584 = DIRECTION('',(0.,1.));
#4585 = ( GEOMETRIC_REPRESENTATION_CONTEXT(2) 
PARAMETRIC_REPRESENTATION_CONTEXT() REPRESENTATION_CONTEXT('2D SPACE',''
  ) );
#4586 = PCURVE('',#4547,#4587);
#4587 = DEFINITIONAL_REPRESENTATION('',(#4588),#4592);
#4588 = LINE('',#4589,#4590);
#4589 = CARTESIAN_POINT('',(0.,-0.));
#4590 = VECTOR('',#4591,1.);
#4591 = DIRECTION('',(0.,1.));
#4592 = ( GEOMETRIC_REPRESENTATION_CONTEXT(2) 
PARAMETRIC_REPRESENTATION_CONTEXT() REPRESENTATION_CONTEXT('2D SPACE',''
  ) );
#4593 = ORIENTED_EDGE('',*,*,#4594,.T.);
#4594 = EDGE_CURVE('',#4572,#4572,#4595,.T.);
#4595 = SURFACE_CURVE('',#4596,(#4601,#4608),.PCURVE_S1.);
#4596 = CIRCLE('',#4597,3.1);
#4597 = AXIS2_PLACEMENT_3D('',#4598,#4599,#4600);
#4598 = CARTESIAN_POINT('',(0.,0.,0.));
#4599 = DIRECTION('',(0.,0.,1.));
#4600 = DIRECTION('',(1.,0.,-0.));
#4601 = PCURVE('',#4547,#4602);
#4602 = DEFINITIONAL_REPRESENTATION('',(#4603),#4607);
#4603 = LINE('',#4604,#4605);
#4604 = CARTESIAN_POINT('',(0.,0.));
#4605 = VECTOR('',#4606,1.);
#4606 = DIRECTION('',(1.,0.));
#4607 = ( GEOMETRIC_REPRESENTATION_CONTEXT(2) 
PARAMETRIC_REPRESENTATION_CONTEXT() REPRESENTATION_CONTEXT('2D SPACE',''
  ) );
#4608 = PCURVE('',#4609,#4614);
#4609 = PLANE('',#4610);
#4610 = AXIS2_PLACEMENT_3D('',#4611,#4612,#4613);
#4611 = CARTESIAN_POINT('',(0.,0.,0.));
#4612 = DIRECTION('',(0.,0.,1.));
#4613 = DIRECTION('',(1.,0.,-0.));
#4614 = DEFINITIONAL_REPRESENTATION('',(#4615),#4619);
#4615 = CIRCLE('',#4616,3.1);
#4616 = AXIS2_PLACEMENT_2D('',#4617,#4618);
#4617 = CARTESIAN_POINT('',(0.,0.));
#4618 = DIRECTION('',(1.,0.));
#4619 = ( GEOMETRIC_REPRESENTATION_CONTEXT(2) 
PARAMETRIC_REPRESENTATION_CONTEXT() REPRESENTATION_CONTEXT('2D SPACE',''
  ) );
#4620 = ORIENTED_EDGE('',*,*,#4571,.T.);
#4621 = ADVANCED_FACE('',(#4622),#4559,.T.);
#4622 = FACE_BOUND('',#4623,.T.);
#4623 = EDGE_LOOP('',(#4624));
#4624 = ORIENTED_EDGE('',*,*,#4537,.T.);
#4625 = ADVANCED_FACE('',(#4626),#4609,.F.);
#4626 = FACE_BOUND('',#4627,.T.);
#4627 = EDGE_LOOP('',(#4628));
#4628 = ORIENTED_EDGE('',*,*,#4594,.F.);
#4629 = ( GEOMETRIC_REPRESENTATION_CONTEXT(3) 
GLOBAL_UNCERTAINTY_ASSIGNED_CONTEXT((#4633)) 
GLOBAL_UNIT_ASSIGNED_CONTEXT((#4630,#4631,#4632)) REPRESENTATION_CONTEXT
('Context #1','3D Context with UNIT and UNCERTAINTY') );
#4630 = ( LENGTH_UNIT() NAMED_UNIT(*) SI_UNIT(.MILLI.,.METRE.) );
#4631 = ( NAMED_UNIT(*) PLANE_ANGLE_UNIT() SI_UNIT($,.RADIAN.) );
#4632 = ( NAMED_UNIT(*) SI_UNIT($,.STERADIAN.) SOLID_ANGLE_UNIT() );
#4633 = UNCERTAINTY_MEASURE_WITH_UNIT(LENGTH_MEASURE(1.E-07),#4630,
  'distance_accuracy_value','confusion accuracy');
#4634 = CONTEXT_DEPENDENT_SHAPE_REPRESENTATION(#4635,#4637);
#4635 = ( REPRESENTATION_RELATIONSHIP('','',#4530,#4507) 
REPRESENTATION_RELATIONSHIP_WITH_TRANSFORMATION(#4636) 
SHAPE_REPRESENTATION_RELATIONSHIP() );
#4636 = ITEM_DEFINED_TRANSFORMATION('','',#11,#4508);
#4637 = PRODUCT_DEFINITION_SHAPE('Placement','Placement of an item',
  #4638);
#4638 = NEXT_ASSEMBLY_USAGE_OCCURRENCE('59','=>[0:1:1:61]','',#4502,
  #4525,$);
#4639 = PRODUCT_RELATED_PRODUCT_CATEGORY('part',$,(#4527));
#4640 = SHAPE_DEFINITION_REPRESENTATION(#4641,#4647);
#4641 = PRODUCT_DEFINITION_SHAPE('','',#4642);
#4642 = PRODUCT_DEFINITION('design','',#4643,#4646);
#4643 = PRODUCT_DEFINITION_FORMATION('','',#4644);
#4644 = PRODUCT('external_regen_cooling_channel_25',
  'external_regen_cooling_channel_25','',(#4645));
#4645 = PRODUCT_CONTEXT('',#2,'mechanical');
#4646 = PRODUCT_DEFINITION_CONTEXT('part definition',#2,'design');
#4647 = SHAPE_REPRESENTATION('',(#11,#4648),#4652);
#4648 = AXIS2_PLACEMENT_3D('',#4649,#4650,#4651);
#4649 = CARTESIAN_POINT('',(0.,0.,-623.0477963047));
#4650 = DIRECTION('',(0.,0.,1.));
#4651 = DIRECTION('',(1.,0.,0.));
#4652 = ( GEOMETRIC_REPRESENTATION_CONTEXT(3) 
GLOBAL_UNCERTAINTY_ASSIGNED_CONTEXT((#4656)) 
GLOBAL_UNIT_ASSIGNED_CONTEXT((#4653,#4654,#4655)) REPRESENTATION_CONTEXT
('Context #1','3D Context with UNIT and UNCERTAINTY') );
#4653 = ( LENGTH_UNIT() NAMED_UNIT(*) SI_UNIT(.MILLI.,.METRE.) );
#4654 = ( NAMED_UNIT(*) PLANE_ANGLE_UNIT() SI_UNIT($,.RADIAN.) );
#4655 = ( NAMED_UNIT(*) SI_UNIT($,.STERADIAN.) SOLID_ANGLE_UNIT() );
#4656 = UNCERTAINTY_MEASURE_WITH_UNIT(LENGTH_MEASURE(1.E-07),#4653,
  'distance_accuracy_value','confusion accuracy');
#4657 = CONTEXT_DEPENDENT_SHAPE_REPRESENTATION(#4658,#4660);
#4658 = ( REPRESENTATION_RELATIONSHIP('','',#4647,#10) 
REPRESENTATION_RELATIONSHIP_WITH_TRANSFORMATION(#4659) 
SHAPE_REPRESENTATION_RELATIONSHIP() );
#4659 = ITEM_DEFINED_TRANSFORMATION('','',#11,#135);
#4660 = PRODUCT_DEFINITION_SHAPE('Placement','Placement of an item',
  #4661);
#4661 = NEXT_ASSEMBLY_USAGE_OCCURRENCE('62','=>[0:1:1:62]','',#5,#4642,$
  );
#4662 = PRODUCT_RELATED_PRODUCT_CATEGORY('part',$,(#4644));
#4663 = SHAPE_DEFINITION_REPRESENTATION(#4664,#4670);
#4664 = PRODUCT_DEFINITION_SHAPE('','',#4665);
#4665 = PRODUCT_DEFINITION('design','',#4666,#4669);
#4666 = PRODUCT_DEFINITION_FORMATION('','',#4667);
#4667 = PRODUCT('SOLID','SOLID','',(#4668));
#4668 = PRODUCT_CONTEXT('',#2,'mechanical');
#4669 = PRODUCT_DEFINITION_CONTEXT('part definition',#2,'design');
#4670 = ADVANCED_BREP_SHAPE_REPRESENTATION('',(#11,#4671),#4769);
#4671 = MANIFOLD_SOLID_BREP('',#4672);
#4672 = CLOSED_SHELL('',(#4673,#4761,#4765));
#4673 = ADVANCED_FACE('',(#4674),#4687,.T.);
#4674 = FACE_BOUND('',#4675,.T.);
#4675 = EDGE_LOOP('',(#4676,#4710,#4733,#4760));
#4676 = ORIENTED_EDGE('',*,*,#4677,.F.);
#4677 = EDGE_CURVE('',#4678,#4678,#4680,.T.);
#4678 = VERTEX_POINT('',#4679);
#4679 = CARTESIAN_POINT('',(3.1,-7.592810154714E-16,1.246095592609E+03)
  );
#4680 = SURFACE_CURVE('',#4681,(#4686,#4698),.PCURVE_S1.);
#4681 = CIRCLE('',#4682,3.1);
#4682 = AXIS2_PLACEMENT_3D('',#4683,#4684,#4685);
#4683 = CARTESIAN_POINT('',(0.,0.,1.246095592609E+03));
#4684 = DIRECTION('',(0.,0.,1.));
#4685 = DIRECTION('',(1.,0.,-0.));
#4686 = PCURVE('',#4687,#4692);
#4687 = CYLINDRICAL_SURFACE('',#4688,3.1);
#4688 = AXIS2_PLACEMENT_3D('',#4689,#4690,#4691);
#4689 = CARTESIAN_POINT('',(0.,0.,0.));
#4690 = DIRECTION('',(0.,0.,1.));
#4691 = DIRECTION('',(1.,0.,-0.));
#4692 = DEFINITIONAL_REPRESENTATION('',(#4693),#4697);
#4693 = LINE('',#4694,#4695);
#4694 = CARTESIAN_POINT('',(0.,1.246095592609E+03));
#4695 = VECTOR('',#4696,1.);
#4696 = DIRECTION('',(1.,0.));
#4697 = ( GEOMETRIC_REPRESENTATION_CONTEXT(2) 
PARAMETRIC_REPRESENTATION_CONTEXT() REPRESENTATION_CONTEXT('2D SPACE',''
  ) );
#4698 = PCURVE('',#4699,#4704);
#4699 = PLANE('',#4700);
#4700 = AXIS2_PLACEMENT_3D('',#4701,#4702,#4703);
#4701 = CARTESIAN_POINT('',(0.,0.,1.246095592609E+03));
#4702 = DIRECTION('',(0.,0.,1.));
#4703 = DIRECTION('',(1.,0.,-0.));
#4704 = DEFINITIONAL_REPRESENTATION('',(#4705),#4709);
#4705 = CIRCLE('',#4706,3.1);
#4706 = AXIS2_PLACEMENT_2D('',#4707,#4708);
#4707 = CARTESIAN_POINT('',(0.,0.));
#4708 = DIRECTION('',(1.,0.));
#4709 = ( GEOMETRIC_REPRESENTATION_CONTEXT(2) 
PARAMETRIC_REPRESENTATION_CONTEXT() REPRESENTATION_CONTEXT('2D SPACE',''
  ) );
#4710 = ORIENTED_EDGE('',*,*,#4711,.F.);
#4711 = EDGE_CURVE('',#4712,#4678,#4714,.T.);
#4712 = VERTEX_POINT('',#4713);
#4713 = CARTESIAN_POINT('',(3.1,-7.592810154714E-16,0.));
#4714 = SEAM_CURVE('',#4715,(#4719,#4726),.PCURVE_S1.);
#4715 = LINE('',#4716,#4717);
#4716 = CARTESIAN_POINT('',(3.1,-7.592810154714E-16,0.));
#4717 = VECTOR('',#4718,1.);
#4718 = DIRECTION('',(0.,0.,1.));
#4719 = PCURVE('',#4687,#4720);
#4720 = DEFINITIONAL_REPRESENTATION('',(#4721),#4725);
#4721 = LINE('',#4722,#4723);
#4722 = CARTESIAN_POINT('',(6.28318530718,-0.));
#4723 = VECTOR('',#4724,1.);
#4724 = DIRECTION('',(0.,1.));
#4725 = ( GEOMETRIC_REPRESENTATION_CONTEXT(2) 
PARAMETRIC_REPRESENTATION_CONTEXT() REPRESENTATION_CONTEXT('2D SPACE',''
  ) );
#4726 = PCURVE('',#4687,#4727);
#4727 = DEFINITIONAL_REPRESENTATION('',(#4728),#4732);
#4728 = LINE('',#4729,#4730);
#4729 = CARTESIAN_POINT('',(0.,-0.));
#4730 = VECTOR('',#4731,1.);
#4731 = DIRECTION('',(0.,1.));
#4732 = ( GEOMETRIC_REPRESENTATION_CONTEXT(2) 
PARAMETRIC_REPRESENTATION_CONTEXT() REPRESENTATION_CONTEXT('2D SPACE',''
  ) );
#4733 = ORIENTED_EDGE('',*,*,#4734,.T.);
#4734 = EDGE_CURVE('',#4712,#4712,#4735,.T.);
#4735 = SURFACE_CURVE('',#4736,(#4741,#4748),.PCURVE_S1.);
#4736 = CIRCLE('',#4737,3.1);
#4737 = AXIS2_PLACEMENT_3D('',#4738,#4739,#4740);
#4738 = CARTESIAN_POINT('',(0.,0.,0.));
#4739 = DIRECTION('',(0.,0.,1.));
#4740 = DIRECTION('',(1.,0.,-0.));
#4741 = PCURVE('',#4687,#4742);
#4742 = DEFINITIONAL_REPRESENTATION('',(#4743),#4747);
#4743 = LINE('',#4744,#4745);
#4744 = CARTESIAN_POINT('',(0.,0.));
#4745 = VECTOR('',#4746,1.);
#4746 = DIRECTION('',(1.,0.));
#4747 = ( GEOMETRIC_REPRESENTATION_CONTEXT(2) 
PARAMETRIC_REPRESENTATION_CONTEXT() REPRESENTATION_CONTEXT('2D SPACE',''
  ) );
#4748 = PCURVE('',#4749,#4754);
#4749 = PLANE('',#4750);
#4750 = AXIS2_PLACEMENT_3D('',#4751,#4752,#4753);
#4751 = CARTESIAN_POINT('',(0.,0.,0.));
#4752 = DIRECTION('',(0.,0.,1.));
#4753 = DIRECTION('',(1.,0.,-0.));
#4754 = DEFINITIONAL_REPRESENTATION('',(#4755),#4759);
#4755 = CIRCLE('',#4756,3.1);
#4756 = AXIS2_PLACEMENT_2D('',#4757,#4758);
#4757 = CARTESIAN_POINT('',(0.,0.));
#4758 = DIRECTION('',(1.,0.));
#4759 = ( GEOMETRIC_REPRESENTATION_CONTEXT(2) 
PARAMETRIC_REPRESENTATION_CONTEXT() REPRESENTATION_CONTEXT('2D SPACE',''
  ) );
#4760 = ORIENTED_EDGE('',*,*,#4711,.T.);
#4761 = ADVANCED_FACE('',(#4762),#4699,.T.);
#4762 = FACE_BOUND('',#4763,.T.);
#4763 = EDGE_LOOP('',(#4764));
#4764 = ORIENTED_EDGE('',*,*,#4677,.T.);
#4765 = ADVANCED_FACE('',(#4766),#4749,.F.);
#4766 = FACE_BOUND('',#4767,.T.);
#4767 = EDGE_LOOP('',(#4768));
#4768 = ORIENTED_EDGE('',*,*,#4734,.F.);
#4769 = ( GEOMETRIC_REPRESENTATION_CONTEXT(3) 
GLOBAL_UNCERTAINTY_ASSIGNED_CONTEXT((#4773)) 
GLOBAL_UNIT_ASSIGNED_CONTEXT((#4770,#4771,#4772)) REPRESENTATION_CONTEXT
('Context #1','3D Context with UNIT and UNCERTAINTY') );
#4770 = ( LENGTH_UNIT() NAMED_UNIT(*) SI_UNIT(.MILLI.,.METRE.) );
#4771 = ( NAMED_UNIT(*) PLANE_ANGLE_UNIT() SI_UNIT($,.RADIAN.) );
#4772 = ( NAMED_UNIT(*) SI_UNIT($,.STERADIAN.) SOLID_ANGLE_UNIT() );
#4773 = UNCERTAINTY_MEASURE_WITH_UNIT(LENGTH_MEASURE(1.E-07),#4770,
  'distance_accuracy_value','confusion accuracy');
#4774 = CONTEXT_DEPENDENT_SHAPE_REPRESENTATION(#4775,#4777);
#4775 = ( REPRESENTATION_RELATIONSHIP('','',#4670,#4647) 
REPRESENTATION_RELATIONSHIP_WITH_TRANSFORMATION(#4776) 
SHAPE_REPRESENTATION_RELATIONSHIP() );
#4776 = ITEM_DEFINED_TRANSFORMATION('','',#11,#4648);
#4777 = PRODUCT_DEFINITION_SHAPE('Placement','Placement of an item',
  #4778);
#4778 = NEXT_ASSEMBLY_USAGE_OCCURRENCE('61','=>[0:1:1:63]','',#4642,
  #4665,$);
#4779 = PRODUCT_RELATED_PRODUCT_CATEGORY('part',$,(#4667));
#4780 = SHAPE_DEFINITION_REPRESENTATION(#4781,#4787);
#4781 = PRODUCT_DEFINITION_SHAPE('','',#4782);
#4782 = PRODUCT_DEFINITION('design','',#4783,#4786);
#4783 = PRODUCT_DEFINITION_FORMATION('','',#4784);
#4784 = PRODUCT('external_regen_cooling_channel_26',
  'external_regen_cooling_channel_26','',(#4785));
#4785 = PRODUCT_CONTEXT('',#2,'mechanical');
#4786 = PRODUCT_DEFINITION_CONTEXT('part definition',#2,'design');
#4787 = SHAPE_REPRESENTATION('',(#11,#4788),#4792);
#4788 = AXIS2_PLACEMENT_3D('',#4789,#4790,#4791);
#4789 = CARTESIAN_POINT('',(0.,0.,-623.0477963047));
#4790 = DIRECTION('',(0.,0.,1.));
#4791 = DIRECTION('',(1.,0.,0.));
#4792 = ( GEOMETRIC_REPRESENTATION_CONTEXT(3) 
GLOBAL_UNCERTAINTY_ASSIGNED_CONTEXT((#4796)) 
GLOBAL_UNIT_ASSIGNED_CONTEXT((#4793,#4794,#4795)) REPRESENTATION_CONTEXT
('Context #1','3D Context with UNIT and UNCERTAINTY') );
#4793 = ( LENGTH_UNIT() NAMED_UNIT(*) SI_UNIT(.MILLI.,.METRE.) );
#4794 = ( NAMED_UNIT(*) PLANE_ANGLE_UNIT() SI_UNIT($,.RADIAN.) );
#4795 = ( NAMED_UNIT(*) SI_UNIT($,.STERADIAN.) SOLID_ANGLE_UNIT() );
#4796 = UNCERTAINTY_MEASURE_WITH_UNIT(LENGTH_MEASURE(1.E-07),#4793,
  'distance_accuracy_value','confusion accuracy');
#4797 = CONTEXT_DEPENDENT_SHAPE_REPRESENTATION(#4798,#4800);
#4798 = ( REPRESENTATION_RELATIONSHIP('','',#4787,#10) 
REPRESENTATION_RELATIONSHIP_WITH_TRANSFORMATION(#4799) 
SHAPE_REPRESENTATION_RELATIONSHIP() );
#4799 = ITEM_DEFINED_TRANSFORMATION('','',#11,#139);
#4800 = PRODUCT_DEFINITION_SHAPE('Placement','Placement of an item',
  #4801);
#4801 = NEXT_ASSEMBLY_USAGE_OCCURRENCE('64','=>[0:1:1:64]','',#5,#4782,$
  );
#4802 = PRODUCT_RELATED_PRODUCT_CATEGORY('part',$,(#4784));
#4803 = SHAPE_DEFINITION_REPRESENTATION(#4804,#4810);
#4804 = PRODUCT_DEFINITION_SHAPE('','',#4805);
#4805 = PRODUCT_DEFINITION('design','',#4806,#4809);
#4806 = PRODUCT_DEFINITION_FORMATION('','',#4807);
#4807 = PRODUCT('SOLID','SOLID','',(#4808));
#4808 = PRODUCT_CONTEXT('',#2,'mechanical');
#4809 = PRODUCT_DEFINITION_CONTEXT('part definition',#2,'design');
#4810 = ADVANCED_BREP_SHAPE_REPRESENTATION('',(#11,#4811),#4909);
#4811 = MANIFOLD_SOLID_BREP('',#4812);
#4812 = CLOSED_SHELL('',(#4813,#4901,#4905));
#4813 = ADVANCED_FACE('',(#4814),#4827,.T.);
#4814 = FACE_BOUND('',#4815,.T.);
#4815 = EDGE_LOOP('',(#4816,#4850,#4873,#4900));
#4816 = ORIENTED_EDGE('',*,*,#4817,.F.);
#4817 = EDGE_CURVE('',#4818,#4818,#4820,.T.);
#4818 = VERTEX_POINT('',#4819);
#4819 = CARTESIAN_POINT('',(3.1,-7.592810154714E-16,1.246095592609E+03)
  );
#4820 = SURFACE_CURVE('',#4821,(#4826,#4838),.PCURVE_S1.);
#4821 = CIRCLE('',#4822,3.1);
#4822 = AXIS2_PLACEMENT_3D('',#4823,#4824,#4825);
#4823 = CARTESIAN_POINT('',(0.,0.,1.246095592609E+03));
#4824 = DIRECTION('',(0.,0.,1.));
#4825 = DIRECTION('',(1.,0.,-0.));
#4826 = PCURVE('',#4827,#4832);
#4827 = CYLINDRICAL_SURFACE('',#4828,3.1);
#4828 = AXIS2_PLACEMENT_3D('',#4829,#4830,#4831);
#4829 = CARTESIAN_POINT('',(0.,0.,0.));
#4830 = DIRECTION('',(0.,0.,1.));
#4831 = DIRECTION('',(1.,0.,-0.));
#4832 = DEFINITIONAL_REPRESENTATION('',(#4833),#4837);
#4833 = LINE('',#4834,#4835);
#4834 = CARTESIAN_POINT('',(0.,1.246095592609E+03));
#4835 = VECTOR('',#4836,1.);
#4836 = DIRECTION('',(1.,0.));
#4837 = ( GEOMETRIC_REPRESENTATION_CONTEXT(2) 
PARAMETRIC_REPRESENTATION_CONTEXT() REPRESENTATION_CONTEXT('2D SPACE',''
  ) );
#4838 = PCURVE('',#4839,#4844);
#4839 = PLANE('',#4840);
#4840 = AXIS2_PLACEMENT_3D('',#4841,#4842,#4843);
#4841 = CARTESIAN_POINT('',(0.,0.,1.246095592609E+03));
#4842 = DIRECTION('',(0.,0.,1.));
#4843 = DIRECTION('',(1.,0.,-0.));
#4844 = DEFINITIONAL_REPRESENTATION('',(#4845),#4849);
#4845 = CIRCLE('',#4846,3.1);
#4846 = AXIS2_PLACEMENT_2D('',#4847,#4848);
#4847 = CARTESIAN_POINT('',(0.,0.));
#4848 = DIRECTION('',(1.,0.));
#4849 = ( GEOMETRIC_REPRESENTATION_CONTEXT(2) 
PARAMETRIC_REPRESENTATION_CONTEXT() REPRESENTATION_CONTEXT('2D SPACE',''
  ) );
#4850 = ORIENTED_EDGE('',*,*,#4851,.F.);
#4851 = EDGE_CURVE('',#4852,#4818,#4854,.T.);
#4852 = VERTEX_POINT('',#4853);
#4853 = CARTESIAN_POINT('',(3.1,-7.592810154714E-16,0.));
#4854 = SEAM_CURVE('',#4855,(#4859,#4866),.PCURVE_S1.);
#4855 = LINE('',#4856,#4857);
#4856 = CARTESIAN_POINT('',(3.1,-7.592810154714E-16,0.));
#4857 = VECTOR('',#4858,1.);
#4858 = DIRECTION('',(0.,0.,1.));
#4859 = PCURVE('',#4827,#4860);
#4860 = DEFINITIONAL_REPRESENTATION('',(#4861),#4865);
#4861 = LINE('',#4862,#4863);
#4862 = CARTESIAN_POINT('',(6.28318530718,-0.));
#4863 = VECTOR('',#4864,1.);
#4864 = DIRECTION('',(0.,1.));
#4865 = ( GEOMETRIC_REPRESENTATION_CONTEXT(2) 
PARAMETRIC_REPRESENTATION_CONTEXT() REPRESENTATION_CONTEXT('2D SPACE',''
  ) );
#4866 = PCURVE('',#4827,#4867);
#4867 = DEFINITIONAL_REPRESENTATION('',(#4868),#4872);
#4868 = LINE('',#4869,#4870);
#4869 = CARTESIAN_POINT('',(0.,-0.));
#4870 = VECTOR('',#4871,1.);
#4871 = DIRECTION('',(0.,1.));
#4872 = ( GEOMETRIC_REPRESENTATION_CONTEXT(2) 
PARAMETRIC_REPRESENTATION_CONTEXT() REPRESENTATION_CONTEXT('2D SPACE',''
  ) );
#4873 = ORIENTED_EDGE('',*,*,#4874,.T.);
#4874 = EDGE_CURVE('',#4852,#4852,#4875,.T.);
#4875 = SURFACE_CURVE('',#4876,(#4881,#4888),.PCURVE_S1.);
#4876 = CIRCLE('',#4877,3.1);
#4877 = AXIS2_PLACEMENT_3D('',#4878,#4879,#4880);
#4878 = CARTESIAN_POINT('',(0.,0.,0.));
#4879 = DIRECTION('',(0.,0.,1.));
#4880 = DIRECTION('',(1.,0.,-0.));
#4881 = PCURVE('',#4827,#4882);
#4882 = DEFINITIONAL_REPRESENTATION('',(#4883),#4887);
#4883 = LINE('',#4884,#4885);
#4884 = CARTESIAN_POINT('',(0.,0.));
#4885 = VECTOR('',#4886,1.);
#4886 = DIRECTION('',(1.,0.));
#4887 = ( GEOMETRIC_REPRESENTATION_CONTEXT(2) 
PARAMETRIC_REPRESENTATION_CONTEXT() REPRESENTATION_CONTEXT('2D SPACE',''
  ) );
#4888 = PCURVE('',#4889,#4894);
#4889 = PLANE('',#4890);
#4890 = AXIS2_PLACEMENT_3D('',#4891,#4892,#4893);
#4891 = CARTESIAN_POINT('',(0.,0.,0.));
#4892 = DIRECTION('',(0.,0.,1.));
#4893 = DIRECTION('',(1.,0.,-0.));
#4894 = DEFINITIONAL_REPRESENTATION('',(#4895),#4899);
#4895 = CIRCLE('',#4896,3.1);
#4896 = AXIS2_PLACEMENT_2D('',#4897,#4898);
#4897 = CARTESIAN_POINT('',(0.,0.));
#4898 = DIRECTION('',(1.,0.));
#4899 = ( GEOMETRIC_REPRESENTATION_CONTEXT(2) 
PARAMETRIC_REPRESENTATION_CONTEXT() REPRESENTATION_CONTEXT('2D SPACE',''
  ) );
#4900 = ORIENTED_EDGE('',*,*,#4851,.T.);
#4901 = ADVANCED_FACE('',(#4902),#4839,.T.);
#4902 = FACE_BOUND('',#4903,.T.);
#4903 = EDGE_LOOP('',(#4904));
#4904 = ORIENTED_EDGE('',*,*,#4817,.T.);
#4905 = ADVANCED_FACE('',(#4906),#4889,.F.);
#4906 = FACE_BOUND('',#4907,.T.);
#4907 = EDGE_LOOP('',(#4908));
#4908 = ORIENTED_EDGE('',*,*,#4874,.F.);
#4909 = ( GEOMETRIC_REPRESENTATION_CONTEXT(3) 
GLOBAL_UNCERTAINTY_ASSIGNED_CONTEXT((#4913)) 
GLOBAL_UNIT_ASSIGNED_CONTEXT((#4910,#4911,#4912)) REPRESENTATION_CONTEXT
('Context #1','3D Context with UNIT and UNCERTAINTY') );
#4910 = ( LENGTH_UNIT() NAMED_UNIT(*) SI_UNIT(.MILLI.,.METRE.) );
#4911 = ( NAMED_UNIT(*) PLANE_ANGLE_UNIT() SI_UNIT($,.RADIAN.) );
#4912 = ( NAMED_UNIT(*) SI_UNIT($,.STERADIAN.) SOLID_ANGLE_UNIT() );
#4913 = UNCERTAINTY_MEASURE_WITH_UNIT(LENGTH_MEASURE(1.E-07),#4910,
  'distance_accuracy_value','confusion accuracy');
#4914 = CONTEXT_DEPENDENT_SHAPE_REPRESENTATION(#4915,#4917);
#4915 = ( REPRESENTATION_RELATIONSHIP('','',#4810,#4787) 
REPRESENTATION_RELATIONSHIP_WITH_TRANSFORMATION(#4916) 
SHAPE_REPRESENTATION_RELATIONSHIP() );
#4916 = ITEM_DEFINED_TRANSFORMATION('','',#11,#4788);
#4917 = PRODUCT_DEFINITION_SHAPE('Placement','Placement of an item',
  #4918);
#4918 = NEXT_ASSEMBLY_USAGE_OCCURRENCE('63','=>[0:1:1:65]','',#4782,
  #4805,$);
#4919 = PRODUCT_RELATED_PRODUCT_CATEGORY('part',$,(#4807));
#4920 = SHAPE_DEFINITION_REPRESENTATION(#4921,#4927);
#4921 = PRODUCT_DEFINITION_SHAPE('','',#4922);
#4922 = PRODUCT_DEFINITION('design','',#4923,#4926);
#4923 = PRODUCT_DEFINITION_FORMATION('','',#4924);
#4924 = PRODUCT('external_regen_cooling_channel_27',
  'external_regen_cooling_channel_27','',(#4925));
#4925 = PRODUCT_CONTEXT('',#2,'mechanical');
#4926 = PRODUCT_DEFINITION_CONTEXT('part definition',#2,'design');
#4927 = SHAPE_REPRESENTATION('',(#11,#4928),#4932);
#4928 = AXIS2_PLACEMENT_3D('',#4929,#4930,#4931);
#4929 = CARTESIAN_POINT('',(0.,0.,-623.0477963047));
#4930 = DIRECTION('',(0.,0.,1.));
#4931 = DIRECTION('',(1.,0.,0.));
#4932 = ( GEOMETRIC_REPRESENTATION_CONTEXT(3) 
GLOBAL_UNCERTAINTY_ASSIGNED_CONTEXT((#4936)) 
GLOBAL_UNIT_ASSIGNED_CONTEXT((#4933,#4934,#4935)) REPRESENTATION_CONTEXT
('Context #1','3D Context with UNIT and UNCERTAINTY') );
#4933 = ( LENGTH_UNIT() NAMED_UNIT(*) SI_UNIT(.MILLI.,.METRE.) );
#4934 = ( NAMED_UNIT(*) PLANE_ANGLE_UNIT() SI_UNIT($,.RADIAN.) );
#4935 = ( NAMED_UNIT(*) SI_UNIT($,.STERADIAN.) SOLID_ANGLE_UNIT() );
#4936 = UNCERTAINTY_MEASURE_WITH_UNIT(LENGTH_MEASURE(1.E-07),#4933,
  'distance_accuracy_value','confusion accuracy');
#4937 = CONTEXT_DEPENDENT_SHAPE_REPRESENTATION(#4938,#4940);
#4938 = ( REPRESENTATION_RELATIONSHIP('','',#4927,#10) 
REPRESENTATION_RELATIONSHIP_WITH_TRANSFORMATION(#4939) 
SHAPE_REPRESENTATION_RELATIONSHIP() );
#4939 = ITEM_DEFINED_TRANSFORMATION('','',#11,#143);
#4940 = PRODUCT_DEFINITION_SHAPE('Placement','Placement of an item',
  #4941);
#4941 = NEXT_ASSEMBLY_USAGE_OCCURRENCE('66','=>[0:1:1:66]','',#5,#4922,$
  );
#4942 = PRODUCT_RELATED_PRODUCT_CATEGORY('part',$,(#4924));
#4943 = SHAPE_DEFINITION_REPRESENTATION(#4944,#4950);
#4944 = PRODUCT_DEFINITION_SHAPE('','',#4945);
#4945 = PRODUCT_DEFINITION('design','',#4946,#4949);
#4946 = PRODUCT_DEFINITION_FORMATION('','',#4947);
#4947 = PRODUCT('SOLID','SOLID','',(#4948));
#4948 = PRODUCT_CONTEXT('',#2,'mechanical');
#4949 = PRODUCT_DEFINITION_CONTEXT('part definition',#2,'design');
#4950 = ADVANCED_BREP_SHAPE_REPRESENTATION('',(#11,#4951),#5049);
#4951 = MANIFOLD_SOLID_BREP('',#4952);
#4952 = CLOSED_SHELL('',(#4953,#5041,#5045));
#4953 = ADVANCED_FACE('',(#4954),#4967,.T.);
#4954 = FACE_BOUND('',#4955,.T.);
#4955 = EDGE_LOOP('',(#4956,#4990,#5013,#5040));
#4956 = ORIENTED_EDGE('',*,*,#4957,.F.);
#4957 = EDGE_CURVE('',#4958,#4958,#4960,.T.);
#4958 = VERTEX_POINT('',#4959);
#4959 = CARTESIAN_POINT('',(3.1,-7.592810154714E-16,1.246095592609E+03)
  );
#4960 = SURFACE_CURVE('',#4961,(#4966,#4978),.PCURVE_S1.);
#4961 = CIRCLE('',#4962,3.1);
#4962 = AXIS2_PLACEMENT_3D('',#4963,#4964,#4965);
#4963 = CARTESIAN_POINT('',(0.,0.,1.246095592609E+03));
#4964 = DIRECTION('',(0.,0.,1.));
#4965 = DIRECTION('',(1.,0.,-0.));
#4966 = PCURVE('',#4967,#4972);
#4967 = CYLINDRICAL_SURFACE('',#4968,3.1);
#4968 = AXIS2_PLACEMENT_3D('',#4969,#4970,#4971);
#4969 = CARTESIAN_POINT('',(0.,0.,0.));
#4970 = DIRECTION('',(0.,0.,1.));
#4971 = DIRECTION('',(1.,0.,-0.));
#4972 = DEFINITIONAL_REPRESENTATION('',(#4973),#4977);
#4973 = LINE('',#4974,#4975);
#4974 = CARTESIAN_POINT('',(0.,1.246095592609E+03));
#4975 = VECTOR('',#4976,1.);
#4976 = DIRECTION('',(1.,0.));
#4977 = ( GEOMETRIC_REPRESENTATION_CONTEXT(2) 
PARAMETRIC_REPRESENTATION_CONTEXT() REPRESENTATION_CONTEXT('2D SPACE',''
  ) );
#4978 = PCURVE('',#4979,#4984);
#4979 = PLANE('',#4980);
#4980 = AXIS2_PLACEMENT_3D('',#4981,#4982,#4983);
#4981 = CARTESIAN_POINT('',(0.,0.,1.246095592609E+03));
#4982 = DIRECTION('',(0.,0.,1.));
#4983 = DIRECTION('',(1.,0.,-0.));
#4984 = DEFINITIONAL_REPRESENTATION('',(#4985),#4989);
#4985 = CIRCLE('',#4986,3.1);
#4986 = AXIS2_PLACEMENT_2D('',#4987,#4988);
#4987 = CARTESIAN_POINT('',(0.,0.));
#4988 = DIRECTION('',(1.,0.));
#4989 = ( GEOMETRIC_REPRESENTATION_CONTEXT(2) 
PARAMETRIC_REPRESENTATION_CONTEXT() REPRESENTATION_CONTEXT('2D SPACE',''
  ) );
#4990 = ORIENTED_EDGE('',*,*,#4991,.F.);
#4991 = EDGE_CURVE('',#4992,#4958,#4994,.T.);
#4992 = VERTEX_POINT('',#4993);
#4993 = CARTESIAN_POINT('',(3.1,-7.592810154714E-16,0.));
#4994 = SEAM_CURVE('',#4995,(#4999,#5006),.PCURVE_S1.);
#4995 = LINE('',#4996,#4997);
#4996 = CARTESIAN_POINT('',(3.1,-7.592810154714E-16,0.));
#4997 = VECTOR('',#4998,1.);
#4998 = DIRECTION('',(0.,0.,1.));
#4999 = PCURVE('',#4967,#5000);
#5000 = DEFINITIONAL_REPRESENTATION('',(#5001),#5005);
#5001 = LINE('',#5002,#5003);
#5002 = CARTESIAN_POINT('',(6.28318530718,-0.));
#5003 = VECTOR('',#5004,1.);
#5004 = DIRECTION('',(0.,1.));
#5005 = ( GEOMETRIC_REPRESENTATION_CONTEXT(2) 
PARAMETRIC_REPRESENTATION_CONTEXT() REPRESENTATION_CONTEXT('2D SPACE',''
  ) );
#5006 = PCURVE('',#4967,#5007);
#5007 = DEFINITIONAL_REPRESENTATION('',(#5008),#5012);
#5008 = LINE('',#5009,#5010);
#5009 = CARTESIAN_POINT('',(0.,-0.));
#5010 = VECTOR('',#5011,1.);
#5011 = DIRECTION('',(0.,1.));
#5012 = ( GEOMETRIC_REPRESENTATION_CONTEXT(2) 
PARAMETRIC_REPRESENTATION_CONTEXT() REPRESENTATION_CONTEXT('2D SPACE',''
  ) );
#5013 = ORIENTED_EDGE('',*,*,#5014,.T.);
#5014 = EDGE_CURVE('',#4992,#4992,#5015,.T.);
#5015 = SURFACE_CURVE('',#5016,(#5021,#5028),.PCURVE_S1.);
#5016 = CIRCLE('',#5017,3.1);
#5017 = AXIS2_PLACEMENT_3D('',#5018,#5019,#5020);
#5018 = CARTESIAN_POINT('',(0.,0.,0.));
#5019 = DIRECTION('',(0.,0.,1.));
#5020 = DIRECTION('',(1.,0.,-0.));
#5021 = PCURVE('',#4967,#5022);
#5022 = DEFINITIONAL_REPRESENTATION('',(#5023),#5027);
#5023 = LINE('',#5024,#5025);
#5024 = CARTESIAN_POINT('',(0.,0.));
#5025 = VECTOR('',#5026,1.);
#5026 = DIRECTION('',(1.,0.));
#5027 = ( GEOMETRIC_REPRESENTATION_CONTEXT(2) 
PARAMETRIC_REPRESENTATION_CONTEXT() REPRESENTATION_CONTEXT('2D SPACE',''
  ) );
#5028 = PCURVE('',#5029,#5034);
#5029 = PLANE('',#5030);
#5030 = AXIS2_PLACEMENT_3D('',#5031,#5032,#5033);
#5031 = CARTESIAN_POINT('',(0.,0.,0.));
#5032 = DIRECTION('',(0.,0.,1.));
#5033 = DIRECTION('',(1.,0.,-0.));
#5034 = DEFINITIONAL_REPRESENTATION('',(#5035),#5039);
#5035 = CIRCLE('',#5036,3.1);
#5036 = AXIS2_PLACEMENT_2D('',#5037,#5038);
#5037 = CARTESIAN_POINT('',(0.,0.));
#5038 = DIRECTION('',(1.,0.));
#5039 = ( GEOMETRIC_REPRESENTATION_CONTEXT(2) 
PARAMETRIC_REPRESENTATION_CONTEXT() REPRESENTATION_CONTEXT('2D SPACE',''
  ) );
#5040 = ORIENTED_EDGE('',*,*,#4991,.T.);
#5041 = ADVANCED_FACE('',(#5042),#4979,.T.);
#5042 = FACE_BOUND('',#5043,.T.);
#5043 = EDGE_LOOP('',(#5044));
#5044 = ORIENTED_EDGE('',*,*,#4957,.T.);
#5045 = ADVANCED_FACE('',(#5046),#5029,.F.);
#5046 = FACE_BOUND('',#5047,.T.);
#5047 = EDGE_LOOP('',(#5048));
#5048 = ORIENTED_EDGE('',*,*,#5014,.F.);
#5049 = ( GEOMETRIC_REPRESENTATION_CONTEXT(3) 
GLOBAL_UNCERTAINTY_ASSIGNED_CONTEXT((#5053)) 
GLOBAL_UNIT_ASSIGNED_CONTEXT((#5050,#5051,#5052)) REPRESENTATION_CONTEXT
('Context #1','3D Context with UNIT and UNCERTAINTY') );
#5050 = ( LENGTH_UNIT() NAMED_UNIT(*) SI_UNIT(.MILLI.,.METRE.) );
#5051 = ( NAMED_UNIT(*) PLANE_ANGLE_UNIT() SI_UNIT($,.RADIAN.) );
#5052 = ( NAMED_UNIT(*) SI_UNIT($,.STERADIAN.) SOLID_ANGLE_UNIT() );
#5053 = UNCERTAINTY_MEASURE_WITH_UNIT(LENGTH_MEASURE(1.E-07),#5050,
  'distance_accuracy_value','confusion accuracy');
#5054 = CONTEXT_DEPENDENT_SHAPE_REPRESENTATION(#5055,#5057);
#5055 = ( REPRESENTATION_RELATIONSHIP('','',#4950,#4927) 
REPRESENTATION_RELATIONSHIP_WITH_TRANSFORMATION(#5056) 
SHAPE_REPRESENTATION_RELATIONSHIP() );
#5056 = ITEM_DEFINED_TRANSFORMATION('','',#11,#4928);
#5057 = PRODUCT_DEFINITION_SHAPE('Placement','Placement of an item',
  #5058);
#5058 = NEXT_ASSEMBLY_USAGE_OCCURRENCE('65','=>[0:1:1:67]','',#4922,
  #4945,$);
#5059 = PRODUCT_RELATED_PRODUCT_CATEGORY('part',$,(#4947));
#5060 = SHAPE_DEFINITION_REPRESENTATION(#5061,#5067);
#5061 = PRODUCT_DEFINITION_SHAPE('','',#5062);
#5062 = PRODUCT_DEFINITION('design','',#5063,#5066);
#5063 = PRODUCT_DEFINITION_FORMATION('','',#5064);
#5064 = PRODUCT('external_regen_cooling_channel_28',
  'external_regen_cooling_channel_28','',(#5065));
#5065 = PRODUCT_CONTEXT('',#2,'mechanical');
#5066 = PRODUCT_DEFINITION_CONTEXT('part definition',#2,'design');
#5067 = SHAPE_REPRESENTATION('',(#11,#5068),#5072);
#5068 = AXIS2_PLACEMENT_3D('',#5069,#5070,#5071);
#5069 = CARTESIAN_POINT('',(0.,0.,-623.0477963047));
#5070 = DIRECTION('',(0.,0.,1.));
#5071 = DIRECTION('',(1.,0.,0.));
#5072 = ( GEOMETRIC_REPRESENTATION_CONTEXT(3) 
GLOBAL_UNCERTAINTY_ASSIGNED_CONTEXT((#5076)) 
GLOBAL_UNIT_ASSIGNED_CONTEXT((#5073,#5074,#5075)) REPRESENTATION_CONTEXT
('Context #1','3D Context with UNIT and UNCERTAINTY') );
#5073 = ( LENGTH_UNIT() NAMED_UNIT(*) SI_UNIT(.MILLI.,.METRE.) );
#5074 = ( NAMED_UNIT(*) PLANE_ANGLE_UNIT() SI_UNIT($,.RADIAN.) );
#5075 = ( NAMED_UNIT(*) SI_UNIT($,.STERADIAN.) SOLID_ANGLE_UNIT() );
#5076 = UNCERTAINTY_MEASURE_WITH_UNIT(LENGTH_MEASURE(1.E-07),#5073,
  'distance_accuracy_value','confusion accuracy');
#5077 = CONTEXT_DEPENDENT_SHAPE_REPRESENTATION(#5078,#5080);
#5078 = ( REPRESENTATION_RELATIONSHIP('','',#5067,#10) 
REPRESENTATION_RELATIONSHIP_WITH_TRANSFORMATION(#5079) 
SHAPE_REPRESENTATION_RELATIONSHIP() );
#5079 = ITEM_DEFINED_TRANSFORMATION('','',#11,#147);
#5080 = PRODUCT_DEFINITION_SHAPE('Placement','Placement of an item',
  #5081);
#5081 = NEXT_ASSEMBLY_USAGE_OCCURRENCE('68','=>[0:1:1:68]','',#5,#5062,$
  );
#5082 = PRODUCT_RELATED_PRODUCT_CATEGORY('part',$,(#5064));
#5083 = SHAPE_DEFINITION_REPRESENTATION(#5084,#5090);
#5084 = PRODUCT_DEFINITION_SHAPE('','',#5085);
#5085 = PRODUCT_DEFINITION('design','',#5086,#5089);
#5086 = PRODUCT_DEFINITION_FORMATION('','',#5087);
#5087 = PRODUCT('SOLID','SOLID','',(#5088));
#5088 = PRODUCT_CONTEXT('',#2,'mechanical');
#5089 = PRODUCT_DEFINITION_CONTEXT('part definition',#2,'design');
#5090 = ADVANCED_BREP_SHAPE_REPRESENTATION('',(#11,#5091),#5189);
#5091 = MANIFOLD_SOLID_BREP('',#5092);
#5092 = CLOSED_SHELL('',(#5093,#5181,#5185));
#5093 = ADVANCED_FACE('',(#5094),#5107,.T.);
#5094 = FACE_BOUND('',#5095,.T.);
#5095 = EDGE_LOOP('',(#5096,#5130,#5153,#5180));
#5096 = ORIENTED_EDGE('',*,*,#5097,.F.);
#5097 = EDGE_CURVE('',#5098,#5098,#5100,.T.);
#5098 = VERTEX_POINT('',#5099);
#5099 = CARTESIAN_POINT('',(3.1,-7.592810154714E-16,1.246095592609E+03)
  );
#5100 = SURFACE_CURVE('',#5101,(#5106,#5118),.PCURVE_S1.);
#5101 = CIRCLE('',#5102,3.1);
#5102 = AXIS2_PLACEMENT_3D('',#5103,#5104,#5105);
#5103 = CARTESIAN_POINT('',(0.,0.,1.246095592609E+03));
#5104 = DIRECTION('',(0.,0.,1.));
#5105 = DIRECTION('',(1.,0.,-0.));
#5106 = PCURVE('',#5107,#5112);
#5107 = CYLINDRICAL_SURFACE('',#5108,3.1);
#5108 = AXIS2_PLACEMENT_3D('',#5109,#5110,#5111);
#5109 = CARTESIAN_POINT('',(0.,0.,0.));
#5110 = DIRECTION('',(0.,0.,1.));
#5111 = DIRECTION('',(1.,0.,-0.));
#5112 = DEFINITIONAL_REPRESENTATION('',(#5113),#5117);
#5113 = LINE('',#5114,#5115);
#5114 = CARTESIAN_POINT('',(0.,1.246095592609E+03));
#5115 = VECTOR('',#5116,1.);
#5116 = DIRECTION('',(1.,0.));
#5117 = ( GEOMETRIC_REPRESENTATION_CONTEXT(2) 
PARAMETRIC_REPRESENTATION_CONTEXT() REPRESENTATION_CONTEXT('2D SPACE',''
  ) );
#5118 = PCURVE('',#5119,#5124);
#5119 = PLANE('',#5120);
#5120 = AXIS2_PLACEMENT_3D('',#5121,#5122,#5123);
#5121 = CARTESIAN_POINT('',(0.,0.,1.246095592609E+03));
#5122 = DIRECTION('',(0.,0.,1.));
#5123 = DIRECTION('',(1.,0.,-0.));
#5124 = DEFINITIONAL_REPRESENTATION('',(#5125),#5129);
#5125 = CIRCLE('',#5126,3.1);
#5126 = AXIS2_PLACEMENT_2D('',#5127,#5128);
#5127 = CARTESIAN_POINT('',(0.,0.));
#5128 = DIRECTION('',(1.,0.));
#5129 = ( GEOMETRIC_REPRESENTATION_CONTEXT(2) 
PARAMETRIC_REPRESENTATION_CONTEXT() REPRESENTATION_CONTEXT('2D SPACE',''
  ) );
#5130 = ORIENTED_EDGE('',*,*,#5131,.F.);
#5131 = EDGE_CURVE('',#5132,#5098,#5134,.T.);
#5132 = VERTEX_POINT('',#5133);
#5133 = CARTESIAN_POINT('',(3.1,-7.592810154714E-16,0.));
#5134 = SEAM_CURVE('',#5135,(#5139,#5146),.PCURVE_S1.);
#5135 = LINE('',#5136,#5137);
#5136 = CARTESIAN_POINT('',(3.1,-7.592810154714E-16,0.));
#5137 = VECTOR('',#5138,1.);
#5138 = DIRECTION('',(0.,0.,1.));
#5139 = PCURVE('',#5107,#5140);
#5140 = DEFINITIONAL_REPRESENTATION('',(#5141),#5145);
#5141 = LINE('',#5142,#5143);
#5142 = CARTESIAN_POINT('',(6.28318530718,-0.));
#5143 = VECTOR('',#5144,1.);
#5144 = DIRECTION('',(0.,1.));
#5145 = ( GEOMETRIC_REPRESENTATION_CONTEXT(2) 
PARAMETRIC_REPRESENTATION_CONTEXT() REPRESENTATION_CONTEXT('2D SPACE',''
  ) );
#5146 = PCURVE('',#5107,#5147);
#5147 = DEFINITIONAL_REPRESENTATION('',(#5148),#5152);
#5148 = LINE('',#5149,#5150);
#5149 = CARTESIAN_POINT('',(0.,-0.));
#5150 = VECTOR('',#5151,1.);
#5151 = DIRECTION('',(0.,1.));
#5152 = ( GEOMETRIC_REPRESENTATION_CONTEXT(2) 
PARAMETRIC_REPRESENTATION_CONTEXT() REPRESENTATION_CONTEXT('2D SPACE',''
  ) );
#5153 = ORIENTED_EDGE('',*,*,#5154,.T.);
#5154 = EDGE_CURVE('',#5132,#5132,#5155,.T.);
#5155 = SURFACE_CURVE('',#5156,(#5161,#5168),.PCURVE_S1.);
#5156 = CIRCLE('',#5157,3.1);
#5157 = AXIS2_PLACEMENT_3D('',#5158,#5159,#5160);
#5158 = CARTESIAN_POINT('',(0.,0.,0.));
#5159 = DIRECTION('',(0.,0.,1.));
#5160 = DIRECTION('',(1.,0.,-0.));
#5161 = PCURVE('',#5107,#5162);
#5162 = DEFINITIONAL_REPRESENTATION('',(#5163),#5167);
#5163 = LINE('',#5164,#5165);
#5164 = CARTESIAN_POINT('',(0.,0.));
#5165 = VECTOR('',#5166,1.);
#5166 = DIRECTION('',(1.,0.));
#5167 = ( GEOMETRIC_REPRESENTATION_CONTEXT(2) 
PARAMETRIC_REPRESENTATION_CONTEXT() REPRESENTATION_CONTEXT('2D SPACE',''
  ) );
#5168 = PCURVE('',#5169,#5174);
#5169 = PLANE('',#5170);
#5170 = AXIS2_PLACEMENT_3D('',#5171,#5172,#5173);
#5171 = CARTESIAN_POINT('',(0.,0.,0.));
#5172 = DIRECTION('',(0.,0.,1.));
#5173 = DIRECTION('',(1.,0.,-0.));
#5174 = DEFINITIONAL_REPRESENTATION('',(#5175),#5179);
#5175 = CIRCLE('',#5176,3.1);
#5176 = AXIS2_PLACEMENT_2D('',#5177,#5178);
#5177 = CARTESIAN_POINT('',(0.,0.));
#5178 = DIRECTION('',(1.,0.));
#5179 = ( GEOMETRIC_REPRESENTATION_CONTEXT(2) 
PARAMETRIC_REPRESENTATION_CONTEXT() REPRESENTATION_CONTEXT('2D SPACE',''
  ) );
#5180 = ORIENTED_EDGE('',*,*,#5131,.T.);
#5181 = ADVANCED_FACE('',(#5182),#5119,.T.);
#5182 = FACE_BOUND('',#5183,.T.);
#5183 = EDGE_LOOP('',(#5184));
#5184 = ORIENTED_EDGE('',*,*,#5097,.T.);
#5185 = ADVANCED_FACE('',(#5186),#5169,.F.);
#5186 = FACE_BOUND('',#5187,.T.);
#5187 = EDGE_LOOP('',(#5188));
#5188 = ORIENTED_EDGE('',*,*,#5154,.F.);
#5189 = ( GEOMETRIC_REPRESENTATION_CONTEXT(3) 
GLOBAL_UNCERTAINTY_ASSIGNED_CONTEXT((#5193)) 
GLOBAL_UNIT_ASSIGNED_CONTEXT((#5190,#5191,#5192)) REPRESENTATION_CONTEXT
('Context #1','3D Context with UNIT and UNCERTAINTY') );
#5190 = ( LENGTH_UNIT() NAMED_UNIT(*) SI_UNIT(.MILLI.,.METRE.) );
#5191 = ( NAMED_UNIT(*) PLANE_ANGLE_UNIT() SI_UNIT($,.RADIAN.) );
#5192 = ( NAMED_UNIT(*) SI_UNIT($,.STERADIAN.) SOLID_ANGLE_UNIT() );
#5193 = UNCERTAINTY_MEASURE_WITH_UNIT(LENGTH_MEASURE(1.E-07),#5190,
  'distance_accuracy_value','confusion accuracy');
#5194 = CONTEXT_DEPENDENT_SHAPE_REPRESENTATION(#5195,#5197);
#5195 = ( REPRESENTATION_RELATIONSHIP('','',#5090,#5067) 
REPRESENTATION_RELATIONSHIP_WITH_TRANSFORMATION(#5196) 
SHAPE_REPRESENTATION_RELATIONSHIP() );
#5196 = ITEM_DEFINED_TRANSFORMATION('','',#11,#5068);
#5197 = PRODUCT_DEFINITION_SHAPE('Placement','Placement of an item',
  #5198);
#5198 = NEXT_ASSEMBLY_USAGE_OCCURRENCE('67','=>[0:1:1:69]','',#5062,
  #5085,$);
#5199 = PRODUCT_RELATED_PRODUCT_CATEGORY('part',$,(#5087));
#5200 = SHAPE_DEFINITION_REPRESENTATION(#5201,#5207);
#5201 = PRODUCT_DEFINITION_SHAPE('','',#5202);
#5202 = PRODUCT_DEFINITION('design','',#5203,#5206);
#5203 = PRODUCT_DEFINITION_FORMATION('','',#5204);
#5204 = PRODUCT('external_regen_cooling_channel_29',
  'external_regen_cooling_channel_29','',(#5205));
#5205 = PRODUCT_CONTEXT('',#2,'mechanical');
#5206 = PRODUCT_DEFINITION_CONTEXT('part definition',#2,'design');
#5207 = SHAPE_REPRESENTATION('',(#11,#5208),#5212);
#5208 = AXIS2_PLACEMENT_3D('',#5209,#5210,#5211);
#5209 = CARTESIAN_POINT('',(0.,0.,-623.0477963047));
#5210 = DIRECTION('',(0.,0.,1.));
#5211 = DIRECTION('',(1.,0.,0.));
#5212 = ( GEOMETRIC_REPRESENTATION_CONTEXT(3) 
GLOBAL_UNCERTAINTY_ASSIGNED_CONTEXT((#5216)) 
GLOBAL_UNIT_ASSIGNED_CONTEXT((#5213,#5214,#5215)) REPRESENTATION_CONTEXT
('Context #1','3D Context with UNIT and UNCERTAINTY') );
#5213 = ( LENGTH_UNIT() NAMED_UNIT(*) SI_UNIT(.MILLI.,.METRE.) );
#5214 = ( NAMED_UNIT(*) PLANE_ANGLE_UNIT() SI_UNIT($,.RADIAN.) );
#5215 = ( NAMED_UNIT(*) SI_UNIT($,.STERADIAN.) SOLID_ANGLE_UNIT() );
#5216 = UNCERTAINTY_MEASURE_WITH_UNIT(LENGTH_MEASURE(1.E-07),#5213,
  'distance_accuracy_value','confusion accuracy');
#5217 = CONTEXT_DEPENDENT_SHAPE_REPRESENTATION(#5218,#5220);
#5218 = ( REPRESENTATION_RELATIONSHIP('','',#5207,#10) 
REPRESENTATION_RELATIONSHIP_WITH_TRANSFORMATION(#5219) 
SHAPE_REPRESENTATION_RELATIONSHIP() );
#5219 = ITEM_DEFINED_TRANSFORMATION('','',#11,#151);
#5220 = PRODUCT_DEFINITION_SHAPE('Placement','Placement of an item',
  #5221);
#5221 = NEXT_ASSEMBLY_USAGE_OCCURRENCE('70','=>[0:1:1:70]','',#5,#5202,$
  );
#5222 = PRODUCT_RELATED_PRODUCT_CATEGORY('part',$,(#5204));
#5223 = SHAPE_DEFINITION_REPRESENTATION(#5224,#5230);
#5224 = PRODUCT_DEFINITION_SHAPE('','',#5225);
#5225 = PRODUCT_DEFINITION('design','',#5226,#5229);
#5226 = PRODUCT_DEFINITION_FORMATION('','',#5227);
#5227 = PRODUCT('SOLID','SOLID','',(#5228));
#5228 = PRODUCT_CONTEXT('',#2,'mechanical');
#5229 = PRODUCT_DEFINITION_CONTEXT('part definition',#2,'design');
#5230 = ADVANCED_BREP_SHAPE_REPRESENTATION('',(#11,#5231),#5329);
#5231 = MANIFOLD_SOLID_BREP('',#5232);
#5232 = CLOSED_SHELL('',(#5233,#5321,#5325));
#5233 = ADVANCED_FACE('',(#5234),#5247,.T.);
#5234 = FACE_BOUND('',#5235,.T.);
#5235 = EDGE_LOOP('',(#5236,#5270,#5293,#5320));
#5236 = ORIENTED_EDGE('',*,*,#5237,.F.);
#5237 = EDGE_CURVE('',#5238,#5238,#5240,.T.);
#5238 = VERTEX_POINT('',#5239);
#5239 = CARTESIAN_POINT('',(3.1,-7.592810154714E-16,1.246095592609E+03)
  );
#5240 = SURFACE_CURVE('',#5241,(#5246,#5258),.PCURVE_S1.);
#5241 = CIRCLE('',#5242,3.1);
#5242 = AXIS2_PLACEMENT_3D('',#5243,#5244,#5245);
#5243 = CARTESIAN_POINT('',(0.,0.,1.246095592609E+03));
#5244 = DIRECTION('',(0.,0.,1.));
#5245 = DIRECTION('',(1.,0.,-0.));
#5246 = PCURVE('',#5247,#5252);
#5247 = CYLINDRICAL_SURFACE('',#5248,3.1);
#5248 = AXIS2_PLACEMENT_3D('',#5249,#5250,#5251);
#5249 = CARTESIAN_POINT('',(0.,0.,0.));
#5250 = DIRECTION('',(0.,0.,1.));
#5251 = DIRECTION('',(1.,0.,-0.));
#5252 = DEFINITIONAL_REPRESENTATION('',(#5253),#5257);
#5253 = LINE('',#5254,#5255);
#5254 = CARTESIAN_POINT('',(0.,1.246095592609E+03));
#5255 = VECTOR('',#5256,1.);
#5256 = DIRECTION('',(1.,0.));
#5257 = ( GEOMETRIC_REPRESENTATION_CONTEXT(2) 
PARAMETRIC_REPRESENTATION_CONTEXT() REPRESENTATION_CONTEXT('2D SPACE',''
  ) );
#5258 = PCURVE('',#5259,#5264);
#5259 = PLANE('',#5260);
#5260 = AXIS2_PLACEMENT_3D('',#5261,#5262,#5263);
#5261 = CARTESIAN_POINT('',(0.,0.,1.246095592609E+03));
#5262 = DIRECTION('',(0.,0.,1.));
#5263 = DIRECTION('',(1.,0.,-0.));
#5264 = DEFINITIONAL_REPRESENTATION('',(#5265),#5269);
#5265 = CIRCLE('',#5266,3.1);
#5266 = AXIS2_PLACEMENT_2D('',#5267,#5268);
#5267 = CARTESIAN_POINT('',(0.,0.));
#5268 = DIRECTION('',(1.,0.));
#5269 = ( GEOMETRIC_REPRESENTATION_CONTEXT(2) 
PARAMETRIC_REPRESENTATION_CONTEXT() REPRESENTATION_CONTEXT('2D SPACE',''
  ) );
#5270 = ORIENTED_EDGE('',*,*,#5271,.F.);
#5271 = EDGE_CURVE('',#5272,#5238,#5274,.T.);
#5272 = VERTEX_POINT('',#5273);
#5273 = CARTESIAN_POINT('',(3.1,-7.592810154714E-16,0.));
#5274 = SEAM_CURVE('',#5275,(#5279,#5286),.PCURVE_S1.);
#5275 = LINE('',#5276,#5277);
#5276 = CARTESIAN_POINT('',(3.1,-7.592810154714E-16,0.));
#5277 = VECTOR('',#5278,1.);
#5278 = DIRECTION('',(0.,0.,1.));
#5279 = PCURVE('',#5247,#5280);
#5280 = DEFINITIONAL_REPRESENTATION('',(#5281),#5285);
#5281 = LINE('',#5282,#5283);
#5282 = CARTESIAN_POINT('',(6.28318530718,-0.));
#5283 = VECTOR('',#5284,1.);
#5284 = DIRECTION('',(0.,1.));
#5285 = ( GEOMETRIC_REPRESENTATION_CONTEXT(2) 
PARAMETRIC_REPRESENTATION_CONTEXT() REPRESENTATION_CONTEXT('2D SPACE',''
  ) );
#5286 = PCURVE('',#5247,#5287);
#5287 = DEFINITIONAL_REPRESENTATION('',(#5288),#5292);
#5288 = LINE('',#5289,#5290);
#5289 = CARTESIAN_POINT('',(0.,-0.));
#5290 = VECTOR('',#5291,1.);
#5291 = DIRECTION('',(0.,1.));
#5292 = ( GEOMETRIC_REPRESENTATION_CONTEXT(2) 
PARAMETRIC_REPRESENTATION_CONTEXT() REPRESENTATION_CONTEXT('2D SPACE',''
  ) );
#5293 = ORIENTED_EDGE('',*,*,#5294,.T.);
#5294 = EDGE_CURVE('',#5272,#5272,#5295,.T.);
#5295 = SURFACE_CURVE('',#5296,(#5301,#5308),.PCURVE_S1.);
#5296 = CIRCLE('',#5297,3.1);
#5297 = AXIS2_PLACEMENT_3D('',#5298,#5299,#5300);
#5298 = CARTESIAN_POINT('',(0.,0.,0.));
#5299 = DIRECTION('',(0.,0.,1.));
#5300 = DIRECTION('',(1.,0.,-0.));
#5301 = PCURVE('',#5247,#5302);
#5302 = DEFINITIONAL_REPRESENTATION('',(#5303),#5307);
#5303 = LINE('',#5304,#5305);
#5304 = CARTESIAN_POINT('',(0.,0.));
#5305 = VECTOR('',#5306,1.);
#5306 = DIRECTION('',(1.,0.));
#5307 = ( GEOMETRIC_REPRESENTATION_CONTEXT(2) 
PARAMETRIC_REPRESENTATION_CONTEXT() REPRESENTATION_CONTEXT('2D SPACE',''
  ) );
#5308 = PCURVE('',#5309,#5314);
#5309 = PLANE('',#5310);
#5310 = AXIS2_PLACEMENT_3D('',#5311,#5312,#5313);
#5311 = CARTESIAN_POINT('',(0.,0.,0.));
#5312 = DIRECTION('',(0.,0.,1.));
#5313 = DIRECTION('',(1.,0.,-0.));
#5314 = DEFINITIONAL_REPRESENTATION('',(#5315),#5319);
#5315 = CIRCLE('',#5316,3.1);
#5316 = AXIS2_PLACEMENT_2D('',#5317,#5318);
#5317 = CARTESIAN_POINT('',(0.,0.));
#5318 = DIRECTION('',(1.,0.));
#5319 = ( GEOMETRIC_REPRESENTATION_CONTEXT(2) 
PARAMETRIC_REPRESENTATION_CONTEXT() REPRESENTATION_CONTEXT('2D SPACE',''
  ) );
#5320 = ORIENTED_EDGE('',*,*,#5271,.T.);
#5321 = ADVANCED_FACE('',(#5322),#5259,.T.);
#5322 = FACE_BOUND('',#5323,.T.);
#5323 = EDGE_LOOP('',(#5324));
#5324 = ORIENTED_EDGE('',*,*,#5237,.T.);
#5325 = ADVANCED_FACE('',(#5326),#5309,.F.);
#5326 = FACE_BOUND('',#5327,.T.);
#5327 = EDGE_LOOP('',(#5328));
#5328 = ORIENTED_EDGE('',*,*,#5294,.F.);
#5329 = ( GEOMETRIC_REPRESENTATION_CONTEXT(3) 
GLOBAL_UNCERTAINTY_ASSIGNED_CONTEXT((#5333)) 
GLOBAL_UNIT_ASSIGNED_CONTEXT((#5330,#5331,#5332)) REPRESENTATION_CONTEXT
('Context #1','3D Context with UNIT and UNCERTAINTY') );
#5330 = ( LENGTH_UNIT() NAMED_UNIT(*) SI_UNIT(.MILLI.,.METRE.) );
#5331 = ( NAMED_UNIT(*) PLANE_ANGLE_UNIT() SI_UNIT($,.RADIAN.) );
#5332 = ( NAMED_UNIT(*) SI_UNIT($,.STERADIAN.) SOLID_ANGLE_UNIT() );
#5333 = UNCERTAINTY_MEASURE_WITH_UNIT(LENGTH_MEASURE(1.E-07),#5330,
  'distance_accuracy_value','confusion accuracy');
#5334 = CONTEXT_DEPENDENT_SHAPE_REPRESENTATION(#5335,#5337);
#5335 = ( REPRESENTATION_RELATIONSHIP('','',#5230,#5207) 
REPRESENTATION_RELATIONSHIP_WITH_TRANSFORMATION(#5336) 
SHAPE_REPRESENTATION_RELATIONSHIP() );
#5336 = ITEM_DEFINED_TRANSFORMATION('','',#11,#5208);
#5337 = PRODUCT_DEFINITION_SHAPE('Placement','Placement of an item',
  #5338);
#5338 = NEXT_ASSEMBLY_USAGE_OCCURRENCE('69','=>[0:1:1:71]','',#5202,
  #5225,$);
#5339 = PRODUCT_RELATED_PRODUCT_CATEGORY('part',$,(#5227));
#5340 = SHAPE_DEFINITION_REPRESENTATION(#5341,#5347);
#5341 = PRODUCT_DEFINITION_SHAPE('','',#5342);
#5342 = PRODUCT_DEFINITION('design','',#5343,#5346);
#5343 = PRODUCT_DEFINITION_FORMATION('','',#5344);
#5344 = PRODUCT('external_regen_cooling_channel_30',
  'external_regen_cooling_channel_30','',(#5345));
#5345 = PRODUCT_CONTEXT('',#2,'mechanical');
#5346 = PRODUCT_DEFINITION_CONTEXT('part definition',#2,'design');
#5347 = SHAPE_REPRESENTATION('',(#11,#5348),#5352);
#5348 = AXIS2_PLACEMENT_3D('',#5349,#5350,#5351);
#5349 = CARTESIAN_POINT('',(0.,0.,-623.0477963047));
#5350 = DIRECTION('',(0.,0.,1.));
#5351 = DIRECTION('',(1.,0.,0.));
#5352 = ( GEOMETRIC_REPRESENTATION_CONTEXT(3) 
GLOBAL_UNCERTAINTY_ASSIGNED_CONTEXT((#5356)) 
GLOBAL_UNIT_ASSIGNED_CONTEXT((#5353,#5354,#5355)) REPRESENTATION_CONTEXT
('Context #1','3D Context with UNIT and UNCERTAINTY') );
#5353 = ( LENGTH_UNIT() NAMED_UNIT(*) SI_UNIT(.MILLI.,.METRE.) );
#5354 = ( NAMED_UNIT(*) PLANE_ANGLE_UNIT() SI_UNIT($,.RADIAN.) );
#5355 = ( NAMED_UNIT(*) SI_UNIT($,.STERADIAN.) SOLID_ANGLE_UNIT() );
#5356 = UNCERTAINTY_MEASURE_WITH_UNIT(LENGTH_MEASURE(1.E-07),#5353,
  'distance_accuracy_value','confusion accuracy');
#5357 = CONTEXT_DEPENDENT_SHAPE_REPRESENTATION(#5358,#5360);
#5358 = ( REPRESENTATION_RELATIONSHIP('','',#5347,#10) 
REPRESENTATION_RELATIONSHIP_WITH_TRANSFORMATION(#5359) 
SHAPE_REPRESENTATION_RELATIONSHIP() );
#5359 = ITEM_DEFINED_TRANSFORMATION('','',#11,#155);
#5360 = PRODUCT_DEFINITION_SHAPE('Placement','Placement of an item',
  #5361);
#5361 = NEXT_ASSEMBLY_USAGE_OCCURRENCE('72','=>[0:1:1:72]','',#5,#5342,$
  );
#5362 = PRODUCT_RELATED_PRODUCT_CATEGORY('part',$,(#5344));
#5363 = SHAPE_DEFINITION_REPRESENTATION(#5364,#5370);
#5364 = PRODUCT_DEFINITION_SHAPE('','',#5365);
#5365 = PRODUCT_DEFINITION('design','',#5366,#5369);
#5366 = PRODUCT_DEFINITION_FORMATION('','',#5367);
#5367 = PRODUCT('SOLID','SOLID','',(#5368));
#5368 = PRODUCT_CONTEXT('',#2,'mechanical');
#5369 = PRODUCT_DEFINITION_CONTEXT('part definition',#2,'design');
#5370 = ADVANCED_BREP_SHAPE_REPRESENTATION('',(#11,#5371),#5469);
#5371 = MANIFOLD_SOLID_BREP('',#5372);
#5372 = CLOSED_SHELL('',(#5373,#5461,#5465));
#5373 = ADVANCED_FACE('',(#5374),#5387,.T.);
#5374 = FACE_BOUND('',#5375,.T.);
#5375 = EDGE_LOOP('',(#5376,#5410,#5433,#5460));
#5376 = ORIENTED_EDGE('',*,*,#5377,.F.);
#5377 = EDGE_CURVE('',#5378,#5378,#5380,.T.);
#5378 = VERTEX_POINT('',#5379);
#5379 = CARTESIAN_POINT('',(3.1,-7.592810154714E-16,1.246095592609E+03)
  );
#5380 = SURFACE_CURVE('',#5381,(#5386,#5398),.PCURVE_S1.);
#5381 = CIRCLE('',#5382,3.1);
#5382 = AXIS2_PLACEMENT_3D('',#5383,#5384,#5385);
#5383 = CARTESIAN_POINT('',(0.,0.,1.246095592609E+03));
#5384 = DIRECTION('',(0.,0.,1.));
#5385 = DIRECTION('',(1.,0.,-0.));
#5386 = PCURVE('',#5387,#5392);
#5387 = CYLINDRICAL_SURFACE('',#5388,3.1);
#5388 = AXIS2_PLACEMENT_3D('',#5389,#5390,#5391);
#5389 = CARTESIAN_POINT('',(0.,0.,0.));
#5390 = DIRECTION('',(0.,0.,1.));
#5391 = DIRECTION('',(1.,0.,-0.));
#5392 = DEFINITIONAL_REPRESENTATION('',(#5393),#5397);
#5393 = LINE('',#5394,#5395);
#5394 = CARTESIAN_POINT('',(0.,1.246095592609E+03));
#5395 = VECTOR('',#5396,1.);
#5396 = DIRECTION('',(1.,0.));
#5397 = ( GEOMETRIC_REPRESENTATION_CONTEXT(2) 
PARAMETRIC_REPRESENTATION_CONTEXT() REPRESENTATION_CONTEXT('2D SPACE',''
  ) );
#5398 = PCURVE('',#5399,#5404);
#5399 = PLANE('',#5400);
#5400 = AXIS2_PLACEMENT_3D('',#5401,#5402,#5403);
#5401 = CARTESIAN_POINT('',(0.,0.,1.246095592609E+03));
#5402 = DIRECTION('',(0.,0.,1.));
#5403 = DIRECTION('',(1.,0.,-0.));
#5404 = DEFINITIONAL_REPRESENTATION('',(#5405),#5409);
#5405 = CIRCLE('',#5406,3.1);
#5406 = AXIS2_PLACEMENT_2D('',#5407,#5408);
#5407 = CARTESIAN_POINT('',(0.,0.));
#5408 = DIRECTION('',(1.,0.));
#5409 = ( GEOMETRIC_REPRESENTATION_CONTEXT(2) 
PARAMETRIC_REPRESENTATION_CONTEXT() REPRESENTATION_CONTEXT('2D SPACE',''
  ) );
#5410 = ORIENTED_EDGE('',*,*,#5411,.F.);
#5411 = EDGE_CURVE('',#5412,#5378,#5414,.T.);
#5412 = VERTEX_POINT('',#5413);
#5413 = CARTESIAN_POINT('',(3.1,-7.592810154714E-16,0.));
#5414 = SEAM_CURVE('',#5415,(#5419,#5426),.PCURVE_S1.);
#5415 = LINE('',#5416,#5417);
#5416 = CARTESIAN_POINT('',(3.1,-7.592810154714E-16,0.));
#5417 = VECTOR('',#5418,1.);
#5418 = DIRECTION('',(0.,0.,1.));
#5419 = PCURVE('',#5387,#5420);
#5420 = DEFINITIONAL_REPRESENTATION('',(#5421),#5425);
#5421 = LINE('',#5422,#5423);
#5422 = CARTESIAN_POINT('',(6.28318530718,-0.));
#5423 = VECTOR('',#5424,1.);
#5424 = DIRECTION('',(0.,1.));
#5425 = ( GEOMETRIC_REPRESENTATION_CONTEXT(2) 
PARAMETRIC_REPRESENTATION_CONTEXT() REPRESENTATION_CONTEXT('2D SPACE',''
  ) );
#5426 = PCURVE('',#5387,#5427);
#5427 = DEFINITIONAL_REPRESENTATION('',(#5428),#5432);
#5428 = LINE('',#5429,#5430);
#5429 = CARTESIAN_POINT('',(0.,-0.));
#5430 = VECTOR('',#5431,1.);
#5431 = DIRECTION('',(0.,1.));
#5432 = ( GEOMETRIC_REPRESENTATION_CONTEXT(2) 
PARAMETRIC_REPRESENTATION_CONTEXT() REPRESENTATION_CONTEXT('2D SPACE',''
  ) );
#5433 = ORIENTED_EDGE('',*,*,#5434,.T.);
#5434 = EDGE_CURVE('',#5412,#5412,#5435,.T.);
#5435 = SURFACE_CURVE('',#5436,(#5441,#5448),.PCURVE_S1.);
#5436 = CIRCLE('',#5437,3.1);
#5437 = AXIS2_PLACEMENT_3D('',#5438,#5439,#5440);
#5438 = CARTESIAN_POINT('',(0.,0.,0.));
#5439 = DIRECTION('',(0.,0.,1.));
#5440 = DIRECTION('',(1.,0.,-0.));
#5441 = PCURVE('',#5387,#5442);
#5442 = DEFINITIONAL_REPRESENTATION('',(#5443),#5447);
#5443 = LINE('',#5444,#5445);
#5444 = CARTESIAN_POINT('',(0.,0.));
#5445 = VECTOR('',#5446,1.);
#5446 = DIRECTION('',(1.,0.));
#5447 = ( GEOMETRIC_REPRESENTATION_CONTEXT(2) 
PARAMETRIC_REPRESENTATION_CONTEXT() REPRESENTATION_CONTEXT('2D SPACE',''
  ) );
#5448 = PCURVE('',#5449,#5454);
#5449 = PLANE('',#5450);
#5450 = AXIS2_PLACEMENT_3D('',#5451,#5452,#5453);
#5451 = CARTESIAN_POINT('',(0.,0.,0.));
#5452 = DIRECTION('',(0.,0.,1.));
#5453 = DIRECTION('',(1.,0.,-0.));
#5454 = DEFINITIONAL_REPRESENTATION('',(#5455),#5459);
#5455 = CIRCLE('',#5456,3.1);
#5456 = AXIS2_PLACEMENT_2D('',#5457,#5458);
#5457 = CARTESIAN_POINT('',(0.,0.));
#5458 = DIRECTION('',(1.,0.));
#5459 = ( GEOMETRIC_REPRESENTATION_CONTEXT(2) 
PARAMETRIC_REPRESENTATION_CONTEXT() REPRESENTATION_CONTEXT('2D SPACE',''
  ) );
#5460 = ORIENTED_EDGE('',*,*,#5411,.T.);
#5461 = ADVANCED_FACE('',(#5462),#5399,.T.);
#5462 = FACE_BOUND('',#5463,.T.);
#5463 = EDGE_LOOP('',(#5464));
#5464 = ORIENTED_EDGE('',*,*,#5377,.T.);
#5465 = ADVANCED_FACE('',(#5466),#5449,.F.);
#5466 = FACE_BOUND('',#5467,.T.);
#5467 = EDGE_LOOP('',(#5468));
#5468 = ORIENTED_EDGE('',*,*,#5434,.F.);
#5469 = ( GEOMETRIC_REPRESENTATION_CONTEXT(3) 
GLOBAL_UNCERTAINTY_ASSIGNED_CONTEXT((#5473)) 
GLOBAL_UNIT_ASSIGNED_CONTEXT((#5470,#5471,#5472)) REPRESENTATION_CONTEXT
('Context #1','3D Context with UNIT and UNCERTAINTY') );
#5470 = ( LENGTH_UNIT() NAMED_UNIT(*) SI_UNIT(.MILLI.,.METRE.) );
#5471 = ( NAMED_UNIT(*) PLANE_ANGLE_UNIT() SI_UNIT($,.RADIAN.) );
#5472 = ( NAMED_UNIT(*) SI_UNIT($,.STERADIAN.) SOLID_ANGLE_UNIT() );
#5473 = UNCERTAINTY_MEASURE_WITH_UNIT(LENGTH_MEASURE(1.E-07),#5470,
  'distance_accuracy_value','confusion accuracy');
#5474 = CONTEXT_DEPENDENT_SHAPE_REPRESENTATION(#5475,#5477);
#5475 = ( REPRESENTATION_RELATIONSHIP('','',#5370,#5347) 
REPRESENTATION_RELATIONSHIP_WITH_TRANSFORMATION(#5476) 
SHAPE_REPRESENTATION_RELATIONSHIP() );
#5476 = ITEM_DEFINED_TRANSFORMATION('','',#11,#5348);
#5477 = PRODUCT_DEFINITION_SHAPE('Placement','Placement of an item',
  #5478);
#5478 = NEXT_ASSEMBLY_USAGE_OCCURRENCE('71','=>[0:1:1:73]','',#5342,
  #5365,$);
#5479 = PRODUCT_RELATED_PRODUCT_CATEGORY('part',$,(#5367));
#5480 = SHAPE_DEFINITION_REPRESENTATION(#5481,#5487);
#5481 = PRODUCT_DEFINITION_SHAPE('','',#5482);
#5482 = PRODUCT_DEFINITION('design','',#5483,#5486);
#5483 = PRODUCT_DEFINITION_FORMATION('','',#5484);
#5484 = PRODUCT('external_regen_cooling_channel_31',
  'external_regen_cooling_channel_31','',(#5485));
#5485 = PRODUCT_CONTEXT('',#2,'mechanical');
#5486 = PRODUCT_DEFINITION_CONTEXT('part definition',#2,'design');
#5487 = SHAPE_REPRESENTATION('',(#11,#5488),#5492);
#5488 = AXIS2_PLACEMENT_3D('',#5489,#5490,#5491);
#5489 = CARTESIAN_POINT('',(0.,0.,-623.0477963047));
#5490 = DIRECTION('',(0.,0.,1.));
#5491 = DIRECTION('',(1.,0.,0.));
#5492 = ( GEOMETRIC_REPRESENTATION_CONTEXT(3) 
GLOBAL_UNCERTAINTY_ASSIGNED_CONTEXT((#5496)) 
GLOBAL_UNIT_ASSIGNED_CONTEXT((#5493,#5494,#5495)) REPRESENTATION_CONTEXT
('Context #1','3D Context with UNIT and UNCERTAINTY') );
#5493 = ( LENGTH_UNIT() NAMED_UNIT(*) SI_UNIT(.MILLI.,.METRE.) );
#5494 = ( NAMED_UNIT(*) PLANE_ANGLE_UNIT() SI_UNIT($,.RADIAN.) );
#5495 = ( NAMED_UNIT(*) SI_UNIT($,.STERADIAN.) SOLID_ANGLE_UNIT() );
#5496 = UNCERTAINTY_MEASURE_WITH_UNIT(LENGTH_MEASURE(1.E-07),#5493,
  'distance_accuracy_value','confusion accuracy');
#5497 = CONTEXT_DEPENDENT_SHAPE_REPRESENTATION(#5498,#5500);
#5498 = ( REPRESENTATION_RELATIONSHIP('','',#5487,#10) 
REPRESENTATION_RELATIONSHIP_WITH_TRANSFORMATION(#5499) 
SHAPE_REPRESENTATION_RELATIONSHIP() );
#5499 = ITEM_DEFINED_TRANSFORMATION('','',#11,#159);
#5500 = PRODUCT_DEFINITION_SHAPE('Placement','Placement of an item',
  #5501);
#5501 = NEXT_ASSEMBLY_USAGE_OCCURRENCE('74','=>[0:1:1:74]','',#5,#5482,$
  );
#5502 = PRODUCT_RELATED_PRODUCT_CATEGORY('part',$,(#5484));
#5503 = SHAPE_DEFINITION_REPRESENTATION(#5504,#5510);
#5504 = PRODUCT_DEFINITION_SHAPE('','',#5505);
#5505 = PRODUCT_DEFINITION('design','',#5506,#5509);
#5506 = PRODUCT_DEFINITION_FORMATION('','',#5507);
#5507 = PRODUCT('SOLID','SOLID','',(#5508));
#5508 = PRODUCT_CONTEXT('',#2,'mechanical');
#5509 = PRODUCT_DEFINITION_CONTEXT('part definition',#2,'design');
#5510 = ADVANCED_BREP_SHAPE_REPRESENTATION('',(#11,#5511),#5609);
#5511 = MANIFOLD_SOLID_BREP('',#5512);
#5512 = CLOSED_SHELL('',(#5513,#5601,#5605));
#5513 = ADVANCED_FACE('',(#5514),#5527,.T.);
#5514 = FACE_BOUND('',#5515,.T.);
#5515 = EDGE_LOOP('',(#5516,#5550,#5573,#5600));
#5516 = ORIENTED_EDGE('',*,*,#5517,.F.);
#5517 = EDGE_CURVE('',#5518,#5518,#5520,.T.);
#5518 = VERTEX_POINT('',#5519);
#5519 = CARTESIAN_POINT('',(3.1,-7.592810154714E-16,1.246095592609E+03)
  );
#5520 = SURFACE_CURVE('',#5521,(#5526,#5538),.PCURVE_S1.);
#5521 = CIRCLE('',#5522,3.1);
#5522 = AXIS2_PLACEMENT_3D('',#5523,#5524,#5525);
#5523 = CARTESIAN_POINT('',(0.,0.,1.246095592609E+03));
#5524 = DIRECTION('',(0.,0.,1.));
#5525 = DIRECTION('',(1.,0.,-0.));
#5526 = PCURVE('',#5527,#5532);
#5527 = CYLINDRICAL_SURFACE('',#5528,3.1);
#5528 = AXIS2_PLACEMENT_3D('',#5529,#5530,#5531);
#5529 = CARTESIAN_POINT('',(0.,0.,0.));
#5530 = DIRECTION('',(0.,0.,1.));
#5531 = DIRECTION('',(1.,0.,-0.));
#5532 = DEFINITIONAL_REPRESENTATION('',(#5533),#5537);
#5533 = LINE('',#5534,#5535);
#5534 = CARTESIAN_POINT('',(0.,1.246095592609E+03));
#5535 = VECTOR('',#5536,1.);
#5536 = DIRECTION('',(1.,0.));
#5537 = ( GEOMETRIC_REPRESENTATION_CONTEXT(2) 
PARAMETRIC_REPRESENTATION_CONTEXT() REPRESENTATION_CONTEXT('2D SPACE',''
  ) );
#5538 = PCURVE('',#5539,#5544);
#5539 = PLANE('',#5540);
#5540 = AXIS2_PLACEMENT_3D('',#5541,#5542,#5543);
#5541 = CARTESIAN_POINT('',(0.,0.,1.246095592609E+03));
#5542 = DIRECTION('',(0.,0.,1.));
#5543 = DIRECTION('',(1.,0.,-0.));
#5544 = DEFINITIONAL_REPRESENTATION('',(#5545),#5549);
#5545 = CIRCLE('',#5546,3.1);
#5546 = AXIS2_PLACEMENT_2D('',#5547,#5548);
#5547 = CARTESIAN_POINT('',(0.,0.));
#5548 = DIRECTION('',(1.,0.));
#5549 = ( GEOMETRIC_REPRESENTATION_CONTEXT(2) 
PARAMETRIC_REPRESENTATION_CONTEXT() REPRESENTATION_CONTEXT('2D SPACE',''
  ) );
#5550 = ORIENTED_EDGE('',*,*,#5551,.F.);
#5551 = EDGE_CURVE('',#5552,#5518,#5554,.T.);
#5552 = VERTEX_POINT('',#5553);
#5553 = CARTESIAN_POINT('',(3.1,-7.592810154714E-16,0.));
#5554 = SEAM_CURVE('',#5555,(#5559,#5566),.PCURVE_S1.);
#5555 = LINE('',#5556,#5557);
#5556 = CARTESIAN_POINT('',(3.1,-7.592810154714E-16,0.));
#5557 = VECTOR('',#5558,1.);
#5558 = DIRECTION('',(0.,0.,1.));
#5559 = PCURVE('',#5527,#5560);
#5560 = DEFINITIONAL_REPRESENTATION('',(#5561),#5565);
#5561 = LINE('',#5562,#5563);
#5562 = CARTESIAN_POINT('',(6.28318530718,-0.));
#5563 = VECTOR('',#5564,1.);
#5564 = DIRECTION('',(0.,1.));
#5565 = ( GEOMETRIC_REPRESENTATION_CONTEXT(2) 
PARAMETRIC_REPRESENTATION_CONTEXT() REPRESENTATION_CONTEXT('2D SPACE',''
  ) );
#5566 = PCURVE('',#5527,#5567);
#5567 = DEFINITIONAL_REPRESENTATION('',(#5568),#5572);
#5568 = LINE('',#5569,#5570);
#5569 = CARTESIAN_POINT('',(0.,-0.));
#5570 = VECTOR('',#5571,1.);
#5571 = DIRECTION('',(0.,1.));
#5572 = ( GEOMETRIC_REPRESENTATION_CONTEXT(2) 
PARAMETRIC_REPRESENTATION_CONTEXT() REPRESENTATION_CONTEXT('2D SPACE',''
  ) );
#5573 = ORIENTED_EDGE('',*,*,#5574,.T.);
#5574 = EDGE_CURVE('',#5552,#5552,#5575,.T.);
#5575 = SURFACE_CURVE('',#5576,(#5581,#5588),.PCURVE_S1.);
#5576 = CIRCLE('',#5577,3.1);
#5577 = AXIS2_PLACEMENT_3D('',#5578,#5579,#5580);
#5578 = CARTESIAN_POINT('',(0.,0.,0.));
#5579 = DIRECTION('',(0.,0.,1.));
#5580 = DIRECTION('',(1.,0.,-0.));
#5581 = PCURVE('',#5527,#5582);
#5582 = DEFINITIONAL_REPRESENTATION('',(#5583),#5587);
#5583 = LINE('',#5584,#5585);
#5584 = CARTESIAN_POINT('',(0.,0.));
#5585 = VECTOR('',#5586,1.);
#5586 = DIRECTION('',(1.,0.));
#5587 = ( GEOMETRIC_REPRESENTATION_CONTEXT(2) 
PARAMETRIC_REPRESENTATION_CONTEXT() REPRESENTATION_CONTEXT('2D SPACE',''
  ) );
#5588 = PCURVE('',#5589,#5594);
#5589 = PLANE('',#5590);
#5590 = AXIS2_PLACEMENT_3D('',#5591,#5592,#5593);
#5591 = CARTESIAN_POINT('',(0.,0.,0.));
#5592 = DIRECTION('',(0.,0.,1.));
#5593 = DIRECTION('',(1.,0.,-0.));
#5594 = DEFINITIONAL_REPRESENTATION('',(#5595),#5599);
#5595 = CIRCLE('',#5596,3.1);
#5596 = AXIS2_PLACEMENT_2D('',#5597,#5598);
#5597 = CARTESIAN_POINT('',(0.,0.));
#5598 = DIRECTION('',(1.,0.));
#5599 = ( GEOMETRIC_REPRESENTATION_CONTEXT(2) 
PARAMETRIC_REPRESENTATION_CONTEXT() REPRESENTATION_CONTEXT('2D SPACE',''
  ) );
#5600 = ORIENTED_EDGE('',*,*,#5551,.T.);
#5601 = ADVANCED_FACE('',(#5602),#5539,.T.);
#5602 = FACE_BOUND('',#5603,.T.);
#5603 = EDGE_LOOP('',(#5604));
#5604 = ORIENTED_EDGE('',*,*,#5517,.T.);
#5605 = ADVANCED_FACE('',(#5606),#5589,.F.);
#5606 = FACE_BOUND('',#5607,.T.);
#5607 = EDGE_LOOP('',(#5608));
#5608 = ORIENTED_EDGE('',*,*,#5574,.F.);
#5609 = ( GEOMETRIC_REPRESENTATION_CONTEXT(3) 
GLOBAL_UNCERTAINTY_ASSIGNED_CONTEXT((#5613)) 
GLOBAL_UNIT_ASSIGNED_CONTEXT((#5610,#5611,#5612)) REPRESENTATION_CONTEXT
('Context #1','3D Context with UNIT and UNCERTAINTY') );
#5610 = ( LENGTH_UNIT() NAMED_UNIT(*) SI_UNIT(.MILLI.,.METRE.) );
#5611 = ( NAMED_UNIT(*) PLANE_ANGLE_UNIT() SI_UNIT($,.RADIAN.) );
#5612 = ( NAMED_UNIT(*) SI_UNIT($,.STERADIAN.) SOLID_ANGLE_UNIT() );
#5613 = UNCERTAINTY_MEASURE_WITH_UNIT(LENGTH_MEASURE(1.E-07),#5610,
  'distance_accuracy_value','confusion accuracy');
#5614 = CONTEXT_DEPENDENT_SHAPE_REPRESENTATION(#5615,#5617);
#5615 = ( REPRESENTATION_RELATIONSHIP('','',#5510,#5487) 
REPRESENTATION_RELATIONSHIP_WITH_TRANSFORMATION(#5616) 
SHAPE_REPRESENTATION_RELATIONSHIP() );
#5616 = ITEM_DEFINED_TRANSFORMATION('','',#11,#5488);
#5617 = PRODUCT_DEFINITION_SHAPE('Placement','Placement of an item',
  #5618);
#5618 = NEXT_ASSEMBLY_USAGE_OCCURRENCE('73','=>[0:1:1:75]','',#5482,
  #5505,$);
#5619 = PRODUCT_RELATED_PRODUCT_CATEGORY('part',$,(#5507));
#5620 = SHAPE_DEFINITION_REPRESENTATION(#5621,#5627);
#5621 = PRODUCT_DEFINITION_SHAPE('','',#5622);
#5622 = PRODUCT_DEFINITION('design','',#5623,#5626);
#5623 = PRODUCT_DEFINITION_FORMATION('','',#5624);
#5624 = PRODUCT('external_regen_cooling_channel_32',
  'external_regen_cooling_channel_32','',(#5625));
#5625 = PRODUCT_CONTEXT('',#2,'mechanical');
#5626 = PRODUCT_DEFINITION_CONTEXT('part definition',#2,'design');
#5627 = SHAPE_REPRESENTATION('',(#11,#5628),#5632);
#5628 = AXIS2_PLACEMENT_3D('',#5629,#5630,#5631);
#5629 = CARTESIAN_POINT('',(0.,0.,-623.0477963047));
#5630 = DIRECTION('',(0.,0.,1.));
#5631 = DIRECTION('',(1.,0.,0.));
#5632 = ( GEOMETRIC_REPRESENTATION_CONTEXT(3) 
GLOBAL_UNCERTAINTY_ASSIGNED_CONTEXT((#5636)) 
GLOBAL_UNIT_ASSIGNED_CONTEXT((#5633,#5634,#5635)) REPRESENTATION_CONTEXT
('Context #1','3D Context with UNIT and UNCERTAINTY') );
#5633 = ( LENGTH_UNIT() NAMED_UNIT(*) SI_UNIT(.MILLI.,.METRE.) );
#5634 = ( NAMED_UNIT(*) PLANE_ANGLE_UNIT() SI_UNIT($,.RADIAN.) );
#5635 = ( NAMED_UNIT(*) SI_UNIT($,.STERADIAN.) SOLID_ANGLE_UNIT() );
#5636 = UNCERTAINTY_MEASURE_WITH_UNIT(LENGTH_MEASURE(1.E-07),#5633,
  'distance_accuracy_value','confusion accuracy');
#5637 = CONTEXT_DEPENDENT_SHAPE_REPRESENTATION(#5638,#5640);
#5638 = ( REPRESENTATION_RELATIONSHIP('','',#5627,#10) 
REPRESENTATION_RELATIONSHIP_WITH_TRANSFORMATION(#5639) 
SHAPE_REPRESENTATION_RELATIONSHIP() );
#5639 = ITEM_DEFINED_TRANSFORMATION('','',#11,#163);
#5640 = PRODUCT_DEFINITION_SHAPE('Placement','Placement of an item',
  #5641);
#5641 = NEXT_ASSEMBLY_USAGE_OCCURRENCE('76','=>[0:1:1:76]','',#5,#5622,$
  );
#5642 = PRODUCT_RELATED_PRODUCT_CATEGORY('part',$,(#5624));
#5643 = SHAPE_DEFINITION_REPRESENTATION(#5644,#5650);
#5644 = PRODUCT_DEFINITION_SHAPE('','',#5645);
#5645 = PRODUCT_DEFINITION('design','',#5646,#5649);
#5646 = PRODUCT_DEFINITION_FORMATION('','',#5647);
#5647 = PRODUCT('SOLID','SOLID','',(#5648));
#5648 = PRODUCT_CONTEXT('',#2,'mechanical');
#5649 = PRODUCT_DEFINITION_CONTEXT('part definition',#2,'design');
#5650 = ADVANCED_BREP_SHAPE_REPRESENTATION('',(#11,#5651),#5749);
#5651 = MANIFOLD_SOLID_BREP('',#5652);
#5652 = CLOSED_SHELL('',(#5653,#5741,#5745));
#5653 = ADVANCED_FACE('',(#5654),#5667,.T.);
#5654 = FACE_BOUND('',#5655,.T.);
#5655 = EDGE_LOOP('',(#5656,#5690,#5713,#5740));
#5656 = ORIENTED_EDGE('',*,*,#5657,.F.);
#5657 = EDGE_CURVE('',#5658,#5658,#5660,.T.);
#5658 = VERTEX_POINT('',#5659);
#5659 = CARTESIAN_POINT('',(3.1,-7.592810154714E-16,1.246095592609E+03)
  );
#5660 = SURFACE_CURVE('',#5661,(#5666,#5678),.PCURVE_S1.);
#5661 = CIRCLE('',#5662,3.1);
#5662 = AXIS2_PLACEMENT_3D('',#5663,#5664,#5665);
#5663 = CARTESIAN_POINT('',(0.,0.,1.246095592609E+03));
#5664 = DIRECTION('',(0.,0.,1.));
#5665 = DIRECTION('',(1.,0.,-0.));
#5666 = PCURVE('',#5667,#5672);
#5667 = CYLINDRICAL_SURFACE('',#5668,3.1);
#5668 = AXIS2_PLACEMENT_3D('',#5669,#5670,#5671);
#5669 = CARTESIAN_POINT('',(0.,0.,0.));
#5670 = DIRECTION('',(0.,0.,1.));
#5671 = DIRECTION('',(1.,0.,-0.));
#5672 = DEFINITIONAL_REPRESENTATION('',(#5673),#5677);
#5673 = LINE('',#5674,#5675);
#5674 = CARTESIAN_POINT('',(0.,1.246095592609E+03));
#5675 = VECTOR('',#5676,1.);
#5676 = DIRECTION('',(1.,0.));
#5677 = ( GEOMETRIC_REPRESENTATION_CONTEXT(2) 
PARAMETRIC_REPRESENTATION_CONTEXT() REPRESENTATION_CONTEXT('2D SPACE',''
  ) );
#5678 = PCURVE('',#5679,#5684);
#5679 = PLANE('',#5680);
#5680 = AXIS2_PLACEMENT_3D('',#5681,#5682,#5683);
#5681 = CARTESIAN_POINT('',(0.,0.,1.246095592609E+03));
#5682 = DIRECTION('',(0.,0.,1.));
#5683 = DIRECTION('',(1.,0.,-0.));
#5684 = DEFINITIONAL_REPRESENTATION('',(#5685),#5689);
#5685 = CIRCLE('',#5686,3.1);
#5686 = AXIS2_PLACEMENT_2D('',#5687,#5688);
#5687 = CARTESIAN_POINT('',(0.,0.));
#5688 = DIRECTION('',(1.,0.));
#5689 = ( GEOMETRIC_REPRESENTATION_CONTEXT(2) 
PARAMETRIC_REPRESENTATION_CONTEXT() REPRESENTATION_CONTEXT('2D SPACE',''
  ) );
#5690 = ORIENTED_EDGE('',*,*,#5691,.F.);
#5691 = EDGE_CURVE('',#5692,#5658,#5694,.T.);
#5692 = VERTEX_POINT('',#5693);
#5693 = CARTESIAN_POINT('',(3.1,-7.592810154714E-16,0.));
#5694 = SEAM_CURVE('',#5695,(#5699,#5706),.PCURVE_S1.);
#5695 = LINE('',#5696,#5697);
#5696 = CARTESIAN_POINT('',(3.1,-7.592810154714E-16,0.));
#5697 = VECTOR('',#5698,1.);
#5698 = DIRECTION('',(0.,0.,1.));
#5699 = PCURVE('',#5667,#5700);
#5700 = DEFINITIONAL_REPRESENTATION('',(#5701),#5705);
#5701 = LINE('',#5702,#5703);
#5702 = CARTESIAN_POINT('',(6.28318530718,-0.));
#5703 = VECTOR('',#5704,1.);
#5704 = DIRECTION('',(0.,1.));
#5705 = ( GEOMETRIC_REPRESENTATION_CONTEXT(2) 
PARAMETRIC_REPRESENTATION_CONTEXT() REPRESENTATION_CONTEXT('2D SPACE',''
  ) );
#5706 = PCURVE('',#5667,#5707);
#5707 = DEFINITIONAL_REPRESENTATION('',(#5708),#5712);
#5708 = LINE('',#5709,#5710);
#5709 = CARTESIAN_POINT('',(0.,-0.));
#5710 = VECTOR('',#5711,1.);
#5711 = DIRECTION('',(0.,1.));
#5712 = ( GEOMETRIC_REPRESENTATION_CONTEXT(2) 
PARAMETRIC_REPRESENTATION_CONTEXT() REPRESENTATION_CONTEXT('2D SPACE',''
  ) );
#5713 = ORIENTED_EDGE('',*,*,#5714,.T.);
#5714 = EDGE_CURVE('',#5692,#5692,#5715,.T.);
#5715 = SURFACE_CURVE('',#5716,(#5721,#5728),.PCURVE_S1.);
#5716 = CIRCLE('',#5717,3.1);
#5717 = AXIS2_PLACEMENT_3D('',#5718,#5719,#5720);
#5718 = CARTESIAN_POINT('',(0.,0.,0.));
#5719 = DIRECTION('',(0.,0.,1.));
#5720 = DIRECTION('',(1.,0.,-0.));
#5721 = PCURVE('',#5667,#5722);
#5722 = DEFINITIONAL_REPRESENTATION('',(#5723),#5727);
#5723 = LINE('',#5724,#5725);
#5724 = CARTESIAN_POINT('',(0.,0.));
#5725 = VECTOR('',#5726,1.);
#5726 = DIRECTION('',(1.,0.));
#5727 = ( GEOMETRIC_REPRESENTATION_CONTEXT(2) 
PARAMETRIC_REPRESENTATION_CONTEXT() REPRESENTATION_CONTEXT('2D SPACE',''
  ) );
#5728 = PCURVE('',#5729,#5734);
#5729 = PLANE('',#5730);
#5730 = AXIS2_PLACEMENT_3D('',#5731,#5732,#5733);
#5731 = CARTESIAN_POINT('',(0.,0.,0.));
#5732 = DIRECTION('',(0.,0.,1.));
#5733 = DIRECTION('',(1.,0.,-0.));
#5734 = DEFINITIONAL_REPRESENTATION('',(#5735),#5739);
#5735 = CIRCLE('',#5736,3.1);
#5736 = AXIS2_PLACEMENT_2D('',#5737,#5738);
#5737 = CARTESIAN_POINT('',(0.,0.));
#5738 = DIRECTION('',(1.,0.));
#5739 = ( GEOMETRIC_REPRESENTATION_CONTEXT(2) 
PARAMETRIC_REPRESENTATION_CONTEXT() REPRESENTATION_CONTEXT('2D SPACE',''
  ) );
#5740 = ORIENTED_EDGE('',*,*,#5691,.T.);
#5741 = ADVANCED_FACE('',(#5742),#5679,.T.);
#5742 = FACE_BOUND('',#5743,.T.);
#5743 = EDGE_LOOP('',(#5744));
#5744 = ORIENTED_EDGE('',*,*,#5657,.T.);
#5745 = ADVANCED_FACE('',(#5746),#5729,.F.);
#5746 = FACE_BOUND('',#5747,.T.);
#5747 = EDGE_LOOP('',(#5748));
#5748 = ORIENTED_EDGE('',*,*,#5714,.F.);
#5749 = ( GEOMETRIC_REPRESENTATION_CONTEXT(3) 
GLOBAL_UNCERTAINTY_ASSIGNED_CONTEXT((#5753)) 
GLOBAL_UNIT_ASSIGNED_CONTEXT((#5750,#5751,#5752)) REPRESENTATION_CONTEXT
('Context #1','3D Context with UNIT and UNCERTAINTY') );
#5750 = ( LENGTH_UNIT() NAMED_UNIT(*) SI_UNIT(.MILLI.,.METRE.) );
#5751 = ( NAMED_UNIT(*) PLANE_ANGLE_UNIT() SI_UNIT($,.RADIAN.) );
#5752 = ( NAMED_UNIT(*) SI_UNIT($,.STERADIAN.) SOLID_ANGLE_UNIT() );
#5753 = UNCERTAINTY_MEASURE_WITH_UNIT(LENGTH_MEASURE(1.E-07),#5750,
  'distance_accuracy_value','confusion accuracy');
#5754 = CONTEXT_DEPENDENT_SHAPE_REPRESENTATION(#5755,#5757);
#5755 = ( REPRESENTATION_RELATIONSHIP('','',#5650,#5627) 
REPRESENTATION_RELATIONSHIP_WITH_TRANSFORMATION(#5756) 
SHAPE_REPRESENTATION_RELATIONSHIP() );
#5756 = ITEM_DEFINED_TRANSFORMATION('','',#11,#5628);
#5757 = PRODUCT_DEFINITION_SHAPE('Placement','Placement of an item',
  #5758);
#5758 = NEXT_ASSEMBLY_USAGE_OCCURRENCE('75','=>[0:1:1:77]','',#5622,
  #5645,$);
#5759 = PRODUCT_RELATED_PRODUCT_CATEGORY('part',$,(#5647));
#5760 = SHAPE_DEFINITION_REPRESENTATION(#5761,#5767);
#5761 = PRODUCT_DEFINITION_SHAPE('','',#5762);
#5762 = PRODUCT_DEFINITION('design','',#5763,#5766);
#5763 = PRODUCT_DEFINITION_FORMATION('','',#5764);
#5764 = PRODUCT('external_regen_cooling_channel_33',
  'external_regen_cooling_channel_33','',(#5765));
#5765 = PRODUCT_CONTEXT('',#2,'mechanical');
#5766 = PRODUCT_DEFINITION_CONTEXT('part definition',#2,'design');
#5767 = SHAPE_REPRESENTATION('',(#11,#5768),#5772);
#5768 = AXIS2_PLACEMENT_3D('',#5769,#5770,#5771);
#5769 = CARTESIAN_POINT('',(0.,0.,-623.0477963047));
#5770 = DIRECTION('',(0.,0.,1.));
#5771 = DIRECTION('',(1.,0.,0.));
#5772 = ( GEOMETRIC_REPRESENTATION_CONTEXT(3) 
GLOBAL_UNCERTAINTY_ASSIGNED_CONTEXT((#5776)) 
GLOBAL_UNIT_ASSIGNED_CONTEXT((#5773,#5774,#5775)) REPRESENTATION_CONTEXT
('Context #1','3D Context with UNIT and UNCERTAINTY') );
#5773 = ( LENGTH_UNIT() NAMED_UNIT(*) SI_UNIT(.MILLI.,.METRE.) );
#5774 = ( NAMED_UNIT(*) PLANE_ANGLE_UNIT() SI_UNIT($,.RADIAN.) );
#5775 = ( NAMED_UNIT(*) SI_UNIT($,.STERADIAN.) SOLID_ANGLE_UNIT() );
#5776 = UNCERTAINTY_MEASURE_WITH_UNIT(LENGTH_MEASURE(1.E-07),#5773,
  'distance_accuracy_value','confusion accuracy');
#5777 = CONTEXT_DEPENDENT_SHAPE_REPRESENTATION(#5778,#5780);
#5778 = ( REPRESENTATION_RELATIONSHIP('','',#5767,#10) 
REPRESENTATION_RELATIONSHIP_WITH_TRANSFORMATION(#5779) 
SHAPE_REPRESENTATION_RELATIONSHIP() );
#5779 = ITEM_DEFINED_TRANSFORMATION('','',#11,#167);
#5780 = PRODUCT_DEFINITION_SHAPE('Placement','Placement of an item',
  #5781);
#5781 = NEXT_ASSEMBLY_USAGE_OCCURRENCE('78','=>[0:1:1:78]','',#5,#5762,$
  );
#5782 = PRODUCT_RELATED_PRODUCT_CATEGORY('part',$,(#5764));
#5783 = SHAPE_DEFINITION_REPRESENTATION(#5784,#5790);
#5784 = PRODUCT_DEFINITION_SHAPE('','',#5785);
#5785 = PRODUCT_DEFINITION('design','',#5786,#5789);
#5786 = PRODUCT_DEFINITION_FORMATION('','',#5787);
#5787 = PRODUCT('SOLID','SOLID','',(#5788));
#5788 = PRODUCT_CONTEXT('',#2,'mechanical');
#5789 = PRODUCT_DEFINITION_CONTEXT('part definition',#2,'design');
#5790 = ADVANCED_BREP_SHAPE_REPRESENTATION('',(#11,#5791),#5889);
#5791 = MANIFOLD_SOLID_BREP('',#5792);
#5792 = CLOSED_SHELL('',(#5793,#5881,#5885));
#5793 = ADVANCED_FACE('',(#5794),#5807,.T.);
#5794 = FACE_BOUND('',#5795,.T.);
#5795 = EDGE_LOOP('',(#5796,#5830,#5853,#5880));
#5796 = ORIENTED_EDGE('',*,*,#5797,.F.);
#5797 = EDGE_CURVE('',#5798,#5798,#5800,.T.);
#5798 = VERTEX_POINT('',#5799);
#5799 = CARTESIAN_POINT('',(3.1,-7.592810154714E-16,1.246095592609E+03)
  );
#5800 = SURFACE_CURVE('',#5801,(#5806,#5818),.PCURVE_S1.);
#5801 = CIRCLE('',#5802,3.1);
#5802 = AXIS2_PLACEMENT_3D('',#5803,#5804,#5805);
#5803 = CARTESIAN_POINT('',(0.,0.,1.246095592609E+03));
#5804 = DIRECTION('',(0.,0.,1.));
#5805 = DIRECTION('',(1.,0.,-0.));
#5806 = PCURVE('',#5807,#5812);
#5807 = CYLINDRICAL_SURFACE('',#5808,3.1);
#5808 = AXIS2_PLACEMENT_3D('',#5809,#5810,#5811);
#5809 = CARTESIAN_POINT('',(0.,0.,0.));
#5810 = DIRECTION('',(0.,0.,1.));
#5811 = DIRECTION('',(1.,0.,-0.));
#5812 = DEFINITIONAL_REPRESENTATION('',(#5813),#5817);
#5813 = LINE('',#5814,#5815);
#5814 = CARTESIAN_POINT('',(0.,1.246095592609E+03));
#5815 = VECTOR('',#5816,1.);
#5816 = DIRECTION('',(1.,0.));
#5817 = ( GEOMETRIC_REPRESENTATION_CONTEXT(2) 
PARAMETRIC_REPRESENTATION_CONTEXT() REPRESENTATION_CONTEXT('2D SPACE',''
  ) );
#5818 = PCURVE('',#5819,#5824);
#5819 = PLANE('',#5820);
#5820 = AXIS2_PLACEMENT_3D('',#5821,#5822,#5823);
#5821 = CARTESIAN_POINT('',(0.,0.,1.246095592609E+03));
#5822 = DIRECTION('',(0.,0.,1.));
#5823 = DIRECTION('',(1.,0.,-0.));
#5824 = DEFINITIONAL_REPRESENTATION('',(#5825),#5829);
#5825 = CIRCLE('',#5826,3.1);
#5826 = AXIS2_PLACEMENT_2D('',#5827,#5828);
#5827 = CARTESIAN_POINT('',(0.,0.));
#5828 = DIRECTION('',(1.,0.));
#5829 = ( GEOMETRIC_REPRESENTATION_CONTEXT(2) 
PARAMETRIC_REPRESENTATION_CONTEXT() REPRESENTATION_CONTEXT('2D SPACE',''
  ) );
#5830 = ORIENTED_EDGE('',*,*,#5831,.F.);
#5831 = EDGE_CURVE('',#5832,#5798,#5834,.T.);
#5832 = VERTEX_POINT('',#5833);
#5833 = CARTESIAN_POINT('',(3.1,-7.592810154714E-16,0.));
#5834 = SEAM_CURVE('',#5835,(#5839,#5846),.PCURVE_S1.);
#5835 = LINE('',#5836,#5837);
#5836 = CARTESIAN_POINT('',(3.1,-7.592810154714E-16,0.));
#5837 = VECTOR('',#5838,1.);
#5838 = DIRECTION('',(0.,0.,1.));
#5839 = PCURVE('',#5807,#5840);
#5840 = DEFINITIONAL_REPRESENTATION('',(#5841),#5845);
#5841 = LINE('',#5842,#5843);
#5842 = CARTESIAN_POINT('',(6.28318530718,-0.));
#5843 = VECTOR('',#5844,1.);
#5844 = DIRECTION('',(0.,1.));
#5845 = ( GEOMETRIC_REPRESENTATION_CONTEXT(2) 
PARAMETRIC_REPRESENTATION_CONTEXT() REPRESENTATION_CONTEXT('2D SPACE',''
  ) );
#5846 = PCURVE('',#5807,#5847);
#5847 = DEFINITIONAL_REPRESENTATION('',(#5848),#5852);
#5848 = LINE('',#5849,#5850);
#5849 = CARTESIAN_POINT('',(0.,-0.));
#5850 = VECTOR('',#5851,1.);
#5851 = DIRECTION('',(0.,1.));
#5852 = ( GEOMETRIC_REPRESENTATION_CONTEXT(2) 
PARAMETRIC_REPRESENTATION_CONTEXT() REPRESENTATION_CONTEXT('2D SPACE',''
  ) );
#5853 = ORIENTED_EDGE('',*,*,#5854,.T.);
#5854 = EDGE_CURVE('',#5832,#5832,#5855,.T.);
#5855 = SURFACE_CURVE('',#5856,(#5861,#5868),.PCURVE_S1.);
#5856 = CIRCLE('',#5857,3.1);
#5857 = AXIS2_PLACEMENT_3D('',#5858,#5859,#5860);
#5858 = CARTESIAN_POINT('',(0.,0.,0.));
#5859 = DIRECTION('',(0.,0.,1.));
#5860 = DIRECTION('',(1.,0.,-0.));
#5861 = PCURVE('',#5807,#5862);
#5862 = DEFINITIONAL_REPRESENTATION('',(#5863),#5867);
#5863 = LINE('',#5864,#5865);
#5864 = CARTESIAN_POINT('',(0.,0.));
#5865 = VECTOR('',#5866,1.);
#5866 = DIRECTION('',(1.,0.));
#5867 = ( GEOMETRIC_REPRESENTATION_CONTEXT(2) 
PARAMETRIC_REPRESENTATION_CONTEXT() REPRESENTATION_CONTEXT('2D SPACE',''
  ) );
#5868 = PCURVE('',#5869,#5874);
#5869 = PLANE('',#5870);
#5870 = AXIS2_PLACEMENT_3D('',#5871,#5872,#5873);
#5871 = CARTESIAN_POINT('',(0.,0.,0.));
#5872 = DIRECTION('',(0.,0.,1.));
#5873 = DIRECTION('',(1.,0.,-0.));
#5874 = DEFINITIONAL_REPRESENTATION('',(#5875),#5879);
#5875 = CIRCLE('',#5876,3.1);
#5876 = AXIS2_PLACEMENT_2D('',#5877,#5878);
#5877 = CARTESIAN_POINT('',(0.,0.));
#5878 = DIRECTION('',(1.,0.));
#5879 = ( GEOMETRIC_REPRESENTATION_CONTEXT(2) 
PARAMETRIC_REPRESENTATION_CONTEXT() REPRESENTATION_CONTEXT('2D SPACE',''
  ) );
#5880 = ORIENTED_EDGE('',*,*,#5831,.T.);
#5881 = ADVANCED_FACE('',(#5882),#5819,.T.);
#5882 = FACE_BOUND('',#5883,.T.);
#5883 = EDGE_LOOP('',(#5884));
#5884 = ORIENTED_EDGE('',*,*,#5797,.T.);
#5885 = ADVANCED_FACE('',(#5886),#5869,.F.);
#5886 = FACE_BOUND('',#5887,.T.);
#5887 = EDGE_LOOP('',(#5888));
#5888 = ORIENTED_EDGE('',*,*,#5854,.F.);
#5889 = ( GEOMETRIC_REPRESENTATION_CONTEXT(3) 
GLOBAL_UNCERTAINTY_ASSIGNED_CONTEXT((#5893)) 
GLOBAL_UNIT_ASSIGNED_CONTEXT((#5890,#5891,#5892)) REPRESENTATION_CONTEXT
('Context #1','3D Context with UNIT and UNCERTAINTY') );
#5890 = ( LENGTH_UNIT() NAMED_UNIT(*) SI_UNIT(.MILLI.,.METRE.) );
#5891 = ( NAMED_UNIT(*) PLANE_ANGLE_UNIT() SI_UNIT($,.RADIAN.) );
#5892 = ( NAMED_UNIT(*) SI_UNIT($,.STERADIAN.) SOLID_ANGLE_UNIT() );
#5893 = UNCERTAINTY_MEASURE_WITH_UNIT(LENGTH_MEASURE(1.E-07),#5890,
  'distance_accuracy_value','confusion accuracy');
#5894 = CONTEXT_DEPENDENT_SHAPE_REPRESENTATION(#5895,#5897);
#5895 = ( REPRESENTATION_RELATIONSHIP('','',#5790,#5767) 
REPRESENTATION_RELATIONSHIP_WITH_TRANSFORMATION(#5896) 
SHAPE_REPRESENTATION_RELATIONSHIP() );
#5896 = ITEM_DEFINED_TRANSFORMATION('','',#11,#5768);
#5897 = PRODUCT_DEFINITION_SHAPE('Placement','Placement of an item',
  #5898);
#5898 = NEXT_ASSEMBLY_USAGE_OCCURRENCE('77','=>[0:1:1:79]','',#5762,
  #5785,$);
#5899 = PRODUCT_RELATED_PRODUCT_CATEGORY('part',$,(#5787));
#5900 = SHAPE_DEFINITION_REPRESENTATION(#5901,#5907);
#5901 = PRODUCT_DEFINITION_SHAPE('','',#5902);
#5902 = PRODUCT_DEFINITION('design','',#5903,#5906);
#5903 = PRODUCT_DEFINITION_FORMATION('','',#5904);
#5904 = PRODUCT('external_regen_cooling_channel_34',
  'external_regen_cooling_channel_34','',(#5905));
#5905 = PRODUCT_CONTEXT('',#2,'mechanical');
#5906 = PRODUCT_DEFINITION_CONTEXT('part definition',#2,'design');
#5907 = SHAPE_REPRESENTATION('',(#11,#5908),#5912);
#5908 = AXIS2_PLACEMENT_3D('',#5909,#5910,#5911);
#5909 = CARTESIAN_POINT('',(0.,0.,-623.0477963047));
#5910 = DIRECTION('',(0.,0.,1.));
#5911 = DIRECTION('',(1.,0.,0.));
#5912 = ( GEOMETRIC_REPRESENTATION_CONTEXT(3) 
GLOBAL_UNCERTAINTY_ASSIGNED_CONTEXT((#5916)) 
GLOBAL_UNIT_ASSIGNED_CONTEXT((#5913,#5914,#5915)) REPRESENTATION_CONTEXT
('Context #1','3D Context with UNIT and UNCERTAINTY') );
#5913 = ( LENGTH_UNIT() NAMED_UNIT(*) SI_UNIT(.MILLI.,.METRE.) );
#5914 = ( NAMED_UNIT(*) PLANE_ANGLE_UNIT() SI_UNIT($,.RADIAN.) );
#5915 = ( NAMED_UNIT(*) SI_UNIT($,.STERADIAN.) SOLID_ANGLE_UNIT() );
#5916 = UNCERTAINTY_MEASURE_WITH_UNIT(LENGTH_MEASURE(1.E-07),#5913,
  'distance_accuracy_value','confusion accuracy');
#5917 = CONTEXT_DEPENDENT_SHAPE_REPRESENTATION(#5918,#5920);
#5918 = ( REPRESENTATION_RELATIONSHIP('','',#5907,#10) 
REPRESENTATION_RELATIONSHIP_WITH_TRANSFORMATION(#5919) 
SHAPE_REPRESENTATION_RELATIONSHIP() );
#5919 = ITEM_DEFINED_TRANSFORMATION('','',#11,#171);
#5920 = PRODUCT_DEFINITION_SHAPE('Placement','Placement of an item',
  #5921);
#5921 = NEXT_ASSEMBLY_USAGE_OCCURRENCE('80','=>[0:1:1:80]','',#5,#5902,$
  );
#5922 = PRODUCT_RELATED_PRODUCT_CATEGORY('part',$,(#5904));
#5923 = SHAPE_DEFINITION_REPRESENTATION(#5924,#5930);
#5924 = PRODUCT_DEFINITION_SHAPE('','',#5925);
#5925 = PRODUCT_DEFINITION('design','',#5926,#5929);
#5926 = PRODUCT_DEFINITION_FORMATION('','',#5927);
#5927 = PRODUCT('SOLID','SOLID','',(#5928));
#5928 = PRODUCT_CONTEXT('',#2,'mechanical');
#5929 = PRODUCT_DEFINITION_CONTEXT('part definition',#2,'design');
#5930 = ADVANCED_BREP_SHAPE_REPRESENTATION('',(#11,#5931),#6029);
#5931 = MANIFOLD_SOLID_BREP('',#5932);
#5932 = CLOSED_SHELL('',(#5933,#6021,#6025));
#5933 = ADVANCED_FACE('',(#5934),#5947,.T.);
#5934 = FACE_BOUND('',#5935,.T.);
#5935 = EDGE_LOOP('',(#5936,#5970,#5993,#6020));
#5936 = ORIENTED_EDGE('',*,*,#5937,.F.);
#5937 = EDGE_CURVE('',#5938,#5938,#5940,.T.);
#5938 = VERTEX_POINT('',#5939);
#5939 = CARTESIAN_POINT('',(3.1,-7.592810154714E-16,1.246095592609E+03)
  );
#5940 = SURFACE_CURVE('',#5941,(#5946,#5958),.PCURVE_S1.);
#5941 = CIRCLE('',#5942,3.1);
#5942 = AXIS2_PLACEMENT_3D('',#5943,#5944,#5945);
#5943 = CARTESIAN_POINT('',(0.,0.,1.246095592609E+03));
#5944 = DIRECTION('',(0.,0.,1.));
#5945 = DIRECTION('',(1.,0.,-0.));
#5946 = PCURVE('',#5947,#5952);
#5947 = CYLINDRICAL_SURFACE('',#5948,3.1);
#5948 = AXIS2_PLACEMENT_3D('',#5949,#5950,#5951);
#5949 = CARTESIAN_POINT('',(0.,0.,0.));
#5950 = DIRECTION('',(0.,0.,1.));
#5951 = DIRECTION('',(1.,0.,-0.));
#5952 = DEFINITIONAL_REPRESENTATION('',(#5953),#5957);
#5953 = LINE('',#5954,#5955);
#5954 = CARTESIAN_POINT('',(0.,1.246095592609E+03));
#5955 = VECTOR('',#5956,1.);
#5956 = DIRECTION('',(1.,0.));
#5957 = ( GEOMETRIC_REPRESENTATION_CONTEXT(2) 
PARAMETRIC_REPRESENTATION_CONTEXT() REPRESENTATION_CONTEXT('2D SPACE',''
  ) );
#5958 = PCURVE('',#5959,#5964);
#5959 = PLANE('',#5960);
#5960 = AXIS2_PLACEMENT_3D('',#5961,#5962,#5963);
#5961 = CARTESIAN_POINT('',(0.,0.,1.246095592609E+03));
#5962 = DIRECTION('',(0.,0.,1.));
#5963 = DIRECTION('',(1.,0.,-0.));
#5964 = DEFINITIONAL_REPRESENTATION('',(#5965),#5969);
#5965 = CIRCLE('',#5966,3.1);
#5966 = AXIS2_PLACEMENT_2D('',#5967,#5968);
#5967 = CARTESIAN_POINT('',(0.,0.));
#5968 = DIRECTION('',(1.,0.));
#5969 = ( GEOMETRIC_REPRESENTATION_CONTEXT(2) 
PARAMETRIC_REPRESENTATION_CONTEXT() REPRESENTATION_CONTEXT('2D SPACE',''
  ) );
#5970 = ORIENTED_EDGE('',*,*,#5971,.F.);
#5971 = EDGE_CURVE('',#5972,#5938,#5974,.T.);
#5972 = VERTEX_POINT('',#5973);
#5973 = CARTESIAN_POINT('',(3.1,-7.592810154714E-16,0.));
#5974 = SEAM_CURVE('',#5975,(#5979,#5986),.PCURVE_S1.);
#5975 = LINE('',#5976,#5977);
#5976 = CARTESIAN_POINT('',(3.1,-7.592810154714E-16,0.));
#5977 = VECTOR('',#5978,1.);
#5978 = DIRECTION('',(0.,0.,1.));
#5979 = PCURVE('',#5947,#5980);
#5980 = DEFINITIONAL_REPRESENTATION('',(#5981),#5985);
#5981 = LINE('',#5982,#5983);
#5982 = CARTESIAN_POINT('',(6.28318530718,-0.));
#5983 = VECTOR('',#5984,1.);
#5984 = DIRECTION('',(0.,1.));
#5985 = ( GEOMETRIC_REPRESENTATION_CONTEXT(2) 
PARAMETRIC_REPRESENTATION_CONTEXT() REPRESENTATION_CONTEXT('2D SPACE',''
  ) );
#5986 = PCURVE('',#5947,#5987);
#5987 = DEFINITIONAL_REPRESENTATION('',(#5988),#5992);
#5988 = LINE('',#5989,#5990);
#5989 = CARTESIAN_POINT('',(0.,-0.));
#5990 = VECTOR('',#5991,1.);
#5991 = DIRECTION('',(0.,1.));
#5992 = ( GEOMETRIC_REPRESENTATION_CONTEXT(2) 
PARAMETRIC_REPRESENTATION_CONTEXT() REPRESENTATION_CONTEXT('2D SPACE',''
  ) );
#5993 = ORIENTED_EDGE('',*,*,#5994,.T.);
#5994 = EDGE_CURVE('',#5972,#5972,#5995,.T.);
#5995 = SURFACE_CURVE('',#5996,(#6001,#6008),.PCURVE_S1.);
#5996 = CIRCLE('',#5997,3.1);
#5997 = AXIS2_PLACEMENT_3D('',#5998,#5999,#6000);
#5998 = CARTESIAN_POINT('',(0.,0.,0.));
#5999 = DIRECTION('',(0.,0.,1.));
#6000 = DIRECTION('',(1.,0.,-0.));
#6001 = PCURVE('',#5947,#6002);
#6002 = DEFINITIONAL_REPRESENTATION('',(#6003),#6007);
#6003 = LINE('',#6004,#6005);
#6004 = CARTESIAN_POINT('',(0.,0.));
#6005 = VECTOR('',#6006,1.);
#6006 = DIRECTION('',(1.,0.));
#6007 = ( GEOMETRIC_REPRESENTATION_CONTEXT(2) 
PARAMETRIC_REPRESENTATION_CONTEXT() REPRESENTATION_CONTEXT('2D SPACE',''
  ) );
#6008 = PCURVE('',#6009,#6014);
#6009 = PLANE('',#6010);
#6010 = AXIS2_PLACEMENT_3D('',#6011,#6012,#6013);
#6011 = CARTESIAN_POINT('',(0.,0.,0.));
#6012 = DIRECTION('',(0.,0.,1.));
#6013 = DIRECTION('',(1.,0.,-0.));
#6014 = DEFINITIONAL_REPRESENTATION('',(#6015),#6019);
#6015 = CIRCLE('',#6016,3.1);
#6016 = AXIS2_PLACEMENT_2D('',#6017,#6018);
#6017 = CARTESIAN_POINT('',(0.,0.));
#6018 = DIRECTION('',(1.,0.));
#6019 = ( GEOMETRIC_REPRESENTATION_CONTEXT(2) 
PARAMETRIC_REPRESENTATION_CONTEXT() REPRESENTATION_CONTEXT('2D SPACE',''
  ) );
#6020 = ORIENTED_EDGE('',*,*,#5971,.T.);
#6021 = ADVANCED_FACE('',(#6022),#5959,.T.);
#6022 = FACE_BOUND('',#6023,.T.);
#6023 = EDGE_LOOP('',(#6024));
#6024 = ORIENTED_EDGE('',*,*,#5937,.T.);
#6025 = ADVANCED_FACE('',(#6026),#6009,.F.);
#6026 = FACE_BOUND('',#6027,.T.);
#6027 = EDGE_LOOP('',(#6028));
#6028 = ORIENTED_EDGE('',*,*,#5994,.F.);
#6029 = ( GEOMETRIC_REPRESENTATION_CONTEXT(3) 
GLOBAL_UNCERTAINTY_ASSIGNED_CONTEXT((#6033)) 
GLOBAL_UNIT_ASSIGNED_CONTEXT((#6030,#6031,#6032)) REPRESENTATION_CONTEXT
('Context #1','3D Context with UNIT and UNCERTAINTY') );
#6030 = ( LENGTH_UNIT() NAMED_UNIT(*) SI_UNIT(.MILLI.,.METRE.) );
#6031 = ( NAMED_UNIT(*) PLANE_ANGLE_UNIT() SI_UNIT($,.RADIAN.) );
#6032 = ( NAMED_UNIT(*) SI_UNIT($,.STERADIAN.) SOLID_ANGLE_UNIT() );
#6033 = UNCERTAINTY_MEASURE_WITH_UNIT(LENGTH_MEASURE(1.E-07),#6030,
  'distance_accuracy_value','confusion accuracy');
#6034 = CONTEXT_DEPENDENT_SHAPE_REPRESENTATION(#6035,#6037);
#6035 = ( REPRESENTATION_RELATIONSHIP('','',#5930,#5907) 
REPRESENTATION_RELATIONSHIP_WITH_TRANSFORMATION(#6036) 
SHAPE_REPRESENTATION_RELATIONSHIP() );
#6036 = ITEM_DEFINED_TRANSFORMATION('','',#11,#5908);
#6037 = PRODUCT_DEFINITION_SHAPE('Placement','Placement of an item',
  #6038);
#6038 = NEXT_ASSEMBLY_USAGE_OCCURRENCE('79','=>[0:1:1:81]','',#5902,
  #5925,$);
#6039 = PRODUCT_RELATED_PRODUCT_CATEGORY('part',$,(#5927));
#6040 = SHAPE_DEFINITION_REPRESENTATION(#6041,#6047);
#6041 = PRODUCT_DEFINITION_SHAPE('','',#6042);
#6042 = PRODUCT_DEFINITION('design','',#6043,#6046);
#6043 = PRODUCT_DEFINITION_FORMATION('','',#6044);
#6044 = PRODUCT('external_regen_cooling_channel_35',
  'external_regen_cooling_channel_35','',(#6045));
#6045 = PRODUCT_CONTEXT('',#2,'mechanical');
#6046 = PRODUCT_DEFINITION_CONTEXT('part definition',#2,'design');
#6047 = SHAPE_REPRESENTATION('',(#11,#6048),#6052);
#6048 = AXIS2_PLACEMENT_3D('',#6049,#6050,#6051);
#6049 = CARTESIAN_POINT('',(0.,0.,-623.0477963047));
#6050 = DIRECTION('',(0.,0.,1.));
#6051 = DIRECTION('',(1.,0.,0.));
#6052 = ( GEOMETRIC_REPRESENTATION_CONTEXT(3) 
GLOBAL_UNCERTAINTY_ASSIGNED_CONTEXT((#6056)) 
GLOBAL_UNIT_ASSIGNED_CONTEXT((#6053,#6054,#6055)) REPRESENTATION_CONTEXT
('Context #1','3D Context with UNIT and UNCERTAINTY') );
#6053 = ( LENGTH_UNIT() NAMED_UNIT(*) SI_UNIT(.MILLI.,.METRE.) );
#6054 = ( NAMED_UNIT(*) PLANE_ANGLE_UNIT() SI_UNIT($,.RADIAN.) );
#6055 = ( NAMED_UNIT(*) SI_UNIT($,.STERADIAN.) SOLID_ANGLE_UNIT() );
#6056 = UNCERTAINTY_MEASURE_WITH_UNIT(LENGTH_MEASURE(1.E-07),#6053,
  'distance_accuracy_value','confusion accuracy');
#6057 = CONTEXT_DEPENDENT_SHAPE_REPRESENTATION(#6058,#6060);
#6058 = ( REPRESENTATION_RELATIONSHIP('','',#6047,#10) 
REPRESENTATION_RELATIONSHIP_WITH_TRANSFORMATION(#6059) 
SHAPE_REPRESENTATION_RELATIONSHIP() );
#6059 = ITEM_DEFINED_TRANSFORMATION('','',#11,#175);
#6060 = PRODUCT_DEFINITION_SHAPE('Placement','Placement of an item',
  #6061);
#6061 = NEXT_ASSEMBLY_USAGE_OCCURRENCE('82','=>[0:1:1:82]','',#5,#6042,$
  );
#6062 = PRODUCT_RELATED_PRODUCT_CATEGORY('part',$,(#6044));
#6063 = SHAPE_DEFINITION_REPRESENTATION(#6064,#6070);
#6064 = PRODUCT_DEFINITION_SHAPE('','',#6065);
#6065 = PRODUCT_DEFINITION('design','',#6066,#6069);
#6066 = PRODUCT_DEFINITION_FORMATION('','',#6067);
#6067 = PRODUCT('SOLID','SOLID','',(#6068));
#6068 = PRODUCT_CONTEXT('',#2,'mechanical');
#6069 = PRODUCT_DEFINITION_CONTEXT('part definition',#2,'design');
#6070 = ADVANCED_BREP_SHAPE_REPRESENTATION('',(#11,#6071),#6169);
#6071 = MANIFOLD_SOLID_BREP('',#6072);
#6072 = CLOSED_SHELL('',(#6073,#6161,#6165));
#6073 = ADVANCED_FACE('',(#6074),#6087,.T.);
#6074 = FACE_BOUND('',#6075,.T.);
#6075 = EDGE_LOOP('',(#6076,#6110,#6133,#6160));
#6076 = ORIENTED_EDGE('',*,*,#6077,.F.);
#6077 = EDGE_CURVE('',#6078,#6078,#6080,.T.);
#6078 = VERTEX_POINT('',#6079);
#6079 = CARTESIAN_POINT('',(3.1,-7.592810154714E-16,1.246095592609E+03)
  );
#6080 = SURFACE_CURVE('',#6081,(#6086,#6098),.PCURVE_S1.);
#6081 = CIRCLE('',#6082,3.1);
#6082 = AXIS2_PLACEMENT_3D('',#6083,#6084,#6085);
#6083 = CARTESIAN_POINT('',(0.,0.,1.246095592609E+03));
#6084 = DIRECTION('',(0.,0.,1.));
#6085 = DIRECTION('',(1.,0.,-0.));
#6086 = PCURVE('',#6087,#6092);
#6087 = CYLINDRICAL_SURFACE('',#6088,3.1);
#6088 = AXIS2_PLACEMENT_3D('',#6089,#6090,#6091);
#6089 = CARTESIAN_POINT('',(0.,0.,0.));
#6090 = DIRECTION('',(0.,0.,1.));
#6091 = DIRECTION('',(1.,0.,-0.));
#6092 = DEFINITIONAL_REPRESENTATION('',(#6093),#6097);
#6093 = LINE('',#6094,#6095);
#6094 = CARTESIAN_POINT('',(0.,1.246095592609E+03));
#6095 = VECTOR('',#6096,1.);
#6096 = DIRECTION('',(1.,0.));
#6097 = ( GEOMETRIC_REPRESENTATION_CONTEXT(2) 
PARAMETRIC_REPRESENTATION_CONTEXT() REPRESENTATION_CONTEXT('2D SPACE',''
  ) );
#6098 = PCURVE('',#6099,#6104);
#6099 = PLANE('',#6100);
#6100 = AXIS2_PLACEMENT_3D('',#6101,#6102,#6103);
#6101 = CARTESIAN_POINT('',(0.,0.,1.246095592609E+03));
#6102 = DIRECTION('',(0.,0.,1.));
#6103 = DIRECTION('',(1.,0.,-0.));
#6104 = DEFINITIONAL_REPRESENTATION('',(#6105),#6109);
#6105 = CIRCLE('',#6106,3.1);
#6106 = AXIS2_PLACEMENT_2D('',#6107,#6108);
#6107 = CARTESIAN_POINT('',(0.,0.));
#6108 = DIRECTION('',(1.,0.));
#6109 = ( GEOMETRIC_REPRESENTATION_CONTEXT(2) 
PARAMETRIC_REPRESENTATION_CONTEXT() REPRESENTATION_CONTEXT('2D SPACE',''
  ) );
#6110 = ORIENTED_EDGE('',*,*,#6111,.F.);
#6111 = EDGE_CURVE('',#6112,#6078,#6114,.T.);
#6112 = VERTEX_POINT('',#6113);
#6113 = CARTESIAN_POINT('',(3.1,-7.592810154714E-16,0.));
#6114 = SEAM_CURVE('',#6115,(#6119,#6126),.PCURVE_S1.);
#6115 = LINE('',#6116,#6117);
#6116 = CARTESIAN_POINT('',(3.1,-7.592810154714E-16,0.));
#6117 = VECTOR('',#6118,1.);
#6118 = DIRECTION('',(0.,0.,1.));
#6119 = PCURVE('',#6087,#6120);
#6120 = DEFINITIONAL_REPRESENTATION('',(#6121),#6125);
#6121 = LINE('',#6122,#6123);
#6122 = CARTESIAN_POINT('',(6.28318530718,-0.));
#6123 = VECTOR('',#6124,1.);
#6124 = DIRECTION('',(0.,1.));
#6125 = ( GEOMETRIC_REPRESENTATION_CONTEXT(2) 
PARAMETRIC_REPRESENTATION_CONTEXT() REPRESENTATION_CONTEXT('2D SPACE',''
  ) );
#6126 = PCURVE('',#6087,#6127);
#6127 = DEFINITIONAL_REPRESENTATION('',(#6128),#6132);
#6128 = LINE('',#6129,#6130);
#6129 = CARTESIAN_POINT('',(0.,-0.));
#6130 = VECTOR('',#6131,1.);
#6131 = DIRECTION('',(0.,1.));
#6132 = ( GEOMETRIC_REPRESENTATION_CONTEXT(2) 
PARAMETRIC_REPRESENTATION_CONTEXT() REPRESENTATION_CONTEXT('2D SPACE',''
  ) );
#6133 = ORIENTED_EDGE('',*,*,#6134,.T.);
#6134 = EDGE_CURVE('',#6112,#6112,#6135,.T.);
#6135 = SURFACE_CURVE('',#6136,(#6141,#6148),.PCURVE_S1.);
#6136 = CIRCLE('',#6137,3.1);
#6137 = AXIS2_PLACEMENT_3D('',#6138,#6139,#6140);
#6138 = CARTESIAN_POINT('',(0.,0.,0.));
#6139 = DIRECTION('',(0.,0.,1.));
#6140 = DIRECTION('',(1.,0.,-0.));
#6141 = PCURVE('',#6087,#6142);
#6142 = DEFINITIONAL_REPRESENTATION('',(#6143),#6147);
#6143 = LINE('',#6144,#6145);
#6144 = CARTESIAN_POINT('',(0.,0.));
#6145 = VECTOR('',#6146,1.);
#6146 = DIRECTION('',(1.,0.));
#6147 = ( GEOMETRIC_REPRESENTATION_CONTEXT(2) 
PARAMETRIC_REPRESENTATION_CONTEXT() REPRESENTATION_CONTEXT('2D SPACE',''
  ) );
#6148 = PCURVE('',#6149,#6154);
#6149 = PLANE('',#6150);
#6150 = AXIS2_PLACEMENT_3D('',#6151,#6152,#6153);
#6151 = CARTESIAN_POINT('',(0.,0.,0.));
#6152 = DIRECTION('',(0.,0.,1.));
#6153 = DIRECTION('',(1.,0.,-0.));
#6154 = DEFINITIONAL_REPRESENTATION('',(#6155),#6159);
#6155 = CIRCLE('',#6156,3.1);
#6156 = AXIS2_PLACEMENT_2D('',#6157,#6158);
#6157 = CARTESIAN_POINT('',(0.,0.));
#6158 = DIRECTION('',(1.,0.));
#6159 = ( GEOMETRIC_REPRESENTATION_CONTEXT(2) 
PARAMETRIC_REPRESENTATION_CONTEXT() REPRESENTATION_CONTEXT('2D SPACE',''
  ) );
#6160 = ORIENTED_EDGE('',*,*,#6111,.T.);
#6161 = ADVANCED_FACE('',(#6162),#6099,.T.);
#6162 = FACE_BOUND('',#6163,.T.);
#6163 = EDGE_LOOP('',(#6164));
#6164 = ORIENTED_EDGE('',*,*,#6077,.T.);
#6165 = ADVANCED_FACE('',(#6166),#6149,.F.);
#6166 = FACE_BOUND('',#6167,.T.);
#6167 = EDGE_LOOP('',(#6168));
#6168 = ORIENTED_EDGE('',*,*,#6134,.F.);
#6169 = ( GEOMETRIC_REPRESENTATION_CONTEXT(3) 
GLOBAL_UNCERTAINTY_ASSIGNED_CONTEXT((#6173)) 
GLOBAL_UNIT_ASSIGNED_CONTEXT((#6170,#6171,#6172)) REPRESENTATION_CONTEXT
('Context #1','3D Context with UNIT and UNCERTAINTY') );
#6170 = ( LENGTH_UNIT() NAMED_UNIT(*) SI_UNIT(.MILLI.,.METRE.) );
#6171 = ( NAMED_UNIT(*) PLANE_ANGLE_UNIT() SI_UNIT($,.RADIAN.) );
#6172 = ( NAMED_UNIT(*) SI_UNIT($,.STERADIAN.) SOLID_ANGLE_UNIT() );
#6173 = UNCERTAINTY_MEASURE_WITH_UNIT(LENGTH_MEASURE(1.E-07),#6170,
  'distance_accuracy_value','confusion accuracy');
#6174 = CONTEXT_DEPENDENT_SHAPE_REPRESENTATION(#6175,#6177);
#6175 = ( REPRESENTATION_RELATIONSHIP('','',#6070,#6047) 
REPRESENTATION_RELATIONSHIP_WITH_TRANSFORMATION(#6176) 
SHAPE_REPRESENTATION_RELATIONSHIP() );
#6176 = ITEM_DEFINED_TRANSFORMATION('','',#11,#6048);
#6177 = PRODUCT_DEFINITION_SHAPE('Placement','Placement of an item',
  #6178);
#6178 = NEXT_ASSEMBLY_USAGE_OCCURRENCE('81','=>[0:1:1:83]','',#6042,
  #6065,$);
#6179 = PRODUCT_RELATED_PRODUCT_CATEGORY('part',$,(#6067));
#6180 = MECHANICAL_DESIGN_GEOMETRIC_PRESENTATION_REPRESENTATION('',(
    #6181),#4069);
#6181 = STYLED_ITEM('color',(#6182),#3971);
#6182 = PRESENTATION_STYLE_ASSIGNMENT((#6183));
#6183 = SURFACE_STYLE_USAGE(.BOTH.,#6184);
#6184 = SURFACE_SIDE_STYLE('',(#6185));
#6185 = SURFACE_STYLE_FILL_AREA(#6186);
#6186 = FILL_AREA_STYLE('',(#6187));
#6187 = FILL_AREA_STYLE_COLOUR('',#6188);
#6188 = COLOUR_RGB('',0.875605636236,0.649956451329,0.436627062838);
#6189 = MECHANICAL_DESIGN_GEOMETRIC_PRESENTATION_REPRESENTATION('',(
    #6190),#1969);
#6190 = STYLED_ITEM('color',(#6191),#1871);
#6191 = PRESENTATION_STYLE_ASSIGNMENT((#6192));
#6192 = SURFACE_STYLE_USAGE(.BOTH.,#6193);
#6193 = SURFACE_SIDE_STYLE('',(#6194));
#6194 = SURFACE_STYLE_FILL_AREA(#6195);
#6195 = FILL_AREA_STYLE('',(#6196));
#6196 = FILL_AREA_STYLE_COLOUR('',#6197);
#6197 = COLOUR_RGB('',0.767375665483,0.649956451329,0.46135613805);
#6198 = MECHANICAL_DESIGN_GEOMETRIC_PRESENTATION_REPRESENTATION('',(
    #6199),#3929);
#6199 = STYLED_ITEM('color',(#6200),#3831);
#6200 = PRESENTATION_STYLE_ASSIGNMENT((#6201));
#6201 = SURFACE_STYLE_USAGE(.BOTH.,#6202);
#6202 = SURFACE_SIDE_STYLE('',(#6203));
#6203 = SURFACE_STYLE_FILL_AREA(#6204);
#6204 = FILL_AREA_STYLE('',(#6205));
#6205 = FILL_AREA_STYLE_COLOUR('',#6197);
#6206 = MECHANICAL_DESIGN_GEOMETRIC_PRESENTATION_REPRESENTATION('',(
    #6207),#4629);
#6207 = STYLED_ITEM('color',(#6208),#4531);
#6208 = PRESENTATION_STYLE_ASSIGNMENT((#6209));
#6209 = SURFACE_STYLE_USAGE(.BOTH.,#6210);
#6210 = SURFACE_SIDE_STYLE('',(#6211));
#6211 = SURFACE_STYLE_FILL_AREA(#6212);
#6212 = FILL_AREA_STYLE('',(#6213));
#6213 = FILL_AREA_STYLE_COLOUR('',#6188);
#6214 = MECHANICAL_DESIGN_GEOMETRIC_PRESENTATION_REPRESENTATION('',(
    #6215),#1829);
#6215 = STYLED_ITEM('color',(#6216),#1731);
#6216 = PRESENTATION_STYLE_ASSIGNMENT((#6217));
#6217 = SURFACE_STYLE_USAGE(.BOTH.,#6218);
#6218 = SURFACE_SIDE_STYLE('',(#6219));
#6219 = SURFACE_STYLE_FILL_AREA(#6220);
#6220 = FILL_AREA_STYLE('',(#6221));
#6221 = FILL_AREA_STYLE_COLOUR('',#6188);
#6222 = MECHANICAL_DESIGN_GEOMETRIC_PRESENTATION_REPRESENTATION('',(
    #6223),#5189);
#6223 = STYLED_ITEM('color',(#6224),#5091);
#6224 = PRESENTATION_STYLE_ASSIGNMENT((#6225));
#6225 = SURFACE_STYLE_USAGE(.BOTH.,#6226);
#6226 = SURFACE_SIDE_STYLE('',(#6227));
#6227 = SURFACE_STYLE_FILL_AREA(#6228);
#6228 = FILL_AREA_STYLE('',(#6229));
#6229 = FILL_AREA_STYLE_COLOUR('',#6188);
#6230 = MECHANICAL_DESIGN_GEOMETRIC_PRESENTATION_REPRESENTATION('',(
    #6231),#829);
#6231 = STYLED_ITEM('color',(#6232),#556);
#6232 = PRESENTATION_STYLE_ASSIGNMENT((#6233));
#6233 = SURFACE_STYLE_USAGE(.BOTH.,#6234);
#6234 = SURFACE_SIDE_STYLE('',(#6235));
#6235 = SURFACE_STYLE_FILL_AREA(#6236);
#6236 = FILL_AREA_STYLE('',(#6237));
#6237 = FILL_AREA_STYLE_COLOUR('',#6238);
#6238 = COLOUR_RGB('',9.985282129195E-02,9.985282129195E-02,
  0.112074939959);
#6239 = MECHANICAL_DESIGN_GEOMETRIC_PRESENTATION_REPRESENTATION('',(
    #6240),#514);
#6240 = STYLED_ITEM('color',(#6241),#216);
#6241 = PRESENTATION_STYLE_ASSIGNMENT((#6242));
#6242 = SURFACE_STYLE_USAGE(.BOTH.,#6243);
#6243 = SURFACE_SIDE_STYLE('',(#6244));
#6244 = SURFACE_STYLE_FILL_AREA(#6245);
#6245 = FILL_AREA_STYLE('',(#6246));
#6246 = FILL_AREA_STYLE_COLOUR('',#6247);
#6247 = COLOUR_RGB('',0.46135613805,0.46135613805,0.449203874658);
#6248 = MECHANICAL_DESIGN_GEOMETRIC_PRESENTATION_REPRESENTATION('',(
    #6249),#5609);
#6249 = STYLED_ITEM('color',(#6250),#5511);
#6250 = PRESENTATION_STYLE_ASSIGNMENT((#6251));
#6251 = SURFACE_STYLE_USAGE(.BOTH.,#6252);
#6252 = SURFACE_SIDE_STYLE('',(#6253));
#6253 = SURFACE_STYLE_FILL_AREA(#6254);
#6254 = FILL_AREA_STYLE('',(#6255));
#6255 = FILL_AREA_STYLE_COLOUR('',#6197);
#6256 = MECHANICAL_DESIGN_GEOMETRIC_PRESENTATION_REPRESENTATION('',(
    #6257),#2109);
#6257 = STYLED_ITEM('color',(#6258),#2011);
#6258 = PRESENTATION_STYLE_ASSIGNMENT((#6259));
#6259 = SURFACE_STYLE_USAGE(.BOTH.,#6260);
#6260 = SURFACE_SIDE_STYLE('',(#6261));
#6261 = SURFACE_STYLE_FILL_AREA(#6262);
#6262 = FILL_AREA_STYLE('',(#6263));
#6263 = FILL_AREA_STYLE_COLOUR('',#6188);
#6264 = MECHANICAL_DESIGN_GEOMETRIC_PRESENTATION_REPRESENTATION('',(
    #6265),#929);
#6265 = STYLED_ITEM('color',(#6266),#871);
#6266 = PRESENTATION_STYLE_ASSIGNMENT((#6267));
#6267 = SURFACE_STYLE_USAGE(.BOTH.,#6268);
#6268 = SURFACE_SIDE_STYLE('',(#6269));
#6269 = SURFACE_STYLE_FILL_AREA(#6270);
#6270 = FILL_AREA_STYLE('',(#6271));
#6271 = FILL_AREA_STYLE_COLOUR('',#6272);
#6272 = COLOUR_RGB('',0.728731850225,0.722027348249,0.694360977707);
#6273 = MECHANICAL_DESIGN_GEOMETRIC_PRESENTATION_REPRESENTATION('',(
    #6274),#5749);
#6274 = STYLED_ITEM('color',(#6275),#5651);
#6275 = PRESENTATION_STYLE_ASSIGNMENT((#6276));
#6276 = SURFACE_STYLE_USAGE(.BOTH.,#6277);
#6277 = SURFACE_SIDE_STYLE('',(#6278));
#6278 = SURFACE_STYLE_FILL_AREA(#6279);
#6279 = FILL_AREA_STYLE('',(#6280));
#6280 = FILL_AREA_STYLE_COLOUR('',#6188);
#6281 = MECHANICAL_DESIGN_GEOMETRIC_PRESENTATION_REPRESENTATION('',(
    #6282),#4769);
#6282 = STYLED_ITEM('color',(#6283),#4671);
#6283 = PRESENTATION_STYLE_ASSIGNMENT((#6284));
#6284 = SURFACE_STYLE_USAGE(.BOTH.,#6285);
#6285 = SURFACE_SIDE_STYLE('',(#6286));
#6286 = SURFACE_STYLE_FILL_AREA(#6287);
#6287 = FILL_AREA_STYLE('',(#6288));
#6288 = FILL_AREA_STYLE_COLOUR('',#6197);
#6289 = MECHANICAL_DESIGN_GEOMETRIC_PRESENTATION_REPRESENTATION('',(
    #6290),#3509);
#6290 = STYLED_ITEM('color',(#6291),#3411);
#6291 = PRESENTATION_STYLE_ASSIGNMENT((#6292));
#6292 = SURFACE_STYLE_USAGE(.BOTH.,#6293);
#6293 = SURFACE_SIDE_STYLE('',(#6294));
#6294 = SURFACE_STYLE_FILL_AREA(#6295);
#6295 = FILL_AREA_STYLE('',(#6296));
#6296 = FILL_AREA_STYLE_COLOUR('',#6188);
#6297 = MECHANICAL_DESIGN_GEOMETRIC_PRESENTATION_REPRESENTATION('',(
    #6298),#4349);
#6298 = STYLED_ITEM('color',(#6299),#4251);
#6299 = PRESENTATION_STYLE_ASSIGNMENT((#6300));
#6300 = SURFACE_STYLE_USAGE(.BOTH.,#6301);
#6301 = SURFACE_SIDE_STYLE('',(#6302));
#6302 = SURFACE_STYLE_FILL_AREA(#6303);
#6303 = FILL_AREA_STYLE('',(#6304));
#6304 = FILL_AREA_STYLE_COLOUR('',#6188);
#6305 = MECHANICAL_DESIGN_GEOMETRIC_PRESENTATION_REPRESENTATION('',(
    #6306),#2249);
#6306 = STYLED_ITEM('color',(#6307),#2151);
#6307 = PRESENTATION_STYLE_ASSIGNMENT((#6308));
#6308 = SURFACE_STYLE_USAGE(.BOTH.,#6309);
#6309 = SURFACE_SIDE_STYLE('',(#6310));
#6310 = SURFACE_STYLE_FILL_AREA(#6311);
#6311 = FILL_AREA_STYLE('',(#6312));
#6312 = FILL_AREA_STYLE_COLOUR('',#6197);
#6313 = MECHANICAL_DESIGN_GEOMETRIC_PRESENTATION_REPRESENTATION('',(
    #6314),#2529);
#6314 = STYLED_ITEM('color',(#6315),#2431);
#6315 = PRESENTATION_STYLE_ASSIGNMENT((#6316));
#6316 = SURFACE_STYLE_USAGE(.BOTH.,#6317);
#6317 = SURFACE_SIDE_STYLE('',(#6318));
#6318 = SURFACE_STYLE_FILL_AREA(#6319);
#6319 = FILL_AREA_STYLE('',(#6320));
#6320 = FILL_AREA_STYLE_COLOUR('',#6197);
#6321 = MECHANICAL_DESIGN_GEOMETRIC_PRESENTATION_REPRESENTATION('',(
    #6322),#1129);
#6322 = STYLED_ITEM('color',(#6323),#1071);
#6323 = PRESENTATION_STYLE_ASSIGNMENT((#6324));
#6324 = SURFACE_STYLE_USAGE(.BOTH.,#6325);
#6325 = SURFACE_SIDE_STYLE('',(#6326));
#6326 = SURFACE_STYLE_FILL_AREA(#6327);
#6327 = FILL_AREA_STYLE('',(#6328));
#6328 = FILL_AREA_STYLE_COLOUR('',#6188);
#6329 = MECHANICAL_DESIGN_GEOMETRIC_PRESENTATION_REPRESENTATION('',(
    #6330),#4909);
#6330 = STYLED_ITEM('color',(#6331),#4811);
#6331 = PRESENTATION_STYLE_ASSIGNMENT((#6332));
#6332 = SURFACE_STYLE_USAGE(.BOTH.,#6333);
#6333 = SURFACE_SIDE_STYLE('',(#6334));
#6334 = SURFACE_STYLE_FILL_AREA(#6335);
#6335 = FILL_AREA_STYLE('',(#6336));
#6336 = FILL_AREA_STYLE_COLOUR('',#6188);
#6337 = MECHANICAL_DESIGN_GEOMETRIC_PRESENTATION_REPRESENTATION('',(
    #6338),#2809);
#6338 = STYLED_ITEM('color',(#6339),#2711);
#6339 = PRESENTATION_STYLE_ASSIGNMENT((#6340));
#6340 = SURFACE_STYLE_USAGE(.BOTH.,#6341);
#6341 = SURFACE_SIDE_STYLE('',(#6342));
#6342 = SURFACE_STYLE_FILL_AREA(#6343);
#6343 = FILL_AREA_STYLE('',(#6344));
#6344 = FILL_AREA_STYLE_COLOUR('',#6197);
#6345 = MECHANICAL_DESIGN_GEOMETRIC_PRESENTATION_REPRESENTATION('',(
    #6346),#1029);
#6346 = STYLED_ITEM('color',(#6347),#971);
#6347 = PRESENTATION_STYLE_ASSIGNMENT((#6348));
#6348 = SURFACE_STYLE_USAGE(.BOTH.,#6349);
#6349 = SURFACE_SIDE_STYLE('',(#6350));
#6350 = SURFACE_STYLE_FILL_AREA(#6351);
#6351 = FILL_AREA_STYLE('',(#6352));
#6352 = FILL_AREA_STYLE_COLOUR('',#6188);
#6353 = MECHANICAL_DESIGN_GEOMETRIC_PRESENTATION_REPRESENTATION('',(
    #6354),#2669);
#6354 = STYLED_ITEM('color',(#6355),#2571);
#6355 = PRESENTATION_STYLE_ASSIGNMENT((#6356));
#6356 = SURFACE_STYLE_USAGE(.BOTH.,#6357);
#6357 = SURFACE_SIDE_STYLE('',(#6358));
#6358 = SURFACE_STYLE_FILL_AREA(#6359);
#6359 = FILL_AREA_STYLE('',(#6360));
#6360 = FILL_AREA_STYLE_COLOUR('',#6188);
#6361 = MECHANICAL_DESIGN_GEOMETRIC_PRESENTATION_REPRESENTATION('',(
    #6362),#3789);
#6362 = STYLED_ITEM('color',(#6363),#3691);
#6363 = PRESENTATION_STYLE_ASSIGNMENT((#6364));
#6364 = SURFACE_STYLE_USAGE(.BOTH.,#6365);
#6365 = SURFACE_SIDE_STYLE('',(#6366));
#6366 = SURFACE_STYLE_FILL_AREA(#6367);
#6367 = FILL_AREA_STYLE('',(#6368));
#6368 = FILL_AREA_STYLE_COLOUR('',#6188);
#6369 = MECHANICAL_DESIGN_GEOMETRIC_PRESENTATION_REPRESENTATION('',(
    #6370),#3089);
#6370 = STYLED_ITEM('color',(#6371),#2991);
#6371 = PRESENTATION_STYLE_ASSIGNMENT((#6372));
#6372 = SURFACE_STYLE_USAGE(.BOTH.,#6373);
#6373 = SURFACE_SIDE_STYLE('',(#6374));
#6374 = SURFACE_STYLE_FILL_AREA(#6375);
#6375 = FILL_AREA_STYLE('',(#6376));
#6376 = FILL_AREA_STYLE_COLOUR('',#6197);
#6377 = MECHANICAL_DESIGN_GEOMETRIC_PRESENTATION_REPRESENTATION('',(
    #6378),#5889);
#6378 = STYLED_ITEM('color',(#6379),#5791);
#6379 = PRESENTATION_STYLE_ASSIGNMENT((#6380));
#6380 = SURFACE_STYLE_USAGE(.BOTH.,#6381);
#6381 = SURFACE_SIDE_STYLE('',(#6382));
#6382 = SURFACE_STYLE_FILL_AREA(#6383);
#6383 = FILL_AREA_STYLE('',(#6384));
#6384 = FILL_AREA_STYLE_COLOUR('',#6197);
#6385 = MECHANICAL_DESIGN_GEOMETRIC_PRESENTATION_REPRESENTATION('',(
    #6386),#3229);
#6386 = STYLED_ITEM('color',(#6387),#3131);
#6387 = PRESENTATION_STYLE_ASSIGNMENT((#6388));
#6388 = SURFACE_STYLE_USAGE(.BOTH.,#6389);
#6389 = SURFACE_SIDE_STYLE('',(#6390));
#6390 = SURFACE_STYLE_FILL_AREA(#6391);
#6391 = FILL_AREA_STYLE('',(#6392));
#6392 = FILL_AREA_STYLE_COLOUR('',#6188);
#6393 = MECHANICAL_DESIGN_GEOMETRIC_PRESENTATION_REPRESENTATION('',(
    #6394),#3649);
#6394 = STYLED_ITEM('color',(#6395),#3551);
#6395 = PRESENTATION_STYLE_ASSIGNMENT((#6396));
#6396 = SURFACE_STYLE_USAGE(.BOTH.,#6397);
#6397 = SURFACE_SIDE_STYLE('',(#6398));
#6398 = SURFACE_STYLE_FILL_AREA(#6399);
#6399 = FILL_AREA_STYLE('',(#6400));
#6400 = FILL_AREA_STYLE_COLOUR('',#6197);
#6401 = MECHANICAL_DESIGN_GEOMETRIC_PRESENTATION_REPRESENTATION('',(
    #6402),#2389);
#6402 = STYLED_ITEM('color',(#6403),#2291);
#6403 = PRESENTATION_STYLE_ASSIGNMENT((#6404));
#6404 = SURFACE_STYLE_USAGE(.BOTH.,#6405);
#6405 = SURFACE_SIDE_STYLE('',(#6406));
#6406 = SURFACE_STYLE_FILL_AREA(#6407);
#6407 = FILL_AREA_STYLE('',(#6408));
#6408 = FILL_AREA_STYLE_COLOUR('',#6188);
#6409 = MECHANICAL_DESIGN_GEOMETRIC_PRESENTATION_REPRESENTATION('',(
    #6410),#1409);
#6410 = STYLED_ITEM('color',(#6411),#1311);
#6411 = PRESENTATION_STYLE_ASSIGNMENT((#6412));
#6412 = SURFACE_STYLE_USAGE(.BOTH.,#6413);
#6413 = SURFACE_SIDE_STYLE('',(#6414));
#6414 = SURFACE_STYLE_FILL_AREA(#6415);
#6415 = FILL_AREA_STYLE('',(#6416));
#6416 = FILL_AREA_STYLE_COLOUR('',#6197);
#6417 = MECHANICAL_DESIGN_GEOMETRIC_PRESENTATION_REPRESENTATION('',(
    #6418),#5469);
#6418 = STYLED_ITEM('color',(#6419),#5371);
#6419 = PRESENTATION_STYLE_ASSIGNMENT((#6420));
#6420 = SURFACE_STYLE_USAGE(.BOTH.,#6421);
#6421 = SURFACE_SIDE_STYLE('',(#6422));
#6422 = SURFACE_STYLE_FILL_AREA(#6423);
#6423 = FILL_AREA_STYLE('',(#6424));
#6424 = FILL_AREA_STYLE_COLOUR('',#6188);
#6425 = MECHANICAL_DESIGN_GEOMETRIC_PRESENTATION_REPRESENTATION('',(
    #6426),#2949);
#6426 = STYLED_ITEM('color',(#6427),#2851);
#6427 = PRESENTATION_STYLE_ASSIGNMENT((#6428));
#6428 = SURFACE_STYLE_USAGE(.BOTH.,#6429);
#6429 = SURFACE_SIDE_STYLE('',(#6430));
#6430 = SURFACE_STYLE_FILL_AREA(#6431);
#6431 = FILL_AREA_STYLE('',(#6432));
#6432 = FILL_AREA_STYLE_COLOUR('',#6188);
#6433 = MECHANICAL_DESIGN_GEOMETRIC_PRESENTATION_REPRESENTATION('',(
    #6434),#5329);
#6434 = STYLED_ITEM('color',(#6435),#5231);
#6435 = PRESENTATION_STYLE_ASSIGNMENT((#6436));
#6436 = SURFACE_STYLE_USAGE(.BOTH.,#6437);
#6437 = SURFACE_SIDE_STYLE('',(#6438));
#6438 = SURFACE_STYLE_FILL_AREA(#6439);
#6439 = FILL_AREA_STYLE('',(#6440));
#6440 = FILL_AREA_STYLE_COLOUR('',#6197);
#6441 = MECHANICAL_DESIGN_GEOMETRIC_PRESENTATION_REPRESENTATION('',(
    #6442),#5049);
#6442 = STYLED_ITEM('color',(#6443),#4951);
#6443 = PRESENTATION_STYLE_ASSIGNMENT((#6444));
#6444 = SURFACE_STYLE_USAGE(.BOTH.,#6445);
#6445 = SURFACE_SIDE_STYLE('',(#6446));
#6446 = SURFACE_STYLE_FILL_AREA(#6447);
#6447 = FILL_AREA_STYLE('',(#6448));
#6448 = FILL_AREA_STYLE_COLOUR('',#6197);
#6449 = MECHANICAL_DESIGN_GEOMETRIC_PRESENTATION_REPRESENTATION('',(
    #6450),#6169);
#6450 = STYLED_ITEM('color',(#6451),#6071);
#6451 = PRESENTATION_STYLE_ASSIGNMENT((#6452));
#6452 = SURFACE_STYLE_USAGE(.BOTH.,#6453);
#6453 = SURFACE_SIDE_STYLE('',(#6454));
#6454 = SURFACE_STYLE_FILL_AREA(#6455);
#6455 = FILL_AREA_STYLE('',(#6456));
#6456 = FILL_AREA_STYLE_COLOUR('',#6197);
#6457 = MECHANICAL_DESIGN_GEOMETRIC_PRESENTATION_REPRESENTATION('',(
    #6458),#6029);
#6458 = STYLED_ITEM('color',(#6459),#5931);
#6459 = PRESENTATION_STYLE_ASSIGNMENT((#6460));
#6460 = SURFACE_STYLE_USAGE(.BOTH.,#6461);
#6461 = SURFACE_SIDE_STYLE('',(#6462));
#6462 = SURFACE_STYLE_FILL_AREA(#6463);
#6463 = FILL_AREA_STYLE('',(#6464));
#6464 = FILL_AREA_STYLE_COLOUR('',#6188);
#6465 = MECHANICAL_DESIGN_GEOMETRIC_PRESENTATION_REPRESENTATION('',(
    #6466),#3369);
#6466 = STYLED_ITEM('color',(#6467),#3271);
#6467 = PRESENTATION_STYLE_ASSIGNMENT((#6468));
#6468 = SURFACE_STYLE_USAGE(.BOTH.,#6469);
#6469 = SURFACE_SIDE_STYLE('',(#6470));
#6470 = SURFACE_STYLE_FILL_AREA(#6471);
#6471 = FILL_AREA_STYLE('',(#6472));
#6472 = FILL_AREA_STYLE_COLOUR('',#6197);
#6473 = MECHANICAL_DESIGN_GEOMETRIC_PRESENTATION_REPRESENTATION('',(
    #6474),#1269);
#6474 = STYLED_ITEM('color',(#6475),#1171);
#6475 = PRESENTATION_STYLE_ASSIGNMENT((#6476));
#6476 = SURFACE_STYLE_USAGE(.BOTH.,#6477);
#6477 = SURFACE_SIDE_STYLE('',(#6478));
#6478 = SURFACE_STYLE_FILL_AREA(#6479);
#6479 = FILL_AREA_STYLE('',(#6480));
#6480 = FILL_AREA_STYLE_COLOUR('',#6188);
#6481 = MECHANICAL_DESIGN_GEOMETRIC_PRESENTATION_REPRESENTATION('',(
    #6482),#4209);
#6482 = STYLED_ITEM('color',(#6483),#4111);
#6483 = PRESENTATION_STYLE_ASSIGNMENT((#6484));
#6484 = SURFACE_STYLE_USAGE(.BOTH.,#6485);
#6485 = SURFACE_SIDE_STYLE('',(#6486));
#6486 = SURFACE_STYLE_FILL_AREA(#6487);
#6487 = FILL_AREA_STYLE('',(#6488));
#6488 = FILL_AREA_STYLE_COLOUR('',#6197);
#6489 = MECHANICAL_DESIGN_GEOMETRIC_PRESENTATION_REPRESENTATION('',(
    #6490),#1689);
#6490 = STYLED_ITEM('color',(#6491),#1591);
#6491 = PRESENTATION_STYLE_ASSIGNMENT((#6492));
#6492 = SURFACE_STYLE_USAGE(.BOTH.,#6493);
#6493 = SURFACE_SIDE_STYLE('',(#6494));
#6494 = SURFACE_STYLE_FILL_AREA(#6495);
#6495 = FILL_AREA_STYLE('',(#6496));
#6496 = FILL_AREA_STYLE_COLOUR('',#6197);
#6497 = MECHANICAL_DESIGN_GEOMETRIC_PRESENTATION_REPRESENTATION('',(
    #6498),#4489);
#6498 = STYLED_ITEM('color',(#6499),#4391);
#6499 = PRESENTATION_STYLE_ASSIGNMENT((#6500));
#6500 = SURFACE_STYLE_USAGE(.BOTH.,#6501);
#6501 = SURFACE_SIDE_STYLE('',(#6502));
#6502 = SURFACE_STYLE_FILL_AREA(#6503);
#6503 = FILL_AREA_STYLE('',(#6504));
#6504 = FILL_AREA_STYLE_COLOUR('',#6197);
#6505 = MECHANICAL_DESIGN_GEOMETRIC_PRESENTATION_REPRESENTATION('',(
    #6506),#1549);
#6506 = STYLED_ITEM('color',(#6507),#1451);
#6507 = PRESENTATION_STYLE_ASSIGNMENT((#6508));
#6508 = SURFACE_STYLE_USAGE(.BOTH.,#6509);
#6509 = SURFACE_SIDE_STYLE('',(#6510));
#6510 = SURFACE_STYLE_FILL_AREA(#6511);
#6511 = FILL_AREA_STYLE('',(#6512));
#6512 = FILL_AREA_STYLE_COLOUR('',#6188);
ENDSEC;
END-ISO-10303-21;
