ISO-10303-21;
HEADER;
FILE_DESCRIPTION(('Open CASCADE Model'),'2;1');
FILE_NAME('Open CASCADE Shape Model','2026-05-17T21:42:24',('Author'),(
    'Open CASCADE'),'Open CASCADE STEP processor 7.8','build123d',
  'Unknown');
FILE_SCHEMA(('AUTOMOTIVE_DESIGN { 1 0 10303 214 1 1 1 1 }'));
ENDSEC;
DATA;
#1 = APPLICATION_PROTOCOL_DEFINITION('international standard',
  'automotive_design',2000,#2);
#2 = APPLICATION_CONTEXT(
  'core data for automotive mechanical design processes');
#3 = SHAPE_DEFINITION_REPRESENTATION(#4,#10);
#4 = PRODUCT_DEFINITION_SHAPE('','',#5);
#5 = PRODUCT_DEFINITION('design','',#6,#9);
#6 = PRODUCT_DEFINITION_FORMATION('','',#7);
#7 = PRODUCT('ASSEMBLY','ASSEMBLY','',(#8));
#8 = PRODUCT_CONTEXT('',#2,'mechanical');
#9 = PRODUCT_DEFINITION_CONTEXT('part definition',#2,'design');
#10 = SHAPE_REPRESENTATION('',(#11,#15,#19,#23,#27,#31,#35,#39,#43,#47,
    #51,#55,#59,#63,#67,#71,#75,#79,#83,#87,#91,#95,#99,#103,#107,#111,
    #115,#119,#123,#127,#131,#135,#139,#143,#147,#151,#155,#159,#163,
    #167,#171,#175,#179,#183,#187,#191),#195);
#11 = AXIS2_PLACEMENT_3D('',#12,#13,#14);
#12 = CARTESIAN_POINT('',(0.,0.,0.));
#13 = DIRECTION('',(0.,0.,1.));
#14 = DIRECTION('',(1.,0.,-0.));
#15 = AXIS2_PLACEMENT_3D('',#16,#17,#18);
#16 = CARTESIAN_POINT('',(-228.,-48.,548.));
#17 = DIRECTION('',(0.,0.,1.));
#18 = DIRECTION('',(1.,0.,-0.));
#19 = AXIS2_PLACEMENT_3D('',#20,#21,#22);
#20 = CARTESIAN_POINT('',(-228.,-66.,548.));
#21 = DIRECTION('',(0.,0.,1.));
#22 = DIRECTION('',(1.,0.,-0.));
#23 = AXIS2_PLACEMENT_3D('',#24,#25,#26);
#24 = CARTESIAN_POINT('',(-228.,-46.,588.));
#25 = DIRECTION('',(1.,-0.,2.22044604925E-16));
#26 = DIRECTION('',(2.22044604925E-16,0.,-1.));
#27 = AXIS2_PLACEMENT_3D('',#28,#29,#30);
#28 = CARTESIAN_POINT('',(-246.,-55.,515.));
#29 = DIRECTION('',(0.,0.,1.));
#30 = DIRECTION('',(1.,0.,-0.));
#31 = AXIS2_PLACEMENT_3D('',#32,#33,#34);
#32 = CARTESIAN_POINT('',(-246.7,-58.5,501.5));
#33 = DIRECTION('',(-5.012932656659E-02,-0.250646632833,-0.966779869498)
  );
#34 = DIRECTION('',(0.189601131535,0.948005657677,-0.255610414366));
#35 = AXIS2_PLACEMENT_3D('',#36,#37,#38);
#36 = CARTESIAN_POINT('',(-247.95,-64.5,476.));
#37 = DIRECTION('',(-4.482483542312E-02,-0.203749251923,-0.977996409232)
  );
#38 = DIRECTION('',(0.210134051937,0.955154781534,-0.208621723533));
#39 = AXIS2_PLACEMENT_3D('',#40,#41,#42);
#40 = CARTESIAN_POINT('',(-248.95,-68.5,454.));
#41 = DIRECTION('',(-4.445813431797E-02,-0.14819378106,-0.987958540399)
  );
#42 = DIRECTION('',(0.283887797611,0.946292658703,-0.154718849698));
#43 = AXIS2_PLACEMENT_3D('',#44,#45,#46);
#44 = CARTESIAN_POINT('',(-247.4,-62.,488.));
#45 = DIRECTION('',(0.,0.,1.));
#46 = DIRECTION('',(1.,0.,-0.));
#47 = AXIS2_PLACEMENT_3D('',#48,#49,#50);
#48 = CARTESIAN_POINT('',(-248.5,-67.,464.));
#49 = DIRECTION('',(0.,0.,1.));
#50 = DIRECTION('',(1.,0.,-0.));
#51 = AXIS2_PLACEMENT_3D('',#52,#53,#54);
#52 = CARTESIAN_POINT('',(-249.4,-70.,444.));
#53 = DIRECTION('',(0.,0.,1.));
#54 = DIRECTION('',(1.,0.,-0.));
#55 = AXIS2_PLACEMENT_3D('',#56,#57,#58);
#56 = CARTESIAN_POINT('',(-249.4,-72.5,442.));
#57 = DIRECTION('',(0.,0.,1.));
#58 = DIRECTION('',(1.,0.,-0.));
#59 = AXIS2_PLACEMENT_3D('',#60,#61,#62);
#60 = CARTESIAN_POINT('',(-247.25,-72.,488.));
#61 = DIRECTION('',(-5.183365283119E-02,-8.293384452991E-02,
    -0.995206134359));
#62 = DIRECTION('',(0.527458196295,0.843933114072,-9.779954056301E-02));
#63 = AXIS2_PLACEMENT_3D('',#64,#65,#66);
#64 = CARTESIAN_POINT('',(-234.,-55.,515.));
#65 = DIRECTION('',(0.,0.,1.));
#66 = DIRECTION('',(1.,0.,-0.));
#67 = AXIS2_PLACEMENT_3D('',#68,#69,#70);
#68 = CARTESIAN_POINT('',(-234.7,-58.5,501.5));
#69 = DIRECTION('',(-5.012932656659E-02,-0.250646632833,-0.966779869498)
  );
#70 = DIRECTION('',(0.189601131535,0.948005657677,-0.255610414366));
#71 = AXIS2_PLACEMENT_3D('',#72,#73,#74);
#72 = CARTESIAN_POINT('',(-235.95,-64.5,476.));
#73 = DIRECTION('',(-4.482483542312E-02,-0.203749251923,-0.977996409232)
  );
#74 = DIRECTION('',(0.210134051937,0.955154781534,-0.208621723533));
#75 = AXIS2_PLACEMENT_3D('',#76,#77,#78);
#76 = CARTESIAN_POINT('',(-236.95,-68.5,454.));
#77 = DIRECTION('',(-4.445813431797E-02,-0.14819378106,-0.987958540399)
  );
#78 = DIRECTION('',(0.283887797611,0.946292658703,-0.154718849698));
#79 = AXIS2_PLACEMENT_3D('',#80,#81,#82);
#80 = CARTESIAN_POINT('',(-235.4,-62.,488.));
#81 = DIRECTION('',(0.,0.,1.));
#82 = DIRECTION('',(1.,0.,-0.));
#83 = AXIS2_PLACEMENT_3D('',#84,#85,#86);
#84 = CARTESIAN_POINT('',(-236.5,-67.,464.));
#85 = DIRECTION('',(0.,0.,1.));
#86 = DIRECTION('',(1.,0.,-0.));
#87 = AXIS2_PLACEMENT_3D('',#88,#89,#90);
#88 = CARTESIAN_POINT('',(-237.4,-70.,444.));
#89 = DIRECTION('',(0.,0.,1.));
#90 = DIRECTION('',(1.,0.,-0.));
#91 = AXIS2_PLACEMENT_3D('',#92,#93,#94);
#92 = CARTESIAN_POINT('',(-237.4,-72.5,442.));
#93 = DIRECTION('',(0.,0.,1.));
#94 = DIRECTION('',(1.,0.,-0.));
#95 = AXIS2_PLACEMENT_3D('',#96,#97,#98);
#96 = CARTESIAN_POINT('',(-235.25,-72.,488.));
#97 = DIRECTION('',(-5.183365283119E-02,-8.293384452991E-02,
    -0.995206134359));
#98 = DIRECTION('',(0.527458196295,0.843933114072,-9.779954056301E-02));
#99 = AXIS2_PLACEMENT_3D('',#100,#101,#102);
#100 = CARTESIAN_POINT('',(-222.,-55.,515.));
#101 = DIRECTION('',(0.,0.,1.));
#102 = DIRECTION('',(1.,0.,-0.));
#103 = AXIS2_PLACEMENT_3D('',#104,#105,#106);
#104 = CARTESIAN_POINT('',(-222.7,-58.5,501.5));
#105 = DIRECTION('',(-5.012932656659E-02,-0.250646632833,-0.966779869498
    ));
#106 = DIRECTION('',(0.189601131535,0.948005657677,-0.255610414366));
#107 = AXIS2_PLACEMENT_3D('',#108,#109,#110);
#108 = CARTESIAN_POINT('',(-223.95,-64.5,476.));
#109 = DIRECTION('',(-4.482483542312E-02,-0.203749251923,-0.977996409232
    ));
#110 = DIRECTION('',(0.210134051937,0.955154781534,-0.208621723533));
#111 = AXIS2_PLACEMENT_3D('',#112,#113,#114);
#112 = CARTESIAN_POINT('',(-224.95,-68.5,454.));
#113 = DIRECTION('',(-4.445813431797E-02,-0.14819378106,-0.987958540399)
  );
#114 = DIRECTION('',(0.283887797611,0.946292658703,-0.154718849698));
#115 = AXIS2_PLACEMENT_3D('',#116,#117,#118);
#116 = CARTESIAN_POINT('',(-223.4,-62.,488.));
#117 = DIRECTION('',(0.,0.,1.));
#118 = DIRECTION('',(1.,0.,-0.));
#119 = AXIS2_PLACEMENT_3D('',#120,#121,#122);
#120 = CARTESIAN_POINT('',(-224.5,-67.,464.));
#121 = DIRECTION('',(0.,0.,1.));
#122 = DIRECTION('',(1.,0.,-0.));
#123 = AXIS2_PLACEMENT_3D('',#124,#125,#126);
#124 = CARTESIAN_POINT('',(-225.4,-70.,444.));
#125 = DIRECTION('',(0.,0.,1.));
#126 = DIRECTION('',(1.,0.,-0.));
#127 = AXIS2_PLACEMENT_3D('',#128,#129,#130);
#128 = CARTESIAN_POINT('',(-225.4,-72.5,442.));
#129 = DIRECTION('',(0.,0.,1.));
#130 = DIRECTION('',(1.,0.,-0.));
#131 = AXIS2_PLACEMENT_3D('',#132,#133,#134);
#132 = CARTESIAN_POINT('',(-223.25,-72.,488.));
#133 = DIRECTION('',(-5.183365283119E-02,-8.293384452991E-02,
    -0.995206134359));
#134 = DIRECTION('',(0.527458196295,0.843933114072,-9.779954056301E-02)
  );
#135 = AXIS2_PLACEMENT_3D('',#136,#137,#138);
#136 = CARTESIAN_POINT('',(-210.,-55.,515.));
#137 = DIRECTION('',(0.,0.,1.));
#138 = DIRECTION('',(1.,0.,-0.));
#139 = AXIS2_PLACEMENT_3D('',#140,#141,#142);
#140 = CARTESIAN_POINT('',(-210.7,-58.5,501.5));
#141 = DIRECTION('',(-5.012932656659E-02,-0.250646632833,-0.966779869498
    ));
#142 = DIRECTION('',(0.189601131535,0.948005657677,-0.255610414366));
#143 = AXIS2_PLACEMENT_3D('',#144,#145,#146);
#144 = CARTESIAN_POINT('',(-211.95,-64.5,476.));
#145 = DIRECTION('',(-4.482483542312E-02,-0.203749251923,-0.977996409232
    ));
#146 = DIRECTION('',(0.210134051937,0.955154781534,-0.208621723533));
#147 = AXIS2_PLACEMENT_3D('',#148,#149,#150);
#148 = CARTESIAN_POINT('',(-212.95,-68.5,454.));
#149 = DIRECTION('',(-4.445813431797E-02,-0.14819378106,-0.987958540399)
  );
#150 = DIRECTION('',(0.283887797611,0.946292658703,-0.154718849698));
#151 = AXIS2_PLACEMENT_3D('',#152,#153,#154);
#152 = CARTESIAN_POINT('',(-211.4,-62.,488.));
#153 = DIRECTION('',(0.,0.,1.));
#154 = DIRECTION('',(1.,0.,-0.));
#155 = AXIS2_PLACEMENT_3D('',#156,#157,#158);
#156 = CARTESIAN_POINT('',(-212.5,-67.,464.));
#157 = DIRECTION('',(0.,0.,1.));
#158 = DIRECTION('',(1.,0.,-0.));
#159 = AXIS2_PLACEMENT_3D('',#160,#161,#162);
#160 = CARTESIAN_POINT('',(-213.4,-70.,444.));
#161 = DIRECTION('',(0.,0.,1.));
#162 = DIRECTION('',(1.,0.,-0.));
#163 = AXIS2_PLACEMENT_3D('',#164,#165,#166);
#164 = CARTESIAN_POINT('',(-213.4,-72.5,442.));
#165 = DIRECTION('',(0.,0.,1.));
#166 = DIRECTION('',(1.,0.,-0.));
#167 = AXIS2_PLACEMENT_3D('',#168,#169,#170);
#168 = CARTESIAN_POINT('',(-211.25,-72.,488.));
#169 = DIRECTION('',(-5.183365283119E-02,-8.293384452991E-02,
    -0.995206134359));
#170 = DIRECTION('',(0.527458196295,0.843933114072,-9.779954056301E-02)
  );
#171 = AXIS2_PLACEMENT_3D('',#172,#173,#174);
#172 = CARTESIAN_POINT('',(-263.5,-55.,534.));
#173 = DIRECTION('',(-0.55287716388,-0.174592788594,-0.814766346771));
#174 = DIRECTION('',(0.776947064416,0.245351704552,-0.579789444686));
#175 = AXIS2_PLACEMENT_3D('',#176,#177,#178);
#176 = CARTESIAN_POINT('',(-278.5,-60.,506.));
#177 = DIRECTION('',(-0.362462323475,-0.131804481264,-0.922631368847));
#178 = DIRECTION('',(0.867082892746,0.315302870089,-0.38568297502));
#179 = AXIS2_PLACEMENT_3D('',#180,#181,#182);
#180 = CARTESIAN_POINT('',(-273.,-58.,520.));
#181 = DIRECTION('',(0.,0.,1.));
#182 = DIRECTION('',(1.,0.,-0.));
#183 = AXIS2_PLACEMENT_3D('',#184,#185,#186);
#184 = CARTESIAN_POINT('',(-284.,-62.,492.));
#185 = DIRECTION('',(0.,0.,1.));
#186 = DIRECTION('',(1.,0.,-0.));
#187 = AXIS2_PLACEMENT_3D('',#188,#189,#190);
#188 = CARTESIAN_POINT('',(-284.,-64.5,490.));
#189 = DIRECTION('',(0.,0.,1.));
#190 = DIRECTION('',(1.,0.,-0.));
#191 = AXIS2_PLACEMENT_3D('',#192,#193,#194);
#192 = CARTESIAN_POINT('',(-261.5,-72.5,533.));
#193 = DIRECTION('',(-0.655805840789,-0.142566487128,-0.741345733066));
#194 = DIRECTION('',(0.724425527847,0.157483810402,-0.671123315096));
#195 = ( GEOMETRIC_REPRESENTATION_CONTEXT(3) 
GLOBAL_UNCERTAINTY_ASSIGNED_CONTEXT((#199)) GLOBAL_UNIT_ASSIGNED_CONTEXT
((#196,#197,#198)) REPRESENTATION_CONTEXT('Context #1',
  '3D Context with UNIT and UNCERTAINTY') );
#196 = ( LENGTH_UNIT() NAMED_UNIT(*) SI_UNIT(.MILLI.,.METRE.) );
#197 = ( NAMED_UNIT(*) PLANE_ANGLE_UNIT() SI_UNIT($,.RADIAN.) );
#198 = ( NAMED_UNIT(*) SI_UNIT($,.STERADIAN.) SOLID_ANGLE_UNIT() );
#199 = UNCERTAINTY_MEASURE_WITH_UNIT(LENGTH_MEASURE(1.E-07),#196,
  'distance_accuracy_value','confusion accuracy');
#200 = PRODUCT_RELATED_PRODUCT_CATEGORY('part',$,(#7));
#201 = SHAPE_DEFINITION_REPRESENTATION(#202,#208);
#202 = PRODUCT_DEFINITION_SHAPE('','',#203);
#203 = PRODUCT_DEFINITION('design','',#204,#207);
#204 = PRODUCT_DEFINITION_FORMATION('','',#205);
#205 = PRODUCT('left_white_mechanical_palm_shell',
  'left_white_mechanical_palm_shell','',(#206));
#206 = PRODUCT_CONTEXT('',#2,'mechanical');
#207 = PRODUCT_DEFINITION_CONTEXT('part definition',#2,'design');
#208 = SHAPE_REPRESENTATION('',(#11,#209),#213);
#209 = AXIS2_PLACEMENT_3D('',#210,#211,#212);
#210 = CARTESIAN_POINT('',(0.,0.,0.));
#211 = DIRECTION('',(0.,0.,1.));
#212 = DIRECTION('',(1.,0.,-0.));
#213 = ( GEOMETRIC_REPRESENTATION_CONTEXT(3) 
GLOBAL_UNCERTAINTY_ASSIGNED_CONTEXT((#217)) GLOBAL_UNIT_ASSIGNED_CONTEXT
((#214,#215,#216)) REPRESENTATION_CONTEXT('Context #1',
  '3D Context with UNIT and UNCERTAINTY') );
#214 = ( LENGTH_UNIT() NAMED_UNIT(*) SI_UNIT(.MILLI.,.METRE.) );
#215 = ( NAMED_UNIT(*) PLANE_ANGLE_UNIT() SI_UNIT($,.RADIAN.) );
#216 = ( NAMED_UNIT(*) SI_UNIT($,.STERADIAN.) SOLID_ANGLE_UNIT() );
#217 = UNCERTAINTY_MEASURE_WITH_UNIT(LENGTH_MEASURE(1.E-07),#214,
  'distance_accuracy_value','confusion accuracy');
#218 = CONTEXT_DEPENDENT_SHAPE_REPRESENTATION(#219,#221);
#219 = ( REPRESENTATION_RELATIONSHIP('','',#208,#10) 
REPRESENTATION_RELATIONSHIP_WITH_TRANSFORMATION(#220) 
SHAPE_REPRESENTATION_RELATIONSHIP() );
#220 = ITEM_DEFINED_TRANSFORMATION('','',#11,#15);
#221 = PRODUCT_DEFINITION_SHAPE('Placement','Placement of an item',#222
  );
#222 = NEXT_ASSEMBLY_USAGE_OCCURRENCE('413','=>[0:1:1:2]','',#5,#203,$);
#223 = PRODUCT_RELATED_PRODUCT_CATEGORY('part',$,(#205));
#224 = SHAPE_DEFINITION_REPRESENTATION(#225,#231);
#225 = PRODUCT_DEFINITION_SHAPE('','',#226);
#226 = PRODUCT_DEFINITION('design','',#227,#230);
#227 = PRODUCT_DEFINITION_FORMATION('','',#228);
#228 = PRODUCT('SOLID','SOLID','',(#229));
#229 = PRODUCT_CONTEXT('',#2,'mechanical');
#230 = PRODUCT_DEFINITION_CONTEXT('part definition',#2,'design');
#231 = ADVANCED_BREP_SHAPE_REPRESENTATION('',(#11,#232),#882);
#232 = MANIFOLD_SOLID_BREP('',#233);
#233 = CLOSED_SHELL('',(#234,#354,#432,#510,#646,#695,#744,#821,#848,
    #875));
#234 = ADVANCED_FACE('',(#235),#249,.F.);
#235 = FACE_BOUND('',#236,.F.);
#236 = EDGE_LOOP('',(#237,#272,#300,#328));
#237 = ORIENTED_EDGE('',*,*,#238,.F.);
#238 = EDGE_CURVE('',#239,#241,#243,.T.);
#239 = VERTEX_POINT('',#240);
#240 = CARTESIAN_POINT('',(-24.,14.,-20.));
#241 = VERTEX_POINT('',#242);
#242 = CARTESIAN_POINT('',(-24.,-14.,-20.));
#243 = SURFACE_CURVE('',#244,(#248,#260),.PCURVE_S1.);
#244 = LINE('',#245,#246);
#245 = CARTESIAN_POINT('',(-24.,14.,-20.));
#246 = VECTOR('',#247,1.);
#247 = DIRECTION('',(0.,-1.,0.));
#248 = PCURVE('',#249,#254);
#249 = PLANE('',#250);
#250 = AXIS2_PLACEMENT_3D('',#251,#252,#253);
#251 = CARTESIAN_POINT('',(-24.,0.,-20.));
#252 = DIRECTION('',(1.,0.,-0.));
#253 = DIRECTION('',(0.,0.,1.));
#254 = DEFINITIONAL_REPRESENTATION('',(#255),#259);
#255 = LINE('',#256,#257);
#256 = CARTESIAN_POINT('',(0.,-14.));
#257 = VECTOR('',#258,1.);
#258 = DIRECTION('',(0.,1.));
#259 = ( GEOMETRIC_REPRESENTATION_CONTEXT(2) 
PARAMETRIC_REPRESENTATION_CONTEXT() REPRESENTATION_CONTEXT('2D SPACE',''
  ) );
#260 = PCURVE('',#261,#266);
#261 = CYLINDRICAL_SURFACE('',#262,13.);
#262 = AXIS2_PLACEMENT_3D('',#263,#264,#265);
#263 = CARTESIAN_POINT('',(-11.,0.,-20.));
#264 = DIRECTION('',(0.,-1.,0.));
#265 = DIRECTION('',(1.,0.,0.));
#266 = DEFINITIONAL_REPRESENTATION('',(#267),#271);
#267 = LINE('',#268,#269);
#268 = CARTESIAN_POINT('',(3.14159265359,-14.));
#269 = VECTOR('',#270,1.);
#270 = DIRECTION('',(-0.,1.));
#271 = ( GEOMETRIC_REPRESENTATION_CONTEXT(2) 
PARAMETRIC_REPRESENTATION_CONTEXT() REPRESENTATION_CONTEXT('2D SPACE',''
  ) );
#272 = ORIENTED_EDGE('',*,*,#273,.T.);
#273 = EDGE_CURVE('',#239,#274,#276,.T.);
#274 = VERTEX_POINT('',#275);
#275 = CARTESIAN_POINT('',(-24.,14.,20.));
#276 = SURFACE_CURVE('',#277,(#281,#288),.PCURVE_S1.);
#277 = LINE('',#278,#279);
#278 = CARTESIAN_POINT('',(-24.,14.,0.));
#279 = VECTOR('',#280,1.);
#280 = DIRECTION('',(0.,0.,1.));
#281 = PCURVE('',#249,#282);
#282 = DEFINITIONAL_REPRESENTATION('',(#283),#287);
#283 = LINE('',#284,#285);
#284 = CARTESIAN_POINT('',(20.,-14.));
#285 = VECTOR('',#286,1.);
#286 = DIRECTION('',(1.,0.));
#287 = ( GEOMETRIC_REPRESENTATION_CONTEXT(2) 
PARAMETRIC_REPRESENTATION_CONTEXT() REPRESENTATION_CONTEXT('2D SPACE',''
  ) );
#288 = PCURVE('',#289,#294);
#289 = PLANE('',#290);
#290 = AXIS2_PLACEMENT_3D('',#291,#292,#293);
#291 = CARTESIAN_POINT('',(0.,14.,0.));
#292 = DIRECTION('',(0.,-1.,0.));
#293 = DIRECTION('',(1.,0.,0.));
#294 = DEFINITIONAL_REPRESENTATION('',(#295),#299);
#295 = LINE('',#296,#297);
#296 = CARTESIAN_POINT('',(-24.,0.));
#297 = VECTOR('',#298,1.);
#298 = DIRECTION('',(0.,1.));
#299 = ( GEOMETRIC_REPRESENTATION_CONTEXT(2) 
PARAMETRIC_REPRESENTATION_CONTEXT() REPRESENTATION_CONTEXT('2D SPACE',''
  ) );
#300 = ORIENTED_EDGE('',*,*,#301,.F.);
#301 = EDGE_CURVE('',#302,#274,#304,.T.);
#302 = VERTEX_POINT('',#303);
#303 = CARTESIAN_POINT('',(-24.,-14.,20.));
#304 = SURFACE_CURVE('',#305,(#309,#316),.PCURVE_S1.);
#305 = LINE('',#306,#307);
#306 = CARTESIAN_POINT('',(-24.,-14.,20.));
#307 = VECTOR('',#308,1.);
#308 = DIRECTION('',(0.,1.,0.));
#309 = PCURVE('',#249,#310);
#310 = DEFINITIONAL_REPRESENTATION('',(#311),#315);
#311 = LINE('',#312,#313);
#312 = CARTESIAN_POINT('',(40.,14.));
#313 = VECTOR('',#314,1.);
#314 = DIRECTION('',(0.,-1.));
#315 = ( GEOMETRIC_REPRESENTATION_CONTEXT(2) 
PARAMETRIC_REPRESENTATION_CONTEXT() REPRESENTATION_CONTEXT('2D SPACE',''
  ) );
#316 = PCURVE('',#317,#322);
#317 = CYLINDRICAL_SURFACE('',#318,13.);
#318 = AXIS2_PLACEMENT_3D('',#319,#320,#321);
#319 = CARTESIAN_POINT('',(-11.,0.,20.));
#320 = DIRECTION('',(0.,-1.,0.));
#321 = DIRECTION('',(1.,0.,0.));
#322 = DEFINITIONAL_REPRESENTATION('',(#323),#327);
#323 = LINE('',#324,#325);
#324 = CARTESIAN_POINT('',(3.14159265359,14.));
#325 = VECTOR('',#326,1.);
#326 = DIRECTION('',(0.,-1.));
#327 = ( GEOMETRIC_REPRESENTATION_CONTEXT(2) 
PARAMETRIC_REPRESENTATION_CONTEXT() REPRESENTATION_CONTEXT('2D SPACE',''
  ) );
#328 = ORIENTED_EDGE('',*,*,#329,.F.);
#329 = EDGE_CURVE('',#241,#302,#330,.T.);
#330 = SURFACE_CURVE('',#331,(#335,#342),.PCURVE_S1.);
#331 = LINE('',#332,#333);
#332 = CARTESIAN_POINT('',(-24.,-14.,0.));
#333 = VECTOR('',#334,1.);
#334 = DIRECTION('',(0.,0.,1.));
#335 = PCURVE('',#249,#336);
#336 = DEFINITIONAL_REPRESENTATION('',(#337),#341);
#337 = LINE('',#338,#339);
#338 = CARTESIAN_POINT('',(20.,14.));
#339 = VECTOR('',#340,1.);
#340 = DIRECTION('',(1.,0.));
#341 = ( GEOMETRIC_REPRESENTATION_CONTEXT(2) 
PARAMETRIC_REPRESENTATION_CONTEXT() REPRESENTATION_CONTEXT('2D SPACE',''
  ) );
#342 = PCURVE('',#343,#348);
#343 = PLANE('',#344);
#344 = AXIS2_PLACEMENT_3D('',#345,#346,#347);
#345 = CARTESIAN_POINT('',(0.,-14.,0.));
#346 = DIRECTION('',(0.,-1.,0.));
#347 = DIRECTION('',(1.,0.,0.));
#348 = DEFINITIONAL_REPRESENTATION('',(#349),#353);
#349 = LINE('',#350,#351);
#350 = CARTESIAN_POINT('',(-24.,0.));
#351 = VECTOR('',#352,1.);
#352 = DIRECTION('',(0.,1.));
#353 = ( GEOMETRIC_REPRESENTATION_CONTEXT(2) 
PARAMETRIC_REPRESENTATION_CONTEXT() REPRESENTATION_CONTEXT('2D SPACE',''
  ) );
#354 = ADVANCED_FACE('',(#355),#261,.T.);
#355 = FACE_BOUND('',#356,.T.);
#356 = EDGE_LOOP('',(#357,#358,#382,#410));
#357 = ORIENTED_EDGE('',*,*,#238,.F.);
#358 = ORIENTED_EDGE('',*,*,#359,.T.);
#359 = EDGE_CURVE('',#239,#360,#362,.T.);
#360 = VERTEX_POINT('',#361);
#361 = CARTESIAN_POINT('',(-11.,14.,-33.));
#362 = SURFACE_CURVE('',#363,(#368,#375),.PCURVE_S1.);
#363 = CIRCLE('',#364,13.);
#364 = AXIS2_PLACEMENT_3D('',#365,#366,#367);
#365 = CARTESIAN_POINT('',(-11.,14.,-20.));
#366 = DIRECTION('',(0.,-1.,0.));
#367 = DIRECTION('',(1.,0.,0.));
#368 = PCURVE('',#261,#369);
#369 = DEFINITIONAL_REPRESENTATION('',(#370),#374);
#370 = LINE('',#371,#372);
#371 = CARTESIAN_POINT('',(0.,-14.));
#372 = VECTOR('',#373,1.);
#373 = DIRECTION('',(1.,0.));
#374 = ( GEOMETRIC_REPRESENTATION_CONTEXT(2) 
PARAMETRIC_REPRESENTATION_CONTEXT() REPRESENTATION_CONTEXT('2D SPACE',''
  ) );
#375 = PCURVE('',#289,#376);
#376 = DEFINITIONAL_REPRESENTATION('',(#377),#381);
#377 = CIRCLE('',#378,13.);
#378 = AXIS2_PLACEMENT_2D('',#379,#380);
#379 = CARTESIAN_POINT('',(-11.,-20.));
#380 = DIRECTION('',(1.,0.));
#381 = ( GEOMETRIC_REPRESENTATION_CONTEXT(2) 
PARAMETRIC_REPRESENTATION_CONTEXT() REPRESENTATION_CONTEXT('2D SPACE',''
  ) );
#382 = ORIENTED_EDGE('',*,*,#383,.T.);
#383 = EDGE_CURVE('',#360,#384,#386,.T.);
#384 = VERTEX_POINT('',#385);
#385 = CARTESIAN_POINT('',(-11.,-14.,-33.));
#386 = SURFACE_CURVE('',#387,(#391,#398),.PCURVE_S1.);
#387 = LINE('',#388,#389);
#388 = CARTESIAN_POINT('',(-11.,14.,-33.));
#389 = VECTOR('',#390,1.);
#390 = DIRECTION('',(0.,-1.,0.));
#391 = PCURVE('',#261,#392);
#392 = DEFINITIONAL_REPRESENTATION('',(#393),#397);
#393 = LINE('',#394,#395);
#394 = CARTESIAN_POINT('',(4.712388980385,-14.));
#395 = VECTOR('',#396,1.);
#396 = DIRECTION('',(-0.,1.));
#397 = ( GEOMETRIC_REPRESENTATION_CONTEXT(2) 
PARAMETRIC_REPRESENTATION_CONTEXT() REPRESENTATION_CONTEXT('2D SPACE',''
  ) );
#398 = PCURVE('',#399,#404);
#399 = PLANE('',#400);
#400 = AXIS2_PLACEMENT_3D('',#401,#402,#403);
#401 = CARTESIAN_POINT('',(-11.,0.,-33.));
#402 = DIRECTION('',(0.,0.,-1.));
#403 = DIRECTION('',(1.,0.,0.));
#404 = DEFINITIONAL_REPRESENTATION('',(#405),#409);
#405 = LINE('',#406,#407);
#406 = CARTESIAN_POINT('',(0.,-14.));
#407 = VECTOR('',#408,1.);
#408 = DIRECTION('',(0.,1.));
#409 = ( GEOMETRIC_REPRESENTATION_CONTEXT(2) 
PARAMETRIC_REPRESENTATION_CONTEXT() REPRESENTATION_CONTEXT('2D SPACE',''
  ) );
#410 = ORIENTED_EDGE('',*,*,#411,.F.);
#411 = EDGE_CURVE('',#241,#384,#412,.T.);
#412 = SURFACE_CURVE('',#413,(#418,#425),.PCURVE_S1.);
#413 = CIRCLE('',#414,13.);
#414 = AXIS2_PLACEMENT_3D('',#415,#416,#417);
#415 = CARTESIAN_POINT('',(-11.,-14.,-20.));
#416 = DIRECTION('',(0.,-1.,0.));
#417 = DIRECTION('',(1.,0.,0.));
#418 = PCURVE('',#261,#419);
#419 = DEFINITIONAL_REPRESENTATION('',(#420),#424);
#420 = LINE('',#421,#422);
#421 = CARTESIAN_POINT('',(-0.,14.));
#422 = VECTOR('',#423,1.);
#423 = DIRECTION('',(1.,-0.));
#424 = ( GEOMETRIC_REPRESENTATION_CONTEXT(2) 
PARAMETRIC_REPRESENTATION_CONTEXT() REPRESENTATION_CONTEXT('2D SPACE',''
  ) );
#425 = PCURVE('',#343,#426);
#426 = DEFINITIONAL_REPRESENTATION('',(#427),#431);
#427 = CIRCLE('',#428,13.);
#428 = AXIS2_PLACEMENT_2D('',#429,#430);
#429 = CARTESIAN_POINT('',(-11.,-20.));
#430 = DIRECTION('',(1.,0.));
#431 = ( GEOMETRIC_REPRESENTATION_CONTEXT(2) 
PARAMETRIC_REPRESENTATION_CONTEXT() REPRESENTATION_CONTEXT('2D SPACE',''
  ) );
#432 = ADVANCED_FACE('',(#433),#317,.T.);
#433 = FACE_BOUND('',#434,.T.);
#434 = EDGE_LOOP('',(#435,#459,#460,#484));
#435 = ORIENTED_EDGE('',*,*,#436,.T.);
#436 = EDGE_CURVE('',#437,#274,#439,.T.);
#437 = VERTEX_POINT('',#438);
#438 = CARTESIAN_POINT('',(-11.,14.,33.));
#439 = SURFACE_CURVE('',#440,(#445,#452),.PCURVE_S1.);
#440 = CIRCLE('',#441,13.);
#441 = AXIS2_PLACEMENT_3D('',#442,#443,#444);
#442 = CARTESIAN_POINT('',(-11.,14.,20.));
#443 = DIRECTION('',(0.,-1.,0.));
#444 = DIRECTION('',(1.,0.,0.));
#445 = PCURVE('',#317,#446);
#446 = DEFINITIONAL_REPRESENTATION('',(#447),#451);
#447 = LINE('',#448,#449);
#448 = CARTESIAN_POINT('',(0.,-14.));
#449 = VECTOR('',#450,1.);
#450 = DIRECTION('',(1.,0.));
#451 = ( GEOMETRIC_REPRESENTATION_CONTEXT(2) 
PARAMETRIC_REPRESENTATION_CONTEXT() REPRESENTATION_CONTEXT('2D SPACE',''
  ) );
#452 = PCURVE('',#289,#453);
#453 = DEFINITIONAL_REPRESENTATION('',(#454),#458);
#454 = CIRCLE('',#455,13.);
#455 = AXIS2_PLACEMENT_2D('',#456,#457);
#456 = CARTESIAN_POINT('',(-11.,20.));
#457 = DIRECTION('',(1.,0.));
#458 = ( GEOMETRIC_REPRESENTATION_CONTEXT(2) 
PARAMETRIC_REPRESENTATION_CONTEXT() REPRESENTATION_CONTEXT('2D SPACE',''
  ) );
#459 = ORIENTED_EDGE('',*,*,#301,.F.);
#460 = ORIENTED_EDGE('',*,*,#461,.F.);
#461 = EDGE_CURVE('',#462,#302,#464,.T.);
#462 = VERTEX_POINT('',#463);
#463 = CARTESIAN_POINT('',(-11.,-14.,33.));
#464 = SURFACE_CURVE('',#465,(#470,#477),.PCURVE_S1.);
#465 = CIRCLE('',#466,13.);
#466 = AXIS2_PLACEMENT_3D('',#467,#468,#469);
#467 = CARTESIAN_POINT('',(-11.,-14.,20.));
#468 = DIRECTION('',(0.,-1.,0.));
#469 = DIRECTION('',(1.,0.,0.));
#470 = PCURVE('',#317,#471);
#471 = DEFINITIONAL_REPRESENTATION('',(#472),#476);
#472 = LINE('',#473,#474);
#473 = CARTESIAN_POINT('',(-0.,14.));
#474 = VECTOR('',#475,1.);
#475 = DIRECTION('',(1.,-0.));
#476 = ( GEOMETRIC_REPRESENTATION_CONTEXT(2) 
PARAMETRIC_REPRESENTATION_CONTEXT() REPRESENTATION_CONTEXT('2D SPACE',''
  ) );
#477 = PCURVE('',#343,#478);
#478 = DEFINITIONAL_REPRESENTATION('',(#479),#483);
#479 = CIRCLE('',#480,13.);
#480 = AXIS2_PLACEMENT_2D('',#481,#482);
#481 = CARTESIAN_POINT('',(-11.,20.));
#482 = DIRECTION('',(1.,0.));
#483 = ( GEOMETRIC_REPRESENTATION_CONTEXT(2) 
PARAMETRIC_REPRESENTATION_CONTEXT() REPRESENTATION_CONTEXT('2D SPACE',''
  ) );
#484 = ORIENTED_EDGE('',*,*,#485,.T.);
#485 = EDGE_CURVE('',#462,#437,#486,.T.);
#486 = SURFACE_CURVE('',#487,(#491,#498),.PCURVE_S1.);
#487 = LINE('',#488,#489);
#488 = CARTESIAN_POINT('',(-11.,-14.,33.));
#489 = VECTOR('',#490,1.);
#490 = DIRECTION('',(0.,1.,0.));
#491 = PCURVE('',#317,#492);
#492 = DEFINITIONAL_REPRESENTATION('',(#493),#497);
#493 = LINE('',#494,#495);
#494 = CARTESIAN_POINT('',(1.570796326795,14.));
#495 = VECTOR('',#496,1.);
#496 = DIRECTION('',(0.,-1.));
#497 = ( GEOMETRIC_REPRESENTATION_CONTEXT(2) 
PARAMETRIC_REPRESENTATION_CONTEXT() REPRESENTATION_CONTEXT('2D SPACE',''
  ) );
#498 = PCURVE('',#499,#504);
#499 = PLANE('',#500);
#500 = AXIS2_PLACEMENT_3D('',#501,#502,#503);
#501 = CARTESIAN_POINT('',(-11.,0.,33.));
#502 = DIRECTION('',(0.,0.,-1.));
#503 = DIRECTION('',(1.,0.,0.));
#504 = DEFINITIONAL_REPRESENTATION('',(#505),#509);
#505 = LINE('',#506,#507);
#506 = CARTESIAN_POINT('',(0.,14.));
#507 = VECTOR('',#508,1.);
#508 = DIRECTION('',(0.,-1.));
#509 = ( GEOMETRIC_REPRESENTATION_CONTEXT(2) 
PARAMETRIC_REPRESENTATION_CONTEXT() REPRESENTATION_CONTEXT('2D SPACE',''
  ) );
#510 = ADVANCED_FACE('',(#511),#289,.F.);
#511 = FACE_BOUND('',#512,.F.);
#512 = EDGE_LOOP('',(#513,#514,#515,#538,#567,#595,#624,#645));
#513 = ORIENTED_EDGE('',*,*,#273,.F.);
#514 = ORIENTED_EDGE('',*,*,#359,.T.);
#515 = ORIENTED_EDGE('',*,*,#516,.T.);
#516 = EDGE_CURVE('',#360,#517,#519,.T.);
#517 = VERTEX_POINT('',#518);
#518 = CARTESIAN_POINT('',(11.,14.,-33.));
#519 = SURFACE_CURVE('',#520,(#524,#531),.PCURVE_S1.);
#520 = LINE('',#521,#522);
#521 = CARTESIAN_POINT('',(0.,14.,-33.));
#522 = VECTOR('',#523,1.);
#523 = DIRECTION('',(1.,0.,0.));
#524 = PCURVE('',#289,#525);
#525 = DEFINITIONAL_REPRESENTATION('',(#526),#530);
#526 = LINE('',#527,#528);
#527 = CARTESIAN_POINT('',(0.,-33.));
#528 = VECTOR('',#529,1.);
#529 = DIRECTION('',(1.,0.));
#530 = ( GEOMETRIC_REPRESENTATION_CONTEXT(2) 
PARAMETRIC_REPRESENTATION_CONTEXT() REPRESENTATION_CONTEXT('2D SPACE',''
  ) );
#531 = PCURVE('',#399,#532);
#532 = DEFINITIONAL_REPRESENTATION('',(#533),#537);
#533 = LINE('',#534,#535);
#534 = CARTESIAN_POINT('',(11.,-14.));
#535 = VECTOR('',#536,1.);
#536 = DIRECTION('',(1.,0.));
#537 = ( GEOMETRIC_REPRESENTATION_CONTEXT(2) 
PARAMETRIC_REPRESENTATION_CONTEXT() REPRESENTATION_CONTEXT('2D SPACE',''
  ) );
#538 = ORIENTED_EDGE('',*,*,#539,.T.);
#539 = EDGE_CURVE('',#517,#540,#542,.T.);
#540 = VERTEX_POINT('',#541);
#541 = CARTESIAN_POINT('',(24.,14.,-20.));
#542 = SURFACE_CURVE('',#543,(#548,#555),.PCURVE_S1.);
#543 = CIRCLE('',#544,13.);
#544 = AXIS2_PLACEMENT_3D('',#545,#546,#547);
#545 = CARTESIAN_POINT('',(11.,14.,-20.));
#546 = DIRECTION('',(0.,-1.,0.));
#547 = DIRECTION('',(1.,0.,0.));
#548 = PCURVE('',#289,#549);
#549 = DEFINITIONAL_REPRESENTATION('',(#550),#554);
#550 = CIRCLE('',#551,13.);
#551 = AXIS2_PLACEMENT_2D('',#552,#553);
#552 = CARTESIAN_POINT('',(11.,-20.));
#553 = DIRECTION('',(1.,0.));
#554 = ( GEOMETRIC_REPRESENTATION_CONTEXT(2) 
PARAMETRIC_REPRESENTATION_CONTEXT() REPRESENTATION_CONTEXT('2D SPACE',''
  ) );
#555 = PCURVE('',#556,#561);
#556 = CYLINDRICAL_SURFACE('',#557,13.);
#557 = AXIS2_PLACEMENT_3D('',#558,#559,#560);
#558 = CARTESIAN_POINT('',(11.,0.,-20.));
#559 = DIRECTION('',(0.,-1.,0.));
#560 = DIRECTION('',(1.,0.,0.));
#561 = DEFINITIONAL_REPRESENTATION('',(#562),#566);
#562 = LINE('',#563,#564);
#563 = CARTESIAN_POINT('',(0.,-14.));
#564 = VECTOR('',#565,1.);
#565 = DIRECTION('',(1.,0.));
#566 = ( GEOMETRIC_REPRESENTATION_CONTEXT(2) 
PARAMETRIC_REPRESENTATION_CONTEXT() REPRESENTATION_CONTEXT('2D SPACE',''
  ) );
#567 = ORIENTED_EDGE('',*,*,#568,.T.);
#568 = EDGE_CURVE('',#540,#569,#571,.T.);
#569 = VERTEX_POINT('',#570);
#570 = CARTESIAN_POINT('',(24.,14.,20.));
#571 = SURFACE_CURVE('',#572,(#576,#583),.PCURVE_S1.);
#572 = LINE('',#573,#574);
#573 = CARTESIAN_POINT('',(24.,14.,0.));
#574 = VECTOR('',#575,1.);
#575 = DIRECTION('',(0.,0.,1.));
#576 = PCURVE('',#289,#577);
#577 = DEFINITIONAL_REPRESENTATION('',(#578),#582);
#578 = LINE('',#579,#580);
#579 = CARTESIAN_POINT('',(24.,0.));
#580 = VECTOR('',#581,1.);
#581 = DIRECTION('',(0.,1.));
#582 = ( GEOMETRIC_REPRESENTATION_CONTEXT(2) 
PARAMETRIC_REPRESENTATION_CONTEXT() REPRESENTATION_CONTEXT('2D SPACE',''
  ) );
#583 = PCURVE('',#584,#589);
#584 = PLANE('',#585);
#585 = AXIS2_PLACEMENT_3D('',#586,#587,#588);
#586 = CARTESIAN_POINT('',(24.,0.,-20.));
#587 = DIRECTION('',(1.,0.,-0.));
#588 = DIRECTION('',(0.,0.,1.));
#589 = DEFINITIONAL_REPRESENTATION('',(#590),#594);
#590 = LINE('',#591,#592);
#591 = CARTESIAN_POINT('',(20.,-14.));
#592 = VECTOR('',#593,1.);
#593 = DIRECTION('',(1.,0.));
#594 = ( GEOMETRIC_REPRESENTATION_CONTEXT(2) 
PARAMETRIC_REPRESENTATION_CONTEXT() REPRESENTATION_CONTEXT('2D SPACE',''
  ) );
#595 = ORIENTED_EDGE('',*,*,#596,.T.);
#596 = EDGE_CURVE('',#569,#597,#599,.T.);
#597 = VERTEX_POINT('',#598);
#598 = CARTESIAN_POINT('',(11.,14.,33.));
#599 = SURFACE_CURVE('',#600,(#605,#612),.PCURVE_S1.);
#600 = CIRCLE('',#601,13.);
#601 = AXIS2_PLACEMENT_3D('',#602,#603,#604);
#602 = CARTESIAN_POINT('',(11.,14.,20.));
#603 = DIRECTION('',(0.,-1.,0.));
#604 = DIRECTION('',(1.,0.,0.));
#605 = PCURVE('',#289,#606);
#606 = DEFINITIONAL_REPRESENTATION('',(#607),#611);
#607 = CIRCLE('',#608,13.);
#608 = AXIS2_PLACEMENT_2D('',#609,#610);
#609 = CARTESIAN_POINT('',(11.,20.));
#610 = DIRECTION('',(1.,0.));
#611 = ( GEOMETRIC_REPRESENTATION_CONTEXT(2) 
PARAMETRIC_REPRESENTATION_CONTEXT() REPRESENTATION_CONTEXT('2D SPACE',''
  ) );
#612 = PCURVE('',#613,#618);
#613 = CYLINDRICAL_SURFACE('',#614,13.);
#614 = AXIS2_PLACEMENT_3D('',#615,#616,#617);
#615 = CARTESIAN_POINT('',(11.,0.,20.));
#616 = DIRECTION('',(0.,-1.,0.));
#617 = DIRECTION('',(1.,0.,0.));
#618 = DEFINITIONAL_REPRESENTATION('',(#619),#623);
#619 = LINE('',#620,#621);
#620 = CARTESIAN_POINT('',(0.,-14.));
#621 = VECTOR('',#622,1.);
#622 = DIRECTION('',(1.,0.));
#623 = ( GEOMETRIC_REPRESENTATION_CONTEXT(2) 
PARAMETRIC_REPRESENTATION_CONTEXT() REPRESENTATION_CONTEXT('2D SPACE',''
  ) );
#624 = ORIENTED_EDGE('',*,*,#625,.F.);
#625 = EDGE_CURVE('',#437,#597,#626,.T.);
#626 = SURFACE_CURVE('',#627,(#631,#638),.PCURVE_S1.);
#627 = LINE('',#628,#629);
#628 = CARTESIAN_POINT('',(0.,14.,33.));
#629 = VECTOR('',#630,1.);
#630 = DIRECTION('',(1.,0.,0.));
#631 = PCURVE('',#289,#632);
#632 = DEFINITIONAL_REPRESENTATION('',(#633),#637);
#633 = LINE('',#634,#635);
#634 = CARTESIAN_POINT('',(0.,33.));
#635 = VECTOR('',#636,1.);
#636 = DIRECTION('',(1.,0.));
#637 = ( GEOMETRIC_REPRESENTATION_CONTEXT(2) 
PARAMETRIC_REPRESENTATION_CONTEXT() REPRESENTATION_CONTEXT('2D SPACE',''
  ) );
#638 = PCURVE('',#499,#639);
#639 = DEFINITIONAL_REPRESENTATION('',(#640),#644);
#640 = LINE('',#641,#642);
#641 = CARTESIAN_POINT('',(11.,-14.));
#642 = VECTOR('',#643,1.);
#643 = DIRECTION('',(1.,0.));
#644 = ( GEOMETRIC_REPRESENTATION_CONTEXT(2) 
PARAMETRIC_REPRESENTATION_CONTEXT() REPRESENTATION_CONTEXT('2D SPACE',''
  ) );
#645 = ORIENTED_EDGE('',*,*,#436,.T.);
#646 = ADVANCED_FACE('',(#647),#399,.T.);
#647 = FACE_BOUND('',#648,.T.);
#648 = EDGE_LOOP('',(#649,#650,#651,#674));
#649 = ORIENTED_EDGE('',*,*,#383,.F.);
#650 = ORIENTED_EDGE('',*,*,#516,.T.);
#651 = ORIENTED_EDGE('',*,*,#652,.T.);
#652 = EDGE_CURVE('',#517,#653,#655,.T.);
#653 = VERTEX_POINT('',#654);
#654 = CARTESIAN_POINT('',(11.,-14.,-33.));
#655 = SURFACE_CURVE('',#656,(#660,#667),.PCURVE_S1.);
#656 = LINE('',#657,#658);
#657 = CARTESIAN_POINT('',(11.,14.,-33.));
#658 = VECTOR('',#659,1.);
#659 = DIRECTION('',(0.,-1.,0.));
#660 = PCURVE('',#399,#661);
#661 = DEFINITIONAL_REPRESENTATION('',(#662),#666);
#662 = LINE('',#663,#664);
#663 = CARTESIAN_POINT('',(22.,-14.));
#664 = VECTOR('',#665,1.);
#665 = DIRECTION('',(0.,1.));
#666 = ( GEOMETRIC_REPRESENTATION_CONTEXT(2) 
PARAMETRIC_REPRESENTATION_CONTEXT() REPRESENTATION_CONTEXT('2D SPACE',''
  ) );
#667 = PCURVE('',#556,#668);
#668 = DEFINITIONAL_REPRESENTATION('',(#669),#673);
#669 = LINE('',#670,#671);
#670 = CARTESIAN_POINT('',(4.712388980385,-14.));
#671 = VECTOR('',#672,1.);
#672 = DIRECTION('',(-0.,1.));
#673 = ( GEOMETRIC_REPRESENTATION_CONTEXT(2) 
PARAMETRIC_REPRESENTATION_CONTEXT() REPRESENTATION_CONTEXT('2D SPACE',''
  ) );
#674 = ORIENTED_EDGE('',*,*,#675,.F.);
#675 = EDGE_CURVE('',#384,#653,#676,.T.);
#676 = SURFACE_CURVE('',#677,(#681,#688),.PCURVE_S1.);
#677 = LINE('',#678,#679);
#678 = CARTESIAN_POINT('',(0.,-14.,-33.));
#679 = VECTOR('',#680,1.);
#680 = DIRECTION('',(1.,0.,0.));
#681 = PCURVE('',#399,#682);
#682 = DEFINITIONAL_REPRESENTATION('',(#683),#687);
#683 = LINE('',#684,#685);
#684 = CARTESIAN_POINT('',(11.,14.));
#685 = VECTOR('',#686,1.);
#686 = DIRECTION('',(1.,0.));
#687 = ( GEOMETRIC_REPRESENTATION_CONTEXT(2) 
PARAMETRIC_REPRESENTATION_CONTEXT() REPRESENTATION_CONTEXT('2D SPACE',''
  ) );
#688 = PCURVE('',#343,#689);
#689 = DEFINITIONAL_REPRESENTATION('',(#690),#694);
#690 = LINE('',#691,#692);
#691 = CARTESIAN_POINT('',(0.,-33.));
#692 = VECTOR('',#693,1.);
#693 = DIRECTION('',(1.,0.));
#694 = ( GEOMETRIC_REPRESENTATION_CONTEXT(2) 
PARAMETRIC_REPRESENTATION_CONTEXT() REPRESENTATION_CONTEXT('2D SPACE',''
  ) );
#695 = ADVANCED_FACE('',(#696),#499,.F.);
#696 = FACE_BOUND('',#697,.F.);
#697 = EDGE_LOOP('',(#698,#699,#722,#743));
#698 = ORIENTED_EDGE('',*,*,#625,.T.);
#699 = ORIENTED_EDGE('',*,*,#700,.F.);
#700 = EDGE_CURVE('',#701,#597,#703,.T.);
#701 = VERTEX_POINT('',#702);
#702 = CARTESIAN_POINT('',(11.,-14.,33.));
#703 = SURFACE_CURVE('',#704,(#708,#715),.PCURVE_S1.);
#704 = LINE('',#705,#706);
#705 = CARTESIAN_POINT('',(11.,-14.,33.));
#706 = VECTOR('',#707,1.);
#707 = DIRECTION('',(0.,1.,0.));
#708 = PCURVE('',#499,#709);
#709 = DEFINITIONAL_REPRESENTATION('',(#710),#714);
#710 = LINE('',#711,#712);
#711 = CARTESIAN_POINT('',(22.,14.));
#712 = VECTOR('',#713,1.);
#713 = DIRECTION('',(0.,-1.));
#714 = ( GEOMETRIC_REPRESENTATION_CONTEXT(2) 
PARAMETRIC_REPRESENTATION_CONTEXT() REPRESENTATION_CONTEXT('2D SPACE',''
  ) );
#715 = PCURVE('',#613,#716);
#716 = DEFINITIONAL_REPRESENTATION('',(#717),#721);
#717 = LINE('',#718,#719);
#718 = CARTESIAN_POINT('',(1.570796326795,14.));
#719 = VECTOR('',#720,1.);
#720 = DIRECTION('',(0.,-1.));
#721 = ( GEOMETRIC_REPRESENTATION_CONTEXT(2) 
PARAMETRIC_REPRESENTATION_CONTEXT() REPRESENTATION_CONTEXT('2D SPACE',''
  ) );
#722 = ORIENTED_EDGE('',*,*,#723,.F.);
#723 = EDGE_CURVE('',#462,#701,#724,.T.);
#724 = SURFACE_CURVE('',#725,(#729,#736),.PCURVE_S1.);
#725 = LINE('',#726,#727);
#726 = CARTESIAN_POINT('',(0.,-14.,33.));
#727 = VECTOR('',#728,1.);
#728 = DIRECTION('',(1.,0.,0.));
#729 = PCURVE('',#499,#730);
#730 = DEFINITIONAL_REPRESENTATION('',(#731),#735);
#731 = LINE('',#732,#733);
#732 = CARTESIAN_POINT('',(11.,14.));
#733 = VECTOR('',#734,1.);
#734 = DIRECTION('',(1.,0.));
#735 = ( GEOMETRIC_REPRESENTATION_CONTEXT(2) 
PARAMETRIC_REPRESENTATION_CONTEXT() REPRESENTATION_CONTEXT('2D SPACE',''
  ) );
#736 = PCURVE('',#343,#737);
#737 = DEFINITIONAL_REPRESENTATION('',(#738),#742);
#738 = LINE('',#739,#740);
#739 = CARTESIAN_POINT('',(0.,33.));
#740 = VECTOR('',#741,1.);
#741 = DIRECTION('',(1.,0.));
#742 = ( GEOMETRIC_REPRESENTATION_CONTEXT(2) 
PARAMETRIC_REPRESENTATION_CONTEXT() REPRESENTATION_CONTEXT('2D SPACE',''
  ) );
#743 = ORIENTED_EDGE('',*,*,#485,.T.);
#744 = ADVANCED_FACE('',(#745),#343,.T.);
#745 = FACE_BOUND('',#746,.T.);
#746 = EDGE_LOOP('',(#747,#748,#749,#750,#774,#797,#819,#820));
#747 = ORIENTED_EDGE('',*,*,#329,.F.);
#748 = ORIENTED_EDGE('',*,*,#411,.T.);
#749 = ORIENTED_EDGE('',*,*,#675,.T.);
#750 = ORIENTED_EDGE('',*,*,#751,.T.);
#751 = EDGE_CURVE('',#653,#752,#754,.T.);
#752 = VERTEX_POINT('',#753);
#753 = CARTESIAN_POINT('',(24.,-14.,-20.));
#754 = SURFACE_CURVE('',#755,(#760,#767),.PCURVE_S1.);
#755 = CIRCLE('',#756,13.);
#756 = AXIS2_PLACEMENT_3D('',#757,#758,#759);
#757 = CARTESIAN_POINT('',(11.,-14.,-20.));
#758 = DIRECTION('',(0.,-1.,0.));
#759 = DIRECTION('',(1.,0.,0.));
#760 = PCURVE('',#343,#761);
#761 = DEFINITIONAL_REPRESENTATION('',(#762),#766);
#762 = CIRCLE('',#763,13.);
#763 = AXIS2_PLACEMENT_2D('',#764,#765);
#764 = CARTESIAN_POINT('',(11.,-20.));
#765 = DIRECTION('',(1.,0.));
#766 = ( GEOMETRIC_REPRESENTATION_CONTEXT(2) 
PARAMETRIC_REPRESENTATION_CONTEXT() REPRESENTATION_CONTEXT('2D SPACE',''
  ) );
#767 = PCURVE('',#556,#768);
#768 = DEFINITIONAL_REPRESENTATION('',(#769),#773);
#769 = LINE('',#770,#771);
#770 = CARTESIAN_POINT('',(-0.,14.));
#771 = VECTOR('',#772,1.);
#772 = DIRECTION('',(1.,-0.));
#773 = ( GEOMETRIC_REPRESENTATION_CONTEXT(2) 
PARAMETRIC_REPRESENTATION_CONTEXT() REPRESENTATION_CONTEXT('2D SPACE',''
  ) );
#774 = ORIENTED_EDGE('',*,*,#775,.T.);
#775 = EDGE_CURVE('',#752,#776,#778,.T.);
#776 = VERTEX_POINT('',#777);
#777 = CARTESIAN_POINT('',(24.,-14.,20.));
#778 = SURFACE_CURVE('',#779,(#783,#790),.PCURVE_S1.);
#779 = LINE('',#780,#781);
#780 = CARTESIAN_POINT('',(24.,-14.,0.));
#781 = VECTOR('',#782,1.);
#782 = DIRECTION('',(0.,0.,1.));
#783 = PCURVE('',#343,#784);
#784 = DEFINITIONAL_REPRESENTATION('',(#785),#789);
#785 = LINE('',#786,#787);
#786 = CARTESIAN_POINT('',(24.,0.));
#787 = VECTOR('',#788,1.);
#788 = DIRECTION('',(0.,1.));
#789 = ( GEOMETRIC_REPRESENTATION_CONTEXT(2) 
PARAMETRIC_REPRESENTATION_CONTEXT() REPRESENTATION_CONTEXT('2D SPACE',''
  ) );
#790 = PCURVE('',#584,#791);
#791 = DEFINITIONAL_REPRESENTATION('',(#792),#796);
#792 = LINE('',#793,#794);
#793 = CARTESIAN_POINT('',(20.,14.));
#794 = VECTOR('',#795,1.);
#795 = DIRECTION('',(1.,0.));
#796 = ( GEOMETRIC_REPRESENTATION_CONTEXT(2) 
PARAMETRIC_REPRESENTATION_CONTEXT() REPRESENTATION_CONTEXT('2D SPACE',''
  ) );
#797 = ORIENTED_EDGE('',*,*,#798,.T.);
#798 = EDGE_CURVE('',#776,#701,#799,.T.);
#799 = SURFACE_CURVE('',#800,(#805,#812),.PCURVE_S1.);
#800 = CIRCLE('',#801,13.);
#801 = AXIS2_PLACEMENT_3D('',#802,#803,#804);
#802 = CARTESIAN_POINT('',(11.,-14.,20.));
#803 = DIRECTION('',(0.,-1.,0.));
#804 = DIRECTION('',(1.,0.,0.));
#805 = PCURVE('',#343,#806);
#806 = DEFINITIONAL_REPRESENTATION('',(#807),#811);
#807 = CIRCLE('',#808,13.);
#808 = AXIS2_PLACEMENT_2D('',#809,#810);
#809 = CARTESIAN_POINT('',(11.,20.));
#810 = DIRECTION('',(1.,0.));
#811 = ( GEOMETRIC_REPRESENTATION_CONTEXT(2) 
PARAMETRIC_REPRESENTATION_CONTEXT() REPRESENTATION_CONTEXT('2D SPACE',''
  ) );
#812 = PCURVE('',#613,#813);
#813 = DEFINITIONAL_REPRESENTATION('',(#814),#818);
#814 = LINE('',#815,#816);
#815 = CARTESIAN_POINT('',(-0.,14.));
#816 = VECTOR('',#817,1.);
#817 = DIRECTION('',(1.,-0.));
#818 = ( GEOMETRIC_REPRESENTATION_CONTEXT(2) 
PARAMETRIC_REPRESENTATION_CONTEXT() REPRESENTATION_CONTEXT('2D SPACE',''
  ) );
#819 = ORIENTED_EDGE('',*,*,#723,.F.);
#820 = ORIENTED_EDGE('',*,*,#461,.T.);
#821 = ADVANCED_FACE('',(#822),#556,.T.);
#822 = FACE_BOUND('',#823,.T.);
#823 = EDGE_LOOP('',(#824,#825,#826,#847));
#824 = ORIENTED_EDGE('',*,*,#652,.F.);
#825 = ORIENTED_EDGE('',*,*,#539,.T.);
#826 = ORIENTED_EDGE('',*,*,#827,.T.);
#827 = EDGE_CURVE('',#540,#752,#828,.T.);
#828 = SURFACE_CURVE('',#829,(#833,#840),.PCURVE_S1.);
#829 = LINE('',#830,#831);
#830 = CARTESIAN_POINT('',(24.,14.,-20.));
#831 = VECTOR('',#832,1.);
#832 = DIRECTION('',(0.,-1.,0.));
#833 = PCURVE('',#556,#834);
#834 = DEFINITIONAL_REPRESENTATION('',(#835),#839);
#835 = LINE('',#836,#837);
#836 = CARTESIAN_POINT('',(6.28318530718,-14.));
#837 = VECTOR('',#838,1.);
#838 = DIRECTION('',(-0.,1.));
#839 = ( GEOMETRIC_REPRESENTATION_CONTEXT(2) 
PARAMETRIC_REPRESENTATION_CONTEXT() REPRESENTATION_CONTEXT('2D SPACE',''
  ) );
#840 = PCURVE('',#584,#841);
#841 = DEFINITIONAL_REPRESENTATION('',(#842),#846);
#842 = LINE('',#843,#844);
#843 = CARTESIAN_POINT('',(0.,-14.));
#844 = VECTOR('',#845,1.);
#845 = DIRECTION('',(0.,1.));
#846 = ( GEOMETRIC_REPRESENTATION_CONTEXT(2) 
PARAMETRIC_REPRESENTATION_CONTEXT() REPRESENTATION_CONTEXT('2D SPACE',''
  ) );
#847 = ORIENTED_EDGE('',*,*,#751,.F.);
#848 = ADVANCED_FACE('',(#849),#584,.T.);
#849 = FACE_BOUND('',#850,.T.);
#850 = EDGE_LOOP('',(#851,#852,#853,#874));
#851 = ORIENTED_EDGE('',*,*,#827,.F.);
#852 = ORIENTED_EDGE('',*,*,#568,.T.);
#853 = ORIENTED_EDGE('',*,*,#854,.T.);
#854 = EDGE_CURVE('',#569,#776,#855,.T.);
#855 = SURFACE_CURVE('',#856,(#860,#867),.PCURVE_S1.);
#856 = LINE('',#857,#858);
#857 = CARTESIAN_POINT('',(24.,14.,20.));
#858 = VECTOR('',#859,1.);
#859 = DIRECTION('',(0.,-1.,0.));
#860 = PCURVE('',#584,#861);
#861 = DEFINITIONAL_REPRESENTATION('',(#862),#866);
#862 = LINE('',#863,#864);
#863 = CARTESIAN_POINT('',(40.,-14.));
#864 = VECTOR('',#865,1.);
#865 = DIRECTION('',(0.,1.));
#866 = ( GEOMETRIC_REPRESENTATION_CONTEXT(2) 
PARAMETRIC_REPRESENTATION_CONTEXT() REPRESENTATION_CONTEXT('2D SPACE',''
  ) );
#867 = PCURVE('',#613,#868);
#868 = DEFINITIONAL_REPRESENTATION('',(#869),#873);
#869 = LINE('',#870,#871);
#870 = CARTESIAN_POINT('',(0.,-14.));
#871 = VECTOR('',#872,1.);
#872 = DIRECTION('',(-0.,1.));
#873 = ( GEOMETRIC_REPRESENTATION_CONTEXT(2) 
PARAMETRIC_REPRESENTATION_CONTEXT() REPRESENTATION_CONTEXT('2D SPACE',''
  ) );
#874 = ORIENTED_EDGE('',*,*,#775,.F.);
#875 = ADVANCED_FACE('',(#876),#613,.T.);
#876 = FACE_BOUND('',#877,.T.);
#877 = EDGE_LOOP('',(#878,#879,#880,#881));
#878 = ORIENTED_EDGE('',*,*,#854,.F.);
#879 = ORIENTED_EDGE('',*,*,#596,.T.);
#880 = ORIENTED_EDGE('',*,*,#700,.F.);
#881 = ORIENTED_EDGE('',*,*,#798,.F.);
#882 = ( GEOMETRIC_REPRESENTATION_CONTEXT(3) 
GLOBAL_UNCERTAINTY_ASSIGNED_CONTEXT((#886)) GLOBAL_UNIT_ASSIGNED_CONTEXT
((#883,#884,#885)) REPRESENTATION_CONTEXT('Context #1',
  '3D Context with UNIT and UNCERTAINTY') );
#883 = ( LENGTH_UNIT() NAMED_UNIT(*) SI_UNIT(.MILLI.,.METRE.) );
#884 = ( NAMED_UNIT(*) PLANE_ANGLE_UNIT() SI_UNIT($,.RADIAN.) );
#885 = ( NAMED_UNIT(*) SI_UNIT($,.STERADIAN.) SOLID_ANGLE_UNIT() );
#886 = UNCERTAINTY_MEASURE_WITH_UNIT(LENGTH_MEASURE(1.E-07),#883,
  'distance_accuracy_value','confusion accuracy');
#887 = CONTEXT_DEPENDENT_SHAPE_REPRESENTATION(#888,#890);
#888 = ( REPRESENTATION_RELATIONSHIP('','',#231,#208) 
REPRESENTATION_RELATIONSHIP_WITH_TRANSFORMATION(#889) 
SHAPE_REPRESENTATION_RELATIONSHIP() );
#889 = ITEM_DEFINED_TRANSFORMATION('','',#11,#209);
#890 = PRODUCT_DEFINITION_SHAPE('Placement','Placement of an item',#891
  );
#891 = NEXT_ASSEMBLY_USAGE_OCCURRENCE('412','=>[0:1:1:3]','',#203,#226,$
  );
#892 = PRODUCT_RELATED_PRODUCT_CATEGORY('part',$,(#228));
#893 = SHAPE_DEFINITION_REPRESENTATION(#894,#900);
#894 = PRODUCT_DEFINITION_SHAPE('','',#895);
#895 = PRODUCT_DEFINITION('design','',#896,#899);
#896 = PRODUCT_DEFINITION_FORMATION('','',#897);
#897 = PRODUCT('left_black_palm_inset','left_black_palm_inset','',(#898)
  );
#898 = PRODUCT_CONTEXT('',#2,'mechanical');
#899 = PRODUCT_DEFINITION_CONTEXT('part definition',#2,'design');
#900 = SHAPE_REPRESENTATION('',(#11,#901),#905);
#901 = AXIS2_PLACEMENT_3D('',#902,#903,#904);
#902 = CARTESIAN_POINT('',(-18.5,-3.,-25.));
#903 = DIRECTION('',(0.,0.,1.));
#904 = DIRECTION('',(1.,0.,0.));
#905 = ( GEOMETRIC_REPRESENTATION_CONTEXT(3) 
GLOBAL_UNCERTAINTY_ASSIGNED_CONTEXT((#909)) GLOBAL_UNIT_ASSIGNED_CONTEXT
((#906,#907,#908)) REPRESENTATION_CONTEXT('Context #1',
  '3D Context with UNIT and UNCERTAINTY') );
#906 = ( LENGTH_UNIT() NAMED_UNIT(*) SI_UNIT(.MILLI.,.METRE.) );
#907 = ( NAMED_UNIT(*) PLANE_ANGLE_UNIT() SI_UNIT($,.RADIAN.) );
#908 = ( NAMED_UNIT(*) SI_UNIT($,.STERADIAN.) SOLID_ANGLE_UNIT() );
#909 = UNCERTAINTY_MEASURE_WITH_UNIT(LENGTH_MEASURE(1.E-07),#906,
  'distance_accuracy_value','confusion accuracy');
#910 = CONTEXT_DEPENDENT_SHAPE_REPRESENTATION(#911,#913);
#911 = ( REPRESENTATION_RELATIONSHIP('','',#900,#10) 
REPRESENTATION_RELATIONSHIP_WITH_TRANSFORMATION(#912) 
SHAPE_REPRESENTATION_RELATIONSHIP() );
#912 = ITEM_DEFINED_TRANSFORMATION('','',#11,#19);
#913 = PRODUCT_DEFINITION_SHAPE('Placement','Placement of an item',#914
  );
#914 = NEXT_ASSEMBLY_USAGE_OCCURRENCE('415','=>[0:1:1:4]','',#5,#895,$);
#915 = PRODUCT_RELATED_PRODUCT_CATEGORY('part',$,(#897));
#916 = SHAPE_DEFINITION_REPRESENTATION(#917,#923);
#917 = PRODUCT_DEFINITION_SHAPE('','',#918);
#918 = PRODUCT_DEFINITION('design','',#919,#922);
#919 = PRODUCT_DEFINITION_FORMATION('','',#920);
#920 = PRODUCT('SOLID','SOLID','',(#921));
#921 = PRODUCT_CONTEXT('',#2,'mechanical');
#922 = PRODUCT_DEFINITION_CONTEXT('part definition',#2,'design');
#923 = ADVANCED_BREP_SHAPE_REPRESENTATION('',(#11,#924),#1254);
#924 = MANIFOLD_SOLID_BREP('',#925);
#925 = CLOSED_SHELL('',(#926,#1046,#1146,#1193,#1240,#1247));
#926 = ADVANCED_FACE('',(#927),#941,.F.);
#927 = FACE_BOUND('',#928,.F.);
#928 = EDGE_LOOP('',(#929,#964,#992,#1020));
#929 = ORIENTED_EDGE('',*,*,#930,.F.);
#930 = EDGE_CURVE('',#931,#933,#935,.T.);
#931 = VERTEX_POINT('',#932);
#932 = CARTESIAN_POINT('',(0.,0.,0.));
#933 = VERTEX_POINT('',#934);
#934 = CARTESIAN_POINT('',(0.,0.,50.));
#935 = SURFACE_CURVE('',#936,(#940,#952),.PCURVE_S1.);
#936 = LINE('',#937,#938);
#937 = CARTESIAN_POINT('',(0.,0.,0.));
#938 = VECTOR('',#939,1.);
#939 = DIRECTION('',(0.,0.,1.));
#940 = PCURVE('',#941,#946);
#941 = PLANE('',#942);
#942 = AXIS2_PLACEMENT_3D('',#943,#944,#945);
#943 = CARTESIAN_POINT('',(0.,0.,0.));
#944 = DIRECTION('',(1.,0.,-0.));
#945 = DIRECTION('',(0.,0.,1.));
#946 = DEFINITIONAL_REPRESENTATION('',(#947),#951);
#947 = LINE('',#948,#949);
#948 = CARTESIAN_POINT('',(0.,0.));
#949 = VECTOR('',#950,1.);
#950 = DIRECTION('',(1.,0.));
#951 = ( GEOMETRIC_REPRESENTATION_CONTEXT(2) 
PARAMETRIC_REPRESENTATION_CONTEXT() REPRESENTATION_CONTEXT('2D SPACE',''
  ) );
#952 = PCURVE('',#953,#958);
#953 = PLANE('',#954);
#954 = AXIS2_PLACEMENT_3D('',#955,#956,#957);
#955 = CARTESIAN_POINT('',(0.,0.,0.));
#956 = DIRECTION('',(-0.,1.,0.));
#957 = DIRECTION('',(0.,0.,1.));
#958 = DEFINITIONAL_REPRESENTATION('',(#959),#963);
#959 = LINE('',#960,#961);
#960 = CARTESIAN_POINT('',(0.,0.));
#961 = VECTOR('',#962,1.);
#962 = DIRECTION('',(1.,0.));
#963 = ( GEOMETRIC_REPRESENTATION_CONTEXT(2) 
PARAMETRIC_REPRESENTATION_CONTEXT() REPRESENTATION_CONTEXT('2D SPACE',''
  ) );
#964 = ORIENTED_EDGE('',*,*,#965,.T.);
#965 = EDGE_CURVE('',#931,#966,#968,.T.);
#966 = VERTEX_POINT('',#967);
#967 = CARTESIAN_POINT('',(0.,6.,0.));
#968 = SURFACE_CURVE('',#969,(#973,#980),.PCURVE_S1.);
#969 = LINE('',#970,#971);
#970 = CARTESIAN_POINT('',(0.,0.,0.));
#971 = VECTOR('',#972,1.);
#972 = DIRECTION('',(-0.,1.,0.));
#973 = PCURVE('',#941,#974);
#974 = DEFINITIONAL_REPRESENTATION('',(#975),#979);
#975 = LINE('',#976,#977);
#976 = CARTESIAN_POINT('',(0.,0.));
#977 = VECTOR('',#978,1.);
#978 = DIRECTION('',(0.,-1.));
#979 = ( GEOMETRIC_REPRESENTATION_CONTEXT(2) 
PARAMETRIC_REPRESENTATION_CONTEXT() REPRESENTATION_CONTEXT('2D SPACE',''
  ) );
#980 = PCURVE('',#981,#986);
#981 = PLANE('',#982);
#982 = AXIS2_PLACEMENT_3D('',#983,#984,#985);
#983 = CARTESIAN_POINT('',(0.,0.,0.));
#984 = DIRECTION('',(0.,0.,1.));
#985 = DIRECTION('',(1.,0.,-0.));
#986 = DEFINITIONAL_REPRESENTATION('',(#987),#991);
#987 = LINE('',#988,#989);
#988 = CARTESIAN_POINT('',(0.,0.));
#989 = VECTOR('',#990,1.);
#990 = DIRECTION('',(0.,1.));
#991 = ( GEOMETRIC_REPRESENTATION_CONTEXT(2) 
PARAMETRIC_REPRESENTATION_CONTEXT() REPRESENTATION_CONTEXT('2D SPACE',''
  ) );
#992 = ORIENTED_EDGE('',*,*,#993,.T.);
#993 = EDGE_CURVE('',#966,#994,#996,.T.);
#994 = VERTEX_POINT('',#995);
#995 = CARTESIAN_POINT('',(0.,6.,50.));
#996 = SURFACE_CURVE('',#997,(#1001,#1008),.PCURVE_S1.);
#997 = LINE('',#998,#999);
#998 = CARTESIAN_POINT('',(0.,6.,0.));
#999 = VECTOR('',#1000,1.);
#1000 = DIRECTION('',(0.,0.,1.));
#1001 = PCURVE('',#941,#1002);
#1002 = DEFINITIONAL_REPRESENTATION('',(#1003),#1007);
#1003 = LINE('',#1004,#1005);
#1004 = CARTESIAN_POINT('',(0.,-6.));
#1005 = VECTOR('',#1006,1.);
#1006 = DIRECTION('',(1.,0.));
#1007 = ( GEOMETRIC_REPRESENTATION_CONTEXT(2) 
PARAMETRIC_REPRESENTATION_CONTEXT() REPRESENTATION_CONTEXT('2D SPACE',''
  ) );
#1008 = PCURVE('',#1009,#1014);
#1009 = PLANE('',#1010);
#1010 = AXIS2_PLACEMENT_3D('',#1011,#1012,#1013);
#1011 = CARTESIAN_POINT('',(0.,6.,0.));
#1012 = DIRECTION('',(-0.,1.,0.));
#1013 = DIRECTION('',(0.,0.,1.));
#1014 = DEFINITIONAL_REPRESENTATION('',(#1015),#1019);
#1015 = LINE('',#1016,#1017);
#1016 = CARTESIAN_POINT('',(0.,0.));
#1017 = VECTOR('',#1018,1.);
#1018 = DIRECTION('',(1.,0.));
#1019 = ( GEOMETRIC_REPRESENTATION_CONTEXT(2) 
PARAMETRIC_REPRESENTATION_CONTEXT() REPRESENTATION_CONTEXT('2D SPACE',''
  ) );
#1020 = ORIENTED_EDGE('',*,*,#1021,.F.);
#1021 = EDGE_CURVE('',#933,#994,#1022,.T.);
#1022 = SURFACE_CURVE('',#1023,(#1027,#1034),.PCURVE_S1.);
#1023 = LINE('',#1024,#1025);
#1024 = CARTESIAN_POINT('',(0.,0.,50.));
#1025 = VECTOR('',#1026,1.);
#1026 = DIRECTION('',(-0.,1.,0.));
#1027 = PCURVE('',#941,#1028);
#1028 = DEFINITIONAL_REPRESENTATION('',(#1029),#1033);
#1029 = LINE('',#1030,#1031);
#1030 = CARTESIAN_POINT('',(50.,0.));
#1031 = VECTOR('',#1032,1.);
#1032 = DIRECTION('',(0.,-1.));
#1033 = ( GEOMETRIC_REPRESENTATION_CONTEXT(2) 
PARAMETRIC_REPRESENTATION_CONTEXT() REPRESENTATION_CONTEXT('2D SPACE',''
  ) );
#1034 = PCURVE('',#1035,#1040);
#1035 = PLANE('',#1036);
#1036 = AXIS2_PLACEMENT_3D('',#1037,#1038,#1039);
#1037 = CARTESIAN_POINT('',(0.,0.,50.));
#1038 = DIRECTION('',(0.,0.,1.));
#1039 = DIRECTION('',(1.,0.,-0.));
#1040 = DEFINITIONAL_REPRESENTATION('',(#1041),#1045);
#1041 = LINE('',#1042,#1043);
#1042 = CARTESIAN_POINT('',(0.,0.));
#1043 = VECTOR('',#1044,1.);
#1044 = DIRECTION('',(0.,1.));
#1045 = ( GEOMETRIC_REPRESENTATION_CONTEXT(2) 
PARAMETRIC_REPRESENTATION_CONTEXT() REPRESENTATION_CONTEXT('2D SPACE',''
  ) );
#1046 = ADVANCED_FACE('',(#1047),#1061,.T.);
#1047 = FACE_BOUND('',#1048,.T.);
#1048 = EDGE_LOOP('',(#1049,#1079,#1102,#1125));
#1049 = ORIENTED_EDGE('',*,*,#1050,.F.);
#1050 = EDGE_CURVE('',#1051,#1053,#1055,.T.);
#1051 = VERTEX_POINT('',#1052);
#1052 = CARTESIAN_POINT('',(37.,0.,0.));
#1053 = VERTEX_POINT('',#1054);
#1054 = CARTESIAN_POINT('',(37.,0.,50.));
#1055 = SURFACE_CURVE('',#1056,(#1060,#1072),.PCURVE_S1.);
#1056 = LINE('',#1057,#1058);
#1057 = CARTESIAN_POINT('',(37.,0.,0.));
#1058 = VECTOR('',#1059,1.);
#1059 = DIRECTION('',(0.,0.,1.));
#1060 = PCURVE('',#1061,#1066);
#1061 = PLANE('',#1062);
#1062 = AXIS2_PLACEMENT_3D('',#1063,#1064,#1065);
#1063 = CARTESIAN_POINT('',(37.,0.,0.));
#1064 = DIRECTION('',(1.,0.,-0.));
#1065 = DIRECTION('',(0.,0.,1.));
#1066 = DEFINITIONAL_REPRESENTATION('',(#1067),#1071);
#1067 = LINE('',#1068,#1069);
#1068 = CARTESIAN_POINT('',(0.,0.));
#1069 = VECTOR('',#1070,1.);
#1070 = DIRECTION('',(1.,0.));
#1071 = ( GEOMETRIC_REPRESENTATION_CONTEXT(2) 
PARAMETRIC_REPRESENTATION_CONTEXT() REPRESENTATION_CONTEXT('2D SPACE',''
  ) );
#1072 = PCURVE('',#953,#1073);
#1073 = DEFINITIONAL_REPRESENTATION('',(#1074),#1078);
#1074 = LINE('',#1075,#1076);
#1075 = CARTESIAN_POINT('',(0.,37.));
#1076 = VECTOR('',#1077,1.);
#1077 = DIRECTION('',(1.,0.));
#1078 = ( GEOMETRIC_REPRESENTATION_CONTEXT(2) 
PARAMETRIC_REPRESENTATION_CONTEXT() REPRESENTATION_CONTEXT('2D SPACE',''
  ) );
#1079 = ORIENTED_EDGE('',*,*,#1080,.T.);
#1080 = EDGE_CURVE('',#1051,#1081,#1083,.T.);
#1081 = VERTEX_POINT('',#1082);
#1082 = CARTESIAN_POINT('',(37.,6.,0.));
#1083 = SURFACE_CURVE('',#1084,(#1088,#1095),.PCURVE_S1.);
#1084 = LINE('',#1085,#1086);
#1085 = CARTESIAN_POINT('',(37.,0.,0.));
#1086 = VECTOR('',#1087,1.);
#1087 = DIRECTION('',(-0.,1.,0.));
#1088 = PCURVE('',#1061,#1089);
#1089 = DEFINITIONAL_REPRESENTATION('',(#1090),#1094);
#1090 = LINE('',#1091,#1092);
#1091 = CARTESIAN_POINT('',(0.,0.));
#1092 = VECTOR('',#1093,1.);
#1093 = DIRECTION('',(0.,-1.));
#1094 = ( GEOMETRIC_REPRESENTATION_CONTEXT(2) 
PARAMETRIC_REPRESENTATION_CONTEXT() REPRESENTATION_CONTEXT('2D SPACE',''
  ) );
#1095 = PCURVE('',#981,#1096);
#1096 = DEFINITIONAL_REPRESENTATION('',(#1097),#1101);
#1097 = LINE('',#1098,#1099);
#1098 = CARTESIAN_POINT('',(37.,0.));
#1099 = VECTOR('',#1100,1.);
#1100 = DIRECTION('',(0.,1.));
#1101 = ( GEOMETRIC_REPRESENTATION_CONTEXT(2) 
PARAMETRIC_REPRESENTATION_CONTEXT() REPRESENTATION_CONTEXT('2D SPACE',''
  ) );
#1102 = ORIENTED_EDGE('',*,*,#1103,.T.);
#1103 = EDGE_CURVE('',#1081,#1104,#1106,.T.);
#1104 = VERTEX_POINT('',#1105);
#1105 = CARTESIAN_POINT('',(37.,6.,50.));
#1106 = SURFACE_CURVE('',#1107,(#1111,#1118),.PCURVE_S1.);
#1107 = LINE('',#1108,#1109);
#1108 = CARTESIAN_POINT('',(37.,6.,0.));
#1109 = VECTOR('',#1110,1.);
#1110 = DIRECTION('',(0.,0.,1.));
#1111 = PCURVE('',#1061,#1112);
#1112 = DEFINITIONAL_REPRESENTATION('',(#1113),#1117);
#1113 = LINE('',#1114,#1115);
#1114 = CARTESIAN_POINT('',(0.,-6.));
#1115 = VECTOR('',#1116,1.);
#1116 = DIRECTION('',(1.,0.));
#1117 = ( GEOMETRIC_REPRESENTATION_CONTEXT(2) 
PARAMETRIC_REPRESENTATION_CONTEXT() REPRESENTATION_CONTEXT('2D SPACE',''
  ) );
#1118 = PCURVE('',#1009,#1119);
#1119 = DEFINITIONAL_REPRESENTATION('',(#1120),#1124);
#1120 = LINE('',#1121,#1122);
#1121 = CARTESIAN_POINT('',(0.,37.));
#1122 = VECTOR('',#1123,1.);
#1123 = DIRECTION('',(1.,0.));
#1124 = ( GEOMETRIC_REPRESENTATION_CONTEXT(2) 
PARAMETRIC_REPRESENTATION_CONTEXT() REPRESENTATION_CONTEXT('2D SPACE',''
  ) );
#1125 = ORIENTED_EDGE('',*,*,#1126,.F.);
#1126 = EDGE_CURVE('',#1053,#1104,#1127,.T.);
#1127 = SURFACE_CURVE('',#1128,(#1132,#1139),.PCURVE_S1.);
#1128 = LINE('',#1129,#1130);
#1129 = CARTESIAN_POINT('',(37.,0.,50.));
#1130 = VECTOR('',#1131,1.);
#1131 = DIRECTION('',(-0.,1.,0.));
#1132 = PCURVE('',#1061,#1133);
#1133 = DEFINITIONAL_REPRESENTATION('',(#1134),#1138);
#1134 = LINE('',#1135,#1136);
#1135 = CARTESIAN_POINT('',(50.,0.));
#1136 = VECTOR('',#1137,1.);
#1137 = DIRECTION('',(0.,-1.));
#1138 = ( GEOMETRIC_REPRESENTATION_CONTEXT(2) 
PARAMETRIC_REPRESENTATION_CONTEXT() REPRESENTATION_CONTEXT('2D SPACE',''
  ) );
#1139 = PCURVE('',#1035,#1140);
#1140 = DEFINITIONAL_REPRESENTATION('',(#1141),#1145);
#1141 = LINE('',#1142,#1143);
#1142 = CARTESIAN_POINT('',(37.,0.));
#1143 = VECTOR('',#1144,1.);
#1144 = DIRECTION('',(0.,1.));
#1145 = ( GEOMETRIC_REPRESENTATION_CONTEXT(2) 
PARAMETRIC_REPRESENTATION_CONTEXT() REPRESENTATION_CONTEXT('2D SPACE',''
  ) );
#1146 = ADVANCED_FACE('',(#1147),#953,.F.);
#1147 = FACE_BOUND('',#1148,.F.);
#1148 = EDGE_LOOP('',(#1149,#1170,#1171,#1192));
#1149 = ORIENTED_EDGE('',*,*,#1150,.F.);
#1150 = EDGE_CURVE('',#931,#1051,#1151,.T.);
#1151 = SURFACE_CURVE('',#1152,(#1156,#1163),.PCURVE_S1.);
#1152 = LINE('',#1153,#1154);
#1153 = CARTESIAN_POINT('',(0.,0.,0.));
#1154 = VECTOR('',#1155,1.);
#1155 = DIRECTION('',(1.,0.,-0.));
#1156 = PCURVE('',#953,#1157);
#1157 = DEFINITIONAL_REPRESENTATION('',(#1158),#1162);
#1158 = LINE('',#1159,#1160);
#1159 = CARTESIAN_POINT('',(0.,0.));
#1160 = VECTOR('',#1161,1.);
#1161 = DIRECTION('',(0.,1.));
#1162 = ( GEOMETRIC_REPRESENTATION_CONTEXT(2) 
PARAMETRIC_REPRESENTATION_CONTEXT() REPRESENTATION_CONTEXT('2D SPACE',''
  ) );
#1163 = PCURVE('',#981,#1164);
#1164 = DEFINITIONAL_REPRESENTATION('',(#1165),#1169);
#1165 = LINE('',#1166,#1167);
#1166 = CARTESIAN_POINT('',(0.,0.));
#1167 = VECTOR('',#1168,1.);
#1168 = DIRECTION('',(1.,0.));
#1169 = ( GEOMETRIC_REPRESENTATION_CONTEXT(2) 
PARAMETRIC_REPRESENTATION_CONTEXT() REPRESENTATION_CONTEXT('2D SPACE',''
  ) );
#1170 = ORIENTED_EDGE('',*,*,#930,.T.);
#1171 = ORIENTED_EDGE('',*,*,#1172,.T.);
#1172 = EDGE_CURVE('',#933,#1053,#1173,.T.);
#1173 = SURFACE_CURVE('',#1174,(#1178,#1185),.PCURVE_S1.);
#1174 = LINE('',#1175,#1176);
#1175 = CARTESIAN_POINT('',(0.,0.,50.));
#1176 = VECTOR('',#1177,1.);
#1177 = DIRECTION('',(1.,0.,-0.));
#1178 = PCURVE('',#953,#1179);
#1179 = DEFINITIONAL_REPRESENTATION('',(#1180),#1184);
#1180 = LINE('',#1181,#1182);
#1181 = CARTESIAN_POINT('',(50.,0.));
#1182 = VECTOR('',#1183,1.);
#1183 = DIRECTION('',(0.,1.));
#1184 = ( GEOMETRIC_REPRESENTATION_CONTEXT(2) 
PARAMETRIC_REPRESENTATION_CONTEXT() REPRESENTATION_CONTEXT('2D SPACE',''
  ) );
#1185 = PCURVE('',#1035,#1186);
#1186 = DEFINITIONAL_REPRESENTATION('',(#1187),#1191);
#1187 = LINE('',#1188,#1189);
#1188 = CARTESIAN_POINT('',(0.,0.));
#1189 = VECTOR('',#1190,1.);
#1190 = DIRECTION('',(1.,0.));
#1191 = ( GEOMETRIC_REPRESENTATION_CONTEXT(2) 
PARAMETRIC_REPRESENTATION_CONTEXT() REPRESENTATION_CONTEXT('2D SPACE',''
  ) );
#1192 = ORIENTED_EDGE('',*,*,#1050,.F.);
#1193 = ADVANCED_FACE('',(#1194),#1009,.T.);
#1194 = FACE_BOUND('',#1195,.T.);
#1195 = EDGE_LOOP('',(#1196,#1217,#1218,#1239));
#1196 = ORIENTED_EDGE('',*,*,#1197,.F.);
#1197 = EDGE_CURVE('',#966,#1081,#1198,.T.);
#1198 = SURFACE_CURVE('',#1199,(#1203,#1210),.PCURVE_S1.);
#1199 = LINE('',#1200,#1201);
#1200 = CARTESIAN_POINT('',(0.,6.,0.));
#1201 = VECTOR('',#1202,1.);
#1202 = DIRECTION('',(1.,0.,-0.));
#1203 = PCURVE('',#1009,#1204);
#1204 = DEFINITIONAL_REPRESENTATION('',(#1205),#1209);
#1205 = LINE('',#1206,#1207);
#1206 = CARTESIAN_POINT('',(0.,0.));
#1207 = VECTOR('',#1208,1.);
#1208 = DIRECTION('',(0.,1.));
#1209 = ( GEOMETRIC_REPRESENTATION_CONTEXT(2) 
PARAMETRIC_REPRESENTATION_CONTEXT() REPRESENTATION_CONTEXT('2D SPACE',''
  ) );
#1210 = PCURVE('',#981,#1211);
#1211 = DEFINITIONAL_REPRESENTATION('',(#1212),#1216);
#1212 = LINE('',#1213,#1214);
#1213 = CARTESIAN_POINT('',(0.,6.));
#1214 = VECTOR('',#1215,1.);
#1215 = DIRECTION('',(1.,0.));
#1216 = ( GEOMETRIC_REPRESENTATION_CONTEXT(2) 
PARAMETRIC_REPRESENTATION_CONTEXT() REPRESENTATION_CONTEXT('2D SPACE',''
  ) );
#1217 = ORIENTED_EDGE('',*,*,#993,.T.);
#1218 = ORIENTED_EDGE('',*,*,#1219,.T.);
#1219 = EDGE_CURVE('',#994,#1104,#1220,.T.);
#1220 = SURFACE_CURVE('',#1221,(#1225,#1232),.PCURVE_S1.);
#1221 = LINE('',#1222,#1223);
#1222 = CARTESIAN_POINT('',(0.,6.,50.));
#1223 = VECTOR('',#1224,1.);
#1224 = DIRECTION('',(1.,0.,-0.));
#1225 = PCURVE('',#1009,#1226);
#1226 = DEFINITIONAL_REPRESENTATION('',(#1227),#1231);
#1227 = LINE('',#1228,#1229);
#1228 = CARTESIAN_POINT('',(50.,0.));
#1229 = VECTOR('',#1230,1.);
#1230 = DIRECTION('',(0.,1.));
#1231 = ( GEOMETRIC_REPRESENTATION_CONTEXT(2) 
PARAMETRIC_REPRESENTATION_CONTEXT() REPRESENTATION_CONTEXT('2D SPACE',''
  ) );
#1232 = PCURVE('',#1035,#1233);
#1233 = DEFINITIONAL_REPRESENTATION('',(#1234),#1238);
#1234 = LINE('',#1235,#1236);
#1235 = CARTESIAN_POINT('',(0.,6.));
#1236 = VECTOR('',#1237,1.);
#1237 = DIRECTION('',(1.,0.));
#1238 = ( GEOMETRIC_REPRESENTATION_CONTEXT(2) 
PARAMETRIC_REPRESENTATION_CONTEXT() REPRESENTATION_CONTEXT('2D SPACE',''
  ) );
#1239 = ORIENTED_EDGE('',*,*,#1103,.F.);
#1240 = ADVANCED_FACE('',(#1241),#981,.F.);
#1241 = FACE_BOUND('',#1242,.F.);
#1242 = EDGE_LOOP('',(#1243,#1244,#1245,#1246));
#1243 = ORIENTED_EDGE('',*,*,#965,.F.);
#1244 = ORIENTED_EDGE('',*,*,#1150,.T.);
#1245 = ORIENTED_EDGE('',*,*,#1080,.T.);
#1246 = ORIENTED_EDGE('',*,*,#1197,.F.);
#1247 = ADVANCED_FACE('',(#1248),#1035,.T.);
#1248 = FACE_BOUND('',#1249,.T.);
#1249 = EDGE_LOOP('',(#1250,#1251,#1252,#1253));
#1250 = ORIENTED_EDGE('',*,*,#1021,.F.);
#1251 = ORIENTED_EDGE('',*,*,#1172,.T.);
#1252 = ORIENTED_EDGE('',*,*,#1126,.T.);
#1253 = ORIENTED_EDGE('',*,*,#1219,.F.);
#1254 = ( GEOMETRIC_REPRESENTATION_CONTEXT(3) 
GLOBAL_UNCERTAINTY_ASSIGNED_CONTEXT((#1258)) 
GLOBAL_UNIT_ASSIGNED_CONTEXT((#1255,#1256,#1257)) REPRESENTATION_CONTEXT
('Context #1','3D Context with UNIT and UNCERTAINTY') );
#1255 = ( LENGTH_UNIT() NAMED_UNIT(*) SI_UNIT(.MILLI.,.METRE.) );
#1256 = ( NAMED_UNIT(*) PLANE_ANGLE_UNIT() SI_UNIT($,.RADIAN.) );
#1257 = ( NAMED_UNIT(*) SI_UNIT($,.STERADIAN.) SOLID_ANGLE_UNIT() );
#1258 = UNCERTAINTY_MEASURE_WITH_UNIT(LENGTH_MEASURE(1.E-07),#1255,
  'distance_accuracy_value','confusion accuracy');
#1259 = CONTEXT_DEPENDENT_SHAPE_REPRESENTATION(#1260,#1262);
#1260 = ( REPRESENTATION_RELATIONSHIP('','',#923,#900) 
REPRESENTATION_RELATIONSHIP_WITH_TRANSFORMATION(#1261) 
SHAPE_REPRESENTATION_RELATIONSHIP() );
#1261 = ITEM_DEFINED_TRANSFORMATION('','',#11,#901);
#1262 = PRODUCT_DEFINITION_SHAPE('Placement','Placement of an item',
  #1263);
#1263 = NEXT_ASSEMBLY_USAGE_OCCURRENCE('414','=>[0:1:1:5]','',#895,#918,
  $);
#1264 = PRODUCT_RELATED_PRODUCT_CATEGORY('part',$,(#920));
#1265 = SHAPE_DEFINITION_REPRESENTATION(#1266,#1272);
#1266 = PRODUCT_DEFINITION_SHAPE('','',#1267);
#1267 = PRODUCT_DEFINITION('design','',#1268,#1271);
#1268 = PRODUCT_DEFINITION_FORMATION('','',#1269);
#1269 = PRODUCT('left_knuckle_cross_shaft','left_knuckle_cross_shaft',''
  ,(#1270));
#1270 = PRODUCT_CONTEXT('',#2,'mechanical');
#1271 = PRODUCT_DEFINITION_CONTEXT('part definition',#2,'design');
#1272 = SHAPE_REPRESENTATION('',(#11,#1273),#1277);
#1273 = AXIS2_PLACEMENT_3D('',#1274,#1275,#1276);
#1274 = CARTESIAN_POINT('',(0.,0.,-26.));
#1275 = DIRECTION('',(0.,0.,1.));
#1276 = DIRECTION('',(1.,0.,0.));
#1277 = ( GEOMETRIC_REPRESENTATION_CONTEXT(3) 
GLOBAL_UNCERTAINTY_ASSIGNED_CONTEXT((#1281)) 
GLOBAL_UNIT_ASSIGNED_CONTEXT((#1278,#1279,#1280)) REPRESENTATION_CONTEXT
('Context #1','3D Context with UNIT and UNCERTAINTY') );
#1278 = ( LENGTH_UNIT() NAMED_UNIT(*) SI_UNIT(.MILLI.,.METRE.) );
#1279 = ( NAMED_UNIT(*) PLANE_ANGLE_UNIT() SI_UNIT($,.RADIAN.) );
#1280 = ( NAMED_UNIT(*) SI_UNIT($,.STERADIAN.) SOLID_ANGLE_UNIT() );
#1281 = UNCERTAINTY_MEASURE_WITH_UNIT(LENGTH_MEASURE(1.E-07),#1278,
  'distance_accuracy_value','confusion accuracy');
#1282 = CONTEXT_DEPENDENT_SHAPE_REPRESENTATION(#1283,#1285);
#1283 = ( REPRESENTATION_RELATIONSHIP('','',#1272,#10) 
REPRESENTATION_RELATIONSHIP_WITH_TRANSFORMATION(#1284) 
SHAPE_REPRESENTATION_RELATIONSHIP() );
#1284 = ITEM_DEFINED_TRANSFORMATION('','',#11,#23);
#1285 = PRODUCT_DEFINITION_SHAPE('Placement','Placement of an item',
  #1286);
#1286 = NEXT_ASSEMBLY_USAGE_OCCURRENCE('417','=>[0:1:1:6]','',#5,#1267,$
  );
#1287 = PRODUCT_RELATED_PRODUCT_CATEGORY('part',$,(#1269));
#1288 = SHAPE_DEFINITION_REPRESENTATION(#1289,#1295);
#1289 = PRODUCT_DEFINITION_SHAPE('','',#1290);
#1290 = PRODUCT_DEFINITION('design','',#1291,#1294);
#1291 = PRODUCT_DEFINITION_FORMATION('','',#1292);
#1292 = PRODUCT('SOLID','SOLID','',(#1293));
#1293 = PRODUCT_CONTEXT('',#2,'mechanical');
#1294 = PRODUCT_DEFINITION_CONTEXT('part definition',#2,'design');
#1295 = ADVANCED_BREP_SHAPE_REPRESENTATION('',(#11,#1296),#1394);
#1296 = MANIFOLD_SOLID_BREP('',#1297);
#1297 = CLOSED_SHELL('',(#1298,#1386,#1390));
#1298 = ADVANCED_FACE('',(#1299),#1312,.T.);
#1299 = FACE_BOUND('',#1300,.T.);
#1300 = EDGE_LOOP('',(#1301,#1335,#1358,#1385));
#1301 = ORIENTED_EDGE('',*,*,#1302,.F.);
#1302 = EDGE_CURVE('',#1303,#1303,#1305,.T.);
#1303 = VERTEX_POINT('',#1304);
#1304 = CARTESIAN_POINT('',(11.,-2.694222958124E-15,52.));
#1305 = SURFACE_CURVE('',#1306,(#1311,#1323),.PCURVE_S1.);
#1306 = CIRCLE('',#1307,11.);
#1307 = AXIS2_PLACEMENT_3D('',#1308,#1309,#1310);
#1308 = CARTESIAN_POINT('',(0.,0.,52.));
#1309 = DIRECTION('',(0.,0.,1.));
#1310 = DIRECTION('',(1.,0.,-0.));
#1311 = PCURVE('',#1312,#1317);
#1312 = CYLINDRICAL_SURFACE('',#1313,11.);
#1313 = AXIS2_PLACEMENT_3D('',#1314,#1315,#1316);
#1314 = CARTESIAN_POINT('',(0.,0.,0.));
#1315 = DIRECTION('',(0.,0.,1.));
#1316 = DIRECTION('',(1.,0.,-0.));
#1317 = DEFINITIONAL_REPRESENTATION('',(#1318),#1322);
#1318 = LINE('',#1319,#1320);
#1319 = CARTESIAN_POINT('',(0.,52.));
#1320 = VECTOR('',#1321,1.);
#1321 = DIRECTION('',(1.,0.));
#1322 = ( GEOMETRIC_REPRESENTATION_CONTEXT(2) 
PARAMETRIC_REPRESENTATION_CONTEXT() REPRESENTATION_CONTEXT('2D SPACE',''
  ) );
#1323 = PCURVE('',#1324,#1329);
#1324 = PLANE('',#1325);
#1325 = AXIS2_PLACEMENT_3D('',#1326,#1327,#1328);
#1326 = CARTESIAN_POINT('',(0.,0.,52.));
#1327 = DIRECTION('',(0.,0.,1.));
#1328 = DIRECTION('',(1.,0.,-0.));
#1329 = DEFINITIONAL_REPRESENTATION('',(#1330),#1334);
#1330 = CIRCLE('',#1331,11.);
#1331 = AXIS2_PLACEMENT_2D('',#1332,#1333);
#1332 = CARTESIAN_POINT('',(0.,0.));
#1333 = DIRECTION('',(1.,0.));
#1334 = ( GEOMETRIC_REPRESENTATION_CONTEXT(2) 
PARAMETRIC_REPRESENTATION_CONTEXT() REPRESENTATION_CONTEXT('2D SPACE',''
  ) );
#1335 = ORIENTED_EDGE('',*,*,#1336,.F.);
#1336 = EDGE_CURVE('',#1337,#1303,#1339,.T.);
#1337 = VERTEX_POINT('',#1338);
#1338 = CARTESIAN_POINT('',(11.,-2.694222958124E-15,0.));
#1339 = SEAM_CURVE('',#1340,(#1344,#1351),.PCURVE_S1.);
#1340 = LINE('',#1341,#1342);
#1341 = CARTESIAN_POINT('',(11.,-2.694222958124E-15,0.));
#1342 = VECTOR('',#1343,1.);
#1343 = DIRECTION('',(0.,0.,1.));
#1344 = PCURVE('',#1312,#1345);
#1345 = DEFINITIONAL_REPRESENTATION('',(#1346),#1350);
#1346 = LINE('',#1347,#1348);
#1347 = CARTESIAN_POINT('',(6.28318530718,-0.));
#1348 = VECTOR('',#1349,1.);
#1349 = DIRECTION('',(0.,1.));
#1350 = ( GEOMETRIC_REPRESENTATION_CONTEXT(2) 
PARAMETRIC_REPRESENTATION_CONTEXT() REPRESENTATION_CONTEXT('2D SPACE',''
  ) );
#1351 = PCURVE('',#1312,#1352);
#1352 = DEFINITIONAL_REPRESENTATION('',(#1353),#1357);
#1353 = LINE('',#1354,#1355);
#1354 = CARTESIAN_POINT('',(0.,-0.));
#1355 = VECTOR('',#1356,1.);
#1356 = DIRECTION('',(0.,1.));
#1357 = ( GEOMETRIC_REPRESENTATION_CONTEXT(2) 
PARAMETRIC_REPRESENTATION_CONTEXT() REPRESENTATION_CONTEXT('2D SPACE',''
  ) );
#1358 = ORIENTED_EDGE('',*,*,#1359,.T.);
#1359 = EDGE_CURVE('',#1337,#1337,#1360,.T.);
#1360 = SURFACE_CURVE('',#1361,(#1366,#1373),.PCURVE_S1.);
#1361 = CIRCLE('',#1362,11.);
#1362 = AXIS2_PLACEMENT_3D('',#1363,#1364,#1365);
#1363 = CARTESIAN_POINT('',(0.,0.,0.));
#1364 = DIRECTION('',(0.,0.,1.));
#1365 = DIRECTION('',(1.,0.,-0.));
#1366 = PCURVE('',#1312,#1367);
#1367 = DEFINITIONAL_REPRESENTATION('',(#1368),#1372);
#1368 = LINE('',#1369,#1370);
#1369 = CARTESIAN_POINT('',(0.,0.));
#1370 = VECTOR('',#1371,1.);
#1371 = DIRECTION('',(1.,0.));
#1372 = ( GEOMETRIC_REPRESENTATION_CONTEXT(2) 
PARAMETRIC_REPRESENTATION_CONTEXT() REPRESENTATION_CONTEXT('2D SPACE',''
  ) );
#1373 = PCURVE('',#1374,#1379);
#1374 = PLANE('',#1375);
#1375 = AXIS2_PLACEMENT_3D('',#1376,#1377,#1378);
#1376 = CARTESIAN_POINT('',(0.,0.,0.));
#1377 = DIRECTION('',(0.,0.,1.));
#1378 = DIRECTION('',(1.,0.,-0.));
#1379 = DEFINITIONAL_REPRESENTATION('',(#1380),#1384);
#1380 = CIRCLE('',#1381,11.);
#1381 = AXIS2_PLACEMENT_2D('',#1382,#1383);
#1382 = CARTESIAN_POINT('',(0.,0.));
#1383 = DIRECTION('',(1.,0.));
#1384 = ( GEOMETRIC_REPRESENTATION_CONTEXT(2) 
PARAMETRIC_REPRESENTATION_CONTEXT() REPRESENTATION_CONTEXT('2D SPACE',''
  ) );
#1385 = ORIENTED_EDGE('',*,*,#1336,.T.);
#1386 = ADVANCED_FACE('',(#1387),#1324,.T.);
#1387 = FACE_BOUND('',#1388,.T.);
#1388 = EDGE_LOOP('',(#1389));
#1389 = ORIENTED_EDGE('',*,*,#1302,.T.);
#1390 = ADVANCED_FACE('',(#1391),#1374,.F.);
#1391 = FACE_BOUND('',#1392,.T.);
#1392 = EDGE_LOOP('',(#1393));
#1393 = ORIENTED_EDGE('',*,*,#1359,.F.);
#1394 = ( GEOMETRIC_REPRESENTATION_CONTEXT(3) 
GLOBAL_UNCERTAINTY_ASSIGNED_CONTEXT((#1398)) 
GLOBAL_UNIT_ASSIGNED_CONTEXT((#1395,#1396,#1397)) REPRESENTATION_CONTEXT
('Context #1','3D Context with UNIT and UNCERTAINTY') );
#1395 = ( LENGTH_UNIT() NAMED_UNIT(*) SI_UNIT(.MILLI.,.METRE.) );
#1396 = ( NAMED_UNIT(*) PLANE_ANGLE_UNIT() SI_UNIT($,.RADIAN.) );
#1397 = ( NAMED_UNIT(*) SI_UNIT($,.STERADIAN.) SOLID_ANGLE_UNIT() );
#1398 = UNCERTAINTY_MEASURE_WITH_UNIT(LENGTH_MEASURE(1.E-07),#1395,
  'distance_accuracy_value','confusion accuracy');
#1399 = CONTEXT_DEPENDENT_SHAPE_REPRESENTATION(#1400,#1402);
#1400 = ( REPRESENTATION_RELATIONSHIP('','',#1295,#1272) 
REPRESENTATION_RELATIONSHIP_WITH_TRANSFORMATION(#1401) 
SHAPE_REPRESENTATION_RELATIONSHIP() );
#1401 = ITEM_DEFINED_TRANSFORMATION('','',#11,#1273);
#1402 = PRODUCT_DEFINITION_SHAPE('Placement','Placement of an item',
  #1403);
#1403 = NEXT_ASSEMBLY_USAGE_OCCURRENCE('416','=>[0:1:1:7]','',#1267,
  #1290,$);
#1404 = PRODUCT_RELATED_PRODUCT_CATEGORY('part',$,(#1292));
#1405 = SHAPE_DEFINITION_REPRESENTATION(#1406,#1412);
#1406 = PRODUCT_DEFINITION_SHAPE('','',#1407);
#1407 = PRODUCT_DEFINITION('design','',#1408,#1411);
#1408 = PRODUCT_DEFINITION_FORMATION('','',#1409);
#1409 = PRODUCT('left_finger_01_base_knuckle',
  'left_finger_01_base_knuckle','',(#1410));
#1410 = PRODUCT_CONTEXT('',#2,'mechanical');
#1411 = PRODUCT_DEFINITION_CONTEXT('part definition',#2,'design');
#1412 = SHAPE_REPRESENTATION('',(#11,#1413),#1417);
#1413 = AXIS2_PLACEMENT_3D('',#1414,#1415,#1416);
#1414 = CARTESIAN_POINT('',(0.,0.,0.));
#1415 = DIRECTION('',(0.,0.,1.));
#1416 = DIRECTION('',(1.,0.,0.));
#1417 = ( GEOMETRIC_REPRESENTATION_CONTEXT(3) 
GLOBAL_UNCERTAINTY_ASSIGNED_CONTEXT((#1421)) 
GLOBAL_UNIT_ASSIGNED_CONTEXT((#1418,#1419,#1420)) REPRESENTATION_CONTEXT
('Context #1','3D Context with UNIT and UNCERTAINTY') );
#1418 = ( LENGTH_UNIT() NAMED_UNIT(*) SI_UNIT(.MILLI.,.METRE.) );
#1419 = ( NAMED_UNIT(*) PLANE_ANGLE_UNIT() SI_UNIT($,.RADIAN.) );
#1420 = ( NAMED_UNIT(*) SI_UNIT($,.STERADIAN.) SOLID_ANGLE_UNIT() );
#1421 = UNCERTAINTY_MEASURE_WITH_UNIT(LENGTH_MEASURE(1.E-07),#1418,
  'distance_accuracy_value','confusion accuracy');
#1422 = CONTEXT_DEPENDENT_SHAPE_REPRESENTATION(#1423,#1425);
#1423 = ( REPRESENTATION_RELATIONSHIP('','',#1412,#10) 
REPRESENTATION_RELATIONSHIP_WITH_TRANSFORMATION(#1424) 
SHAPE_REPRESENTATION_RELATIONSHIP() );
#1424 = ITEM_DEFINED_TRANSFORMATION('','',#11,#27);
#1425 = PRODUCT_DEFINITION_SHAPE('Placement','Placement of an item',
  #1426);
#1426 = NEXT_ASSEMBLY_USAGE_OCCURRENCE('419','=>[0:1:1:8]','',#5,#1407,$
  );
#1427 = PRODUCT_RELATED_PRODUCT_CATEGORY('part',$,(#1409));
#1428 = SHAPE_DEFINITION_REPRESENTATION(#1429,#1435);
#1429 = PRODUCT_DEFINITION_SHAPE('','',#1430);
#1430 = PRODUCT_DEFINITION('design','',#1431,#1434);
#1431 = PRODUCT_DEFINITION_FORMATION('','',#1432);
#1432 = PRODUCT('SOLID','SOLID','',(#1433));
#1433 = PRODUCT_CONTEXT('',#2,'mechanical');
#1434 = PRODUCT_DEFINITION_CONTEXT('part definition',#2,'design');
#1435 = ADVANCED_BREP_SHAPE_REPRESENTATION('',(#11,#1436),#1448);
#1436 = MANIFOLD_SOLID_BREP('',#1437);
#1437 = CLOSED_SHELL('',(#1438));
#1438 = ADVANCED_FACE('',(#1439),#1443,.T.);
#1439 = FACE_BOUND('',#1440,.T.);
#1440 = VERTEX_LOOP('',#1441);
#1441 = VERTEX_POINT('',#1442);
#1442 = CARTESIAN_POINT('',(3.429011037613E-16,-8.398654782906E-32,-5.6)
  );
#1443 = SPHERICAL_SURFACE('',#1444,5.6);
#1444 = AXIS2_PLACEMENT_3D('',#1445,#1446,#1447);
#1445 = CARTESIAN_POINT('',(0.,0.,0.));
#1446 = DIRECTION('',(0.,0.,1.));
#1447 = DIRECTION('',(1.,0.,-0.));
#1448 = ( GEOMETRIC_REPRESENTATION_CONTEXT(3) 
GLOBAL_UNCERTAINTY_ASSIGNED_CONTEXT((#1452)) 
GLOBAL_UNIT_ASSIGNED_CONTEXT((#1449,#1450,#1451)) REPRESENTATION_CONTEXT
('Context #1','3D Context with UNIT and UNCERTAINTY') );
#1449 = ( LENGTH_UNIT() NAMED_UNIT(*) SI_UNIT(.MILLI.,.METRE.) );
#1450 = ( NAMED_UNIT(*) PLANE_ANGLE_UNIT() SI_UNIT($,.RADIAN.) );
#1451 = ( NAMED_UNIT(*) SI_UNIT($,.STERADIAN.) SOLID_ANGLE_UNIT() );
#1452 = UNCERTAINTY_MEASURE_WITH_UNIT(LENGTH_MEASURE(1.E-07),#1449,
  'distance_accuracy_value','confusion accuracy');
#1453 = CONTEXT_DEPENDENT_SHAPE_REPRESENTATION(#1454,#1456);
#1454 = ( REPRESENTATION_RELATIONSHIP('','',#1435,#1412) 
REPRESENTATION_RELATIONSHIP_WITH_TRANSFORMATION(#1455) 
SHAPE_REPRESENTATION_RELATIONSHIP() );
#1455 = ITEM_DEFINED_TRANSFORMATION('','',#11,#1413);
#1456 = PRODUCT_DEFINITION_SHAPE('Placement','Placement of an item',
  #1457);
#1457 = NEXT_ASSEMBLY_USAGE_OCCURRENCE('418','=>[0:1:1:9]','',#1407,
  #1430,$);
#1458 = PRODUCT_RELATED_PRODUCT_CATEGORY('part',$,(#1432));
#1459 = SHAPE_DEFINITION_REPRESENTATION(#1460,#1466);
#1460 = PRODUCT_DEFINITION_SHAPE('','',#1461);
#1461 = PRODUCT_DEFINITION('design','',#1462,#1465);
#1462 = PRODUCT_DEFINITION_FORMATION('','',#1463);
#1463 = PRODUCT('left_finger_01_proximal_link',
  'left_finger_01_proximal_link','',(#1464));
#1464 = PRODUCT_CONTEXT('',#2,'mechanical');
#1465 = PRODUCT_DEFINITION_CONTEXT('part definition',#2,'design');
#1466 = SHAPE_REPRESENTATION('',(#11,#1467),#1471);
#1467 = AXIS2_PLACEMENT_3D('',#1468,#1469,#1470);
#1468 = CARTESIAN_POINT('',(0.,0.,-13.96388198174));
#1469 = DIRECTION('',(0.,0.,1.));
#1470 = DIRECTION('',(1.,0.,0.));
#1471 = ( GEOMETRIC_REPRESENTATION_CONTEXT(3) 
GLOBAL_UNCERTAINTY_ASSIGNED_CONTEXT((#1475)) 
GLOBAL_UNIT_ASSIGNED_CONTEXT((#1472,#1473,#1474)) REPRESENTATION_CONTEXT
('Context #1','3D Context with UNIT and UNCERTAINTY') );
#1472 = ( LENGTH_UNIT() NAMED_UNIT(*) SI_UNIT(.MILLI.,.METRE.) );
#1473 = ( NAMED_UNIT(*) PLANE_ANGLE_UNIT() SI_UNIT($,.RADIAN.) );
#1474 = ( NAMED_UNIT(*) SI_UNIT($,.STERADIAN.) SOLID_ANGLE_UNIT() );
#1475 = UNCERTAINTY_MEASURE_WITH_UNIT(LENGTH_MEASURE(1.E-07),#1472,
  'distance_accuracy_value','confusion accuracy');
#1476 = CONTEXT_DEPENDENT_SHAPE_REPRESENTATION(#1477,#1479);
#1477 = ( REPRESENTATION_RELATIONSHIP('','',#1466,#10) 
REPRESENTATION_RELATIONSHIP_WITH_TRANSFORMATION(#1478) 
SHAPE_REPRESENTATION_RELATIONSHIP() );
#1478 = ITEM_DEFINED_TRANSFORMATION('','',#11,#31);
#1479 = PRODUCT_DEFINITION_SHAPE('Placement','Placement of an item',
  #1480);
#1480 = NEXT_ASSEMBLY_USAGE_OCCURRENCE('421','=>[0:1:1:10]','',#5,#1461,
  $);
#1481 = PRODUCT_RELATED_PRODUCT_CATEGORY('part',$,(#1463));
#1482 = SHAPE_DEFINITION_REPRESENTATION(#1483,#1489);
#1483 = PRODUCT_DEFINITION_SHAPE('','',#1484);
#1484 = PRODUCT_DEFINITION('design','',#1485,#1488);
#1485 = PRODUCT_DEFINITION_FORMATION('','',#1486);
#1486 = PRODUCT('SOLID','SOLID','',(#1487));
#1487 = PRODUCT_CONTEXT('',#2,'mechanical');
#1488 = PRODUCT_DEFINITION_CONTEXT('part definition',#2,'design');
#1489 = ADVANCED_BREP_SHAPE_REPRESENTATION('',(#11,#1490),#1588);
#1490 = MANIFOLD_SOLID_BREP('',#1491);
#1491 = CLOSED_SHELL('',(#1492,#1580,#1584));
#1492 = ADVANCED_FACE('',(#1493),#1506,.T.);
#1493 = FACE_BOUND('',#1494,.T.);
#1494 = EDGE_LOOP('',(#1495,#1529,#1552,#1579));
#1495 = ORIENTED_EDGE('',*,*,#1496,.F.);
#1496 = EDGE_CURVE('',#1497,#1497,#1499,.T.);
#1497 = VERTEX_POINT('',#1498);
#1498 = CARTESIAN_POINT('',(4.4,-1.07768918325E-15,27.927763963483));
#1499 = SURFACE_CURVE('',#1500,(#1505,#1517),.PCURVE_S1.);
#1500 = CIRCLE('',#1501,4.4);
#1501 = AXIS2_PLACEMENT_3D('',#1502,#1503,#1504);
#1502 = CARTESIAN_POINT('',(0.,0.,27.927763963483));
#1503 = DIRECTION('',(0.,0.,1.));
#1504 = DIRECTION('',(1.,0.,-0.));
#1505 = PCURVE('',#1506,#1511);
#1506 = CYLINDRICAL_SURFACE('',#1507,4.4);
#1507 = AXIS2_PLACEMENT_3D('',#1508,#1509,#1510);
#1508 = CARTESIAN_POINT('',(0.,0.,0.));
#1509 = DIRECTION('',(0.,0.,1.));
#1510 = DIRECTION('',(1.,0.,-0.));
#1511 = DEFINITIONAL_REPRESENTATION('',(#1512),#1516);
#1512 = LINE('',#1513,#1514);
#1513 = CARTESIAN_POINT('',(0.,27.927763963483));
#1514 = VECTOR('',#1515,1.);
#1515 = DIRECTION('',(1.,0.));
#1516 = ( GEOMETRIC_REPRESENTATION_CONTEXT(2) 
PARAMETRIC_REPRESENTATION_CONTEXT() REPRESENTATION_CONTEXT('2D SPACE',''
  ) );
#1517 = PCURVE('',#1518,#1523);
#1518 = PLANE('',#1519);
#1519 = AXIS2_PLACEMENT_3D('',#1520,#1521,#1522);
#1520 = CARTESIAN_POINT('',(0.,0.,27.927763963483));
#1521 = DIRECTION('',(0.,0.,1.));
#1522 = DIRECTION('',(1.,0.,-0.));
#1523 = DEFINITIONAL_REPRESENTATION('',(#1524),#1528);
#1524 = CIRCLE('',#1525,4.4);
#1525 = AXIS2_PLACEMENT_2D('',#1526,#1527);
#1526 = CARTESIAN_POINT('',(0.,0.));
#1527 = DIRECTION('',(1.,0.));
#1528 = ( GEOMETRIC_REPRESENTATION_CONTEXT(2) 
PARAMETRIC_REPRESENTATION_CONTEXT() REPRESENTATION_CONTEXT('2D SPACE',''
  ) );
#1529 = ORIENTED_EDGE('',*,*,#1530,.F.);
#1530 = EDGE_CURVE('',#1531,#1497,#1533,.T.);
#1531 = VERTEX_POINT('',#1532);
#1532 = CARTESIAN_POINT('',(4.4,-1.07768918325E-15,0.));
#1533 = SEAM_CURVE('',#1534,(#1538,#1545),.PCURVE_S1.);
#1534 = LINE('',#1535,#1536);
#1535 = CARTESIAN_POINT('',(4.4,-1.07768918325E-15,0.));
#1536 = VECTOR('',#1537,1.);
#1537 = DIRECTION('',(0.,0.,1.));
#1538 = PCURVE('',#1506,#1539);
#1539 = DEFINITIONAL_REPRESENTATION('',(#1540),#1544);
#1540 = LINE('',#1541,#1542);
#1541 = CARTESIAN_POINT('',(6.28318530718,-0.));
#1542 = VECTOR('',#1543,1.);
#1543 = DIRECTION('',(0.,1.));
#1544 = ( GEOMETRIC_REPRESENTATION_CONTEXT(2) 
PARAMETRIC_REPRESENTATION_CONTEXT() REPRESENTATION_CONTEXT('2D SPACE',''
  ) );
#1545 = PCURVE('',#1506,#1546);
#1546 = DEFINITIONAL_REPRESENTATION('',(#1547),#1551);
#1547 = LINE('',#1548,#1549);
#1548 = CARTESIAN_POINT('',(0.,-0.));
#1549 = VECTOR('',#1550,1.);
#1550 = DIRECTION('',(0.,1.));
#1551 = ( GEOMETRIC_REPRESENTATION_CONTEXT(2) 
PARAMETRIC_REPRESENTATION_CONTEXT() REPRESENTATION_CONTEXT('2D SPACE',''
  ) );
#1552 = ORIENTED_EDGE('',*,*,#1553,.T.);
#1553 = EDGE_CURVE('',#1531,#1531,#1554,.T.);
#1554 = SURFACE_CURVE('',#1555,(#1560,#1567),.PCURVE_S1.);
#1555 = CIRCLE('',#1556,4.4);
#1556 = AXIS2_PLACEMENT_3D('',#1557,#1558,#1559);
#1557 = CARTESIAN_POINT('',(0.,0.,0.));
#1558 = DIRECTION('',(0.,0.,1.));
#1559 = DIRECTION('',(1.,0.,-0.));
#1560 = PCURVE('',#1506,#1561);
#1561 = DEFINITIONAL_REPRESENTATION('',(#1562),#1566);
#1562 = LINE('',#1563,#1564);
#1563 = CARTESIAN_POINT('',(0.,0.));
#1564 = VECTOR('',#1565,1.);
#1565 = DIRECTION('',(1.,0.));
#1566 = ( GEOMETRIC_REPRESENTATION_CONTEXT(2) 
PARAMETRIC_REPRESENTATION_CONTEXT() REPRESENTATION_CONTEXT('2D SPACE',''
  ) );
#1567 = PCURVE('',#1568,#1573);
#1568 = PLANE('',#1569);
#1569 = AXIS2_PLACEMENT_3D('',#1570,#1571,#1572);
#1570 = CARTESIAN_POINT('',(0.,0.,0.));
#1571 = DIRECTION('',(0.,0.,1.));
#1572 = DIRECTION('',(1.,0.,-0.));
#1573 = DEFINITIONAL_REPRESENTATION('',(#1574),#1578);
#1574 = CIRCLE('',#1575,4.4);
#1575 = AXIS2_PLACEMENT_2D('',#1576,#1577);
#1576 = CARTESIAN_POINT('',(0.,0.));
#1577 = DIRECTION('',(1.,0.));
#1578 = ( GEOMETRIC_REPRESENTATION_CONTEXT(2) 
PARAMETRIC_REPRESENTATION_CONTEXT() REPRESENTATION_CONTEXT('2D SPACE',''
  ) );
#1579 = ORIENTED_EDGE('',*,*,#1530,.T.);
#1580 = ADVANCED_FACE('',(#1581),#1518,.T.);
#1581 = FACE_BOUND('',#1582,.T.);
#1582 = EDGE_LOOP('',(#1583));
#1583 = ORIENTED_EDGE('',*,*,#1496,.T.);
#1584 = ADVANCED_FACE('',(#1585),#1568,.F.);
#1585 = FACE_BOUND('',#1586,.T.);
#1586 = EDGE_LOOP('',(#1587));
#1587 = ORIENTED_EDGE('',*,*,#1553,.F.);
#1588 = ( GEOMETRIC_REPRESENTATION_CONTEXT(3) 
GLOBAL_UNCERTAINTY_ASSIGNED_CONTEXT((#1592)) 
GLOBAL_UNIT_ASSIGNED_CONTEXT((#1589,#1590,#1591)) REPRESENTATION_CONTEXT
('Context #1','3D Context with UNIT and UNCERTAINTY') );
#1589 = ( LENGTH_UNIT() NAMED_UNIT(*) SI_UNIT(.MILLI.,.METRE.) );
#1590 = ( NAMED_UNIT(*) PLANE_ANGLE_UNIT() SI_UNIT($,.RADIAN.) );
#1591 = ( NAMED_UNIT(*) SI_UNIT($,.STERADIAN.) SOLID_ANGLE_UNIT() );
#1592 = UNCERTAINTY_MEASURE_WITH_UNIT(LENGTH_MEASURE(1.E-07),#1589,
  'distance_accuracy_value','confusion accuracy');
#1593 = CONTEXT_DEPENDENT_SHAPE_REPRESENTATION(#1594,#1596);
#1594 = ( REPRESENTATION_RELATIONSHIP('','',#1489,#1466) 
REPRESENTATION_RELATIONSHIP_WITH_TRANSFORMATION(#1595) 
SHAPE_REPRESENTATION_RELATIONSHIP() );
#1595 = ITEM_DEFINED_TRANSFORMATION('','',#11,#1467);
#1596 = PRODUCT_DEFINITION_SHAPE('Placement','Placement of an item',
  #1597);
#1597 = NEXT_ASSEMBLY_USAGE_OCCURRENCE('420','=>[0:1:1:11]','',#1461,
  #1484,$);
#1598 = PRODUCT_RELATED_PRODUCT_CATEGORY('part',$,(#1486));
#1599 = SHAPE_DEFINITION_REPRESENTATION(#1600,#1606);
#1600 = PRODUCT_DEFINITION_SHAPE('','',#1601);
#1601 = PRODUCT_DEFINITION('design','',#1602,#1605);
#1602 = PRODUCT_DEFINITION_FORMATION('','',#1603);
#1603 = PRODUCT('left_finger_01_middle_link',
  'left_finger_01_middle_link','',(#1604));
#1604 = PRODUCT_CONTEXT('',#2,'mechanical');
#1605 = PRODUCT_DEFINITION_CONTEXT('part definition',#2,'design');
#1606 = SHAPE_REPRESENTATION('',(#11,#1607),#1611);
#1607 = AXIS2_PLACEMENT_3D('',#1608,#1609,#1610);
#1608 = CARTESIAN_POINT('',(0.,0.,-12.26998370007));
#1609 = DIRECTION('',(0.,0.,1.));
#1610 = DIRECTION('',(1.,0.,0.));
#1611 = ( GEOMETRIC_REPRESENTATION_CONTEXT(3) 
GLOBAL_UNCERTAINTY_ASSIGNED_CONTEXT((#1615)) 
GLOBAL_UNIT_ASSIGNED_CONTEXT((#1612,#1613,#1614)) REPRESENTATION_CONTEXT
('Context #1','3D Context with UNIT and UNCERTAINTY') );
#1612 = ( LENGTH_UNIT() NAMED_UNIT(*) SI_UNIT(.MILLI.,.METRE.) );
#1613 = ( NAMED_UNIT(*) PLANE_ANGLE_UNIT() SI_UNIT($,.RADIAN.) );
#1614 = ( NAMED_UNIT(*) SI_UNIT($,.STERADIAN.) SOLID_ANGLE_UNIT() );
#1615 = UNCERTAINTY_MEASURE_WITH_UNIT(LENGTH_MEASURE(1.E-07),#1612,
  'distance_accuracy_value','confusion accuracy');
#1616 = CONTEXT_DEPENDENT_SHAPE_REPRESENTATION(#1617,#1619);
#1617 = ( REPRESENTATION_RELATIONSHIP('','',#1606,#10) 
REPRESENTATION_RELATIONSHIP_WITH_TRANSFORMATION(#1618) 
SHAPE_REPRESENTATION_RELATIONSHIP() );
#1618 = ITEM_DEFINED_TRANSFORMATION('','',#11,#35);
#1619 = PRODUCT_DEFINITION_SHAPE('Placement','Placement of an item',
  #1620);
#1620 = NEXT_ASSEMBLY_USAGE_OCCURRENCE('423','=>[0:1:1:12]','',#5,#1601,
  $);
#1621 = PRODUCT_RELATED_PRODUCT_CATEGORY('part',$,(#1603));
#1622 = SHAPE_DEFINITION_REPRESENTATION(#1623,#1629);
#1623 = PRODUCT_DEFINITION_SHAPE('','',#1624);
#1624 = PRODUCT_DEFINITION('design','',#1625,#1628);
#1625 = PRODUCT_DEFINITION_FORMATION('','',#1626);
#1626 = PRODUCT('SOLID','SOLID','',(#1627));
#1627 = PRODUCT_CONTEXT('',#2,'mechanical');
#1628 = PRODUCT_DEFINITION_CONTEXT('part definition',#2,'design');
#1629 = ADVANCED_BREP_SHAPE_REPRESENTATION('',(#11,#1630),#1728);
#1630 = MANIFOLD_SOLID_BREP('',#1631);
#1631 = CLOSED_SHELL('',(#1632,#1720,#1724));
#1632 = ADVANCED_FACE('',(#1633),#1646,.T.);
#1633 = FACE_BOUND('',#1634,.T.);
#1634 = EDGE_LOOP('',(#1635,#1669,#1692,#1719));
#1635 = ORIENTED_EDGE('',*,*,#1636,.F.);
#1636 = EDGE_CURVE('',#1637,#1637,#1639,.T.);
#1637 = VERTEX_POINT('',#1638);
#1638 = CARTESIAN_POINT('',(3.8,-9.30731567352E-16,24.539967400141));
#1639 = SURFACE_CURVE('',#1640,(#1645,#1657),.PCURVE_S1.);
#1640 = CIRCLE('',#1641,3.8);
#1641 = AXIS2_PLACEMENT_3D('',#1642,#1643,#1644);
#1642 = CARTESIAN_POINT('',(0.,0.,24.539967400141));
#1643 = DIRECTION('',(0.,0.,1.));
#1644 = DIRECTION('',(1.,0.,-0.));
#1645 = PCURVE('',#1646,#1651);
#1646 = CYLINDRICAL_SURFACE('',#1647,3.8);
#1647 = AXIS2_PLACEMENT_3D('',#1648,#1649,#1650);
#1648 = CARTESIAN_POINT('',(0.,0.,0.));
#1649 = DIRECTION('',(0.,0.,1.));
#1650 = DIRECTION('',(1.,0.,-0.));
#1651 = DEFINITIONAL_REPRESENTATION('',(#1652),#1656);
#1652 = LINE('',#1653,#1654);
#1653 = CARTESIAN_POINT('',(0.,24.539967400141));
#1654 = VECTOR('',#1655,1.);
#1655 = DIRECTION('',(1.,0.));
#1656 = ( GEOMETRIC_REPRESENTATION_CONTEXT(2) 
PARAMETRIC_REPRESENTATION_CONTEXT() REPRESENTATION_CONTEXT('2D SPACE',''
  ) );
#1657 = PCURVE('',#1658,#1663);
#1658 = PLANE('',#1659);
#1659 = AXIS2_PLACEMENT_3D('',#1660,#1661,#1662);
#1660 = CARTESIAN_POINT('',(0.,0.,24.539967400141));
#1661 = DIRECTION('',(0.,0.,1.));
#1662 = DIRECTION('',(1.,0.,-0.));
#1663 = DEFINITIONAL_REPRESENTATION('',(#1664),#1668);
#1664 = CIRCLE('',#1665,3.8);
#1665 = AXIS2_PLACEMENT_2D('',#1666,#1667);
#1666 = CARTESIAN_POINT('',(0.,0.));
#1667 = DIRECTION('',(1.,0.));
#1668 = ( GEOMETRIC_REPRESENTATION_CONTEXT(2) 
PARAMETRIC_REPRESENTATION_CONTEXT() REPRESENTATION_CONTEXT('2D SPACE',''
  ) );
#1669 = ORIENTED_EDGE('',*,*,#1670,.F.);
#1670 = EDGE_CURVE('',#1671,#1637,#1673,.T.);
#1671 = VERTEX_POINT('',#1672);
#1672 = CARTESIAN_POINT('',(3.8,-9.30731567352E-16,0.));
#1673 = SEAM_CURVE('',#1674,(#1678,#1685),.PCURVE_S1.);
#1674 = LINE('',#1675,#1676);
#1675 = CARTESIAN_POINT('',(3.8,-9.30731567352E-16,0.));
#1676 = VECTOR('',#1677,1.);
#1677 = DIRECTION('',(0.,0.,1.));
#1678 = PCURVE('',#1646,#1679);
#1679 = DEFINITIONAL_REPRESENTATION('',(#1680),#1684);
#1680 = LINE('',#1681,#1682);
#1681 = CARTESIAN_POINT('',(6.28318530718,-0.));
#1682 = VECTOR('',#1683,1.);
#1683 = DIRECTION('',(0.,1.));
#1684 = ( GEOMETRIC_REPRESENTATION_CONTEXT(2) 
PARAMETRIC_REPRESENTATION_CONTEXT() REPRESENTATION_CONTEXT('2D SPACE',''
  ) );
#1685 = PCURVE('',#1646,#1686);
#1686 = DEFINITIONAL_REPRESENTATION('',(#1687),#1691);
#1687 = LINE('',#1688,#1689);
#1688 = CARTESIAN_POINT('',(0.,-0.));
#1689 = VECTOR('',#1690,1.);
#1690 = DIRECTION('',(0.,1.));
#1691 = ( GEOMETRIC_REPRESENTATION_CONTEXT(2) 
PARAMETRIC_REPRESENTATION_CONTEXT() REPRESENTATION_CONTEXT('2D SPACE',''
  ) );
#1692 = ORIENTED_EDGE('',*,*,#1693,.T.);
#1693 = EDGE_CURVE('',#1671,#1671,#1694,.T.);
#1694 = SURFACE_CURVE('',#1695,(#1700,#1707),.PCURVE_S1.);
#1695 = CIRCLE('',#1696,3.8);
#1696 = AXIS2_PLACEMENT_3D('',#1697,#1698,#1699);
#1697 = CARTESIAN_POINT('',(0.,0.,0.));
#1698 = DIRECTION('',(0.,0.,1.));
#1699 = DIRECTION('',(1.,0.,-0.));
#1700 = PCURVE('',#1646,#1701);
#1701 = DEFINITIONAL_REPRESENTATION('',(#1702),#1706);
#1702 = LINE('',#1703,#1704);
#1703 = CARTESIAN_POINT('',(0.,0.));
#1704 = VECTOR('',#1705,1.);
#1705 = DIRECTION('',(1.,0.));
#1706 = ( GEOMETRIC_REPRESENTATION_CONTEXT(2) 
PARAMETRIC_REPRESENTATION_CONTEXT() REPRESENTATION_CONTEXT('2D SPACE',''
  ) );
#1707 = PCURVE('',#1708,#1713);
#1708 = PLANE('',#1709);
#1709 = AXIS2_PLACEMENT_3D('',#1710,#1711,#1712);
#1710 = CARTESIAN_POINT('',(0.,0.,0.));
#1711 = DIRECTION('',(0.,0.,1.));
#1712 = DIRECTION('',(1.,0.,-0.));
#1713 = DEFINITIONAL_REPRESENTATION('',(#1714),#1718);
#1714 = CIRCLE('',#1715,3.8);
#1715 = AXIS2_PLACEMENT_2D('',#1716,#1717);
#1716 = CARTESIAN_POINT('',(0.,0.));
#1717 = DIRECTION('',(1.,0.));
#1718 = ( GEOMETRIC_REPRESENTATION_CONTEXT(2) 
PARAMETRIC_REPRESENTATION_CONTEXT() REPRESENTATION_CONTEXT('2D SPACE',''
  ) );
#1719 = ORIENTED_EDGE('',*,*,#1670,.T.);
#1720 = ADVANCED_FACE('',(#1721),#1658,.T.);
#1721 = FACE_BOUND('',#1722,.T.);
#1722 = EDGE_LOOP('',(#1723));
#1723 = ORIENTED_EDGE('',*,*,#1636,.T.);
#1724 = ADVANCED_FACE('',(#1725),#1708,.F.);
#1725 = FACE_BOUND('',#1726,.T.);
#1726 = EDGE_LOOP('',(#1727));
#1727 = ORIENTED_EDGE('',*,*,#1693,.F.);
#1728 = ( GEOMETRIC_REPRESENTATION_CONTEXT(3) 
GLOBAL_UNCERTAINTY_ASSIGNED_CONTEXT((#1732)) 
GLOBAL_UNIT_ASSIGNED_CONTEXT((#1729,#1730,#1731)) REPRESENTATION_CONTEXT
('Context #1','3D Context with UNIT and UNCERTAINTY') );
#1729 = ( LENGTH_UNIT() NAMED_UNIT(*) SI_UNIT(.MILLI.,.METRE.) );
#1730 = ( NAMED_UNIT(*) PLANE_ANGLE_UNIT() SI_UNIT($,.RADIAN.) );
#1731 = ( NAMED_UNIT(*) SI_UNIT($,.STERADIAN.) SOLID_ANGLE_UNIT() );
#1732 = UNCERTAINTY_MEASURE_WITH_UNIT(LENGTH_MEASURE(1.E-07),#1729,
  'distance_accuracy_value','confusion accuracy');
#1733 = CONTEXT_DEPENDENT_SHAPE_REPRESENTATION(#1734,#1736);
#1734 = ( REPRESENTATION_RELATIONSHIP('','',#1629,#1606) 
REPRESENTATION_RELATIONSHIP_WITH_TRANSFORMATION(#1735) 
SHAPE_REPRESENTATION_RELATIONSHIP() );
#1735 = ITEM_DEFINED_TRANSFORMATION('','',#11,#1607);
#1736 = PRODUCT_DEFINITION_SHAPE('Placement','Placement of an item',
  #1737);
#1737 = NEXT_ASSEMBLY_USAGE_OCCURRENCE('422','=>[0:1:1:13]','',#1601,
  #1624,$);
#1738 = PRODUCT_RELATED_PRODUCT_CATEGORY('part',$,(#1626));
#1739 = SHAPE_DEFINITION_REPRESENTATION(#1740,#1746);
#1740 = PRODUCT_DEFINITION_SHAPE('','',#1741);
#1741 = PRODUCT_DEFINITION('design','',#1742,#1745);
#1742 = PRODUCT_DEFINITION_FORMATION('','',#1743);
#1743 = PRODUCT('left_finger_01_distal_link',
  'left_finger_01_distal_link','',(#1744));
#1744 = PRODUCT_CONTEXT('',#2,'mechanical');
#1745 = PRODUCT_DEFINITION_CONTEXT('part definition',#2,'design');
#1746 = SHAPE_REPRESENTATION('',(#11,#1747),#1751);
#1747 = AXIS2_PLACEMENT_3D('',#1748,#1749,#1750);
#1748 = CARTESIAN_POINT('',(0.,0.,-10.12188223602));
#1749 = DIRECTION('',(0.,0.,1.));
#1750 = DIRECTION('',(1.,0.,0.));
#1751 = ( GEOMETRIC_REPRESENTATION_CONTEXT(3) 
GLOBAL_UNCERTAINTY_ASSIGNED_CONTEXT((#1755)) 
GLOBAL_UNIT_ASSIGNED_CONTEXT((#1752,#1753,#1754)) REPRESENTATION_CONTEXT
('Context #1','3D Context with UNIT and UNCERTAINTY') );
#1752 = ( LENGTH_UNIT() NAMED_UNIT(*) SI_UNIT(.MILLI.,.METRE.) );
#1753 = ( NAMED_UNIT(*) PLANE_ANGLE_UNIT() SI_UNIT($,.RADIAN.) );
#1754 = ( NAMED_UNIT(*) SI_UNIT($,.STERADIAN.) SOLID_ANGLE_UNIT() );
#1755 = UNCERTAINTY_MEASURE_WITH_UNIT(LENGTH_MEASURE(1.E-07),#1752,
  'distance_accuracy_value','confusion accuracy');
#1756 = CONTEXT_DEPENDENT_SHAPE_REPRESENTATION(#1757,#1759);
#1757 = ( REPRESENTATION_RELATIONSHIP('','',#1746,#10) 
REPRESENTATION_RELATIONSHIP_WITH_TRANSFORMATION(#1758) 
SHAPE_REPRESENTATION_RELATIONSHIP() );
#1758 = ITEM_DEFINED_TRANSFORMATION('','',#11,#39);
#1759 = PRODUCT_DEFINITION_SHAPE('Placement','Placement of an item',
  #1760);
#1760 = NEXT_ASSEMBLY_USAGE_OCCURRENCE('425','=>[0:1:1:14]','',#5,#1741,
  $);
#1761 = PRODUCT_RELATED_PRODUCT_CATEGORY('part',$,(#1743));
#1762 = SHAPE_DEFINITION_REPRESENTATION(#1763,#1769);
#1763 = PRODUCT_DEFINITION_SHAPE('','',#1764);
#1764 = PRODUCT_DEFINITION('design','',#1765,#1768);
#1765 = PRODUCT_DEFINITION_FORMATION('','',#1766);
#1766 = PRODUCT('SOLID','SOLID','',(#1767));
#1767 = PRODUCT_CONTEXT('',#2,'mechanical');
#1768 = PRODUCT_DEFINITION_CONTEXT('part definition',#2,'design');
#1769 = ADVANCED_BREP_SHAPE_REPRESENTATION('',(#11,#1770),#1868);
#1770 = MANIFOLD_SOLID_BREP('',#1771);
#1771 = CLOSED_SHELL('',(#1772,#1860,#1864));
#1772 = ADVANCED_FACE('',(#1773),#1786,.T.);
#1773 = FACE_BOUND('',#1774,.T.);
#1774 = EDGE_LOOP('',(#1775,#1809,#1832,#1859));
#1775 = ORIENTED_EDGE('',*,*,#1776,.F.);
#1776 = EDGE_CURVE('',#1777,#1777,#1779,.T.);
#1777 = VERTEX_POINT('',#1778);
#1778 = CARTESIAN_POINT('',(3.2,-7.837739514543E-16,20.243764472054));
#1779 = SURFACE_CURVE('',#1780,(#1785,#1797),.PCURVE_S1.);
#1780 = CIRCLE('',#1781,3.2);
#1781 = AXIS2_PLACEMENT_3D('',#1782,#1783,#1784);
#1782 = CARTESIAN_POINT('',(0.,0.,20.243764472054));
#1783 = DIRECTION('',(0.,0.,1.));
#1784 = DIRECTION('',(1.,0.,-0.));
#1785 = PCURVE('',#1786,#1791);
#1786 = CYLINDRICAL_SURFACE('',#1787,3.2);
#1787 = AXIS2_PLACEMENT_3D('',#1788,#1789,#1790);
#1788 = CARTESIAN_POINT('',(0.,0.,0.));
#1789 = DIRECTION('',(0.,0.,1.));
#1790 = DIRECTION('',(1.,0.,-0.));
#1791 = DEFINITIONAL_REPRESENTATION('',(#1792),#1796);
#1792 = LINE('',#1793,#1794);
#1793 = CARTESIAN_POINT('',(0.,20.243764472054));
#1794 = VECTOR('',#1795,1.);
#1795 = DIRECTION('',(1.,0.));
#1796 = ( GEOMETRIC_REPRESENTATION_CONTEXT(2) 
PARAMETRIC_REPRESENTATION_CONTEXT() REPRESENTATION_CONTEXT('2D SPACE',''
  ) );
#1797 = PCURVE('',#1798,#1803);
#1798 = PLANE('',#1799);
#1799 = AXIS2_PLACEMENT_3D('',#1800,#1801,#1802);
#1800 = CARTESIAN_POINT('',(0.,0.,20.243764472054));
#1801 = DIRECTION('',(0.,0.,1.));
#1802 = DIRECTION('',(1.,0.,-0.));
#1803 = DEFINITIONAL_REPRESENTATION('',(#1804),#1808);
#1804 = CIRCLE('',#1805,3.2);
#1805 = AXIS2_PLACEMENT_2D('',#1806,#1807);
#1806 = CARTESIAN_POINT('',(0.,0.));
#1807 = DIRECTION('',(1.,0.));
#1808 = ( GEOMETRIC_REPRESENTATION_CONTEXT(2) 
PARAMETRIC_REPRESENTATION_CONTEXT() REPRESENTATION_CONTEXT('2D SPACE',''
  ) );
#1809 = ORIENTED_EDGE('',*,*,#1810,.F.);
#1810 = EDGE_CURVE('',#1811,#1777,#1813,.T.);
#1811 = VERTEX_POINT('',#1812);
#1812 = CARTESIAN_POINT('',(3.2,-7.837739514543E-16,0.));
#1813 = SEAM_CURVE('',#1814,(#1818,#1825),.PCURVE_S1.);
#1814 = LINE('',#1815,#1816);
#1815 = CARTESIAN_POINT('',(3.2,-7.837739514543E-16,0.));
#1816 = VECTOR('',#1817,1.);
#1817 = DIRECTION('',(0.,0.,1.));
#1818 = PCURVE('',#1786,#1819);
#1819 = DEFINITIONAL_REPRESENTATION('',(#1820),#1824);
#1820 = LINE('',#1821,#1822);
#1821 = CARTESIAN_POINT('',(6.28318530718,-0.));
#1822 = VECTOR('',#1823,1.);
#1823 = DIRECTION('',(0.,1.));
#1824 = ( GEOMETRIC_REPRESENTATION_CONTEXT(2) 
PARAMETRIC_REPRESENTATION_CONTEXT() REPRESENTATION_CONTEXT('2D SPACE',''
  ) );
#1825 = PCURVE('',#1786,#1826);
#1826 = DEFINITIONAL_REPRESENTATION('',(#1827),#1831);
#1827 = LINE('',#1828,#1829);
#1828 = CARTESIAN_POINT('',(0.,-0.));
#1829 = VECTOR('',#1830,1.);
#1830 = DIRECTION('',(0.,1.));
#1831 = ( GEOMETRIC_REPRESENTATION_CONTEXT(2) 
PARAMETRIC_REPRESENTATION_CONTEXT() REPRESENTATION_CONTEXT('2D SPACE',''
  ) );
#1832 = ORIENTED_EDGE('',*,*,#1833,.T.);
#1833 = EDGE_CURVE('',#1811,#1811,#1834,.T.);
#1834 = SURFACE_CURVE('',#1835,(#1840,#1847),.PCURVE_S1.);
#1835 = CIRCLE('',#1836,3.2);
#1836 = AXIS2_PLACEMENT_3D('',#1837,#1838,#1839);
#1837 = CARTESIAN_POINT('',(0.,0.,0.));
#1838 = DIRECTION('',(0.,0.,1.));
#1839 = DIRECTION('',(1.,0.,-0.));
#1840 = PCURVE('',#1786,#1841);
#1841 = DEFINITIONAL_REPRESENTATION('',(#1842),#1846);
#1842 = LINE('',#1843,#1844);
#1843 = CARTESIAN_POINT('',(0.,0.));
#1844 = VECTOR('',#1845,1.);
#1845 = DIRECTION('',(1.,0.));
#1846 = ( GEOMETRIC_REPRESENTATION_CONTEXT(2) 
PARAMETRIC_REPRESENTATION_CONTEXT() REPRESENTATION_CONTEXT('2D SPACE',''
  ) );
#1847 = PCURVE('',#1848,#1853);
#1848 = PLANE('',#1849);
#1849 = AXIS2_PLACEMENT_3D('',#1850,#1851,#1852);
#1850 = CARTESIAN_POINT('',(0.,0.,0.));
#1851 = DIRECTION('',(0.,0.,1.));
#1852 = DIRECTION('',(1.,0.,-0.));
#1853 = DEFINITIONAL_REPRESENTATION('',(#1854),#1858);
#1854 = CIRCLE('',#1855,3.2);
#1855 = AXIS2_PLACEMENT_2D('',#1856,#1857);
#1856 = CARTESIAN_POINT('',(0.,0.));
#1857 = DIRECTION('',(1.,0.));
#1858 = ( GEOMETRIC_REPRESENTATION_CONTEXT(2) 
PARAMETRIC_REPRESENTATION_CONTEXT() REPRESENTATION_CONTEXT('2D SPACE',''
  ) );
#1859 = ORIENTED_EDGE('',*,*,#1810,.T.);
#1860 = ADVANCED_FACE('',(#1861),#1798,.T.);
#1861 = FACE_BOUND('',#1862,.T.);
#1862 = EDGE_LOOP('',(#1863));
#1863 = ORIENTED_EDGE('',*,*,#1776,.T.);
#1864 = ADVANCED_FACE('',(#1865),#1848,.F.);
#1865 = FACE_BOUND('',#1866,.T.);
#1866 = EDGE_LOOP('',(#1867));
#1867 = ORIENTED_EDGE('',*,*,#1833,.F.);
#1868 = ( GEOMETRIC_REPRESENTATION_CONTEXT(3) 
GLOBAL_UNCERTAINTY_ASSIGNED_CONTEXT((#1872)) 
GLOBAL_UNIT_ASSIGNED_CONTEXT((#1869,#1870,#1871)) REPRESENTATION_CONTEXT
('Context #1','3D Context with UNIT and UNCERTAINTY') );
#1869 = ( LENGTH_UNIT() NAMED_UNIT(*) SI_UNIT(.MILLI.,.METRE.) );
#1870 = ( NAMED_UNIT(*) PLANE_ANGLE_UNIT() SI_UNIT($,.RADIAN.) );
#1871 = ( NAMED_UNIT(*) SI_UNIT($,.STERADIAN.) SOLID_ANGLE_UNIT() );
#1872 = UNCERTAINTY_MEASURE_WITH_UNIT(LENGTH_MEASURE(1.E-07),#1869,
  'distance_accuracy_value','confusion accuracy');
#1873 = CONTEXT_DEPENDENT_SHAPE_REPRESENTATION(#1874,#1876);
#1874 = ( REPRESENTATION_RELATIONSHIP('','',#1769,#1746) 
REPRESENTATION_RELATIONSHIP_WITH_TRANSFORMATION(#1875) 
SHAPE_REPRESENTATION_RELATIONSHIP() );
#1875 = ITEM_DEFINED_TRANSFORMATION('','',#11,#1747);
#1876 = PRODUCT_DEFINITION_SHAPE('Placement','Placement of an item',
  #1877);
#1877 = NEXT_ASSEMBLY_USAGE_OCCURRENCE('424','=>[0:1:1:15]','',#1741,
  #1764,$);
#1878 = PRODUCT_RELATED_PRODUCT_CATEGORY('part',$,(#1766));
#1879 = SHAPE_DEFINITION_REPRESENTATION(#1880,#1886);
#1880 = PRODUCT_DEFINITION_SHAPE('','',#1881);
#1881 = PRODUCT_DEFINITION('design','',#1882,#1885);
#1882 = PRODUCT_DEFINITION_FORMATION('','',#1883);
#1883 = PRODUCT('left_finger_01_middle_knuckle',
  'left_finger_01_middle_knuckle','',(#1884));
#1884 = PRODUCT_CONTEXT('',#2,'mechanical');
#1885 = PRODUCT_DEFINITION_CONTEXT('part definition',#2,'design');
#1886 = SHAPE_REPRESENTATION('',(#11,#1887),#1891);
#1887 = AXIS2_PLACEMENT_3D('',#1888,#1889,#1890);
#1888 = CARTESIAN_POINT('',(0.,0.,0.));
#1889 = DIRECTION('',(0.,0.,1.));
#1890 = DIRECTION('',(1.,0.,0.));
#1891 = ( GEOMETRIC_REPRESENTATION_CONTEXT(3) 
GLOBAL_UNCERTAINTY_ASSIGNED_CONTEXT((#1895)) 
GLOBAL_UNIT_ASSIGNED_CONTEXT((#1892,#1893,#1894)) REPRESENTATION_CONTEXT
('Context #1','3D Context with UNIT and UNCERTAINTY') );
#1892 = ( LENGTH_UNIT() NAMED_UNIT(*) SI_UNIT(.MILLI.,.METRE.) );
#1893 = ( NAMED_UNIT(*) PLANE_ANGLE_UNIT() SI_UNIT($,.RADIAN.) );
#1894 = ( NAMED_UNIT(*) SI_UNIT($,.STERADIAN.) SOLID_ANGLE_UNIT() );
#1895 = UNCERTAINTY_MEASURE_WITH_UNIT(LENGTH_MEASURE(1.E-07),#1892,
  'distance_accuracy_value','confusion accuracy');
#1896 = CONTEXT_DEPENDENT_SHAPE_REPRESENTATION(#1897,#1899);
#1897 = ( REPRESENTATION_RELATIONSHIP('','',#1886,#10) 
REPRESENTATION_RELATIONSHIP_WITH_TRANSFORMATION(#1898) 
SHAPE_REPRESENTATION_RELATIONSHIP() );
#1898 = ITEM_DEFINED_TRANSFORMATION('','',#11,#43);
#1899 = PRODUCT_DEFINITION_SHAPE('Placement','Placement of an item',
  #1900);
#1900 = NEXT_ASSEMBLY_USAGE_OCCURRENCE('427','=>[0:1:1:16]','',#5,#1881,
  $);
#1901 = PRODUCT_RELATED_PRODUCT_CATEGORY('part',$,(#1883));
#1902 = SHAPE_DEFINITION_REPRESENTATION(#1903,#1909);
#1903 = PRODUCT_DEFINITION_SHAPE('','',#1904);
#1904 = PRODUCT_DEFINITION('design','',#1905,#1908);
#1905 = PRODUCT_DEFINITION_FORMATION('','',#1906);
#1906 = PRODUCT('SOLID','SOLID','',(#1907));
#1907 = PRODUCT_CONTEXT('',#2,'mechanical');
#1908 = PRODUCT_DEFINITION_CONTEXT('part definition',#2,'design');
#1909 = ADVANCED_BREP_SHAPE_REPRESENTATION('',(#11,#1910),#1922);
#1910 = MANIFOLD_SOLID_BREP('',#1911);
#1911 = CLOSED_SHELL('',(#1912));
#1912 = ADVANCED_FACE('',(#1913),#1917,.T.);
#1913 = FACE_BOUND('',#1914,.T.);
#1914 = VERTEX_LOOP('',#1915);
#1915 = VERTEX_POINT('',#1916);
#1916 = CARTESIAN_POINT('',(3.184081677783E-16,-7.798750869842E-32,-5.2)
  );
#1917 = SPHERICAL_SURFACE('',#1918,5.2);
#1918 = AXIS2_PLACEMENT_3D('',#1919,#1920,#1921);
#1919 = CARTESIAN_POINT('',(0.,0.,0.));
#1920 = DIRECTION('',(0.,0.,1.));
#1921 = DIRECTION('',(1.,0.,-0.));
#1922 = ( GEOMETRIC_REPRESENTATION_CONTEXT(3) 
GLOBAL_UNCERTAINTY_ASSIGNED_CONTEXT((#1926)) 
GLOBAL_UNIT_ASSIGNED_CONTEXT((#1923,#1924,#1925)) REPRESENTATION_CONTEXT
('Context #1','3D Context with UNIT and UNCERTAINTY') );
#1923 = ( LENGTH_UNIT() NAMED_UNIT(*) SI_UNIT(.MILLI.,.METRE.) );
#1924 = ( NAMED_UNIT(*) PLANE_ANGLE_UNIT() SI_UNIT($,.RADIAN.) );
#1925 = ( NAMED_UNIT(*) SI_UNIT($,.STERADIAN.) SOLID_ANGLE_UNIT() );
#1926 = UNCERTAINTY_MEASURE_WITH_UNIT(LENGTH_MEASURE(1.E-07),#1923,
  'distance_accuracy_value','confusion accuracy');
#1927 = CONTEXT_DEPENDENT_SHAPE_REPRESENTATION(#1928,#1930);
#1928 = ( REPRESENTATION_RELATIONSHIP('','',#1909,#1886) 
REPRESENTATION_RELATIONSHIP_WITH_TRANSFORMATION(#1929) 
SHAPE_REPRESENTATION_RELATIONSHIP() );
#1929 = ITEM_DEFINED_TRANSFORMATION('','',#11,#1887);
#1930 = PRODUCT_DEFINITION_SHAPE('Placement','Placement of an item',
  #1931);
#1931 = NEXT_ASSEMBLY_USAGE_OCCURRENCE('426','=>[0:1:1:17]','',#1881,
  #1904,$);
#1932 = PRODUCT_RELATED_PRODUCT_CATEGORY('part',$,(#1906));
#1933 = SHAPE_DEFINITION_REPRESENTATION(#1934,#1940);
#1934 = PRODUCT_DEFINITION_SHAPE('','',#1935);
#1935 = PRODUCT_DEFINITION('design','',#1936,#1939);
#1936 = PRODUCT_DEFINITION_FORMATION('','',#1937);
#1937 = PRODUCT('left_finger_01_distal_knuckle',
  'left_finger_01_distal_knuckle','',(#1938));
#1938 = PRODUCT_CONTEXT('',#2,'mechanical');
#1939 = PRODUCT_DEFINITION_CONTEXT('part definition',#2,'design');
#1940 = SHAPE_REPRESENTATION('',(#11,#1941),#1945);
#1941 = AXIS2_PLACEMENT_3D('',#1942,#1943,#1944);
#1942 = CARTESIAN_POINT('',(0.,0.,0.));
#1943 = DIRECTION('',(0.,0.,1.));
#1944 = DIRECTION('',(1.,0.,0.));
#1945 = ( GEOMETRIC_REPRESENTATION_CONTEXT(3) 
GLOBAL_UNCERTAINTY_ASSIGNED_CONTEXT((#1949)) 
GLOBAL_UNIT_ASSIGNED_CONTEXT((#1946,#1947,#1948)) REPRESENTATION_CONTEXT
('Context #1','3D Context with UNIT and UNCERTAINTY') );
#1946 = ( LENGTH_UNIT() NAMED_UNIT(*) SI_UNIT(.MILLI.,.METRE.) );
#1947 = ( NAMED_UNIT(*) PLANE_ANGLE_UNIT() SI_UNIT($,.RADIAN.) );
#1948 = ( NAMED_UNIT(*) SI_UNIT($,.STERADIAN.) SOLID_ANGLE_UNIT() );
#1949 = UNCERTAINTY_MEASURE_WITH_UNIT(LENGTH_MEASURE(1.E-07),#1946,
  'distance_accuracy_value','confusion accuracy');
#1950 = CONTEXT_DEPENDENT_SHAPE_REPRESENTATION(#1951,#1953);
#1951 = ( REPRESENTATION_RELATIONSHIP('','',#1940,#10) 
REPRESENTATION_RELATIONSHIP_WITH_TRANSFORMATION(#1952) 
SHAPE_REPRESENTATION_RELATIONSHIP() );
#1952 = ITEM_DEFINED_TRANSFORMATION('','',#11,#47);
#1953 = PRODUCT_DEFINITION_SHAPE('Placement','Placement of an item',
  #1954);
#1954 = NEXT_ASSEMBLY_USAGE_OCCURRENCE('429','=>[0:1:1:18]','',#5,#1935,
  $);
#1955 = PRODUCT_RELATED_PRODUCT_CATEGORY('part',$,(#1937));
#1956 = SHAPE_DEFINITION_REPRESENTATION(#1957,#1963);
#1957 = PRODUCT_DEFINITION_SHAPE('','',#1958);
#1958 = PRODUCT_DEFINITION('design','',#1959,#1962);
#1959 = PRODUCT_DEFINITION_FORMATION('','',#1960);
#1960 = PRODUCT('SOLID','SOLID','',(#1961));
#1961 = PRODUCT_CONTEXT('',#2,'mechanical');
#1962 = PRODUCT_DEFINITION_CONTEXT('part definition',#2,'design');
#1963 = ADVANCED_BREP_SHAPE_REPRESENTATION('',(#11,#1964),#1976);
#1964 = MANIFOLD_SOLID_BREP('',#1965);
#1965 = CLOSED_SHELL('',(#1966));
#1966 = ADVANCED_FACE('',(#1967),#1971,.T.);
#1967 = FACE_BOUND('',#1968,.T.);
#1968 = VERTEX_LOOP('',#1969);
#1969 = VERTEX_POINT('',#1970);
#1970 = CARTESIAN_POINT('',(2.939152317954E-16,-7.198846956777E-32,-4.8)
  );
#1971 = SPHERICAL_SURFACE('',#1972,4.8);
#1972 = AXIS2_PLACEMENT_3D('',#1973,#1974,#1975);
#1973 = CARTESIAN_POINT('',(0.,0.,0.));
#1974 = DIRECTION('',(0.,0.,1.));
#1975 = DIRECTION('',(1.,0.,-0.));
#1976 = ( GEOMETRIC_REPRESENTATION_CONTEXT(3) 
GLOBAL_UNCERTAINTY_ASSIGNED_CONTEXT((#1980)) 
GLOBAL_UNIT_ASSIGNED_CONTEXT((#1977,#1978,#1979)) REPRESENTATION_CONTEXT
('Context #1','3D Context with UNIT and UNCERTAINTY') );
#1977 = ( LENGTH_UNIT() NAMED_UNIT(*) SI_UNIT(.MILLI.,.METRE.) );
#1978 = ( NAMED_UNIT(*) PLANE_ANGLE_UNIT() SI_UNIT($,.RADIAN.) );
#1979 = ( NAMED_UNIT(*) SI_UNIT($,.STERADIAN.) SOLID_ANGLE_UNIT() );
#1980 = UNCERTAINTY_MEASURE_WITH_UNIT(LENGTH_MEASURE(1.E-07),#1977,
  'distance_accuracy_value','confusion accuracy');
#1981 = CONTEXT_DEPENDENT_SHAPE_REPRESENTATION(#1982,#1984);
#1982 = ( REPRESENTATION_RELATIONSHIP('','',#1963,#1940) 
REPRESENTATION_RELATIONSHIP_WITH_TRANSFORMATION(#1983) 
SHAPE_REPRESENTATION_RELATIONSHIP() );
#1983 = ITEM_DEFINED_TRANSFORMATION('','',#11,#1941);
#1984 = PRODUCT_DEFINITION_SHAPE('Placement','Placement of an item',
  #1985);
#1985 = NEXT_ASSEMBLY_USAGE_OCCURRENCE('428','=>[0:1:1:19]','',#1935,
  #1958,$);
#1986 = PRODUCT_RELATED_PRODUCT_CATEGORY('part',$,(#1960));
#1987 = SHAPE_DEFINITION_REPRESENTATION(#1988,#1994);
#1988 = PRODUCT_DEFINITION_SHAPE('','',#1989);
#1989 = PRODUCT_DEFINITION('design','',#1990,#1993);
#1990 = PRODUCT_DEFINITION_FORMATION('','',#1991);
#1991 = PRODUCT('left_finger_01_rounded_tip',
  'left_finger_01_rounded_tip','',(#1992));
#1992 = PRODUCT_CONTEXT('',#2,'mechanical');
#1993 = PRODUCT_DEFINITION_CONTEXT('part definition',#2,'design');
#1994 = SHAPE_REPRESENTATION('',(#11,#1995),#1999);
#1995 = AXIS2_PLACEMENT_3D('',#1996,#1997,#1998);
#1996 = CARTESIAN_POINT('',(0.,0.,0.));
#1997 = DIRECTION('',(0.,0.,1.));
#1998 = DIRECTION('',(1.,0.,0.));
#1999 = ( GEOMETRIC_REPRESENTATION_CONTEXT(3) 
GLOBAL_UNCERTAINTY_ASSIGNED_CONTEXT((#2003)) 
GLOBAL_UNIT_ASSIGNED_CONTEXT((#2000,#2001,#2002)) REPRESENTATION_CONTEXT
('Context #1','3D Context with UNIT and UNCERTAINTY') );
#2000 = ( LENGTH_UNIT() NAMED_UNIT(*) SI_UNIT(.MILLI.,.METRE.) );
#2001 = ( NAMED_UNIT(*) PLANE_ANGLE_UNIT() SI_UNIT($,.RADIAN.) );
#2002 = ( NAMED_UNIT(*) SI_UNIT($,.STERADIAN.) SOLID_ANGLE_UNIT() );
#2003 = UNCERTAINTY_MEASURE_WITH_UNIT(LENGTH_MEASURE(1.E-07),#2000,
  'distance_accuracy_value','confusion accuracy');
#2004 = CONTEXT_DEPENDENT_SHAPE_REPRESENTATION(#2005,#2007);
#2005 = ( REPRESENTATION_RELATIONSHIP('','',#1994,#10) 
REPRESENTATION_RELATIONSHIP_WITH_TRANSFORMATION(#2006) 
SHAPE_REPRESENTATION_RELATIONSHIP() );
#2006 = ITEM_DEFINED_TRANSFORMATION('','',#11,#51);
#2007 = PRODUCT_DEFINITION_SHAPE('Placement','Placement of an item',
  #2008);
#2008 = NEXT_ASSEMBLY_USAGE_OCCURRENCE('431','=>[0:1:1:20]','',#5,#1989,
  $);
#2009 = PRODUCT_RELATED_PRODUCT_CATEGORY('part',$,(#1991));
#2010 = SHAPE_DEFINITION_REPRESENTATION(#2011,#2017);
#2011 = PRODUCT_DEFINITION_SHAPE('','',#2012);
#2012 = PRODUCT_DEFINITION('design','',#2013,#2016);
#2013 = PRODUCT_DEFINITION_FORMATION('','',#2014);
#2014 = PRODUCT('SOLID','SOLID','',(#2015));
#2015 = PRODUCT_CONTEXT('',#2,'mechanical');
#2016 = PRODUCT_DEFINITION_CONTEXT('part definition',#2,'design');
#2017 = ADVANCED_BREP_SHAPE_REPRESENTATION('',(#11,#2018),#2030);
#2018 = MANIFOLD_SOLID_BREP('',#2019);
#2019 = CLOSED_SHELL('',(#2020));
#2020 = ADVANCED_FACE('',(#2021),#2025,.T.);
#2021 = FACE_BOUND('',#2022,.T.);
#2022 = VERTEX_LOOP('',#2023);
#2023 = VERTEX_POINT('',#2024);
#2024 = CARTESIAN_POINT('',(2.816687638039E-16,-6.898895000245E-32,-4.6)
  );
#2025 = SPHERICAL_SURFACE('',#2026,4.6);
#2026 = AXIS2_PLACEMENT_3D('',#2027,#2028,#2029);
#2027 = CARTESIAN_POINT('',(0.,0.,0.));
#2028 = DIRECTION('',(0.,0.,1.));
#2029 = DIRECTION('',(1.,0.,-0.));
#2030 = ( GEOMETRIC_REPRESENTATION_CONTEXT(3) 
GLOBAL_UNCERTAINTY_ASSIGNED_CONTEXT((#2034)) 
GLOBAL_UNIT_ASSIGNED_CONTEXT((#2031,#2032,#2033)) REPRESENTATION_CONTEXT
('Context #1','3D Context with UNIT and UNCERTAINTY') );
#2031 = ( LENGTH_UNIT() NAMED_UNIT(*) SI_UNIT(.MILLI.,.METRE.) );
#2032 = ( NAMED_UNIT(*) PLANE_ANGLE_UNIT() SI_UNIT($,.RADIAN.) );
#2033 = ( NAMED_UNIT(*) SI_UNIT($,.STERADIAN.) SOLID_ANGLE_UNIT() );
#2034 = UNCERTAINTY_MEASURE_WITH_UNIT(LENGTH_MEASURE(1.E-07),#2031,
  'distance_accuracy_value','confusion accuracy');
#2035 = CONTEXT_DEPENDENT_SHAPE_REPRESENTATION(#2036,#2038);
#2036 = ( REPRESENTATION_RELATIONSHIP('','',#2017,#1994) 
REPRESENTATION_RELATIONSHIP_WITH_TRANSFORMATION(#2037) 
SHAPE_REPRESENTATION_RELATIONSHIP() );
#2037 = ITEM_DEFINED_TRANSFORMATION('','',#11,#1995);
#2038 = PRODUCT_DEFINITION_SHAPE('Placement','Placement of an item',
  #2039);
#2039 = NEXT_ASSEMBLY_USAGE_OCCURRENCE('430','=>[0:1:1:21]','',#1989,
  #2012,$);
#2040 = PRODUCT_RELATED_PRODUCT_CATEGORY('part',$,(#2014));
#2041 = SHAPE_DEFINITION_REPRESENTATION(#2042,#2048);
#2042 = PRODUCT_DEFINITION_SHAPE('','',#2043);
#2043 = PRODUCT_DEFINITION('design','',#2044,#2047);
#2044 = PRODUCT_DEFINITION_FORMATION('','',#2045);
#2045 = PRODUCT('left_finger_01_black_tactile_pad',
  'left_finger_01_black_tactile_pad','',(#2046));
#2046 = PRODUCT_CONTEXT('',#2,'mechanical');
#2047 = PRODUCT_DEFINITION_CONTEXT('part definition',#2,'design');
#2048 = SHAPE_REPRESENTATION('',(#11,#2049),#2053);
#2049 = AXIS2_PLACEMENT_3D('',#2050,#2051,#2052);
#2050 = CARTESIAN_POINT('',(-3.5,-1.,-2.));
#2051 = DIRECTION('',(0.,0.,1.));
#2052 = DIRECTION('',(1.,0.,0.));
#2053 = ( GEOMETRIC_REPRESENTATION_CONTEXT(3) 
GLOBAL_UNCERTAINTY_ASSIGNED_CONTEXT((#2057)) 
GLOBAL_UNIT_ASSIGNED_CONTEXT((#2054,#2055,#2056)) REPRESENTATION_CONTEXT
('Context #1','3D Context with UNIT and UNCERTAINTY') );
#2054 = ( LENGTH_UNIT() NAMED_UNIT(*) SI_UNIT(.MILLI.,.METRE.) );
#2055 = ( NAMED_UNIT(*) PLANE_ANGLE_UNIT() SI_UNIT($,.RADIAN.) );
#2056 = ( NAMED_UNIT(*) SI_UNIT($,.STERADIAN.) SOLID_ANGLE_UNIT() );
#2057 = UNCERTAINTY_MEASURE_WITH_UNIT(LENGTH_MEASURE(1.E-07),#2054,
  'distance_accuracy_value','confusion accuracy');
#2058 = CONTEXT_DEPENDENT_SHAPE_REPRESENTATION(#2059,#2061);
#2059 = ( REPRESENTATION_RELATIONSHIP('','',#2048,#10) 
REPRESENTATION_RELATIONSHIP_WITH_TRANSFORMATION(#2060) 
SHAPE_REPRESENTATION_RELATIONSHIP() );
#2060 = ITEM_DEFINED_TRANSFORMATION('','',#11,#55);
#2061 = PRODUCT_DEFINITION_SHAPE('Placement','Placement of an item',
  #2062);
#2062 = NEXT_ASSEMBLY_USAGE_OCCURRENCE('433','=>[0:1:1:22]','',#5,#2043,
  $);
#2063 = PRODUCT_RELATED_PRODUCT_CATEGORY('part',$,(#2045));
#2064 = SHAPE_DEFINITION_REPRESENTATION(#2065,#2071);
#2065 = PRODUCT_DEFINITION_SHAPE('','',#2066);
#2066 = PRODUCT_DEFINITION('design','',#2067,#2070);
#2067 = PRODUCT_DEFINITION_FORMATION('','',#2068);
#2068 = PRODUCT('SOLID','SOLID','',(#2069));
#2069 = PRODUCT_CONTEXT('',#2,'mechanical');
#2070 = PRODUCT_DEFINITION_CONTEXT('part definition',#2,'design');
#2071 = ADVANCED_BREP_SHAPE_REPRESENTATION('',(#11,#2072),#2402);
#2072 = MANIFOLD_SOLID_BREP('',#2073);
#2073 = CLOSED_SHELL('',(#2074,#2194,#2294,#2341,#2388,#2395));
#2074 = ADVANCED_FACE('',(#2075),#2089,.F.);
#2075 = FACE_BOUND('',#2076,.F.);
#2076 = EDGE_LOOP('',(#2077,#2112,#2140,#2168));
#2077 = ORIENTED_EDGE('',*,*,#2078,.F.);
#2078 = EDGE_CURVE('',#2079,#2081,#2083,.T.);
#2079 = VERTEX_POINT('',#2080);
#2080 = CARTESIAN_POINT('',(0.,0.,0.));
#2081 = VERTEX_POINT('',#2082);
#2082 = CARTESIAN_POINT('',(0.,0.,4.));
#2083 = SURFACE_CURVE('',#2084,(#2088,#2100),.PCURVE_S1.);
#2084 = LINE('',#2085,#2086);
#2085 = CARTESIAN_POINT('',(0.,0.,0.));
#2086 = VECTOR('',#2087,1.);
#2087 = DIRECTION('',(0.,0.,1.));
#2088 = PCURVE('',#2089,#2094);
#2089 = PLANE('',#2090);
#2090 = AXIS2_PLACEMENT_3D('',#2091,#2092,#2093);
#2091 = CARTESIAN_POINT('',(0.,0.,0.));
#2092 = DIRECTION('',(1.,0.,-0.));
#2093 = DIRECTION('',(0.,0.,1.));
#2094 = DEFINITIONAL_REPRESENTATION('',(#2095),#2099);
#2095 = LINE('',#2096,#2097);
#2096 = CARTESIAN_POINT('',(0.,0.));
#2097 = VECTOR('',#2098,1.);
#2098 = DIRECTION('',(1.,0.));
#2099 = ( GEOMETRIC_REPRESENTATION_CONTEXT(2) 
PARAMETRIC_REPRESENTATION_CONTEXT() REPRESENTATION_CONTEXT('2D SPACE',''
  ) );
#2100 = PCURVE('',#2101,#2106);
#2101 = PLANE('',#2102);
#2102 = AXIS2_PLACEMENT_3D('',#2103,#2104,#2105);
#2103 = CARTESIAN_POINT('',(0.,0.,0.));
#2104 = DIRECTION('',(-0.,1.,0.));
#2105 = DIRECTION('',(0.,0.,1.));
#2106 = DEFINITIONAL_REPRESENTATION('',(#2107),#2111);
#2107 = LINE('',#2108,#2109);
#2108 = CARTESIAN_POINT('',(0.,0.));
#2109 = VECTOR('',#2110,1.);
#2110 = DIRECTION('',(1.,0.));
#2111 = ( GEOMETRIC_REPRESENTATION_CONTEXT(2) 
PARAMETRIC_REPRESENTATION_CONTEXT() REPRESENTATION_CONTEXT('2D SPACE',''
  ) );
#2112 = ORIENTED_EDGE('',*,*,#2113,.T.);
#2113 = EDGE_CURVE('',#2079,#2114,#2116,.T.);
#2114 = VERTEX_POINT('',#2115);
#2115 = CARTESIAN_POINT('',(0.,2.,0.));
#2116 = SURFACE_CURVE('',#2117,(#2121,#2128),.PCURVE_S1.);
#2117 = LINE('',#2118,#2119);
#2118 = CARTESIAN_POINT('',(0.,0.,0.));
#2119 = VECTOR('',#2120,1.);
#2120 = DIRECTION('',(-0.,1.,0.));
#2121 = PCURVE('',#2089,#2122);
#2122 = DEFINITIONAL_REPRESENTATION('',(#2123),#2127);
#2123 = LINE('',#2124,#2125);
#2124 = CARTESIAN_POINT('',(0.,0.));
#2125 = VECTOR('',#2126,1.);
#2126 = DIRECTION('',(0.,-1.));
#2127 = ( GEOMETRIC_REPRESENTATION_CONTEXT(2) 
PARAMETRIC_REPRESENTATION_CONTEXT() REPRESENTATION_CONTEXT('2D SPACE',''
  ) );
#2128 = PCURVE('',#2129,#2134);
#2129 = PLANE('',#2130);
#2130 = AXIS2_PLACEMENT_3D('',#2131,#2132,#2133);
#2131 = CARTESIAN_POINT('',(0.,0.,0.));
#2132 = DIRECTION('',(0.,0.,1.));
#2133 = DIRECTION('',(1.,0.,-0.));
#2134 = DEFINITIONAL_REPRESENTATION('',(#2135),#2139);
#2135 = LINE('',#2136,#2137);
#2136 = CARTESIAN_POINT('',(0.,0.));
#2137 = VECTOR('',#2138,1.);
#2138 = DIRECTION('',(0.,1.));
#2139 = ( GEOMETRIC_REPRESENTATION_CONTEXT(2) 
PARAMETRIC_REPRESENTATION_CONTEXT() REPRESENTATION_CONTEXT('2D SPACE',''
  ) );
#2140 = ORIENTED_EDGE('',*,*,#2141,.T.);
#2141 = EDGE_CURVE('',#2114,#2142,#2144,.T.);
#2142 = VERTEX_POINT('',#2143);
#2143 = CARTESIAN_POINT('',(0.,2.,4.));
#2144 = SURFACE_CURVE('',#2145,(#2149,#2156),.PCURVE_S1.);
#2145 = LINE('',#2146,#2147);
#2146 = CARTESIAN_POINT('',(0.,2.,0.));
#2147 = VECTOR('',#2148,1.);
#2148 = DIRECTION('',(0.,0.,1.));
#2149 = PCURVE('',#2089,#2150);
#2150 = DEFINITIONAL_REPRESENTATION('',(#2151),#2155);
#2151 = LINE('',#2152,#2153);
#2152 = CARTESIAN_POINT('',(0.,-2.));
#2153 = VECTOR('',#2154,1.);
#2154 = DIRECTION('',(1.,0.));
#2155 = ( GEOMETRIC_REPRESENTATION_CONTEXT(2) 
PARAMETRIC_REPRESENTATION_CONTEXT() REPRESENTATION_CONTEXT('2D SPACE',''
  ) );
#2156 = PCURVE('',#2157,#2162);
#2157 = PLANE('',#2158);
#2158 = AXIS2_PLACEMENT_3D('',#2159,#2160,#2161);
#2159 = CARTESIAN_POINT('',(0.,2.,0.));
#2160 = DIRECTION('',(-0.,1.,0.));
#2161 = DIRECTION('',(0.,0.,1.));
#2162 = DEFINITIONAL_REPRESENTATION('',(#2163),#2167);
#2163 = LINE('',#2164,#2165);
#2164 = CARTESIAN_POINT('',(0.,0.));
#2165 = VECTOR('',#2166,1.);
#2166 = DIRECTION('',(1.,0.));
#2167 = ( GEOMETRIC_REPRESENTATION_CONTEXT(2) 
PARAMETRIC_REPRESENTATION_CONTEXT() REPRESENTATION_CONTEXT('2D SPACE',''
  ) );
#2168 = ORIENTED_EDGE('',*,*,#2169,.F.);
#2169 = EDGE_CURVE('',#2081,#2142,#2170,.T.);
#2170 = SURFACE_CURVE('',#2171,(#2175,#2182),.PCURVE_S1.);
#2171 = LINE('',#2172,#2173);
#2172 = CARTESIAN_POINT('',(0.,0.,4.));
#2173 = VECTOR('',#2174,1.);
#2174 = DIRECTION('',(-0.,1.,0.));
#2175 = PCURVE('',#2089,#2176);
#2176 = DEFINITIONAL_REPRESENTATION('',(#2177),#2181);
#2177 = LINE('',#2178,#2179);
#2178 = CARTESIAN_POINT('',(4.,0.));
#2179 = VECTOR('',#2180,1.);
#2180 = DIRECTION('',(0.,-1.));
#2181 = ( GEOMETRIC_REPRESENTATION_CONTEXT(2) 
PARAMETRIC_REPRESENTATION_CONTEXT() REPRESENTATION_CONTEXT('2D SPACE',''
  ) );
#2182 = PCURVE('',#2183,#2188);
#2183 = PLANE('',#2184);
#2184 = AXIS2_PLACEMENT_3D('',#2185,#2186,#2187);
#2185 = CARTESIAN_POINT('',(0.,0.,4.));
#2186 = DIRECTION('',(0.,0.,1.));
#2187 = DIRECTION('',(1.,0.,-0.));
#2188 = DEFINITIONAL_REPRESENTATION('',(#2189),#2193);
#2189 = LINE('',#2190,#2191);
#2190 = CARTESIAN_POINT('',(0.,0.));
#2191 = VECTOR('',#2192,1.);
#2192 = DIRECTION('',(0.,1.));
#2193 = ( GEOMETRIC_REPRESENTATION_CONTEXT(2) 
PARAMETRIC_REPRESENTATION_CONTEXT() REPRESENTATION_CONTEXT('2D SPACE',''
  ) );
#2194 = ADVANCED_FACE('',(#2195),#2209,.T.);
#2195 = FACE_BOUND('',#2196,.T.);
#2196 = EDGE_LOOP('',(#2197,#2227,#2250,#2273));
#2197 = ORIENTED_EDGE('',*,*,#2198,.F.);
#2198 = EDGE_CURVE('',#2199,#2201,#2203,.T.);
#2199 = VERTEX_POINT('',#2200);
#2200 = CARTESIAN_POINT('',(7.,0.,0.));
#2201 = VERTEX_POINT('',#2202);
#2202 = CARTESIAN_POINT('',(7.,0.,4.));
#2203 = SURFACE_CURVE('',#2204,(#2208,#2220),.PCURVE_S1.);
#2204 = LINE('',#2205,#2206);
#2205 = CARTESIAN_POINT('',(7.,0.,0.));
#2206 = VECTOR('',#2207,1.);
#2207 = DIRECTION('',(0.,0.,1.));
#2208 = PCURVE('',#2209,#2214);
#2209 = PLANE('',#2210);
#2210 = AXIS2_PLACEMENT_3D('',#2211,#2212,#2213);
#2211 = CARTESIAN_POINT('',(7.,0.,0.));
#2212 = DIRECTION('',(1.,0.,-0.));
#2213 = DIRECTION('',(0.,0.,1.));
#2214 = DEFINITIONAL_REPRESENTATION('',(#2215),#2219);
#2215 = LINE('',#2216,#2217);
#2216 = CARTESIAN_POINT('',(0.,0.));
#2217 = VECTOR('',#2218,1.);
#2218 = DIRECTION('',(1.,0.));
#2219 = ( GEOMETRIC_REPRESENTATION_CONTEXT(2) 
PARAMETRIC_REPRESENTATION_CONTEXT() REPRESENTATION_CONTEXT('2D SPACE',''
  ) );
#2220 = PCURVE('',#2101,#2221);
#2221 = DEFINITIONAL_REPRESENTATION('',(#2222),#2226);
#2222 = LINE('',#2223,#2224);
#2223 = CARTESIAN_POINT('',(0.,7.));
#2224 = VECTOR('',#2225,1.);
#2225 = DIRECTION('',(1.,0.));
#2226 = ( GEOMETRIC_REPRESENTATION_CONTEXT(2) 
PARAMETRIC_REPRESENTATION_CONTEXT() REPRESENTATION_CONTEXT('2D SPACE',''
  ) );
#2227 = ORIENTED_EDGE('',*,*,#2228,.T.);
#2228 = EDGE_CURVE('',#2199,#2229,#2231,.T.);
#2229 = VERTEX_POINT('',#2230);
#2230 = CARTESIAN_POINT('',(7.,2.,0.));
#2231 = SURFACE_CURVE('',#2232,(#2236,#2243),.PCURVE_S1.);
#2232 = LINE('',#2233,#2234);
#2233 = CARTESIAN_POINT('',(7.,0.,0.));
#2234 = VECTOR('',#2235,1.);
#2235 = DIRECTION('',(-0.,1.,0.));
#2236 = PCURVE('',#2209,#2237);
#2237 = DEFINITIONAL_REPRESENTATION('',(#2238),#2242);
#2238 = LINE('',#2239,#2240);
#2239 = CARTESIAN_POINT('',(0.,0.));
#2240 = VECTOR('',#2241,1.);
#2241 = DIRECTION('',(0.,-1.));
#2242 = ( GEOMETRIC_REPRESENTATION_CONTEXT(2) 
PARAMETRIC_REPRESENTATION_CONTEXT() REPRESENTATION_CONTEXT('2D SPACE',''
  ) );
#2243 = PCURVE('',#2129,#2244);
#2244 = DEFINITIONAL_REPRESENTATION('',(#2245),#2249);
#2245 = LINE('',#2246,#2247);
#2246 = CARTESIAN_POINT('',(7.,0.));
#2247 = VECTOR('',#2248,1.);
#2248 = DIRECTION('',(0.,1.));
#2249 = ( GEOMETRIC_REPRESENTATION_CONTEXT(2) 
PARAMETRIC_REPRESENTATION_CONTEXT() REPRESENTATION_CONTEXT('2D SPACE',''
  ) );
#2250 = ORIENTED_EDGE('',*,*,#2251,.T.);
#2251 = EDGE_CURVE('',#2229,#2252,#2254,.T.);
#2252 = VERTEX_POINT('',#2253);
#2253 = CARTESIAN_POINT('',(7.,2.,4.));
#2254 = SURFACE_CURVE('',#2255,(#2259,#2266),.PCURVE_S1.);
#2255 = LINE('',#2256,#2257);
#2256 = CARTESIAN_POINT('',(7.,2.,0.));
#2257 = VECTOR('',#2258,1.);
#2258 = DIRECTION('',(0.,0.,1.));
#2259 = PCURVE('',#2209,#2260);
#2260 = DEFINITIONAL_REPRESENTATION('',(#2261),#2265);
#2261 = LINE('',#2262,#2263);
#2262 = CARTESIAN_POINT('',(0.,-2.));
#2263 = VECTOR('',#2264,1.);
#2264 = DIRECTION('',(1.,0.));
#2265 = ( GEOMETRIC_REPRESENTATION_CONTEXT(2) 
PARAMETRIC_REPRESENTATION_CONTEXT() REPRESENTATION_CONTEXT('2D SPACE',''
  ) );
#2266 = PCURVE('',#2157,#2267);
#2267 = DEFINITIONAL_REPRESENTATION('',(#2268),#2272);
#2268 = LINE('',#2269,#2270);
#2269 = CARTESIAN_POINT('',(0.,7.));
#2270 = VECTOR('',#2271,1.);
#2271 = DIRECTION('',(1.,0.));
#2272 = ( GEOMETRIC_REPRESENTATION_CONTEXT(2) 
PARAMETRIC_REPRESENTATION_CONTEXT() REPRESENTATION_CONTEXT('2D SPACE',''
  ) );
#2273 = ORIENTED_EDGE('',*,*,#2274,.F.);
#2274 = EDGE_CURVE('',#2201,#2252,#2275,.T.);
#2275 = SURFACE_CURVE('',#2276,(#2280,#2287),.PCURVE_S1.);
#2276 = LINE('',#2277,#2278);
#2277 = CARTESIAN_POINT('',(7.,0.,4.));
#2278 = VECTOR('',#2279,1.);
#2279 = DIRECTION('',(-0.,1.,0.));
#2280 = PCURVE('',#2209,#2281);
#2281 = DEFINITIONAL_REPRESENTATION('',(#2282),#2286);
#2282 = LINE('',#2283,#2284);
#2283 = CARTESIAN_POINT('',(4.,0.));
#2284 = VECTOR('',#2285,1.);
#2285 = DIRECTION('',(0.,-1.));
#2286 = ( GEOMETRIC_REPRESENTATION_CONTEXT(2) 
PARAMETRIC_REPRESENTATION_CONTEXT() REPRESENTATION_CONTEXT('2D SPACE',''
  ) );
#2287 = PCURVE('',#2183,#2288);
#2288 = DEFINITIONAL_REPRESENTATION('',(#2289),#2293);
#2289 = LINE('',#2290,#2291);
#2290 = CARTESIAN_POINT('',(7.,0.));
#2291 = VECTOR('',#2292,1.);
#2292 = DIRECTION('',(0.,1.));
#2293 = ( GEOMETRIC_REPRESENTATION_CONTEXT(2) 
PARAMETRIC_REPRESENTATION_CONTEXT() REPRESENTATION_CONTEXT('2D SPACE',''
  ) );
#2294 = ADVANCED_FACE('',(#2295),#2101,.F.);
#2295 = FACE_BOUND('',#2296,.F.);
#2296 = EDGE_LOOP('',(#2297,#2318,#2319,#2340));
#2297 = ORIENTED_EDGE('',*,*,#2298,.F.);
#2298 = EDGE_CURVE('',#2079,#2199,#2299,.T.);
#2299 = SURFACE_CURVE('',#2300,(#2304,#2311),.PCURVE_S1.);
#2300 = LINE('',#2301,#2302);
#2301 = CARTESIAN_POINT('',(0.,0.,0.));
#2302 = VECTOR('',#2303,1.);
#2303 = DIRECTION('',(1.,0.,-0.));
#2304 = PCURVE('',#2101,#2305);
#2305 = DEFINITIONAL_REPRESENTATION('',(#2306),#2310);
#2306 = LINE('',#2307,#2308);
#2307 = CARTESIAN_POINT('',(0.,0.));
#2308 = VECTOR('',#2309,1.);
#2309 = DIRECTION('',(0.,1.));
#2310 = ( GEOMETRIC_REPRESENTATION_CONTEXT(2) 
PARAMETRIC_REPRESENTATION_CONTEXT() REPRESENTATION_CONTEXT('2D SPACE',''
  ) );
#2311 = PCURVE('',#2129,#2312);
#2312 = DEFINITIONAL_REPRESENTATION('',(#2313),#2317);
#2313 = LINE('',#2314,#2315);
#2314 = CARTESIAN_POINT('',(0.,0.));
#2315 = VECTOR('',#2316,1.);
#2316 = DIRECTION('',(1.,0.));
#2317 = ( GEOMETRIC_REPRESENTATION_CONTEXT(2) 
PARAMETRIC_REPRESENTATION_CONTEXT() REPRESENTATION_CONTEXT('2D SPACE',''
  ) );
#2318 = ORIENTED_EDGE('',*,*,#2078,.T.);
#2319 = ORIENTED_EDGE('',*,*,#2320,.T.);
#2320 = EDGE_CURVE('',#2081,#2201,#2321,.T.);
#2321 = SURFACE_CURVE('',#2322,(#2326,#2333),.PCURVE_S1.);
#2322 = LINE('',#2323,#2324);
#2323 = CARTESIAN_POINT('',(0.,0.,4.));
#2324 = VECTOR('',#2325,1.);
#2325 = DIRECTION('',(1.,0.,-0.));
#2326 = PCURVE('',#2101,#2327);
#2327 = DEFINITIONAL_REPRESENTATION('',(#2328),#2332);
#2328 = LINE('',#2329,#2330);
#2329 = CARTESIAN_POINT('',(4.,0.));
#2330 = VECTOR('',#2331,1.);
#2331 = DIRECTION('',(0.,1.));
#2332 = ( GEOMETRIC_REPRESENTATION_CONTEXT(2) 
PARAMETRIC_REPRESENTATION_CONTEXT() REPRESENTATION_CONTEXT('2D SPACE',''
  ) );
#2333 = PCURVE('',#2183,#2334);
#2334 = DEFINITIONAL_REPRESENTATION('',(#2335),#2339);
#2335 = LINE('',#2336,#2337);
#2336 = CARTESIAN_POINT('',(0.,0.));
#2337 = VECTOR('',#2338,1.);
#2338 = DIRECTION('',(1.,0.));
#2339 = ( GEOMETRIC_REPRESENTATION_CONTEXT(2) 
PARAMETRIC_REPRESENTATION_CONTEXT() REPRESENTATION_CONTEXT('2D SPACE',''
  ) );
#2340 = ORIENTED_EDGE('',*,*,#2198,.F.);
#2341 = ADVANCED_FACE('',(#2342),#2157,.T.);
#2342 = FACE_BOUND('',#2343,.T.);
#2343 = EDGE_LOOP('',(#2344,#2365,#2366,#2387));
#2344 = ORIENTED_EDGE('',*,*,#2345,.F.);
#2345 = EDGE_CURVE('',#2114,#2229,#2346,.T.);
#2346 = SURFACE_CURVE('',#2347,(#2351,#2358),.PCURVE_S1.);
#2347 = LINE('',#2348,#2349);
#2348 = CARTESIAN_POINT('',(0.,2.,0.));
#2349 = VECTOR('',#2350,1.);
#2350 = DIRECTION('',(1.,0.,-0.));
#2351 = PCURVE('',#2157,#2352);
#2352 = DEFINITIONAL_REPRESENTATION('',(#2353),#2357);
#2353 = LINE('',#2354,#2355);
#2354 = CARTESIAN_POINT('',(0.,0.));
#2355 = VECTOR('',#2356,1.);
#2356 = DIRECTION('',(0.,1.));
#2357 = ( GEOMETRIC_REPRESENTATION_CONTEXT(2) 
PARAMETRIC_REPRESENTATION_CONTEXT() REPRESENTATION_CONTEXT('2D SPACE',''
  ) );
#2358 = PCURVE('',#2129,#2359);
#2359 = DEFINITIONAL_REPRESENTATION('',(#2360),#2364);
#2360 = LINE('',#2361,#2362);
#2361 = CARTESIAN_POINT('',(0.,2.));
#2362 = VECTOR('',#2363,1.);
#2363 = DIRECTION('',(1.,0.));
#2364 = ( GEOMETRIC_REPRESENTATION_CONTEXT(2) 
PARAMETRIC_REPRESENTATION_CONTEXT() REPRESENTATION_CONTEXT('2D SPACE',''
  ) );
#2365 = ORIENTED_EDGE('',*,*,#2141,.T.);
#2366 = ORIENTED_EDGE('',*,*,#2367,.T.);
#2367 = EDGE_CURVE('',#2142,#2252,#2368,.T.);
#2368 = SURFACE_CURVE('',#2369,(#2373,#2380),.PCURVE_S1.);
#2369 = LINE('',#2370,#2371);
#2370 = CARTESIAN_POINT('',(0.,2.,4.));
#2371 = VECTOR('',#2372,1.);
#2372 = DIRECTION('',(1.,0.,-0.));
#2373 = PCURVE('',#2157,#2374);
#2374 = DEFINITIONAL_REPRESENTATION('',(#2375),#2379);
#2375 = LINE('',#2376,#2377);
#2376 = CARTESIAN_POINT('',(4.,0.));
#2377 = VECTOR('',#2378,1.);
#2378 = DIRECTION('',(0.,1.));
#2379 = ( GEOMETRIC_REPRESENTATION_CONTEXT(2) 
PARAMETRIC_REPRESENTATION_CONTEXT() REPRESENTATION_CONTEXT('2D SPACE',''
  ) );
#2380 = PCURVE('',#2183,#2381);
#2381 = DEFINITIONAL_REPRESENTATION('',(#2382),#2386);
#2382 = LINE('',#2383,#2384);
#2383 = CARTESIAN_POINT('',(0.,2.));
#2384 = VECTOR('',#2385,1.);
#2385 = DIRECTION('',(1.,0.));
#2386 = ( GEOMETRIC_REPRESENTATION_CONTEXT(2) 
PARAMETRIC_REPRESENTATION_CONTEXT() REPRESENTATION_CONTEXT('2D SPACE',''
  ) );
#2387 = ORIENTED_EDGE('',*,*,#2251,.F.);
#2388 = ADVANCED_FACE('',(#2389),#2129,.F.);
#2389 = FACE_BOUND('',#2390,.F.);
#2390 = EDGE_LOOP('',(#2391,#2392,#2393,#2394));
#2391 = ORIENTED_EDGE('',*,*,#2113,.F.);
#2392 = ORIENTED_EDGE('',*,*,#2298,.T.);
#2393 = ORIENTED_EDGE('',*,*,#2228,.T.);
#2394 = ORIENTED_EDGE('',*,*,#2345,.F.);
#2395 = ADVANCED_FACE('',(#2396),#2183,.T.);
#2396 = FACE_BOUND('',#2397,.T.);
#2397 = EDGE_LOOP('',(#2398,#2399,#2400,#2401));
#2398 = ORIENTED_EDGE('',*,*,#2169,.F.);
#2399 = ORIENTED_EDGE('',*,*,#2320,.T.);
#2400 = ORIENTED_EDGE('',*,*,#2274,.T.);
#2401 = ORIENTED_EDGE('',*,*,#2367,.F.);
#2402 = ( GEOMETRIC_REPRESENTATION_CONTEXT(3) 
GLOBAL_UNCERTAINTY_ASSIGNED_CONTEXT((#2406)) 
GLOBAL_UNIT_ASSIGNED_CONTEXT((#2403,#2404,#2405)) REPRESENTATION_CONTEXT
('Context #1','3D Context with UNIT and UNCERTAINTY') );
#2403 = ( LENGTH_UNIT() NAMED_UNIT(*) SI_UNIT(.MILLI.,.METRE.) );
#2404 = ( NAMED_UNIT(*) PLANE_ANGLE_UNIT() SI_UNIT($,.RADIAN.) );
#2405 = ( NAMED_UNIT(*) SI_UNIT($,.STERADIAN.) SOLID_ANGLE_UNIT() );
#2406 = UNCERTAINTY_MEASURE_WITH_UNIT(LENGTH_MEASURE(1.E-07),#2403,
  'distance_accuracy_value','confusion accuracy');
#2407 = CONTEXT_DEPENDENT_SHAPE_REPRESENTATION(#2408,#2410);
#2408 = ( REPRESENTATION_RELATIONSHIP('','',#2071,#2048) 
REPRESENTATION_RELATIONSHIP_WITH_TRANSFORMATION(#2409) 
SHAPE_REPRESENTATION_RELATIONSHIP() );
#2409 = ITEM_DEFINED_TRANSFORMATION('','',#11,#2049);
#2410 = PRODUCT_DEFINITION_SHAPE('Placement','Placement of an item',
  #2411);
#2411 = NEXT_ASSEMBLY_USAGE_OCCURRENCE('432','=>[0:1:1:23]','',#2043,
  #2066,$);
#2412 = PRODUCT_RELATED_PRODUCT_CATEGORY('part',$,(#2068));
#2413 = SHAPE_DEFINITION_REPRESENTATION(#2414,#2420);
#2414 = PRODUCT_DEFINITION_SHAPE('','',#2415);
#2415 = PRODUCT_DEFINITION('design','',#2416,#2419);
#2416 = PRODUCT_DEFINITION_FORMATION('','',#2417);
#2417 = PRODUCT('left_finger_01_micro_tendon',
  'left_finger_01_micro_tendon','',(#2418));
#2418 = PRODUCT_CONTEXT('',#2,'mechanical');
#2419 = PRODUCT_DEFINITION_CONTEXT('part definition',#2,'design');
#2420 = SHAPE_REPRESENTATION('',(#11,#2421),#2425);
#2421 = AXIS2_PLACEMENT_3D('',#2422,#2423,#2424);
#2422 = CARTESIAN_POINT('',(0.,0.,-24.11560697971));
#2423 = DIRECTION('',(0.,0.,1.));
#2424 = DIRECTION('',(1.,0.,0.));
#2425 = ( GEOMETRIC_REPRESENTATION_CONTEXT(3) 
GLOBAL_UNCERTAINTY_ASSIGNED_CONTEXT((#2429)) 
GLOBAL_UNIT_ASSIGNED_CONTEXT((#2426,#2427,#2428)) REPRESENTATION_CONTEXT
('Context #1','3D Context with UNIT and UNCERTAINTY') );
#2426 = ( LENGTH_UNIT() NAMED_UNIT(*) SI_UNIT(.MILLI.,.METRE.) );
#2427 = ( NAMED_UNIT(*) PLANE_ANGLE_UNIT() SI_UNIT($,.RADIAN.) );
#2428 = ( NAMED_UNIT(*) SI_UNIT($,.STERADIAN.) SOLID_ANGLE_UNIT() );
#2429 = UNCERTAINTY_MEASURE_WITH_UNIT(LENGTH_MEASURE(1.E-07),#2426,
  'distance_accuracy_value','confusion accuracy');
#2430 = CONTEXT_DEPENDENT_SHAPE_REPRESENTATION(#2431,#2433);
#2431 = ( REPRESENTATION_RELATIONSHIP('','',#2420,#10) 
REPRESENTATION_RELATIONSHIP_WITH_TRANSFORMATION(#2432) 
SHAPE_REPRESENTATION_RELATIONSHIP() );
#2432 = ITEM_DEFINED_TRANSFORMATION('','',#11,#59);
#2433 = PRODUCT_DEFINITION_SHAPE('Placement','Placement of an item',
  #2434);
#2434 = NEXT_ASSEMBLY_USAGE_OCCURRENCE('435','=>[0:1:1:24]','',#5,#2415,
  $);
#2435 = PRODUCT_RELATED_PRODUCT_CATEGORY('part',$,(#2417));
#2436 = SHAPE_DEFINITION_REPRESENTATION(#2437,#2443);
#2437 = PRODUCT_DEFINITION_SHAPE('','',#2438);
#2438 = PRODUCT_DEFINITION('design','',#2439,#2442);
#2439 = PRODUCT_DEFINITION_FORMATION('','',#2440);
#2440 = PRODUCT('SOLID','SOLID','',(#2441));
#2441 = PRODUCT_CONTEXT('',#2,'mechanical');
#2442 = PRODUCT_DEFINITION_CONTEXT('part definition',#2,'design');
#2443 = ADVANCED_BREP_SHAPE_REPRESENTATION('',(#11,#2444),#2542);
#2444 = MANIFOLD_SOLID_BREP('',#2445);
#2445 = CLOSED_SHELL('',(#2446,#2534,#2538));
#2446 = ADVANCED_FACE('',(#2447),#2460,.T.);
#2447 = FACE_BOUND('',#2448,.T.);
#2448 = EDGE_LOOP('',(#2449,#2483,#2506,#2533));
#2449 = ORIENTED_EDGE('',*,*,#2450,.F.);
#2450 = EDGE_CURVE('',#2451,#2451,#2453,.T.);
#2451 = VERTEX_POINT('',#2452);
#2452 = CARTESIAN_POINT('',(1.,-2.449293598295E-16,48.231213959427));
#2453 = SURFACE_CURVE('',#2454,(#2459,#2471),.PCURVE_S1.);
#2454 = CIRCLE('',#2455,1.);
#2455 = AXIS2_PLACEMENT_3D('',#2456,#2457,#2458);
#2456 = CARTESIAN_POINT('',(0.,0.,48.231213959427));
#2457 = DIRECTION('',(0.,0.,1.));
#2458 = DIRECTION('',(1.,0.,-0.));
#2459 = PCURVE('',#2460,#2465);
#2460 = CYLINDRICAL_SURFACE('',#2461,1.);
#2461 = AXIS2_PLACEMENT_3D('',#2462,#2463,#2464);
#2462 = CARTESIAN_POINT('',(0.,0.,0.));
#2463 = DIRECTION('',(0.,0.,1.));
#2464 = DIRECTION('',(1.,0.,-0.));
#2465 = DEFINITIONAL_REPRESENTATION('',(#2466),#2470);
#2466 = LINE('',#2467,#2468);
#2467 = CARTESIAN_POINT('',(0.,48.231213959427));
#2468 = VECTOR('',#2469,1.);
#2469 = DIRECTION('',(1.,0.));
#2470 = ( GEOMETRIC_REPRESENTATION_CONTEXT(2) 
PARAMETRIC_REPRESENTATION_CONTEXT() REPRESENTATION_CONTEXT('2D SPACE',''
  ) );
#2471 = PCURVE('',#2472,#2477);
#2472 = PLANE('',#2473);
#2473 = AXIS2_PLACEMENT_3D('',#2474,#2475,#2476);
#2474 = CARTESIAN_POINT('',(0.,0.,48.231213959427));
#2475 = DIRECTION('',(0.,0.,1.));
#2476 = DIRECTION('',(1.,0.,-0.));
#2477 = DEFINITIONAL_REPRESENTATION('',(#2478),#2482);
#2478 = CIRCLE('',#2479,1.);
#2479 = AXIS2_PLACEMENT_2D('',#2480,#2481);
#2480 = CARTESIAN_POINT('',(0.,0.));
#2481 = DIRECTION('',(1.,0.));
#2482 = ( GEOMETRIC_REPRESENTATION_CONTEXT(2) 
PARAMETRIC_REPRESENTATION_CONTEXT() REPRESENTATION_CONTEXT('2D SPACE',''
  ) );
#2483 = ORIENTED_EDGE('',*,*,#2484,.F.);
#2484 = EDGE_CURVE('',#2485,#2451,#2487,.T.);
#2485 = VERTEX_POINT('',#2486);
#2486 = CARTESIAN_POINT('',(1.,-2.449293598295E-16,0.));
#2487 = SEAM_CURVE('',#2488,(#2492,#2499),.PCURVE_S1.);
#2488 = LINE('',#2489,#2490);
#2489 = CARTESIAN_POINT('',(1.,-2.449293598295E-16,0.));
#2490 = VECTOR('',#2491,1.);
#2491 = DIRECTION('',(0.,0.,1.));
#2492 = PCURVE('',#2460,#2493);
#2493 = DEFINITIONAL_REPRESENTATION('',(#2494),#2498);
#2494 = LINE('',#2495,#2496);
#2495 = CARTESIAN_POINT('',(6.28318530718,-0.));
#2496 = VECTOR('',#2497,1.);
#2497 = DIRECTION('',(0.,1.));
#2498 = ( GEOMETRIC_REPRESENTATION_CONTEXT(2) 
PARAMETRIC_REPRESENTATION_CONTEXT() REPRESENTATION_CONTEXT('2D SPACE',''
  ) );
#2499 = PCURVE('',#2460,#2500);
#2500 = DEFINITIONAL_REPRESENTATION('',(#2501),#2505);
#2501 = LINE('',#2502,#2503);
#2502 = CARTESIAN_POINT('',(0.,-0.));
#2503 = VECTOR('',#2504,1.);
#2504 = DIRECTION('',(0.,1.));
#2505 = ( GEOMETRIC_REPRESENTATION_CONTEXT(2) 
PARAMETRIC_REPRESENTATION_CONTEXT() REPRESENTATION_CONTEXT('2D SPACE',''
  ) );
#2506 = ORIENTED_EDGE('',*,*,#2507,.T.);
#2507 = EDGE_CURVE('',#2485,#2485,#2508,.T.);
#2508 = SURFACE_CURVE('',#2509,(#2514,#2521),.PCURVE_S1.);
#2509 = CIRCLE('',#2510,1.);
#2510 = AXIS2_PLACEMENT_3D('',#2511,#2512,#2513);
#2511 = CARTESIAN_POINT('',(0.,0.,0.));
#2512 = DIRECTION('',(0.,0.,1.));
#2513 = DIRECTION('',(1.,0.,-0.));
#2514 = PCURVE('',#2460,#2515);
#2515 = DEFINITIONAL_REPRESENTATION('',(#2516),#2520);
#2516 = LINE('',#2517,#2518);
#2517 = CARTESIAN_POINT('',(0.,0.));
#2518 = VECTOR('',#2519,1.);
#2519 = DIRECTION('',(1.,0.));
#2520 = ( GEOMETRIC_REPRESENTATION_CONTEXT(2) 
PARAMETRIC_REPRESENTATION_CONTEXT() REPRESENTATION_CONTEXT('2D SPACE',''
  ) );
#2521 = PCURVE('',#2522,#2527);
#2522 = PLANE('',#2523);
#2523 = AXIS2_PLACEMENT_3D('',#2524,#2525,#2526);
#2524 = CARTESIAN_POINT('',(0.,0.,0.));
#2525 = DIRECTION('',(0.,0.,1.));
#2526 = DIRECTION('',(1.,0.,-0.));
#2527 = DEFINITIONAL_REPRESENTATION('',(#2528),#2532);
#2528 = CIRCLE('',#2529,1.);
#2529 = AXIS2_PLACEMENT_2D('',#2530,#2531);
#2530 = CARTESIAN_POINT('',(0.,0.));
#2531 = DIRECTION('',(1.,0.));
#2532 = ( GEOMETRIC_REPRESENTATION_CONTEXT(2) 
PARAMETRIC_REPRESENTATION_CONTEXT() REPRESENTATION_CONTEXT('2D SPACE',''
  ) );
#2533 = ORIENTED_EDGE('',*,*,#2484,.T.);
#2534 = ADVANCED_FACE('',(#2535),#2472,.T.);
#2535 = FACE_BOUND('',#2536,.T.);
#2536 = EDGE_LOOP('',(#2537));
#2537 = ORIENTED_EDGE('',*,*,#2450,.T.);
#2538 = ADVANCED_FACE('',(#2539),#2522,.F.);
#2539 = FACE_BOUND('',#2540,.T.);
#2540 = EDGE_LOOP('',(#2541));
#2541 = ORIENTED_EDGE('',*,*,#2507,.F.);
#2542 = ( GEOMETRIC_REPRESENTATION_CONTEXT(3) 
GLOBAL_UNCERTAINTY_ASSIGNED_CONTEXT((#2546)) 
GLOBAL_UNIT_ASSIGNED_CONTEXT((#2543,#2544,#2545)) REPRESENTATION_CONTEXT
('Context #1','3D Context with UNIT and UNCERTAINTY') );
#2543 = ( LENGTH_UNIT() NAMED_UNIT(*) SI_UNIT(.MILLI.,.METRE.) );
#2544 = ( NAMED_UNIT(*) PLANE_ANGLE_UNIT() SI_UNIT($,.RADIAN.) );
#2545 = ( NAMED_UNIT(*) SI_UNIT($,.STERADIAN.) SOLID_ANGLE_UNIT() );
#2546 = UNCERTAINTY_MEASURE_WITH_UNIT(LENGTH_MEASURE(1.E-07),#2543,
  'distance_accuracy_value','confusion accuracy');
#2547 = CONTEXT_DEPENDENT_SHAPE_REPRESENTATION(#2548,#2550);
#2548 = ( REPRESENTATION_RELATIONSHIP('','',#2443,#2420) 
REPRESENTATION_RELATIONSHIP_WITH_TRANSFORMATION(#2549) 
SHAPE_REPRESENTATION_RELATIONSHIP() );
#2549 = ITEM_DEFINED_TRANSFORMATION('','',#11,#2421);
#2550 = PRODUCT_DEFINITION_SHAPE('Placement','Placement of an item',
  #2551);
#2551 = NEXT_ASSEMBLY_USAGE_OCCURRENCE('434','=>[0:1:1:25]','',#2415,
  #2438,$);
#2552 = PRODUCT_RELATED_PRODUCT_CATEGORY('part',$,(#2440));
#2553 = SHAPE_DEFINITION_REPRESENTATION(#2554,#2560);
#2554 = PRODUCT_DEFINITION_SHAPE('','',#2555);
#2555 = PRODUCT_DEFINITION('design','',#2556,#2559);
#2556 = PRODUCT_DEFINITION_FORMATION('','',#2557);
#2557 = PRODUCT('left_finger_02_base_knuckle',
  'left_finger_02_base_knuckle','',(#2558));
#2558 = PRODUCT_CONTEXT('',#2,'mechanical');
#2559 = PRODUCT_DEFINITION_CONTEXT('part definition',#2,'design');
#2560 = SHAPE_REPRESENTATION('',(#11,#2561),#2565);
#2561 = AXIS2_PLACEMENT_3D('',#2562,#2563,#2564);
#2562 = CARTESIAN_POINT('',(0.,0.,0.));
#2563 = DIRECTION('',(0.,0.,1.));
#2564 = DIRECTION('',(1.,0.,0.));
#2565 = ( GEOMETRIC_REPRESENTATION_CONTEXT(3) 
GLOBAL_UNCERTAINTY_ASSIGNED_CONTEXT((#2569)) 
GLOBAL_UNIT_ASSIGNED_CONTEXT((#2566,#2567,#2568)) REPRESENTATION_CONTEXT
('Context #1','3D Context with UNIT and UNCERTAINTY') );
#2566 = ( LENGTH_UNIT() NAMED_UNIT(*) SI_UNIT(.MILLI.,.METRE.) );
#2567 = ( NAMED_UNIT(*) PLANE_ANGLE_UNIT() SI_UNIT($,.RADIAN.) );
#2568 = ( NAMED_UNIT(*) SI_UNIT($,.STERADIAN.) SOLID_ANGLE_UNIT() );
#2569 = UNCERTAINTY_MEASURE_WITH_UNIT(LENGTH_MEASURE(1.E-07),#2566,
  'distance_accuracy_value','confusion accuracy');
#2570 = CONTEXT_DEPENDENT_SHAPE_REPRESENTATION(#2571,#2573);
#2571 = ( REPRESENTATION_RELATIONSHIP('','',#2560,#10) 
REPRESENTATION_RELATIONSHIP_WITH_TRANSFORMATION(#2572) 
SHAPE_REPRESENTATION_RELATIONSHIP() );
#2572 = ITEM_DEFINED_TRANSFORMATION('','',#11,#63);
#2573 = PRODUCT_DEFINITION_SHAPE('Placement','Placement of an item',
  #2574);
#2574 = NEXT_ASSEMBLY_USAGE_OCCURRENCE('437','=>[0:1:1:26]','',#5,#2555,
  $);
#2575 = PRODUCT_RELATED_PRODUCT_CATEGORY('part',$,(#2557));
#2576 = SHAPE_DEFINITION_REPRESENTATION(#2577,#2583);
#2577 = PRODUCT_DEFINITION_SHAPE('','',#2578);
#2578 = PRODUCT_DEFINITION('design','',#2579,#2582);
#2579 = PRODUCT_DEFINITION_FORMATION('','',#2580);
#2580 = PRODUCT('SOLID','SOLID','',(#2581));
#2581 = PRODUCT_CONTEXT('',#2,'mechanical');
#2582 = PRODUCT_DEFINITION_CONTEXT('part definition',#2,'design');
#2583 = ADVANCED_BREP_SHAPE_REPRESENTATION('',(#11,#2584),#2596);
#2584 = MANIFOLD_SOLID_BREP('',#2585);
#2585 = CLOSED_SHELL('',(#2586));
#2586 = ADVANCED_FACE('',(#2587),#2591,.T.);
#2587 = FACE_BOUND('',#2588,.T.);
#2588 = VERTEX_LOOP('',#2589);
#2589 = VERTEX_POINT('',#2590);
#2590 = CARTESIAN_POINT('',(3.429011037613E-16,-8.398654782906E-32,-5.6)
  );
#2591 = SPHERICAL_SURFACE('',#2592,5.6);
#2592 = AXIS2_PLACEMENT_3D('',#2593,#2594,#2595);
#2593 = CARTESIAN_POINT('',(0.,0.,0.));
#2594 = DIRECTION('',(0.,0.,1.));
#2595 = DIRECTION('',(1.,0.,-0.));
#2596 = ( GEOMETRIC_REPRESENTATION_CONTEXT(3) 
GLOBAL_UNCERTAINTY_ASSIGNED_CONTEXT((#2600)) 
GLOBAL_UNIT_ASSIGNED_CONTEXT((#2597,#2598,#2599)) REPRESENTATION_CONTEXT
('Context #1','3D Context with UNIT and UNCERTAINTY') );
#2597 = ( LENGTH_UNIT() NAMED_UNIT(*) SI_UNIT(.MILLI.,.METRE.) );
#2598 = ( NAMED_UNIT(*) PLANE_ANGLE_UNIT() SI_UNIT($,.RADIAN.) );
#2599 = ( NAMED_UNIT(*) SI_UNIT($,.STERADIAN.) SOLID_ANGLE_UNIT() );
#2600 = UNCERTAINTY_MEASURE_WITH_UNIT(LENGTH_MEASURE(1.E-07),#2597,
  'distance_accuracy_value','confusion accuracy');
#2601 = CONTEXT_DEPENDENT_SHAPE_REPRESENTATION(#2602,#2604);
#2602 = ( REPRESENTATION_RELATIONSHIP('','',#2583,#2560) 
REPRESENTATION_RELATIONSHIP_WITH_TRANSFORMATION(#2603) 
SHAPE_REPRESENTATION_RELATIONSHIP() );
#2603 = ITEM_DEFINED_TRANSFORMATION('','',#11,#2561);
#2604 = PRODUCT_DEFINITION_SHAPE('Placement','Placement of an item',
  #2605);
#2605 = NEXT_ASSEMBLY_USAGE_OCCURRENCE('436','=>[0:1:1:27]','',#2555,
  #2578,$);
#2606 = PRODUCT_RELATED_PRODUCT_CATEGORY('part',$,(#2580));
#2607 = SHAPE_DEFINITION_REPRESENTATION(#2608,#2614);
#2608 = PRODUCT_DEFINITION_SHAPE('','',#2609);
#2609 = PRODUCT_DEFINITION('design','',#2610,#2613);
#2610 = PRODUCT_DEFINITION_FORMATION('','',#2611);
#2611 = PRODUCT('left_finger_02_proximal_link',
  'left_finger_02_proximal_link','',(#2612));
#2612 = PRODUCT_CONTEXT('',#2,'mechanical');
#2613 = PRODUCT_DEFINITION_CONTEXT('part definition',#2,'design');
#2614 = SHAPE_REPRESENTATION('',(#11,#2615),#2619);
#2615 = AXIS2_PLACEMENT_3D('',#2616,#2617,#2618);
#2616 = CARTESIAN_POINT('',(0.,0.,-13.96388198174));
#2617 = DIRECTION('',(0.,0.,1.));
#2618 = DIRECTION('',(1.,0.,0.));
#2619 = ( GEOMETRIC_REPRESENTATION_CONTEXT(3) 
GLOBAL_UNCERTAINTY_ASSIGNED_CONTEXT((#2623)) 
GLOBAL_UNIT_ASSIGNED_CONTEXT((#2620,#2621,#2622)) REPRESENTATION_CONTEXT
('Context #1','3D Context with UNIT and UNCERTAINTY') );
#2620 = ( LENGTH_UNIT() NAMED_UNIT(*) SI_UNIT(.MILLI.,.METRE.) );
#2621 = ( NAMED_UNIT(*) PLANE_ANGLE_UNIT() SI_UNIT($,.RADIAN.) );
#2622 = ( NAMED_UNIT(*) SI_UNIT($,.STERADIAN.) SOLID_ANGLE_UNIT() );
#2623 = UNCERTAINTY_MEASURE_WITH_UNIT(LENGTH_MEASURE(1.E-07),#2620,
  'distance_accuracy_value','confusion accuracy');
#2624 = CONTEXT_DEPENDENT_SHAPE_REPRESENTATION(#2625,#2627);
#2625 = ( REPRESENTATION_RELATIONSHIP('','',#2614,#10) 
REPRESENTATION_RELATIONSHIP_WITH_TRANSFORMATION(#2626) 
SHAPE_REPRESENTATION_RELATIONSHIP() );
#2626 = ITEM_DEFINED_TRANSFORMATION('','',#11,#67);
#2627 = PRODUCT_DEFINITION_SHAPE('Placement','Placement of an item',
  #2628);
#2628 = NEXT_ASSEMBLY_USAGE_OCCURRENCE('439','=>[0:1:1:28]','',#5,#2609,
  $);
#2629 = PRODUCT_RELATED_PRODUCT_CATEGORY('part',$,(#2611));
#2630 = SHAPE_DEFINITION_REPRESENTATION(#2631,#2637);
#2631 = PRODUCT_DEFINITION_SHAPE('','',#2632);
#2632 = PRODUCT_DEFINITION('design','',#2633,#2636);
#2633 = PRODUCT_DEFINITION_FORMATION('','',#2634);
#2634 = PRODUCT('SOLID','SOLID','',(#2635));
#2635 = PRODUCT_CONTEXT('',#2,'mechanical');
#2636 = PRODUCT_DEFINITION_CONTEXT('part definition',#2,'design');
#2637 = ADVANCED_BREP_SHAPE_REPRESENTATION('',(#11,#2638),#2736);
#2638 = MANIFOLD_SOLID_BREP('',#2639);
#2639 = CLOSED_SHELL('',(#2640,#2728,#2732));
#2640 = ADVANCED_FACE('',(#2641),#2654,.T.);
#2641 = FACE_BOUND('',#2642,.T.);
#2642 = EDGE_LOOP('',(#2643,#2677,#2700,#2727));
#2643 = ORIENTED_EDGE('',*,*,#2644,.F.);
#2644 = EDGE_CURVE('',#2645,#2645,#2647,.T.);
#2645 = VERTEX_POINT('',#2646);
#2646 = CARTESIAN_POINT('',(4.4,-1.07768918325E-15,27.927763963483));
#2647 = SURFACE_CURVE('',#2648,(#2653,#2665),.PCURVE_S1.);
#2648 = CIRCLE('',#2649,4.4);
#2649 = AXIS2_PLACEMENT_3D('',#2650,#2651,#2652);
#2650 = CARTESIAN_POINT('',(0.,0.,27.927763963483));
#2651 = DIRECTION('',(0.,0.,1.));
#2652 = DIRECTION('',(1.,0.,-0.));
#2653 = PCURVE('',#2654,#2659);
#2654 = CYLINDRICAL_SURFACE('',#2655,4.4);
#2655 = AXIS2_PLACEMENT_3D('',#2656,#2657,#2658);
#2656 = CARTESIAN_POINT('',(0.,0.,0.));
#2657 = DIRECTION('',(0.,0.,1.));
#2658 = DIRECTION('',(1.,0.,-0.));
#2659 = DEFINITIONAL_REPRESENTATION('',(#2660),#2664);
#2660 = LINE('',#2661,#2662);
#2661 = CARTESIAN_POINT('',(0.,27.927763963483));
#2662 = VECTOR('',#2663,1.);
#2663 = DIRECTION('',(1.,0.));
#2664 = ( GEOMETRIC_REPRESENTATION_CONTEXT(2) 
PARAMETRIC_REPRESENTATION_CONTEXT() REPRESENTATION_CONTEXT('2D SPACE',''
  ) );
#2665 = PCURVE('',#2666,#2671);
#2666 = PLANE('',#2667);
#2667 = AXIS2_PLACEMENT_3D('',#2668,#2669,#2670);
#2668 = CARTESIAN_POINT('',(0.,0.,27.927763963483));
#2669 = DIRECTION('',(0.,0.,1.));
#2670 = DIRECTION('',(1.,0.,-0.));
#2671 = DEFINITIONAL_REPRESENTATION('',(#2672),#2676);
#2672 = CIRCLE('',#2673,4.4);
#2673 = AXIS2_PLACEMENT_2D('',#2674,#2675);
#2674 = CARTESIAN_POINT('',(0.,0.));
#2675 = DIRECTION('',(1.,0.));
#2676 = ( GEOMETRIC_REPRESENTATION_CONTEXT(2) 
PARAMETRIC_REPRESENTATION_CONTEXT() REPRESENTATION_CONTEXT('2D SPACE',''
  ) );
#2677 = ORIENTED_EDGE('',*,*,#2678,.F.);
#2678 = EDGE_CURVE('',#2679,#2645,#2681,.T.);
#2679 = VERTEX_POINT('',#2680);
#2680 = CARTESIAN_POINT('',(4.4,-1.07768918325E-15,0.));
#2681 = SEAM_CURVE('',#2682,(#2686,#2693),.PCURVE_S1.);
#2682 = LINE('',#2683,#2684);
#2683 = CARTESIAN_POINT('',(4.4,-1.07768918325E-15,0.));
#2684 = VECTOR('',#2685,1.);
#2685 = DIRECTION('',(0.,0.,1.));
#2686 = PCURVE('',#2654,#2687);
#2687 = DEFINITIONAL_REPRESENTATION('',(#2688),#2692);
#2688 = LINE('',#2689,#2690);
#2689 = CARTESIAN_POINT('',(6.28318530718,-0.));
#2690 = VECTOR('',#2691,1.);
#2691 = DIRECTION('',(0.,1.));
#2692 = ( GEOMETRIC_REPRESENTATION_CONTEXT(2) 
PARAMETRIC_REPRESENTATION_CONTEXT() REPRESENTATION_CONTEXT('2D SPACE',''
  ) );
#2693 = PCURVE('',#2654,#2694);
#2694 = DEFINITIONAL_REPRESENTATION('',(#2695),#2699);
#2695 = LINE('',#2696,#2697);
#2696 = CARTESIAN_POINT('',(0.,-0.));
#2697 = VECTOR('',#2698,1.);
#2698 = DIRECTION('',(0.,1.));
#2699 = ( GEOMETRIC_REPRESENTATION_CONTEXT(2) 
PARAMETRIC_REPRESENTATION_CONTEXT() REPRESENTATION_CONTEXT('2D SPACE',''
  ) );
#2700 = ORIENTED_EDGE('',*,*,#2701,.T.);
#2701 = EDGE_CURVE('',#2679,#2679,#2702,.T.);
#2702 = SURFACE_CURVE('',#2703,(#2708,#2715),.PCURVE_S1.);
#2703 = CIRCLE('',#2704,4.4);
#2704 = AXIS2_PLACEMENT_3D('',#2705,#2706,#2707);
#2705 = CARTESIAN_POINT('',(0.,0.,0.));
#2706 = DIRECTION('',(0.,0.,1.));
#2707 = DIRECTION('',(1.,0.,-0.));
#2708 = PCURVE('',#2654,#2709);
#2709 = DEFINITIONAL_REPRESENTATION('',(#2710),#2714);
#2710 = LINE('',#2711,#2712);
#2711 = CARTESIAN_POINT('',(0.,0.));
#2712 = VECTOR('',#2713,1.);
#2713 = DIRECTION('',(1.,0.));
#2714 = ( GEOMETRIC_REPRESENTATION_CONTEXT(2) 
PARAMETRIC_REPRESENTATION_CONTEXT() REPRESENTATION_CONTEXT('2D SPACE',''
  ) );
#2715 = PCURVE('',#2716,#2721);
#2716 = PLANE('',#2717);
#2717 = AXIS2_PLACEMENT_3D('',#2718,#2719,#2720);
#2718 = CARTESIAN_POINT('',(0.,0.,0.));
#2719 = DIRECTION('',(0.,0.,1.));
#2720 = DIRECTION('',(1.,0.,-0.));
#2721 = DEFINITIONAL_REPRESENTATION('',(#2722),#2726);
#2722 = CIRCLE('',#2723,4.4);
#2723 = AXIS2_PLACEMENT_2D('',#2724,#2725);
#2724 = CARTESIAN_POINT('',(0.,0.));
#2725 = DIRECTION('',(1.,0.));
#2726 = ( GEOMETRIC_REPRESENTATION_CONTEXT(2) 
PARAMETRIC_REPRESENTATION_CONTEXT() REPRESENTATION_CONTEXT('2D SPACE',''
  ) );
#2727 = ORIENTED_EDGE('',*,*,#2678,.T.);
#2728 = ADVANCED_FACE('',(#2729),#2666,.T.);
#2729 = FACE_BOUND('',#2730,.T.);
#2730 = EDGE_LOOP('',(#2731));
#2731 = ORIENTED_EDGE('',*,*,#2644,.T.);
#2732 = ADVANCED_FACE('',(#2733),#2716,.F.);
#2733 = FACE_BOUND('',#2734,.T.);
#2734 = EDGE_LOOP('',(#2735));
#2735 = ORIENTED_EDGE('',*,*,#2701,.F.);
#2736 = ( GEOMETRIC_REPRESENTATION_CONTEXT(3) 
GLOBAL_UNCERTAINTY_ASSIGNED_CONTEXT((#2740)) 
GLOBAL_UNIT_ASSIGNED_CONTEXT((#2737,#2738,#2739)) REPRESENTATION_CONTEXT
('Context #1','3D Context with UNIT and UNCERTAINTY') );
#2737 = ( LENGTH_UNIT() NAMED_UNIT(*) SI_UNIT(.MILLI.,.METRE.) );
#2738 = ( NAMED_UNIT(*) PLANE_ANGLE_UNIT() SI_UNIT($,.RADIAN.) );
#2739 = ( NAMED_UNIT(*) SI_UNIT($,.STERADIAN.) SOLID_ANGLE_UNIT() );
#2740 = UNCERTAINTY_MEASURE_WITH_UNIT(LENGTH_MEASURE(1.E-07),#2737,
  'distance_accuracy_value','confusion accuracy');
#2741 = CONTEXT_DEPENDENT_SHAPE_REPRESENTATION(#2742,#2744);
#2742 = ( REPRESENTATION_RELATIONSHIP('','',#2637,#2614) 
REPRESENTATION_RELATIONSHIP_WITH_TRANSFORMATION(#2743) 
SHAPE_REPRESENTATION_RELATIONSHIP() );
#2743 = ITEM_DEFINED_TRANSFORMATION('','',#11,#2615);
#2744 = PRODUCT_DEFINITION_SHAPE('Placement','Placement of an item',
  #2745);
#2745 = NEXT_ASSEMBLY_USAGE_OCCURRENCE('438','=>[0:1:1:29]','',#2609,
  #2632,$);
#2746 = PRODUCT_RELATED_PRODUCT_CATEGORY('part',$,(#2634));
#2747 = SHAPE_DEFINITION_REPRESENTATION(#2748,#2754);
#2748 = PRODUCT_DEFINITION_SHAPE('','',#2749);
#2749 = PRODUCT_DEFINITION('design','',#2750,#2753);
#2750 = PRODUCT_DEFINITION_FORMATION('','',#2751);
#2751 = PRODUCT('left_finger_02_middle_link',
  'left_finger_02_middle_link','',(#2752));
#2752 = PRODUCT_CONTEXT('',#2,'mechanical');
#2753 = PRODUCT_DEFINITION_CONTEXT('part definition',#2,'design');
#2754 = SHAPE_REPRESENTATION('',(#11,#2755),#2759);
#2755 = AXIS2_PLACEMENT_3D('',#2756,#2757,#2758);
#2756 = CARTESIAN_POINT('',(0.,0.,-12.26998370007));
#2757 = DIRECTION('',(0.,0.,1.));
#2758 = DIRECTION('',(1.,0.,0.));
#2759 = ( GEOMETRIC_REPRESENTATION_CONTEXT(3) 
GLOBAL_UNCERTAINTY_ASSIGNED_CONTEXT((#2763)) 
GLOBAL_UNIT_ASSIGNED_CONTEXT((#2760,#2761,#2762)) REPRESENTATION_CONTEXT
('Context #1','3D Context with UNIT and UNCERTAINTY') );
#2760 = ( LENGTH_UNIT() NAMED_UNIT(*) SI_UNIT(.MILLI.,.METRE.) );
#2761 = ( NAMED_UNIT(*) PLANE_ANGLE_UNIT() SI_UNIT($,.RADIAN.) );
#2762 = ( NAMED_UNIT(*) SI_UNIT($,.STERADIAN.) SOLID_ANGLE_UNIT() );
#2763 = UNCERTAINTY_MEASURE_WITH_UNIT(LENGTH_MEASURE(1.E-07),#2760,
  'distance_accuracy_value','confusion accuracy');
#2764 = CONTEXT_DEPENDENT_SHAPE_REPRESENTATION(#2765,#2767);
#2765 = ( REPRESENTATION_RELATIONSHIP('','',#2754,#10) 
REPRESENTATION_RELATIONSHIP_WITH_TRANSFORMATION(#2766) 
SHAPE_REPRESENTATION_RELATIONSHIP() );
#2766 = ITEM_DEFINED_TRANSFORMATION('','',#11,#71);
#2767 = PRODUCT_DEFINITION_SHAPE('Placement','Placement of an item',
  #2768);
#2768 = NEXT_ASSEMBLY_USAGE_OCCURRENCE('441','=>[0:1:1:30]','',#5,#2749,
  $);
#2769 = PRODUCT_RELATED_PRODUCT_CATEGORY('part',$,(#2751));
#2770 = SHAPE_DEFINITION_REPRESENTATION(#2771,#2777);
#2771 = PRODUCT_DEFINITION_SHAPE('','',#2772);
#2772 = PRODUCT_DEFINITION('design','',#2773,#2776);
#2773 = PRODUCT_DEFINITION_FORMATION('','',#2774);
#2774 = PRODUCT('SOLID','SOLID','',(#2775));
#2775 = PRODUCT_CONTEXT('',#2,'mechanical');
#2776 = PRODUCT_DEFINITION_CONTEXT('part definition',#2,'design');
#2777 = ADVANCED_BREP_SHAPE_REPRESENTATION('',(#11,#2778),#2876);
#2778 = MANIFOLD_SOLID_BREP('',#2779);
#2779 = CLOSED_SHELL('',(#2780,#2868,#2872));
#2780 = ADVANCED_FACE('',(#2781),#2794,.T.);
#2781 = FACE_BOUND('',#2782,.T.);
#2782 = EDGE_LOOP('',(#2783,#2817,#2840,#2867));
#2783 = ORIENTED_EDGE('',*,*,#2784,.F.);
#2784 = EDGE_CURVE('',#2785,#2785,#2787,.T.);
#2785 = VERTEX_POINT('',#2786);
#2786 = CARTESIAN_POINT('',(3.8,-9.30731567352E-16,24.539967400141));
#2787 = SURFACE_CURVE('',#2788,(#2793,#2805),.PCURVE_S1.);
#2788 = CIRCLE('',#2789,3.8);
#2789 = AXIS2_PLACEMENT_3D('',#2790,#2791,#2792);
#2790 = CARTESIAN_POINT('',(0.,0.,24.539967400141));
#2791 = DIRECTION('',(0.,0.,1.));
#2792 = DIRECTION('',(1.,0.,-0.));
#2793 = PCURVE('',#2794,#2799);
#2794 = CYLINDRICAL_SURFACE('',#2795,3.8);
#2795 = AXIS2_PLACEMENT_3D('',#2796,#2797,#2798);
#2796 = CARTESIAN_POINT('',(0.,0.,0.));
#2797 = DIRECTION('',(0.,0.,1.));
#2798 = DIRECTION('',(1.,0.,-0.));
#2799 = DEFINITIONAL_REPRESENTATION('',(#2800),#2804);
#2800 = LINE('',#2801,#2802);
#2801 = CARTESIAN_POINT('',(0.,24.539967400141));
#2802 = VECTOR('',#2803,1.);
#2803 = DIRECTION('',(1.,0.));
#2804 = ( GEOMETRIC_REPRESENTATION_CONTEXT(2) 
PARAMETRIC_REPRESENTATION_CONTEXT() REPRESENTATION_CONTEXT('2D SPACE',''
  ) );
#2805 = PCURVE('',#2806,#2811);
#2806 = PLANE('',#2807);
#2807 = AXIS2_PLACEMENT_3D('',#2808,#2809,#2810);
#2808 = CARTESIAN_POINT('',(0.,0.,24.539967400141));
#2809 = DIRECTION('',(0.,0.,1.));
#2810 = DIRECTION('',(1.,0.,-0.));
#2811 = DEFINITIONAL_REPRESENTATION('',(#2812),#2816);
#2812 = CIRCLE('',#2813,3.8);
#2813 = AXIS2_PLACEMENT_2D('',#2814,#2815);
#2814 = CARTESIAN_POINT('',(0.,0.));
#2815 = DIRECTION('',(1.,0.));
#2816 = ( GEOMETRIC_REPRESENTATION_CONTEXT(2) 
PARAMETRIC_REPRESENTATION_CONTEXT() REPRESENTATION_CONTEXT('2D SPACE',''
  ) );
#2817 = ORIENTED_EDGE('',*,*,#2818,.F.);
#2818 = EDGE_CURVE('',#2819,#2785,#2821,.T.);
#2819 = VERTEX_POINT('',#2820);
#2820 = CARTESIAN_POINT('',(3.8,-9.30731567352E-16,0.));
#2821 = SEAM_CURVE('',#2822,(#2826,#2833),.PCURVE_S1.);
#2822 = LINE('',#2823,#2824);
#2823 = CARTESIAN_POINT('',(3.8,-9.30731567352E-16,0.));
#2824 = VECTOR('',#2825,1.);
#2825 = DIRECTION('',(0.,0.,1.));
#2826 = PCURVE('',#2794,#2827);
#2827 = DEFINITIONAL_REPRESENTATION('',(#2828),#2832);
#2828 = LINE('',#2829,#2830);
#2829 = CARTESIAN_POINT('',(6.28318530718,-0.));
#2830 = VECTOR('',#2831,1.);
#2831 = DIRECTION('',(0.,1.));
#2832 = ( GEOMETRIC_REPRESENTATION_CONTEXT(2) 
PARAMETRIC_REPRESENTATION_CONTEXT() REPRESENTATION_CONTEXT('2D SPACE',''
  ) );
#2833 = PCURVE('',#2794,#2834);
#2834 = DEFINITIONAL_REPRESENTATION('',(#2835),#2839);
#2835 = LINE('',#2836,#2837);
#2836 = CARTESIAN_POINT('',(0.,-0.));
#2837 = VECTOR('',#2838,1.);
#2838 = DIRECTION('',(0.,1.));
#2839 = ( GEOMETRIC_REPRESENTATION_CONTEXT(2) 
PARAMETRIC_REPRESENTATION_CONTEXT() REPRESENTATION_CONTEXT('2D SPACE',''
  ) );
#2840 = ORIENTED_EDGE('',*,*,#2841,.T.);
#2841 = EDGE_CURVE('',#2819,#2819,#2842,.T.);
#2842 = SURFACE_CURVE('',#2843,(#2848,#2855),.PCURVE_S1.);
#2843 = CIRCLE('',#2844,3.8);
#2844 = AXIS2_PLACEMENT_3D('',#2845,#2846,#2847);
#2845 = CARTESIAN_POINT('',(0.,0.,0.));
#2846 = DIRECTION('',(0.,0.,1.));
#2847 = DIRECTION('',(1.,0.,-0.));
#2848 = PCURVE('',#2794,#2849);
#2849 = DEFINITIONAL_REPRESENTATION('',(#2850),#2854);
#2850 = LINE('',#2851,#2852);
#2851 = CARTESIAN_POINT('',(0.,0.));
#2852 = VECTOR('',#2853,1.);
#2853 = DIRECTION('',(1.,0.));
#2854 = ( GEOMETRIC_REPRESENTATION_CONTEXT(2) 
PARAMETRIC_REPRESENTATION_CONTEXT() REPRESENTATION_CONTEXT('2D SPACE',''
  ) );
#2855 = PCURVE('',#2856,#2861);
#2856 = PLANE('',#2857);
#2857 = AXIS2_PLACEMENT_3D('',#2858,#2859,#2860);
#2858 = CARTESIAN_POINT('',(0.,0.,0.));
#2859 = DIRECTION('',(0.,0.,1.));
#2860 = DIRECTION('',(1.,0.,-0.));
#2861 = DEFINITIONAL_REPRESENTATION('',(#2862),#2866);
#2862 = CIRCLE('',#2863,3.8);
#2863 = AXIS2_PLACEMENT_2D('',#2864,#2865);
#2864 = CARTESIAN_POINT('',(0.,0.));
#2865 = DIRECTION('',(1.,0.));
#2866 = ( GEOMETRIC_REPRESENTATION_CONTEXT(2) 
PARAMETRIC_REPRESENTATION_CONTEXT() REPRESENTATION_CONTEXT('2D SPACE',''
  ) );
#2867 = ORIENTED_EDGE('',*,*,#2818,.T.);
#2868 = ADVANCED_FACE('',(#2869),#2806,.T.);
#2869 = FACE_BOUND('',#2870,.T.);
#2870 = EDGE_LOOP('',(#2871));
#2871 = ORIENTED_EDGE('',*,*,#2784,.T.);
#2872 = ADVANCED_FACE('',(#2873),#2856,.F.);
#2873 = FACE_BOUND('',#2874,.T.);
#2874 = EDGE_LOOP('',(#2875));
#2875 = ORIENTED_EDGE('',*,*,#2841,.F.);
#2876 = ( GEOMETRIC_REPRESENTATION_CONTEXT(3) 
GLOBAL_UNCERTAINTY_ASSIGNED_CONTEXT((#2880)) 
GLOBAL_UNIT_ASSIGNED_CONTEXT((#2877,#2878,#2879)) REPRESENTATION_CONTEXT
('Context #1','3D Context with UNIT and UNCERTAINTY') );
#2877 = ( LENGTH_UNIT() NAMED_UNIT(*) SI_UNIT(.MILLI.,.METRE.) );
#2878 = ( NAMED_UNIT(*) PLANE_ANGLE_UNIT() SI_UNIT($,.RADIAN.) );
#2879 = ( NAMED_UNIT(*) SI_UNIT($,.STERADIAN.) SOLID_ANGLE_UNIT() );
#2880 = UNCERTAINTY_MEASURE_WITH_UNIT(LENGTH_MEASURE(1.E-07),#2877,
  'distance_accuracy_value','confusion accuracy');
#2881 = CONTEXT_DEPENDENT_SHAPE_REPRESENTATION(#2882,#2884);
#2882 = ( REPRESENTATION_RELATIONSHIP('','',#2777,#2754) 
REPRESENTATION_RELATIONSHIP_WITH_TRANSFORMATION(#2883) 
SHAPE_REPRESENTATION_RELATIONSHIP() );
#2883 = ITEM_DEFINED_TRANSFORMATION('','',#11,#2755);
#2884 = PRODUCT_DEFINITION_SHAPE('Placement','Placement of an item',
  #2885);
#2885 = NEXT_ASSEMBLY_USAGE_OCCURRENCE('440','=>[0:1:1:31]','',#2749,
  #2772,$);
#2886 = PRODUCT_RELATED_PRODUCT_CATEGORY('part',$,(#2774));
#2887 = SHAPE_DEFINITION_REPRESENTATION(#2888,#2894);
#2888 = PRODUCT_DEFINITION_SHAPE('','',#2889);
#2889 = PRODUCT_DEFINITION('design','',#2890,#2893);
#2890 = PRODUCT_DEFINITION_FORMATION('','',#2891);
#2891 = PRODUCT('left_finger_02_distal_link',
  'left_finger_02_distal_link','',(#2892));
#2892 = PRODUCT_CONTEXT('',#2,'mechanical');
#2893 = PRODUCT_DEFINITION_CONTEXT('part definition',#2,'design');
#2894 = SHAPE_REPRESENTATION('',(#11,#2895),#2899);
#2895 = AXIS2_PLACEMENT_3D('',#2896,#2897,#2898);
#2896 = CARTESIAN_POINT('',(0.,0.,-10.12188223602));
#2897 = DIRECTION('',(0.,0.,1.));
#2898 = DIRECTION('',(1.,0.,0.));
#2899 = ( GEOMETRIC_REPRESENTATION_CONTEXT(3) 
GLOBAL_UNCERTAINTY_ASSIGNED_CONTEXT((#2903)) 
GLOBAL_UNIT_ASSIGNED_CONTEXT((#2900,#2901,#2902)) REPRESENTATION_CONTEXT
('Context #1','3D Context with UNIT and UNCERTAINTY') );
#2900 = ( LENGTH_UNIT() NAMED_UNIT(*) SI_UNIT(.MILLI.,.METRE.) );
#2901 = ( NAMED_UNIT(*) PLANE_ANGLE_UNIT() SI_UNIT($,.RADIAN.) );
#2902 = ( NAMED_UNIT(*) SI_UNIT($,.STERADIAN.) SOLID_ANGLE_UNIT() );
#2903 = UNCERTAINTY_MEASURE_WITH_UNIT(LENGTH_MEASURE(1.E-07),#2900,
  'distance_accuracy_value','confusion accuracy');
#2904 = CONTEXT_DEPENDENT_SHAPE_REPRESENTATION(#2905,#2907);
#2905 = ( REPRESENTATION_RELATIONSHIP('','',#2894,#10) 
REPRESENTATION_RELATIONSHIP_WITH_TRANSFORMATION(#2906) 
SHAPE_REPRESENTATION_RELATIONSHIP() );
#2906 = ITEM_DEFINED_TRANSFORMATION('','',#11,#75);
#2907 = PRODUCT_DEFINITION_SHAPE('Placement','Placement of an item',
  #2908);
#2908 = NEXT_ASSEMBLY_USAGE_OCCURRENCE('443','=>[0:1:1:32]','',#5,#2889,
  $);
#2909 = PRODUCT_RELATED_PRODUCT_CATEGORY('part',$,(#2891));
#2910 = SHAPE_DEFINITION_REPRESENTATION(#2911,#2917);
#2911 = PRODUCT_DEFINITION_SHAPE('','',#2912);
#2912 = PRODUCT_DEFINITION('design','',#2913,#2916);
#2913 = PRODUCT_DEFINITION_FORMATION('','',#2914);
#2914 = PRODUCT('SOLID','SOLID','',(#2915));
#2915 = PRODUCT_CONTEXT('',#2,'mechanical');
#2916 = PRODUCT_DEFINITION_CONTEXT('part definition',#2,'design');
#2917 = ADVANCED_BREP_SHAPE_REPRESENTATION('',(#11,#2918),#3016);
#2918 = MANIFOLD_SOLID_BREP('',#2919);
#2919 = CLOSED_SHELL('',(#2920,#3008,#3012));
#2920 = ADVANCED_FACE('',(#2921),#2934,.T.);
#2921 = FACE_BOUND('',#2922,.T.);
#2922 = EDGE_LOOP('',(#2923,#2957,#2980,#3007));
#2923 = ORIENTED_EDGE('',*,*,#2924,.F.);
#2924 = EDGE_CURVE('',#2925,#2925,#2927,.T.);
#2925 = VERTEX_POINT('',#2926);
#2926 = CARTESIAN_POINT('',(3.2,-7.837739514543E-16,20.243764472054));
#2927 = SURFACE_CURVE('',#2928,(#2933,#2945),.PCURVE_S1.);
#2928 = CIRCLE('',#2929,3.2);
#2929 = AXIS2_PLACEMENT_3D('',#2930,#2931,#2932);
#2930 = CARTESIAN_POINT('',(0.,0.,20.243764472054));
#2931 = DIRECTION('',(0.,0.,1.));
#2932 = DIRECTION('',(1.,0.,-0.));
#2933 = PCURVE('',#2934,#2939);
#2934 = CYLINDRICAL_SURFACE('',#2935,3.2);
#2935 = AXIS2_PLACEMENT_3D('',#2936,#2937,#2938);
#2936 = CARTESIAN_POINT('',(0.,0.,0.));
#2937 = DIRECTION('',(0.,0.,1.));
#2938 = DIRECTION('',(1.,0.,-0.));
#2939 = DEFINITIONAL_REPRESENTATION('',(#2940),#2944);
#2940 = LINE('',#2941,#2942);
#2941 = CARTESIAN_POINT('',(0.,20.243764472054));
#2942 = VECTOR('',#2943,1.);
#2943 = DIRECTION('',(1.,0.));
#2944 = ( GEOMETRIC_REPRESENTATION_CONTEXT(2) 
PARAMETRIC_REPRESENTATION_CONTEXT() REPRESENTATION_CONTEXT('2D SPACE',''
  ) );
#2945 = PCURVE('',#2946,#2951);
#2946 = PLANE('',#2947);
#2947 = AXIS2_PLACEMENT_3D('',#2948,#2949,#2950);
#2948 = CARTESIAN_POINT('',(0.,0.,20.243764472054));
#2949 = DIRECTION('',(0.,0.,1.));
#2950 = DIRECTION('',(1.,0.,-0.));
#2951 = DEFINITIONAL_REPRESENTATION('',(#2952),#2956);
#2952 = CIRCLE('',#2953,3.2);
#2953 = AXIS2_PLACEMENT_2D('',#2954,#2955);
#2954 = CARTESIAN_POINT('',(0.,0.));
#2955 = DIRECTION('',(1.,0.));
#2956 = ( GEOMETRIC_REPRESENTATION_CONTEXT(2) 
PARAMETRIC_REPRESENTATION_CONTEXT() REPRESENTATION_CONTEXT('2D SPACE',''
  ) );
#2957 = ORIENTED_EDGE('',*,*,#2958,.F.);
#2958 = EDGE_CURVE('',#2959,#2925,#2961,.T.);
#2959 = VERTEX_POINT('',#2960);
#2960 = CARTESIAN_POINT('',(3.2,-7.837739514543E-16,0.));
#2961 = SEAM_CURVE('',#2962,(#2966,#2973),.PCURVE_S1.);
#2962 = LINE('',#2963,#2964);
#2963 = CARTESIAN_POINT('',(3.2,-7.837739514543E-16,0.));
#2964 = VECTOR('',#2965,1.);
#2965 = DIRECTION('',(0.,0.,1.));
#2966 = PCURVE('',#2934,#2967);
#2967 = DEFINITIONAL_REPRESENTATION('',(#2968),#2972);
#2968 = LINE('',#2969,#2970);
#2969 = CARTESIAN_POINT('',(6.28318530718,-0.));
#2970 = VECTOR('',#2971,1.);
#2971 = DIRECTION('',(0.,1.));
#2972 = ( GEOMETRIC_REPRESENTATION_CONTEXT(2) 
PARAMETRIC_REPRESENTATION_CONTEXT() REPRESENTATION_CONTEXT('2D SPACE',''
  ) );
#2973 = PCURVE('',#2934,#2974);
#2974 = DEFINITIONAL_REPRESENTATION('',(#2975),#2979);
#2975 = LINE('',#2976,#2977);
#2976 = CARTESIAN_POINT('',(0.,-0.));
#2977 = VECTOR('',#2978,1.);
#2978 = DIRECTION('',(0.,1.));
#2979 = ( GEOMETRIC_REPRESENTATION_CONTEXT(2) 
PARAMETRIC_REPRESENTATION_CONTEXT() REPRESENTATION_CONTEXT('2D SPACE',''
  ) );
#2980 = ORIENTED_EDGE('',*,*,#2981,.T.);
#2981 = EDGE_CURVE('',#2959,#2959,#2982,.T.);
#2982 = SURFACE_CURVE('',#2983,(#2988,#2995),.PCURVE_S1.);
#2983 = CIRCLE('',#2984,3.2);
#2984 = AXIS2_PLACEMENT_3D('',#2985,#2986,#2987);
#2985 = CARTESIAN_POINT('',(0.,0.,0.));
#2986 = DIRECTION('',(0.,0.,1.));
#2987 = DIRECTION('',(1.,0.,-0.));
#2988 = PCURVE('',#2934,#2989);
#2989 = DEFINITIONAL_REPRESENTATION('',(#2990),#2994);
#2990 = LINE('',#2991,#2992);
#2991 = CARTESIAN_POINT('',(0.,0.));
#2992 = VECTOR('',#2993,1.);
#2993 = DIRECTION('',(1.,0.));
#2994 = ( GEOMETRIC_REPRESENTATION_CONTEXT(2) 
PARAMETRIC_REPRESENTATION_CONTEXT() REPRESENTATION_CONTEXT('2D SPACE',''
  ) );
#2995 = PCURVE('',#2996,#3001);
#2996 = PLANE('',#2997);
#2997 = AXIS2_PLACEMENT_3D('',#2998,#2999,#3000);
#2998 = CARTESIAN_POINT('',(0.,0.,0.));
#2999 = DIRECTION('',(0.,0.,1.));
#3000 = DIRECTION('',(1.,0.,-0.));
#3001 = DEFINITIONAL_REPRESENTATION('',(#3002),#3006);
#3002 = CIRCLE('',#3003,3.2);
#3003 = AXIS2_PLACEMENT_2D('',#3004,#3005);
#3004 = CARTESIAN_POINT('',(0.,0.));
#3005 = DIRECTION('',(1.,0.));
#3006 = ( GEOMETRIC_REPRESENTATION_CONTEXT(2) 
PARAMETRIC_REPRESENTATION_CONTEXT() REPRESENTATION_CONTEXT('2D SPACE',''
  ) );
#3007 = ORIENTED_EDGE('',*,*,#2958,.T.);
#3008 = ADVANCED_FACE('',(#3009),#2946,.T.);
#3009 = FACE_BOUND('',#3010,.T.);
#3010 = EDGE_LOOP('',(#3011));
#3011 = ORIENTED_EDGE('',*,*,#2924,.T.);
#3012 = ADVANCED_FACE('',(#3013),#2996,.F.);
#3013 = FACE_BOUND('',#3014,.T.);
#3014 = EDGE_LOOP('',(#3015));
#3015 = ORIENTED_EDGE('',*,*,#2981,.F.);
#3016 = ( GEOMETRIC_REPRESENTATION_CONTEXT(3) 
GLOBAL_UNCERTAINTY_ASSIGNED_CONTEXT((#3020)) 
GLOBAL_UNIT_ASSIGNED_CONTEXT((#3017,#3018,#3019)) REPRESENTATION_CONTEXT
('Context #1','3D Context with UNIT and UNCERTAINTY') );
#3017 = ( LENGTH_UNIT() NAMED_UNIT(*) SI_UNIT(.MILLI.,.METRE.) );
#3018 = ( NAMED_UNIT(*) PLANE_ANGLE_UNIT() SI_UNIT($,.RADIAN.) );
#3019 = ( NAMED_UNIT(*) SI_UNIT($,.STERADIAN.) SOLID_ANGLE_UNIT() );
#3020 = UNCERTAINTY_MEASURE_WITH_UNIT(LENGTH_MEASURE(1.E-07),#3017,
  'distance_accuracy_value','confusion accuracy');
#3021 = CONTEXT_DEPENDENT_SHAPE_REPRESENTATION(#3022,#3024);
#3022 = ( REPRESENTATION_RELATIONSHIP('','',#2917,#2894) 
REPRESENTATION_RELATIONSHIP_WITH_TRANSFORMATION(#3023) 
SHAPE_REPRESENTATION_RELATIONSHIP() );
#3023 = ITEM_DEFINED_TRANSFORMATION('','',#11,#2895);
#3024 = PRODUCT_DEFINITION_SHAPE('Placement','Placement of an item',
  #3025);
#3025 = NEXT_ASSEMBLY_USAGE_OCCURRENCE('442','=>[0:1:1:33]','',#2889,
  #2912,$);
#3026 = PRODUCT_RELATED_PRODUCT_CATEGORY('part',$,(#2914));
#3027 = SHAPE_DEFINITION_REPRESENTATION(#3028,#3034);
#3028 = PRODUCT_DEFINITION_SHAPE('','',#3029);
#3029 = PRODUCT_DEFINITION('design','',#3030,#3033);
#3030 = PRODUCT_DEFINITION_FORMATION('','',#3031);
#3031 = PRODUCT('left_finger_02_middle_knuckle',
  'left_finger_02_middle_knuckle','',(#3032));
#3032 = PRODUCT_CONTEXT('',#2,'mechanical');
#3033 = PRODUCT_DEFINITION_CONTEXT('part definition',#2,'design');
#3034 = SHAPE_REPRESENTATION('',(#11,#3035),#3039);
#3035 = AXIS2_PLACEMENT_3D('',#3036,#3037,#3038);
#3036 = CARTESIAN_POINT('',(0.,0.,0.));
#3037 = DIRECTION('',(0.,0.,1.));
#3038 = DIRECTION('',(1.,0.,0.));
#3039 = ( GEOMETRIC_REPRESENTATION_CONTEXT(3) 
GLOBAL_UNCERTAINTY_ASSIGNED_CONTEXT((#3043)) 
GLOBAL_UNIT_ASSIGNED_CONTEXT((#3040,#3041,#3042)) REPRESENTATION_CONTEXT
('Context #1','3D Context with UNIT and UNCERTAINTY') );
#3040 = ( LENGTH_UNIT() NAMED_UNIT(*) SI_UNIT(.MILLI.,.METRE.) );
#3041 = ( NAMED_UNIT(*) PLANE_ANGLE_UNIT() SI_UNIT($,.RADIAN.) );
#3042 = ( NAMED_UNIT(*) SI_UNIT($,.STERADIAN.) SOLID_ANGLE_UNIT() );
#3043 = UNCERTAINTY_MEASURE_WITH_UNIT(LENGTH_MEASURE(1.E-07),#3040,
  'distance_accuracy_value','confusion accuracy');
#3044 = CONTEXT_DEPENDENT_SHAPE_REPRESENTATION(#3045,#3047);
#3045 = ( REPRESENTATION_RELATIONSHIP('','',#3034,#10) 
REPRESENTATION_RELATIONSHIP_WITH_TRANSFORMATION(#3046) 
SHAPE_REPRESENTATION_RELATIONSHIP() );
#3046 = ITEM_DEFINED_TRANSFORMATION('','',#11,#79);
#3047 = PRODUCT_DEFINITION_SHAPE('Placement','Placement of an item',
  #3048);
#3048 = NEXT_ASSEMBLY_USAGE_OCCURRENCE('445','=>[0:1:1:34]','',#5,#3029,
  $);
#3049 = PRODUCT_RELATED_PRODUCT_CATEGORY('part',$,(#3031));
#3050 = SHAPE_DEFINITION_REPRESENTATION(#3051,#3057);
#3051 = PRODUCT_DEFINITION_SHAPE('','',#3052);
#3052 = PRODUCT_DEFINITION('design','',#3053,#3056);
#3053 = PRODUCT_DEFINITION_FORMATION('','',#3054);
#3054 = PRODUCT('SOLID','SOLID','',(#3055));
#3055 = PRODUCT_CONTEXT('',#2,'mechanical');
#3056 = PRODUCT_DEFINITION_CONTEXT('part definition',#2,'design');
#3057 = ADVANCED_BREP_SHAPE_REPRESENTATION('',(#11,#3058),#3070);
#3058 = MANIFOLD_SOLID_BREP('',#3059);
#3059 = CLOSED_SHELL('',(#3060));
#3060 = ADVANCED_FACE('',(#3061),#3065,.T.);
#3061 = FACE_BOUND('',#3062,.T.);
#3062 = VERTEX_LOOP('',#3063);
#3063 = VERTEX_POINT('',#3064);
#3064 = CARTESIAN_POINT('',(3.184081677783E-16,-7.798750869842E-32,-5.2)
  );
#3065 = SPHERICAL_SURFACE('',#3066,5.2);
#3066 = AXIS2_PLACEMENT_3D('',#3067,#3068,#3069);
#3067 = CARTESIAN_POINT('',(0.,0.,0.));
#3068 = DIRECTION('',(0.,0.,1.));
#3069 = DIRECTION('',(1.,0.,-0.));
#3070 = ( GEOMETRIC_REPRESENTATION_CONTEXT(3) 
GLOBAL_UNCERTAINTY_ASSIGNED_CONTEXT((#3074)) 
GLOBAL_UNIT_ASSIGNED_CONTEXT((#3071,#3072,#3073)) REPRESENTATION_CONTEXT
('Context #1','3D Context with UNIT and UNCERTAINTY') );
#3071 = ( LENGTH_UNIT() NAMED_UNIT(*) SI_UNIT(.MILLI.,.METRE.) );
#3072 = ( NAMED_UNIT(*) PLANE_ANGLE_UNIT() SI_UNIT($,.RADIAN.) );
#3073 = ( NAMED_UNIT(*) SI_UNIT($,.STERADIAN.) SOLID_ANGLE_UNIT() );
#3074 = UNCERTAINTY_MEASURE_WITH_UNIT(LENGTH_MEASURE(1.E-07),#3071,
  'distance_accuracy_value','confusion accuracy');
#3075 = CONTEXT_DEPENDENT_SHAPE_REPRESENTATION(#3076,#3078);
#3076 = ( REPRESENTATION_RELATIONSHIP('','',#3057,#3034) 
REPRESENTATION_RELATIONSHIP_WITH_TRANSFORMATION(#3077) 
SHAPE_REPRESENTATION_RELATIONSHIP() );
#3077 = ITEM_DEFINED_TRANSFORMATION('','',#11,#3035);
#3078 = PRODUCT_DEFINITION_SHAPE('Placement','Placement of an item',
  #3079);
#3079 = NEXT_ASSEMBLY_USAGE_OCCURRENCE('444','=>[0:1:1:35]','',#3029,
  #3052,$);
#3080 = PRODUCT_RELATED_PRODUCT_CATEGORY('part',$,(#3054));
#3081 = SHAPE_DEFINITION_REPRESENTATION(#3082,#3088);
#3082 = PRODUCT_DEFINITION_SHAPE('','',#3083);
#3083 = PRODUCT_DEFINITION('design','',#3084,#3087);
#3084 = PRODUCT_DEFINITION_FORMATION('','',#3085);
#3085 = PRODUCT('left_finger_02_distal_knuckle',
  'left_finger_02_distal_knuckle','',(#3086));
#3086 = PRODUCT_CONTEXT('',#2,'mechanical');
#3087 = PRODUCT_DEFINITION_CONTEXT('part definition',#2,'design');
#3088 = SHAPE_REPRESENTATION('',(#11,#3089),#3093);
#3089 = AXIS2_PLACEMENT_3D('',#3090,#3091,#3092);
#3090 = CARTESIAN_POINT('',(0.,0.,0.));
#3091 = DIRECTION('',(0.,0.,1.));
#3092 = DIRECTION('',(1.,0.,0.));
#3093 = ( GEOMETRIC_REPRESENTATION_CONTEXT(3) 
GLOBAL_UNCERTAINTY_ASSIGNED_CONTEXT((#3097)) 
GLOBAL_UNIT_ASSIGNED_CONTEXT((#3094,#3095,#3096)) REPRESENTATION_CONTEXT
('Context #1','3D Context with UNIT and UNCERTAINTY') );
#3094 = ( LENGTH_UNIT() NAMED_UNIT(*) SI_UNIT(.MILLI.,.METRE.) );
#3095 = ( NAMED_UNIT(*) PLANE_ANGLE_UNIT() SI_UNIT($,.RADIAN.) );
#3096 = ( NAMED_UNIT(*) SI_UNIT($,.STERADIAN.) SOLID_ANGLE_UNIT() );
#3097 = UNCERTAINTY_MEASURE_WITH_UNIT(LENGTH_MEASURE(1.E-07),#3094,
  'distance_accuracy_value','confusion accuracy');
#3098 = CONTEXT_DEPENDENT_SHAPE_REPRESENTATION(#3099,#3101);
#3099 = ( REPRESENTATION_RELATIONSHIP('','',#3088,#10) 
REPRESENTATION_RELATIONSHIP_WITH_TRANSFORMATION(#3100) 
SHAPE_REPRESENTATION_RELATIONSHIP() );
#3100 = ITEM_DEFINED_TRANSFORMATION('','',#11,#83);
#3101 = PRODUCT_DEFINITION_SHAPE('Placement','Placement of an item',
  #3102);
#3102 = NEXT_ASSEMBLY_USAGE_OCCURRENCE('447','=>[0:1:1:36]','',#5,#3083,
  $);
#3103 = PRODUCT_RELATED_PRODUCT_CATEGORY('part',$,(#3085));
#3104 = SHAPE_DEFINITION_REPRESENTATION(#3105,#3111);
#3105 = PRODUCT_DEFINITION_SHAPE('','',#3106);
#3106 = PRODUCT_DEFINITION('design','',#3107,#3110);
#3107 = PRODUCT_DEFINITION_FORMATION('','',#3108);
#3108 = PRODUCT('SOLID','SOLID','',(#3109));
#3109 = PRODUCT_CONTEXT('',#2,'mechanical');
#3110 = PRODUCT_DEFINITION_CONTEXT('part definition',#2,'design');
#3111 = ADVANCED_BREP_SHAPE_REPRESENTATION('',(#11,#3112),#3124);
#3112 = MANIFOLD_SOLID_BREP('',#3113);
#3113 = CLOSED_SHELL('',(#3114));
#3114 = ADVANCED_FACE('',(#3115),#3119,.T.);
#3115 = FACE_BOUND('',#3116,.T.);
#3116 = VERTEX_LOOP('',#3117);
#3117 = VERTEX_POINT('',#3118);
#3118 = CARTESIAN_POINT('',(2.939152317954E-16,-7.198846956777E-32,-4.8)
  );
#3119 = SPHERICAL_SURFACE('',#3120,4.8);
#3120 = AXIS2_PLACEMENT_3D('',#3121,#3122,#3123);
#3121 = CARTESIAN_POINT('',(0.,0.,0.));
#3122 = DIRECTION('',(0.,0.,1.));
#3123 = DIRECTION('',(1.,0.,-0.));
#3124 = ( GEOMETRIC_REPRESENTATION_CONTEXT(3) 
GLOBAL_UNCERTAINTY_ASSIGNED_CONTEXT((#3128)) 
GLOBAL_UNIT_ASSIGNED_CONTEXT((#3125,#3126,#3127)) REPRESENTATION_CONTEXT
('Context #1','3D Context with UNIT and UNCERTAINTY') );
#3125 = ( LENGTH_UNIT() NAMED_UNIT(*) SI_UNIT(.MILLI.,.METRE.) );
#3126 = ( NAMED_UNIT(*) PLANE_ANGLE_UNIT() SI_UNIT($,.RADIAN.) );
#3127 = ( NAMED_UNIT(*) SI_UNIT($,.STERADIAN.) SOLID_ANGLE_UNIT() );
#3128 = UNCERTAINTY_MEASURE_WITH_UNIT(LENGTH_MEASURE(1.E-07),#3125,
  'distance_accuracy_value','confusion accuracy');
#3129 = CONTEXT_DEPENDENT_SHAPE_REPRESENTATION(#3130,#3132);
#3130 = ( REPRESENTATION_RELATIONSHIP('','',#3111,#3088) 
REPRESENTATION_RELATIONSHIP_WITH_TRANSFORMATION(#3131) 
SHAPE_REPRESENTATION_RELATIONSHIP() );
#3131 = ITEM_DEFINED_TRANSFORMATION('','',#11,#3089);
#3132 = PRODUCT_DEFINITION_SHAPE('Placement','Placement of an item',
  #3133);
#3133 = NEXT_ASSEMBLY_USAGE_OCCURRENCE('446','=>[0:1:1:37]','',#3083,
  #3106,$);
#3134 = PRODUCT_RELATED_PRODUCT_CATEGORY('part',$,(#3108));
#3135 = SHAPE_DEFINITION_REPRESENTATION(#3136,#3142);
#3136 = PRODUCT_DEFINITION_SHAPE('','',#3137);
#3137 = PRODUCT_DEFINITION('design','',#3138,#3141);
#3138 = PRODUCT_DEFINITION_FORMATION('','',#3139);
#3139 = PRODUCT('left_finger_02_rounded_tip',
  'left_finger_02_rounded_tip','',(#3140));
#3140 = PRODUCT_CONTEXT('',#2,'mechanical');
#3141 = PRODUCT_DEFINITION_CONTEXT('part definition',#2,'design');
#3142 = SHAPE_REPRESENTATION('',(#11,#3143),#3147);
#3143 = AXIS2_PLACEMENT_3D('',#3144,#3145,#3146);
#3144 = CARTESIAN_POINT('',(0.,0.,0.));
#3145 = DIRECTION('',(0.,0.,1.));
#3146 = DIRECTION('',(1.,0.,0.));
#3147 = ( GEOMETRIC_REPRESENTATION_CONTEXT(3) 
GLOBAL_UNCERTAINTY_ASSIGNED_CONTEXT((#3151)) 
GLOBAL_UNIT_ASSIGNED_CONTEXT((#3148,#3149,#3150)) REPRESENTATION_CONTEXT
('Context #1','3D Context with UNIT and UNCERTAINTY') );
#3148 = ( LENGTH_UNIT() NAMED_UNIT(*) SI_UNIT(.MILLI.,.METRE.) );
#3149 = ( NAMED_UNIT(*) PLANE_ANGLE_UNIT() SI_UNIT($,.RADIAN.) );
#3150 = ( NAMED_UNIT(*) SI_UNIT($,.STERADIAN.) SOLID_ANGLE_UNIT() );
#3151 = UNCERTAINTY_MEASURE_WITH_UNIT(LENGTH_MEASURE(1.E-07),#3148,
  'distance_accuracy_value','confusion accuracy');
#3152 = CONTEXT_DEPENDENT_SHAPE_REPRESENTATION(#3153,#3155);
#3153 = ( REPRESENTATION_RELATIONSHIP('','',#3142,#10) 
REPRESENTATION_RELATIONSHIP_WITH_TRANSFORMATION(#3154) 
SHAPE_REPRESENTATION_RELATIONSHIP() );
#3154 = ITEM_DEFINED_TRANSFORMATION('','',#11,#87);
#3155 = PRODUCT_DEFINITION_SHAPE('Placement','Placement of an item',
  #3156);
#3156 = NEXT_ASSEMBLY_USAGE_OCCURRENCE('449','=>[0:1:1:38]','',#5,#3137,
  $);
#3157 = PRODUCT_RELATED_PRODUCT_CATEGORY('part',$,(#3139));
#3158 = SHAPE_DEFINITION_REPRESENTATION(#3159,#3165);
#3159 = PRODUCT_DEFINITION_SHAPE('','',#3160);
#3160 = PRODUCT_DEFINITION('design','',#3161,#3164);
#3161 = PRODUCT_DEFINITION_FORMATION('','',#3162);
#3162 = PRODUCT('SOLID','SOLID','',(#3163));
#3163 = PRODUCT_CONTEXT('',#2,'mechanical');
#3164 = PRODUCT_DEFINITION_CONTEXT('part definition',#2,'design');
#3165 = ADVANCED_BREP_SHAPE_REPRESENTATION('',(#11,#3166),#3178);
#3166 = MANIFOLD_SOLID_BREP('',#3167);
#3167 = CLOSED_SHELL('',(#3168));
#3168 = ADVANCED_FACE('',(#3169),#3173,.T.);
#3169 = FACE_BOUND('',#3170,.T.);
#3170 = VERTEX_LOOP('',#3171);
#3171 = VERTEX_POINT('',#3172);
#3172 = CARTESIAN_POINT('',(2.816687638039E-16,-6.898895000245E-32,-4.6)
  );
#3173 = SPHERICAL_SURFACE('',#3174,4.6);
#3174 = AXIS2_PLACEMENT_3D('',#3175,#3176,#3177);
#3175 = CARTESIAN_POINT('',(0.,0.,0.));
#3176 = DIRECTION('',(0.,0.,1.));
#3177 = DIRECTION('',(1.,0.,-0.));
#3178 = ( GEOMETRIC_REPRESENTATION_CONTEXT(3) 
GLOBAL_UNCERTAINTY_ASSIGNED_CONTEXT((#3182)) 
GLOBAL_UNIT_ASSIGNED_CONTEXT((#3179,#3180,#3181)) REPRESENTATION_CONTEXT
('Context #1','3D Context with UNIT and UNCERTAINTY') );
#3179 = ( LENGTH_UNIT() NAMED_UNIT(*) SI_UNIT(.MILLI.,.METRE.) );
#3180 = ( NAMED_UNIT(*) PLANE_ANGLE_UNIT() SI_UNIT($,.RADIAN.) );
#3181 = ( NAMED_UNIT(*) SI_UNIT($,.STERADIAN.) SOLID_ANGLE_UNIT() );
#3182 = UNCERTAINTY_MEASURE_WITH_UNIT(LENGTH_MEASURE(1.E-07),#3179,
  'distance_accuracy_value','confusion accuracy');
#3183 = CONTEXT_DEPENDENT_SHAPE_REPRESENTATION(#3184,#3186);
#3184 = ( REPRESENTATION_RELATIONSHIP('','',#3165,#3142) 
REPRESENTATION_RELATIONSHIP_WITH_TRANSFORMATION(#3185) 
SHAPE_REPRESENTATION_RELATIONSHIP() );
#3185 = ITEM_DEFINED_TRANSFORMATION('','',#11,#3143);
#3186 = PRODUCT_DEFINITION_SHAPE('Placement','Placement of an item',
  #3187);
#3187 = NEXT_ASSEMBLY_USAGE_OCCURRENCE('448','=>[0:1:1:39]','',#3137,
  #3160,$);
#3188 = PRODUCT_RELATED_PRODUCT_CATEGORY('part',$,(#3162));
#3189 = SHAPE_DEFINITION_REPRESENTATION(#3190,#3196);
#3190 = PRODUCT_DEFINITION_SHAPE('','',#3191);
#3191 = PRODUCT_DEFINITION('design','',#3192,#3195);
#3192 = PRODUCT_DEFINITION_FORMATION('','',#3193);
#3193 = PRODUCT('left_finger_02_black_tactile_pad',
  'left_finger_02_black_tactile_pad','',(#3194));
#3194 = PRODUCT_CONTEXT('',#2,'mechanical');
#3195 = PRODUCT_DEFINITION_CONTEXT('part definition',#2,'design');
#3196 = SHAPE_REPRESENTATION('',(#11,#3197),#3201);
#3197 = AXIS2_PLACEMENT_3D('',#3198,#3199,#3200);
#3198 = CARTESIAN_POINT('',(-3.5,-1.,-2.));
#3199 = DIRECTION('',(0.,0.,1.));
#3200 = DIRECTION('',(1.,0.,0.));
#3201 = ( GEOMETRIC_REPRESENTATION_CONTEXT(3) 
GLOBAL_UNCERTAINTY_ASSIGNED_CONTEXT((#3205)) 
GLOBAL_UNIT_ASSIGNED_CONTEXT((#3202,#3203,#3204)) REPRESENTATION_CONTEXT
('Context #1','3D Context with UNIT and UNCERTAINTY') );
#3202 = ( LENGTH_UNIT() NAMED_UNIT(*) SI_UNIT(.MILLI.,.METRE.) );
#3203 = ( NAMED_UNIT(*) PLANE_ANGLE_UNIT() SI_UNIT($,.RADIAN.) );
#3204 = ( NAMED_UNIT(*) SI_UNIT($,.STERADIAN.) SOLID_ANGLE_UNIT() );
#3205 = UNCERTAINTY_MEASURE_WITH_UNIT(LENGTH_MEASURE(1.E-07),#3202,
  'distance_accuracy_value','confusion accuracy');
#3206 = CONTEXT_DEPENDENT_SHAPE_REPRESENTATION(#3207,#3209);
#3207 = ( REPRESENTATION_RELATIONSHIP('','',#3196,#10) 
REPRESENTATION_RELATIONSHIP_WITH_TRANSFORMATION(#3208) 
SHAPE_REPRESENTATION_RELATIONSHIP() );
#3208 = ITEM_DEFINED_TRANSFORMATION('','',#11,#91);
#3209 = PRODUCT_DEFINITION_SHAPE('Placement','Placement of an item',
  #3210);
#3210 = NEXT_ASSEMBLY_USAGE_OCCURRENCE('451','=>[0:1:1:40]','',#5,#3191,
  $);
#3211 = PRODUCT_RELATED_PRODUCT_CATEGORY('part',$,(#3193));
#3212 = SHAPE_DEFINITION_REPRESENTATION(#3213,#3219);
#3213 = PRODUCT_DEFINITION_SHAPE('','',#3214);
#3214 = PRODUCT_DEFINITION('design','',#3215,#3218);
#3215 = PRODUCT_DEFINITION_FORMATION('','',#3216);
#3216 = PRODUCT('SOLID','SOLID','',(#3217));
#3217 = PRODUCT_CONTEXT('',#2,'mechanical');
#3218 = PRODUCT_DEFINITION_CONTEXT('part definition',#2,'design');
#3219 = ADVANCED_BREP_SHAPE_REPRESENTATION('',(#11,#3220),#3550);
#3220 = MANIFOLD_SOLID_BREP('',#3221);
#3221 = CLOSED_SHELL('',(#3222,#3342,#3442,#3489,#3536,#3543));
#3222 = ADVANCED_FACE('',(#3223),#3237,.F.);
#3223 = FACE_BOUND('',#3224,.F.);
#3224 = EDGE_LOOP('',(#3225,#3260,#3288,#3316));
#3225 = ORIENTED_EDGE('',*,*,#3226,.F.);
#3226 = EDGE_CURVE('',#3227,#3229,#3231,.T.);
#3227 = VERTEX_POINT('',#3228);
#3228 = CARTESIAN_POINT('',(0.,0.,0.));
#3229 = VERTEX_POINT('',#3230);
#3230 = CARTESIAN_POINT('',(0.,0.,4.));
#3231 = SURFACE_CURVE('',#3232,(#3236,#3248),.PCURVE_S1.);
#3232 = LINE('',#3233,#3234);
#3233 = CARTESIAN_POINT('',(0.,0.,0.));
#3234 = VECTOR('',#3235,1.);
#3235 = DIRECTION('',(0.,0.,1.));
#3236 = PCURVE('',#3237,#3242);
#3237 = PLANE('',#3238);
#3238 = AXIS2_PLACEMENT_3D('',#3239,#3240,#3241);
#3239 = CARTESIAN_POINT('',(0.,0.,0.));
#3240 = DIRECTION('',(1.,0.,-0.));
#3241 = DIRECTION('',(0.,0.,1.));
#3242 = DEFINITIONAL_REPRESENTATION('',(#3243),#3247);
#3243 = LINE('',#3244,#3245);
#3244 = CARTESIAN_POINT('',(0.,0.));
#3245 = VECTOR('',#3246,1.);
#3246 = DIRECTION('',(1.,0.));
#3247 = ( GEOMETRIC_REPRESENTATION_CONTEXT(2) 
PARAMETRIC_REPRESENTATION_CONTEXT() REPRESENTATION_CONTEXT('2D SPACE',''
  ) );
#3248 = PCURVE('',#3249,#3254);
#3249 = PLANE('',#3250);
#3250 = AXIS2_PLACEMENT_3D('',#3251,#3252,#3253);
#3251 = CARTESIAN_POINT('',(0.,0.,0.));
#3252 = DIRECTION('',(-0.,1.,0.));
#3253 = DIRECTION('',(0.,0.,1.));
#3254 = DEFINITIONAL_REPRESENTATION('',(#3255),#3259);
#3255 = LINE('',#3256,#3257);
#3256 = CARTESIAN_POINT('',(0.,0.));
#3257 = VECTOR('',#3258,1.);
#3258 = DIRECTION('',(1.,0.));
#3259 = ( GEOMETRIC_REPRESENTATION_CONTEXT(2) 
PARAMETRIC_REPRESENTATION_CONTEXT() REPRESENTATION_CONTEXT('2D SPACE',''
  ) );
#3260 = ORIENTED_EDGE('',*,*,#3261,.T.);
#3261 = EDGE_CURVE('',#3227,#3262,#3264,.T.);
#3262 = VERTEX_POINT('',#3263);
#3263 = CARTESIAN_POINT('',(0.,2.,0.));
#3264 = SURFACE_CURVE('',#3265,(#3269,#3276),.PCURVE_S1.);
#3265 = LINE('',#3266,#3267);
#3266 = CARTESIAN_POINT('',(0.,0.,0.));
#3267 = VECTOR('',#3268,1.);
#3268 = DIRECTION('',(-0.,1.,0.));
#3269 = PCURVE('',#3237,#3270);
#3270 = DEFINITIONAL_REPRESENTATION('',(#3271),#3275);
#3271 = LINE('',#3272,#3273);
#3272 = CARTESIAN_POINT('',(0.,0.));
#3273 = VECTOR('',#3274,1.);
#3274 = DIRECTION('',(0.,-1.));
#3275 = ( GEOMETRIC_REPRESENTATION_CONTEXT(2) 
PARAMETRIC_REPRESENTATION_CONTEXT() REPRESENTATION_CONTEXT('2D SPACE',''
  ) );
#3276 = PCURVE('',#3277,#3282);
#3277 = PLANE('',#3278);
#3278 = AXIS2_PLACEMENT_3D('',#3279,#3280,#3281);
#3279 = CARTESIAN_POINT('',(0.,0.,0.));
#3280 = DIRECTION('',(0.,0.,1.));
#3281 = DIRECTION('',(1.,0.,-0.));
#3282 = DEFINITIONAL_REPRESENTATION('',(#3283),#3287);
#3283 = LINE('',#3284,#3285);
#3284 = CARTESIAN_POINT('',(0.,0.));
#3285 = VECTOR('',#3286,1.);
#3286 = DIRECTION('',(0.,1.));
#3287 = ( GEOMETRIC_REPRESENTATION_CONTEXT(2) 
PARAMETRIC_REPRESENTATION_CONTEXT() REPRESENTATION_CONTEXT('2D SPACE',''
  ) );
#3288 = ORIENTED_EDGE('',*,*,#3289,.T.);
#3289 = EDGE_CURVE('',#3262,#3290,#3292,.T.);
#3290 = VERTEX_POINT('',#3291);
#3291 = CARTESIAN_POINT('',(0.,2.,4.));
#3292 = SURFACE_CURVE('',#3293,(#3297,#3304),.PCURVE_S1.);
#3293 = LINE('',#3294,#3295);
#3294 = CARTESIAN_POINT('',(0.,2.,0.));
#3295 = VECTOR('',#3296,1.);
#3296 = DIRECTION('',(0.,0.,1.));
#3297 = PCURVE('',#3237,#3298);
#3298 = DEFINITIONAL_REPRESENTATION('',(#3299),#3303);
#3299 = LINE('',#3300,#3301);
#3300 = CARTESIAN_POINT('',(0.,-2.));
#3301 = VECTOR('',#3302,1.);
#3302 = DIRECTION('',(1.,0.));
#3303 = ( GEOMETRIC_REPRESENTATION_CONTEXT(2) 
PARAMETRIC_REPRESENTATION_CONTEXT() REPRESENTATION_CONTEXT('2D SPACE',''
  ) );
#3304 = PCURVE('',#3305,#3310);
#3305 = PLANE('',#3306);
#3306 = AXIS2_PLACEMENT_3D('',#3307,#3308,#3309);
#3307 = CARTESIAN_POINT('',(0.,2.,0.));
#3308 = DIRECTION('',(-0.,1.,0.));
#3309 = DIRECTION('',(0.,0.,1.));
#3310 = DEFINITIONAL_REPRESENTATION('',(#3311),#3315);
#3311 = LINE('',#3312,#3313);
#3312 = CARTESIAN_POINT('',(0.,0.));
#3313 = VECTOR('',#3314,1.);
#3314 = DIRECTION('',(1.,0.));
#3315 = ( GEOMETRIC_REPRESENTATION_CONTEXT(2) 
PARAMETRIC_REPRESENTATION_CONTEXT() REPRESENTATION_CONTEXT('2D SPACE',''
  ) );
#3316 = ORIENTED_EDGE('',*,*,#3317,.F.);
#3317 = EDGE_CURVE('',#3229,#3290,#3318,.T.);
#3318 = SURFACE_CURVE('',#3319,(#3323,#3330),.PCURVE_S1.);
#3319 = LINE('',#3320,#3321);
#3320 = CARTESIAN_POINT('',(0.,0.,4.));
#3321 = VECTOR('',#3322,1.);
#3322 = DIRECTION('',(-0.,1.,0.));
#3323 = PCURVE('',#3237,#3324);
#3324 = DEFINITIONAL_REPRESENTATION('',(#3325),#3329);
#3325 = LINE('',#3326,#3327);
#3326 = CARTESIAN_POINT('',(4.,0.));
#3327 = VECTOR('',#3328,1.);
#3328 = DIRECTION('',(0.,-1.));
#3329 = ( GEOMETRIC_REPRESENTATION_CONTEXT(2) 
PARAMETRIC_REPRESENTATION_CONTEXT() REPRESENTATION_CONTEXT('2D SPACE',''
  ) );
#3330 = PCURVE('',#3331,#3336);
#3331 = PLANE('',#3332);
#3332 = AXIS2_PLACEMENT_3D('',#3333,#3334,#3335);
#3333 = CARTESIAN_POINT('',(0.,0.,4.));
#3334 = DIRECTION('',(0.,0.,1.));
#3335 = DIRECTION('',(1.,0.,-0.));
#3336 = DEFINITIONAL_REPRESENTATION('',(#3337),#3341);
#3337 = LINE('',#3338,#3339);
#3338 = CARTESIAN_POINT('',(0.,0.));
#3339 = VECTOR('',#3340,1.);
#3340 = DIRECTION('',(0.,1.));
#3341 = ( GEOMETRIC_REPRESENTATION_CONTEXT(2) 
PARAMETRIC_REPRESENTATION_CONTEXT() REPRESENTATION_CONTEXT('2D SPACE',''
  ) );
#3342 = ADVANCED_FACE('',(#3343),#3357,.T.);
#3343 = FACE_BOUND('',#3344,.T.);
#3344 = EDGE_LOOP('',(#3345,#3375,#3398,#3421));
#3345 = ORIENTED_EDGE('',*,*,#3346,.F.);
#3346 = EDGE_CURVE('',#3347,#3349,#3351,.T.);
#3347 = VERTEX_POINT('',#3348);
#3348 = CARTESIAN_POINT('',(7.,0.,0.));
#3349 = VERTEX_POINT('',#3350);
#3350 = CARTESIAN_POINT('',(7.,0.,4.));
#3351 = SURFACE_CURVE('',#3352,(#3356,#3368),.PCURVE_S1.);
#3352 = LINE('',#3353,#3354);
#3353 = CARTESIAN_POINT('',(7.,0.,0.));
#3354 = VECTOR('',#3355,1.);
#3355 = DIRECTION('',(0.,0.,1.));
#3356 = PCURVE('',#3357,#3362);
#3357 = PLANE('',#3358);
#3358 = AXIS2_PLACEMENT_3D('',#3359,#3360,#3361);
#3359 = CARTESIAN_POINT('',(7.,0.,0.));
#3360 = DIRECTION('',(1.,0.,-0.));
#3361 = DIRECTION('',(0.,0.,1.));
#3362 = DEFINITIONAL_REPRESENTATION('',(#3363),#3367);
#3363 = LINE('',#3364,#3365);
#3364 = CARTESIAN_POINT('',(0.,0.));
#3365 = VECTOR('',#3366,1.);
#3366 = DIRECTION('',(1.,0.));
#3367 = ( GEOMETRIC_REPRESENTATION_CONTEXT(2) 
PARAMETRIC_REPRESENTATION_CONTEXT() REPRESENTATION_CONTEXT('2D SPACE',''
  ) );
#3368 = PCURVE('',#3249,#3369);
#3369 = DEFINITIONAL_REPRESENTATION('',(#3370),#3374);
#3370 = LINE('',#3371,#3372);
#3371 = CARTESIAN_POINT('',(0.,7.));
#3372 = VECTOR('',#3373,1.);
#3373 = DIRECTION('',(1.,0.));
#3374 = ( GEOMETRIC_REPRESENTATION_CONTEXT(2) 
PARAMETRIC_REPRESENTATION_CONTEXT() REPRESENTATION_CONTEXT('2D SPACE',''
  ) );
#3375 = ORIENTED_EDGE('',*,*,#3376,.T.);
#3376 = EDGE_CURVE('',#3347,#3377,#3379,.T.);
#3377 = VERTEX_POINT('',#3378);
#3378 = CARTESIAN_POINT('',(7.,2.,0.));
#3379 = SURFACE_CURVE('',#3380,(#3384,#3391),.PCURVE_S1.);
#3380 = LINE('',#3381,#3382);
#3381 = CARTESIAN_POINT('',(7.,0.,0.));
#3382 = VECTOR('',#3383,1.);
#3383 = DIRECTION('',(-0.,1.,0.));
#3384 = PCURVE('',#3357,#3385);
#3385 = DEFINITIONAL_REPRESENTATION('',(#3386),#3390);
#3386 = LINE('',#3387,#3388);
#3387 = CARTESIAN_POINT('',(0.,0.));
#3388 = VECTOR('',#3389,1.);
#3389 = DIRECTION('',(0.,-1.));
#3390 = ( GEOMETRIC_REPRESENTATION_CONTEXT(2) 
PARAMETRIC_REPRESENTATION_CONTEXT() REPRESENTATION_CONTEXT('2D SPACE',''
  ) );
#3391 = PCURVE('',#3277,#3392);
#3392 = DEFINITIONAL_REPRESENTATION('',(#3393),#3397);
#3393 = LINE('',#3394,#3395);
#3394 = CARTESIAN_POINT('',(7.,0.));
#3395 = VECTOR('',#3396,1.);
#3396 = DIRECTION('',(0.,1.));
#3397 = ( GEOMETRIC_REPRESENTATION_CONTEXT(2) 
PARAMETRIC_REPRESENTATION_CONTEXT() REPRESENTATION_CONTEXT('2D SPACE',''
  ) );
#3398 = ORIENTED_EDGE('',*,*,#3399,.T.);
#3399 = EDGE_CURVE('',#3377,#3400,#3402,.T.);
#3400 = VERTEX_POINT('',#3401);
#3401 = CARTESIAN_POINT('',(7.,2.,4.));
#3402 = SURFACE_CURVE('',#3403,(#3407,#3414),.PCURVE_S1.);
#3403 = LINE('',#3404,#3405);
#3404 = CARTESIAN_POINT('',(7.,2.,0.));
#3405 = VECTOR('',#3406,1.);
#3406 = DIRECTION('',(0.,0.,1.));
#3407 = PCURVE('',#3357,#3408);
#3408 = DEFINITIONAL_REPRESENTATION('',(#3409),#3413);
#3409 = LINE('',#3410,#3411);
#3410 = CARTESIAN_POINT('',(0.,-2.));
#3411 = VECTOR('',#3412,1.);
#3412 = DIRECTION('',(1.,0.));
#3413 = ( GEOMETRIC_REPRESENTATION_CONTEXT(2) 
PARAMETRIC_REPRESENTATION_CONTEXT() REPRESENTATION_CONTEXT('2D SPACE',''
  ) );
#3414 = PCURVE('',#3305,#3415);
#3415 = DEFINITIONAL_REPRESENTATION('',(#3416),#3420);
#3416 = LINE('',#3417,#3418);
#3417 = CARTESIAN_POINT('',(0.,7.));
#3418 = VECTOR('',#3419,1.);
#3419 = DIRECTION('',(1.,0.));
#3420 = ( GEOMETRIC_REPRESENTATION_CONTEXT(2) 
PARAMETRIC_REPRESENTATION_CONTEXT() REPRESENTATION_CONTEXT('2D SPACE',''
  ) );
#3421 = ORIENTED_EDGE('',*,*,#3422,.F.);
#3422 = EDGE_CURVE('',#3349,#3400,#3423,.T.);
#3423 = SURFACE_CURVE('',#3424,(#3428,#3435),.PCURVE_S1.);
#3424 = LINE('',#3425,#3426);
#3425 = CARTESIAN_POINT('',(7.,0.,4.));
#3426 = VECTOR('',#3427,1.);
#3427 = DIRECTION('',(-0.,1.,0.));
#3428 = PCURVE('',#3357,#3429);
#3429 = DEFINITIONAL_REPRESENTATION('',(#3430),#3434);
#3430 = LINE('',#3431,#3432);
#3431 = CARTESIAN_POINT('',(4.,0.));
#3432 = VECTOR('',#3433,1.);
#3433 = DIRECTION('',(0.,-1.));
#3434 = ( GEOMETRIC_REPRESENTATION_CONTEXT(2) 
PARAMETRIC_REPRESENTATION_CONTEXT() REPRESENTATION_CONTEXT('2D SPACE',''
  ) );
#3435 = PCURVE('',#3331,#3436);
#3436 = DEFINITIONAL_REPRESENTATION('',(#3437),#3441);
#3437 = LINE('',#3438,#3439);
#3438 = CARTESIAN_POINT('',(7.,0.));
#3439 = VECTOR('',#3440,1.);
#3440 = DIRECTION('',(0.,1.));
#3441 = ( GEOMETRIC_REPRESENTATION_CONTEXT(2) 
PARAMETRIC_REPRESENTATION_CONTEXT() REPRESENTATION_CONTEXT('2D SPACE',''
  ) );
#3442 = ADVANCED_FACE('',(#3443),#3249,.F.);
#3443 = FACE_BOUND('',#3444,.F.);
#3444 = EDGE_LOOP('',(#3445,#3466,#3467,#3488));
#3445 = ORIENTED_EDGE('',*,*,#3446,.F.);
#3446 = EDGE_CURVE('',#3227,#3347,#3447,.T.);
#3447 = SURFACE_CURVE('',#3448,(#3452,#3459),.PCURVE_S1.);
#3448 = LINE('',#3449,#3450);
#3449 = CARTESIAN_POINT('',(0.,0.,0.));
#3450 = VECTOR('',#3451,1.);
#3451 = DIRECTION('',(1.,0.,-0.));
#3452 = PCURVE('',#3249,#3453);
#3453 = DEFINITIONAL_REPRESENTATION('',(#3454),#3458);
#3454 = LINE('',#3455,#3456);
#3455 = CARTESIAN_POINT('',(0.,0.));
#3456 = VECTOR('',#3457,1.);
#3457 = DIRECTION('',(0.,1.));
#3458 = ( GEOMETRIC_REPRESENTATION_CONTEXT(2) 
PARAMETRIC_REPRESENTATION_CONTEXT() REPRESENTATION_CONTEXT('2D SPACE',''
  ) );
#3459 = PCURVE('',#3277,#3460);
#3460 = DEFINITIONAL_REPRESENTATION('',(#3461),#3465);
#3461 = LINE('',#3462,#3463);
#3462 = CARTESIAN_POINT('',(0.,0.));
#3463 = VECTOR('',#3464,1.);
#3464 = DIRECTION('',(1.,0.));
#3465 = ( GEOMETRIC_REPRESENTATION_CONTEXT(2) 
PARAMETRIC_REPRESENTATION_CONTEXT() REPRESENTATION_CONTEXT('2D SPACE',''
  ) );
#3466 = ORIENTED_EDGE('',*,*,#3226,.T.);
#3467 = ORIENTED_EDGE('',*,*,#3468,.T.);
#3468 = EDGE_CURVE('',#3229,#3349,#3469,.T.);
#3469 = SURFACE_CURVE('',#3470,(#3474,#3481),.PCURVE_S1.);
#3470 = LINE('',#3471,#3472);
#3471 = CARTESIAN_POINT('',(0.,0.,4.));
#3472 = VECTOR('',#3473,1.);
#3473 = DIRECTION('',(1.,0.,-0.));
#3474 = PCURVE('',#3249,#3475);
#3475 = DEFINITIONAL_REPRESENTATION('',(#3476),#3480);
#3476 = LINE('',#3477,#3478);
#3477 = CARTESIAN_POINT('',(4.,0.));
#3478 = VECTOR('',#3479,1.);
#3479 = DIRECTION('',(0.,1.));
#3480 = ( GEOMETRIC_REPRESENTATION_CONTEXT(2) 
PARAMETRIC_REPRESENTATION_CONTEXT() REPRESENTATION_CONTEXT('2D SPACE',''
  ) );
#3481 = PCURVE('',#3331,#3482);
#3482 = DEFINITIONAL_REPRESENTATION('',(#3483),#3487);
#3483 = LINE('',#3484,#3485);
#3484 = CARTESIAN_POINT('',(0.,0.));
#3485 = VECTOR('',#3486,1.);
#3486 = DIRECTION('',(1.,0.));
#3487 = ( GEOMETRIC_REPRESENTATION_CONTEXT(2) 
PARAMETRIC_REPRESENTATION_CONTEXT() REPRESENTATION_CONTEXT('2D SPACE',''
  ) );
#3488 = ORIENTED_EDGE('',*,*,#3346,.F.);
#3489 = ADVANCED_FACE('',(#3490),#3305,.T.);
#3490 = FACE_BOUND('',#3491,.T.);
#3491 = EDGE_LOOP('',(#3492,#3513,#3514,#3535));
#3492 = ORIENTED_EDGE('',*,*,#3493,.F.);
#3493 = EDGE_CURVE('',#3262,#3377,#3494,.T.);
#3494 = SURFACE_CURVE('',#3495,(#3499,#3506),.PCURVE_S1.);
#3495 = LINE('',#3496,#3497);
#3496 = CARTESIAN_POINT('',(0.,2.,0.));
#3497 = VECTOR('',#3498,1.);
#3498 = DIRECTION('',(1.,0.,-0.));
#3499 = PCURVE('',#3305,#3500);
#3500 = DEFINITIONAL_REPRESENTATION('',(#3501),#3505);
#3501 = LINE('',#3502,#3503);
#3502 = CARTESIAN_POINT('',(0.,0.));
#3503 = VECTOR('',#3504,1.);
#3504 = DIRECTION('',(0.,1.));
#3505 = ( GEOMETRIC_REPRESENTATION_CONTEXT(2) 
PARAMETRIC_REPRESENTATION_CONTEXT() REPRESENTATION_CONTEXT('2D SPACE',''
  ) );
#3506 = PCURVE('',#3277,#3507);
#3507 = DEFINITIONAL_REPRESENTATION('',(#3508),#3512);
#3508 = LINE('',#3509,#3510);
#3509 = CARTESIAN_POINT('',(0.,2.));
#3510 = VECTOR('',#3511,1.);
#3511 = DIRECTION('',(1.,0.));
#3512 = ( GEOMETRIC_REPRESENTATION_CONTEXT(2) 
PARAMETRIC_REPRESENTATION_CONTEXT() REPRESENTATION_CONTEXT('2D SPACE',''
  ) );
#3513 = ORIENTED_EDGE('',*,*,#3289,.T.);
#3514 = ORIENTED_EDGE('',*,*,#3515,.T.);
#3515 = EDGE_CURVE('',#3290,#3400,#3516,.T.);
#3516 = SURFACE_CURVE('',#3517,(#3521,#3528),.PCURVE_S1.);
#3517 = LINE('',#3518,#3519);
#3518 = CARTESIAN_POINT('',(0.,2.,4.));
#3519 = VECTOR('',#3520,1.);
#3520 = DIRECTION('',(1.,0.,-0.));
#3521 = PCURVE('',#3305,#3522);
#3522 = DEFINITIONAL_REPRESENTATION('',(#3523),#3527);
#3523 = LINE('',#3524,#3525);
#3524 = CARTESIAN_POINT('',(4.,0.));
#3525 = VECTOR('',#3526,1.);
#3526 = DIRECTION('',(0.,1.));
#3527 = ( GEOMETRIC_REPRESENTATION_CONTEXT(2) 
PARAMETRIC_REPRESENTATION_CONTEXT() REPRESENTATION_CONTEXT('2D SPACE',''
  ) );
#3528 = PCURVE('',#3331,#3529);
#3529 = DEFINITIONAL_REPRESENTATION('',(#3530),#3534);
#3530 = LINE('',#3531,#3532);
#3531 = CARTESIAN_POINT('',(0.,2.));
#3532 = VECTOR('',#3533,1.);
#3533 = DIRECTION('',(1.,0.));
#3534 = ( GEOMETRIC_REPRESENTATION_CONTEXT(2) 
PARAMETRIC_REPRESENTATION_CONTEXT() REPRESENTATION_CONTEXT('2D SPACE',''
  ) );
#3535 = ORIENTED_EDGE('',*,*,#3399,.F.);
#3536 = ADVANCED_FACE('',(#3537),#3277,.F.);
#3537 = FACE_BOUND('',#3538,.F.);
#3538 = EDGE_LOOP('',(#3539,#3540,#3541,#3542));
#3539 = ORIENTED_EDGE('',*,*,#3261,.F.);
#3540 = ORIENTED_EDGE('',*,*,#3446,.T.);
#3541 = ORIENTED_EDGE('',*,*,#3376,.T.);
#3542 = ORIENTED_EDGE('',*,*,#3493,.F.);
#3543 = ADVANCED_FACE('',(#3544),#3331,.T.);
#3544 = FACE_BOUND('',#3545,.T.);
#3545 = EDGE_LOOP('',(#3546,#3547,#3548,#3549));
#3546 = ORIENTED_EDGE('',*,*,#3317,.F.);
#3547 = ORIENTED_EDGE('',*,*,#3468,.T.);
#3548 = ORIENTED_EDGE('',*,*,#3422,.T.);
#3549 = ORIENTED_EDGE('',*,*,#3515,.F.);
#3550 = ( GEOMETRIC_REPRESENTATION_CONTEXT(3) 
GLOBAL_UNCERTAINTY_ASSIGNED_CONTEXT((#3554)) 
GLOBAL_UNIT_ASSIGNED_CONTEXT((#3551,#3552,#3553)) REPRESENTATION_CONTEXT
('Context #1','3D Context with UNIT and UNCERTAINTY') );
#3551 = ( LENGTH_UNIT() NAMED_UNIT(*) SI_UNIT(.MILLI.,.METRE.) );
#3552 = ( NAMED_UNIT(*) PLANE_ANGLE_UNIT() SI_UNIT($,.RADIAN.) );
#3553 = ( NAMED_UNIT(*) SI_UNIT($,.STERADIAN.) SOLID_ANGLE_UNIT() );
#3554 = UNCERTAINTY_MEASURE_WITH_UNIT(LENGTH_MEASURE(1.E-07),#3551,
  'distance_accuracy_value','confusion accuracy');
#3555 = CONTEXT_DEPENDENT_SHAPE_REPRESENTATION(#3556,#3558);
#3556 = ( REPRESENTATION_RELATIONSHIP('','',#3219,#3196) 
REPRESENTATION_RELATIONSHIP_WITH_TRANSFORMATION(#3557) 
SHAPE_REPRESENTATION_RELATIONSHIP() );
#3557 = ITEM_DEFINED_TRANSFORMATION('','',#11,#3197);
#3558 = PRODUCT_DEFINITION_SHAPE('Placement','Placement of an item',
  #3559);
#3559 = NEXT_ASSEMBLY_USAGE_OCCURRENCE('450','=>[0:1:1:41]','',#3191,
  #3214,$);
#3560 = PRODUCT_RELATED_PRODUCT_CATEGORY('part',$,(#3216));
#3561 = SHAPE_DEFINITION_REPRESENTATION(#3562,#3568);
#3562 = PRODUCT_DEFINITION_SHAPE('','',#3563);
#3563 = PRODUCT_DEFINITION('design','',#3564,#3567);
#3564 = PRODUCT_DEFINITION_FORMATION('','',#3565);
#3565 = PRODUCT('left_finger_02_micro_tendon',
  'left_finger_02_micro_tendon','',(#3566));
#3566 = PRODUCT_CONTEXT('',#2,'mechanical');
#3567 = PRODUCT_DEFINITION_CONTEXT('part definition',#2,'design');
#3568 = SHAPE_REPRESENTATION('',(#11,#3569),#3573);
#3569 = AXIS2_PLACEMENT_3D('',#3570,#3571,#3572);
#3570 = CARTESIAN_POINT('',(0.,0.,-24.11560697971));
#3571 = DIRECTION('',(0.,0.,1.));
#3572 = DIRECTION('',(1.,0.,0.));
#3573 = ( GEOMETRIC_REPRESENTATION_CONTEXT(3) 
GLOBAL_UNCERTAINTY_ASSIGNED_CONTEXT((#3577)) 
GLOBAL_UNIT_ASSIGNED_CONTEXT((#3574,#3575,#3576)) REPRESENTATION_CONTEXT
('Context #1','3D Context with UNIT and UNCERTAINTY') );
#3574 = ( LENGTH_UNIT() NAMED_UNIT(*) SI_UNIT(.MILLI.,.METRE.) );
#3575 = ( NAMED_UNIT(*) PLANE_ANGLE_UNIT() SI_UNIT($,.RADIAN.) );
#3576 = ( NAMED_UNIT(*) SI_UNIT($,.STERADIAN.) SOLID_ANGLE_UNIT() );
#3577 = UNCERTAINTY_MEASURE_WITH_UNIT(LENGTH_MEASURE(1.E-07),#3574,
  'distance_accuracy_value','confusion accuracy');
#3578 = CONTEXT_DEPENDENT_SHAPE_REPRESENTATION(#3579,#3581);
#3579 = ( REPRESENTATION_RELATIONSHIP('','',#3568,#10) 
REPRESENTATION_RELATIONSHIP_WITH_TRANSFORMATION(#3580) 
SHAPE_REPRESENTATION_RELATIONSHIP() );
#3580 = ITEM_DEFINED_TRANSFORMATION('','',#11,#95);
#3581 = PRODUCT_DEFINITION_SHAPE('Placement','Placement of an item',
  #3582);
#3582 = NEXT_ASSEMBLY_USAGE_OCCURRENCE('453','=>[0:1:1:42]','',#5,#3563,
  $);
#3583 = PRODUCT_RELATED_PRODUCT_CATEGORY('part',$,(#3565));
#3584 = SHAPE_DEFINITION_REPRESENTATION(#3585,#3591);
#3585 = PRODUCT_DEFINITION_SHAPE('','',#3586);
#3586 = PRODUCT_DEFINITION('design','',#3587,#3590);
#3587 = PRODUCT_DEFINITION_FORMATION('','',#3588);
#3588 = PRODUCT('SOLID','SOLID','',(#3589));
#3589 = PRODUCT_CONTEXT('',#2,'mechanical');
#3590 = PRODUCT_DEFINITION_CONTEXT('part definition',#2,'design');
#3591 = ADVANCED_BREP_SHAPE_REPRESENTATION('',(#11,#3592),#3690);
#3592 = MANIFOLD_SOLID_BREP('',#3593);
#3593 = CLOSED_SHELL('',(#3594,#3682,#3686));
#3594 = ADVANCED_FACE('',(#3595),#3608,.T.);
#3595 = FACE_BOUND('',#3596,.T.);
#3596 = EDGE_LOOP('',(#3597,#3631,#3654,#3681));
#3597 = ORIENTED_EDGE('',*,*,#3598,.F.);
#3598 = EDGE_CURVE('',#3599,#3599,#3601,.T.);
#3599 = VERTEX_POINT('',#3600);
#3600 = CARTESIAN_POINT('',(1.,-2.449293598295E-16,48.231213959427));
#3601 = SURFACE_CURVE('',#3602,(#3607,#3619),.PCURVE_S1.);
#3602 = CIRCLE('',#3603,1.);
#3603 = AXIS2_PLACEMENT_3D('',#3604,#3605,#3606);
#3604 = CARTESIAN_POINT('',(0.,0.,48.231213959427));
#3605 = DIRECTION('',(0.,0.,1.));
#3606 = DIRECTION('',(1.,0.,-0.));
#3607 = PCURVE('',#3608,#3613);
#3608 = CYLINDRICAL_SURFACE('',#3609,1.);
#3609 = AXIS2_PLACEMENT_3D('',#3610,#3611,#3612);
#3610 = CARTESIAN_POINT('',(0.,0.,0.));
#3611 = DIRECTION('',(0.,0.,1.));
#3612 = DIRECTION('',(1.,0.,-0.));
#3613 = DEFINITIONAL_REPRESENTATION('',(#3614),#3618);
#3614 = LINE('',#3615,#3616);
#3615 = CARTESIAN_POINT('',(0.,48.231213959427));
#3616 = VECTOR('',#3617,1.);
#3617 = DIRECTION('',(1.,0.));
#3618 = ( GEOMETRIC_REPRESENTATION_CONTEXT(2) 
PARAMETRIC_REPRESENTATION_CONTEXT() REPRESENTATION_CONTEXT('2D SPACE',''
  ) );
#3619 = PCURVE('',#3620,#3625);
#3620 = PLANE('',#3621);
#3621 = AXIS2_PLACEMENT_3D('',#3622,#3623,#3624);
#3622 = CARTESIAN_POINT('',(0.,0.,48.231213959427));
#3623 = DIRECTION('',(0.,0.,1.));
#3624 = DIRECTION('',(1.,0.,-0.));
#3625 = DEFINITIONAL_REPRESENTATION('',(#3626),#3630);
#3626 = CIRCLE('',#3627,1.);
#3627 = AXIS2_PLACEMENT_2D('',#3628,#3629);
#3628 = CARTESIAN_POINT('',(0.,0.));
#3629 = DIRECTION('',(1.,0.));
#3630 = ( GEOMETRIC_REPRESENTATION_CONTEXT(2) 
PARAMETRIC_REPRESENTATION_CONTEXT() REPRESENTATION_CONTEXT('2D SPACE',''
  ) );
#3631 = ORIENTED_EDGE('',*,*,#3632,.F.);
#3632 = EDGE_CURVE('',#3633,#3599,#3635,.T.);
#3633 = VERTEX_POINT('',#3634);
#3634 = CARTESIAN_POINT('',(1.,-2.449293598295E-16,0.));
#3635 = SEAM_CURVE('',#3636,(#3640,#3647),.PCURVE_S1.);
#3636 = LINE('',#3637,#3638);
#3637 = CARTESIAN_POINT('',(1.,-2.449293598295E-16,0.));
#3638 = VECTOR('',#3639,1.);
#3639 = DIRECTION('',(0.,0.,1.));
#3640 = PCURVE('',#3608,#3641);
#3641 = DEFINITIONAL_REPRESENTATION('',(#3642),#3646);
#3642 = LINE('',#3643,#3644);
#3643 = CARTESIAN_POINT('',(6.28318530718,-0.));
#3644 = VECTOR('',#3645,1.);
#3645 = DIRECTION('',(0.,1.));
#3646 = ( GEOMETRIC_REPRESENTATION_CONTEXT(2) 
PARAMETRIC_REPRESENTATION_CONTEXT() REPRESENTATION_CONTEXT('2D SPACE',''
  ) );
#3647 = PCURVE('',#3608,#3648);
#3648 = DEFINITIONAL_REPRESENTATION('',(#3649),#3653);
#3649 = LINE('',#3650,#3651);
#3650 = CARTESIAN_POINT('',(0.,-0.));
#3651 = VECTOR('',#3652,1.);
#3652 = DIRECTION('',(0.,1.));
#3653 = ( GEOMETRIC_REPRESENTATION_CONTEXT(2) 
PARAMETRIC_REPRESENTATION_CONTEXT() REPRESENTATION_CONTEXT('2D SPACE',''
  ) );
#3654 = ORIENTED_EDGE('',*,*,#3655,.T.);
#3655 = EDGE_CURVE('',#3633,#3633,#3656,.T.);
#3656 = SURFACE_CURVE('',#3657,(#3662,#3669),.PCURVE_S1.);
#3657 = CIRCLE('',#3658,1.);
#3658 = AXIS2_PLACEMENT_3D('',#3659,#3660,#3661);
#3659 = CARTESIAN_POINT('',(0.,0.,0.));
#3660 = DIRECTION('',(0.,0.,1.));
#3661 = DIRECTION('',(1.,0.,-0.));
#3662 = PCURVE('',#3608,#3663);
#3663 = DEFINITIONAL_REPRESENTATION('',(#3664),#3668);
#3664 = LINE('',#3665,#3666);
#3665 = CARTESIAN_POINT('',(0.,0.));
#3666 = VECTOR('',#3667,1.);
#3667 = DIRECTION('',(1.,0.));
#3668 = ( GEOMETRIC_REPRESENTATION_CONTEXT(2) 
PARAMETRIC_REPRESENTATION_CONTEXT() REPRESENTATION_CONTEXT('2D SPACE',''
  ) );
#3669 = PCURVE('',#3670,#3675);
#3670 = PLANE('',#3671);
#3671 = AXIS2_PLACEMENT_3D('',#3672,#3673,#3674);
#3672 = CARTESIAN_POINT('',(0.,0.,0.));
#3673 = DIRECTION('',(0.,0.,1.));
#3674 = DIRECTION('',(1.,0.,-0.));
#3675 = DEFINITIONAL_REPRESENTATION('',(#3676),#3680);
#3676 = CIRCLE('',#3677,1.);
#3677 = AXIS2_PLACEMENT_2D('',#3678,#3679);
#3678 = CARTESIAN_POINT('',(0.,0.));
#3679 = DIRECTION('',(1.,0.));
#3680 = ( GEOMETRIC_REPRESENTATION_CONTEXT(2) 
PARAMETRIC_REPRESENTATION_CONTEXT() REPRESENTATION_CONTEXT('2D SPACE',''
  ) );
#3681 = ORIENTED_EDGE('',*,*,#3632,.T.);
#3682 = ADVANCED_FACE('',(#3683),#3620,.T.);
#3683 = FACE_BOUND('',#3684,.T.);
#3684 = EDGE_LOOP('',(#3685));
#3685 = ORIENTED_EDGE('',*,*,#3598,.T.);
#3686 = ADVANCED_FACE('',(#3687),#3670,.F.);
#3687 = FACE_BOUND('',#3688,.T.);
#3688 = EDGE_LOOP('',(#3689));
#3689 = ORIENTED_EDGE('',*,*,#3655,.F.);
#3690 = ( GEOMETRIC_REPRESENTATION_CONTEXT(3) 
GLOBAL_UNCERTAINTY_ASSIGNED_CONTEXT((#3694)) 
GLOBAL_UNIT_ASSIGNED_CONTEXT((#3691,#3692,#3693)) REPRESENTATION_CONTEXT
('Context #1','3D Context with UNIT and UNCERTAINTY') );
#3691 = ( LENGTH_UNIT() NAMED_UNIT(*) SI_UNIT(.MILLI.,.METRE.) );
#3692 = ( NAMED_UNIT(*) PLANE_ANGLE_UNIT() SI_UNIT($,.RADIAN.) );
#3693 = ( NAMED_UNIT(*) SI_UNIT($,.STERADIAN.) SOLID_ANGLE_UNIT() );
#3694 = UNCERTAINTY_MEASURE_WITH_UNIT(LENGTH_MEASURE(1.E-07),#3691,
  'distance_accuracy_value','confusion accuracy');
#3695 = CONTEXT_DEPENDENT_SHAPE_REPRESENTATION(#3696,#3698);
#3696 = ( REPRESENTATION_RELATIONSHIP('','',#3591,#3568) 
REPRESENTATION_RELATIONSHIP_WITH_TRANSFORMATION(#3697) 
SHAPE_REPRESENTATION_RELATIONSHIP() );
#3697 = ITEM_DEFINED_TRANSFORMATION('','',#11,#3569);
#3698 = PRODUCT_DEFINITION_SHAPE('Placement','Placement of an item',
  #3699);
#3699 = NEXT_ASSEMBLY_USAGE_OCCURRENCE('452','=>[0:1:1:43]','',#3563,
  #3586,$);
#3700 = PRODUCT_RELATED_PRODUCT_CATEGORY('part',$,(#3588));
#3701 = SHAPE_DEFINITION_REPRESENTATION(#3702,#3708);
#3702 = PRODUCT_DEFINITION_SHAPE('','',#3703);
#3703 = PRODUCT_DEFINITION('design','',#3704,#3707);
#3704 = PRODUCT_DEFINITION_FORMATION('','',#3705);
#3705 = PRODUCT('left_finger_03_base_knuckle',
  'left_finger_03_base_knuckle','',(#3706));
#3706 = PRODUCT_CONTEXT('',#2,'mechanical');
#3707 = PRODUCT_DEFINITION_CONTEXT('part definition',#2,'design');
#3708 = SHAPE_REPRESENTATION('',(#11,#3709),#3713);
#3709 = AXIS2_PLACEMENT_3D('',#3710,#3711,#3712);
#3710 = CARTESIAN_POINT('',(0.,0.,0.));
#3711 = DIRECTION('',(0.,0.,1.));
#3712 = DIRECTION('',(1.,0.,0.));
#3713 = ( GEOMETRIC_REPRESENTATION_CONTEXT(3) 
GLOBAL_UNCERTAINTY_ASSIGNED_CONTEXT((#3717)) 
GLOBAL_UNIT_ASSIGNED_CONTEXT((#3714,#3715,#3716)) REPRESENTATION_CONTEXT
('Context #1','3D Context with UNIT and UNCERTAINTY') );
#3714 = ( LENGTH_UNIT() NAMED_UNIT(*) SI_UNIT(.MILLI.,.METRE.) );
#3715 = ( NAMED_UNIT(*) PLANE_ANGLE_UNIT() SI_UNIT($,.RADIAN.) );
#3716 = ( NAMED_UNIT(*) SI_UNIT($,.STERADIAN.) SOLID_ANGLE_UNIT() );
#3717 = UNCERTAINTY_MEASURE_WITH_UNIT(LENGTH_MEASURE(1.E-07),#3714,
  'distance_accuracy_value','confusion accuracy');
#3718 = CONTEXT_DEPENDENT_SHAPE_REPRESENTATION(#3719,#3721);
#3719 = ( REPRESENTATION_RELATIONSHIP('','',#3708,#10) 
REPRESENTATION_RELATIONSHIP_WITH_TRANSFORMATION(#3720) 
SHAPE_REPRESENTATION_RELATIONSHIP() );
#3720 = ITEM_DEFINED_TRANSFORMATION('','',#11,#99);
#3721 = PRODUCT_DEFINITION_SHAPE('Placement','Placement of an item',
  #3722);
#3722 = NEXT_ASSEMBLY_USAGE_OCCURRENCE('455','=>[0:1:1:44]','',#5,#3703,
  $);
#3723 = PRODUCT_RELATED_PRODUCT_CATEGORY('part',$,(#3705));
#3724 = SHAPE_DEFINITION_REPRESENTATION(#3725,#3731);
#3725 = PRODUCT_DEFINITION_SHAPE('','',#3726);
#3726 = PRODUCT_DEFINITION('design','',#3727,#3730);
#3727 = PRODUCT_DEFINITION_FORMATION('','',#3728);
#3728 = PRODUCT('SOLID','SOLID','',(#3729));
#3729 = PRODUCT_CONTEXT('',#2,'mechanical');
#3730 = PRODUCT_DEFINITION_CONTEXT('part definition',#2,'design');
#3731 = ADVANCED_BREP_SHAPE_REPRESENTATION('',(#11,#3732),#3744);
#3732 = MANIFOLD_SOLID_BREP('',#3733);
#3733 = CLOSED_SHELL('',(#3734));
#3734 = ADVANCED_FACE('',(#3735),#3739,.T.);
#3735 = FACE_BOUND('',#3736,.T.);
#3736 = VERTEX_LOOP('',#3737);
#3737 = VERTEX_POINT('',#3738);
#3738 = CARTESIAN_POINT('',(3.429011037613E-16,-8.398654782906E-32,-5.6)
  );
#3739 = SPHERICAL_SURFACE('',#3740,5.6);
#3740 = AXIS2_PLACEMENT_3D('',#3741,#3742,#3743);
#3741 = CARTESIAN_POINT('',(0.,0.,0.));
#3742 = DIRECTION('',(0.,0.,1.));
#3743 = DIRECTION('',(1.,0.,-0.));
#3744 = ( GEOMETRIC_REPRESENTATION_CONTEXT(3) 
GLOBAL_UNCERTAINTY_ASSIGNED_CONTEXT((#3748)) 
GLOBAL_UNIT_ASSIGNED_CONTEXT((#3745,#3746,#3747)) REPRESENTATION_CONTEXT
('Context #1','3D Context with UNIT and UNCERTAINTY') );
#3745 = ( LENGTH_UNIT() NAMED_UNIT(*) SI_UNIT(.MILLI.,.METRE.) );
#3746 = ( NAMED_UNIT(*) PLANE_ANGLE_UNIT() SI_UNIT($,.RADIAN.) );
#3747 = ( NAMED_UNIT(*) SI_UNIT($,.STERADIAN.) SOLID_ANGLE_UNIT() );
#3748 = UNCERTAINTY_MEASURE_WITH_UNIT(LENGTH_MEASURE(1.E-07),#3745,
  'distance_accuracy_value','confusion accuracy');
#3749 = CONTEXT_DEPENDENT_SHAPE_REPRESENTATION(#3750,#3752);
#3750 = ( REPRESENTATION_RELATIONSHIP('','',#3731,#3708) 
REPRESENTATION_RELATIONSHIP_WITH_TRANSFORMATION(#3751) 
SHAPE_REPRESENTATION_RELATIONSHIP() );
#3751 = ITEM_DEFINED_TRANSFORMATION('','',#11,#3709);
#3752 = PRODUCT_DEFINITION_SHAPE('Placement','Placement of an item',
  #3753);
#3753 = NEXT_ASSEMBLY_USAGE_OCCURRENCE('454','=>[0:1:1:45]','',#3703,
  #3726,$);
#3754 = PRODUCT_RELATED_PRODUCT_CATEGORY('part',$,(#3728));
#3755 = SHAPE_DEFINITION_REPRESENTATION(#3756,#3762);
#3756 = PRODUCT_DEFINITION_SHAPE('','',#3757);
#3757 = PRODUCT_DEFINITION('design','',#3758,#3761);
#3758 = PRODUCT_DEFINITION_FORMATION('','',#3759);
#3759 = PRODUCT('left_finger_03_proximal_link',
  'left_finger_03_proximal_link','',(#3760));
#3760 = PRODUCT_CONTEXT('',#2,'mechanical');
#3761 = PRODUCT_DEFINITION_CONTEXT('part definition',#2,'design');
#3762 = SHAPE_REPRESENTATION('',(#11,#3763),#3767);
#3763 = AXIS2_PLACEMENT_3D('',#3764,#3765,#3766);
#3764 = CARTESIAN_POINT('',(0.,0.,-13.96388198174));
#3765 = DIRECTION('',(0.,0.,1.));
#3766 = DIRECTION('',(1.,0.,0.));
#3767 = ( GEOMETRIC_REPRESENTATION_CONTEXT(3) 
GLOBAL_UNCERTAINTY_ASSIGNED_CONTEXT((#3771)) 
GLOBAL_UNIT_ASSIGNED_CONTEXT((#3768,#3769,#3770)) REPRESENTATION_CONTEXT
('Context #1','3D Context with UNIT and UNCERTAINTY') );
#3768 = ( LENGTH_UNIT() NAMED_UNIT(*) SI_UNIT(.MILLI.,.METRE.) );
#3769 = ( NAMED_UNIT(*) PLANE_ANGLE_UNIT() SI_UNIT($,.RADIAN.) );
#3770 = ( NAMED_UNIT(*) SI_UNIT($,.STERADIAN.) SOLID_ANGLE_UNIT() );
#3771 = UNCERTAINTY_MEASURE_WITH_UNIT(LENGTH_MEASURE(1.E-07),#3768,
  'distance_accuracy_value','confusion accuracy');
#3772 = CONTEXT_DEPENDENT_SHAPE_REPRESENTATION(#3773,#3775);
#3773 = ( REPRESENTATION_RELATIONSHIP('','',#3762,#10) 
REPRESENTATION_RELATIONSHIP_WITH_TRANSFORMATION(#3774) 
SHAPE_REPRESENTATION_RELATIONSHIP() );
#3774 = ITEM_DEFINED_TRANSFORMATION('','',#11,#103);
#3775 = PRODUCT_DEFINITION_SHAPE('Placement','Placement of an item',
  #3776);
#3776 = NEXT_ASSEMBLY_USAGE_OCCURRENCE('457','=>[0:1:1:46]','',#5,#3757,
  $);
#3777 = PRODUCT_RELATED_PRODUCT_CATEGORY('part',$,(#3759));
#3778 = SHAPE_DEFINITION_REPRESENTATION(#3779,#3785);
#3779 = PRODUCT_DEFINITION_SHAPE('','',#3780);
#3780 = PRODUCT_DEFINITION('design','',#3781,#3784);
#3781 = PRODUCT_DEFINITION_FORMATION('','',#3782);
#3782 = PRODUCT('SOLID','SOLID','',(#3783));
#3783 = PRODUCT_CONTEXT('',#2,'mechanical');
#3784 = PRODUCT_DEFINITION_CONTEXT('part definition',#2,'design');
#3785 = ADVANCED_BREP_SHAPE_REPRESENTATION('',(#11,#3786),#3884);
#3786 = MANIFOLD_SOLID_BREP('',#3787);
#3787 = CLOSED_SHELL('',(#3788,#3876,#3880));
#3788 = ADVANCED_FACE('',(#3789),#3802,.T.);
#3789 = FACE_BOUND('',#3790,.T.);
#3790 = EDGE_LOOP('',(#3791,#3825,#3848,#3875));
#3791 = ORIENTED_EDGE('',*,*,#3792,.F.);
#3792 = EDGE_CURVE('',#3793,#3793,#3795,.T.);
#3793 = VERTEX_POINT('',#3794);
#3794 = CARTESIAN_POINT('',(4.4,-1.07768918325E-15,27.927763963483));
#3795 = SURFACE_CURVE('',#3796,(#3801,#3813),.PCURVE_S1.);
#3796 = CIRCLE('',#3797,4.4);
#3797 = AXIS2_PLACEMENT_3D('',#3798,#3799,#3800);
#3798 = CARTESIAN_POINT('',(0.,0.,27.927763963483));
#3799 = DIRECTION('',(0.,0.,1.));
#3800 = DIRECTION('',(1.,0.,-0.));
#3801 = PCURVE('',#3802,#3807);
#3802 = CYLINDRICAL_SURFACE('',#3803,4.4);
#3803 = AXIS2_PLACEMENT_3D('',#3804,#3805,#3806);
#3804 = CARTESIAN_POINT('',(0.,0.,0.));
#3805 = DIRECTION('',(0.,0.,1.));
#3806 = DIRECTION('',(1.,0.,-0.));
#3807 = DEFINITIONAL_REPRESENTATION('',(#3808),#3812);
#3808 = LINE('',#3809,#3810);
#3809 = CARTESIAN_POINT('',(0.,27.927763963483));
#3810 = VECTOR('',#3811,1.);
#3811 = DIRECTION('',(1.,0.));
#3812 = ( GEOMETRIC_REPRESENTATION_CONTEXT(2) 
PARAMETRIC_REPRESENTATION_CONTEXT() REPRESENTATION_CONTEXT('2D SPACE',''
  ) );
#3813 = PCURVE('',#3814,#3819);
#3814 = PLANE('',#3815);
#3815 = AXIS2_PLACEMENT_3D('',#3816,#3817,#3818);
#3816 = CARTESIAN_POINT('',(0.,0.,27.927763963483));
#3817 = DIRECTION('',(0.,0.,1.));
#3818 = DIRECTION('',(1.,0.,-0.));
#3819 = DEFINITIONAL_REPRESENTATION('',(#3820),#3824);
#3820 = CIRCLE('',#3821,4.4);
#3821 = AXIS2_PLACEMENT_2D('',#3822,#3823);
#3822 = CARTESIAN_POINT('',(0.,0.));
#3823 = DIRECTION('',(1.,0.));
#3824 = ( GEOMETRIC_REPRESENTATION_CONTEXT(2) 
PARAMETRIC_REPRESENTATION_CONTEXT() REPRESENTATION_CONTEXT('2D SPACE',''
  ) );
#3825 = ORIENTED_EDGE('',*,*,#3826,.F.);
#3826 = EDGE_CURVE('',#3827,#3793,#3829,.T.);
#3827 = VERTEX_POINT('',#3828);
#3828 = CARTESIAN_POINT('',(4.4,-1.07768918325E-15,0.));
#3829 = SEAM_CURVE('',#3830,(#3834,#3841),.PCURVE_S1.);
#3830 = LINE('',#3831,#3832);
#3831 = CARTESIAN_POINT('',(4.4,-1.07768918325E-15,0.));
#3832 = VECTOR('',#3833,1.);
#3833 = DIRECTION('',(0.,0.,1.));
#3834 = PCURVE('',#3802,#3835);
#3835 = DEFINITIONAL_REPRESENTATION('',(#3836),#3840);
#3836 = LINE('',#3837,#3838);
#3837 = CARTESIAN_POINT('',(6.28318530718,-0.));
#3838 = VECTOR('',#3839,1.);
#3839 = DIRECTION('',(0.,1.));
#3840 = ( GEOMETRIC_REPRESENTATION_CONTEXT(2) 
PARAMETRIC_REPRESENTATION_CONTEXT() REPRESENTATION_CONTEXT('2D SPACE',''
  ) );
#3841 = PCURVE('',#3802,#3842);
#3842 = DEFINITIONAL_REPRESENTATION('',(#3843),#3847);
#3843 = LINE('',#3844,#3845);
#3844 = CARTESIAN_POINT('',(0.,-0.));
#3845 = VECTOR('',#3846,1.);
#3846 = DIRECTION('',(0.,1.));
#3847 = ( GEOMETRIC_REPRESENTATION_CONTEXT(2) 
PARAMETRIC_REPRESENTATION_CONTEXT() REPRESENTATION_CONTEXT('2D SPACE',''
  ) );
#3848 = ORIENTED_EDGE('',*,*,#3849,.T.);
#3849 = EDGE_CURVE('',#3827,#3827,#3850,.T.);
#3850 = SURFACE_CURVE('',#3851,(#3856,#3863),.PCURVE_S1.);
#3851 = CIRCLE('',#3852,4.4);
#3852 = AXIS2_PLACEMENT_3D('',#3853,#3854,#3855);
#3853 = CARTESIAN_POINT('',(0.,0.,0.));
#3854 = DIRECTION('',(0.,0.,1.));
#3855 = DIRECTION('',(1.,0.,-0.));
#3856 = PCURVE('',#3802,#3857);
#3857 = DEFINITIONAL_REPRESENTATION('',(#3858),#3862);
#3858 = LINE('',#3859,#3860);
#3859 = CARTESIAN_POINT('',(0.,0.));
#3860 = VECTOR('',#3861,1.);
#3861 = DIRECTION('',(1.,0.));
#3862 = ( GEOMETRIC_REPRESENTATION_CONTEXT(2) 
PARAMETRIC_REPRESENTATION_CONTEXT() REPRESENTATION_CONTEXT('2D SPACE',''
  ) );
#3863 = PCURVE('',#3864,#3869);
#3864 = PLANE('',#3865);
#3865 = AXIS2_PLACEMENT_3D('',#3866,#3867,#3868);
#3866 = CARTESIAN_POINT('',(0.,0.,0.));
#3867 = DIRECTION('',(0.,0.,1.));
#3868 = DIRECTION('',(1.,0.,-0.));
#3869 = DEFINITIONAL_REPRESENTATION('',(#3870),#3874);
#3870 = CIRCLE('',#3871,4.4);
#3871 = AXIS2_PLACEMENT_2D('',#3872,#3873);
#3872 = CARTESIAN_POINT('',(0.,0.));
#3873 = DIRECTION('',(1.,0.));
#3874 = ( GEOMETRIC_REPRESENTATION_CONTEXT(2) 
PARAMETRIC_REPRESENTATION_CONTEXT() REPRESENTATION_CONTEXT('2D SPACE',''
  ) );
#3875 = ORIENTED_EDGE('',*,*,#3826,.T.);
#3876 = ADVANCED_FACE('',(#3877),#3814,.T.);
#3877 = FACE_BOUND('',#3878,.T.);
#3878 = EDGE_LOOP('',(#3879));
#3879 = ORIENTED_EDGE('',*,*,#3792,.T.);
#3880 = ADVANCED_FACE('',(#3881),#3864,.F.);
#3881 = FACE_BOUND('',#3882,.T.);
#3882 = EDGE_LOOP('',(#3883));
#3883 = ORIENTED_EDGE('',*,*,#3849,.F.);
#3884 = ( GEOMETRIC_REPRESENTATION_CONTEXT(3) 
GLOBAL_UNCERTAINTY_ASSIGNED_CONTEXT((#3888)) 
GLOBAL_UNIT_ASSIGNED_CONTEXT((#3885,#3886,#3887)) REPRESENTATION_CONTEXT
('Context #1','3D Context with UNIT and UNCERTAINTY') );
#3885 = ( LENGTH_UNIT() NAMED_UNIT(*) SI_UNIT(.MILLI.,.METRE.) );
#3886 = ( NAMED_UNIT(*) PLANE_ANGLE_UNIT() SI_UNIT($,.RADIAN.) );
#3887 = ( NAMED_UNIT(*) SI_UNIT($,.STERADIAN.) SOLID_ANGLE_UNIT() );
#3888 = UNCERTAINTY_MEASURE_WITH_UNIT(LENGTH_MEASURE(1.E-07),#3885,
  'distance_accuracy_value','confusion accuracy');
#3889 = CONTEXT_DEPENDENT_SHAPE_REPRESENTATION(#3890,#3892);
#3890 = ( REPRESENTATION_RELATIONSHIP('','',#3785,#3762) 
REPRESENTATION_RELATIONSHIP_WITH_TRANSFORMATION(#3891) 
SHAPE_REPRESENTATION_RELATIONSHIP() );
#3891 = ITEM_DEFINED_TRANSFORMATION('','',#11,#3763);
#3892 = PRODUCT_DEFINITION_SHAPE('Placement','Placement of an item',
  #3893);
#3893 = NEXT_ASSEMBLY_USAGE_OCCURRENCE('456','=>[0:1:1:47]','',#3757,
  #3780,$);
#3894 = PRODUCT_RELATED_PRODUCT_CATEGORY('part',$,(#3782));
#3895 = SHAPE_DEFINITION_REPRESENTATION(#3896,#3902);
#3896 = PRODUCT_DEFINITION_SHAPE('','',#3897);
#3897 = PRODUCT_DEFINITION('design','',#3898,#3901);
#3898 = PRODUCT_DEFINITION_FORMATION('','',#3899);
#3899 = PRODUCT('left_finger_03_middle_link',
  'left_finger_03_middle_link','',(#3900));
#3900 = PRODUCT_CONTEXT('',#2,'mechanical');
#3901 = PRODUCT_DEFINITION_CONTEXT('part definition',#2,'design');
#3902 = SHAPE_REPRESENTATION('',(#11,#3903),#3907);
#3903 = AXIS2_PLACEMENT_3D('',#3904,#3905,#3906);
#3904 = CARTESIAN_POINT('',(0.,0.,-12.26998370007));
#3905 = DIRECTION('',(0.,0.,1.));
#3906 = DIRECTION('',(1.,0.,0.));
#3907 = ( GEOMETRIC_REPRESENTATION_CONTEXT(3) 
GLOBAL_UNCERTAINTY_ASSIGNED_CONTEXT((#3911)) 
GLOBAL_UNIT_ASSIGNED_CONTEXT((#3908,#3909,#3910)) REPRESENTATION_CONTEXT
('Context #1','3D Context with UNIT and UNCERTAINTY') );
#3908 = ( LENGTH_UNIT() NAMED_UNIT(*) SI_UNIT(.MILLI.,.METRE.) );
#3909 = ( NAMED_UNIT(*) PLANE_ANGLE_UNIT() SI_UNIT($,.RADIAN.) );
#3910 = ( NAMED_UNIT(*) SI_UNIT($,.STERADIAN.) SOLID_ANGLE_UNIT() );
#3911 = UNCERTAINTY_MEASURE_WITH_UNIT(LENGTH_MEASURE(1.E-07),#3908,
  'distance_accuracy_value','confusion accuracy');
#3912 = CONTEXT_DEPENDENT_SHAPE_REPRESENTATION(#3913,#3915);
#3913 = ( REPRESENTATION_RELATIONSHIP('','',#3902,#10) 
REPRESENTATION_RELATIONSHIP_WITH_TRANSFORMATION(#3914) 
SHAPE_REPRESENTATION_RELATIONSHIP() );
#3914 = ITEM_DEFINED_TRANSFORMATION('','',#11,#107);
#3915 = PRODUCT_DEFINITION_SHAPE('Placement','Placement of an item',
  #3916);
#3916 = NEXT_ASSEMBLY_USAGE_OCCURRENCE('459','=>[0:1:1:48]','',#5,#3897,
  $);
#3917 = PRODUCT_RELATED_PRODUCT_CATEGORY('part',$,(#3899));
#3918 = SHAPE_DEFINITION_REPRESENTATION(#3919,#3925);
#3919 = PRODUCT_DEFINITION_SHAPE('','',#3920);
#3920 = PRODUCT_DEFINITION('design','',#3921,#3924);
#3921 = PRODUCT_DEFINITION_FORMATION('','',#3922);
#3922 = PRODUCT('SOLID','SOLID','',(#3923));
#3923 = PRODUCT_CONTEXT('',#2,'mechanical');
#3924 = PRODUCT_DEFINITION_CONTEXT('part definition',#2,'design');
#3925 = ADVANCED_BREP_SHAPE_REPRESENTATION('',(#11,#3926),#4024);
#3926 = MANIFOLD_SOLID_BREP('',#3927);
#3927 = CLOSED_SHELL('',(#3928,#4016,#4020));
#3928 = ADVANCED_FACE('',(#3929),#3942,.T.);
#3929 = FACE_BOUND('',#3930,.T.);
#3930 = EDGE_LOOP('',(#3931,#3965,#3988,#4015));
#3931 = ORIENTED_EDGE('',*,*,#3932,.F.);
#3932 = EDGE_CURVE('',#3933,#3933,#3935,.T.);
#3933 = VERTEX_POINT('',#3934);
#3934 = CARTESIAN_POINT('',(3.8,-9.30731567352E-16,24.539967400141));
#3935 = SURFACE_CURVE('',#3936,(#3941,#3953),.PCURVE_S1.);
#3936 = CIRCLE('',#3937,3.8);
#3937 = AXIS2_PLACEMENT_3D('',#3938,#3939,#3940);
#3938 = CARTESIAN_POINT('',(0.,0.,24.539967400141));
#3939 = DIRECTION('',(0.,0.,1.));
#3940 = DIRECTION('',(1.,0.,-0.));
#3941 = PCURVE('',#3942,#3947);
#3942 = CYLINDRICAL_SURFACE('',#3943,3.8);
#3943 = AXIS2_PLACEMENT_3D('',#3944,#3945,#3946);
#3944 = CARTESIAN_POINT('',(0.,0.,0.));
#3945 = DIRECTION('',(0.,0.,1.));
#3946 = DIRECTION('',(1.,0.,-0.));
#3947 = DEFINITIONAL_REPRESENTATION('',(#3948),#3952);
#3948 = LINE('',#3949,#3950);
#3949 = CARTESIAN_POINT('',(0.,24.539967400141));
#3950 = VECTOR('',#3951,1.);
#3951 = DIRECTION('',(1.,0.));
#3952 = ( GEOMETRIC_REPRESENTATION_CONTEXT(2) 
PARAMETRIC_REPRESENTATION_CONTEXT() REPRESENTATION_CONTEXT('2D SPACE',''
  ) );
#3953 = PCURVE('',#3954,#3959);
#3954 = PLANE('',#3955);
#3955 = AXIS2_PLACEMENT_3D('',#3956,#3957,#3958);
#3956 = CARTESIAN_POINT('',(0.,0.,24.539967400141));
#3957 = DIRECTION('',(0.,0.,1.));
#3958 = DIRECTION('',(1.,0.,-0.));
#3959 = DEFINITIONAL_REPRESENTATION('',(#3960),#3964);
#3960 = CIRCLE('',#3961,3.8);
#3961 = AXIS2_PLACEMENT_2D('',#3962,#3963);
#3962 = CARTESIAN_POINT('',(0.,0.));
#3963 = DIRECTION('',(1.,0.));
#3964 = ( GEOMETRIC_REPRESENTATION_CONTEXT(2) 
PARAMETRIC_REPRESENTATION_CONTEXT() REPRESENTATION_CONTEXT('2D SPACE',''
  ) );
#3965 = ORIENTED_EDGE('',*,*,#3966,.F.);
#3966 = EDGE_CURVE('',#3967,#3933,#3969,.T.);
#3967 = VERTEX_POINT('',#3968);
#3968 = CARTESIAN_POINT('',(3.8,-9.30731567352E-16,0.));
#3969 = SEAM_CURVE('',#3970,(#3974,#3981),.PCURVE_S1.);
#3970 = LINE('',#3971,#3972);
#3971 = CARTESIAN_POINT('',(3.8,-9.30731567352E-16,0.));
#3972 = VECTOR('',#3973,1.);
#3973 = DIRECTION('',(0.,0.,1.));
#3974 = PCURVE('',#3942,#3975);
#3975 = DEFINITIONAL_REPRESENTATION('',(#3976),#3980);
#3976 = LINE('',#3977,#3978);
#3977 = CARTESIAN_POINT('',(6.28318530718,-0.));
#3978 = VECTOR('',#3979,1.);
#3979 = DIRECTION('',(0.,1.));
#3980 = ( GEOMETRIC_REPRESENTATION_CONTEXT(2) 
PARAMETRIC_REPRESENTATION_CONTEXT() REPRESENTATION_CONTEXT('2D SPACE',''
  ) );
#3981 = PCURVE('',#3942,#3982);
#3982 = DEFINITIONAL_REPRESENTATION('',(#3983),#3987);
#3983 = LINE('',#3984,#3985);
#3984 = CARTESIAN_POINT('',(0.,-0.));
#3985 = VECTOR('',#3986,1.);
#3986 = DIRECTION('',(0.,1.));
#3987 = ( GEOMETRIC_REPRESENTATION_CONTEXT(2) 
PARAMETRIC_REPRESENTATION_CONTEXT() REPRESENTATION_CONTEXT('2D SPACE',''
  ) );
#3988 = ORIENTED_EDGE('',*,*,#3989,.T.);
#3989 = EDGE_CURVE('',#3967,#3967,#3990,.T.);
#3990 = SURFACE_CURVE('',#3991,(#3996,#4003),.PCURVE_S1.);
#3991 = CIRCLE('',#3992,3.8);
#3992 = AXIS2_PLACEMENT_3D('',#3993,#3994,#3995);
#3993 = CARTESIAN_POINT('',(0.,0.,0.));
#3994 = DIRECTION('',(0.,0.,1.));
#3995 = DIRECTION('',(1.,0.,-0.));
#3996 = PCURVE('',#3942,#3997);
#3997 = DEFINITIONAL_REPRESENTATION('',(#3998),#4002);
#3998 = LINE('',#3999,#4000);
#3999 = CARTESIAN_POINT('',(0.,0.));
#4000 = VECTOR('',#4001,1.);
#4001 = DIRECTION('',(1.,0.));
#4002 = ( GEOMETRIC_REPRESENTATION_CONTEXT(2) 
PARAMETRIC_REPRESENTATION_CONTEXT() REPRESENTATION_CONTEXT('2D SPACE',''
  ) );
#4003 = PCURVE('',#4004,#4009);
#4004 = PLANE('',#4005);
#4005 = AXIS2_PLACEMENT_3D('',#4006,#4007,#4008);
#4006 = CARTESIAN_POINT('',(0.,0.,0.));
#4007 = DIRECTION('',(0.,0.,1.));
#4008 = DIRECTION('',(1.,0.,-0.));
#4009 = DEFINITIONAL_REPRESENTATION('',(#4010),#4014);
#4010 = CIRCLE('',#4011,3.8);
#4011 = AXIS2_PLACEMENT_2D('',#4012,#4013);
#4012 = CARTESIAN_POINT('',(0.,0.));
#4013 = DIRECTION('',(1.,0.));
#4014 = ( GEOMETRIC_REPRESENTATION_CONTEXT(2) 
PARAMETRIC_REPRESENTATION_CONTEXT() REPRESENTATION_CONTEXT('2D SPACE',''
  ) );
#4015 = ORIENTED_EDGE('',*,*,#3966,.T.);
#4016 = ADVANCED_FACE('',(#4017),#3954,.T.);
#4017 = FACE_BOUND('',#4018,.T.);
#4018 = EDGE_LOOP('',(#4019));
#4019 = ORIENTED_EDGE('',*,*,#3932,.T.);
#4020 = ADVANCED_FACE('',(#4021),#4004,.F.);
#4021 = FACE_BOUND('',#4022,.T.);
#4022 = EDGE_LOOP('',(#4023));
#4023 = ORIENTED_EDGE('',*,*,#3989,.F.);
#4024 = ( GEOMETRIC_REPRESENTATION_CONTEXT(3) 
GLOBAL_UNCERTAINTY_ASSIGNED_CONTEXT((#4028)) 
GLOBAL_UNIT_ASSIGNED_CONTEXT((#4025,#4026,#4027)) REPRESENTATION_CONTEXT
('Context #1','3D Context with UNIT and UNCERTAINTY') );
#4025 = ( LENGTH_UNIT() NAMED_UNIT(*) SI_UNIT(.MILLI.,.METRE.) );
#4026 = ( NAMED_UNIT(*) PLANE_ANGLE_UNIT() SI_UNIT($,.RADIAN.) );
#4027 = ( NAMED_UNIT(*) SI_UNIT($,.STERADIAN.) SOLID_ANGLE_UNIT() );
#4028 = UNCERTAINTY_MEASURE_WITH_UNIT(LENGTH_MEASURE(1.E-07),#4025,
  'distance_accuracy_value','confusion accuracy');
#4029 = CONTEXT_DEPENDENT_SHAPE_REPRESENTATION(#4030,#4032);
#4030 = ( REPRESENTATION_RELATIONSHIP('','',#3925,#3902) 
REPRESENTATION_RELATIONSHIP_WITH_TRANSFORMATION(#4031) 
SHAPE_REPRESENTATION_RELATIONSHIP() );
#4031 = ITEM_DEFINED_TRANSFORMATION('','',#11,#3903);
#4032 = PRODUCT_DEFINITION_SHAPE('Placement','Placement of an item',
  #4033);
#4033 = NEXT_ASSEMBLY_USAGE_OCCURRENCE('458','=>[0:1:1:49]','',#3897,
  #3920,$);
#4034 = PRODUCT_RELATED_PRODUCT_CATEGORY('part',$,(#3922));
#4035 = SHAPE_DEFINITION_REPRESENTATION(#4036,#4042);
#4036 = PRODUCT_DEFINITION_SHAPE('','',#4037);
#4037 = PRODUCT_DEFINITION('design','',#4038,#4041);
#4038 = PRODUCT_DEFINITION_FORMATION('','',#4039);
#4039 = PRODUCT('left_finger_03_distal_link',
  'left_finger_03_distal_link','',(#4040));
#4040 = PRODUCT_CONTEXT('',#2,'mechanical');
#4041 = PRODUCT_DEFINITION_CONTEXT('part definition',#2,'design');
#4042 = SHAPE_REPRESENTATION('',(#11,#4043),#4047);
#4043 = AXIS2_PLACEMENT_3D('',#4044,#4045,#4046);
#4044 = CARTESIAN_POINT('',(0.,0.,-10.12188223602));
#4045 = DIRECTION('',(0.,0.,1.));
#4046 = DIRECTION('',(1.,0.,0.));
#4047 = ( GEOMETRIC_REPRESENTATION_CONTEXT(3) 
GLOBAL_UNCERTAINTY_ASSIGNED_CONTEXT((#4051)) 
GLOBAL_UNIT_ASSIGNED_CONTEXT((#4048,#4049,#4050)) REPRESENTATION_CONTEXT
('Context #1','3D Context with UNIT and UNCERTAINTY') );
#4048 = ( LENGTH_UNIT() NAMED_UNIT(*) SI_UNIT(.MILLI.,.METRE.) );
#4049 = ( NAMED_UNIT(*) PLANE_ANGLE_UNIT() SI_UNIT($,.RADIAN.) );
#4050 = ( NAMED_UNIT(*) SI_UNIT($,.STERADIAN.) SOLID_ANGLE_UNIT() );
#4051 = UNCERTAINTY_MEASURE_WITH_UNIT(LENGTH_MEASURE(1.E-07),#4048,
  'distance_accuracy_value','confusion accuracy');
#4052 = CONTEXT_DEPENDENT_SHAPE_REPRESENTATION(#4053,#4055);
#4053 = ( REPRESENTATION_RELATIONSHIP('','',#4042,#10) 
REPRESENTATION_RELATIONSHIP_WITH_TRANSFORMATION(#4054) 
SHAPE_REPRESENTATION_RELATIONSHIP() );
#4054 = ITEM_DEFINED_TRANSFORMATION('','',#11,#111);
#4055 = PRODUCT_DEFINITION_SHAPE('Placement','Placement of an item',
  #4056);
#4056 = NEXT_ASSEMBLY_USAGE_OCCURRENCE('461','=>[0:1:1:50]','',#5,#4037,
  $);
#4057 = PRODUCT_RELATED_PRODUCT_CATEGORY('part',$,(#4039));
#4058 = SHAPE_DEFINITION_REPRESENTATION(#4059,#4065);
#4059 = PRODUCT_DEFINITION_SHAPE('','',#4060);
#4060 = PRODUCT_DEFINITION('design','',#4061,#4064);
#4061 = PRODUCT_DEFINITION_FORMATION('','',#4062);
#4062 = PRODUCT('SOLID','SOLID','',(#4063));
#4063 = PRODUCT_CONTEXT('',#2,'mechanical');
#4064 = PRODUCT_DEFINITION_CONTEXT('part definition',#2,'design');
#4065 = ADVANCED_BREP_SHAPE_REPRESENTATION('',(#11,#4066),#4164);
#4066 = MANIFOLD_SOLID_BREP('',#4067);
#4067 = CLOSED_SHELL('',(#4068,#4156,#4160));
#4068 = ADVANCED_FACE('',(#4069),#4082,.T.);
#4069 = FACE_BOUND('',#4070,.T.);
#4070 = EDGE_LOOP('',(#4071,#4105,#4128,#4155));
#4071 = ORIENTED_EDGE('',*,*,#4072,.F.);
#4072 = EDGE_CURVE('',#4073,#4073,#4075,.T.);
#4073 = VERTEX_POINT('',#4074);
#4074 = CARTESIAN_POINT('',(3.2,-7.837739514543E-16,20.243764472054));
#4075 = SURFACE_CURVE('',#4076,(#4081,#4093),.PCURVE_S1.);
#4076 = CIRCLE('',#4077,3.2);
#4077 = AXIS2_PLACEMENT_3D('',#4078,#4079,#4080);
#4078 = CARTESIAN_POINT('',(0.,0.,20.243764472054));
#4079 = DIRECTION('',(0.,0.,1.));
#4080 = DIRECTION('',(1.,0.,-0.));
#4081 = PCURVE('',#4082,#4087);
#4082 = CYLINDRICAL_SURFACE('',#4083,3.2);
#4083 = AXIS2_PLACEMENT_3D('',#4084,#4085,#4086);
#4084 = CARTESIAN_POINT('',(0.,0.,0.));
#4085 = DIRECTION('',(0.,0.,1.));
#4086 = DIRECTION('',(1.,0.,-0.));
#4087 = DEFINITIONAL_REPRESENTATION('',(#4088),#4092);
#4088 = LINE('',#4089,#4090);
#4089 = CARTESIAN_POINT('',(0.,20.243764472054));
#4090 = VECTOR('',#4091,1.);
#4091 = DIRECTION('',(1.,0.));
#4092 = ( GEOMETRIC_REPRESENTATION_CONTEXT(2) 
PARAMETRIC_REPRESENTATION_CONTEXT() REPRESENTATION_CONTEXT('2D SPACE',''
  ) );
#4093 = PCURVE('',#4094,#4099);
#4094 = PLANE('',#4095);
#4095 = AXIS2_PLACEMENT_3D('',#4096,#4097,#4098);
#4096 = CARTESIAN_POINT('',(0.,0.,20.243764472054));
#4097 = DIRECTION('',(0.,0.,1.));
#4098 = DIRECTION('',(1.,0.,-0.));
#4099 = DEFINITIONAL_REPRESENTATION('',(#4100),#4104);
#4100 = CIRCLE('',#4101,3.2);
#4101 = AXIS2_PLACEMENT_2D('',#4102,#4103);
#4102 = CARTESIAN_POINT('',(0.,0.));
#4103 = DIRECTION('',(1.,0.));
#4104 = ( GEOMETRIC_REPRESENTATION_CONTEXT(2) 
PARAMETRIC_REPRESENTATION_CONTEXT() REPRESENTATION_CONTEXT('2D SPACE',''
  ) );
#4105 = ORIENTED_EDGE('',*,*,#4106,.F.);
#4106 = EDGE_CURVE('',#4107,#4073,#4109,.T.);
#4107 = VERTEX_POINT('',#4108);
#4108 = CARTESIAN_POINT('',(3.2,-7.837739514543E-16,0.));
#4109 = SEAM_CURVE('',#4110,(#4114,#4121),.PCURVE_S1.);
#4110 = LINE('',#4111,#4112);
#4111 = CARTESIAN_POINT('',(3.2,-7.837739514543E-16,0.));
#4112 = VECTOR('',#4113,1.);
#4113 = DIRECTION('',(0.,0.,1.));
#4114 = PCURVE('',#4082,#4115);
#4115 = DEFINITIONAL_REPRESENTATION('',(#4116),#4120);
#4116 = LINE('',#4117,#4118);
#4117 = CARTESIAN_POINT('',(6.28318530718,-0.));
#4118 = VECTOR('',#4119,1.);
#4119 = DIRECTION('',(0.,1.));
#4120 = ( GEOMETRIC_REPRESENTATION_CONTEXT(2) 
PARAMETRIC_REPRESENTATION_CONTEXT() REPRESENTATION_CONTEXT('2D SPACE',''
  ) );
#4121 = PCURVE('',#4082,#4122);
#4122 = DEFINITIONAL_REPRESENTATION('',(#4123),#4127);
#4123 = LINE('',#4124,#4125);
#4124 = CARTESIAN_POINT('',(0.,-0.));
#4125 = VECTOR('',#4126,1.);
#4126 = DIRECTION('',(0.,1.));
#4127 = ( GEOMETRIC_REPRESENTATION_CONTEXT(2) 
PARAMETRIC_REPRESENTATION_CONTEXT() REPRESENTATION_CONTEXT('2D SPACE',''
  ) );
#4128 = ORIENTED_EDGE('',*,*,#4129,.T.);
#4129 = EDGE_CURVE('',#4107,#4107,#4130,.T.);
#4130 = SURFACE_CURVE('',#4131,(#4136,#4143),.PCURVE_S1.);
#4131 = CIRCLE('',#4132,3.2);
#4132 = AXIS2_PLACEMENT_3D('',#4133,#4134,#4135);
#4133 = CARTESIAN_POINT('',(0.,0.,0.));
#4134 = DIRECTION('',(0.,0.,1.));
#4135 = DIRECTION('',(1.,0.,-0.));
#4136 = PCURVE('',#4082,#4137);
#4137 = DEFINITIONAL_REPRESENTATION('',(#4138),#4142);
#4138 = LINE('',#4139,#4140);
#4139 = CARTESIAN_POINT('',(0.,0.));
#4140 = VECTOR('',#4141,1.);
#4141 = DIRECTION('',(1.,0.));
#4142 = ( GEOMETRIC_REPRESENTATION_CONTEXT(2) 
PARAMETRIC_REPRESENTATION_CONTEXT() REPRESENTATION_CONTEXT('2D SPACE',''
  ) );
#4143 = PCURVE('',#4144,#4149);
#4144 = PLANE('',#4145);
#4145 = AXIS2_PLACEMENT_3D('',#4146,#4147,#4148);
#4146 = CARTESIAN_POINT('',(0.,0.,0.));
#4147 = DIRECTION('',(0.,0.,1.));
#4148 = DIRECTION('',(1.,0.,-0.));
#4149 = DEFINITIONAL_REPRESENTATION('',(#4150),#4154);
#4150 = CIRCLE('',#4151,3.2);
#4151 = AXIS2_PLACEMENT_2D('',#4152,#4153);
#4152 = CARTESIAN_POINT('',(0.,0.));
#4153 = DIRECTION('',(1.,0.));
#4154 = ( GEOMETRIC_REPRESENTATION_CONTEXT(2) 
PARAMETRIC_REPRESENTATION_CONTEXT() REPRESENTATION_CONTEXT('2D SPACE',''
  ) );
#4155 = ORIENTED_EDGE('',*,*,#4106,.T.);
#4156 = ADVANCED_FACE('',(#4157),#4094,.T.);
#4157 = FACE_BOUND('',#4158,.T.);
#4158 = EDGE_LOOP('',(#4159));
#4159 = ORIENTED_EDGE('',*,*,#4072,.T.);
#4160 = ADVANCED_FACE('',(#4161),#4144,.F.);
#4161 = FACE_BOUND('',#4162,.T.);
#4162 = EDGE_LOOP('',(#4163));
#4163 = ORIENTED_EDGE('',*,*,#4129,.F.);
#4164 = ( GEOMETRIC_REPRESENTATION_CONTEXT(3) 
GLOBAL_UNCERTAINTY_ASSIGNED_CONTEXT((#4168)) 
GLOBAL_UNIT_ASSIGNED_CONTEXT((#4165,#4166,#4167)) REPRESENTATION_CONTEXT
('Context #1','3D Context with UNIT and UNCERTAINTY') );
#4165 = ( LENGTH_UNIT() NAMED_UNIT(*) SI_UNIT(.MILLI.,.METRE.) );
#4166 = ( NAMED_UNIT(*) PLANE_ANGLE_UNIT() SI_UNIT($,.RADIAN.) );
#4167 = ( NAMED_UNIT(*) SI_UNIT($,.STERADIAN.) SOLID_ANGLE_UNIT() );
#4168 = UNCERTAINTY_MEASURE_WITH_UNIT(LENGTH_MEASURE(1.E-07),#4165,
  'distance_accuracy_value','confusion accuracy');
#4169 = CONTEXT_DEPENDENT_SHAPE_REPRESENTATION(#4170,#4172);
#4170 = ( REPRESENTATION_RELATIONSHIP('','',#4065,#4042) 
REPRESENTATION_RELATIONSHIP_WITH_TRANSFORMATION(#4171) 
SHAPE_REPRESENTATION_RELATIONSHIP() );
#4171 = ITEM_DEFINED_TRANSFORMATION('','',#11,#4043);
#4172 = PRODUCT_DEFINITION_SHAPE('Placement','Placement of an item',
  #4173);
#4173 = NEXT_ASSEMBLY_USAGE_OCCURRENCE('460','=>[0:1:1:51]','',#4037,
  #4060,$);
#4174 = PRODUCT_RELATED_PRODUCT_CATEGORY('part',$,(#4062));
#4175 = SHAPE_DEFINITION_REPRESENTATION(#4176,#4182);
#4176 = PRODUCT_DEFINITION_SHAPE('','',#4177);
#4177 = PRODUCT_DEFINITION('design','',#4178,#4181);
#4178 = PRODUCT_DEFINITION_FORMATION('','',#4179);
#4179 = PRODUCT('left_finger_03_middle_knuckle',
  'left_finger_03_middle_knuckle','',(#4180));
#4180 = PRODUCT_CONTEXT('',#2,'mechanical');
#4181 = PRODUCT_DEFINITION_CONTEXT('part definition',#2,'design');
#4182 = SHAPE_REPRESENTATION('',(#11,#4183),#4187);
#4183 = AXIS2_PLACEMENT_3D('',#4184,#4185,#4186);
#4184 = CARTESIAN_POINT('',(0.,0.,0.));
#4185 = DIRECTION('',(0.,0.,1.));
#4186 = DIRECTION('',(1.,0.,0.));
#4187 = ( GEOMETRIC_REPRESENTATION_CONTEXT(3) 
GLOBAL_UNCERTAINTY_ASSIGNED_CONTEXT((#4191)) 
GLOBAL_UNIT_ASSIGNED_CONTEXT((#4188,#4189,#4190)) REPRESENTATION_CONTEXT
('Context #1','3D Context with UNIT and UNCERTAINTY') );
#4188 = ( LENGTH_UNIT() NAMED_UNIT(*) SI_UNIT(.MILLI.,.METRE.) );
#4189 = ( NAMED_UNIT(*) PLANE_ANGLE_UNIT() SI_UNIT($,.RADIAN.) );
#4190 = ( NAMED_UNIT(*) SI_UNIT($,.STERADIAN.) SOLID_ANGLE_UNIT() );
#4191 = UNCERTAINTY_MEASURE_WITH_UNIT(LENGTH_MEASURE(1.E-07),#4188,
  'distance_accuracy_value','confusion accuracy');
#4192 = CONTEXT_DEPENDENT_SHAPE_REPRESENTATION(#4193,#4195);
#4193 = ( REPRESENTATION_RELATIONSHIP('','',#4182,#10) 
REPRESENTATION_RELATIONSHIP_WITH_TRANSFORMATION(#4194) 
SHAPE_REPRESENTATION_RELATIONSHIP() );
#4194 = ITEM_DEFINED_TRANSFORMATION('','',#11,#115);
#4195 = PRODUCT_DEFINITION_SHAPE('Placement','Placement of an item',
  #4196);
#4196 = NEXT_ASSEMBLY_USAGE_OCCURRENCE('463','=>[0:1:1:52]','',#5,#4177,
  $);
#4197 = PRODUCT_RELATED_PRODUCT_CATEGORY('part',$,(#4179));
#4198 = SHAPE_DEFINITION_REPRESENTATION(#4199,#4205);
#4199 = PRODUCT_DEFINITION_SHAPE('','',#4200);
#4200 = PRODUCT_DEFINITION('design','',#4201,#4204);
#4201 = PRODUCT_DEFINITION_FORMATION('','',#4202);
#4202 = PRODUCT('SOLID','SOLID','',(#4203));
#4203 = PRODUCT_CONTEXT('',#2,'mechanical');
#4204 = PRODUCT_DEFINITION_CONTEXT('part definition',#2,'design');
#4205 = ADVANCED_BREP_SHAPE_REPRESENTATION('',(#11,#4206),#4218);
#4206 = MANIFOLD_SOLID_BREP('',#4207);
#4207 = CLOSED_SHELL('',(#4208));
#4208 = ADVANCED_FACE('',(#4209),#4213,.T.);
#4209 = FACE_BOUND('',#4210,.T.);
#4210 = VERTEX_LOOP('',#4211);
#4211 = VERTEX_POINT('',#4212);
#4212 = CARTESIAN_POINT('',(3.184081677783E-16,-7.798750869842E-32,-5.2)
  );
#4213 = SPHERICAL_SURFACE('',#4214,5.2);
#4214 = AXIS2_PLACEMENT_3D('',#4215,#4216,#4217);
#4215 = CARTESIAN_POINT('',(0.,0.,0.));
#4216 = DIRECTION('',(0.,0.,1.));
#4217 = DIRECTION('',(1.,0.,-0.));
#4218 = ( GEOMETRIC_REPRESENTATION_CONTEXT(3) 
GLOBAL_UNCERTAINTY_ASSIGNED_CONTEXT((#4222)) 
GLOBAL_UNIT_ASSIGNED_CONTEXT((#4219,#4220,#4221)) REPRESENTATION_CONTEXT
('Context #1','3D Context with UNIT and UNCERTAINTY') );
#4219 = ( LENGTH_UNIT() NAMED_UNIT(*) SI_UNIT(.MILLI.,.METRE.) );
#4220 = ( NAMED_UNIT(*) PLANE_ANGLE_UNIT() SI_UNIT($,.RADIAN.) );
#4221 = ( NAMED_UNIT(*) SI_UNIT($,.STERADIAN.) SOLID_ANGLE_UNIT() );
#4222 = UNCERTAINTY_MEASURE_WITH_UNIT(LENGTH_MEASURE(1.E-07),#4219,
  'distance_accuracy_value','confusion accuracy');
#4223 = CONTEXT_DEPENDENT_SHAPE_REPRESENTATION(#4224,#4226);
#4224 = ( REPRESENTATION_RELATIONSHIP('','',#4205,#4182) 
REPRESENTATION_RELATIONSHIP_WITH_TRANSFORMATION(#4225) 
SHAPE_REPRESENTATION_RELATIONSHIP() );
#4225 = ITEM_DEFINED_TRANSFORMATION('','',#11,#4183);
#4226 = PRODUCT_DEFINITION_SHAPE('Placement','Placement of an item',
  #4227);
#4227 = NEXT_ASSEMBLY_USAGE_OCCURRENCE('462','=>[0:1:1:53]','',#4177,
  #4200,$);
#4228 = PRODUCT_RELATED_PRODUCT_CATEGORY('part',$,(#4202));
#4229 = SHAPE_DEFINITION_REPRESENTATION(#4230,#4236);
#4230 = PRODUCT_DEFINITION_SHAPE('','',#4231);
#4231 = PRODUCT_DEFINITION('design','',#4232,#4235);
#4232 = PRODUCT_DEFINITION_FORMATION('','',#4233);
#4233 = PRODUCT('left_finger_03_distal_knuckle',
  'left_finger_03_distal_knuckle','',(#4234));
#4234 = PRODUCT_CONTEXT('',#2,'mechanical');
#4235 = PRODUCT_DEFINITION_CONTEXT('part definition',#2,'design');
#4236 = SHAPE_REPRESENTATION('',(#11,#4237),#4241);
#4237 = AXIS2_PLACEMENT_3D('',#4238,#4239,#4240);
#4238 = CARTESIAN_POINT('',(0.,0.,0.));
#4239 = DIRECTION('',(0.,0.,1.));
#4240 = DIRECTION('',(1.,0.,0.));
#4241 = ( GEOMETRIC_REPRESENTATION_CONTEXT(3) 
GLOBAL_UNCERTAINTY_ASSIGNED_CONTEXT((#4245)) 
GLOBAL_UNIT_ASSIGNED_CONTEXT((#4242,#4243,#4244)) REPRESENTATION_CONTEXT
('Context #1','3D Context with UNIT and UNCERTAINTY') );
#4242 = ( LENGTH_UNIT() NAMED_UNIT(*) SI_UNIT(.MILLI.,.METRE.) );
#4243 = ( NAMED_UNIT(*) PLANE_ANGLE_UNIT() SI_UNIT($,.RADIAN.) );
#4244 = ( NAMED_UNIT(*) SI_UNIT($,.STERADIAN.) SOLID_ANGLE_UNIT() );
#4245 = UNCERTAINTY_MEASURE_WITH_UNIT(LENGTH_MEASURE(1.E-07),#4242,
  'distance_accuracy_value','confusion accuracy');
#4246 = CONTEXT_DEPENDENT_SHAPE_REPRESENTATION(#4247,#4249);
#4247 = ( REPRESENTATION_RELATIONSHIP('','',#4236,#10) 
REPRESENTATION_RELATIONSHIP_WITH_TRANSFORMATION(#4248) 
SHAPE_REPRESENTATION_RELATIONSHIP() );
#4248 = ITEM_DEFINED_TRANSFORMATION('','',#11,#119);
#4249 = PRODUCT_DEFINITION_SHAPE('Placement','Placement of an item',
  #4250);
#4250 = NEXT_ASSEMBLY_USAGE_OCCURRENCE('465','=>[0:1:1:54]','',#5,#4231,
  $);
#4251 = PRODUCT_RELATED_PRODUCT_CATEGORY('part',$,(#4233));
#4252 = SHAPE_DEFINITION_REPRESENTATION(#4253,#4259);
#4253 = PRODUCT_DEFINITION_SHAPE('','',#4254);
#4254 = PRODUCT_DEFINITION('design','',#4255,#4258);
#4255 = PRODUCT_DEFINITION_FORMATION('','',#4256);
#4256 = PRODUCT('SOLID','SOLID','',(#4257));
#4257 = PRODUCT_CONTEXT('',#2,'mechanical');
#4258 = PRODUCT_DEFINITION_CONTEXT('part definition',#2,'design');
#4259 = ADVANCED_BREP_SHAPE_REPRESENTATION('',(#11,#4260),#4272);
#4260 = MANIFOLD_SOLID_BREP('',#4261);
#4261 = CLOSED_SHELL('',(#4262));
#4262 = ADVANCED_FACE('',(#4263),#4267,.T.);
#4263 = FACE_BOUND('',#4264,.T.);
#4264 = VERTEX_LOOP('',#4265);
#4265 = VERTEX_POINT('',#4266);
#4266 = CARTESIAN_POINT('',(2.939152317954E-16,-7.198846956777E-32,-4.8)
  );
#4267 = SPHERICAL_SURFACE('',#4268,4.8);
#4268 = AXIS2_PLACEMENT_3D('',#4269,#4270,#4271);
#4269 = CARTESIAN_POINT('',(0.,0.,0.));
#4270 = DIRECTION('',(0.,0.,1.));
#4271 = DIRECTION('',(1.,0.,-0.));
#4272 = ( GEOMETRIC_REPRESENTATION_CONTEXT(3) 
GLOBAL_UNCERTAINTY_ASSIGNED_CONTEXT((#4276)) 
GLOBAL_UNIT_ASSIGNED_CONTEXT((#4273,#4274,#4275)) REPRESENTATION_CONTEXT
('Context #1','3D Context with UNIT and UNCERTAINTY') );
#4273 = ( LENGTH_UNIT() NAMED_UNIT(*) SI_UNIT(.MILLI.,.METRE.) );
#4274 = ( NAMED_UNIT(*) PLANE_ANGLE_UNIT() SI_UNIT($,.RADIAN.) );
#4275 = ( NAMED_UNIT(*) SI_UNIT($,.STERADIAN.) SOLID_ANGLE_UNIT() );
#4276 = UNCERTAINTY_MEASURE_WITH_UNIT(LENGTH_MEASURE(1.E-07),#4273,
  'distance_accuracy_value','confusion accuracy');
#4277 = CONTEXT_DEPENDENT_SHAPE_REPRESENTATION(#4278,#4280);
#4278 = ( REPRESENTATION_RELATIONSHIP('','',#4259,#4236) 
REPRESENTATION_RELATIONSHIP_WITH_TRANSFORMATION(#4279) 
SHAPE_REPRESENTATION_RELATIONSHIP() );
#4279 = ITEM_DEFINED_TRANSFORMATION('','',#11,#4237);
#4280 = PRODUCT_DEFINITION_SHAPE('Placement','Placement of an item',
  #4281);
#4281 = NEXT_ASSEMBLY_USAGE_OCCURRENCE('464','=>[0:1:1:55]','',#4231,
  #4254,$);
#4282 = PRODUCT_RELATED_PRODUCT_CATEGORY('part',$,(#4256));
#4283 = SHAPE_DEFINITION_REPRESENTATION(#4284,#4290);
#4284 = PRODUCT_DEFINITION_SHAPE('','',#4285);
#4285 = PRODUCT_DEFINITION('design','',#4286,#4289);
#4286 = PRODUCT_DEFINITION_FORMATION('','',#4287);
#4287 = PRODUCT('left_finger_03_rounded_tip',
  'left_finger_03_rounded_tip','',(#4288));
#4288 = PRODUCT_CONTEXT('',#2,'mechanical');
#4289 = PRODUCT_DEFINITION_CONTEXT('part definition',#2,'design');
#4290 = SHAPE_REPRESENTATION('',(#11,#4291),#4295);
#4291 = AXIS2_PLACEMENT_3D('',#4292,#4293,#4294);
#4292 = CARTESIAN_POINT('',(0.,0.,0.));
#4293 = DIRECTION('',(0.,0.,1.));
#4294 = DIRECTION('',(1.,0.,0.));
#4295 = ( GEOMETRIC_REPRESENTATION_CONTEXT(3) 
GLOBAL_UNCERTAINTY_ASSIGNED_CONTEXT((#4299)) 
GLOBAL_UNIT_ASSIGNED_CONTEXT((#4296,#4297,#4298)) REPRESENTATION_CONTEXT
('Context #1','3D Context with UNIT and UNCERTAINTY') );
#4296 = ( LENGTH_UNIT() NAMED_UNIT(*) SI_UNIT(.MILLI.,.METRE.) );
#4297 = ( NAMED_UNIT(*) PLANE_ANGLE_UNIT() SI_UNIT($,.RADIAN.) );
#4298 = ( NAMED_UNIT(*) SI_UNIT($,.STERADIAN.) SOLID_ANGLE_UNIT() );
#4299 = UNCERTAINTY_MEASURE_WITH_UNIT(LENGTH_MEASURE(1.E-07),#4296,
  'distance_accuracy_value','confusion accuracy');
#4300 = CONTEXT_DEPENDENT_SHAPE_REPRESENTATION(#4301,#4303);
#4301 = ( REPRESENTATION_RELATIONSHIP('','',#4290,#10) 
REPRESENTATION_RELATIONSHIP_WITH_TRANSFORMATION(#4302) 
SHAPE_REPRESENTATION_RELATIONSHIP() );
#4302 = ITEM_DEFINED_TRANSFORMATION('','',#11,#123);
#4303 = PRODUCT_DEFINITION_SHAPE('Placement','Placement of an item',
  #4304);
#4304 = NEXT_ASSEMBLY_USAGE_OCCURRENCE('467','=>[0:1:1:56]','',#5,#4285,
  $);
#4305 = PRODUCT_RELATED_PRODUCT_CATEGORY('part',$,(#4287));
#4306 = SHAPE_DEFINITION_REPRESENTATION(#4307,#4313);
#4307 = PRODUCT_DEFINITION_SHAPE('','',#4308);
#4308 = PRODUCT_DEFINITION('design','',#4309,#4312);
#4309 = PRODUCT_DEFINITION_FORMATION('','',#4310);
#4310 = PRODUCT('SOLID','SOLID','',(#4311));
#4311 = PRODUCT_CONTEXT('',#2,'mechanical');
#4312 = PRODUCT_DEFINITION_CONTEXT('part definition',#2,'design');
#4313 = ADVANCED_BREP_SHAPE_REPRESENTATION('',(#11,#4314),#4326);
#4314 = MANIFOLD_SOLID_BREP('',#4315);
#4315 = CLOSED_SHELL('',(#4316));
#4316 = ADVANCED_FACE('',(#4317),#4321,.T.);
#4317 = FACE_BOUND('',#4318,.T.);
#4318 = VERTEX_LOOP('',#4319);
#4319 = VERTEX_POINT('',#4320);
#4320 = CARTESIAN_POINT('',(2.816687638039E-16,-6.898895000245E-32,-4.6)
  );
#4321 = SPHERICAL_SURFACE('',#4322,4.6);
#4322 = AXIS2_PLACEMENT_3D('',#4323,#4324,#4325);
#4323 = CARTESIAN_POINT('',(0.,0.,0.));
#4324 = DIRECTION('',(0.,0.,1.));
#4325 = DIRECTION('',(1.,0.,-0.));
#4326 = ( GEOMETRIC_REPRESENTATION_CONTEXT(3) 
GLOBAL_UNCERTAINTY_ASSIGNED_CONTEXT((#4330)) 
GLOBAL_UNIT_ASSIGNED_CONTEXT((#4327,#4328,#4329)) REPRESENTATION_CONTEXT
('Context #1','3D Context with UNIT and UNCERTAINTY') );
#4327 = ( LENGTH_UNIT() NAMED_UNIT(*) SI_UNIT(.MILLI.,.METRE.) );
#4328 = ( NAMED_UNIT(*) PLANE_ANGLE_UNIT() SI_UNIT($,.RADIAN.) );
#4329 = ( NAMED_UNIT(*) SI_UNIT($,.STERADIAN.) SOLID_ANGLE_UNIT() );
#4330 = UNCERTAINTY_MEASURE_WITH_UNIT(LENGTH_MEASURE(1.E-07),#4327,
  'distance_accuracy_value','confusion accuracy');
#4331 = CONTEXT_DEPENDENT_SHAPE_REPRESENTATION(#4332,#4334);
#4332 = ( REPRESENTATION_RELATIONSHIP('','',#4313,#4290) 
REPRESENTATION_RELATIONSHIP_WITH_TRANSFORMATION(#4333) 
SHAPE_REPRESENTATION_RELATIONSHIP() );
#4333 = ITEM_DEFINED_TRANSFORMATION('','',#11,#4291);
#4334 = PRODUCT_DEFINITION_SHAPE('Placement','Placement of an item',
  #4335);
#4335 = NEXT_ASSEMBLY_USAGE_OCCURRENCE('466','=>[0:1:1:57]','',#4285,
  #4308,$);
#4336 = PRODUCT_RELATED_PRODUCT_CATEGORY('part',$,(#4310));
#4337 = SHAPE_DEFINITION_REPRESENTATION(#4338,#4344);
#4338 = PRODUCT_DEFINITION_SHAPE('','',#4339);
#4339 = PRODUCT_DEFINITION('design','',#4340,#4343);
#4340 = PRODUCT_DEFINITION_FORMATION('','',#4341);
#4341 = PRODUCT('left_finger_03_black_tactile_pad',
  'left_finger_03_black_tactile_pad','',(#4342));
#4342 = PRODUCT_CONTEXT('',#2,'mechanical');
#4343 = PRODUCT_DEFINITION_CONTEXT('part definition',#2,'design');
#4344 = SHAPE_REPRESENTATION('',(#11,#4345),#4349);
#4345 = AXIS2_PLACEMENT_3D('',#4346,#4347,#4348);
#4346 = CARTESIAN_POINT('',(-3.5,-1.,-2.));
#4347 = DIRECTION('',(0.,0.,1.));
#4348 = DIRECTION('',(1.,0.,0.));
#4349 = ( GEOMETRIC_REPRESENTATION_CONTEXT(3) 
GLOBAL_UNCERTAINTY_ASSIGNED_CONTEXT((#4353)) 
GLOBAL_UNIT_ASSIGNED_CONTEXT((#4350,#4351,#4352)) REPRESENTATION_CONTEXT
('Context #1','3D Context with UNIT and UNCERTAINTY') );
#4350 = ( LENGTH_UNIT() NAMED_UNIT(*) SI_UNIT(.MILLI.,.METRE.) );
#4351 = ( NAMED_UNIT(*) PLANE_ANGLE_UNIT() SI_UNIT($,.RADIAN.) );
#4352 = ( NAMED_UNIT(*) SI_UNIT($,.STERADIAN.) SOLID_ANGLE_UNIT() );
#4353 = UNCERTAINTY_MEASURE_WITH_UNIT(LENGTH_MEASURE(1.E-07),#4350,
  'distance_accuracy_value','confusion accuracy');
#4354 = CONTEXT_DEPENDENT_SHAPE_REPRESENTATION(#4355,#4357);
#4355 = ( REPRESENTATION_RELATIONSHIP('','',#4344,#10) 
REPRESENTATION_RELATIONSHIP_WITH_TRANSFORMATION(#4356) 
SHAPE_REPRESENTATION_RELATIONSHIP() );
#4356 = ITEM_DEFINED_TRANSFORMATION('','',#11,#127);
#4357 = PRODUCT_DEFINITION_SHAPE('Placement','Placement of an item',
  #4358);
#4358 = NEXT_ASSEMBLY_USAGE_OCCURRENCE('469','=>[0:1:1:58]','',#5,#4339,
  $);
#4359 = PRODUCT_RELATED_PRODUCT_CATEGORY('part',$,(#4341));
#4360 = SHAPE_DEFINITION_REPRESENTATION(#4361,#4367);
#4361 = PRODUCT_DEFINITION_SHAPE('','',#4362);
#4362 = PRODUCT_DEFINITION('design','',#4363,#4366);
#4363 = PRODUCT_DEFINITION_FORMATION('','',#4364);
#4364 = PRODUCT('SOLID','SOLID','',(#4365));
#4365 = PRODUCT_CONTEXT('',#2,'mechanical');
#4366 = PRODUCT_DEFINITION_CONTEXT('part definition',#2,'design');
#4367 = ADVANCED_BREP_SHAPE_REPRESENTATION('',(#11,#4368),#4698);
#4368 = MANIFOLD_SOLID_BREP('',#4369);
#4369 = CLOSED_SHELL('',(#4370,#4490,#4590,#4637,#4684,#4691));
#4370 = ADVANCED_FACE('',(#4371),#4385,.F.);
#4371 = FACE_BOUND('',#4372,.F.);
#4372 = EDGE_LOOP('',(#4373,#4408,#4436,#4464));
#4373 = ORIENTED_EDGE('',*,*,#4374,.F.);
#4374 = EDGE_CURVE('',#4375,#4377,#4379,.T.);
#4375 = VERTEX_POINT('',#4376);
#4376 = CARTESIAN_POINT('',(0.,0.,0.));
#4377 = VERTEX_POINT('',#4378);
#4378 = CARTESIAN_POINT('',(0.,0.,4.));
#4379 = SURFACE_CURVE('',#4380,(#4384,#4396),.PCURVE_S1.);
#4380 = LINE('',#4381,#4382);
#4381 = CARTESIAN_POINT('',(0.,0.,0.));
#4382 = VECTOR('',#4383,1.);
#4383 = DIRECTION('',(0.,0.,1.));
#4384 = PCURVE('',#4385,#4390);
#4385 = PLANE('',#4386);
#4386 = AXIS2_PLACEMENT_3D('',#4387,#4388,#4389);
#4387 = CARTESIAN_POINT('',(0.,0.,0.));
#4388 = DIRECTION('',(1.,0.,-0.));
#4389 = DIRECTION('',(0.,0.,1.));
#4390 = DEFINITIONAL_REPRESENTATION('',(#4391),#4395);
#4391 = LINE('',#4392,#4393);
#4392 = CARTESIAN_POINT('',(0.,0.));
#4393 = VECTOR('',#4394,1.);
#4394 = DIRECTION('',(1.,0.));
#4395 = ( GEOMETRIC_REPRESENTATION_CONTEXT(2) 
PARAMETRIC_REPRESENTATION_CONTEXT() REPRESENTATION_CONTEXT('2D SPACE',''
  ) );
#4396 = PCURVE('',#4397,#4402);
#4397 = PLANE('',#4398);
#4398 = AXIS2_PLACEMENT_3D('',#4399,#4400,#4401);
#4399 = CARTESIAN_POINT('',(0.,0.,0.));
#4400 = DIRECTION('',(-0.,1.,0.));
#4401 = DIRECTION('',(0.,0.,1.));
#4402 = DEFINITIONAL_REPRESENTATION('',(#4403),#4407);
#4403 = LINE('',#4404,#4405);
#4404 = CARTESIAN_POINT('',(0.,0.));
#4405 = VECTOR('',#4406,1.);
#4406 = DIRECTION('',(1.,0.));
#4407 = ( GEOMETRIC_REPRESENTATION_CONTEXT(2) 
PARAMETRIC_REPRESENTATION_CONTEXT() REPRESENTATION_CONTEXT('2D SPACE',''
  ) );
#4408 = ORIENTED_EDGE('',*,*,#4409,.T.);
#4409 = EDGE_CURVE('',#4375,#4410,#4412,.T.);
#4410 = VERTEX_POINT('',#4411);
#4411 = CARTESIAN_POINT('',(0.,2.,0.));
#4412 = SURFACE_CURVE('',#4413,(#4417,#4424),.PCURVE_S1.);
#4413 = LINE('',#4414,#4415);
#4414 = CARTESIAN_POINT('',(0.,0.,0.));
#4415 = VECTOR('',#4416,1.);
#4416 = DIRECTION('',(-0.,1.,0.));
#4417 = PCURVE('',#4385,#4418);
#4418 = DEFINITIONAL_REPRESENTATION('',(#4419),#4423);
#4419 = LINE('',#4420,#4421);
#4420 = CARTESIAN_POINT('',(0.,0.));
#4421 = VECTOR('',#4422,1.);
#4422 = DIRECTION('',(0.,-1.));
#4423 = ( GEOMETRIC_REPRESENTATION_CONTEXT(2) 
PARAMETRIC_REPRESENTATION_CONTEXT() REPRESENTATION_CONTEXT('2D SPACE',''
  ) );
#4424 = PCURVE('',#4425,#4430);
#4425 = PLANE('',#4426);
#4426 = AXIS2_PLACEMENT_3D('',#4427,#4428,#4429);
#4427 = CARTESIAN_POINT('',(0.,0.,0.));
#4428 = DIRECTION('',(0.,0.,1.));
#4429 = DIRECTION('',(1.,0.,-0.));
#4430 = DEFINITIONAL_REPRESENTATION('',(#4431),#4435);
#4431 = LINE('',#4432,#4433);
#4432 = CARTESIAN_POINT('',(0.,0.));
#4433 = VECTOR('',#4434,1.);
#4434 = DIRECTION('',(0.,1.));
#4435 = ( GEOMETRIC_REPRESENTATION_CONTEXT(2) 
PARAMETRIC_REPRESENTATION_CONTEXT() REPRESENTATION_CONTEXT('2D SPACE',''
  ) );
#4436 = ORIENTED_EDGE('',*,*,#4437,.T.);
#4437 = EDGE_CURVE('',#4410,#4438,#4440,.T.);
#4438 = VERTEX_POINT('',#4439);
#4439 = CARTESIAN_POINT('',(0.,2.,4.));
#4440 = SURFACE_CURVE('',#4441,(#4445,#4452),.PCURVE_S1.);
#4441 = LINE('',#4442,#4443);
#4442 = CARTESIAN_POINT('',(0.,2.,0.));
#4443 = VECTOR('',#4444,1.);
#4444 = DIRECTION('',(0.,0.,1.));
#4445 = PCURVE('',#4385,#4446);
#4446 = DEFINITIONAL_REPRESENTATION('',(#4447),#4451);
#4447 = LINE('',#4448,#4449);
#4448 = CARTESIAN_POINT('',(0.,-2.));
#4449 = VECTOR('',#4450,1.);
#4450 = DIRECTION('',(1.,0.));
#4451 = ( GEOMETRIC_REPRESENTATION_CONTEXT(2) 
PARAMETRIC_REPRESENTATION_CONTEXT() REPRESENTATION_CONTEXT('2D SPACE',''
  ) );
#4452 = PCURVE('',#4453,#4458);
#4453 = PLANE('',#4454);
#4454 = AXIS2_PLACEMENT_3D('',#4455,#4456,#4457);
#4455 = CARTESIAN_POINT('',(0.,2.,0.));
#4456 = DIRECTION('',(-0.,1.,0.));
#4457 = DIRECTION('',(0.,0.,1.));
#4458 = DEFINITIONAL_REPRESENTATION('',(#4459),#4463);
#4459 = LINE('',#4460,#4461);
#4460 = CARTESIAN_POINT('',(0.,0.));
#4461 = VECTOR('',#4462,1.);
#4462 = DIRECTION('',(1.,0.));
#4463 = ( GEOMETRIC_REPRESENTATION_CONTEXT(2) 
PARAMETRIC_REPRESENTATION_CONTEXT() REPRESENTATION_CONTEXT('2D SPACE',''
  ) );
#4464 = ORIENTED_EDGE('',*,*,#4465,.F.);
#4465 = EDGE_CURVE('',#4377,#4438,#4466,.T.);
#4466 = SURFACE_CURVE('',#4467,(#4471,#4478),.PCURVE_S1.);
#4467 = LINE('',#4468,#4469);
#4468 = CARTESIAN_POINT('',(0.,0.,4.));
#4469 = VECTOR('',#4470,1.);
#4470 = DIRECTION('',(-0.,1.,0.));
#4471 = PCURVE('',#4385,#4472);
#4472 = DEFINITIONAL_REPRESENTATION('',(#4473),#4477);
#4473 = LINE('',#4474,#4475);
#4474 = CARTESIAN_POINT('',(4.,0.));
#4475 = VECTOR('',#4476,1.);
#4476 = DIRECTION('',(0.,-1.));
#4477 = ( GEOMETRIC_REPRESENTATION_CONTEXT(2) 
PARAMETRIC_REPRESENTATION_CONTEXT() REPRESENTATION_CONTEXT('2D SPACE',''
  ) );
#4478 = PCURVE('',#4479,#4484);
#4479 = PLANE('',#4480);
#4480 = AXIS2_PLACEMENT_3D('',#4481,#4482,#4483);
#4481 = CARTESIAN_POINT('',(0.,0.,4.));
#4482 = DIRECTION('',(0.,0.,1.));
#4483 = DIRECTION('',(1.,0.,-0.));
#4484 = DEFINITIONAL_REPRESENTATION('',(#4485),#4489);
#4485 = LINE('',#4486,#4487);
#4486 = CARTESIAN_POINT('',(0.,0.));
#4487 = VECTOR('',#4488,1.);
#4488 = DIRECTION('',(0.,1.));
#4489 = ( GEOMETRIC_REPRESENTATION_CONTEXT(2) 
PARAMETRIC_REPRESENTATION_CONTEXT() REPRESENTATION_CONTEXT('2D SPACE',''
  ) );
#4490 = ADVANCED_FACE('',(#4491),#4505,.T.);
#4491 = FACE_BOUND('',#4492,.T.);
#4492 = EDGE_LOOP('',(#4493,#4523,#4546,#4569));
#4493 = ORIENTED_EDGE('',*,*,#4494,.F.);
#4494 = EDGE_CURVE('',#4495,#4497,#4499,.T.);
#4495 = VERTEX_POINT('',#4496);
#4496 = CARTESIAN_POINT('',(7.,0.,0.));
#4497 = VERTEX_POINT('',#4498);
#4498 = CARTESIAN_POINT('',(7.,0.,4.));
#4499 = SURFACE_CURVE('',#4500,(#4504,#4516),.PCURVE_S1.);
#4500 = LINE('',#4501,#4502);
#4501 = CARTESIAN_POINT('',(7.,0.,0.));
#4502 = VECTOR('',#4503,1.);
#4503 = DIRECTION('',(0.,0.,1.));
#4504 = PCURVE('',#4505,#4510);
#4505 = PLANE('',#4506);
#4506 = AXIS2_PLACEMENT_3D('',#4507,#4508,#4509);
#4507 = CARTESIAN_POINT('',(7.,0.,0.));
#4508 = DIRECTION('',(1.,0.,-0.));
#4509 = DIRECTION('',(0.,0.,1.));
#4510 = DEFINITIONAL_REPRESENTATION('',(#4511),#4515);
#4511 = LINE('',#4512,#4513);
#4512 = CARTESIAN_POINT('',(0.,0.));
#4513 = VECTOR('',#4514,1.);
#4514 = DIRECTION('',(1.,0.));
#4515 = ( GEOMETRIC_REPRESENTATION_CONTEXT(2) 
PARAMETRIC_REPRESENTATION_CONTEXT() REPRESENTATION_CONTEXT('2D SPACE',''
  ) );
#4516 = PCURVE('',#4397,#4517);
#4517 = DEFINITIONAL_REPRESENTATION('',(#4518),#4522);
#4518 = LINE('',#4519,#4520);
#4519 = CARTESIAN_POINT('',(0.,7.));
#4520 = VECTOR('',#4521,1.);
#4521 = DIRECTION('',(1.,0.));
#4522 = ( GEOMETRIC_REPRESENTATION_CONTEXT(2) 
PARAMETRIC_REPRESENTATION_CONTEXT() REPRESENTATION_CONTEXT('2D SPACE',''
  ) );
#4523 = ORIENTED_EDGE('',*,*,#4524,.T.);
#4524 = EDGE_CURVE('',#4495,#4525,#4527,.T.);
#4525 = VERTEX_POINT('',#4526);
#4526 = CARTESIAN_POINT('',(7.,2.,0.));
#4527 = SURFACE_CURVE('',#4528,(#4532,#4539),.PCURVE_S1.);
#4528 = LINE('',#4529,#4530);
#4529 = CARTESIAN_POINT('',(7.,0.,0.));
#4530 = VECTOR('',#4531,1.);
#4531 = DIRECTION('',(-0.,1.,0.));
#4532 = PCURVE('',#4505,#4533);
#4533 = DEFINITIONAL_REPRESENTATION('',(#4534),#4538);
#4534 = LINE('',#4535,#4536);
#4535 = CARTESIAN_POINT('',(0.,0.));
#4536 = VECTOR('',#4537,1.);
#4537 = DIRECTION('',(0.,-1.));
#4538 = ( GEOMETRIC_REPRESENTATION_CONTEXT(2) 
PARAMETRIC_REPRESENTATION_CONTEXT() REPRESENTATION_CONTEXT('2D SPACE',''
  ) );
#4539 = PCURVE('',#4425,#4540);
#4540 = DEFINITIONAL_REPRESENTATION('',(#4541),#4545);
#4541 = LINE('',#4542,#4543);
#4542 = CARTESIAN_POINT('',(7.,0.));
#4543 = VECTOR('',#4544,1.);
#4544 = DIRECTION('',(0.,1.));
#4545 = ( GEOMETRIC_REPRESENTATION_CONTEXT(2) 
PARAMETRIC_REPRESENTATION_CONTEXT() REPRESENTATION_CONTEXT('2D SPACE',''
  ) );
#4546 = ORIENTED_EDGE('',*,*,#4547,.T.);
#4547 = EDGE_CURVE('',#4525,#4548,#4550,.T.);
#4548 = VERTEX_POINT('',#4549);
#4549 = CARTESIAN_POINT('',(7.,2.,4.));
#4550 = SURFACE_CURVE('',#4551,(#4555,#4562),.PCURVE_S1.);
#4551 = LINE('',#4552,#4553);
#4552 = CARTESIAN_POINT('',(7.,2.,0.));
#4553 = VECTOR('',#4554,1.);
#4554 = DIRECTION('',(0.,0.,1.));
#4555 = PCURVE('',#4505,#4556);
#4556 = DEFINITIONAL_REPRESENTATION('',(#4557),#4561);
#4557 = LINE('',#4558,#4559);
#4558 = CARTESIAN_POINT('',(0.,-2.));
#4559 = VECTOR('',#4560,1.);
#4560 = DIRECTION('',(1.,0.));
#4561 = ( GEOMETRIC_REPRESENTATION_CONTEXT(2) 
PARAMETRIC_REPRESENTATION_CONTEXT() REPRESENTATION_CONTEXT('2D SPACE',''
  ) );
#4562 = PCURVE('',#4453,#4563);
#4563 = DEFINITIONAL_REPRESENTATION('',(#4564),#4568);
#4564 = LINE('',#4565,#4566);
#4565 = CARTESIAN_POINT('',(0.,7.));
#4566 = VECTOR('',#4567,1.);
#4567 = DIRECTION('',(1.,0.));
#4568 = ( GEOMETRIC_REPRESENTATION_CONTEXT(2) 
PARAMETRIC_REPRESENTATION_CONTEXT() REPRESENTATION_CONTEXT('2D SPACE',''
  ) );
#4569 = ORIENTED_EDGE('',*,*,#4570,.F.);
#4570 = EDGE_CURVE('',#4497,#4548,#4571,.T.);
#4571 = SURFACE_CURVE('',#4572,(#4576,#4583),.PCURVE_S1.);
#4572 = LINE('',#4573,#4574);
#4573 = CARTESIAN_POINT('',(7.,0.,4.));
#4574 = VECTOR('',#4575,1.);
#4575 = DIRECTION('',(-0.,1.,0.));
#4576 = PCURVE('',#4505,#4577);
#4577 = DEFINITIONAL_REPRESENTATION('',(#4578),#4582);
#4578 = LINE('',#4579,#4580);
#4579 = CARTESIAN_POINT('',(4.,0.));
#4580 = VECTOR('',#4581,1.);
#4581 = DIRECTION('',(0.,-1.));
#4582 = ( GEOMETRIC_REPRESENTATION_CONTEXT(2) 
PARAMETRIC_REPRESENTATION_CONTEXT() REPRESENTATION_CONTEXT('2D SPACE',''
  ) );
#4583 = PCURVE('',#4479,#4584);
#4584 = DEFINITIONAL_REPRESENTATION('',(#4585),#4589);
#4585 = LINE('',#4586,#4587);
#4586 = CARTESIAN_POINT('',(7.,0.));
#4587 = VECTOR('',#4588,1.);
#4588 = DIRECTION('',(0.,1.));
#4589 = ( GEOMETRIC_REPRESENTATION_CONTEXT(2) 
PARAMETRIC_REPRESENTATION_CONTEXT() REPRESENTATION_CONTEXT('2D SPACE',''
  ) );
#4590 = ADVANCED_FACE('',(#4591),#4397,.F.);
#4591 = FACE_BOUND('',#4592,.F.);
#4592 = EDGE_LOOP('',(#4593,#4614,#4615,#4636));
#4593 = ORIENTED_EDGE('',*,*,#4594,.F.);
#4594 = EDGE_CURVE('',#4375,#4495,#4595,.T.);
#4595 = SURFACE_CURVE('',#4596,(#4600,#4607),.PCURVE_S1.);
#4596 = LINE('',#4597,#4598);
#4597 = CARTESIAN_POINT('',(0.,0.,0.));
#4598 = VECTOR('',#4599,1.);
#4599 = DIRECTION('',(1.,0.,-0.));
#4600 = PCURVE('',#4397,#4601);
#4601 = DEFINITIONAL_REPRESENTATION('',(#4602),#4606);
#4602 = LINE('',#4603,#4604);
#4603 = CARTESIAN_POINT('',(0.,0.));
#4604 = VECTOR('',#4605,1.);
#4605 = DIRECTION('',(0.,1.));
#4606 = ( GEOMETRIC_REPRESENTATION_CONTEXT(2) 
PARAMETRIC_REPRESENTATION_CONTEXT() REPRESENTATION_CONTEXT('2D SPACE',''
  ) );
#4607 = PCURVE('',#4425,#4608);
#4608 = DEFINITIONAL_REPRESENTATION('',(#4609),#4613);
#4609 = LINE('',#4610,#4611);
#4610 = CARTESIAN_POINT('',(0.,0.));
#4611 = VECTOR('',#4612,1.);
#4612 = DIRECTION('',(1.,0.));
#4613 = ( GEOMETRIC_REPRESENTATION_CONTEXT(2) 
PARAMETRIC_REPRESENTATION_CONTEXT() REPRESENTATION_CONTEXT('2D SPACE',''
  ) );
#4614 = ORIENTED_EDGE('',*,*,#4374,.T.);
#4615 = ORIENTED_EDGE('',*,*,#4616,.T.);
#4616 = EDGE_CURVE('',#4377,#4497,#4617,.T.);
#4617 = SURFACE_CURVE('',#4618,(#4622,#4629),.PCURVE_S1.);
#4618 = LINE('',#4619,#4620);
#4619 = CARTESIAN_POINT('',(0.,0.,4.));
#4620 = VECTOR('',#4621,1.);
#4621 = DIRECTION('',(1.,0.,-0.));
#4622 = PCURVE('',#4397,#4623);
#4623 = DEFINITIONAL_REPRESENTATION('',(#4624),#4628);
#4624 = LINE('',#4625,#4626);
#4625 = CARTESIAN_POINT('',(4.,0.));
#4626 = VECTOR('',#4627,1.);
#4627 = DIRECTION('',(0.,1.));
#4628 = ( GEOMETRIC_REPRESENTATION_CONTEXT(2) 
PARAMETRIC_REPRESENTATION_CONTEXT() REPRESENTATION_CONTEXT('2D SPACE',''
  ) );
#4629 = PCURVE('',#4479,#4630);
#4630 = DEFINITIONAL_REPRESENTATION('',(#4631),#4635);
#4631 = LINE('',#4632,#4633);
#4632 = CARTESIAN_POINT('',(0.,0.));
#4633 = VECTOR('',#4634,1.);
#4634 = DIRECTION('',(1.,0.));
#4635 = ( GEOMETRIC_REPRESENTATION_CONTEXT(2) 
PARAMETRIC_REPRESENTATION_CONTEXT() REPRESENTATION_CONTEXT('2D SPACE',''
  ) );
#4636 = ORIENTED_EDGE('',*,*,#4494,.F.);
#4637 = ADVANCED_FACE('',(#4638),#4453,.T.);
#4638 = FACE_BOUND('',#4639,.T.);
#4639 = EDGE_LOOP('',(#4640,#4661,#4662,#4683));
#4640 = ORIENTED_EDGE('',*,*,#4641,.F.);
#4641 = EDGE_CURVE('',#4410,#4525,#4642,.T.);
#4642 = SURFACE_CURVE('',#4643,(#4647,#4654),.PCURVE_S1.);
#4643 = LINE('',#4644,#4645);
#4644 = CARTESIAN_POINT('',(0.,2.,0.));
#4645 = VECTOR('',#4646,1.);
#4646 = DIRECTION('',(1.,0.,-0.));
#4647 = PCURVE('',#4453,#4648);
#4648 = DEFINITIONAL_REPRESENTATION('',(#4649),#4653);
#4649 = LINE('',#4650,#4651);
#4650 = CARTESIAN_POINT('',(0.,0.));
#4651 = VECTOR('',#4652,1.);
#4652 = DIRECTION('',(0.,1.));
#4653 = ( GEOMETRIC_REPRESENTATION_CONTEXT(2) 
PARAMETRIC_REPRESENTATION_CONTEXT() REPRESENTATION_CONTEXT('2D SPACE',''
  ) );
#4654 = PCURVE('',#4425,#4655);
#4655 = DEFINITIONAL_REPRESENTATION('',(#4656),#4660);
#4656 = LINE('',#4657,#4658);
#4657 = CARTESIAN_POINT('',(0.,2.));
#4658 = VECTOR('',#4659,1.);
#4659 = DIRECTION('',(1.,0.));
#4660 = ( GEOMETRIC_REPRESENTATION_CONTEXT(2) 
PARAMETRIC_REPRESENTATION_CONTEXT() REPRESENTATION_CONTEXT('2D SPACE',''
  ) );
#4661 = ORIENTED_EDGE('',*,*,#4437,.T.);
#4662 = ORIENTED_EDGE('',*,*,#4663,.T.);
#4663 = EDGE_CURVE('',#4438,#4548,#4664,.T.);
#4664 = SURFACE_CURVE('',#4665,(#4669,#4676),.PCURVE_S1.);
#4665 = LINE('',#4666,#4667);
#4666 = CARTESIAN_POINT('',(0.,2.,4.));
#4667 = VECTOR('',#4668,1.);
#4668 = DIRECTION('',(1.,0.,-0.));
#4669 = PCURVE('',#4453,#4670);
#4670 = DEFINITIONAL_REPRESENTATION('',(#4671),#4675);
#4671 = LINE('',#4672,#4673);
#4672 = CARTESIAN_POINT('',(4.,0.));
#4673 = VECTOR('',#4674,1.);
#4674 = DIRECTION('',(0.,1.));
#4675 = ( GEOMETRIC_REPRESENTATION_CONTEXT(2) 
PARAMETRIC_REPRESENTATION_CONTEXT() REPRESENTATION_CONTEXT('2D SPACE',''
  ) );
#4676 = PCURVE('',#4479,#4677);
#4677 = DEFINITIONAL_REPRESENTATION('',(#4678),#4682);
#4678 = LINE('',#4679,#4680);
#4679 = CARTESIAN_POINT('',(0.,2.));
#4680 = VECTOR('',#4681,1.);
#4681 = DIRECTION('',(1.,0.));
#4682 = ( GEOMETRIC_REPRESENTATION_CONTEXT(2) 
PARAMETRIC_REPRESENTATION_CONTEXT() REPRESENTATION_CONTEXT('2D SPACE',''
  ) );
#4683 = ORIENTED_EDGE('',*,*,#4547,.F.);
#4684 = ADVANCED_FACE('',(#4685),#4425,.F.);
#4685 = FACE_BOUND('',#4686,.F.);
#4686 = EDGE_LOOP('',(#4687,#4688,#4689,#4690));
#4687 = ORIENTED_EDGE('',*,*,#4409,.F.);
#4688 = ORIENTED_EDGE('',*,*,#4594,.T.);
#4689 = ORIENTED_EDGE('',*,*,#4524,.T.);
#4690 = ORIENTED_EDGE('',*,*,#4641,.F.);
#4691 = ADVANCED_FACE('',(#4692),#4479,.T.);
#4692 = FACE_BOUND('',#4693,.T.);
#4693 = EDGE_LOOP('',(#4694,#4695,#4696,#4697));
#4694 = ORIENTED_EDGE('',*,*,#4465,.F.);
#4695 = ORIENTED_EDGE('',*,*,#4616,.T.);
#4696 = ORIENTED_EDGE('',*,*,#4570,.T.);
#4697 = ORIENTED_EDGE('',*,*,#4663,.F.);
#4698 = ( GEOMETRIC_REPRESENTATION_CONTEXT(3) 
GLOBAL_UNCERTAINTY_ASSIGNED_CONTEXT((#4702)) 
GLOBAL_UNIT_ASSIGNED_CONTEXT((#4699,#4700,#4701)) REPRESENTATION_CONTEXT
('Context #1','3D Context with UNIT and UNCERTAINTY') );
#4699 = ( LENGTH_UNIT() NAMED_UNIT(*) SI_UNIT(.MILLI.,.METRE.) );
#4700 = ( NAMED_UNIT(*) PLANE_ANGLE_UNIT() SI_UNIT($,.RADIAN.) );
#4701 = ( NAMED_UNIT(*) SI_UNIT($,.STERADIAN.) SOLID_ANGLE_UNIT() );
#4702 = UNCERTAINTY_MEASURE_WITH_UNIT(LENGTH_MEASURE(1.E-07),#4699,
  'distance_accuracy_value','confusion accuracy');
#4703 = CONTEXT_DEPENDENT_SHAPE_REPRESENTATION(#4704,#4706);
#4704 = ( REPRESENTATION_RELATIONSHIP('','',#4367,#4344) 
REPRESENTATION_RELATIONSHIP_WITH_TRANSFORMATION(#4705) 
SHAPE_REPRESENTATION_RELATIONSHIP() );
#4705 = ITEM_DEFINED_TRANSFORMATION('','',#11,#4345);
#4706 = PRODUCT_DEFINITION_SHAPE('Placement','Placement of an item',
  #4707);
#4707 = NEXT_ASSEMBLY_USAGE_OCCURRENCE('468','=>[0:1:1:59]','',#4339,
  #4362,$);
#4708 = PRODUCT_RELATED_PRODUCT_CATEGORY('part',$,(#4364));
#4709 = SHAPE_DEFINITION_REPRESENTATION(#4710,#4716);
#4710 = PRODUCT_DEFINITION_SHAPE('','',#4711);
#4711 = PRODUCT_DEFINITION('design','',#4712,#4715);
#4712 = PRODUCT_DEFINITION_FORMATION('','',#4713);
#4713 = PRODUCT('left_finger_03_micro_tendon',
  'left_finger_03_micro_tendon','',(#4714));
#4714 = PRODUCT_CONTEXT('',#2,'mechanical');
#4715 = PRODUCT_DEFINITION_CONTEXT('part definition',#2,'design');
#4716 = SHAPE_REPRESENTATION('',(#11,#4717),#4721);
#4717 = AXIS2_PLACEMENT_3D('',#4718,#4719,#4720);
#4718 = CARTESIAN_POINT('',(0.,0.,-24.11560697971));
#4719 = DIRECTION('',(0.,0.,1.));
#4720 = DIRECTION('',(1.,0.,0.));
#4721 = ( GEOMETRIC_REPRESENTATION_CONTEXT(3) 
GLOBAL_UNCERTAINTY_ASSIGNED_CONTEXT((#4725)) 
GLOBAL_UNIT_ASSIGNED_CONTEXT((#4722,#4723,#4724)) REPRESENTATION_CONTEXT
('Context #1','3D Context with UNIT and UNCERTAINTY') );
#4722 = ( LENGTH_UNIT() NAMED_UNIT(*) SI_UNIT(.MILLI.,.METRE.) );
#4723 = ( NAMED_UNIT(*) PLANE_ANGLE_UNIT() SI_UNIT($,.RADIAN.) );
#4724 = ( NAMED_UNIT(*) SI_UNIT($,.STERADIAN.) SOLID_ANGLE_UNIT() );
#4725 = UNCERTAINTY_MEASURE_WITH_UNIT(LENGTH_MEASURE(1.E-07),#4722,
  'distance_accuracy_value','confusion accuracy');
#4726 = CONTEXT_DEPENDENT_SHAPE_REPRESENTATION(#4727,#4729);
#4727 = ( REPRESENTATION_RELATIONSHIP('','',#4716,#10) 
REPRESENTATION_RELATIONSHIP_WITH_TRANSFORMATION(#4728) 
SHAPE_REPRESENTATION_RELATIONSHIP() );
#4728 = ITEM_DEFINED_TRANSFORMATION('','',#11,#131);
#4729 = PRODUCT_DEFINITION_SHAPE('Placement','Placement of an item',
  #4730);
#4730 = NEXT_ASSEMBLY_USAGE_OCCURRENCE('471','=>[0:1:1:60]','',#5,#4711,
  $);
#4731 = PRODUCT_RELATED_PRODUCT_CATEGORY('part',$,(#4713));
#4732 = SHAPE_DEFINITION_REPRESENTATION(#4733,#4739);
#4733 = PRODUCT_DEFINITION_SHAPE('','',#4734);
#4734 = PRODUCT_DEFINITION('design','',#4735,#4738);
#4735 = PRODUCT_DEFINITION_FORMATION('','',#4736);
#4736 = PRODUCT('SOLID','SOLID','',(#4737));
#4737 = PRODUCT_CONTEXT('',#2,'mechanical');
#4738 = PRODUCT_DEFINITION_CONTEXT('part definition',#2,'design');
#4739 = ADVANCED_BREP_SHAPE_REPRESENTATION('',(#11,#4740),#4838);
#4740 = MANIFOLD_SOLID_BREP('',#4741);
#4741 = CLOSED_SHELL('',(#4742,#4830,#4834));
#4742 = ADVANCED_FACE('',(#4743),#4756,.T.);
#4743 = FACE_BOUND('',#4744,.T.);
#4744 = EDGE_LOOP('',(#4745,#4779,#4802,#4829));
#4745 = ORIENTED_EDGE('',*,*,#4746,.F.);
#4746 = EDGE_CURVE('',#4747,#4747,#4749,.T.);
#4747 = VERTEX_POINT('',#4748);
#4748 = CARTESIAN_POINT('',(1.,-2.449293598295E-16,48.231213959427));
#4749 = SURFACE_CURVE('',#4750,(#4755,#4767),.PCURVE_S1.);
#4750 = CIRCLE('',#4751,1.);
#4751 = AXIS2_PLACEMENT_3D('',#4752,#4753,#4754);
#4752 = CARTESIAN_POINT('',(0.,0.,48.231213959427));
#4753 = DIRECTION('',(0.,0.,1.));
#4754 = DIRECTION('',(1.,0.,-0.));
#4755 = PCURVE('',#4756,#4761);
#4756 = CYLINDRICAL_SURFACE('',#4757,1.);
#4757 = AXIS2_PLACEMENT_3D('',#4758,#4759,#4760);
#4758 = CARTESIAN_POINT('',(0.,0.,0.));
#4759 = DIRECTION('',(0.,0.,1.));
#4760 = DIRECTION('',(1.,0.,-0.));
#4761 = DEFINITIONAL_REPRESENTATION('',(#4762),#4766);
#4762 = LINE('',#4763,#4764);
#4763 = CARTESIAN_POINT('',(0.,48.231213959427));
#4764 = VECTOR('',#4765,1.);
#4765 = DIRECTION('',(1.,0.));
#4766 = ( GEOMETRIC_REPRESENTATION_CONTEXT(2) 
PARAMETRIC_REPRESENTATION_CONTEXT() REPRESENTATION_CONTEXT('2D SPACE',''
  ) );
#4767 = PCURVE('',#4768,#4773);
#4768 = PLANE('',#4769);
#4769 = AXIS2_PLACEMENT_3D('',#4770,#4771,#4772);
#4770 = CARTESIAN_POINT('',(0.,0.,48.231213959427));
#4771 = DIRECTION('',(0.,0.,1.));
#4772 = DIRECTION('',(1.,0.,-0.));
#4773 = DEFINITIONAL_REPRESENTATION('',(#4774),#4778);
#4774 = CIRCLE('',#4775,1.);
#4775 = AXIS2_PLACEMENT_2D('',#4776,#4777);
#4776 = CARTESIAN_POINT('',(0.,0.));
#4777 = DIRECTION('',(1.,0.));
#4778 = ( GEOMETRIC_REPRESENTATION_CONTEXT(2) 
PARAMETRIC_REPRESENTATION_CONTEXT() REPRESENTATION_CONTEXT('2D SPACE',''
  ) );
#4779 = ORIENTED_EDGE('',*,*,#4780,.F.);
#4780 = EDGE_CURVE('',#4781,#4747,#4783,.T.);
#4781 = VERTEX_POINT('',#4782);
#4782 = CARTESIAN_POINT('',(1.,-2.449293598295E-16,0.));
#4783 = SEAM_CURVE('',#4784,(#4788,#4795),.PCURVE_S1.);
#4784 = LINE('',#4785,#4786);
#4785 = CARTESIAN_POINT('',(1.,-2.449293598295E-16,0.));
#4786 = VECTOR('',#4787,1.);
#4787 = DIRECTION('',(0.,0.,1.));
#4788 = PCURVE('',#4756,#4789);
#4789 = DEFINITIONAL_REPRESENTATION('',(#4790),#4794);
#4790 = LINE('',#4791,#4792);
#4791 = CARTESIAN_POINT('',(6.28318530718,-0.));
#4792 = VECTOR('',#4793,1.);
#4793 = DIRECTION('',(0.,1.));
#4794 = ( GEOMETRIC_REPRESENTATION_CONTEXT(2) 
PARAMETRIC_REPRESENTATION_CONTEXT() REPRESENTATION_CONTEXT('2D SPACE',''
  ) );
#4795 = PCURVE('',#4756,#4796);
#4796 = DEFINITIONAL_REPRESENTATION('',(#4797),#4801);
#4797 = LINE('',#4798,#4799);
#4798 = CARTESIAN_POINT('',(0.,-0.));
#4799 = VECTOR('',#4800,1.);
#4800 = DIRECTION('',(0.,1.));
#4801 = ( GEOMETRIC_REPRESENTATION_CONTEXT(2) 
PARAMETRIC_REPRESENTATION_CONTEXT() REPRESENTATION_CONTEXT('2D SPACE',''
  ) );
#4802 = ORIENTED_EDGE('',*,*,#4803,.T.);
#4803 = EDGE_CURVE('',#4781,#4781,#4804,.T.);
#4804 = SURFACE_CURVE('',#4805,(#4810,#4817),.PCURVE_S1.);
#4805 = CIRCLE('',#4806,1.);
#4806 = AXIS2_PLACEMENT_3D('',#4807,#4808,#4809);
#4807 = CARTESIAN_POINT('',(0.,0.,0.));
#4808 = DIRECTION('',(0.,0.,1.));
#4809 = DIRECTION('',(1.,0.,-0.));
#4810 = PCURVE('',#4756,#4811);
#4811 = DEFINITIONAL_REPRESENTATION('',(#4812),#4816);
#4812 = LINE('',#4813,#4814);
#4813 = CARTESIAN_POINT('',(0.,0.));
#4814 = VECTOR('',#4815,1.);
#4815 = DIRECTION('',(1.,0.));
#4816 = ( GEOMETRIC_REPRESENTATION_CONTEXT(2) 
PARAMETRIC_REPRESENTATION_CONTEXT() REPRESENTATION_CONTEXT('2D SPACE',''
  ) );
#4817 = PCURVE('',#4818,#4823);
#4818 = PLANE('',#4819);
#4819 = AXIS2_PLACEMENT_3D('',#4820,#4821,#4822);
#4820 = CARTESIAN_POINT('',(0.,0.,0.));
#4821 = DIRECTION('',(0.,0.,1.));
#4822 = DIRECTION('',(1.,0.,-0.));
#4823 = DEFINITIONAL_REPRESENTATION('',(#4824),#4828);
#4824 = CIRCLE('',#4825,1.);
#4825 = AXIS2_PLACEMENT_2D('',#4826,#4827);
#4826 = CARTESIAN_POINT('',(0.,0.));
#4827 = DIRECTION('',(1.,0.));
#4828 = ( GEOMETRIC_REPRESENTATION_CONTEXT(2) 
PARAMETRIC_REPRESENTATION_CONTEXT() REPRESENTATION_CONTEXT('2D SPACE',''
  ) );
#4829 = ORIENTED_EDGE('',*,*,#4780,.T.);
#4830 = ADVANCED_FACE('',(#4831),#4768,.T.);
#4831 = FACE_BOUND('',#4832,.T.);
#4832 = EDGE_LOOP('',(#4833));
#4833 = ORIENTED_EDGE('',*,*,#4746,.T.);
#4834 = ADVANCED_FACE('',(#4835),#4818,.F.);
#4835 = FACE_BOUND('',#4836,.T.);
#4836 = EDGE_LOOP('',(#4837));
#4837 = ORIENTED_EDGE('',*,*,#4803,.F.);
#4838 = ( GEOMETRIC_REPRESENTATION_CONTEXT(3) 
GLOBAL_UNCERTAINTY_ASSIGNED_CONTEXT((#4842)) 
GLOBAL_UNIT_ASSIGNED_CONTEXT((#4839,#4840,#4841)) REPRESENTATION_CONTEXT
('Context #1','3D Context with UNIT and UNCERTAINTY') );
#4839 = ( LENGTH_UNIT() NAMED_UNIT(*) SI_UNIT(.MILLI.,.METRE.) );
#4840 = ( NAMED_UNIT(*) PLANE_ANGLE_UNIT() SI_UNIT($,.RADIAN.) );
#4841 = ( NAMED_UNIT(*) SI_UNIT($,.STERADIAN.) SOLID_ANGLE_UNIT() );
#4842 = UNCERTAINTY_MEASURE_WITH_UNIT(LENGTH_MEASURE(1.E-07),#4839,
  'distance_accuracy_value','confusion accuracy');
#4843 = CONTEXT_DEPENDENT_SHAPE_REPRESENTATION(#4844,#4846);
#4844 = ( REPRESENTATION_RELATIONSHIP('','',#4739,#4716) 
REPRESENTATION_RELATIONSHIP_WITH_TRANSFORMATION(#4845) 
SHAPE_REPRESENTATION_RELATIONSHIP() );
#4845 = ITEM_DEFINED_TRANSFORMATION('','',#11,#4717);
#4846 = PRODUCT_DEFINITION_SHAPE('Placement','Placement of an item',
  #4847);
#4847 = NEXT_ASSEMBLY_USAGE_OCCURRENCE('470','=>[0:1:1:61]','',#4711,
  #4734,$);
#4848 = PRODUCT_RELATED_PRODUCT_CATEGORY('part',$,(#4736));
#4849 = SHAPE_DEFINITION_REPRESENTATION(#4850,#4856);
#4850 = PRODUCT_DEFINITION_SHAPE('','',#4851);
#4851 = PRODUCT_DEFINITION('design','',#4852,#4855);
#4852 = PRODUCT_DEFINITION_FORMATION('','',#4853);
#4853 = PRODUCT('left_finger_04_base_knuckle',
  'left_finger_04_base_knuckle','',(#4854));
#4854 = PRODUCT_CONTEXT('',#2,'mechanical');
#4855 = PRODUCT_DEFINITION_CONTEXT('part definition',#2,'design');
#4856 = SHAPE_REPRESENTATION('',(#11,#4857),#4861);
#4857 = AXIS2_PLACEMENT_3D('',#4858,#4859,#4860);
#4858 = CARTESIAN_POINT('',(0.,0.,0.));
#4859 = DIRECTION('',(0.,0.,1.));
#4860 = DIRECTION('',(1.,0.,0.));
#4861 = ( GEOMETRIC_REPRESENTATION_CONTEXT(3) 
GLOBAL_UNCERTAINTY_ASSIGNED_CONTEXT((#4865)) 
GLOBAL_UNIT_ASSIGNED_CONTEXT((#4862,#4863,#4864)) REPRESENTATION_CONTEXT
('Context #1','3D Context with UNIT and UNCERTAINTY') );
#4862 = ( LENGTH_UNIT() NAMED_UNIT(*) SI_UNIT(.MILLI.,.METRE.) );
#4863 = ( NAMED_UNIT(*) PLANE_ANGLE_UNIT() SI_UNIT($,.RADIAN.) );
#4864 = ( NAMED_UNIT(*) SI_UNIT($,.STERADIAN.) SOLID_ANGLE_UNIT() );
#4865 = UNCERTAINTY_MEASURE_WITH_UNIT(LENGTH_MEASURE(1.E-07),#4862,
  'distance_accuracy_value','confusion accuracy');
#4866 = CONTEXT_DEPENDENT_SHAPE_REPRESENTATION(#4867,#4869);
#4867 = ( REPRESENTATION_RELATIONSHIP('','',#4856,#10) 
REPRESENTATION_RELATIONSHIP_WITH_TRANSFORMATION(#4868) 
SHAPE_REPRESENTATION_RELATIONSHIP() );
#4868 = ITEM_DEFINED_TRANSFORMATION('','',#11,#135);
#4869 = PRODUCT_DEFINITION_SHAPE('Placement','Placement of an item',
  #4870);
#4870 = NEXT_ASSEMBLY_USAGE_OCCURRENCE('473','=>[0:1:1:62]','',#5,#4851,
  $);
#4871 = PRODUCT_RELATED_PRODUCT_CATEGORY('part',$,(#4853));
#4872 = SHAPE_DEFINITION_REPRESENTATION(#4873,#4879);
#4873 = PRODUCT_DEFINITION_SHAPE('','',#4874);
#4874 = PRODUCT_DEFINITION('design','',#4875,#4878);
#4875 = PRODUCT_DEFINITION_FORMATION('','',#4876);
#4876 = PRODUCT('SOLID','SOLID','',(#4877));
#4877 = PRODUCT_CONTEXT('',#2,'mechanical');
#4878 = PRODUCT_DEFINITION_CONTEXT('part definition',#2,'design');
#4879 = ADVANCED_BREP_SHAPE_REPRESENTATION('',(#11,#4880),#4892);
#4880 = MANIFOLD_SOLID_BREP('',#4881);
#4881 = CLOSED_SHELL('',(#4882));
#4882 = ADVANCED_FACE('',(#4883),#4887,.T.);
#4883 = FACE_BOUND('',#4884,.T.);
#4884 = VERTEX_LOOP('',#4885);
#4885 = VERTEX_POINT('',#4886);
#4886 = CARTESIAN_POINT('',(3.429011037613E-16,-8.398654782906E-32,-5.6)
  );
#4887 = SPHERICAL_SURFACE('',#4888,5.6);
#4888 = AXIS2_PLACEMENT_3D('',#4889,#4890,#4891);
#4889 = CARTESIAN_POINT('',(0.,0.,0.));
#4890 = DIRECTION('',(0.,0.,1.));
#4891 = DIRECTION('',(1.,0.,-0.));
#4892 = ( GEOMETRIC_REPRESENTATION_CONTEXT(3) 
GLOBAL_UNCERTAINTY_ASSIGNED_CONTEXT((#4896)) 
GLOBAL_UNIT_ASSIGNED_CONTEXT((#4893,#4894,#4895)) REPRESENTATION_CONTEXT
('Context #1','3D Context with UNIT and UNCERTAINTY') );
#4893 = ( LENGTH_UNIT() NAMED_UNIT(*) SI_UNIT(.MILLI.,.METRE.) );
#4894 = ( NAMED_UNIT(*) PLANE_ANGLE_UNIT() SI_UNIT($,.RADIAN.) );
#4895 = ( NAMED_UNIT(*) SI_UNIT($,.STERADIAN.) SOLID_ANGLE_UNIT() );
#4896 = UNCERTAINTY_MEASURE_WITH_UNIT(LENGTH_MEASURE(1.E-07),#4893,
  'distance_accuracy_value','confusion accuracy');
#4897 = CONTEXT_DEPENDENT_SHAPE_REPRESENTATION(#4898,#4900);
#4898 = ( REPRESENTATION_RELATIONSHIP('','',#4879,#4856) 
REPRESENTATION_RELATIONSHIP_WITH_TRANSFORMATION(#4899) 
SHAPE_REPRESENTATION_RELATIONSHIP() );
#4899 = ITEM_DEFINED_TRANSFORMATION('','',#11,#4857);
#4900 = PRODUCT_DEFINITION_SHAPE('Placement','Placement of an item',
  #4901);
#4901 = NEXT_ASSEMBLY_USAGE_OCCURRENCE('472','=>[0:1:1:63]','',#4851,
  #4874,$);
#4902 = PRODUCT_RELATED_PRODUCT_CATEGORY('part',$,(#4876));
#4903 = SHAPE_DEFINITION_REPRESENTATION(#4904,#4910);
#4904 = PRODUCT_DEFINITION_SHAPE('','',#4905);
#4905 = PRODUCT_DEFINITION('design','',#4906,#4909);
#4906 = PRODUCT_DEFINITION_FORMATION('','',#4907);
#4907 = PRODUCT('left_finger_04_proximal_link',
  'left_finger_04_proximal_link','',(#4908));
#4908 = PRODUCT_CONTEXT('',#2,'mechanical');
#4909 = PRODUCT_DEFINITION_CONTEXT('part definition',#2,'design');
#4910 = SHAPE_REPRESENTATION('',(#11,#4911),#4915);
#4911 = AXIS2_PLACEMENT_3D('',#4912,#4913,#4914);
#4912 = CARTESIAN_POINT('',(0.,0.,-13.96388198174));
#4913 = DIRECTION('',(0.,0.,1.));
#4914 = DIRECTION('',(1.,0.,0.));
#4915 = ( GEOMETRIC_REPRESENTATION_CONTEXT(3) 
GLOBAL_UNCERTAINTY_ASSIGNED_CONTEXT((#4919)) 
GLOBAL_UNIT_ASSIGNED_CONTEXT((#4916,#4917,#4918)) REPRESENTATION_CONTEXT
('Context #1','3D Context with UNIT and UNCERTAINTY') );
#4916 = ( LENGTH_UNIT() NAMED_UNIT(*) SI_UNIT(.MILLI.,.METRE.) );
#4917 = ( NAMED_UNIT(*) PLANE_ANGLE_UNIT() SI_UNIT($,.RADIAN.) );
#4918 = ( NAMED_UNIT(*) SI_UNIT($,.STERADIAN.) SOLID_ANGLE_UNIT() );
#4919 = UNCERTAINTY_MEASURE_WITH_UNIT(LENGTH_MEASURE(1.E-07),#4916,
  'distance_accuracy_value','confusion accuracy');
#4920 = CONTEXT_DEPENDENT_SHAPE_REPRESENTATION(#4921,#4923);
#4921 = ( REPRESENTATION_RELATIONSHIP('','',#4910,#10) 
REPRESENTATION_RELATIONSHIP_WITH_TRANSFORMATION(#4922) 
SHAPE_REPRESENTATION_RELATIONSHIP() );
#4922 = ITEM_DEFINED_TRANSFORMATION('','',#11,#139);
#4923 = PRODUCT_DEFINITION_SHAPE('Placement','Placement of an item',
  #4924);
#4924 = NEXT_ASSEMBLY_USAGE_OCCURRENCE('475','=>[0:1:1:64]','',#5,#4905,
  $);
#4925 = PRODUCT_RELATED_PRODUCT_CATEGORY('part',$,(#4907));
#4926 = SHAPE_DEFINITION_REPRESENTATION(#4927,#4933);
#4927 = PRODUCT_DEFINITION_SHAPE('','',#4928);
#4928 = PRODUCT_DEFINITION('design','',#4929,#4932);
#4929 = PRODUCT_DEFINITION_FORMATION('','',#4930);
#4930 = PRODUCT('SOLID','SOLID','',(#4931));
#4931 = PRODUCT_CONTEXT('',#2,'mechanical');
#4932 = PRODUCT_DEFINITION_CONTEXT('part definition',#2,'design');
#4933 = ADVANCED_BREP_SHAPE_REPRESENTATION('',(#11,#4934),#5032);
#4934 = MANIFOLD_SOLID_BREP('',#4935);
#4935 = CLOSED_SHELL('',(#4936,#5024,#5028));
#4936 = ADVANCED_FACE('',(#4937),#4950,.T.);
#4937 = FACE_BOUND('',#4938,.T.);
#4938 = EDGE_LOOP('',(#4939,#4973,#4996,#5023));
#4939 = ORIENTED_EDGE('',*,*,#4940,.F.);
#4940 = EDGE_CURVE('',#4941,#4941,#4943,.T.);
#4941 = VERTEX_POINT('',#4942);
#4942 = CARTESIAN_POINT('',(4.4,-1.07768918325E-15,27.927763963483));
#4943 = SURFACE_CURVE('',#4944,(#4949,#4961),.PCURVE_S1.);
#4944 = CIRCLE('',#4945,4.4);
#4945 = AXIS2_PLACEMENT_3D('',#4946,#4947,#4948);
#4946 = CARTESIAN_POINT('',(0.,0.,27.927763963483));
#4947 = DIRECTION('',(0.,0.,1.));
#4948 = DIRECTION('',(1.,0.,-0.));
#4949 = PCURVE('',#4950,#4955);
#4950 = CYLINDRICAL_SURFACE('',#4951,4.4);
#4951 = AXIS2_PLACEMENT_3D('',#4952,#4953,#4954);
#4952 = CARTESIAN_POINT('',(0.,0.,0.));
#4953 = DIRECTION('',(0.,0.,1.));
#4954 = DIRECTION('',(1.,0.,-0.));
#4955 = DEFINITIONAL_REPRESENTATION('',(#4956),#4960);
#4956 = LINE('',#4957,#4958);
#4957 = CARTESIAN_POINT('',(0.,27.927763963483));
#4958 = VECTOR('',#4959,1.);
#4959 = DIRECTION('',(1.,0.));
#4960 = ( GEOMETRIC_REPRESENTATION_CONTEXT(2) 
PARAMETRIC_REPRESENTATION_CONTEXT() REPRESENTATION_CONTEXT('2D SPACE',''
  ) );
#4961 = PCURVE('',#4962,#4967);
#4962 = PLANE('',#4963);
#4963 = AXIS2_PLACEMENT_3D('',#4964,#4965,#4966);
#4964 = CARTESIAN_POINT('',(0.,0.,27.927763963483));
#4965 = DIRECTION('',(0.,0.,1.));
#4966 = DIRECTION('',(1.,0.,-0.));
#4967 = DEFINITIONAL_REPRESENTATION('',(#4968),#4972);
#4968 = CIRCLE('',#4969,4.4);
#4969 = AXIS2_PLACEMENT_2D('',#4970,#4971);
#4970 = CARTESIAN_POINT('',(0.,0.));
#4971 = DIRECTION('',(1.,0.));
#4972 = ( GEOMETRIC_REPRESENTATION_CONTEXT(2) 
PARAMETRIC_REPRESENTATION_CONTEXT() REPRESENTATION_CONTEXT('2D SPACE',''
  ) );
#4973 = ORIENTED_EDGE('',*,*,#4974,.F.);
#4974 = EDGE_CURVE('',#4975,#4941,#4977,.T.);
#4975 = VERTEX_POINT('',#4976);
#4976 = CARTESIAN_POINT('',(4.4,-1.07768918325E-15,0.));
#4977 = SEAM_CURVE('',#4978,(#4982,#4989),.PCURVE_S1.);
#4978 = LINE('',#4979,#4980);
#4979 = CARTESIAN_POINT('',(4.4,-1.07768918325E-15,0.));
#4980 = VECTOR('',#4981,1.);
#4981 = DIRECTION('',(0.,0.,1.));
#4982 = PCURVE('',#4950,#4983);
#4983 = DEFINITIONAL_REPRESENTATION('',(#4984),#4988);
#4984 = LINE('',#4985,#4986);
#4985 = CARTESIAN_POINT('',(6.28318530718,-0.));
#4986 = VECTOR('',#4987,1.);
#4987 = DIRECTION('',(0.,1.));
#4988 = ( GEOMETRIC_REPRESENTATION_CONTEXT(2) 
PARAMETRIC_REPRESENTATION_CONTEXT() REPRESENTATION_CONTEXT('2D SPACE',''
  ) );
#4989 = PCURVE('',#4950,#4990);
#4990 = DEFINITIONAL_REPRESENTATION('',(#4991),#4995);
#4991 = LINE('',#4992,#4993);
#4992 = CARTESIAN_POINT('',(0.,-0.));
#4993 = VECTOR('',#4994,1.);
#4994 = DIRECTION('',(0.,1.));
#4995 = ( GEOMETRIC_REPRESENTATION_CONTEXT(2) 
PARAMETRIC_REPRESENTATION_CONTEXT() REPRESENTATION_CONTEXT('2D SPACE',''
  ) );
#4996 = ORIENTED_EDGE('',*,*,#4997,.T.);
#4997 = EDGE_CURVE('',#4975,#4975,#4998,.T.);
#4998 = SURFACE_CURVE('',#4999,(#5004,#5011),.PCURVE_S1.);
#4999 = CIRCLE('',#5000,4.4);
#5000 = AXIS2_PLACEMENT_3D('',#5001,#5002,#5003);
#5001 = CARTESIAN_POINT('',(0.,0.,0.));
#5002 = DIRECTION('',(0.,0.,1.));
#5003 = DIRECTION('',(1.,0.,-0.));
#5004 = PCURVE('',#4950,#5005);
#5005 = DEFINITIONAL_REPRESENTATION('',(#5006),#5010);
#5006 = LINE('',#5007,#5008);
#5007 = CARTESIAN_POINT('',(0.,0.));
#5008 = VECTOR('',#5009,1.);
#5009 = DIRECTION('',(1.,0.));
#5010 = ( GEOMETRIC_REPRESENTATION_CONTEXT(2) 
PARAMETRIC_REPRESENTATION_CONTEXT() REPRESENTATION_CONTEXT('2D SPACE',''
  ) );
#5011 = PCURVE('',#5012,#5017);
#5012 = PLANE('',#5013);
#5013 = AXIS2_PLACEMENT_3D('',#5014,#5015,#5016);
#5014 = CARTESIAN_POINT('',(0.,0.,0.));
#5015 = DIRECTION('',(0.,0.,1.));
#5016 = DIRECTION('',(1.,0.,-0.));
#5017 = DEFINITIONAL_REPRESENTATION('',(#5018),#5022);
#5018 = CIRCLE('',#5019,4.4);
#5019 = AXIS2_PLACEMENT_2D('',#5020,#5021);
#5020 = CARTESIAN_POINT('',(0.,0.));
#5021 = DIRECTION('',(1.,0.));
#5022 = ( GEOMETRIC_REPRESENTATION_CONTEXT(2) 
PARAMETRIC_REPRESENTATION_CONTEXT() REPRESENTATION_CONTEXT('2D SPACE',''
  ) );
#5023 = ORIENTED_EDGE('',*,*,#4974,.T.);
#5024 = ADVANCED_FACE('',(#5025),#4962,.T.);
#5025 = FACE_BOUND('',#5026,.T.);
#5026 = EDGE_LOOP('',(#5027));
#5027 = ORIENTED_EDGE('',*,*,#4940,.T.);
#5028 = ADVANCED_FACE('',(#5029),#5012,.F.);
#5029 = FACE_BOUND('',#5030,.T.);
#5030 = EDGE_LOOP('',(#5031));
#5031 = ORIENTED_EDGE('',*,*,#4997,.F.);
#5032 = ( GEOMETRIC_REPRESENTATION_CONTEXT(3) 
GLOBAL_UNCERTAINTY_ASSIGNED_CONTEXT((#5036)) 
GLOBAL_UNIT_ASSIGNED_CONTEXT((#5033,#5034,#5035)) REPRESENTATION_CONTEXT
('Context #1','3D Context with UNIT and UNCERTAINTY') );
#5033 = ( LENGTH_UNIT() NAMED_UNIT(*) SI_UNIT(.MILLI.,.METRE.) );
#5034 = ( NAMED_UNIT(*) PLANE_ANGLE_UNIT() SI_UNIT($,.RADIAN.) );
#5035 = ( NAMED_UNIT(*) SI_UNIT($,.STERADIAN.) SOLID_ANGLE_UNIT() );
#5036 = UNCERTAINTY_MEASURE_WITH_UNIT(LENGTH_MEASURE(1.E-07),#5033,
  'distance_accuracy_value','confusion accuracy');
#5037 = CONTEXT_DEPENDENT_SHAPE_REPRESENTATION(#5038,#5040);
#5038 = ( REPRESENTATION_RELATIONSHIP('','',#4933,#4910) 
REPRESENTATION_RELATIONSHIP_WITH_TRANSFORMATION(#5039) 
SHAPE_REPRESENTATION_RELATIONSHIP() );
#5039 = ITEM_DEFINED_TRANSFORMATION('','',#11,#4911);
#5040 = PRODUCT_DEFINITION_SHAPE('Placement','Placement of an item',
  #5041);
#5041 = NEXT_ASSEMBLY_USAGE_OCCURRENCE('474','=>[0:1:1:65]','',#4905,
  #4928,$);
#5042 = PRODUCT_RELATED_PRODUCT_CATEGORY('part',$,(#4930));
#5043 = SHAPE_DEFINITION_REPRESENTATION(#5044,#5050);
#5044 = PRODUCT_DEFINITION_SHAPE('','',#5045);
#5045 = PRODUCT_DEFINITION('design','',#5046,#5049);
#5046 = PRODUCT_DEFINITION_FORMATION('','',#5047);
#5047 = PRODUCT('left_finger_04_middle_link',
  'left_finger_04_middle_link','',(#5048));
#5048 = PRODUCT_CONTEXT('',#2,'mechanical');
#5049 = PRODUCT_DEFINITION_CONTEXT('part definition',#2,'design');
#5050 = SHAPE_REPRESENTATION('',(#11,#5051),#5055);
#5051 = AXIS2_PLACEMENT_3D('',#5052,#5053,#5054);
#5052 = CARTESIAN_POINT('',(0.,0.,-12.26998370007));
#5053 = DIRECTION('',(0.,0.,1.));
#5054 = DIRECTION('',(1.,0.,0.));
#5055 = ( GEOMETRIC_REPRESENTATION_CONTEXT(3) 
GLOBAL_UNCERTAINTY_ASSIGNED_CONTEXT((#5059)) 
GLOBAL_UNIT_ASSIGNED_CONTEXT((#5056,#5057,#5058)) REPRESENTATION_CONTEXT
('Context #1','3D Context with UNIT and UNCERTAINTY') );
#5056 = ( LENGTH_UNIT() NAMED_UNIT(*) SI_UNIT(.MILLI.,.METRE.) );
#5057 = ( NAMED_UNIT(*) PLANE_ANGLE_UNIT() SI_UNIT($,.RADIAN.) );
#5058 = ( NAMED_UNIT(*) SI_UNIT($,.STERADIAN.) SOLID_ANGLE_UNIT() );
#5059 = UNCERTAINTY_MEASURE_WITH_UNIT(LENGTH_MEASURE(1.E-07),#5056,
  'distance_accuracy_value','confusion accuracy');
#5060 = CONTEXT_DEPENDENT_SHAPE_REPRESENTATION(#5061,#5063);
#5061 = ( REPRESENTATION_RELATIONSHIP('','',#5050,#10) 
REPRESENTATION_RELATIONSHIP_WITH_TRANSFORMATION(#5062) 
SHAPE_REPRESENTATION_RELATIONSHIP() );
#5062 = ITEM_DEFINED_TRANSFORMATION('','',#11,#143);
#5063 = PRODUCT_DEFINITION_SHAPE('Placement','Placement of an item',
  #5064);
#5064 = NEXT_ASSEMBLY_USAGE_OCCURRENCE('477','=>[0:1:1:66]','',#5,#5045,
  $);
#5065 = PRODUCT_RELATED_PRODUCT_CATEGORY('part',$,(#5047));
#5066 = SHAPE_DEFINITION_REPRESENTATION(#5067,#5073);
#5067 = PRODUCT_DEFINITION_SHAPE('','',#5068);
#5068 = PRODUCT_DEFINITION('design','',#5069,#5072);
#5069 = PRODUCT_DEFINITION_FORMATION('','',#5070);
#5070 = PRODUCT('SOLID','SOLID','',(#5071));
#5071 = PRODUCT_CONTEXT('',#2,'mechanical');
#5072 = PRODUCT_DEFINITION_CONTEXT('part definition',#2,'design');
#5073 = ADVANCED_BREP_SHAPE_REPRESENTATION('',(#11,#5074),#5172);
#5074 = MANIFOLD_SOLID_BREP('',#5075);
#5075 = CLOSED_SHELL('',(#5076,#5164,#5168));
#5076 = ADVANCED_FACE('',(#5077),#5090,.T.);
#5077 = FACE_BOUND('',#5078,.T.);
#5078 = EDGE_LOOP('',(#5079,#5113,#5136,#5163));
#5079 = ORIENTED_EDGE('',*,*,#5080,.F.);
#5080 = EDGE_CURVE('',#5081,#5081,#5083,.T.);
#5081 = VERTEX_POINT('',#5082);
#5082 = CARTESIAN_POINT('',(3.8,-9.30731567352E-16,24.539967400141));
#5083 = SURFACE_CURVE('',#5084,(#5089,#5101),.PCURVE_S1.);
#5084 = CIRCLE('',#5085,3.8);
#5085 = AXIS2_PLACEMENT_3D('',#5086,#5087,#5088);
#5086 = CARTESIAN_POINT('',(0.,0.,24.539967400141));
#5087 = DIRECTION('',(0.,0.,1.));
#5088 = DIRECTION('',(1.,0.,-0.));
#5089 = PCURVE('',#5090,#5095);
#5090 = CYLINDRICAL_SURFACE('',#5091,3.8);
#5091 = AXIS2_PLACEMENT_3D('',#5092,#5093,#5094);
#5092 = CARTESIAN_POINT('',(0.,0.,0.));
#5093 = DIRECTION('',(0.,0.,1.));
#5094 = DIRECTION('',(1.,0.,-0.));
#5095 = DEFINITIONAL_REPRESENTATION('',(#5096),#5100);
#5096 = LINE('',#5097,#5098);
#5097 = CARTESIAN_POINT('',(0.,24.539967400141));
#5098 = VECTOR('',#5099,1.);
#5099 = DIRECTION('',(1.,0.));
#5100 = ( GEOMETRIC_REPRESENTATION_CONTEXT(2) 
PARAMETRIC_REPRESENTATION_CONTEXT() REPRESENTATION_CONTEXT('2D SPACE',''
  ) );
#5101 = PCURVE('',#5102,#5107);
#5102 = PLANE('',#5103);
#5103 = AXIS2_PLACEMENT_3D('',#5104,#5105,#5106);
#5104 = CARTESIAN_POINT('',(0.,0.,24.539967400141));
#5105 = DIRECTION('',(0.,0.,1.));
#5106 = DIRECTION('',(1.,0.,-0.));
#5107 = DEFINITIONAL_REPRESENTATION('',(#5108),#5112);
#5108 = CIRCLE('',#5109,3.8);
#5109 = AXIS2_PLACEMENT_2D('',#5110,#5111);
#5110 = CARTESIAN_POINT('',(0.,0.));
#5111 = DIRECTION('',(1.,0.));
#5112 = ( GEOMETRIC_REPRESENTATION_CONTEXT(2) 
PARAMETRIC_REPRESENTATION_CONTEXT() REPRESENTATION_CONTEXT('2D SPACE',''
  ) );
#5113 = ORIENTED_EDGE('',*,*,#5114,.F.);
#5114 = EDGE_CURVE('',#5115,#5081,#5117,.T.);
#5115 = VERTEX_POINT('',#5116);
#5116 = CARTESIAN_POINT('',(3.8,-9.30731567352E-16,0.));
#5117 = SEAM_CURVE('',#5118,(#5122,#5129),.PCURVE_S1.);
#5118 = LINE('',#5119,#5120);
#5119 = CARTESIAN_POINT('',(3.8,-9.30731567352E-16,0.));
#5120 = VECTOR('',#5121,1.);
#5121 = DIRECTION('',(0.,0.,1.));
#5122 = PCURVE('',#5090,#5123);
#5123 = DEFINITIONAL_REPRESENTATION('',(#5124),#5128);
#5124 = LINE('',#5125,#5126);
#5125 = CARTESIAN_POINT('',(6.28318530718,-0.));
#5126 = VECTOR('',#5127,1.);
#5127 = DIRECTION('',(0.,1.));
#5128 = ( GEOMETRIC_REPRESENTATION_CONTEXT(2) 
PARAMETRIC_REPRESENTATION_CONTEXT() REPRESENTATION_CONTEXT('2D SPACE',''
  ) );
#5129 = PCURVE('',#5090,#5130);
#5130 = DEFINITIONAL_REPRESENTATION('',(#5131),#5135);
#5131 = LINE('',#5132,#5133);
#5132 = CARTESIAN_POINT('',(0.,-0.));
#5133 = VECTOR('',#5134,1.);
#5134 = DIRECTION('',(0.,1.));
#5135 = ( GEOMETRIC_REPRESENTATION_CONTEXT(2) 
PARAMETRIC_REPRESENTATION_CONTEXT() REPRESENTATION_CONTEXT('2D SPACE',''
  ) );
#5136 = ORIENTED_EDGE('',*,*,#5137,.T.);
#5137 = EDGE_CURVE('',#5115,#5115,#5138,.T.);
#5138 = SURFACE_CURVE('',#5139,(#5144,#5151),.PCURVE_S1.);
#5139 = CIRCLE('',#5140,3.8);
#5140 = AXIS2_PLACEMENT_3D('',#5141,#5142,#5143);
#5141 = CARTESIAN_POINT('',(0.,0.,0.));
#5142 = DIRECTION('',(0.,0.,1.));
#5143 = DIRECTION('',(1.,0.,-0.));
#5144 = PCURVE('',#5090,#5145);
#5145 = DEFINITIONAL_REPRESENTATION('',(#5146),#5150);
#5146 = LINE('',#5147,#5148);
#5147 = CARTESIAN_POINT('',(0.,0.));
#5148 = VECTOR('',#5149,1.);
#5149 = DIRECTION('',(1.,0.));
#5150 = ( GEOMETRIC_REPRESENTATION_CONTEXT(2) 
PARAMETRIC_REPRESENTATION_CONTEXT() REPRESENTATION_CONTEXT('2D SPACE',''
  ) );
#5151 = PCURVE('',#5152,#5157);
#5152 = PLANE('',#5153);
#5153 = AXIS2_PLACEMENT_3D('',#5154,#5155,#5156);
#5154 = CARTESIAN_POINT('',(0.,0.,0.));
#5155 = DIRECTION('',(0.,0.,1.));
#5156 = DIRECTION('',(1.,0.,-0.));
#5157 = DEFINITIONAL_REPRESENTATION('',(#5158),#5162);
#5158 = CIRCLE('',#5159,3.8);
#5159 = AXIS2_PLACEMENT_2D('',#5160,#5161);
#5160 = CARTESIAN_POINT('',(0.,0.));
#5161 = DIRECTION('',(1.,0.));
#5162 = ( GEOMETRIC_REPRESENTATION_CONTEXT(2) 
PARAMETRIC_REPRESENTATION_CONTEXT() REPRESENTATION_CONTEXT('2D SPACE',''
  ) );
#5163 = ORIENTED_EDGE('',*,*,#5114,.T.);
#5164 = ADVANCED_FACE('',(#5165),#5102,.T.);
#5165 = FACE_BOUND('',#5166,.T.);
#5166 = EDGE_LOOP('',(#5167));
#5167 = ORIENTED_EDGE('',*,*,#5080,.T.);
#5168 = ADVANCED_FACE('',(#5169),#5152,.F.);
#5169 = FACE_BOUND('',#5170,.T.);
#5170 = EDGE_LOOP('',(#5171));
#5171 = ORIENTED_EDGE('',*,*,#5137,.F.);
#5172 = ( GEOMETRIC_REPRESENTATION_CONTEXT(3) 
GLOBAL_UNCERTAINTY_ASSIGNED_CONTEXT((#5176)) 
GLOBAL_UNIT_ASSIGNED_CONTEXT((#5173,#5174,#5175)) REPRESENTATION_CONTEXT
('Context #1','3D Context with UNIT and UNCERTAINTY') );
#5173 = ( LENGTH_UNIT() NAMED_UNIT(*) SI_UNIT(.MILLI.,.METRE.) );
#5174 = ( NAMED_UNIT(*) PLANE_ANGLE_UNIT() SI_UNIT($,.RADIAN.) );
#5175 = ( NAMED_UNIT(*) SI_UNIT($,.STERADIAN.) SOLID_ANGLE_UNIT() );
#5176 = UNCERTAINTY_MEASURE_WITH_UNIT(LENGTH_MEASURE(1.E-07),#5173,
  'distance_accuracy_value','confusion accuracy');
#5177 = CONTEXT_DEPENDENT_SHAPE_REPRESENTATION(#5178,#5180);
#5178 = ( REPRESENTATION_RELATIONSHIP('','',#5073,#5050) 
REPRESENTATION_RELATIONSHIP_WITH_TRANSFORMATION(#5179) 
SHAPE_REPRESENTATION_RELATIONSHIP() );
#5179 = ITEM_DEFINED_TRANSFORMATION('','',#11,#5051);
#5180 = PRODUCT_DEFINITION_SHAPE('Placement','Placement of an item',
  #5181);
#5181 = NEXT_ASSEMBLY_USAGE_OCCURRENCE('476','=>[0:1:1:67]','',#5045,
  #5068,$);
#5182 = PRODUCT_RELATED_PRODUCT_CATEGORY('part',$,(#5070));
#5183 = SHAPE_DEFINITION_REPRESENTATION(#5184,#5190);
#5184 = PRODUCT_DEFINITION_SHAPE('','',#5185);
#5185 = PRODUCT_DEFINITION('design','',#5186,#5189);
#5186 = PRODUCT_DEFINITION_FORMATION('','',#5187);
#5187 = PRODUCT('left_finger_04_distal_link',
  'left_finger_04_distal_link','',(#5188));
#5188 = PRODUCT_CONTEXT('',#2,'mechanical');
#5189 = PRODUCT_DEFINITION_CONTEXT('part definition',#2,'design');
#5190 = SHAPE_REPRESENTATION('',(#11,#5191),#5195);
#5191 = AXIS2_PLACEMENT_3D('',#5192,#5193,#5194);
#5192 = CARTESIAN_POINT('',(0.,0.,-10.12188223602));
#5193 = DIRECTION('',(0.,0.,1.));
#5194 = DIRECTION('',(1.,0.,0.));
#5195 = ( GEOMETRIC_REPRESENTATION_CONTEXT(3) 
GLOBAL_UNCERTAINTY_ASSIGNED_CONTEXT((#5199)) 
GLOBAL_UNIT_ASSIGNED_CONTEXT((#5196,#5197,#5198)) REPRESENTATION_CONTEXT
('Context #1','3D Context with UNIT and UNCERTAINTY') );
#5196 = ( LENGTH_UNIT() NAMED_UNIT(*) SI_UNIT(.MILLI.,.METRE.) );
#5197 = ( NAMED_UNIT(*) PLANE_ANGLE_UNIT() SI_UNIT($,.RADIAN.) );
#5198 = ( NAMED_UNIT(*) SI_UNIT($,.STERADIAN.) SOLID_ANGLE_UNIT() );
#5199 = UNCERTAINTY_MEASURE_WITH_UNIT(LENGTH_MEASURE(1.E-07),#5196,
  'distance_accuracy_value','confusion accuracy');
#5200 = CONTEXT_DEPENDENT_SHAPE_REPRESENTATION(#5201,#5203);
#5201 = ( REPRESENTATION_RELATIONSHIP('','',#5190,#10) 
REPRESENTATION_RELATIONSHIP_WITH_TRANSFORMATION(#5202) 
SHAPE_REPRESENTATION_RELATIONSHIP() );
#5202 = ITEM_DEFINED_TRANSFORMATION('','',#11,#147);
#5203 = PRODUCT_DEFINITION_SHAPE('Placement','Placement of an item',
  #5204);
#5204 = NEXT_ASSEMBLY_USAGE_OCCURRENCE('479','=>[0:1:1:68]','',#5,#5185,
  $);
#5205 = PRODUCT_RELATED_PRODUCT_CATEGORY('part',$,(#5187));
#5206 = SHAPE_DEFINITION_REPRESENTATION(#5207,#5213);
#5207 = PRODUCT_DEFINITION_SHAPE('','',#5208);
#5208 = PRODUCT_DEFINITION('design','',#5209,#5212);
#5209 = PRODUCT_DEFINITION_FORMATION('','',#5210);
#5210 = PRODUCT('SOLID','SOLID','',(#5211));
#5211 = PRODUCT_CONTEXT('',#2,'mechanical');
#5212 = PRODUCT_DEFINITION_CONTEXT('part definition',#2,'design');
#5213 = ADVANCED_BREP_SHAPE_REPRESENTATION('',(#11,#5214),#5312);
#5214 = MANIFOLD_SOLID_BREP('',#5215);
#5215 = CLOSED_SHELL('',(#5216,#5304,#5308));
#5216 = ADVANCED_FACE('',(#5217),#5230,.T.);
#5217 = FACE_BOUND('',#5218,.T.);
#5218 = EDGE_LOOP('',(#5219,#5253,#5276,#5303));
#5219 = ORIENTED_EDGE('',*,*,#5220,.F.);
#5220 = EDGE_CURVE('',#5221,#5221,#5223,.T.);
#5221 = VERTEX_POINT('',#5222);
#5222 = CARTESIAN_POINT('',(3.2,-7.837739514543E-16,20.243764472054));
#5223 = SURFACE_CURVE('',#5224,(#5229,#5241),.PCURVE_S1.);
#5224 = CIRCLE('',#5225,3.2);
#5225 = AXIS2_PLACEMENT_3D('',#5226,#5227,#5228);
#5226 = CARTESIAN_POINT('',(0.,0.,20.243764472054));
#5227 = DIRECTION('',(0.,0.,1.));
#5228 = DIRECTION('',(1.,0.,-0.));
#5229 = PCURVE('',#5230,#5235);
#5230 = CYLINDRICAL_SURFACE('',#5231,3.2);
#5231 = AXIS2_PLACEMENT_3D('',#5232,#5233,#5234);
#5232 = CARTESIAN_POINT('',(0.,0.,0.));
#5233 = DIRECTION('',(0.,0.,1.));
#5234 = DIRECTION('',(1.,0.,-0.));
#5235 = DEFINITIONAL_REPRESENTATION('',(#5236),#5240);
#5236 = LINE('',#5237,#5238);
#5237 = CARTESIAN_POINT('',(0.,20.243764472054));
#5238 = VECTOR('',#5239,1.);
#5239 = DIRECTION('',(1.,0.));
#5240 = ( GEOMETRIC_REPRESENTATION_CONTEXT(2) 
PARAMETRIC_REPRESENTATION_CONTEXT() REPRESENTATION_CONTEXT('2D SPACE',''
  ) );
#5241 = PCURVE('',#5242,#5247);
#5242 = PLANE('',#5243);
#5243 = AXIS2_PLACEMENT_3D('',#5244,#5245,#5246);
#5244 = CARTESIAN_POINT('',(0.,0.,20.243764472054));
#5245 = DIRECTION('',(0.,0.,1.));
#5246 = DIRECTION('',(1.,0.,-0.));
#5247 = DEFINITIONAL_REPRESENTATION('',(#5248),#5252);
#5248 = CIRCLE('',#5249,3.2);
#5249 = AXIS2_PLACEMENT_2D('',#5250,#5251);
#5250 = CARTESIAN_POINT('',(0.,0.));
#5251 = DIRECTION('',(1.,0.));
#5252 = ( GEOMETRIC_REPRESENTATION_CONTEXT(2) 
PARAMETRIC_REPRESENTATION_CONTEXT() REPRESENTATION_CONTEXT('2D SPACE',''
  ) );
#5253 = ORIENTED_EDGE('',*,*,#5254,.F.);
#5254 = EDGE_CURVE('',#5255,#5221,#5257,.T.);
#5255 = VERTEX_POINT('',#5256);
#5256 = CARTESIAN_POINT('',(3.2,-7.837739514543E-16,0.));
#5257 = SEAM_CURVE('',#5258,(#5262,#5269),.PCURVE_S1.);
#5258 = LINE('',#5259,#5260);
#5259 = CARTESIAN_POINT('',(3.2,-7.837739514543E-16,0.));
#5260 = VECTOR('',#5261,1.);
#5261 = DIRECTION('',(0.,0.,1.));
#5262 = PCURVE('',#5230,#5263);
#5263 = DEFINITIONAL_REPRESENTATION('',(#5264),#5268);
#5264 = LINE('',#5265,#5266);
#5265 = CARTESIAN_POINT('',(6.28318530718,-0.));
#5266 = VECTOR('',#5267,1.);
#5267 = DIRECTION('',(0.,1.));
#5268 = ( GEOMETRIC_REPRESENTATION_CONTEXT(2) 
PARAMETRIC_REPRESENTATION_CONTEXT() REPRESENTATION_CONTEXT('2D SPACE',''
  ) );
#5269 = PCURVE('',#5230,#5270);
#5270 = DEFINITIONAL_REPRESENTATION('',(#5271),#5275);
#5271 = LINE('',#5272,#5273);
#5272 = CARTESIAN_POINT('',(0.,-0.));
#5273 = VECTOR('',#5274,1.);
#5274 = DIRECTION('',(0.,1.));
#5275 = ( GEOMETRIC_REPRESENTATION_CONTEXT(2) 
PARAMETRIC_REPRESENTATION_CONTEXT() REPRESENTATION_CONTEXT('2D SPACE',''
  ) );
#5276 = ORIENTED_EDGE('',*,*,#5277,.T.);
#5277 = EDGE_CURVE('',#5255,#5255,#5278,.T.);
#5278 = SURFACE_CURVE('',#5279,(#5284,#5291),.PCURVE_S1.);
#5279 = CIRCLE('',#5280,3.2);
#5280 = AXIS2_PLACEMENT_3D('',#5281,#5282,#5283);
#5281 = CARTESIAN_POINT('',(0.,0.,0.));
#5282 = DIRECTION('',(0.,0.,1.));
#5283 = DIRECTION('',(1.,0.,-0.));
#5284 = PCURVE('',#5230,#5285);
#5285 = DEFINITIONAL_REPRESENTATION('',(#5286),#5290);
#5286 = LINE('',#5287,#5288);
#5287 = CARTESIAN_POINT('',(0.,0.));
#5288 = VECTOR('',#5289,1.);
#5289 = DIRECTION('',(1.,0.));
#5290 = ( GEOMETRIC_REPRESENTATION_CONTEXT(2) 
PARAMETRIC_REPRESENTATION_CONTEXT() REPRESENTATION_CONTEXT('2D SPACE',''
  ) );
#5291 = PCURVE('',#5292,#5297);
#5292 = PLANE('',#5293);
#5293 = AXIS2_PLACEMENT_3D('',#5294,#5295,#5296);
#5294 = CARTESIAN_POINT('',(0.,0.,0.));
#5295 = DIRECTION('',(0.,0.,1.));
#5296 = DIRECTION('',(1.,0.,-0.));
#5297 = DEFINITIONAL_REPRESENTATION('',(#5298),#5302);
#5298 = CIRCLE('',#5299,3.2);
#5299 = AXIS2_PLACEMENT_2D('',#5300,#5301);
#5300 = CARTESIAN_POINT('',(0.,0.));
#5301 = DIRECTION('',(1.,0.));
#5302 = ( GEOMETRIC_REPRESENTATION_CONTEXT(2) 
PARAMETRIC_REPRESENTATION_CONTEXT() REPRESENTATION_CONTEXT('2D SPACE',''
  ) );
#5303 = ORIENTED_EDGE('',*,*,#5254,.T.);
#5304 = ADVANCED_FACE('',(#5305),#5242,.T.);
#5305 = FACE_BOUND('',#5306,.T.);
#5306 = EDGE_LOOP('',(#5307));
#5307 = ORIENTED_EDGE('',*,*,#5220,.T.);
#5308 = ADVANCED_FACE('',(#5309),#5292,.F.);
#5309 = FACE_BOUND('',#5310,.T.);
#5310 = EDGE_LOOP('',(#5311));
#5311 = ORIENTED_EDGE('',*,*,#5277,.F.);
#5312 = ( GEOMETRIC_REPRESENTATION_CONTEXT(3) 
GLOBAL_UNCERTAINTY_ASSIGNED_CONTEXT((#5316)) 
GLOBAL_UNIT_ASSIGNED_CONTEXT((#5313,#5314,#5315)) REPRESENTATION_CONTEXT
('Context #1','3D Context with UNIT and UNCERTAINTY') );
#5313 = ( LENGTH_UNIT() NAMED_UNIT(*) SI_UNIT(.MILLI.,.METRE.) );
#5314 = ( NAMED_UNIT(*) PLANE_ANGLE_UNIT() SI_UNIT($,.RADIAN.) );
#5315 = ( NAMED_UNIT(*) SI_UNIT($,.STERADIAN.) SOLID_ANGLE_UNIT() );
#5316 = UNCERTAINTY_MEASURE_WITH_UNIT(LENGTH_MEASURE(1.E-07),#5313,
  'distance_accuracy_value','confusion accuracy');
#5317 = CONTEXT_DEPENDENT_SHAPE_REPRESENTATION(#5318,#5320);
#5318 = ( REPRESENTATION_RELATIONSHIP('','',#5213,#5190) 
REPRESENTATION_RELATIONSHIP_WITH_TRANSFORMATION(#5319) 
SHAPE_REPRESENTATION_RELATIONSHIP() );
#5319 = ITEM_DEFINED_TRANSFORMATION('','',#11,#5191);
#5320 = PRODUCT_DEFINITION_SHAPE('Placement','Placement of an item',
  #5321);
#5321 = NEXT_ASSEMBLY_USAGE_OCCURRENCE('478','=>[0:1:1:69]','',#5185,
  #5208,$);
#5322 = PRODUCT_RELATED_PRODUCT_CATEGORY('part',$,(#5210));
#5323 = SHAPE_DEFINITION_REPRESENTATION(#5324,#5330);
#5324 = PRODUCT_DEFINITION_SHAPE('','',#5325);
#5325 = PRODUCT_DEFINITION('design','',#5326,#5329);
#5326 = PRODUCT_DEFINITION_FORMATION('','',#5327);
#5327 = PRODUCT('left_finger_04_middle_knuckle',
  'left_finger_04_middle_knuckle','',(#5328));
#5328 = PRODUCT_CONTEXT('',#2,'mechanical');
#5329 = PRODUCT_DEFINITION_CONTEXT('part definition',#2,'design');
#5330 = SHAPE_REPRESENTATION('',(#11,#5331),#5335);
#5331 = AXIS2_PLACEMENT_3D('',#5332,#5333,#5334);
#5332 = CARTESIAN_POINT('',(0.,0.,0.));
#5333 = DIRECTION('',(0.,0.,1.));
#5334 = DIRECTION('',(1.,0.,0.));
#5335 = ( GEOMETRIC_REPRESENTATION_CONTEXT(3) 
GLOBAL_UNCERTAINTY_ASSIGNED_CONTEXT((#5339)) 
GLOBAL_UNIT_ASSIGNED_CONTEXT((#5336,#5337,#5338)) REPRESENTATION_CONTEXT
('Context #1','3D Context with UNIT and UNCERTAINTY') );
#5336 = ( LENGTH_UNIT() NAMED_UNIT(*) SI_UNIT(.MILLI.,.METRE.) );
#5337 = ( NAMED_UNIT(*) PLANE_ANGLE_UNIT() SI_UNIT($,.RADIAN.) );
#5338 = ( NAMED_UNIT(*) SI_UNIT($,.STERADIAN.) SOLID_ANGLE_UNIT() );
#5339 = UNCERTAINTY_MEASURE_WITH_UNIT(LENGTH_MEASURE(1.E-07),#5336,
  'distance_accuracy_value','confusion accuracy');
#5340 = CONTEXT_DEPENDENT_SHAPE_REPRESENTATION(#5341,#5343);
#5341 = ( REPRESENTATION_RELATIONSHIP('','',#5330,#10) 
REPRESENTATION_RELATIONSHIP_WITH_TRANSFORMATION(#5342) 
SHAPE_REPRESENTATION_RELATIONSHIP() );
#5342 = ITEM_DEFINED_TRANSFORMATION('','',#11,#151);
#5343 = PRODUCT_DEFINITION_SHAPE('Placement','Placement of an item',
  #5344);
#5344 = NEXT_ASSEMBLY_USAGE_OCCURRENCE('481','=>[0:1:1:70]','',#5,#5325,
  $);
#5345 = PRODUCT_RELATED_PRODUCT_CATEGORY('part',$,(#5327));
#5346 = SHAPE_DEFINITION_REPRESENTATION(#5347,#5353);
#5347 = PRODUCT_DEFINITION_SHAPE('','',#5348);
#5348 = PRODUCT_DEFINITION('design','',#5349,#5352);
#5349 = PRODUCT_DEFINITION_FORMATION('','',#5350);
#5350 = PRODUCT('SOLID','SOLID','',(#5351));
#5351 = PRODUCT_CONTEXT('',#2,'mechanical');
#5352 = PRODUCT_DEFINITION_CONTEXT('part definition',#2,'design');
#5353 = ADVANCED_BREP_SHAPE_REPRESENTATION('',(#11,#5354),#5366);
#5354 = MANIFOLD_SOLID_BREP('',#5355);
#5355 = CLOSED_SHELL('',(#5356));
#5356 = ADVANCED_FACE('',(#5357),#5361,.T.);
#5357 = FACE_BOUND('',#5358,.T.);
#5358 = VERTEX_LOOP('',#5359);
#5359 = VERTEX_POINT('',#5360);
#5360 = CARTESIAN_POINT('',(3.184081677783E-16,-7.798750869842E-32,-5.2)
  );
#5361 = SPHERICAL_SURFACE('',#5362,5.2);
#5362 = AXIS2_PLACEMENT_3D('',#5363,#5364,#5365);
#5363 = CARTESIAN_POINT('',(0.,0.,0.));
#5364 = DIRECTION('',(0.,0.,1.));
#5365 = DIRECTION('',(1.,0.,-0.));
#5366 = ( GEOMETRIC_REPRESENTATION_CONTEXT(3) 
GLOBAL_UNCERTAINTY_ASSIGNED_CONTEXT((#5370)) 
GLOBAL_UNIT_ASSIGNED_CONTEXT((#5367,#5368,#5369)) REPRESENTATION_CONTEXT
('Context #1','3D Context with UNIT and UNCERTAINTY') );
#5367 = ( LENGTH_UNIT() NAMED_UNIT(*) SI_UNIT(.MILLI.,.METRE.) );
#5368 = ( NAMED_UNIT(*) PLANE_ANGLE_UNIT() SI_UNIT($,.RADIAN.) );
#5369 = ( NAMED_UNIT(*) SI_UNIT($,.STERADIAN.) SOLID_ANGLE_UNIT() );
#5370 = UNCERTAINTY_MEASURE_WITH_UNIT(LENGTH_MEASURE(1.E-07),#5367,
  'distance_accuracy_value','confusion accuracy');
#5371 = CONTEXT_DEPENDENT_SHAPE_REPRESENTATION(#5372,#5374);
#5372 = ( REPRESENTATION_RELATIONSHIP('','',#5353,#5330) 
REPRESENTATION_RELATIONSHIP_WITH_TRANSFORMATION(#5373) 
SHAPE_REPRESENTATION_RELATIONSHIP() );
#5373 = ITEM_DEFINED_TRANSFORMATION('','',#11,#5331);
#5374 = PRODUCT_DEFINITION_SHAPE('Placement','Placement of an item',
  #5375);
#5375 = NEXT_ASSEMBLY_USAGE_OCCURRENCE('480','=>[0:1:1:71]','',#5325,
  #5348,$);
#5376 = PRODUCT_RELATED_PRODUCT_CATEGORY('part',$,(#5350));
#5377 = SHAPE_DEFINITION_REPRESENTATION(#5378,#5384);
#5378 = PRODUCT_DEFINITION_SHAPE('','',#5379);
#5379 = PRODUCT_DEFINITION('design','',#5380,#5383);
#5380 = PRODUCT_DEFINITION_FORMATION('','',#5381);
#5381 = PRODUCT('left_finger_04_distal_knuckle',
  'left_finger_04_distal_knuckle','',(#5382));
#5382 = PRODUCT_CONTEXT('',#2,'mechanical');
#5383 = PRODUCT_DEFINITION_CONTEXT('part definition',#2,'design');
#5384 = SHAPE_REPRESENTATION('',(#11,#5385),#5389);
#5385 = AXIS2_PLACEMENT_3D('',#5386,#5387,#5388);
#5386 = CARTESIAN_POINT('',(0.,0.,0.));
#5387 = DIRECTION('',(0.,0.,1.));
#5388 = DIRECTION('',(1.,0.,0.));
#5389 = ( GEOMETRIC_REPRESENTATION_CONTEXT(3) 
GLOBAL_UNCERTAINTY_ASSIGNED_CONTEXT((#5393)) 
GLOBAL_UNIT_ASSIGNED_CONTEXT((#5390,#5391,#5392)) REPRESENTATION_CONTEXT
('Context #1','3D Context with UNIT and UNCERTAINTY') );
#5390 = ( LENGTH_UNIT() NAMED_UNIT(*) SI_UNIT(.MILLI.,.METRE.) );
#5391 = ( NAMED_UNIT(*) PLANE_ANGLE_UNIT() SI_UNIT($,.RADIAN.) );
#5392 = ( NAMED_UNIT(*) SI_UNIT($,.STERADIAN.) SOLID_ANGLE_UNIT() );
#5393 = UNCERTAINTY_MEASURE_WITH_UNIT(LENGTH_MEASURE(1.E-07),#5390,
  'distance_accuracy_value','confusion accuracy');
#5394 = CONTEXT_DEPENDENT_SHAPE_REPRESENTATION(#5395,#5397);
#5395 = ( REPRESENTATION_RELATIONSHIP('','',#5384,#10) 
REPRESENTATION_RELATIONSHIP_WITH_TRANSFORMATION(#5396) 
SHAPE_REPRESENTATION_RELATIONSHIP() );
#5396 = ITEM_DEFINED_TRANSFORMATION('','',#11,#155);
#5397 = PRODUCT_DEFINITION_SHAPE('Placement','Placement of an item',
  #5398);
#5398 = NEXT_ASSEMBLY_USAGE_OCCURRENCE('483','=>[0:1:1:72]','',#5,#5379,
  $);
#5399 = PRODUCT_RELATED_PRODUCT_CATEGORY('part',$,(#5381));
#5400 = SHAPE_DEFINITION_REPRESENTATION(#5401,#5407);
#5401 = PRODUCT_DEFINITION_SHAPE('','',#5402);
#5402 = PRODUCT_DEFINITION('design','',#5403,#5406);
#5403 = PRODUCT_DEFINITION_FORMATION('','',#5404);
#5404 = PRODUCT('SOLID','SOLID','',(#5405));
#5405 = PRODUCT_CONTEXT('',#2,'mechanical');
#5406 = PRODUCT_DEFINITION_CONTEXT('part definition',#2,'design');
#5407 = ADVANCED_BREP_SHAPE_REPRESENTATION('',(#11,#5408),#5420);
#5408 = MANIFOLD_SOLID_BREP('',#5409);
#5409 = CLOSED_SHELL('',(#5410));
#5410 = ADVANCED_FACE('',(#5411),#5415,.T.);
#5411 = FACE_BOUND('',#5412,.T.);
#5412 = VERTEX_LOOP('',#5413);
#5413 = VERTEX_POINT('',#5414);
#5414 = CARTESIAN_POINT('',(2.939152317954E-16,-7.198846956777E-32,-4.8)
  );
#5415 = SPHERICAL_SURFACE('',#5416,4.8);
#5416 = AXIS2_PLACEMENT_3D('',#5417,#5418,#5419);
#5417 = CARTESIAN_POINT('',(0.,0.,0.));
#5418 = DIRECTION('',(0.,0.,1.));
#5419 = DIRECTION('',(1.,0.,-0.));
#5420 = ( GEOMETRIC_REPRESENTATION_CONTEXT(3) 
GLOBAL_UNCERTAINTY_ASSIGNED_CONTEXT((#5424)) 
GLOBAL_UNIT_ASSIGNED_CONTEXT((#5421,#5422,#5423)) REPRESENTATION_CONTEXT
('Context #1','3D Context with UNIT and UNCERTAINTY') );
#5421 = ( LENGTH_UNIT() NAMED_UNIT(*) SI_UNIT(.MILLI.,.METRE.) );
#5422 = ( NAMED_UNIT(*) PLANE_ANGLE_UNIT() SI_UNIT($,.RADIAN.) );
#5423 = ( NAMED_UNIT(*) SI_UNIT($,.STERADIAN.) SOLID_ANGLE_UNIT() );
#5424 = UNCERTAINTY_MEASURE_WITH_UNIT(LENGTH_MEASURE(1.E-07),#5421,
  'distance_accuracy_value','confusion accuracy');
#5425 = CONTEXT_DEPENDENT_SHAPE_REPRESENTATION(#5426,#5428);
#5426 = ( REPRESENTATION_RELATIONSHIP('','',#5407,#5384) 
REPRESENTATION_RELATIONSHIP_WITH_TRANSFORMATION(#5427) 
SHAPE_REPRESENTATION_RELATIONSHIP() );
#5427 = ITEM_DEFINED_TRANSFORMATION('','',#11,#5385);
#5428 = PRODUCT_DEFINITION_SHAPE('Placement','Placement of an item',
  #5429);
#5429 = NEXT_ASSEMBLY_USAGE_OCCURRENCE('482','=>[0:1:1:73]','',#5379,
  #5402,$);
#5430 = PRODUCT_RELATED_PRODUCT_CATEGORY('part',$,(#5404));
#5431 = SHAPE_DEFINITION_REPRESENTATION(#5432,#5438);
#5432 = PRODUCT_DEFINITION_SHAPE('','',#5433);
#5433 = PRODUCT_DEFINITION('design','',#5434,#5437);
#5434 = PRODUCT_DEFINITION_FORMATION('','',#5435);
#5435 = PRODUCT('left_finger_04_rounded_tip',
  'left_finger_04_rounded_tip','',(#5436));
#5436 = PRODUCT_CONTEXT('',#2,'mechanical');
#5437 = PRODUCT_DEFINITION_CONTEXT('part definition',#2,'design');
#5438 = SHAPE_REPRESENTATION('',(#11,#5439),#5443);
#5439 = AXIS2_PLACEMENT_3D('',#5440,#5441,#5442);
#5440 = CARTESIAN_POINT('',(0.,0.,0.));
#5441 = DIRECTION('',(0.,0.,1.));
#5442 = DIRECTION('',(1.,0.,0.));
#5443 = ( GEOMETRIC_REPRESENTATION_CONTEXT(3) 
GLOBAL_UNCERTAINTY_ASSIGNED_CONTEXT((#5447)) 
GLOBAL_UNIT_ASSIGNED_CONTEXT((#5444,#5445,#5446)) REPRESENTATION_CONTEXT
('Context #1','3D Context with UNIT and UNCERTAINTY') );
#5444 = ( LENGTH_UNIT() NAMED_UNIT(*) SI_UNIT(.MILLI.,.METRE.) );
#5445 = ( NAMED_UNIT(*) PLANE_ANGLE_UNIT() SI_UNIT($,.RADIAN.) );
#5446 = ( NAMED_UNIT(*) SI_UNIT($,.STERADIAN.) SOLID_ANGLE_UNIT() );
#5447 = UNCERTAINTY_MEASURE_WITH_UNIT(LENGTH_MEASURE(1.E-07),#5444,
  'distance_accuracy_value','confusion accuracy');
#5448 = CONTEXT_DEPENDENT_SHAPE_REPRESENTATION(#5449,#5451);
#5449 = ( REPRESENTATION_RELATIONSHIP('','',#5438,#10) 
REPRESENTATION_RELATIONSHIP_WITH_TRANSFORMATION(#5450) 
SHAPE_REPRESENTATION_RELATIONSHIP() );
#5450 = ITEM_DEFINED_TRANSFORMATION('','',#11,#159);
#5451 = PRODUCT_DEFINITION_SHAPE('Placement','Placement of an item',
  #5452);
#5452 = NEXT_ASSEMBLY_USAGE_OCCURRENCE('485','=>[0:1:1:74]','',#5,#5433,
  $);
#5453 = PRODUCT_RELATED_PRODUCT_CATEGORY('part',$,(#5435));
#5454 = SHAPE_DEFINITION_REPRESENTATION(#5455,#5461);
#5455 = PRODUCT_DEFINITION_SHAPE('','',#5456);
#5456 = PRODUCT_DEFINITION('design','',#5457,#5460);
#5457 = PRODUCT_DEFINITION_FORMATION('','',#5458);
#5458 = PRODUCT('SOLID','SOLID','',(#5459));
#5459 = PRODUCT_CONTEXT('',#2,'mechanical');
#5460 = PRODUCT_DEFINITION_CONTEXT('part definition',#2,'design');
#5461 = ADVANCED_BREP_SHAPE_REPRESENTATION('',(#11,#5462),#5474);
#5462 = MANIFOLD_SOLID_BREP('',#5463);
#5463 = CLOSED_SHELL('',(#5464));
#5464 = ADVANCED_FACE('',(#5465),#5469,.T.);
#5465 = FACE_BOUND('',#5466,.T.);
#5466 = VERTEX_LOOP('',#5467);
#5467 = VERTEX_POINT('',#5468);
#5468 = CARTESIAN_POINT('',(2.816687638039E-16,-6.898895000245E-32,-4.6)
  );
#5469 = SPHERICAL_SURFACE('',#5470,4.6);
#5470 = AXIS2_PLACEMENT_3D('',#5471,#5472,#5473);
#5471 = CARTESIAN_POINT('',(0.,0.,0.));
#5472 = DIRECTION('',(0.,0.,1.));
#5473 = DIRECTION('',(1.,0.,-0.));
#5474 = ( GEOMETRIC_REPRESENTATION_CONTEXT(3) 
GLOBAL_UNCERTAINTY_ASSIGNED_CONTEXT((#5478)) 
GLOBAL_UNIT_ASSIGNED_CONTEXT((#5475,#5476,#5477)) REPRESENTATION_CONTEXT
('Context #1','3D Context with UNIT and UNCERTAINTY') );
#5475 = ( LENGTH_UNIT() NAMED_UNIT(*) SI_UNIT(.MILLI.,.METRE.) );
#5476 = ( NAMED_UNIT(*) PLANE_ANGLE_UNIT() SI_UNIT($,.RADIAN.) );
#5477 = ( NAMED_UNIT(*) SI_UNIT($,.STERADIAN.) SOLID_ANGLE_UNIT() );
#5478 = UNCERTAINTY_MEASURE_WITH_UNIT(LENGTH_MEASURE(1.E-07),#5475,
  'distance_accuracy_value','confusion accuracy');
#5479 = CONTEXT_DEPENDENT_SHAPE_REPRESENTATION(#5480,#5482);
#5480 = ( REPRESENTATION_RELATIONSHIP('','',#5461,#5438) 
REPRESENTATION_RELATIONSHIP_WITH_TRANSFORMATION(#5481) 
SHAPE_REPRESENTATION_RELATIONSHIP() );
#5481 = ITEM_DEFINED_TRANSFORMATION('','',#11,#5439);
#5482 = PRODUCT_DEFINITION_SHAPE('Placement','Placement of an item',
  #5483);
#5483 = NEXT_ASSEMBLY_USAGE_OCCURRENCE('484','=>[0:1:1:75]','',#5433,
  #5456,$);
#5484 = PRODUCT_RELATED_PRODUCT_CATEGORY('part',$,(#5458));
#5485 = SHAPE_DEFINITION_REPRESENTATION(#5486,#5492);
#5486 = PRODUCT_DEFINITION_SHAPE('','',#5487);
#5487 = PRODUCT_DEFINITION('design','',#5488,#5491);
#5488 = PRODUCT_DEFINITION_FORMATION('','',#5489);
#5489 = PRODUCT('left_finger_04_black_tactile_pad',
  'left_finger_04_black_tactile_pad','',(#5490));
#5490 = PRODUCT_CONTEXT('',#2,'mechanical');
#5491 = PRODUCT_DEFINITION_CONTEXT('part definition',#2,'design');
#5492 = SHAPE_REPRESENTATION('',(#11,#5493),#5497);
#5493 = AXIS2_PLACEMENT_3D('',#5494,#5495,#5496);
#5494 = CARTESIAN_POINT('',(-3.5,-1.,-2.));
#5495 = DIRECTION('',(0.,0.,1.));
#5496 = DIRECTION('',(1.,0.,0.));
#5497 = ( GEOMETRIC_REPRESENTATION_CONTEXT(3) 
GLOBAL_UNCERTAINTY_ASSIGNED_CONTEXT((#5501)) 
GLOBAL_UNIT_ASSIGNED_CONTEXT((#5498,#5499,#5500)) REPRESENTATION_CONTEXT
('Context #1','3D Context with UNIT and UNCERTAINTY') );
#5498 = ( LENGTH_UNIT() NAMED_UNIT(*) SI_UNIT(.MILLI.,.METRE.) );
#5499 = ( NAMED_UNIT(*) PLANE_ANGLE_UNIT() SI_UNIT($,.RADIAN.) );
#5500 = ( NAMED_UNIT(*) SI_UNIT($,.STERADIAN.) SOLID_ANGLE_UNIT() );
#5501 = UNCERTAINTY_MEASURE_WITH_UNIT(LENGTH_MEASURE(1.E-07),#5498,
  'distance_accuracy_value','confusion accuracy');
#5502 = CONTEXT_DEPENDENT_SHAPE_REPRESENTATION(#5503,#5505);
#5503 = ( REPRESENTATION_RELATIONSHIP('','',#5492,#10) 
REPRESENTATION_RELATIONSHIP_WITH_TRANSFORMATION(#5504) 
SHAPE_REPRESENTATION_RELATIONSHIP() );
#5504 = ITEM_DEFINED_TRANSFORMATION('','',#11,#163);
#5505 = PRODUCT_DEFINITION_SHAPE('Placement','Placement of an item',
  #5506);
#5506 = NEXT_ASSEMBLY_USAGE_OCCURRENCE('487','=>[0:1:1:76]','',#5,#5487,
  $);
#5507 = PRODUCT_RELATED_PRODUCT_CATEGORY('part',$,(#5489));
#5508 = SHAPE_DEFINITION_REPRESENTATION(#5509,#5515);
#5509 = PRODUCT_DEFINITION_SHAPE('','',#5510);
#5510 = PRODUCT_DEFINITION('design','',#5511,#5514);
#5511 = PRODUCT_DEFINITION_FORMATION('','',#5512);
#5512 = PRODUCT('SOLID','SOLID','',(#5513));
#5513 = PRODUCT_CONTEXT('',#2,'mechanical');
#5514 = PRODUCT_DEFINITION_CONTEXT('part definition',#2,'design');
#5515 = ADVANCED_BREP_SHAPE_REPRESENTATION('',(#11,#5516),#5846);
#5516 = MANIFOLD_SOLID_BREP('',#5517);
#5517 = CLOSED_SHELL('',(#5518,#5638,#5738,#5785,#5832,#5839));
#5518 = ADVANCED_FACE('',(#5519),#5533,.F.);
#5519 = FACE_BOUND('',#5520,.F.);
#5520 = EDGE_LOOP('',(#5521,#5556,#5584,#5612));
#5521 = ORIENTED_EDGE('',*,*,#5522,.F.);
#5522 = EDGE_CURVE('',#5523,#5525,#5527,.T.);
#5523 = VERTEX_POINT('',#5524);
#5524 = CARTESIAN_POINT('',(0.,0.,0.));
#5525 = VERTEX_POINT('',#5526);
#5526 = CARTESIAN_POINT('',(0.,0.,4.));
#5527 = SURFACE_CURVE('',#5528,(#5532,#5544),.PCURVE_S1.);
#5528 = LINE('',#5529,#5530);
#5529 = CARTESIAN_POINT('',(0.,0.,0.));
#5530 = VECTOR('',#5531,1.);
#5531 = DIRECTION('',(0.,0.,1.));
#5532 = PCURVE('',#5533,#5538);
#5533 = PLANE('',#5534);
#5534 = AXIS2_PLACEMENT_3D('',#5535,#5536,#5537);
#5535 = CARTESIAN_POINT('',(0.,0.,0.));
#5536 = DIRECTION('',(1.,0.,-0.));
#5537 = DIRECTION('',(0.,0.,1.));
#5538 = DEFINITIONAL_REPRESENTATION('',(#5539),#5543);
#5539 = LINE('',#5540,#5541);
#5540 = CARTESIAN_POINT('',(0.,0.));
#5541 = VECTOR('',#5542,1.);
#5542 = DIRECTION('',(1.,0.));
#5543 = ( GEOMETRIC_REPRESENTATION_CONTEXT(2) 
PARAMETRIC_REPRESENTATION_CONTEXT() REPRESENTATION_CONTEXT('2D SPACE',''
  ) );
#5544 = PCURVE('',#5545,#5550);
#5545 = PLANE('',#5546);
#5546 = AXIS2_PLACEMENT_3D('',#5547,#5548,#5549);
#5547 = CARTESIAN_POINT('',(0.,0.,0.));
#5548 = DIRECTION('',(-0.,1.,0.));
#5549 = DIRECTION('',(0.,0.,1.));
#5550 = DEFINITIONAL_REPRESENTATION('',(#5551),#5555);
#5551 = LINE('',#5552,#5553);
#5552 = CARTESIAN_POINT('',(0.,0.));
#5553 = VECTOR('',#5554,1.);
#5554 = DIRECTION('',(1.,0.));
#5555 = ( GEOMETRIC_REPRESENTATION_CONTEXT(2) 
PARAMETRIC_REPRESENTATION_CONTEXT() REPRESENTATION_CONTEXT('2D SPACE',''
  ) );
#5556 = ORIENTED_EDGE('',*,*,#5557,.T.);
#5557 = EDGE_CURVE('',#5523,#5558,#5560,.T.);
#5558 = VERTEX_POINT('',#5559);
#5559 = CARTESIAN_POINT('',(0.,2.,0.));
#5560 = SURFACE_CURVE('',#5561,(#5565,#5572),.PCURVE_S1.);
#5561 = LINE('',#5562,#5563);
#5562 = CARTESIAN_POINT('',(0.,0.,0.));
#5563 = VECTOR('',#5564,1.);
#5564 = DIRECTION('',(-0.,1.,0.));
#5565 = PCURVE('',#5533,#5566);
#5566 = DEFINITIONAL_REPRESENTATION('',(#5567),#5571);
#5567 = LINE('',#5568,#5569);
#5568 = CARTESIAN_POINT('',(0.,0.));
#5569 = VECTOR('',#5570,1.);
#5570 = DIRECTION('',(0.,-1.));
#5571 = ( GEOMETRIC_REPRESENTATION_CONTEXT(2) 
PARAMETRIC_REPRESENTATION_CONTEXT() REPRESENTATION_CONTEXT('2D SPACE',''
  ) );
#5572 = PCURVE('',#5573,#5578);
#5573 = PLANE('',#5574);
#5574 = AXIS2_PLACEMENT_3D('',#5575,#5576,#5577);
#5575 = CARTESIAN_POINT('',(0.,0.,0.));
#5576 = DIRECTION('',(0.,0.,1.));
#5577 = DIRECTION('',(1.,0.,-0.));
#5578 = DEFINITIONAL_REPRESENTATION('',(#5579),#5583);
#5579 = LINE('',#5580,#5581);
#5580 = CARTESIAN_POINT('',(0.,0.));
#5581 = VECTOR('',#5582,1.);
#5582 = DIRECTION('',(0.,1.));
#5583 = ( GEOMETRIC_REPRESENTATION_CONTEXT(2) 
PARAMETRIC_REPRESENTATION_CONTEXT() REPRESENTATION_CONTEXT('2D SPACE',''
  ) );
#5584 = ORIENTED_EDGE('',*,*,#5585,.T.);
#5585 = EDGE_CURVE('',#5558,#5586,#5588,.T.);
#5586 = VERTEX_POINT('',#5587);
#5587 = CARTESIAN_POINT('',(0.,2.,4.));
#5588 = SURFACE_CURVE('',#5589,(#5593,#5600),.PCURVE_S1.);
#5589 = LINE('',#5590,#5591);
#5590 = CARTESIAN_POINT('',(0.,2.,0.));
#5591 = VECTOR('',#5592,1.);
#5592 = DIRECTION('',(0.,0.,1.));
#5593 = PCURVE('',#5533,#5594);
#5594 = DEFINITIONAL_REPRESENTATION('',(#5595),#5599);
#5595 = LINE('',#5596,#5597);
#5596 = CARTESIAN_POINT('',(0.,-2.));
#5597 = VECTOR('',#5598,1.);
#5598 = DIRECTION('',(1.,0.));
#5599 = ( GEOMETRIC_REPRESENTATION_CONTEXT(2) 
PARAMETRIC_REPRESENTATION_CONTEXT() REPRESENTATION_CONTEXT('2D SPACE',''
  ) );
#5600 = PCURVE('',#5601,#5606);
#5601 = PLANE('',#5602);
#5602 = AXIS2_PLACEMENT_3D('',#5603,#5604,#5605);
#5603 = CARTESIAN_POINT('',(0.,2.,0.));
#5604 = DIRECTION('',(-0.,1.,0.));
#5605 = DIRECTION('',(0.,0.,1.));
#5606 = DEFINITIONAL_REPRESENTATION('',(#5607),#5611);
#5607 = LINE('',#5608,#5609);
#5608 = CARTESIAN_POINT('',(0.,0.));
#5609 = VECTOR('',#5610,1.);
#5610 = DIRECTION('',(1.,0.));
#5611 = ( GEOMETRIC_REPRESENTATION_CONTEXT(2) 
PARAMETRIC_REPRESENTATION_CONTEXT() REPRESENTATION_CONTEXT('2D SPACE',''
  ) );
#5612 = ORIENTED_EDGE('',*,*,#5613,.F.);
#5613 = EDGE_CURVE('',#5525,#5586,#5614,.T.);
#5614 = SURFACE_CURVE('',#5615,(#5619,#5626),.PCURVE_S1.);
#5615 = LINE('',#5616,#5617);
#5616 = CARTESIAN_POINT('',(0.,0.,4.));
#5617 = VECTOR('',#5618,1.);
#5618 = DIRECTION('',(-0.,1.,0.));
#5619 = PCURVE('',#5533,#5620);
#5620 = DEFINITIONAL_REPRESENTATION('',(#5621),#5625);
#5621 = LINE('',#5622,#5623);
#5622 = CARTESIAN_POINT('',(4.,0.));
#5623 = VECTOR('',#5624,1.);
#5624 = DIRECTION('',(0.,-1.));
#5625 = ( GEOMETRIC_REPRESENTATION_CONTEXT(2) 
PARAMETRIC_REPRESENTATION_CONTEXT() REPRESENTATION_CONTEXT('2D SPACE',''
  ) );
#5626 = PCURVE('',#5627,#5632);
#5627 = PLANE('',#5628);
#5628 = AXIS2_PLACEMENT_3D('',#5629,#5630,#5631);
#5629 = CARTESIAN_POINT('',(0.,0.,4.));
#5630 = DIRECTION('',(0.,0.,1.));
#5631 = DIRECTION('',(1.,0.,-0.));
#5632 = DEFINITIONAL_REPRESENTATION('',(#5633),#5637);
#5633 = LINE('',#5634,#5635);
#5634 = CARTESIAN_POINT('',(0.,0.));
#5635 = VECTOR('',#5636,1.);
#5636 = DIRECTION('',(0.,1.));
#5637 = ( GEOMETRIC_REPRESENTATION_CONTEXT(2) 
PARAMETRIC_REPRESENTATION_CONTEXT() REPRESENTATION_CONTEXT('2D SPACE',''
  ) );
#5638 = ADVANCED_FACE('',(#5639),#5653,.T.);
#5639 = FACE_BOUND('',#5640,.T.);
#5640 = EDGE_LOOP('',(#5641,#5671,#5694,#5717));
#5641 = ORIENTED_EDGE('',*,*,#5642,.F.);
#5642 = EDGE_CURVE('',#5643,#5645,#5647,.T.);
#5643 = VERTEX_POINT('',#5644);
#5644 = CARTESIAN_POINT('',(7.,0.,0.));
#5645 = VERTEX_POINT('',#5646);
#5646 = CARTESIAN_POINT('',(7.,0.,4.));
#5647 = SURFACE_CURVE('',#5648,(#5652,#5664),.PCURVE_S1.);
#5648 = LINE('',#5649,#5650);
#5649 = CARTESIAN_POINT('',(7.,0.,0.));
#5650 = VECTOR('',#5651,1.);
#5651 = DIRECTION('',(0.,0.,1.));
#5652 = PCURVE('',#5653,#5658);
#5653 = PLANE('',#5654);
#5654 = AXIS2_PLACEMENT_3D('',#5655,#5656,#5657);
#5655 = CARTESIAN_POINT('',(7.,0.,0.));
#5656 = DIRECTION('',(1.,0.,-0.));
#5657 = DIRECTION('',(0.,0.,1.));
#5658 = DEFINITIONAL_REPRESENTATION('',(#5659),#5663);
#5659 = LINE('',#5660,#5661);
#5660 = CARTESIAN_POINT('',(0.,0.));
#5661 = VECTOR('',#5662,1.);
#5662 = DIRECTION('',(1.,0.));
#5663 = ( GEOMETRIC_REPRESENTATION_CONTEXT(2) 
PARAMETRIC_REPRESENTATION_CONTEXT() REPRESENTATION_CONTEXT('2D SPACE',''
  ) );
#5664 = PCURVE('',#5545,#5665);
#5665 = DEFINITIONAL_REPRESENTATION('',(#5666),#5670);
#5666 = LINE('',#5667,#5668);
#5667 = CARTESIAN_POINT('',(0.,7.));
#5668 = VECTOR('',#5669,1.);
#5669 = DIRECTION('',(1.,0.));
#5670 = ( GEOMETRIC_REPRESENTATION_CONTEXT(2) 
PARAMETRIC_REPRESENTATION_CONTEXT() REPRESENTATION_CONTEXT('2D SPACE',''
  ) );
#5671 = ORIENTED_EDGE('',*,*,#5672,.T.);
#5672 = EDGE_CURVE('',#5643,#5673,#5675,.T.);
#5673 = VERTEX_POINT('',#5674);
#5674 = CARTESIAN_POINT('',(7.,2.,0.));
#5675 = SURFACE_CURVE('',#5676,(#5680,#5687),.PCURVE_S1.);
#5676 = LINE('',#5677,#5678);
#5677 = CARTESIAN_POINT('',(7.,0.,0.));
#5678 = VECTOR('',#5679,1.);
#5679 = DIRECTION('',(-0.,1.,0.));
#5680 = PCURVE('',#5653,#5681);
#5681 = DEFINITIONAL_REPRESENTATION('',(#5682),#5686);
#5682 = LINE('',#5683,#5684);
#5683 = CARTESIAN_POINT('',(0.,0.));
#5684 = VECTOR('',#5685,1.);
#5685 = DIRECTION('',(0.,-1.));
#5686 = ( GEOMETRIC_REPRESENTATION_CONTEXT(2) 
PARAMETRIC_REPRESENTATION_CONTEXT() REPRESENTATION_CONTEXT('2D SPACE',''
  ) );
#5687 = PCURVE('',#5573,#5688);
#5688 = DEFINITIONAL_REPRESENTATION('',(#5689),#5693);
#5689 = LINE('',#5690,#5691);
#5690 = CARTESIAN_POINT('',(7.,0.));
#5691 = VECTOR('',#5692,1.);
#5692 = DIRECTION('',(0.,1.));
#5693 = ( GEOMETRIC_REPRESENTATION_CONTEXT(2) 
PARAMETRIC_REPRESENTATION_CONTEXT() REPRESENTATION_CONTEXT('2D SPACE',''
  ) );
#5694 = ORIENTED_EDGE('',*,*,#5695,.T.);
#5695 = EDGE_CURVE('',#5673,#5696,#5698,.T.);
#5696 = VERTEX_POINT('',#5697);
#5697 = CARTESIAN_POINT('',(7.,2.,4.));
#5698 = SURFACE_CURVE('',#5699,(#5703,#5710),.PCURVE_S1.);
#5699 = LINE('',#5700,#5701);
#5700 = CARTESIAN_POINT('',(7.,2.,0.));
#5701 = VECTOR('',#5702,1.);
#5702 = DIRECTION('',(0.,0.,1.));
#5703 = PCURVE('',#5653,#5704);
#5704 = DEFINITIONAL_REPRESENTATION('',(#5705),#5709);
#5705 = LINE('',#5706,#5707);
#5706 = CARTESIAN_POINT('',(0.,-2.));
#5707 = VECTOR('',#5708,1.);
#5708 = DIRECTION('',(1.,0.));
#5709 = ( GEOMETRIC_REPRESENTATION_CONTEXT(2) 
PARAMETRIC_REPRESENTATION_CONTEXT() REPRESENTATION_CONTEXT('2D SPACE',''
  ) );
#5710 = PCURVE('',#5601,#5711);
#5711 = DEFINITIONAL_REPRESENTATION('',(#5712),#5716);
#5712 = LINE('',#5713,#5714);
#5713 = CARTESIAN_POINT('',(0.,7.));
#5714 = VECTOR('',#5715,1.);
#5715 = DIRECTION('',(1.,0.));
#5716 = ( GEOMETRIC_REPRESENTATION_CONTEXT(2) 
PARAMETRIC_REPRESENTATION_CONTEXT() REPRESENTATION_CONTEXT('2D SPACE',''
  ) );
#5717 = ORIENTED_EDGE('',*,*,#5718,.F.);
#5718 = EDGE_CURVE('',#5645,#5696,#5719,.T.);
#5719 = SURFACE_CURVE('',#5720,(#5724,#5731),.PCURVE_S1.);
#5720 = LINE('',#5721,#5722);
#5721 = CARTESIAN_POINT('',(7.,0.,4.));
#5722 = VECTOR('',#5723,1.);
#5723 = DIRECTION('',(-0.,1.,0.));
#5724 = PCURVE('',#5653,#5725);
#5725 = DEFINITIONAL_REPRESENTATION('',(#5726),#5730);
#5726 = LINE('',#5727,#5728);
#5727 = CARTESIAN_POINT('',(4.,0.));
#5728 = VECTOR('',#5729,1.);
#5729 = DIRECTION('',(0.,-1.));
#5730 = ( GEOMETRIC_REPRESENTATION_CONTEXT(2) 
PARAMETRIC_REPRESENTATION_CONTEXT() REPRESENTATION_CONTEXT('2D SPACE',''
  ) );
#5731 = PCURVE('',#5627,#5732);
#5732 = DEFINITIONAL_REPRESENTATION('',(#5733),#5737);
#5733 = LINE('',#5734,#5735);
#5734 = CARTESIAN_POINT('',(7.,0.));
#5735 = VECTOR('',#5736,1.);
#5736 = DIRECTION('',(0.,1.));
#5737 = ( GEOMETRIC_REPRESENTATION_CONTEXT(2) 
PARAMETRIC_REPRESENTATION_CONTEXT() REPRESENTATION_CONTEXT('2D SPACE',''
  ) );
#5738 = ADVANCED_FACE('',(#5739),#5545,.F.);
#5739 = FACE_BOUND('',#5740,.F.);
#5740 = EDGE_LOOP('',(#5741,#5762,#5763,#5784));
#5741 = ORIENTED_EDGE('',*,*,#5742,.F.);
#5742 = EDGE_CURVE('',#5523,#5643,#5743,.T.);
#5743 = SURFACE_CURVE('',#5744,(#5748,#5755),.PCURVE_S1.);
#5744 = LINE('',#5745,#5746);
#5745 = CARTESIAN_POINT('',(0.,0.,0.));
#5746 = VECTOR('',#5747,1.);
#5747 = DIRECTION('',(1.,0.,-0.));
#5748 = PCURVE('',#5545,#5749);
#5749 = DEFINITIONAL_REPRESENTATION('',(#5750),#5754);
#5750 = LINE('',#5751,#5752);
#5751 = CARTESIAN_POINT('',(0.,0.));
#5752 = VECTOR('',#5753,1.);
#5753 = DIRECTION('',(0.,1.));
#5754 = ( GEOMETRIC_REPRESENTATION_CONTEXT(2) 
PARAMETRIC_REPRESENTATION_CONTEXT() REPRESENTATION_CONTEXT('2D SPACE',''
  ) );
#5755 = PCURVE('',#5573,#5756);
#5756 = DEFINITIONAL_REPRESENTATION('',(#5757),#5761);
#5757 = LINE('',#5758,#5759);
#5758 = CARTESIAN_POINT('',(0.,0.));
#5759 = VECTOR('',#5760,1.);
#5760 = DIRECTION('',(1.,0.));
#5761 = ( GEOMETRIC_REPRESENTATION_CONTEXT(2) 
PARAMETRIC_REPRESENTATION_CONTEXT() REPRESENTATION_CONTEXT('2D SPACE',''
  ) );
#5762 = ORIENTED_EDGE('',*,*,#5522,.T.);
#5763 = ORIENTED_EDGE('',*,*,#5764,.T.);
#5764 = EDGE_CURVE('',#5525,#5645,#5765,.T.);
#5765 = SURFACE_CURVE('',#5766,(#5770,#5777),.PCURVE_S1.);
#5766 = LINE('',#5767,#5768);
#5767 = CARTESIAN_POINT('',(0.,0.,4.));
#5768 = VECTOR('',#5769,1.);
#5769 = DIRECTION('',(1.,0.,-0.));
#5770 = PCURVE('',#5545,#5771);
#5771 = DEFINITIONAL_REPRESENTATION('',(#5772),#5776);
#5772 = LINE('',#5773,#5774);
#5773 = CARTESIAN_POINT('',(4.,0.));
#5774 = VECTOR('',#5775,1.);
#5775 = DIRECTION('',(0.,1.));
#5776 = ( GEOMETRIC_REPRESENTATION_CONTEXT(2) 
PARAMETRIC_REPRESENTATION_CONTEXT() REPRESENTATION_CONTEXT('2D SPACE',''
  ) );
#5777 = PCURVE('',#5627,#5778);
#5778 = DEFINITIONAL_REPRESENTATION('',(#5779),#5783);
#5779 = LINE('',#5780,#5781);
#5780 = CARTESIAN_POINT('',(0.,0.));
#5781 = VECTOR('',#5782,1.);
#5782 = DIRECTION('',(1.,0.));
#5783 = ( GEOMETRIC_REPRESENTATION_CONTEXT(2) 
PARAMETRIC_REPRESENTATION_CONTEXT() REPRESENTATION_CONTEXT('2D SPACE',''
  ) );
#5784 = ORIENTED_EDGE('',*,*,#5642,.F.);
#5785 = ADVANCED_FACE('',(#5786),#5601,.T.);
#5786 = FACE_BOUND('',#5787,.T.);
#5787 = EDGE_LOOP('',(#5788,#5809,#5810,#5831));
#5788 = ORIENTED_EDGE('',*,*,#5789,.F.);
#5789 = EDGE_CURVE('',#5558,#5673,#5790,.T.);
#5790 = SURFACE_CURVE('',#5791,(#5795,#5802),.PCURVE_S1.);
#5791 = LINE('',#5792,#5793);
#5792 = CARTESIAN_POINT('',(0.,2.,0.));
#5793 = VECTOR('',#5794,1.);
#5794 = DIRECTION('',(1.,0.,-0.));
#5795 = PCURVE('',#5601,#5796);
#5796 = DEFINITIONAL_REPRESENTATION('',(#5797),#5801);
#5797 = LINE('',#5798,#5799);
#5798 = CARTESIAN_POINT('',(0.,0.));
#5799 = VECTOR('',#5800,1.);
#5800 = DIRECTION('',(0.,1.));
#5801 = ( GEOMETRIC_REPRESENTATION_CONTEXT(2) 
PARAMETRIC_REPRESENTATION_CONTEXT() REPRESENTATION_CONTEXT('2D SPACE',''
  ) );
#5802 = PCURVE('',#5573,#5803);
#5803 = DEFINITIONAL_REPRESENTATION('',(#5804),#5808);
#5804 = LINE('',#5805,#5806);
#5805 = CARTESIAN_POINT('',(0.,2.));
#5806 = VECTOR('',#5807,1.);
#5807 = DIRECTION('',(1.,0.));
#5808 = ( GEOMETRIC_REPRESENTATION_CONTEXT(2) 
PARAMETRIC_REPRESENTATION_CONTEXT() REPRESENTATION_CONTEXT('2D SPACE',''
  ) );
#5809 = ORIENTED_EDGE('',*,*,#5585,.T.);
#5810 = ORIENTED_EDGE('',*,*,#5811,.T.);
#5811 = EDGE_CURVE('',#5586,#5696,#5812,.T.);
#5812 = SURFACE_CURVE('',#5813,(#5817,#5824),.PCURVE_S1.);
#5813 = LINE('',#5814,#5815);
#5814 = CARTESIAN_POINT('',(0.,2.,4.));
#5815 = VECTOR('',#5816,1.);
#5816 = DIRECTION('',(1.,0.,-0.));
#5817 = PCURVE('',#5601,#5818);
#5818 = DEFINITIONAL_REPRESENTATION('',(#5819),#5823);
#5819 = LINE('',#5820,#5821);
#5820 = CARTESIAN_POINT('',(4.,0.));
#5821 = VECTOR('',#5822,1.);
#5822 = DIRECTION('',(0.,1.));
#5823 = ( GEOMETRIC_REPRESENTATION_CONTEXT(2) 
PARAMETRIC_REPRESENTATION_CONTEXT() REPRESENTATION_CONTEXT('2D SPACE',''
  ) );
#5824 = PCURVE('',#5627,#5825);
#5825 = DEFINITIONAL_REPRESENTATION('',(#5826),#5830);
#5826 = LINE('',#5827,#5828);
#5827 = CARTESIAN_POINT('',(0.,2.));
#5828 = VECTOR('',#5829,1.);
#5829 = DIRECTION('',(1.,0.));
#5830 = ( GEOMETRIC_REPRESENTATION_CONTEXT(2) 
PARAMETRIC_REPRESENTATION_CONTEXT() REPRESENTATION_CONTEXT('2D SPACE',''
  ) );
#5831 = ORIENTED_EDGE('',*,*,#5695,.F.);
#5832 = ADVANCED_FACE('',(#5833),#5573,.F.);
#5833 = FACE_BOUND('',#5834,.F.);
#5834 = EDGE_LOOP('',(#5835,#5836,#5837,#5838));
#5835 = ORIENTED_EDGE('',*,*,#5557,.F.);
#5836 = ORIENTED_EDGE('',*,*,#5742,.T.);
#5837 = ORIENTED_EDGE('',*,*,#5672,.T.);
#5838 = ORIENTED_EDGE('',*,*,#5789,.F.);
#5839 = ADVANCED_FACE('',(#5840),#5627,.T.);
#5840 = FACE_BOUND('',#5841,.T.);
#5841 = EDGE_LOOP('',(#5842,#5843,#5844,#5845));
#5842 = ORIENTED_EDGE('',*,*,#5613,.F.);
#5843 = ORIENTED_EDGE('',*,*,#5764,.T.);
#5844 = ORIENTED_EDGE('',*,*,#5718,.T.);
#5845 = ORIENTED_EDGE('',*,*,#5811,.F.);
#5846 = ( GEOMETRIC_REPRESENTATION_CONTEXT(3) 
GLOBAL_UNCERTAINTY_ASSIGNED_CONTEXT((#5850)) 
GLOBAL_UNIT_ASSIGNED_CONTEXT((#5847,#5848,#5849)) REPRESENTATION_CONTEXT
('Context #1','3D Context with UNIT and UNCERTAINTY') );
#5847 = ( LENGTH_UNIT() NAMED_UNIT(*) SI_UNIT(.MILLI.,.METRE.) );
#5848 = ( NAMED_UNIT(*) PLANE_ANGLE_UNIT() SI_UNIT($,.RADIAN.) );
#5849 = ( NAMED_UNIT(*) SI_UNIT($,.STERADIAN.) SOLID_ANGLE_UNIT() );
#5850 = UNCERTAINTY_MEASURE_WITH_UNIT(LENGTH_MEASURE(1.E-07),#5847,
  'distance_accuracy_value','confusion accuracy');
#5851 = CONTEXT_DEPENDENT_SHAPE_REPRESENTATION(#5852,#5854);
#5852 = ( REPRESENTATION_RELATIONSHIP('','',#5515,#5492) 
REPRESENTATION_RELATIONSHIP_WITH_TRANSFORMATION(#5853) 
SHAPE_REPRESENTATION_RELATIONSHIP() );
#5853 = ITEM_DEFINED_TRANSFORMATION('','',#11,#5493);
#5854 = PRODUCT_DEFINITION_SHAPE('Placement','Placement of an item',
  #5855);
#5855 = NEXT_ASSEMBLY_USAGE_OCCURRENCE('486','=>[0:1:1:77]','',#5487,
  #5510,$);
#5856 = PRODUCT_RELATED_PRODUCT_CATEGORY('part',$,(#5512));
#5857 = SHAPE_DEFINITION_REPRESENTATION(#5858,#5864);
#5858 = PRODUCT_DEFINITION_SHAPE('','',#5859);
#5859 = PRODUCT_DEFINITION('design','',#5860,#5863);
#5860 = PRODUCT_DEFINITION_FORMATION('','',#5861);
#5861 = PRODUCT('left_finger_04_micro_tendon',
  'left_finger_04_micro_tendon','',(#5862));
#5862 = PRODUCT_CONTEXT('',#2,'mechanical');
#5863 = PRODUCT_DEFINITION_CONTEXT('part definition',#2,'design');
#5864 = SHAPE_REPRESENTATION('',(#11,#5865),#5869);
#5865 = AXIS2_PLACEMENT_3D('',#5866,#5867,#5868);
#5866 = CARTESIAN_POINT('',(0.,0.,-24.11560697971));
#5867 = DIRECTION('',(0.,0.,1.));
#5868 = DIRECTION('',(1.,0.,0.));
#5869 = ( GEOMETRIC_REPRESENTATION_CONTEXT(3) 
GLOBAL_UNCERTAINTY_ASSIGNED_CONTEXT((#5873)) 
GLOBAL_UNIT_ASSIGNED_CONTEXT((#5870,#5871,#5872)) REPRESENTATION_CONTEXT
('Context #1','3D Context with UNIT and UNCERTAINTY') );
#5870 = ( LENGTH_UNIT() NAMED_UNIT(*) SI_UNIT(.MILLI.,.METRE.) );
#5871 = ( NAMED_UNIT(*) PLANE_ANGLE_UNIT() SI_UNIT($,.RADIAN.) );
#5872 = ( NAMED_UNIT(*) SI_UNIT($,.STERADIAN.) SOLID_ANGLE_UNIT() );
#5873 = UNCERTAINTY_MEASURE_WITH_UNIT(LENGTH_MEASURE(1.E-07),#5870,
  'distance_accuracy_value','confusion accuracy');
#5874 = CONTEXT_DEPENDENT_SHAPE_REPRESENTATION(#5875,#5877);
#5875 = ( REPRESENTATION_RELATIONSHIP('','',#5864,#10) 
REPRESENTATION_RELATIONSHIP_WITH_TRANSFORMATION(#5876) 
SHAPE_REPRESENTATION_RELATIONSHIP() );
#5876 = ITEM_DEFINED_TRANSFORMATION('','',#11,#167);
#5877 = PRODUCT_DEFINITION_SHAPE('Placement','Placement of an item',
  #5878);
#5878 = NEXT_ASSEMBLY_USAGE_OCCURRENCE('489','=>[0:1:1:78]','',#5,#5859,
  $);
#5879 = PRODUCT_RELATED_PRODUCT_CATEGORY('part',$,(#5861));
#5880 = SHAPE_DEFINITION_REPRESENTATION(#5881,#5887);
#5881 = PRODUCT_DEFINITION_SHAPE('','',#5882);
#5882 = PRODUCT_DEFINITION('design','',#5883,#5886);
#5883 = PRODUCT_DEFINITION_FORMATION('','',#5884);
#5884 = PRODUCT('SOLID','SOLID','',(#5885));
#5885 = PRODUCT_CONTEXT('',#2,'mechanical');
#5886 = PRODUCT_DEFINITION_CONTEXT('part definition',#2,'design');
#5887 = ADVANCED_BREP_SHAPE_REPRESENTATION('',(#11,#5888),#5986);
#5888 = MANIFOLD_SOLID_BREP('',#5889);
#5889 = CLOSED_SHELL('',(#5890,#5978,#5982));
#5890 = ADVANCED_FACE('',(#5891),#5904,.T.);
#5891 = FACE_BOUND('',#5892,.T.);
#5892 = EDGE_LOOP('',(#5893,#5927,#5950,#5977));
#5893 = ORIENTED_EDGE('',*,*,#5894,.F.);
#5894 = EDGE_CURVE('',#5895,#5895,#5897,.T.);
#5895 = VERTEX_POINT('',#5896);
#5896 = CARTESIAN_POINT('',(1.,-2.449293598295E-16,48.231213959427));
#5897 = SURFACE_CURVE('',#5898,(#5903,#5915),.PCURVE_S1.);
#5898 = CIRCLE('',#5899,1.);
#5899 = AXIS2_PLACEMENT_3D('',#5900,#5901,#5902);
#5900 = CARTESIAN_POINT('',(0.,0.,48.231213959427));
#5901 = DIRECTION('',(0.,0.,1.));
#5902 = DIRECTION('',(1.,0.,-0.));
#5903 = PCURVE('',#5904,#5909);
#5904 = CYLINDRICAL_SURFACE('',#5905,1.);
#5905 = AXIS2_PLACEMENT_3D('',#5906,#5907,#5908);
#5906 = CARTESIAN_POINT('',(0.,0.,0.));
#5907 = DIRECTION('',(0.,0.,1.));
#5908 = DIRECTION('',(1.,0.,-0.));
#5909 = DEFINITIONAL_REPRESENTATION('',(#5910),#5914);
#5910 = LINE('',#5911,#5912);
#5911 = CARTESIAN_POINT('',(0.,48.231213959427));
#5912 = VECTOR('',#5913,1.);
#5913 = DIRECTION('',(1.,0.));
#5914 = ( GEOMETRIC_REPRESENTATION_CONTEXT(2) 
PARAMETRIC_REPRESENTATION_CONTEXT() REPRESENTATION_CONTEXT('2D SPACE',''
  ) );
#5915 = PCURVE('',#5916,#5921);
#5916 = PLANE('',#5917);
#5917 = AXIS2_PLACEMENT_3D('',#5918,#5919,#5920);
#5918 = CARTESIAN_POINT('',(0.,0.,48.231213959427));
#5919 = DIRECTION('',(0.,0.,1.));
#5920 = DIRECTION('',(1.,0.,-0.));
#5921 = DEFINITIONAL_REPRESENTATION('',(#5922),#5926);
#5922 = CIRCLE('',#5923,1.);
#5923 = AXIS2_PLACEMENT_2D('',#5924,#5925);
#5924 = CARTESIAN_POINT('',(0.,0.));
#5925 = DIRECTION('',(1.,0.));
#5926 = ( GEOMETRIC_REPRESENTATION_CONTEXT(2) 
PARAMETRIC_REPRESENTATION_CONTEXT() REPRESENTATION_CONTEXT('2D SPACE',''
  ) );
#5927 = ORIENTED_EDGE('',*,*,#5928,.F.);
#5928 = EDGE_CURVE('',#5929,#5895,#5931,.T.);
#5929 = VERTEX_POINT('',#5930);
#5930 = CARTESIAN_POINT('',(1.,-2.449293598295E-16,0.));
#5931 = SEAM_CURVE('',#5932,(#5936,#5943),.PCURVE_S1.);
#5932 = LINE('',#5933,#5934);
#5933 = CARTESIAN_POINT('',(1.,-2.449293598295E-16,0.));
#5934 = VECTOR('',#5935,1.);
#5935 = DIRECTION('',(0.,0.,1.));
#5936 = PCURVE('',#5904,#5937);
#5937 = DEFINITIONAL_REPRESENTATION('',(#5938),#5942);
#5938 = LINE('',#5939,#5940);
#5939 = CARTESIAN_POINT('',(6.28318530718,-0.));
#5940 = VECTOR('',#5941,1.);
#5941 = DIRECTION('',(0.,1.));
#5942 = ( GEOMETRIC_REPRESENTATION_CONTEXT(2) 
PARAMETRIC_REPRESENTATION_CONTEXT() REPRESENTATION_CONTEXT('2D SPACE',''
  ) );
#5943 = PCURVE('',#5904,#5944);
#5944 = DEFINITIONAL_REPRESENTATION('',(#5945),#5949);
#5945 = LINE('',#5946,#5947);
#5946 = CARTESIAN_POINT('',(0.,-0.));
#5947 = VECTOR('',#5948,1.);
#5948 = DIRECTION('',(0.,1.));
#5949 = ( GEOMETRIC_REPRESENTATION_CONTEXT(2) 
PARAMETRIC_REPRESENTATION_CONTEXT() REPRESENTATION_CONTEXT('2D SPACE',''
  ) );
#5950 = ORIENTED_EDGE('',*,*,#5951,.T.);
#5951 = EDGE_CURVE('',#5929,#5929,#5952,.T.);
#5952 = SURFACE_CURVE('',#5953,(#5958,#5965),.PCURVE_S1.);
#5953 = CIRCLE('',#5954,1.);
#5954 = AXIS2_PLACEMENT_3D('',#5955,#5956,#5957);
#5955 = CARTESIAN_POINT('',(0.,0.,0.));
#5956 = DIRECTION('',(0.,0.,1.));
#5957 = DIRECTION('',(1.,0.,-0.));
#5958 = PCURVE('',#5904,#5959);
#5959 = DEFINITIONAL_REPRESENTATION('',(#5960),#5964);
#5960 = LINE('',#5961,#5962);
#5961 = CARTESIAN_POINT('',(0.,0.));
#5962 = VECTOR('',#5963,1.);
#5963 = DIRECTION('',(1.,0.));
#5964 = ( GEOMETRIC_REPRESENTATION_CONTEXT(2) 
PARAMETRIC_REPRESENTATION_CONTEXT() REPRESENTATION_CONTEXT('2D SPACE',''
  ) );
#5965 = PCURVE('',#5966,#5971);
#5966 = PLANE('',#5967);
#5967 = AXIS2_PLACEMENT_3D('',#5968,#5969,#5970);
#5968 = CARTESIAN_POINT('',(0.,0.,0.));
#5969 = DIRECTION('',(0.,0.,1.));
#5970 = DIRECTION('',(1.,0.,-0.));
#5971 = DEFINITIONAL_REPRESENTATION('',(#5972),#5976);
#5972 = CIRCLE('',#5973,1.);
#5973 = AXIS2_PLACEMENT_2D('',#5974,#5975);
#5974 = CARTESIAN_POINT('',(0.,0.));
#5975 = DIRECTION('',(1.,0.));
#5976 = ( GEOMETRIC_REPRESENTATION_CONTEXT(2) 
PARAMETRIC_REPRESENTATION_CONTEXT() REPRESENTATION_CONTEXT('2D SPACE',''
  ) );
#5977 = ORIENTED_EDGE('',*,*,#5928,.T.);
#5978 = ADVANCED_FACE('',(#5979),#5916,.T.);
#5979 = FACE_BOUND('',#5980,.T.);
#5980 = EDGE_LOOP('',(#5981));
#5981 = ORIENTED_EDGE('',*,*,#5894,.T.);
#5982 = ADVANCED_FACE('',(#5983),#5966,.F.);
#5983 = FACE_BOUND('',#5984,.T.);
#5984 = EDGE_LOOP('',(#5985));
#5985 = ORIENTED_EDGE('',*,*,#5951,.F.);
#5986 = ( GEOMETRIC_REPRESENTATION_CONTEXT(3) 
GLOBAL_UNCERTAINTY_ASSIGNED_CONTEXT((#5990)) 
GLOBAL_UNIT_ASSIGNED_CONTEXT((#5987,#5988,#5989)) REPRESENTATION_CONTEXT
('Context #1','3D Context with UNIT and UNCERTAINTY') );
#5987 = ( LENGTH_UNIT() NAMED_UNIT(*) SI_UNIT(.MILLI.,.METRE.) );
#5988 = ( NAMED_UNIT(*) PLANE_ANGLE_UNIT() SI_UNIT($,.RADIAN.) );
#5989 = ( NAMED_UNIT(*) SI_UNIT($,.STERADIAN.) SOLID_ANGLE_UNIT() );
#5990 = UNCERTAINTY_MEASURE_WITH_UNIT(LENGTH_MEASURE(1.E-07),#5987,
  'distance_accuracy_value','confusion accuracy');
#5991 = CONTEXT_DEPENDENT_SHAPE_REPRESENTATION(#5992,#5994);
#5992 = ( REPRESENTATION_RELATIONSHIP('','',#5887,#5864) 
REPRESENTATION_RELATIONSHIP_WITH_TRANSFORMATION(#5993) 
SHAPE_REPRESENTATION_RELATIONSHIP() );
#5993 = ITEM_DEFINED_TRANSFORMATION('','',#11,#5865);
#5994 = PRODUCT_DEFINITION_SHAPE('Placement','Placement of an item',
  #5995);
#5995 = NEXT_ASSEMBLY_USAGE_OCCURRENCE('488','=>[0:1:1:79]','',#5859,
  #5882,$);
#5996 = PRODUCT_RELATED_PRODUCT_CATEGORY('part',$,(#5884));
#5997 = SHAPE_DEFINITION_REPRESENTATION(#5998,#6004);
#5998 = PRODUCT_DEFINITION_SHAPE('','',#5999);
#5999 = PRODUCT_DEFINITION('design','',#6000,#6003);
#6000 = PRODUCT_DEFINITION_FORMATION('','',#6001);
#6001 = PRODUCT('left_opposed_thumb_proximal_link',
  'left_opposed_thumb_proximal_link','',(#6002));
#6002 = PRODUCT_CONTEXT('',#2,'mechanical');
#6003 = PRODUCT_DEFINITION_CONTEXT('part definition',#2,'design');
#6004 = SHAPE_REPRESENTATION('',(#11,#6005),#6009);
#6005 = AXIS2_PLACEMENT_3D('',#6006,#6007,#6008);
#6006 = CARTESIAN_POINT('',(0.,0.,-17.18284027744));
#6007 = DIRECTION('',(0.,0.,1.));
#6008 = DIRECTION('',(1.,0.,0.));
#6009 = ( GEOMETRIC_REPRESENTATION_CONTEXT(3) 
GLOBAL_UNCERTAINTY_ASSIGNED_CONTEXT((#6013)) 
GLOBAL_UNIT_ASSIGNED_CONTEXT((#6010,#6011,#6012)) REPRESENTATION_CONTEXT
('Context #1','3D Context with UNIT and UNCERTAINTY') );
#6010 = ( LENGTH_UNIT() NAMED_UNIT(*) SI_UNIT(.MILLI.,.METRE.) );
#6011 = ( NAMED_UNIT(*) PLANE_ANGLE_UNIT() SI_UNIT($,.RADIAN.) );
#6012 = ( NAMED_UNIT(*) SI_UNIT($,.STERADIAN.) SOLID_ANGLE_UNIT() );
#6013 = UNCERTAINTY_MEASURE_WITH_UNIT(LENGTH_MEASURE(1.E-07),#6010,
  'distance_accuracy_value','confusion accuracy');
#6014 = CONTEXT_DEPENDENT_SHAPE_REPRESENTATION(#6015,#6017);
#6015 = ( REPRESENTATION_RELATIONSHIP('','',#6004,#10) 
REPRESENTATION_RELATIONSHIP_WITH_TRANSFORMATION(#6016) 
SHAPE_REPRESENTATION_RELATIONSHIP() );
#6016 = ITEM_DEFINED_TRANSFORMATION('','',#11,#171);
#6017 = PRODUCT_DEFINITION_SHAPE('Placement','Placement of an item',
  #6018);
#6018 = NEXT_ASSEMBLY_USAGE_OCCURRENCE('491','=>[0:1:1:80]','',#5,#5999,
  $);
#6019 = PRODUCT_RELATED_PRODUCT_CATEGORY('part',$,(#6001));
#6020 = SHAPE_DEFINITION_REPRESENTATION(#6021,#6027);
#6021 = PRODUCT_DEFINITION_SHAPE('','',#6022);
#6022 = PRODUCT_DEFINITION('design','',#6023,#6026);
#6023 = PRODUCT_DEFINITION_FORMATION('','',#6024);
#6024 = PRODUCT('SOLID','SOLID','',(#6025));
#6025 = PRODUCT_CONTEXT('',#2,'mechanical');
#6026 = PRODUCT_DEFINITION_CONTEXT('part definition',#2,'design');
#6027 = ADVANCED_BREP_SHAPE_REPRESENTATION('',(#11,#6028),#6126);
#6028 = MANIFOLD_SOLID_BREP('',#6029);
#6029 = CLOSED_SHELL('',(#6030,#6118,#6122));
#6030 = ADVANCED_FACE('',(#6031),#6044,.T.);
#6031 = FACE_BOUND('',#6032,.T.);
#6032 = EDGE_LOOP('',(#6033,#6067,#6090,#6117));
#6033 = ORIENTED_EDGE('',*,*,#6034,.F.);
#6034 = EDGE_CURVE('',#6035,#6035,#6037,.T.);
#6035 = VERTEX_POINT('',#6036);
#6036 = CARTESIAN_POINT('',(4.8,-1.175660927181E-15,34.365680554879));
#6037 = SURFACE_CURVE('',#6038,(#6043,#6055),.PCURVE_S1.);
#6038 = CIRCLE('',#6039,4.8);
#6039 = AXIS2_PLACEMENT_3D('',#6040,#6041,#6042);
#6040 = CARTESIAN_POINT('',(0.,0.,34.365680554879));
#6041 = DIRECTION('',(0.,0.,1.));
#6042 = DIRECTION('',(1.,0.,-0.));
#6043 = PCURVE('',#6044,#6049);
#6044 = CYLINDRICAL_SURFACE('',#6045,4.8);
#6045 = AXIS2_PLACEMENT_3D('',#6046,#6047,#6048);
#6046 = CARTESIAN_POINT('',(0.,0.,0.));
#6047 = DIRECTION('',(0.,0.,1.));
#6048 = DIRECTION('',(1.,0.,-0.));
#6049 = DEFINITIONAL_REPRESENTATION('',(#6050),#6054);
#6050 = LINE('',#6051,#6052);
#6051 = CARTESIAN_POINT('',(0.,34.365680554879));
#6052 = VECTOR('',#6053,1.);
#6053 = DIRECTION('',(1.,0.));
#6054 = ( GEOMETRIC_REPRESENTATION_CONTEXT(2) 
PARAMETRIC_REPRESENTATION_CONTEXT() REPRESENTATION_CONTEXT('2D SPACE',''
  ) );
#6055 = PCURVE('',#6056,#6061);
#6056 = PLANE('',#6057);
#6057 = AXIS2_PLACEMENT_3D('',#6058,#6059,#6060);
#6058 = CARTESIAN_POINT('',(0.,0.,34.365680554879));
#6059 = DIRECTION('',(0.,0.,1.));
#6060 = DIRECTION('',(1.,0.,-0.));
#6061 = DEFINITIONAL_REPRESENTATION('',(#6062),#6066);
#6062 = CIRCLE('',#6063,4.8);
#6063 = AXIS2_PLACEMENT_2D('',#6064,#6065);
#6064 = CARTESIAN_POINT('',(0.,0.));
#6065 = DIRECTION('',(1.,0.));
#6066 = ( GEOMETRIC_REPRESENTATION_CONTEXT(2) 
PARAMETRIC_REPRESENTATION_CONTEXT() REPRESENTATION_CONTEXT('2D SPACE',''
  ) );
#6067 = ORIENTED_EDGE('',*,*,#6068,.F.);
#6068 = EDGE_CURVE('',#6069,#6035,#6071,.T.);
#6069 = VERTEX_POINT('',#6070);
#6070 = CARTESIAN_POINT('',(4.8,-1.175660927181E-15,0.));
#6071 = SEAM_CURVE('',#6072,(#6076,#6083),.PCURVE_S1.);
#6072 = LINE('',#6073,#6074);
#6073 = CARTESIAN_POINT('',(4.8,-1.175660927181E-15,0.));
#6074 = VECTOR('',#6075,1.);
#6075 = DIRECTION('',(0.,0.,1.));
#6076 = PCURVE('',#6044,#6077);
#6077 = DEFINITIONAL_REPRESENTATION('',(#6078),#6082);
#6078 = LINE('',#6079,#6080);
#6079 = CARTESIAN_POINT('',(6.28318530718,-0.));
#6080 = VECTOR('',#6081,1.);
#6081 = DIRECTION('',(0.,1.));
#6082 = ( GEOMETRIC_REPRESENTATION_CONTEXT(2) 
PARAMETRIC_REPRESENTATION_CONTEXT() REPRESENTATION_CONTEXT('2D SPACE',''
  ) );
#6083 = PCURVE('',#6044,#6084);
#6084 = DEFINITIONAL_REPRESENTATION('',(#6085),#6089);
#6085 = LINE('',#6086,#6087);
#6086 = CARTESIAN_POINT('',(0.,-0.));
#6087 = VECTOR('',#6088,1.);
#6088 = DIRECTION('',(0.,1.));
#6089 = ( GEOMETRIC_REPRESENTATION_CONTEXT(2) 
PARAMETRIC_REPRESENTATION_CONTEXT() REPRESENTATION_CONTEXT('2D SPACE',''
  ) );
#6090 = ORIENTED_EDGE('',*,*,#6091,.T.);
#6091 = EDGE_CURVE('',#6069,#6069,#6092,.T.);
#6092 = SURFACE_CURVE('',#6093,(#6098,#6105),.PCURVE_S1.);
#6093 = CIRCLE('',#6094,4.8);
#6094 = AXIS2_PLACEMENT_3D('',#6095,#6096,#6097);
#6095 = CARTESIAN_POINT('',(0.,0.,0.));
#6096 = DIRECTION('',(0.,0.,1.));
#6097 = DIRECTION('',(1.,0.,-0.));
#6098 = PCURVE('',#6044,#6099);
#6099 = DEFINITIONAL_REPRESENTATION('',(#6100),#6104);
#6100 = LINE('',#6101,#6102);
#6101 = CARTESIAN_POINT('',(0.,0.));
#6102 = VECTOR('',#6103,1.);
#6103 = DIRECTION('',(1.,0.));
#6104 = ( GEOMETRIC_REPRESENTATION_CONTEXT(2) 
PARAMETRIC_REPRESENTATION_CONTEXT() REPRESENTATION_CONTEXT('2D SPACE',''
  ) );
#6105 = PCURVE('',#6106,#6111);
#6106 = PLANE('',#6107);
#6107 = AXIS2_PLACEMENT_3D('',#6108,#6109,#6110);
#6108 = CARTESIAN_POINT('',(0.,0.,0.));
#6109 = DIRECTION('',(0.,0.,1.));
#6110 = DIRECTION('',(1.,0.,-0.));
#6111 = DEFINITIONAL_REPRESENTATION('',(#6112),#6116);
#6112 = CIRCLE('',#6113,4.8);
#6113 = AXIS2_PLACEMENT_2D('',#6114,#6115);
#6114 = CARTESIAN_POINT('',(0.,0.));
#6115 = DIRECTION('',(1.,0.));
#6116 = ( GEOMETRIC_REPRESENTATION_CONTEXT(2) 
PARAMETRIC_REPRESENTATION_CONTEXT() REPRESENTATION_CONTEXT('2D SPACE',''
  ) );
#6117 = ORIENTED_EDGE('',*,*,#6068,.T.);
#6118 = ADVANCED_FACE('',(#6119),#6056,.T.);
#6119 = FACE_BOUND('',#6120,.T.);
#6120 = EDGE_LOOP('',(#6121));
#6121 = ORIENTED_EDGE('',*,*,#6034,.T.);
#6122 = ADVANCED_FACE('',(#6123),#6106,.F.);
#6123 = FACE_BOUND('',#6124,.T.);
#6124 = EDGE_LOOP('',(#6125));
#6125 = ORIENTED_EDGE('',*,*,#6091,.F.);
#6126 = ( GEOMETRIC_REPRESENTATION_CONTEXT(3) 
GLOBAL_UNCERTAINTY_ASSIGNED_CONTEXT((#6130)) 
GLOBAL_UNIT_ASSIGNED_CONTEXT((#6127,#6128,#6129)) REPRESENTATION_CONTEXT
('Context #1','3D Context with UNIT and UNCERTAINTY') );
#6127 = ( LENGTH_UNIT() NAMED_UNIT(*) SI_UNIT(.MILLI.,.METRE.) );
#6128 = ( NAMED_UNIT(*) PLANE_ANGLE_UNIT() SI_UNIT($,.RADIAN.) );
#6129 = ( NAMED_UNIT(*) SI_UNIT($,.STERADIAN.) SOLID_ANGLE_UNIT() );
#6130 = UNCERTAINTY_MEASURE_WITH_UNIT(LENGTH_MEASURE(1.E-07),#6127,
  'distance_accuracy_value','confusion accuracy');
#6131 = CONTEXT_DEPENDENT_SHAPE_REPRESENTATION(#6132,#6134);
#6132 = ( REPRESENTATION_RELATIONSHIP('','',#6027,#6004) 
REPRESENTATION_RELATIONSHIP_WITH_TRANSFORMATION(#6133) 
SHAPE_REPRESENTATION_RELATIONSHIP() );
#6133 = ITEM_DEFINED_TRANSFORMATION('','',#11,#6005);
#6134 = PRODUCT_DEFINITION_SHAPE('Placement','Placement of an item',
  #6135);
#6135 = NEXT_ASSEMBLY_USAGE_OCCURRENCE('490','=>[0:1:1:81]','',#5999,
  #6022,$);
#6136 = PRODUCT_RELATED_PRODUCT_CATEGORY('part',$,(#6024));
#6137 = SHAPE_DEFINITION_REPRESENTATION(#6138,#6144);
#6138 = PRODUCT_DEFINITION_SHAPE('','',#6139);
#6139 = PRODUCT_DEFINITION('design','',#6140,#6143);
#6140 = PRODUCT_DEFINITION_FORMATION('','',#6141);
#6141 = PRODUCT('left_opposed_thumb_distal_link',
  'left_opposed_thumb_distal_link','',(#6142));
#6142 = PRODUCT_CONTEXT('',#2,'mechanical');
#6143 = PRODUCT_DEFINITION_CONTEXT('part definition',#2,'design');
#6144 = SHAPE_REPRESENTATION('',(#11,#6145),#6149);
#6145 = AXIS2_PLACEMENT_3D('',#6146,#6147,#6148);
#6146 = CARTESIAN_POINT('',(0.,0.,-15.17399090549));
#6147 = DIRECTION('',(0.,0.,1.));
#6148 = DIRECTION('',(1.,0.,0.));
#6149 = ( GEOMETRIC_REPRESENTATION_CONTEXT(3) 
GLOBAL_UNCERTAINTY_ASSIGNED_CONTEXT((#6153)) 
GLOBAL_UNIT_ASSIGNED_CONTEXT((#6150,#6151,#6152)) REPRESENTATION_CONTEXT
('Context #1','3D Context with UNIT and UNCERTAINTY') );
#6150 = ( LENGTH_UNIT() NAMED_UNIT(*) SI_UNIT(.MILLI.,.METRE.) );
#6151 = ( NAMED_UNIT(*) PLANE_ANGLE_UNIT() SI_UNIT($,.RADIAN.) );
#6152 = ( NAMED_UNIT(*) SI_UNIT($,.STERADIAN.) SOLID_ANGLE_UNIT() );
#6153 = UNCERTAINTY_MEASURE_WITH_UNIT(LENGTH_MEASURE(1.E-07),#6150,
  'distance_accuracy_value','confusion accuracy');
#6154 = CONTEXT_DEPENDENT_SHAPE_REPRESENTATION(#6155,#6157);
#6155 = ( REPRESENTATION_RELATIONSHIP('','',#6144,#10) 
REPRESENTATION_RELATIONSHIP_WITH_TRANSFORMATION(#6156) 
SHAPE_REPRESENTATION_RELATIONSHIP() );
#6156 = ITEM_DEFINED_TRANSFORMATION('','',#11,#175);
#6157 = PRODUCT_DEFINITION_SHAPE('Placement','Placement of an item',
  #6158);
#6158 = NEXT_ASSEMBLY_USAGE_OCCURRENCE('493','=>[0:1:1:82]','',#5,#6139,
  $);
#6159 = PRODUCT_RELATED_PRODUCT_CATEGORY('part',$,(#6141));
#6160 = SHAPE_DEFINITION_REPRESENTATION(#6161,#6167);
#6161 = PRODUCT_DEFINITION_SHAPE('','',#6162);
#6162 = PRODUCT_DEFINITION('design','',#6163,#6166);
#6163 = PRODUCT_DEFINITION_FORMATION('','',#6164);
#6164 = PRODUCT('SOLID','SOLID','',(#6165));
#6165 = PRODUCT_CONTEXT('',#2,'mechanical');
#6166 = PRODUCT_DEFINITION_CONTEXT('part definition',#2,'design');
#6167 = ADVANCED_BREP_SHAPE_REPRESENTATION('',(#11,#6168),#6266);
#6168 = MANIFOLD_SOLID_BREP('',#6169);
#6169 = CLOSED_SHELL('',(#6170,#6258,#6262));
#6170 = ADVANCED_FACE('',(#6171),#6184,.T.);
#6171 = FACE_BOUND('',#6172,.T.);
#6172 = EDGE_LOOP('',(#6173,#6207,#6230,#6257));
#6173 = ORIENTED_EDGE('',*,*,#6174,.F.);
#6174 = EDGE_CURVE('',#6175,#6175,#6177,.T.);
#6175 = VERTEX_POINT('',#6176);
#6176 = CARTESIAN_POINT('',(4.,-9.797174393179E-16,30.347981810987));
#6177 = SURFACE_CURVE('',#6178,(#6183,#6195),.PCURVE_S1.);
#6178 = CIRCLE('',#6179,4.);
#6179 = AXIS2_PLACEMENT_3D('',#6180,#6181,#6182);
#6180 = CARTESIAN_POINT('',(0.,0.,30.347981810987));
#6181 = DIRECTION('',(0.,0.,1.));
#6182 = DIRECTION('',(1.,0.,-0.));
#6183 = PCURVE('',#6184,#6189);
#6184 = CYLINDRICAL_SURFACE('',#6185,4.);
#6185 = AXIS2_PLACEMENT_3D('',#6186,#6187,#6188);
#6186 = CARTESIAN_POINT('',(0.,0.,0.));
#6187 = DIRECTION('',(0.,0.,1.));
#6188 = DIRECTION('',(1.,0.,-0.));
#6189 = DEFINITIONAL_REPRESENTATION('',(#6190),#6194);
#6190 = LINE('',#6191,#6192);
#6191 = CARTESIAN_POINT('',(0.,30.347981810987));
#6192 = VECTOR('',#6193,1.);
#6193 = DIRECTION('',(1.,0.));
#6194 = ( GEOMETRIC_REPRESENTATION_CONTEXT(2) 
PARAMETRIC_REPRESENTATION_CONTEXT() REPRESENTATION_CONTEXT('2D SPACE',''
  ) );
#6195 = PCURVE('',#6196,#6201);
#6196 = PLANE('',#6197);
#6197 = AXIS2_PLACEMENT_3D('',#6198,#6199,#6200);
#6198 = CARTESIAN_POINT('',(0.,0.,30.347981810987));
#6199 = DIRECTION('',(0.,0.,1.));
#6200 = DIRECTION('',(1.,0.,-0.));
#6201 = DEFINITIONAL_REPRESENTATION('',(#6202),#6206);
#6202 = CIRCLE('',#6203,4.);
#6203 = AXIS2_PLACEMENT_2D('',#6204,#6205);
#6204 = CARTESIAN_POINT('',(0.,0.));
#6205 = DIRECTION('',(1.,0.));
#6206 = ( GEOMETRIC_REPRESENTATION_CONTEXT(2) 
PARAMETRIC_REPRESENTATION_CONTEXT() REPRESENTATION_CONTEXT('2D SPACE',''
  ) );
#6207 = ORIENTED_EDGE('',*,*,#6208,.F.);
#6208 = EDGE_CURVE('',#6209,#6175,#6211,.T.);
#6209 = VERTEX_POINT('',#6210);
#6210 = CARTESIAN_POINT('',(4.,-9.797174393179E-16,0.));
#6211 = SEAM_CURVE('',#6212,(#6216,#6223),.PCURVE_S1.);
#6212 = LINE('',#6213,#6214);
#6213 = CARTESIAN_POINT('',(4.,-9.797174393179E-16,0.));
#6214 = VECTOR('',#6215,1.);
#6215 = DIRECTION('',(0.,0.,1.));
#6216 = PCURVE('',#6184,#6217);
#6217 = DEFINITIONAL_REPRESENTATION('',(#6218),#6222);
#6218 = LINE('',#6219,#6220);
#6219 = CARTESIAN_POINT('',(6.28318530718,-0.));
#6220 = VECTOR('',#6221,1.);
#6221 = DIRECTION('',(0.,1.));
#6222 = ( GEOMETRIC_REPRESENTATION_CONTEXT(2) 
PARAMETRIC_REPRESENTATION_CONTEXT() REPRESENTATION_CONTEXT('2D SPACE',''
  ) );
#6223 = PCURVE('',#6184,#6224);
#6224 = DEFINITIONAL_REPRESENTATION('',(#6225),#6229);
#6225 = LINE('',#6226,#6227);
#6226 = CARTESIAN_POINT('',(0.,-0.));
#6227 = VECTOR('',#6228,1.);
#6228 = DIRECTION('',(0.,1.));
#6229 = ( GEOMETRIC_REPRESENTATION_CONTEXT(2) 
PARAMETRIC_REPRESENTATION_CONTEXT() REPRESENTATION_CONTEXT('2D SPACE',''
  ) );
#6230 = ORIENTED_EDGE('',*,*,#6231,.T.);
#6231 = EDGE_CURVE('',#6209,#6209,#6232,.T.);
#6232 = SURFACE_CURVE('',#6233,(#6238,#6245),.PCURVE_S1.);
#6233 = CIRCLE('',#6234,4.);
#6234 = AXIS2_PLACEMENT_3D('',#6235,#6236,#6237);
#6235 = CARTESIAN_POINT('',(0.,0.,0.));
#6236 = DIRECTION('',(0.,0.,1.));
#6237 = DIRECTION('',(1.,0.,-0.));
#6238 = PCURVE('',#6184,#6239);
#6239 = DEFINITIONAL_REPRESENTATION('',(#6240),#6244);
#6240 = LINE('',#6241,#6242);
#6241 = CARTESIAN_POINT('',(0.,0.));
#6242 = VECTOR('',#6243,1.);
#6243 = DIRECTION('',(1.,0.));
#6244 = ( GEOMETRIC_REPRESENTATION_CONTEXT(2) 
PARAMETRIC_REPRESENTATION_CONTEXT() REPRESENTATION_CONTEXT('2D SPACE',''
  ) );
#6245 = PCURVE('',#6246,#6251);
#6246 = PLANE('',#6247);
#6247 = AXIS2_PLACEMENT_3D('',#6248,#6249,#6250);
#6248 = CARTESIAN_POINT('',(0.,0.,0.));
#6249 = DIRECTION('',(0.,0.,1.));
#6250 = DIRECTION('',(1.,0.,-0.));
#6251 = DEFINITIONAL_REPRESENTATION('',(#6252),#6256);
#6252 = CIRCLE('',#6253,4.);
#6253 = AXIS2_PLACEMENT_2D('',#6254,#6255);
#6254 = CARTESIAN_POINT('',(0.,0.));
#6255 = DIRECTION('',(1.,0.));
#6256 = ( GEOMETRIC_REPRESENTATION_CONTEXT(2) 
PARAMETRIC_REPRESENTATION_CONTEXT() REPRESENTATION_CONTEXT('2D SPACE',''
  ) );
#6257 = ORIENTED_EDGE('',*,*,#6208,.T.);
#6258 = ADVANCED_FACE('',(#6259),#6196,.T.);
#6259 = FACE_BOUND('',#6260,.T.);
#6260 = EDGE_LOOP('',(#6261));
#6261 = ORIENTED_EDGE('',*,*,#6174,.T.);
#6262 = ADVANCED_FACE('',(#6263),#6246,.F.);
#6263 = FACE_BOUND('',#6264,.T.);
#6264 = EDGE_LOOP('',(#6265));
#6265 = ORIENTED_EDGE('',*,*,#6231,.F.);
#6266 = ( GEOMETRIC_REPRESENTATION_CONTEXT(3) 
GLOBAL_UNCERTAINTY_ASSIGNED_CONTEXT((#6270)) 
GLOBAL_UNIT_ASSIGNED_CONTEXT((#6267,#6268,#6269)) REPRESENTATION_CONTEXT
('Context #1','3D Context with UNIT and UNCERTAINTY') );
#6267 = ( LENGTH_UNIT() NAMED_UNIT(*) SI_UNIT(.MILLI.,.METRE.) );
#6268 = ( NAMED_UNIT(*) PLANE_ANGLE_UNIT() SI_UNIT($,.RADIAN.) );
#6269 = ( NAMED_UNIT(*) SI_UNIT($,.STERADIAN.) SOLID_ANGLE_UNIT() );
#6270 = UNCERTAINTY_MEASURE_WITH_UNIT(LENGTH_MEASURE(1.E-07),#6267,
  'distance_accuracy_value','confusion accuracy');
#6271 = CONTEXT_DEPENDENT_SHAPE_REPRESENTATION(#6272,#6274);
#6272 = ( REPRESENTATION_RELATIONSHIP('','',#6167,#6144) 
REPRESENTATION_RELATIONSHIP_WITH_TRANSFORMATION(#6273) 
SHAPE_REPRESENTATION_RELATIONSHIP() );
#6273 = ITEM_DEFINED_TRANSFORMATION('','',#11,#6145);
#6274 = PRODUCT_DEFINITION_SHAPE('Placement','Placement of an item',
  #6275);
#6275 = NEXT_ASSEMBLY_USAGE_OCCURRENCE('492','=>[0:1:1:83]','',#6139,
  #6162,$);
#6276 = PRODUCT_RELATED_PRODUCT_CATEGORY('part',$,(#6164));
#6277 = SHAPE_DEFINITION_REPRESENTATION(#6278,#6284);
#6278 = PRODUCT_DEFINITION_SHAPE('','',#6279);
#6279 = PRODUCT_DEFINITION('design','',#6280,#6283);
#6280 = PRODUCT_DEFINITION_FORMATION('','',#6281);
#6281 = PRODUCT('left_opposed_thumb_knuckle',
  'left_opposed_thumb_knuckle','',(#6282));
#6282 = PRODUCT_CONTEXT('',#2,'mechanical');
#6283 = PRODUCT_DEFINITION_CONTEXT('part definition',#2,'design');
#6284 = SHAPE_REPRESENTATION('',(#11,#6285),#6289);
#6285 = AXIS2_PLACEMENT_3D('',#6286,#6287,#6288);
#6286 = CARTESIAN_POINT('',(0.,0.,0.));
#6287 = DIRECTION('',(0.,0.,1.));
#6288 = DIRECTION('',(1.,0.,0.));
#6289 = ( GEOMETRIC_REPRESENTATION_CONTEXT(3) 
GLOBAL_UNCERTAINTY_ASSIGNED_CONTEXT((#6293)) 
GLOBAL_UNIT_ASSIGNED_CONTEXT((#6290,#6291,#6292)) REPRESENTATION_CONTEXT
('Context #1','3D Context with UNIT and UNCERTAINTY') );
#6290 = ( LENGTH_UNIT() NAMED_UNIT(*) SI_UNIT(.MILLI.,.METRE.) );
#6291 = ( NAMED_UNIT(*) PLANE_ANGLE_UNIT() SI_UNIT($,.RADIAN.) );
#6292 = ( NAMED_UNIT(*) SI_UNIT($,.STERADIAN.) SOLID_ANGLE_UNIT() );
#6293 = UNCERTAINTY_MEASURE_WITH_UNIT(LENGTH_MEASURE(1.E-07),#6290,
  'distance_accuracy_value','confusion accuracy');
#6294 = CONTEXT_DEPENDENT_SHAPE_REPRESENTATION(#6295,#6297);
#6295 = ( REPRESENTATION_RELATIONSHIP('','',#6284,#10) 
REPRESENTATION_RELATIONSHIP_WITH_TRANSFORMATION(#6296) 
SHAPE_REPRESENTATION_RELATIONSHIP() );
#6296 = ITEM_DEFINED_TRANSFORMATION('','',#11,#179);
#6297 = PRODUCT_DEFINITION_SHAPE('Placement','Placement of an item',
  #6298);
#6298 = NEXT_ASSEMBLY_USAGE_OCCURRENCE('495','=>[0:1:1:84]','',#5,#6279,
  $);
#6299 = PRODUCT_RELATED_PRODUCT_CATEGORY('part',$,(#6281));
#6300 = SHAPE_DEFINITION_REPRESENTATION(#6301,#6307);
#6301 = PRODUCT_DEFINITION_SHAPE('','',#6302);
#6302 = PRODUCT_DEFINITION('design','',#6303,#6306);
#6303 = PRODUCT_DEFINITION_FORMATION('','',#6304);
#6304 = PRODUCT('SOLID','SOLID','',(#6305));
#6305 = PRODUCT_CONTEXT('',#2,'mechanical');
#6306 = PRODUCT_DEFINITION_CONTEXT('part definition',#2,'design');
#6307 = ADVANCED_BREP_SHAPE_REPRESENTATION('',(#11,#6308),#6320);
#6308 = MANIFOLD_SOLID_BREP('',#6309);
#6309 = CLOSED_SHELL('',(#6310));
#6310 = ADVANCED_FACE('',(#6311),#6315,.T.);
#6311 = FACE_BOUND('',#6312,.T.);
#6312 = VERTEX_LOOP('',#6313);
#6313 = VERTEX_POINT('',#6314);
#6314 = CARTESIAN_POINT('',(3.367778697655E-16,-8.24867880464E-32,-5.5)
  );
#6315 = SPHERICAL_SURFACE('',#6316,5.5);
#6316 = AXIS2_PLACEMENT_3D('',#6317,#6318,#6319);
#6317 = CARTESIAN_POINT('',(0.,0.,0.));
#6318 = DIRECTION('',(0.,0.,1.));
#6319 = DIRECTION('',(1.,0.,-0.));
#6320 = ( GEOMETRIC_REPRESENTATION_CONTEXT(3) 
GLOBAL_UNCERTAINTY_ASSIGNED_CONTEXT((#6324)) 
GLOBAL_UNIT_ASSIGNED_CONTEXT((#6321,#6322,#6323)) REPRESENTATION_CONTEXT
('Context #1','3D Context with UNIT and UNCERTAINTY') );
#6321 = ( LENGTH_UNIT() NAMED_UNIT(*) SI_UNIT(.MILLI.,.METRE.) );
#6322 = ( NAMED_UNIT(*) PLANE_ANGLE_UNIT() SI_UNIT($,.RADIAN.) );
#6323 = ( NAMED_UNIT(*) SI_UNIT($,.STERADIAN.) SOLID_ANGLE_UNIT() );
#6324 = UNCERTAINTY_MEASURE_WITH_UNIT(LENGTH_MEASURE(1.E-07),#6321,
  'distance_accuracy_value','confusion accuracy');
#6325 = CONTEXT_DEPENDENT_SHAPE_REPRESENTATION(#6326,#6328);
#6326 = ( REPRESENTATION_RELATIONSHIP('','',#6307,#6284) 
REPRESENTATION_RELATIONSHIP_WITH_TRANSFORMATION(#6327) 
SHAPE_REPRESENTATION_RELATIONSHIP() );
#6327 = ITEM_DEFINED_TRANSFORMATION('','',#11,#6285);
#6328 = PRODUCT_DEFINITION_SHAPE('Placement','Placement of an item',
  #6329);
#6329 = NEXT_ASSEMBLY_USAGE_OCCURRENCE('494','=>[0:1:1:85]','',#6279,
  #6302,$);
#6330 = PRODUCT_RELATED_PRODUCT_CATEGORY('part',$,(#6304));
#6331 = SHAPE_DEFINITION_REPRESENTATION(#6332,#6338);
#6332 = PRODUCT_DEFINITION_SHAPE('','',#6333);
#6333 = PRODUCT_DEFINITION('design','',#6334,#6337);
#6334 = PRODUCT_DEFINITION_FORMATION('','',#6335);
#6335 = PRODUCT('left_opposed_thumb_tip','left_opposed_thumb_tip','',(
    #6336));
#6336 = PRODUCT_CONTEXT('',#2,'mechanical');
#6337 = PRODUCT_DEFINITION_CONTEXT('part definition',#2,'design');
#6338 = SHAPE_REPRESENTATION('',(#11,#6339),#6343);
#6339 = AXIS2_PLACEMENT_3D('',#6340,#6341,#6342);
#6340 = CARTESIAN_POINT('',(0.,0.,0.));
#6341 = DIRECTION('',(0.,0.,1.));
#6342 = DIRECTION('',(1.,0.,0.));
#6343 = ( GEOMETRIC_REPRESENTATION_CONTEXT(3) 
GLOBAL_UNCERTAINTY_ASSIGNED_CONTEXT((#6347)) 
GLOBAL_UNIT_ASSIGNED_CONTEXT((#6344,#6345,#6346)) REPRESENTATION_CONTEXT
('Context #1','3D Context with UNIT and UNCERTAINTY') );
#6344 = ( LENGTH_UNIT() NAMED_UNIT(*) SI_UNIT(.MILLI.,.METRE.) );
#6345 = ( NAMED_UNIT(*) PLANE_ANGLE_UNIT() SI_UNIT($,.RADIAN.) );
#6346 = ( NAMED_UNIT(*) SI_UNIT($,.STERADIAN.) SOLID_ANGLE_UNIT() );
#6347 = UNCERTAINTY_MEASURE_WITH_UNIT(LENGTH_MEASURE(1.E-07),#6344,
  'distance_accuracy_value','confusion accuracy');
#6348 = CONTEXT_DEPENDENT_SHAPE_REPRESENTATION(#6349,#6351);
#6349 = ( REPRESENTATION_RELATIONSHIP('','',#6338,#10) 
REPRESENTATION_RELATIONSHIP_WITH_TRANSFORMATION(#6350) 
SHAPE_REPRESENTATION_RELATIONSHIP() );
#6350 = ITEM_DEFINED_TRANSFORMATION('','',#11,#183);
#6351 = PRODUCT_DEFINITION_SHAPE('Placement','Placement of an item',
  #6352);
#6352 = NEXT_ASSEMBLY_USAGE_OCCURRENCE('497','=>[0:1:1:86]','',#5,#6333,
  $);
#6353 = PRODUCT_RELATED_PRODUCT_CATEGORY('part',$,(#6335));
#6354 = SHAPE_DEFINITION_REPRESENTATION(#6355,#6361);
#6355 = PRODUCT_DEFINITION_SHAPE('','',#6356);
#6356 = PRODUCT_DEFINITION('design','',#6357,#6360);
#6357 = PRODUCT_DEFINITION_FORMATION('','',#6358);
#6358 = PRODUCT('SOLID','SOLID','',(#6359));
#6359 = PRODUCT_CONTEXT('',#2,'mechanical');
#6360 = PRODUCT_DEFINITION_CONTEXT('part definition',#2,'design');
#6361 = ADVANCED_BREP_SHAPE_REPRESENTATION('',(#11,#6362),#6374);
#6362 = MANIFOLD_SOLID_BREP('',#6363);
#6363 = CLOSED_SHELL('',(#6364));
#6364 = ADVANCED_FACE('',(#6365),#6369,.T.);
#6365 = FACE_BOUND('',#6366,.T.);
#6366 = VERTEX_LOOP('',#6367);
#6367 = VERTEX_POINT('',#6368);
#6368 = CARTESIAN_POINT('',(3.000384657911E-16,-7.348822935043E-32,-4.9)
  );
#6369 = SPHERICAL_SURFACE('',#6370,4.9);
#6370 = AXIS2_PLACEMENT_3D('',#6371,#6372,#6373);
#6371 = CARTESIAN_POINT('',(0.,0.,0.));
#6372 = DIRECTION('',(0.,0.,1.));
#6373 = DIRECTION('',(1.,0.,-0.));
#6374 = ( GEOMETRIC_REPRESENTATION_CONTEXT(3) 
GLOBAL_UNCERTAINTY_ASSIGNED_CONTEXT((#6378)) 
GLOBAL_UNIT_ASSIGNED_CONTEXT((#6375,#6376,#6377)) REPRESENTATION_CONTEXT
('Context #1','3D Context with UNIT and UNCERTAINTY') );
#6375 = ( LENGTH_UNIT() NAMED_UNIT(*) SI_UNIT(.MILLI.,.METRE.) );
#6376 = ( NAMED_UNIT(*) PLANE_ANGLE_UNIT() SI_UNIT($,.RADIAN.) );
#6377 = ( NAMED_UNIT(*) SI_UNIT($,.STERADIAN.) SOLID_ANGLE_UNIT() );
#6378 = UNCERTAINTY_MEASURE_WITH_UNIT(LENGTH_MEASURE(1.E-07),#6375,
  'distance_accuracy_value','confusion accuracy');
#6379 = CONTEXT_DEPENDENT_SHAPE_REPRESENTATION(#6380,#6382);
#6380 = ( REPRESENTATION_RELATIONSHIP('','',#6361,#6338) 
REPRESENTATION_RELATIONSHIP_WITH_TRANSFORMATION(#6381) 
SHAPE_REPRESENTATION_RELATIONSHIP() );
#6381 = ITEM_DEFINED_TRANSFORMATION('','',#11,#6339);
#6382 = PRODUCT_DEFINITION_SHAPE('Placement','Placement of an item',
  #6383);
#6383 = NEXT_ASSEMBLY_USAGE_OCCURRENCE('496','=>[0:1:1:87]','',#6333,
  #6356,$);
#6384 = PRODUCT_RELATED_PRODUCT_CATEGORY('part',$,(#6358));
#6385 = SHAPE_DEFINITION_REPRESENTATION(#6386,#6392);
#6386 = PRODUCT_DEFINITION_SHAPE('','',#6387);
#6387 = PRODUCT_DEFINITION('design','',#6388,#6391);
#6388 = PRODUCT_DEFINITION_FORMATION('','',#6389);
#6389 = PRODUCT('left_opposed_thumb_tactile_pad',
  'left_opposed_thumb_tactile_pad','',(#6390));
#6390 = PRODUCT_CONTEXT('',#2,'mechanical');
#6391 = PRODUCT_DEFINITION_CONTEXT('part definition',#2,'design');
#6392 = SHAPE_REPRESENTATION('',(#11,#6393),#6397);
#6393 = AXIS2_PLACEMENT_3D('',#6394,#6395,#6396);
#6394 = CARTESIAN_POINT('',(-4.,-1.,-2.5));
#6395 = DIRECTION('',(0.,0.,1.));
#6396 = DIRECTION('',(1.,0.,0.));
#6397 = ( GEOMETRIC_REPRESENTATION_CONTEXT(3) 
GLOBAL_UNCERTAINTY_ASSIGNED_CONTEXT((#6401)) 
GLOBAL_UNIT_ASSIGNED_CONTEXT((#6398,#6399,#6400)) REPRESENTATION_CONTEXT
('Context #1','3D Context with UNIT and UNCERTAINTY') );
#6398 = ( LENGTH_UNIT() NAMED_UNIT(*) SI_UNIT(.MILLI.,.METRE.) );
#6399 = ( NAMED_UNIT(*) PLANE_ANGLE_UNIT() SI_UNIT($,.RADIAN.) );
#6400 = ( NAMED_UNIT(*) SI_UNIT($,.STERADIAN.) SOLID_ANGLE_UNIT() );
#6401 = UNCERTAINTY_MEASURE_WITH_UNIT(LENGTH_MEASURE(1.E-07),#6398,
  'distance_accuracy_value','confusion accuracy');
#6402 = CONTEXT_DEPENDENT_SHAPE_REPRESENTATION(#6403,#6405);
#6403 = ( REPRESENTATION_RELATIONSHIP('','',#6392,#10) 
REPRESENTATION_RELATIONSHIP_WITH_TRANSFORMATION(#6404) 
SHAPE_REPRESENTATION_RELATIONSHIP() );
#6404 = ITEM_DEFINED_TRANSFORMATION('','',#11,#187);
#6405 = PRODUCT_DEFINITION_SHAPE('Placement','Placement of an item',
  #6406);
#6406 = NEXT_ASSEMBLY_USAGE_OCCURRENCE('499','=>[0:1:1:88]','',#5,#6387,
  $);
#6407 = PRODUCT_RELATED_PRODUCT_CATEGORY('part',$,(#6389));
#6408 = SHAPE_DEFINITION_REPRESENTATION(#6409,#6415);
#6409 = PRODUCT_DEFINITION_SHAPE('','',#6410);
#6410 = PRODUCT_DEFINITION('design','',#6411,#6414);
#6411 = PRODUCT_DEFINITION_FORMATION('','',#6412);
#6412 = PRODUCT('SOLID','SOLID','',(#6413));
#6413 = PRODUCT_CONTEXT('',#2,'mechanical');
#6414 = PRODUCT_DEFINITION_CONTEXT('part definition',#2,'design');
#6415 = ADVANCED_BREP_SHAPE_REPRESENTATION('',(#11,#6416),#6746);
#6416 = MANIFOLD_SOLID_BREP('',#6417);
#6417 = CLOSED_SHELL('',(#6418,#6538,#6638,#6685,#6732,#6739));
#6418 = ADVANCED_FACE('',(#6419),#6433,.F.);
#6419 = FACE_BOUND('',#6420,.F.);
#6420 = EDGE_LOOP('',(#6421,#6456,#6484,#6512));
#6421 = ORIENTED_EDGE('',*,*,#6422,.F.);
#6422 = EDGE_CURVE('',#6423,#6425,#6427,.T.);
#6423 = VERTEX_POINT('',#6424);
#6424 = CARTESIAN_POINT('',(0.,0.,0.));
#6425 = VERTEX_POINT('',#6426);
#6426 = CARTESIAN_POINT('',(0.,0.,5.));
#6427 = SURFACE_CURVE('',#6428,(#6432,#6444),.PCURVE_S1.);
#6428 = LINE('',#6429,#6430);
#6429 = CARTESIAN_POINT('',(0.,0.,0.));
#6430 = VECTOR('',#6431,1.);
#6431 = DIRECTION('',(0.,0.,1.));
#6432 = PCURVE('',#6433,#6438);
#6433 = PLANE('',#6434);
#6434 = AXIS2_PLACEMENT_3D('',#6435,#6436,#6437);
#6435 = CARTESIAN_POINT('',(0.,0.,0.));
#6436 = DIRECTION('',(1.,0.,-0.));
#6437 = DIRECTION('',(0.,0.,1.));
#6438 = DEFINITIONAL_REPRESENTATION('',(#6439),#6443);
#6439 = LINE('',#6440,#6441);
#6440 = CARTESIAN_POINT('',(0.,0.));
#6441 = VECTOR('',#6442,1.);
#6442 = DIRECTION('',(1.,0.));
#6443 = ( GEOMETRIC_REPRESENTATION_CONTEXT(2) 
PARAMETRIC_REPRESENTATION_CONTEXT() REPRESENTATION_CONTEXT('2D SPACE',''
  ) );
#6444 = PCURVE('',#6445,#6450);
#6445 = PLANE('',#6446);
#6446 = AXIS2_PLACEMENT_3D('',#6447,#6448,#6449);
#6447 = CARTESIAN_POINT('',(0.,0.,0.));
#6448 = DIRECTION('',(-0.,1.,0.));
#6449 = DIRECTION('',(0.,0.,1.));
#6450 = DEFINITIONAL_REPRESENTATION('',(#6451),#6455);
#6451 = LINE('',#6452,#6453);
#6452 = CARTESIAN_POINT('',(0.,0.));
#6453 = VECTOR('',#6454,1.);
#6454 = DIRECTION('',(1.,0.));
#6455 = ( GEOMETRIC_REPRESENTATION_CONTEXT(2) 
PARAMETRIC_REPRESENTATION_CONTEXT() REPRESENTATION_CONTEXT('2D SPACE',''
  ) );
#6456 = ORIENTED_EDGE('',*,*,#6457,.T.);
#6457 = EDGE_CURVE('',#6423,#6458,#6460,.T.);
#6458 = VERTEX_POINT('',#6459);
#6459 = CARTESIAN_POINT('',(0.,2.,0.));
#6460 = SURFACE_CURVE('',#6461,(#6465,#6472),.PCURVE_S1.);
#6461 = LINE('',#6462,#6463);
#6462 = CARTESIAN_POINT('',(0.,0.,0.));
#6463 = VECTOR('',#6464,1.);
#6464 = DIRECTION('',(-0.,1.,0.));
#6465 = PCURVE('',#6433,#6466);
#6466 = DEFINITIONAL_REPRESENTATION('',(#6467),#6471);
#6467 = LINE('',#6468,#6469);
#6468 = CARTESIAN_POINT('',(0.,0.));
#6469 = VECTOR('',#6470,1.);
#6470 = DIRECTION('',(0.,-1.));
#6471 = ( GEOMETRIC_REPRESENTATION_CONTEXT(2) 
PARAMETRIC_REPRESENTATION_CONTEXT() REPRESENTATION_CONTEXT('2D SPACE',''
  ) );
#6472 = PCURVE('',#6473,#6478);
#6473 = PLANE('',#6474);
#6474 = AXIS2_PLACEMENT_3D('',#6475,#6476,#6477);
#6475 = CARTESIAN_POINT('',(0.,0.,0.));
#6476 = DIRECTION('',(0.,0.,1.));
#6477 = DIRECTION('',(1.,0.,-0.));
#6478 = DEFINITIONAL_REPRESENTATION('',(#6479),#6483);
#6479 = LINE('',#6480,#6481);
#6480 = CARTESIAN_POINT('',(0.,0.));
#6481 = VECTOR('',#6482,1.);
#6482 = DIRECTION('',(0.,1.));
#6483 = ( GEOMETRIC_REPRESENTATION_CONTEXT(2) 
PARAMETRIC_REPRESENTATION_CONTEXT() REPRESENTATION_CONTEXT('2D SPACE',''
  ) );
#6484 = ORIENTED_EDGE('',*,*,#6485,.T.);
#6485 = EDGE_CURVE('',#6458,#6486,#6488,.T.);
#6486 = VERTEX_POINT('',#6487);
#6487 = CARTESIAN_POINT('',(0.,2.,5.));
#6488 = SURFACE_CURVE('',#6489,(#6493,#6500),.PCURVE_S1.);
#6489 = LINE('',#6490,#6491);
#6490 = CARTESIAN_POINT('',(0.,2.,0.));
#6491 = VECTOR('',#6492,1.);
#6492 = DIRECTION('',(0.,0.,1.));
#6493 = PCURVE('',#6433,#6494);
#6494 = DEFINITIONAL_REPRESENTATION('',(#6495),#6499);
#6495 = LINE('',#6496,#6497);
#6496 = CARTESIAN_POINT('',(0.,-2.));
#6497 = VECTOR('',#6498,1.);
#6498 = DIRECTION('',(1.,0.));
#6499 = ( GEOMETRIC_REPRESENTATION_CONTEXT(2) 
PARAMETRIC_REPRESENTATION_CONTEXT() REPRESENTATION_CONTEXT('2D SPACE',''
  ) );
#6500 = PCURVE('',#6501,#6506);
#6501 = PLANE('',#6502);
#6502 = AXIS2_PLACEMENT_3D('',#6503,#6504,#6505);
#6503 = CARTESIAN_POINT('',(0.,2.,0.));
#6504 = DIRECTION('',(-0.,1.,0.));
#6505 = DIRECTION('',(0.,0.,1.));
#6506 = DEFINITIONAL_REPRESENTATION('',(#6507),#6511);
#6507 = LINE('',#6508,#6509);
#6508 = CARTESIAN_POINT('',(0.,0.));
#6509 = VECTOR('',#6510,1.);
#6510 = DIRECTION('',(1.,0.));
#6511 = ( GEOMETRIC_REPRESENTATION_CONTEXT(2) 
PARAMETRIC_REPRESENTATION_CONTEXT() REPRESENTATION_CONTEXT('2D SPACE',''
  ) );
#6512 = ORIENTED_EDGE('',*,*,#6513,.F.);
#6513 = EDGE_CURVE('',#6425,#6486,#6514,.T.);
#6514 = SURFACE_CURVE('',#6515,(#6519,#6526),.PCURVE_S1.);
#6515 = LINE('',#6516,#6517);
#6516 = CARTESIAN_POINT('',(0.,0.,5.));
#6517 = VECTOR('',#6518,1.);
#6518 = DIRECTION('',(-0.,1.,0.));
#6519 = PCURVE('',#6433,#6520);
#6520 = DEFINITIONAL_REPRESENTATION('',(#6521),#6525);
#6521 = LINE('',#6522,#6523);
#6522 = CARTESIAN_POINT('',(5.,0.));
#6523 = VECTOR('',#6524,1.);
#6524 = DIRECTION('',(0.,-1.));
#6525 = ( GEOMETRIC_REPRESENTATION_CONTEXT(2) 
PARAMETRIC_REPRESENTATION_CONTEXT() REPRESENTATION_CONTEXT('2D SPACE',''
  ) );
#6526 = PCURVE('',#6527,#6532);
#6527 = PLANE('',#6528);
#6528 = AXIS2_PLACEMENT_3D('',#6529,#6530,#6531);
#6529 = CARTESIAN_POINT('',(0.,0.,5.));
#6530 = DIRECTION('',(0.,0.,1.));
#6531 = DIRECTION('',(1.,0.,-0.));
#6532 = DEFINITIONAL_REPRESENTATION('',(#6533),#6537);
#6533 = LINE('',#6534,#6535);
#6534 = CARTESIAN_POINT('',(0.,0.));
#6535 = VECTOR('',#6536,1.);
#6536 = DIRECTION('',(0.,1.));
#6537 = ( GEOMETRIC_REPRESENTATION_CONTEXT(2) 
PARAMETRIC_REPRESENTATION_CONTEXT() REPRESENTATION_CONTEXT('2D SPACE',''
  ) );
#6538 = ADVANCED_FACE('',(#6539),#6553,.T.);
#6539 = FACE_BOUND('',#6540,.T.);
#6540 = EDGE_LOOP('',(#6541,#6571,#6594,#6617));
#6541 = ORIENTED_EDGE('',*,*,#6542,.F.);
#6542 = EDGE_CURVE('',#6543,#6545,#6547,.T.);
#6543 = VERTEX_POINT('',#6544);
#6544 = CARTESIAN_POINT('',(8.,0.,0.));
#6545 = VERTEX_POINT('',#6546);
#6546 = CARTESIAN_POINT('',(8.,0.,5.));
#6547 = SURFACE_CURVE('',#6548,(#6552,#6564),.PCURVE_S1.);
#6548 = LINE('',#6549,#6550);
#6549 = CARTESIAN_POINT('',(8.,0.,0.));
#6550 = VECTOR('',#6551,1.);
#6551 = DIRECTION('',(0.,0.,1.));
#6552 = PCURVE('',#6553,#6558);
#6553 = PLANE('',#6554);
#6554 = AXIS2_PLACEMENT_3D('',#6555,#6556,#6557);
#6555 = CARTESIAN_POINT('',(8.,0.,0.));
#6556 = DIRECTION('',(1.,0.,-0.));
#6557 = DIRECTION('',(0.,0.,1.));
#6558 = DEFINITIONAL_REPRESENTATION('',(#6559),#6563);
#6559 = LINE('',#6560,#6561);
#6560 = CARTESIAN_POINT('',(0.,0.));
#6561 = VECTOR('',#6562,1.);
#6562 = DIRECTION('',(1.,0.));
#6563 = ( GEOMETRIC_REPRESENTATION_CONTEXT(2) 
PARAMETRIC_REPRESENTATION_CONTEXT() REPRESENTATION_CONTEXT('2D SPACE',''
  ) );
#6564 = PCURVE('',#6445,#6565);
#6565 = DEFINITIONAL_REPRESENTATION('',(#6566),#6570);
#6566 = LINE('',#6567,#6568);
#6567 = CARTESIAN_POINT('',(0.,8.));
#6568 = VECTOR('',#6569,1.);
#6569 = DIRECTION('',(1.,0.));
#6570 = ( GEOMETRIC_REPRESENTATION_CONTEXT(2) 
PARAMETRIC_REPRESENTATION_CONTEXT() REPRESENTATION_CONTEXT('2D SPACE',''
  ) );
#6571 = ORIENTED_EDGE('',*,*,#6572,.T.);
#6572 = EDGE_CURVE('',#6543,#6573,#6575,.T.);
#6573 = VERTEX_POINT('',#6574);
#6574 = CARTESIAN_POINT('',(8.,2.,0.));
#6575 = SURFACE_CURVE('',#6576,(#6580,#6587),.PCURVE_S1.);
#6576 = LINE('',#6577,#6578);
#6577 = CARTESIAN_POINT('',(8.,0.,0.));
#6578 = VECTOR('',#6579,1.);
#6579 = DIRECTION('',(-0.,1.,0.));
#6580 = PCURVE('',#6553,#6581);
#6581 = DEFINITIONAL_REPRESENTATION('',(#6582),#6586);
#6582 = LINE('',#6583,#6584);
#6583 = CARTESIAN_POINT('',(0.,0.));
#6584 = VECTOR('',#6585,1.);
#6585 = DIRECTION('',(0.,-1.));
#6586 = ( GEOMETRIC_REPRESENTATION_CONTEXT(2) 
PARAMETRIC_REPRESENTATION_CONTEXT() REPRESENTATION_CONTEXT('2D SPACE',''
  ) );
#6587 = PCURVE('',#6473,#6588);
#6588 = DEFINITIONAL_REPRESENTATION('',(#6589),#6593);
#6589 = LINE('',#6590,#6591);
#6590 = CARTESIAN_POINT('',(8.,0.));
#6591 = VECTOR('',#6592,1.);
#6592 = DIRECTION('',(0.,1.));
#6593 = ( GEOMETRIC_REPRESENTATION_CONTEXT(2) 
PARAMETRIC_REPRESENTATION_CONTEXT() REPRESENTATION_CONTEXT('2D SPACE',''
  ) );
#6594 = ORIENTED_EDGE('',*,*,#6595,.T.);
#6595 = EDGE_CURVE('',#6573,#6596,#6598,.T.);
#6596 = VERTEX_POINT('',#6597);
#6597 = CARTESIAN_POINT('',(8.,2.,5.));
#6598 = SURFACE_CURVE('',#6599,(#6603,#6610),.PCURVE_S1.);
#6599 = LINE('',#6600,#6601);
#6600 = CARTESIAN_POINT('',(8.,2.,0.));
#6601 = VECTOR('',#6602,1.);
#6602 = DIRECTION('',(0.,0.,1.));
#6603 = PCURVE('',#6553,#6604);
#6604 = DEFINITIONAL_REPRESENTATION('',(#6605),#6609);
#6605 = LINE('',#6606,#6607);
#6606 = CARTESIAN_POINT('',(0.,-2.));
#6607 = VECTOR('',#6608,1.);
#6608 = DIRECTION('',(1.,0.));
#6609 = ( GEOMETRIC_REPRESENTATION_CONTEXT(2) 
PARAMETRIC_REPRESENTATION_CONTEXT() REPRESENTATION_CONTEXT('2D SPACE',''
  ) );
#6610 = PCURVE('',#6501,#6611);
#6611 = DEFINITIONAL_REPRESENTATION('',(#6612),#6616);
#6612 = LINE('',#6613,#6614);
#6613 = CARTESIAN_POINT('',(0.,8.));
#6614 = VECTOR('',#6615,1.);
#6615 = DIRECTION('',(1.,0.));
#6616 = ( GEOMETRIC_REPRESENTATION_CONTEXT(2) 
PARAMETRIC_REPRESENTATION_CONTEXT() REPRESENTATION_CONTEXT('2D SPACE',''
  ) );
#6617 = ORIENTED_EDGE('',*,*,#6618,.F.);
#6618 = EDGE_CURVE('',#6545,#6596,#6619,.T.);
#6619 = SURFACE_CURVE('',#6620,(#6624,#6631),.PCURVE_S1.);
#6620 = LINE('',#6621,#6622);
#6621 = CARTESIAN_POINT('',(8.,0.,5.));
#6622 = VECTOR('',#6623,1.);
#6623 = DIRECTION('',(-0.,1.,0.));
#6624 = PCURVE('',#6553,#6625);
#6625 = DEFINITIONAL_REPRESENTATION('',(#6626),#6630);
#6626 = LINE('',#6627,#6628);
#6627 = CARTESIAN_POINT('',(5.,0.));
#6628 = VECTOR('',#6629,1.);
#6629 = DIRECTION('',(0.,-1.));
#6630 = ( GEOMETRIC_REPRESENTATION_CONTEXT(2) 
PARAMETRIC_REPRESENTATION_CONTEXT() REPRESENTATION_CONTEXT('2D SPACE',''
  ) );
#6631 = PCURVE('',#6527,#6632);
#6632 = DEFINITIONAL_REPRESENTATION('',(#6633),#6637);
#6633 = LINE('',#6634,#6635);
#6634 = CARTESIAN_POINT('',(8.,0.));
#6635 = VECTOR('',#6636,1.);
#6636 = DIRECTION('',(0.,1.));
#6637 = ( GEOMETRIC_REPRESENTATION_CONTEXT(2) 
PARAMETRIC_REPRESENTATION_CONTEXT() REPRESENTATION_CONTEXT('2D SPACE',''
  ) );
#6638 = ADVANCED_FACE('',(#6639),#6445,.F.);
#6639 = FACE_BOUND('',#6640,.F.);
#6640 = EDGE_LOOP('',(#6641,#6662,#6663,#6684));
#6641 = ORIENTED_EDGE('',*,*,#6642,.F.);
#6642 = EDGE_CURVE('',#6423,#6543,#6643,.T.);
#6643 = SURFACE_CURVE('',#6644,(#6648,#6655),.PCURVE_S1.);
#6644 = LINE('',#6645,#6646);
#6645 = CARTESIAN_POINT('',(0.,0.,0.));
#6646 = VECTOR('',#6647,1.);
#6647 = DIRECTION('',(1.,0.,-0.));
#6648 = PCURVE('',#6445,#6649);
#6649 = DEFINITIONAL_REPRESENTATION('',(#6650),#6654);
#6650 = LINE('',#6651,#6652);
#6651 = CARTESIAN_POINT('',(0.,0.));
#6652 = VECTOR('',#6653,1.);
#6653 = DIRECTION('',(0.,1.));
#6654 = ( GEOMETRIC_REPRESENTATION_CONTEXT(2) 
PARAMETRIC_REPRESENTATION_CONTEXT() REPRESENTATION_CONTEXT('2D SPACE',''
  ) );
#6655 = PCURVE('',#6473,#6656);
#6656 = DEFINITIONAL_REPRESENTATION('',(#6657),#6661);
#6657 = LINE('',#6658,#6659);
#6658 = CARTESIAN_POINT('',(0.,0.));
#6659 = VECTOR('',#6660,1.);
#6660 = DIRECTION('',(1.,0.));
#6661 = ( GEOMETRIC_REPRESENTATION_CONTEXT(2) 
PARAMETRIC_REPRESENTATION_CONTEXT() REPRESENTATION_CONTEXT('2D SPACE',''
  ) );
#6662 = ORIENTED_EDGE('',*,*,#6422,.T.);
#6663 = ORIENTED_EDGE('',*,*,#6664,.T.);
#6664 = EDGE_CURVE('',#6425,#6545,#6665,.T.);
#6665 = SURFACE_CURVE('',#6666,(#6670,#6677),.PCURVE_S1.);
#6666 = LINE('',#6667,#6668);
#6667 = CARTESIAN_POINT('',(0.,0.,5.));
#6668 = VECTOR('',#6669,1.);
#6669 = DIRECTION('',(1.,0.,-0.));
#6670 = PCURVE('',#6445,#6671);
#6671 = DEFINITIONAL_REPRESENTATION('',(#6672),#6676);
#6672 = LINE('',#6673,#6674);
#6673 = CARTESIAN_POINT('',(5.,0.));
#6674 = VECTOR('',#6675,1.);
#6675 = DIRECTION('',(0.,1.));
#6676 = ( GEOMETRIC_REPRESENTATION_CONTEXT(2) 
PARAMETRIC_REPRESENTATION_CONTEXT() REPRESENTATION_CONTEXT('2D SPACE',''
  ) );
#6677 = PCURVE('',#6527,#6678);
#6678 = DEFINITIONAL_REPRESENTATION('',(#6679),#6683);
#6679 = LINE('',#6680,#6681);
#6680 = CARTESIAN_POINT('',(0.,0.));
#6681 = VECTOR('',#6682,1.);
#6682 = DIRECTION('',(1.,0.));
#6683 = ( GEOMETRIC_REPRESENTATION_CONTEXT(2) 
PARAMETRIC_REPRESENTATION_CONTEXT() REPRESENTATION_CONTEXT('2D SPACE',''
  ) );
#6684 = ORIENTED_EDGE('',*,*,#6542,.F.);
#6685 = ADVANCED_FACE('',(#6686),#6501,.T.);
#6686 = FACE_BOUND('',#6687,.T.);
#6687 = EDGE_LOOP('',(#6688,#6709,#6710,#6731));
#6688 = ORIENTED_EDGE('',*,*,#6689,.F.);
#6689 = EDGE_CURVE('',#6458,#6573,#6690,.T.);
#6690 = SURFACE_CURVE('',#6691,(#6695,#6702),.PCURVE_S1.);
#6691 = LINE('',#6692,#6693);
#6692 = CARTESIAN_POINT('',(0.,2.,0.));
#6693 = VECTOR('',#6694,1.);
#6694 = DIRECTION('',(1.,0.,-0.));
#6695 = PCURVE('',#6501,#6696);
#6696 = DEFINITIONAL_REPRESENTATION('',(#6697),#6701);
#6697 = LINE('',#6698,#6699);
#6698 = CARTESIAN_POINT('',(0.,0.));
#6699 = VECTOR('',#6700,1.);
#6700 = DIRECTION('',(0.,1.));
#6701 = ( GEOMETRIC_REPRESENTATION_CONTEXT(2) 
PARAMETRIC_REPRESENTATION_CONTEXT() REPRESENTATION_CONTEXT('2D SPACE',''
  ) );
#6702 = PCURVE('',#6473,#6703);
#6703 = DEFINITIONAL_REPRESENTATION('',(#6704),#6708);
#6704 = LINE('',#6705,#6706);
#6705 = CARTESIAN_POINT('',(0.,2.));
#6706 = VECTOR('',#6707,1.);
#6707 = DIRECTION('',(1.,0.));
#6708 = ( GEOMETRIC_REPRESENTATION_CONTEXT(2) 
PARAMETRIC_REPRESENTATION_CONTEXT() REPRESENTATION_CONTEXT('2D SPACE',''
  ) );
#6709 = ORIENTED_EDGE('',*,*,#6485,.T.);
#6710 = ORIENTED_EDGE('',*,*,#6711,.T.);
#6711 = EDGE_CURVE('',#6486,#6596,#6712,.T.);
#6712 = SURFACE_CURVE('',#6713,(#6717,#6724),.PCURVE_S1.);
#6713 = LINE('',#6714,#6715);
#6714 = CARTESIAN_POINT('',(0.,2.,5.));
#6715 = VECTOR('',#6716,1.);
#6716 = DIRECTION('',(1.,0.,-0.));
#6717 = PCURVE('',#6501,#6718);
#6718 = DEFINITIONAL_REPRESENTATION('',(#6719),#6723);
#6719 = LINE('',#6720,#6721);
#6720 = CARTESIAN_POINT('',(5.,0.));
#6721 = VECTOR('',#6722,1.);
#6722 = DIRECTION('',(0.,1.));
#6723 = ( GEOMETRIC_REPRESENTATION_CONTEXT(2) 
PARAMETRIC_REPRESENTATION_CONTEXT() REPRESENTATION_CONTEXT('2D SPACE',''
  ) );
#6724 = PCURVE('',#6527,#6725);
#6725 = DEFINITIONAL_REPRESENTATION('',(#6726),#6730);
#6726 = LINE('',#6727,#6728);
#6727 = CARTESIAN_POINT('',(0.,2.));
#6728 = VECTOR('',#6729,1.);
#6729 = DIRECTION('',(1.,0.));
#6730 = ( GEOMETRIC_REPRESENTATION_CONTEXT(2) 
PARAMETRIC_REPRESENTATION_CONTEXT() REPRESENTATION_CONTEXT('2D SPACE',''
  ) );
#6731 = ORIENTED_EDGE('',*,*,#6595,.F.);
#6732 = ADVANCED_FACE('',(#6733),#6473,.F.);
#6733 = FACE_BOUND('',#6734,.F.);
#6734 = EDGE_LOOP('',(#6735,#6736,#6737,#6738));
#6735 = ORIENTED_EDGE('',*,*,#6457,.F.);
#6736 = ORIENTED_EDGE('',*,*,#6642,.T.);
#6737 = ORIENTED_EDGE('',*,*,#6572,.T.);
#6738 = ORIENTED_EDGE('',*,*,#6689,.F.);
#6739 = ADVANCED_FACE('',(#6740),#6527,.T.);
#6740 = FACE_BOUND('',#6741,.T.);
#6741 = EDGE_LOOP('',(#6742,#6743,#6744,#6745));
#6742 = ORIENTED_EDGE('',*,*,#6513,.F.);
#6743 = ORIENTED_EDGE('',*,*,#6664,.T.);
#6744 = ORIENTED_EDGE('',*,*,#6618,.T.);
#6745 = ORIENTED_EDGE('',*,*,#6711,.F.);
#6746 = ( GEOMETRIC_REPRESENTATION_CONTEXT(3) 
GLOBAL_UNCERTAINTY_ASSIGNED_CONTEXT((#6750)) 
GLOBAL_UNIT_ASSIGNED_CONTEXT((#6747,#6748,#6749)) REPRESENTATION_CONTEXT
('Context #1','3D Context with UNIT and UNCERTAINTY') );
#6747 = ( LENGTH_UNIT() NAMED_UNIT(*) SI_UNIT(.MILLI.,.METRE.) );
#6748 = ( NAMED_UNIT(*) PLANE_ANGLE_UNIT() SI_UNIT($,.RADIAN.) );
#6749 = ( NAMED_UNIT(*) SI_UNIT($,.STERADIAN.) SOLID_ANGLE_UNIT() );
#6750 = UNCERTAINTY_MEASURE_WITH_UNIT(LENGTH_MEASURE(1.E-07),#6747,
  'distance_accuracy_value','confusion accuracy');
#6751 = CONTEXT_DEPENDENT_SHAPE_REPRESENTATION(#6752,#6754);
#6752 = ( REPRESENTATION_RELATIONSHIP('','',#6415,#6392) 
REPRESENTATION_RELATIONSHIP_WITH_TRANSFORMATION(#6753) 
SHAPE_REPRESENTATION_RELATIONSHIP() );
#6753 = ITEM_DEFINED_TRANSFORMATION('','',#11,#6393);
#6754 = PRODUCT_DEFINITION_SHAPE('Placement','Placement of an item',
  #6755);
#6755 = NEXT_ASSEMBLY_USAGE_OCCURRENCE('498','=>[0:1:1:89]','',#6387,
  #6410,$);
#6756 = PRODUCT_RELATED_PRODUCT_CATEGORY('part',$,(#6412));
#6757 = SHAPE_DEFINITION_REPRESENTATION(#6758,#6764);
#6758 = PRODUCT_DEFINITION_SHAPE('','',#6759);
#6759 = PRODUCT_DEFINITION('design','',#6760,#6763);
#6760 = PRODUCT_DEFINITION_FORMATION('','',#6761);
#6761 = PRODUCT('left_opposed_thumb_micro_tendon',
  'left_opposed_thumb_micro_tendon','',(#6762));
#6762 = PRODUCT_CONTEXT('',#2,'mechanical');
#6763 = PRODUCT_DEFINITION_CONTEXT('part definition',#2,'design');
#6764 = SHAPE_REPRESENTATION('',(#11,#6765),#6769);
#6765 = AXIS2_PLACEMENT_3D('',#6766,#6767,#6768);
#6766 = CARTESIAN_POINT('',(0.,0.,-17.53567791675));
#6767 = DIRECTION('',(0.,0.,1.));
#6768 = DIRECTION('',(1.,0.,0.));
#6769 = ( GEOMETRIC_REPRESENTATION_CONTEXT(3) 
GLOBAL_UNCERTAINTY_ASSIGNED_CONTEXT((#6773)) 
GLOBAL_UNIT_ASSIGNED_CONTEXT((#6770,#6771,#6772)) REPRESENTATION_CONTEXT
('Context #1','3D Context with UNIT and UNCERTAINTY') );
#6770 = ( LENGTH_UNIT() NAMED_UNIT(*) SI_UNIT(.MILLI.,.METRE.) );
#6771 = ( NAMED_UNIT(*) PLANE_ANGLE_UNIT() SI_UNIT($,.RADIAN.) );
#6772 = ( NAMED_UNIT(*) SI_UNIT($,.STERADIAN.) SOLID_ANGLE_UNIT() );
#6773 = UNCERTAINTY_MEASURE_WITH_UNIT(LENGTH_MEASURE(1.E-07),#6770,
  'distance_accuracy_value','confusion accuracy');
#6774 = CONTEXT_DEPENDENT_SHAPE_REPRESENTATION(#6775,#6777);
#6775 = ( REPRESENTATION_RELATIONSHIP('','',#6764,#10) 
REPRESENTATION_RELATIONSHIP_WITH_TRANSFORMATION(#6776) 
SHAPE_REPRESENTATION_RELATIONSHIP() );
#6776 = ITEM_DEFINED_TRANSFORMATION('','',#11,#191);
#6777 = PRODUCT_DEFINITION_SHAPE('Placement','Placement of an item',
  #6778);
#6778 = NEXT_ASSEMBLY_USAGE_OCCURRENCE('501','=>[0:1:1:90]','',#5,#6759,
  $);
#6779 = PRODUCT_RELATED_PRODUCT_CATEGORY('part',$,(#6761));
#6780 = SHAPE_DEFINITION_REPRESENTATION(#6781,#6787);
#6781 = PRODUCT_DEFINITION_SHAPE('','',#6782);
#6782 = PRODUCT_DEFINITION('design','',#6783,#6786);
#6783 = PRODUCT_DEFINITION_FORMATION('','',#6784);
#6784 = PRODUCT('SOLID','SOLID','',(#6785));
#6785 = PRODUCT_CONTEXT('',#2,'mechanical');
#6786 = PRODUCT_DEFINITION_CONTEXT('part definition',#2,'design');
#6787 = ADVANCED_BREP_SHAPE_REPRESENTATION('',(#11,#6788),#6886);
#6788 = MANIFOLD_SOLID_BREP('',#6789);
#6789 = CLOSED_SHELL('',(#6790,#6878,#6882));
#6790 = ADVANCED_FACE('',(#6791),#6804,.T.);
#6791 = FACE_BOUND('',#6792,.T.);
#6792 = EDGE_LOOP('',(#6793,#6827,#6850,#6877));
#6793 = ORIENTED_EDGE('',*,*,#6794,.F.);
#6794 = EDGE_CURVE('',#6795,#6795,#6797,.T.);
#6795 = VERTEX_POINT('',#6796);
#6796 = CARTESIAN_POINT('',(1.1,-2.694222958124E-16,35.0713558335));
#6797 = SURFACE_CURVE('',#6798,(#6803,#6815),.PCURVE_S1.);
#6798 = CIRCLE('',#6799,1.1);
#6799 = AXIS2_PLACEMENT_3D('',#6800,#6801,#6802);
#6800 = CARTESIAN_POINT('',(0.,0.,35.0713558335));
#6801 = DIRECTION('',(0.,0.,1.));
#6802 = DIRECTION('',(1.,0.,-0.));
#6803 = PCURVE('',#6804,#6809);
#6804 = CYLINDRICAL_SURFACE('',#6805,1.1);
#6805 = AXIS2_PLACEMENT_3D('',#6806,#6807,#6808);
#6806 = CARTESIAN_POINT('',(0.,0.,0.));
#6807 = DIRECTION('',(0.,0.,1.));
#6808 = DIRECTION('',(1.,0.,-0.));
#6809 = DEFINITIONAL_REPRESENTATION('',(#6810),#6814);
#6810 = LINE('',#6811,#6812);
#6811 = CARTESIAN_POINT('',(0.,35.0713558335));
#6812 = VECTOR('',#6813,1.);
#6813 = DIRECTION('',(1.,0.));
#6814 = ( GEOMETRIC_REPRESENTATION_CONTEXT(2) 
PARAMETRIC_REPRESENTATION_CONTEXT() REPRESENTATION_CONTEXT('2D SPACE',''
  ) );
#6815 = PCURVE('',#6816,#6821);
#6816 = PLANE('',#6817);
#6817 = AXIS2_PLACEMENT_3D('',#6818,#6819,#6820);
#6818 = CARTESIAN_POINT('',(0.,0.,35.0713558335));
#6819 = DIRECTION('',(0.,0.,1.));
#6820 = DIRECTION('',(1.,0.,-0.));
#6821 = DEFINITIONAL_REPRESENTATION('',(#6822),#6826);
#6822 = CIRCLE('',#6823,1.1);
#6823 = AXIS2_PLACEMENT_2D('',#6824,#6825);
#6824 = CARTESIAN_POINT('',(0.,0.));
#6825 = DIRECTION('',(1.,0.));
#6826 = ( GEOMETRIC_REPRESENTATION_CONTEXT(2) 
PARAMETRIC_REPRESENTATION_CONTEXT() REPRESENTATION_CONTEXT('2D SPACE',''
  ) );
#6827 = ORIENTED_EDGE('',*,*,#6828,.F.);
#6828 = EDGE_CURVE('',#6829,#6795,#6831,.T.);
#6829 = VERTEX_POINT('',#6830);
#6830 = CARTESIAN_POINT('',(1.1,-2.694222958124E-16,0.));
#6831 = SEAM_CURVE('',#6832,(#6836,#6843),.PCURVE_S1.);
#6832 = LINE('',#6833,#6834);
#6833 = CARTESIAN_POINT('',(1.1,-2.694222958124E-16,0.));
#6834 = VECTOR('',#6835,1.);
#6835 = DIRECTION('',(0.,0.,1.));
#6836 = PCURVE('',#6804,#6837);
#6837 = DEFINITIONAL_REPRESENTATION('',(#6838),#6842);
#6838 = LINE('',#6839,#6840);
#6839 = CARTESIAN_POINT('',(6.28318530718,-0.));
#6840 = VECTOR('',#6841,1.);
#6841 = DIRECTION('',(0.,1.));
#6842 = ( GEOMETRIC_REPRESENTATION_CONTEXT(2) 
PARAMETRIC_REPRESENTATION_CONTEXT() REPRESENTATION_CONTEXT('2D SPACE',''
  ) );
#6843 = PCURVE('',#6804,#6844);
#6844 = DEFINITIONAL_REPRESENTATION('',(#6845),#6849);
#6845 = LINE('',#6846,#6847);
#6846 = CARTESIAN_POINT('',(0.,-0.));
#6847 = VECTOR('',#6848,1.);
#6848 = DIRECTION('',(0.,1.));
#6849 = ( GEOMETRIC_REPRESENTATION_CONTEXT(2) 
PARAMETRIC_REPRESENTATION_CONTEXT() REPRESENTATION_CONTEXT('2D SPACE',''
  ) );
#6850 = ORIENTED_EDGE('',*,*,#6851,.T.);
#6851 = EDGE_CURVE('',#6829,#6829,#6852,.T.);
#6852 = SURFACE_CURVE('',#6853,(#6858,#6865),.PCURVE_S1.);
#6853 = CIRCLE('',#6854,1.1);
#6854 = AXIS2_PLACEMENT_3D('',#6855,#6856,#6857);
#6855 = CARTESIAN_POINT('',(0.,0.,0.));
#6856 = DIRECTION('',(0.,0.,1.));
#6857 = DIRECTION('',(1.,0.,-0.));
#6858 = PCURVE('',#6804,#6859);
#6859 = DEFINITIONAL_REPRESENTATION('',(#6860),#6864);
#6860 = LINE('',#6861,#6862);
#6861 = CARTESIAN_POINT('',(0.,0.));
#6862 = VECTOR('',#6863,1.);
#6863 = DIRECTION('',(1.,0.));
#6864 = ( GEOMETRIC_REPRESENTATION_CONTEXT(2) 
PARAMETRIC_REPRESENTATION_CONTEXT() REPRESENTATION_CONTEXT('2D SPACE',''
  ) );
#6865 = PCURVE('',#6866,#6871);
#6866 = PLANE('',#6867);
#6867 = AXIS2_PLACEMENT_3D('',#6868,#6869,#6870);
#6868 = CARTESIAN_POINT('',(0.,0.,0.));
#6869 = DIRECTION('',(0.,0.,1.));
#6870 = DIRECTION('',(1.,0.,-0.));
#6871 = DEFINITIONAL_REPRESENTATION('',(#6872),#6876);
#6872 = CIRCLE('',#6873,1.1);
#6873 = AXIS2_PLACEMENT_2D('',#6874,#6875);
#6874 = CARTESIAN_POINT('',(0.,0.));
#6875 = DIRECTION('',(1.,0.));
#6876 = ( GEOMETRIC_REPRESENTATION_CONTEXT(2) 
PARAMETRIC_REPRESENTATION_CONTEXT() REPRESENTATION_CONTEXT('2D SPACE',''
  ) );
#6877 = ORIENTED_EDGE('',*,*,#6828,.T.);
#6878 = ADVANCED_FACE('',(#6879),#6816,.T.);
#6879 = FACE_BOUND('',#6880,.T.);
#6880 = EDGE_LOOP('',(#6881));
#6881 = ORIENTED_EDGE('',*,*,#6794,.T.);
#6882 = ADVANCED_FACE('',(#6883),#6866,.F.);
#6883 = FACE_BOUND('',#6884,.T.);
#6884 = EDGE_LOOP('',(#6885));
#6885 = ORIENTED_EDGE('',*,*,#6851,.F.);
#6886 = ( GEOMETRIC_REPRESENTATION_CONTEXT(3) 
GLOBAL_UNCERTAINTY_ASSIGNED_CONTEXT((#6890)) 
GLOBAL_UNIT_ASSIGNED_CONTEXT((#6887,#6888,#6889)) REPRESENTATION_CONTEXT
('Context #1','3D Context with UNIT and UNCERTAINTY') );
#6887 = ( LENGTH_UNIT() NAMED_UNIT(*) SI_UNIT(.MILLI.,.METRE.) );
#6888 = ( NAMED_UNIT(*) PLANE_ANGLE_UNIT() SI_UNIT($,.RADIAN.) );
#6889 = ( NAMED_UNIT(*) SI_UNIT($,.STERADIAN.) SOLID_ANGLE_UNIT() );
#6890 = UNCERTAINTY_MEASURE_WITH_UNIT(LENGTH_MEASURE(1.E-07),#6887,
  'distance_accuracy_value','confusion accuracy');
#6891 = CONTEXT_DEPENDENT_SHAPE_REPRESENTATION(#6892,#6894);
#6892 = ( REPRESENTATION_RELATIONSHIP('','',#6787,#6764) 
REPRESENTATION_RELATIONSHIP_WITH_TRANSFORMATION(#6893) 
SHAPE_REPRESENTATION_RELATIONSHIP() );
#6893 = ITEM_DEFINED_TRANSFORMATION('','',#11,#6765);
#6894 = PRODUCT_DEFINITION_SHAPE('Placement','Placement of an item',
  #6895);
#6895 = NEXT_ASSEMBLY_USAGE_OCCURRENCE('500','=>[0:1:1:91]','',#6759,
  #6782,$);
#6896 = PRODUCT_RELATED_PRODUCT_CATEGORY('part',$,(#6784));
#6897 = MECHANICAL_DESIGN_GEOMETRIC_PRESENTATION_REPRESENTATION('',(
    #6898),#2736);
#6898 = STYLED_ITEM('color',(#6899),#2638);
#6899 = PRESENTATION_STYLE_ASSIGNMENT((#6900));
#6900 = SURFACE_STYLE_USAGE(.BOTH.,#6901);
#6901 = SURFACE_SIDE_STYLE('',(#6902));
#6902 = SURFACE_STYLE_FILL_AREA(#6903);
#6903 = FILL_AREA_STYLE('',(#6904));
#6904 = FILL_AREA_STYLE_COLOUR('',#6905);
#6905 = COLOUR_RGB('',0.945276898204,0.9357410338,0.906331759313);
#6906 = MECHANICAL_DESIGN_GEOMETRIC_PRESENTATION_REPRESENTATION('',(
    #6907),#4698);
#6907 = STYLED_ITEM('color',(#6908),#4368);
#6908 = PRESENTATION_STYLE_ASSIGNMENT((#6909));
#6909 = SURFACE_STYLE_USAGE(.BOTH.,#6910);
#6910 = SURFACE_SIDE_STYLE('',(#6911));
#6911 = SURFACE_STYLE_FILL_AREA(#6912);
#6912 = FILL_AREA_STYLE('',(#6913));
#6913 = FILL_AREA_STYLE_COLOUR('',#6914);
#6914 = COLOUR_RGB('',7.016478245502E-02,7.016478245502E-02,
  7.016478245502E-02);
#6915 = MECHANICAL_DESIGN_GEOMETRIC_PRESENTATION_REPRESENTATION('',(
    #6916),#1394);
#6916 = STYLED_ITEM('color',(#6917),#1296);
#6917 = PRESENTATION_STYLE_ASSIGNMENT((#6918));
#6918 = SURFACE_STYLE_USAGE(.BOTH.,#6919);
#6919 = SURFACE_SIDE_STYLE('',(#6920));
#6920 = SURFACE_STYLE_FILL_AREA(#6921);
#6921 = FILL_AREA_STYLE('',(#6922));
#6922 = FILL_AREA_STYLE_COLOUR('',#6923);
#6923 = COLOUR_RGB('',0.171844088395,0.175581622974,0.182812664181);
#6924 = MECHANICAL_DESIGN_GEOMETRIC_PRESENTATION_REPRESENTATION('',(
    #6925),#1728);
#6925 = STYLED_ITEM('color',(#6926),#1630);
#6926 = PRESENTATION_STYLE_ASSIGNMENT((#6927));
#6927 = SURFACE_STYLE_USAGE(.BOTH.,#6928);
#6928 = SURFACE_SIDE_STYLE('',(#6929));
#6929 = SURFACE_STYLE_FILL_AREA(#6930);
#6930 = FILL_AREA_STYLE('',(#6931));
#6931 = FILL_AREA_STYLE_COLOUR('',#6932);
#6932 = COLOUR_RGB('',0.896243869286,0.896243869286,0.875605636236);
#6933 = MECHANICAL_DESIGN_GEOMETRIC_PRESENTATION_REPRESENTATION('',(
    #6934),#4892);
#6934 = STYLED_ITEM('color',(#6935),#4880);
#6935 = PRESENTATION_STYLE_ASSIGNMENT((#6936));
#6936 = SURFACE_STYLE_USAGE(.BOTH.,#6937);
#6937 = SURFACE_SIDE_STYLE('',(#6938));
#6938 = SURFACE_STYLE_FILL_AREA(#6939);
#6939 = FILL_AREA_STYLE('',(#6940));
#6940 = FILL_AREA_STYLE_COLOUR('',#6941);
#6941 = COLOUR_RGB('',0.293372055022,0.303532057365,0.309439308976);
#6942 = MECHANICAL_DESIGN_GEOMETRIC_PRESENTATION_REPRESENTATION('',(
    #6943),#5420);
#6943 = STYLED_ITEM('color',(#6944),#5408);
#6944 = PRESENTATION_STYLE_ASSIGNMENT((#6945));
#6945 = SURFACE_STYLE_USAGE(.BOTH.,#6946);
#6946 = SURFACE_SIDE_STYLE('',(#6947));
#6947 = SURFACE_STYLE_FILL_AREA(#6948);
#6948 = FILL_AREA_STYLE('',(#6949));
#6949 = FILL_AREA_STYLE_COLOUR('',#6941);
#6950 = MECHANICAL_DESIGN_GEOMETRIC_PRESENTATION_REPRESENTATION('',(
    #6951),#1922);
#6951 = STYLED_ITEM('color',(#6952),#1910);
#6952 = PRESENTATION_STYLE_ASSIGNMENT((#6953));
#6953 = SURFACE_STYLE_USAGE(.BOTH.,#6954);
#6954 = SURFACE_SIDE_STYLE('',(#6955));
#6955 = SURFACE_STYLE_FILL_AREA(#6956);
#6956 = FILL_AREA_STYLE('',(#6957));
#6957 = FILL_AREA_STYLE_COLOUR('',#6941);
#6958 = MECHANICAL_DESIGN_GEOMETRIC_PRESENTATION_REPRESENTATION('',(
    #6959),#6374);
#6959 = STYLED_ITEM('color',(#6960),#6362);
#6960 = PRESENTATION_STYLE_ASSIGNMENT((#6961));
#6961 = SURFACE_STYLE_USAGE(.BOTH.,#6962);
#6962 = SURFACE_SIDE_STYLE('',(#6963));
#6963 = SURFACE_STYLE_FILL_AREA(#6964);
#6964 = FILL_AREA_STYLE('',(#6965));
#6965 = FILL_AREA_STYLE_COLOUR('',#6905);
#6966 = MECHANICAL_DESIGN_GEOMETRIC_PRESENTATION_REPRESENTATION('',(
    #6967),#6126);
#6967 = STYLED_ITEM('color',(#6968),#6028);
#6968 = PRESENTATION_STYLE_ASSIGNMENT((#6969));
#6969 = SURFACE_STYLE_USAGE(.BOTH.,#6970);
#6970 = SURFACE_SIDE_STYLE('',(#6971));
#6971 = SURFACE_STYLE_FILL_AREA(#6972);
#6972 = FILL_AREA_STYLE('',(#6973));
#6973 = FILL_AREA_STYLE_COLOUR('',#6905);
#6974 = MECHANICAL_DESIGN_GEOMETRIC_PRESENTATION_REPRESENTATION('',(
    #6975),#5032);
#6975 = STYLED_ITEM('color',(#6976),#4934);
#6976 = PRESENTATION_STYLE_ASSIGNMENT((#6977));
#6977 = SURFACE_STYLE_USAGE(.BOTH.,#6978);
#6978 = SURFACE_SIDE_STYLE('',(#6979));
#6979 = SURFACE_STYLE_FILL_AREA(#6980);
#6980 = FILL_AREA_STYLE('',(#6981));
#6981 = FILL_AREA_STYLE_COLOUR('',#6905);
#6982 = MECHANICAL_DESIGN_GEOMETRIC_PRESENTATION_REPRESENTATION('',(
    #6983),#2030);
#6983 = STYLED_ITEM('color',(#6984),#2018);
#6984 = PRESENTATION_STYLE_ASSIGNMENT((#6985));
#6985 = SURFACE_STYLE_USAGE(.BOTH.,#6986);
#6986 = SURFACE_SIDE_STYLE('',(#6987));
#6987 = SURFACE_STYLE_FILL_AREA(#6988);
#6988 = FILL_AREA_STYLE('',(#6989));
#6989 = FILL_AREA_STYLE_COLOUR('',#6905);
#6990 = MECHANICAL_DESIGN_GEOMETRIC_PRESENTATION_REPRESENTATION('',(
    #6991),#1976);
#6991 = STYLED_ITEM('color',(#6992),#1964);
#6992 = PRESENTATION_STYLE_ASSIGNMENT((#6993));
#6993 = SURFACE_STYLE_USAGE(.BOTH.,#6994);
#6994 = SURFACE_SIDE_STYLE('',(#6995));
#6995 = SURFACE_STYLE_FILL_AREA(#6996);
#6996 = FILL_AREA_STYLE('',(#6997));
#6997 = FILL_AREA_STYLE_COLOUR('',#6941);
#6998 = MECHANICAL_DESIGN_GEOMETRIC_PRESENTATION_REPRESENTATION('',(
    #6999),#5846);
#6999 = STYLED_ITEM('color',(#7000),#5516);
#7000 = PRESENTATION_STYLE_ASSIGNMENT((#7001));
#7001 = SURFACE_STYLE_USAGE(.BOTH.,#7002);
#7002 = SURFACE_SIDE_STYLE('',(#7003));
#7003 = SURFACE_STYLE_FILL_AREA(#7004);
#7004 = FILL_AREA_STYLE('',(#7005));
#7005 = FILL_AREA_STYLE_COLOUR('',#6914);
#7006 = MECHANICAL_DESIGN_GEOMETRIC_PRESENTATION_REPRESENTATION('',(
    #7007),#4272);
#7007 = STYLED_ITEM('color',(#7008),#4260);
#7008 = PRESENTATION_STYLE_ASSIGNMENT((#7009));
#7009 = SURFACE_STYLE_USAGE(.BOTH.,#7010);
#7010 = SURFACE_SIDE_STYLE('',(#7011));
#7011 = SURFACE_STYLE_FILL_AREA(#7012);
#7012 = FILL_AREA_STYLE('',(#7013));
#7013 = FILL_AREA_STYLE_COLOUR('',#6941);
#7014 = MECHANICAL_DESIGN_GEOMETRIC_PRESENTATION_REPRESENTATION('',(
    #7015),#4218);
#7015 = STYLED_ITEM('color',(#7016),#4206);
#7016 = PRESENTATION_STYLE_ASSIGNMENT((#7017));
#7017 = SURFACE_STYLE_USAGE(.BOTH.,#7018);
#7018 = SURFACE_SIDE_STYLE('',(#7019));
#7019 = SURFACE_STYLE_FILL_AREA(#7020);
#7020 = FILL_AREA_STYLE('',(#7021));
#7021 = FILL_AREA_STYLE_COLOUR('',#6941);
#7022 = MECHANICAL_DESIGN_GEOMETRIC_PRESENTATION_REPRESENTATION('',(
    #7023),#5366);
#7023 = STYLED_ITEM('color',(#7024),#5354);
#7024 = PRESENTATION_STYLE_ASSIGNMENT((#7025));
#7025 = SURFACE_STYLE_USAGE(.BOTH.,#7026);
#7026 = SURFACE_SIDE_STYLE('',(#7027));
#7027 = SURFACE_STYLE_FILL_AREA(#7028);
#7028 = FILL_AREA_STYLE('',(#7029));
#7029 = FILL_AREA_STYLE_COLOUR('',#6941);
#7030 = MECHANICAL_DESIGN_GEOMETRIC_PRESENTATION_REPRESENTATION('',(
    #7031),#4024);
#7031 = STYLED_ITEM('color',(#7032),#3926);
#7032 = PRESENTATION_STYLE_ASSIGNMENT((#7033));
#7033 = SURFACE_STYLE_USAGE(.BOTH.,#7034);
#7034 = SURFACE_SIDE_STYLE('',(#7035));
#7035 = SURFACE_STYLE_FILL_AREA(#7036);
#7036 = FILL_AREA_STYLE('',(#7037));
#7037 = FILL_AREA_STYLE_COLOUR('',#6932);
#7038 = MECHANICAL_DESIGN_GEOMETRIC_PRESENTATION_REPRESENTATION('',(
    #7039),#6746);
#7039 = STYLED_ITEM('color',(#7040),#6416);
#7040 = PRESENTATION_STYLE_ASSIGNMENT((#7041));
#7041 = SURFACE_STYLE_USAGE(.BOTH.,#7042);
#7042 = SURFACE_SIDE_STYLE('',(#7043));
#7043 = SURFACE_STYLE_FILL_AREA(#7044);
#7044 = FILL_AREA_STYLE('',(#7045));
#7045 = FILL_AREA_STYLE_COLOUR('',#6914);
#7046 = MECHANICAL_DESIGN_GEOMETRIC_PRESENTATION_REPRESENTATION('',(
    #7047),#1868);
#7047 = STYLED_ITEM('color',(#7048),#1770);
#7048 = PRESENTATION_STYLE_ASSIGNMENT((#7049));
#7049 = SURFACE_STYLE_USAGE(.BOTH.,#7050);
#7050 = SURFACE_SIDE_STYLE('',(#7051));
#7051 = SURFACE_STYLE_FILL_AREA(#7052);
#7052 = FILL_AREA_STYLE('',(#7053));
#7053 = FILL_AREA_STYLE_COLOUR('',#6905);
#7054 = MECHANICAL_DESIGN_GEOMETRIC_PRESENTATION_REPRESENTATION('',(
    #7055),#2876);
#7055 = STYLED_ITEM('color',(#7056),#2778);
#7056 = PRESENTATION_STYLE_ASSIGNMENT((#7057));
#7057 = SURFACE_STYLE_USAGE(.BOTH.,#7058);
#7058 = SURFACE_SIDE_STYLE('',(#7059));
#7059 = SURFACE_STYLE_FILL_AREA(#7060);
#7060 = FILL_AREA_STYLE('',(#7061));
#7061 = FILL_AREA_STYLE_COLOUR('',#6932);
#7062 = MECHANICAL_DESIGN_GEOMETRIC_PRESENTATION_REPRESENTATION('',(
    #7063),#3744);
#7063 = STYLED_ITEM('color',(#7064),#3732);
#7064 = PRESENTATION_STYLE_ASSIGNMENT((#7065));
#7065 = SURFACE_STYLE_USAGE(.BOTH.,#7066);
#7066 = SURFACE_SIDE_STYLE('',(#7067));
#7067 = SURFACE_STYLE_FILL_AREA(#7068);
#7068 = FILL_AREA_STYLE('',(#7069));
#7069 = FILL_AREA_STYLE_COLOUR('',#6941);
#7070 = MECHANICAL_DESIGN_GEOMETRIC_PRESENTATION_REPRESENTATION('',(
    #7071),#3178);
#7071 = STYLED_ITEM('color',(#7072),#3166);
#7072 = PRESENTATION_STYLE_ASSIGNMENT((#7073));
#7073 = SURFACE_STYLE_USAGE(.BOTH.,#7074);
#7074 = SURFACE_SIDE_STYLE('',(#7075));
#7075 = SURFACE_STYLE_FILL_AREA(#7076);
#7076 = FILL_AREA_STYLE('',(#7077));
#7077 = FILL_AREA_STYLE_COLOUR('',#6905);
#7078 = MECHANICAL_DESIGN_GEOMETRIC_PRESENTATION_REPRESENTATION('',(
    #7079),#1588);
#7079 = STYLED_ITEM('color',(#7080),#1490);
#7080 = PRESENTATION_STYLE_ASSIGNMENT((#7081));
#7081 = SURFACE_STYLE_USAGE(.BOTH.,#7082);
#7082 = SURFACE_SIDE_STYLE('',(#7083));
#7083 = SURFACE_STYLE_FILL_AREA(#7084);
#7084 = FILL_AREA_STYLE('',(#7085));
#7085 = FILL_AREA_STYLE_COLOUR('',#6905);
#7086 = MECHANICAL_DESIGN_GEOMETRIC_PRESENTATION_REPRESENTATION('',(
    #7087),#3016);
#7087 = STYLED_ITEM('color',(#7088),#2918);
#7088 = PRESENTATION_STYLE_ASSIGNMENT((#7089));
#7089 = SURFACE_STYLE_USAGE(.BOTH.,#7090);
#7090 = SURFACE_SIDE_STYLE('',(#7091));
#7091 = SURFACE_STYLE_FILL_AREA(#7092);
#7092 = FILL_AREA_STYLE('',(#7093));
#7093 = FILL_AREA_STYLE_COLOUR('',#6905);
#7094 = MECHANICAL_DESIGN_GEOMETRIC_PRESENTATION_REPRESENTATION('',(
    #7095),#3550);
#7095 = STYLED_ITEM('color',(#7096),#3220);
#7096 = PRESENTATION_STYLE_ASSIGNMENT((#7097));
#7097 = SURFACE_STYLE_USAGE(.BOTH.,#7098);
#7098 = SURFACE_SIDE_STYLE('',(#7099));
#7099 = SURFACE_STYLE_FILL_AREA(#7100);
#7100 = FILL_AREA_STYLE('',(#7101));
#7101 = FILL_AREA_STYLE_COLOUR('',#6914);
#7102 = MECHANICAL_DESIGN_GEOMETRIC_PRESENTATION_REPRESENTATION('',(
    #7103),#3690);
#7103 = STYLED_ITEM('color',(#7104),#3592);
#7104 = PRESENTATION_STYLE_ASSIGNMENT((#7105));
#7105 = SURFACE_STYLE_USAGE(.BOTH.,#7106);
#7106 = SURFACE_SIDE_STYLE('',(#7107));
#7107 = SURFACE_STYLE_FILL_AREA(#7108);
#7108 = FILL_AREA_STYLE('',(#7109));
#7109 = FILL_AREA_STYLE_COLOUR('',#7110);
#7110 = COLOUR_RGB('',0.679975718802,0.687217151148,0.679975718802);
#7111 = MECHANICAL_DESIGN_GEOMETRIC_PRESENTATION_REPRESENTATION('',(
    #7112),#5474);
#7112 = STYLED_ITEM('color',(#7113),#5462);
#7113 = PRESENTATION_STYLE_ASSIGNMENT((#7114));
#7114 = SURFACE_STYLE_USAGE(.BOTH.,#7115);
#7115 = SURFACE_SIDE_STYLE('',(#7116));
#7116 = SURFACE_STYLE_FILL_AREA(#7117);
#7117 = FILL_AREA_STYLE('',(#7118));
#7118 = FILL_AREA_STYLE_COLOUR('',#6905);
#7119 = MECHANICAL_DESIGN_GEOMETRIC_PRESENTATION_REPRESENTATION('',(
    #7120),#3884);
#7120 = STYLED_ITEM('color',(#7121),#3786);
#7121 = PRESENTATION_STYLE_ASSIGNMENT((#7122));
#7122 = SURFACE_STYLE_USAGE(.BOTH.,#7123);
#7123 = SURFACE_SIDE_STYLE('',(#7124));
#7124 = SURFACE_STYLE_FILL_AREA(#7125);
#7125 = FILL_AREA_STYLE('',(#7126));
#7126 = FILL_AREA_STYLE_COLOUR('',#6905);
#7127 = MECHANICAL_DESIGN_GEOMETRIC_PRESENTATION_REPRESENTATION('',(
    #7128),#3070);
#7128 = STYLED_ITEM('color',(#7129),#3058);
#7129 = PRESENTATION_STYLE_ASSIGNMENT((#7130));
#7130 = SURFACE_STYLE_USAGE(.BOTH.,#7131);
#7131 = SURFACE_SIDE_STYLE('',(#7132));
#7132 = SURFACE_STYLE_FILL_AREA(#7133);
#7133 = FILL_AREA_STYLE('',(#7134));
#7134 = FILL_AREA_STYLE_COLOUR('',#6941);
#7135 = MECHANICAL_DESIGN_GEOMETRIC_PRESENTATION_REPRESENTATION('',(
    #7136),#1448);
#7136 = STYLED_ITEM('color',(#7137),#1436);
#7137 = PRESENTATION_STYLE_ASSIGNMENT((#7138));
#7138 = SURFACE_STYLE_USAGE(.BOTH.,#7139);
#7139 = SURFACE_SIDE_STYLE('',(#7140));
#7140 = SURFACE_STYLE_FILL_AREA(#7141);
#7141 = FILL_AREA_STYLE('',(#7142));
#7142 = FILL_AREA_STYLE_COLOUR('',#6941);
#7143 = MECHANICAL_DESIGN_GEOMETRIC_PRESENTATION_REPRESENTATION('',(
    #7144),#6886);
#7144 = STYLED_ITEM('color',(#7145),#6788);
#7145 = PRESENTATION_STYLE_ASSIGNMENT((#7146));
#7146 = SURFACE_STYLE_USAGE(.BOTH.,#7147);
#7147 = SURFACE_SIDE_STYLE('',(#7148));
#7148 = SURFACE_STYLE_FILL_AREA(#7149);
#7149 = FILL_AREA_STYLE('',(#7150));
#7150 = FILL_AREA_STYLE_COLOUR('',#7110);
#7151 = MECHANICAL_DESIGN_GEOMETRIC_PRESENTATION_REPRESENTATION('',(
    #7152),#882);
#7152 = STYLED_ITEM('color',(#7153),#232);
#7153 = PRESENTATION_STYLE_ASSIGNMENT((#7154));
#7154 = SURFACE_STYLE_USAGE(.BOTH.,#7155);
#7155 = SURFACE_SIDE_STYLE('',(#7156));
#7156 = SURFACE_STYLE_FILL_AREA(#7157);
#7157 = FILL_AREA_STYLE('',(#7158));
#7158 = FILL_AREA_STYLE_COLOUR('',#6905);
#7159 = MECHANICAL_DESIGN_GEOMETRIC_PRESENTATION_REPRESENTATION('',(
    #7160),#2542);
#7160 = STYLED_ITEM('color',(#7161),#2444);
#7161 = PRESENTATION_STYLE_ASSIGNMENT((#7162));
#7162 = SURFACE_STYLE_USAGE(.BOTH.,#7163);
#7163 = SURFACE_SIDE_STYLE('',(#7164));
#7164 = SURFACE_STYLE_FILL_AREA(#7165);
#7165 = FILL_AREA_STYLE('',(#7166));
#7166 = FILL_AREA_STYLE_COLOUR('',#7110);
#7167 = MECHANICAL_DESIGN_GEOMETRIC_PRESENTATION_REPRESENTATION('',(
    #7168),#1254);
#7168 = STYLED_ITEM('color',(#7169),#924);
#7169 = PRESENTATION_STYLE_ASSIGNMENT((#7170));
#7170 = SURFACE_STYLE_USAGE(.BOTH.,#7171);
#7171 = SURFACE_SIDE_STYLE('',(#7172));
#7172 = SURFACE_STYLE_FILL_AREA(#7173);
#7173 = FILL_AREA_STYLE('',(#7174));
#7174 = FILL_AREA_STYLE_COLOUR('',#7175);
#7175 = COLOUR_RGB('',0.142825677755,0.142825677755,0.151703717391);
#7176 = MECHANICAL_DESIGN_GEOMETRIC_PRESENTATION_REPRESENTATION('',(
    #7177),#5312);
#7177 = STYLED_ITEM('color',(#7178),#5214);
#7178 = PRESENTATION_STYLE_ASSIGNMENT((#7179));
#7179 = SURFACE_STYLE_USAGE(.BOTH.,#7180);
#7180 = SURFACE_SIDE_STYLE('',(#7181));
#7181 = SURFACE_STYLE_FILL_AREA(#7182);
#7182 = FILL_AREA_STYLE('',(#7183));
#7183 = FILL_AREA_STYLE_COLOUR('',#6905);
#7184 = MECHANICAL_DESIGN_GEOMETRIC_PRESENTATION_REPRESENTATION('',(
    #7185),#2596);
#7185 = STYLED_ITEM('color',(#7186),#2584);
#7186 = PRESENTATION_STYLE_ASSIGNMENT((#7187));
#7187 = SURFACE_STYLE_USAGE(.BOTH.,#7188);
#7188 = SURFACE_SIDE_STYLE('',(#7189));
#7189 = SURFACE_STYLE_FILL_AREA(#7190);
#7190 = FILL_AREA_STYLE('',(#7191));
#7191 = FILL_AREA_STYLE_COLOUR('',#6941);
#7192 = MECHANICAL_DESIGN_GEOMETRIC_PRESENTATION_REPRESENTATION('',(
    #7193),#4838);
#7193 = STYLED_ITEM('color',(#7194),#4740);
#7194 = PRESENTATION_STYLE_ASSIGNMENT((#7195));
#7195 = SURFACE_STYLE_USAGE(.BOTH.,#7196);
#7196 = SURFACE_SIDE_STYLE('',(#7197));
#7197 = SURFACE_STYLE_FILL_AREA(#7198);
#7198 = FILL_AREA_STYLE('',(#7199));
#7199 = FILL_AREA_STYLE_COLOUR('',#7110);
#7200 = MECHANICAL_DESIGN_GEOMETRIC_PRESENTATION_REPRESENTATION('',(
    #7201),#5986);
#7201 = STYLED_ITEM('color',(#7202),#5888);
#7202 = PRESENTATION_STYLE_ASSIGNMENT((#7203));
#7203 = SURFACE_STYLE_USAGE(.BOTH.,#7204);
#7204 = SURFACE_SIDE_STYLE('',(#7205));
#7205 = SURFACE_STYLE_FILL_AREA(#7206);
#7206 = FILL_AREA_STYLE('',(#7207));
#7207 = FILL_AREA_STYLE_COLOUR('',#7110);
#7208 = MECHANICAL_DESIGN_GEOMETRIC_PRESENTATION_REPRESENTATION('',(
    #7209),#2402);
#7209 = STYLED_ITEM('color',(#7210),#2072);
#7210 = PRESENTATION_STYLE_ASSIGNMENT((#7211));
#7211 = SURFACE_STYLE_USAGE(.BOTH.,#7212);
#7212 = SURFACE_SIDE_STYLE('',(#7213));
#7213 = SURFACE_STYLE_FILL_AREA(#7214);
#7214 = FILL_AREA_STYLE('',(#7215));
#7215 = FILL_AREA_STYLE_COLOUR('',#6914);
#7216 = MECHANICAL_DESIGN_GEOMETRIC_PRESENTATION_REPRESENTATION('',(
    #7217),#6266);
#7217 = STYLED_ITEM('color',(#7218),#6168);
#7218 = PRESENTATION_STYLE_ASSIGNMENT((#7219));
#7219 = SURFACE_STYLE_USAGE(.BOTH.,#7220);
#7220 = SURFACE_SIDE_STYLE('',(#7221));
#7221 = SURFACE_STYLE_FILL_AREA(#7222);
#7222 = FILL_AREA_STYLE('',(#7223));
#7223 = FILL_AREA_STYLE_COLOUR('',#6932);
#7224 = MECHANICAL_DESIGN_GEOMETRIC_PRESENTATION_REPRESENTATION('',(
    #7225),#4326);
#7225 = STYLED_ITEM('color',(#7226),#4314);
#7226 = PRESENTATION_STYLE_ASSIGNMENT((#7227));
#7227 = SURFACE_STYLE_USAGE(.BOTH.,#7228);
#7228 = SURFACE_SIDE_STYLE('',(#7229));
#7229 = SURFACE_STYLE_FILL_AREA(#7230);
#7230 = FILL_AREA_STYLE('',(#7231));
#7231 = FILL_AREA_STYLE_COLOUR('',#6905);
#7232 = MECHANICAL_DESIGN_GEOMETRIC_PRESENTATION_REPRESENTATION('',(
    #7233),#3124);
#7233 = STYLED_ITEM('color',(#7234),#3112);
#7234 = PRESENTATION_STYLE_ASSIGNMENT((#7235));
#7235 = SURFACE_STYLE_USAGE(.BOTH.,#7236);
#7236 = SURFACE_SIDE_STYLE('',(#7237));
#7237 = SURFACE_STYLE_FILL_AREA(#7238);
#7238 = FILL_AREA_STYLE('',(#7239));
#7239 = FILL_AREA_STYLE_COLOUR('',#6941);
#7240 = MECHANICAL_DESIGN_GEOMETRIC_PRESENTATION_REPRESENTATION('',(
    #7241),#6320);
#7241 = STYLED_ITEM('color',(#7242),#6308);
#7242 = PRESENTATION_STYLE_ASSIGNMENT((#7243));
#7243 = SURFACE_STYLE_USAGE(.BOTH.,#7244);
#7244 = SURFACE_SIDE_STYLE('',(#7245));
#7245 = SURFACE_STYLE_FILL_AREA(#7246);
#7246 = FILL_AREA_STYLE('',(#7247));
#7247 = FILL_AREA_STYLE_COLOUR('',#6941);
#7248 = MECHANICAL_DESIGN_GEOMETRIC_PRESENTATION_REPRESENTATION('',(
    #7249),#4164);
#7249 = STYLED_ITEM('color',(#7250),#4066);
#7250 = PRESENTATION_STYLE_ASSIGNMENT((#7251));
#7251 = SURFACE_STYLE_USAGE(.BOTH.,#7252);
#7252 = SURFACE_SIDE_STYLE('',(#7253));
#7253 = SURFACE_STYLE_FILL_AREA(#7254);
#7254 = FILL_AREA_STYLE('',(#7255));
#7255 = FILL_AREA_STYLE_COLOUR('',#6905);
#7256 = MECHANICAL_DESIGN_GEOMETRIC_PRESENTATION_REPRESENTATION('',(
    #7257),#5172);
#7257 = STYLED_ITEM('color',(#7258),#5074);
#7258 = PRESENTATION_STYLE_ASSIGNMENT((#7259));
#7259 = SURFACE_STYLE_USAGE(.BOTH.,#7260);
#7260 = SURFACE_SIDE_STYLE('',(#7261));
#7261 = SURFACE_STYLE_FILL_AREA(#7262);
#7262 = FILL_AREA_STYLE('',(#7263));
#7263 = FILL_AREA_STYLE_COLOUR('',#6932);
ENDSEC;
END-ISO-10303-21;
