ISO-10303-21;
HEADER;
FILE_DESCRIPTION(('Open CASCADE Model'),'2;1');
FILE_NAME('Open CASCADE Shape Model','2026-05-17T23:58:31',('Author'),(
    'Open CASCADE'),'Open CASCADE STEP processor 7.8','build123d',
  'Unknown');
FILE_SCHEMA(('AUTOMOTIVE_DESIGN { 1 0 10303 214 1 1 1 1 }'));
ENDSEC;
DATA;
#1 = APPLICATION_PROTOCOL_DEFINITION('international standard',
  'automotive_design',2000,#2);
#2 = APPLICATION_CONTEXT(
  'core data for automotive mechanical design processes');
#3 = SHAPE_DEFINITION_REPRESENTATION(#4,#10);
#4 = PRODUCT_DEFINITION_SHAPE('','',#5);
#5 = PRODUCT_DEFINITION('design','',#6,#9);
#6 = PRODUCT_DEFINITION_FORMATION('','',#7);
#7 = PRODUCT('ASSEMBLY','ASSEMBLY','',(#8));
#8 = PRODUCT_CONTEXT('',#2,'mechanical');
#9 = PRODUCT_DEFINITION_CONTEXT('part definition',#2,'design');
#10 = SHAPE_REPRESENTATION('',(#11,#15,#19,#23,#27,#31,#35,#39,#43,#47,
    #51,#55,#59,#63,#67,#71,#75,#79,#83,#87,#91,#95,#99,#103,#107,#111,
    #115,#119,#123),#127);
#11 = AXIS2_PLACEMENT_3D('',#12,#13,#14);
#12 = CARTESIAN_POINT('',(0.,0.,0.));
#13 = DIRECTION('',(0.,0.,1.));
#14 = DIRECTION('',(1.,0.,-0.));
#15 = AXIS2_PLACEMENT_3D('',#16,#17,#18);
#16 = CARTESIAN_POINT('',(-585.,-88.,1.03E+03));
#17 = DIRECTION('',(0.,0.,1.));
#18 = DIRECTION('',(1.,0.,-0.));
#19 = AXIS2_PLACEMENT_3D('',#20,#21,#22);
#20 = CARTESIAN_POINT('',(-585.,-118.,1.03E+03));
#21 = DIRECTION('',(0.,0.,1.));
#22 = DIRECTION('',(1.,0.,-0.));
#23 = AXIS2_PLACEMENT_3D('',#24,#25,#26);
#24 = CARTESIAN_POINT('',(-585.,-168.,920.));
#25 = DIRECTION('',(0.,-1.,2.22044604925E-16));
#26 = DIRECTION('',(1.,0.,0.));
#27 = AXIS2_PLACEMENT_3D('',#28,#29,#30);
#28 = CARTESIAN_POINT('',(-585.,-204.,920.));
#29 = DIRECTION('',(0.,-1.,2.22044604925E-16));
#30 = DIRECTION('',(1.,0.,0.));
#31 = AXIS2_PLACEMENT_3D('',#32,#33,#34);
#32 = CARTESIAN_POINT('',(-585.,-142.,1.125E+03));
#33 = DIRECTION('',(0.,-1.,2.22044604925E-16));
#34 = DIRECTION('',(1.,0.,0.));
#35 = AXIS2_PLACEMENT_3D('',#36,#37,#38);
#36 = CARTESIAN_POINT('',(-585.,-216.,745.));
#37 = DIRECTION('',(0.,-1.,2.22044604925E-16));
#38 = DIRECTION('',(1.,0.,0.));
#39 = AXIS2_PLACEMENT_3D('',#40,#41,#42);
#40 = CARTESIAN_POINT('',(-585.,-242.,745.));
#41 = DIRECTION('',(0.,-1.,2.22044604925E-16));
#42 = DIRECTION('',(1.,0.,0.));
#43 = AXIS2_PLACEMENT_3D('',#44,#45,#46);
#44 = CARTESIAN_POINT('',(-585.,-96.,820.));
#45 = DIRECTION('',(0.,0.,1.));
#46 = DIRECTION('',(1.,0.,-0.));
#47 = AXIS2_PLACEMENT_3D('',#48,#49,#50);
#48 = CARTESIAN_POINT('',(-585.,-184.,1.17E+03));
#49 = DIRECTION('',(0.,0.,1.));
#50 = DIRECTION('',(1.,0.,-0.));
#51 = AXIS2_PLACEMENT_3D('',#52,#53,#54);
#52 = CARTESIAN_POINT('',(-653.,-90.,860.));
#53 = DIRECTION('',(1.,-0.,2.22044604925E-16));
#54 = DIRECTION('',(2.22044604925E-16,0.,-1.));
#55 = AXIS2_PLACEMENT_3D('',#56,#57,#58);
#56 = CARTESIAN_POINT('',(-653.,-90.,980.));
#57 = DIRECTION('',(1.,-0.,2.22044604925E-16));
#58 = DIRECTION('',(2.22044604925E-16,0.,-1.));
#59 = AXIS2_PLACEMENT_3D('',#60,#61,#62);
#60 = CARTESIAN_POINT('',(-653.,-90.,1.1E+03));
#61 = DIRECTION('',(1.,-0.,2.22044604925E-16));
#62 = DIRECTION('',(2.22044604925E-16,0.,-1.));
#63 = AXIS2_PLACEMENT_3D('',#64,#65,#66);
#64 = CARTESIAN_POINT('',(-515.,-103.,1.264E+03));
#65 = DIRECTION('',(-0.679868035159,0.145686007534,-0.718717637169));
#66 = DIRECTION('',(0.702763840663,-0.150592251571,-0.695302062432));
#67 = AXIS2_PLACEMENT_3D('',#68,#69,#70);
#68 = CARTESIAN_POINT('',(-511.5,-103.,840.));
#69 = DIRECTION('',(-0.946733481349,0.193210914561,0.257614552748));
#70 = DIRECTION('',(-0.252411784383,5.151260905783E-02,-0.966247764402)
  );
#71 = AXIS2_PLACEMENT_3D('',#72,#73,#74);
#72 = CARTESIAN_POINT('',(585.,-88.,1.03E+03));
#73 = DIRECTION('',(0.,0.,1.));
#74 = DIRECTION('',(1.,0.,-0.));
#75 = AXIS2_PLACEMENT_3D('',#76,#77,#78);
#76 = CARTESIAN_POINT('',(585.,-118.,1.03E+03));
#77 = DIRECTION('',(0.,0.,1.));
#78 = DIRECTION('',(1.,0.,-0.));
#79 = AXIS2_PLACEMENT_3D('',#80,#81,#82);
#80 = CARTESIAN_POINT('',(585.,-168.,920.));
#81 = DIRECTION('',(0.,-1.,2.22044604925E-16));
#82 = DIRECTION('',(1.,0.,0.));
#83 = AXIS2_PLACEMENT_3D('',#84,#85,#86);
#84 = CARTESIAN_POINT('',(585.,-204.,920.));
#85 = DIRECTION('',(0.,-1.,2.22044604925E-16));
#86 = DIRECTION('',(1.,0.,0.));
#87 = AXIS2_PLACEMENT_3D('',#88,#89,#90);
#88 = CARTESIAN_POINT('',(585.,-142.,1.125E+03));
#89 = DIRECTION('',(0.,-1.,2.22044604925E-16));
#90 = DIRECTION('',(1.,0.,0.));
#91 = AXIS2_PLACEMENT_3D('',#92,#93,#94);
#92 = CARTESIAN_POINT('',(585.,-216.,745.));
#93 = DIRECTION('',(0.,-1.,2.22044604925E-16));
#94 = DIRECTION('',(1.,0.,0.));
#95 = AXIS2_PLACEMENT_3D('',#96,#97,#98);
#96 = CARTESIAN_POINT('',(585.,-242.,745.));
#97 = DIRECTION('',(0.,-1.,2.22044604925E-16));
#98 = DIRECTION('',(1.,0.,0.));
#99 = AXIS2_PLACEMENT_3D('',#100,#101,#102);
#100 = CARTESIAN_POINT('',(585.,-96.,820.));
#101 = DIRECTION('',(0.,0.,1.));
#102 = DIRECTION('',(1.,0.,-0.));
#103 = AXIS2_PLACEMENT_3D('',#104,#105,#106);
#104 = CARTESIAN_POINT('',(585.,-184.,1.17E+03));
#105 = DIRECTION('',(0.,0.,1.));
#106 = DIRECTION('',(1.,0.,-0.));
#107 = AXIS2_PLACEMENT_3D('',#108,#109,#110);
#108 = CARTESIAN_POINT('',(653.,-90.,860.));
#109 = DIRECTION('',(1.,-0.,2.22044604925E-16));
#110 = DIRECTION('',(2.22044604925E-16,0.,-1.));
#111 = AXIS2_PLACEMENT_3D('',#112,#113,#114);
#112 = CARTESIAN_POINT('',(653.,-90.,980.));
#113 = DIRECTION('',(1.,-0.,2.22044604925E-16));
#114 = DIRECTION('',(2.22044604925E-16,0.,-1.));
#115 = AXIS2_PLACEMENT_3D('',#116,#117,#118);
#116 = CARTESIAN_POINT('',(653.,-90.,1.1E+03));
#117 = DIRECTION('',(1.,-0.,2.22044604925E-16));
#118 = DIRECTION('',(2.22044604925E-16,0.,-1.));
#119 = AXIS2_PLACEMENT_3D('',#120,#121,#122);
#120 = CARTESIAN_POINT('',(515.,-103.,1.264E+03));
#121 = DIRECTION('',(0.679868035159,0.145686007534,-0.718717637169));
#122 = DIRECTION('',(-0.702763840663,-0.150592251571,-0.695302062432));
#123 = AXIS2_PLACEMENT_3D('',#124,#125,#126);
#124 = CARTESIAN_POINT('',(511.5,-103.,840.));
#125 = DIRECTION('',(0.946733481349,0.193210914561,0.257614552748));
#126 = DIRECTION('',(0.252411784383,5.151260905783E-02,-0.966247764402)
  );
#127 = ( GEOMETRIC_REPRESENTATION_CONTEXT(3) 
GLOBAL_UNCERTAINTY_ASSIGNED_CONTEXT((#131)) GLOBAL_UNIT_ASSIGNED_CONTEXT
((#128,#129,#130)) REPRESENTATION_CONTEXT('Context #1',
  '3D Context with UNIT and UNCERTAINTY') );
#128 = ( LENGTH_UNIT() NAMED_UNIT(*) SI_UNIT(.MILLI.,.METRE.) );
#129 = ( NAMED_UNIT(*) PLANE_ANGLE_UNIT() SI_UNIT($,.RADIAN.) );
#130 = ( NAMED_UNIT(*) SI_UNIT($,.STERADIAN.) SOLID_ANGLE_UNIT() );
#131 = UNCERTAINTY_MEASURE_WITH_UNIT(LENGTH_MEASURE(1.E-07),#128,
  'distance_accuracy_value','confusion accuracy');
#132 = PRODUCT_RELATED_PRODUCT_CATEGORY('part',$,(#7));
#133 = SHAPE_DEFINITION_REPRESENTATION(#134,#140);
#134 = PRODUCT_DEFINITION_SHAPE('','',#135);
#135 = PRODUCT_DEFINITION('design','',#136,#139);
#136 = PRODUCT_DEFINITION_FORMATION('','',#137);
#137 = PRODUCT('left_forearm_structural_thruster_sleeve',
  'left_forearm_structural_thruster_sleeve','',(#138));
#138 = PRODUCT_CONTEXT('',#2,'mechanical');
#139 = PRODUCT_DEFINITION_CONTEXT('part definition',#2,'design');
#140 = SHAPE_REPRESENTATION('',(#11,#141),#145);
#141 = AXIS2_PLACEMENT_3D('',#142,#143,#144);
#142 = CARTESIAN_POINT('',(-66.,-58.,-180.));
#143 = DIRECTION('',(0.,0.,1.));
#144 = DIRECTION('',(1.,0.,0.));
#145 = ( GEOMETRIC_REPRESENTATION_CONTEXT(3) 
GLOBAL_UNCERTAINTY_ASSIGNED_CONTEXT((#149)) GLOBAL_UNIT_ASSIGNED_CONTEXT
((#146,#147,#148)) REPRESENTATION_CONTEXT('Context #1',
  '3D Context with UNIT and UNCERTAINTY') );
#146 = ( LENGTH_UNIT() NAMED_UNIT(*) SI_UNIT(.MILLI.,.METRE.) );
#147 = ( NAMED_UNIT(*) PLANE_ANGLE_UNIT() SI_UNIT($,.RADIAN.) );
#148 = ( NAMED_UNIT(*) SI_UNIT($,.STERADIAN.) SOLID_ANGLE_UNIT() );
#149 = UNCERTAINTY_MEASURE_WITH_UNIT(LENGTH_MEASURE(1.E-07),#146,
  'distance_accuracy_value','confusion accuracy');
#150 = CONTEXT_DEPENDENT_SHAPE_REPRESENTATION(#151,#153);
#151 = ( REPRESENTATION_RELATIONSHIP('','',#140,#10) 
REPRESENTATION_RELATIONSHIP_WITH_TRANSFORMATION(#152) 
SHAPE_REPRESENTATION_RELATIONSHIP() );
#152 = ITEM_DEFINED_TRANSFORMATION('','',#11,#15);
#153 = PRODUCT_DEFINITION_SHAPE('Placement','Placement of an item',#154
  );
#154 = NEXT_ASSEMBLY_USAGE_OCCURRENCE('304','=>[0:1:1:2]','',#5,#135,$);
#155 = PRODUCT_RELATED_PRODUCT_CATEGORY('part',$,(#137));
#156 = SHAPE_DEFINITION_REPRESENTATION(#157,#163);
#157 = PRODUCT_DEFINITION_SHAPE('','',#158);
#158 = PRODUCT_DEFINITION('design','',#159,#162);
#159 = PRODUCT_DEFINITION_FORMATION('','',#160);
#160 = PRODUCT('SOLID','SOLID','',(#161));
#161 = PRODUCT_CONTEXT('',#2,'mechanical');
#162 = PRODUCT_DEFINITION_CONTEXT('part definition',#2,'design');
#163 = ADVANCED_BREP_SHAPE_REPRESENTATION('',(#11,#164),#494);
#164 = MANIFOLD_SOLID_BREP('',#165);
#165 = CLOSED_SHELL('',(#166,#286,#386,#433,#480,#487));
#166 = ADVANCED_FACE('',(#167),#181,.F.);
#167 = FACE_BOUND('',#168,.F.);
#168 = EDGE_LOOP('',(#169,#204,#232,#260));
#169 = ORIENTED_EDGE('',*,*,#170,.F.);
#170 = EDGE_CURVE('',#171,#173,#175,.T.);
#171 = VERTEX_POINT('',#172);
#172 = CARTESIAN_POINT('',(0.,0.,0.));
#173 = VERTEX_POINT('',#174);
#174 = CARTESIAN_POINT('',(0.,0.,360.));
#175 = SURFACE_CURVE('',#176,(#180,#192),.PCURVE_S1.);
#176 = LINE('',#177,#178);
#177 = CARTESIAN_POINT('',(0.,0.,0.));
#178 = VECTOR('',#179,1.);
#179 = DIRECTION('',(0.,0.,1.));
#180 = PCURVE('',#181,#186);
#181 = PLANE('',#182);
#182 = AXIS2_PLACEMENT_3D('',#183,#184,#185);
#183 = CARTESIAN_POINT('',(0.,0.,0.));
#184 = DIRECTION('',(1.,0.,-0.));
#185 = DIRECTION('',(0.,0.,1.));
#186 = DEFINITIONAL_REPRESENTATION('',(#187),#191);
#187 = LINE('',#188,#189);
#188 = CARTESIAN_POINT('',(0.,0.));
#189 = VECTOR('',#190,1.);
#190 = DIRECTION('',(1.,0.));
#191 = ( GEOMETRIC_REPRESENTATION_CONTEXT(2) 
PARAMETRIC_REPRESENTATION_CONTEXT() REPRESENTATION_CONTEXT('2D SPACE',''
  ) );
#192 = PCURVE('',#193,#198);
#193 = PLANE('',#194);
#194 = AXIS2_PLACEMENT_3D('',#195,#196,#197);
#195 = CARTESIAN_POINT('',(0.,0.,0.));
#196 = DIRECTION('',(-0.,1.,0.));
#197 = DIRECTION('',(0.,0.,1.));
#198 = DEFINITIONAL_REPRESENTATION('',(#199),#203);
#199 = LINE('',#200,#201);
#200 = CARTESIAN_POINT('',(0.,0.));
#201 = VECTOR('',#202,1.);
#202 = DIRECTION('',(1.,0.));
#203 = ( GEOMETRIC_REPRESENTATION_CONTEXT(2) 
PARAMETRIC_REPRESENTATION_CONTEXT() REPRESENTATION_CONTEXT('2D SPACE',''
  ) );
#204 = ORIENTED_EDGE('',*,*,#205,.T.);
#205 = EDGE_CURVE('',#171,#206,#208,.T.);
#206 = VERTEX_POINT('',#207);
#207 = CARTESIAN_POINT('',(0.,116.,0.));
#208 = SURFACE_CURVE('',#209,(#213,#220),.PCURVE_S1.);
#209 = LINE('',#210,#211);
#210 = CARTESIAN_POINT('',(0.,0.,0.));
#211 = VECTOR('',#212,1.);
#212 = DIRECTION('',(-0.,1.,0.));
#213 = PCURVE('',#181,#214);
#214 = DEFINITIONAL_REPRESENTATION('',(#215),#219);
#215 = LINE('',#216,#217);
#216 = CARTESIAN_POINT('',(0.,0.));
#217 = VECTOR('',#218,1.);
#218 = DIRECTION('',(0.,-1.));
#219 = ( GEOMETRIC_REPRESENTATION_CONTEXT(2) 
PARAMETRIC_REPRESENTATION_CONTEXT() REPRESENTATION_CONTEXT('2D SPACE',''
  ) );
#220 = PCURVE('',#221,#226);
#221 = PLANE('',#222);
#222 = AXIS2_PLACEMENT_3D('',#223,#224,#225);
#223 = CARTESIAN_POINT('',(0.,0.,0.));
#224 = DIRECTION('',(0.,0.,1.));
#225 = DIRECTION('',(1.,0.,-0.));
#226 = DEFINITIONAL_REPRESENTATION('',(#227),#231);
#227 = LINE('',#228,#229);
#228 = CARTESIAN_POINT('',(0.,0.));
#229 = VECTOR('',#230,1.);
#230 = DIRECTION('',(0.,1.));
#231 = ( GEOMETRIC_REPRESENTATION_CONTEXT(2) 
PARAMETRIC_REPRESENTATION_CONTEXT() REPRESENTATION_CONTEXT('2D SPACE',''
  ) );
#232 = ORIENTED_EDGE('',*,*,#233,.T.);
#233 = EDGE_CURVE('',#206,#234,#236,.T.);
#234 = VERTEX_POINT('',#235);
#235 = CARTESIAN_POINT('',(0.,116.,360.));
#236 = SURFACE_CURVE('',#237,(#241,#248),.PCURVE_S1.);
#237 = LINE('',#238,#239);
#238 = CARTESIAN_POINT('',(0.,116.,0.));
#239 = VECTOR('',#240,1.);
#240 = DIRECTION('',(0.,0.,1.));
#241 = PCURVE('',#181,#242);
#242 = DEFINITIONAL_REPRESENTATION('',(#243),#247);
#243 = LINE('',#244,#245);
#244 = CARTESIAN_POINT('',(0.,-116.));
#245 = VECTOR('',#246,1.);
#246 = DIRECTION('',(1.,0.));
#247 = ( GEOMETRIC_REPRESENTATION_CONTEXT(2) 
PARAMETRIC_REPRESENTATION_CONTEXT() REPRESENTATION_CONTEXT('2D SPACE',''
  ) );
#248 = PCURVE('',#249,#254);
#249 = PLANE('',#250);
#250 = AXIS2_PLACEMENT_3D('',#251,#252,#253);
#251 = CARTESIAN_POINT('',(0.,116.,0.));
#252 = DIRECTION('',(-0.,1.,0.));
#253 = DIRECTION('',(0.,0.,1.));
#254 = DEFINITIONAL_REPRESENTATION('',(#255),#259);
#255 = LINE('',#256,#257);
#256 = CARTESIAN_POINT('',(0.,0.));
#257 = VECTOR('',#258,1.);
#258 = DIRECTION('',(1.,0.));
#259 = ( GEOMETRIC_REPRESENTATION_CONTEXT(2) 
PARAMETRIC_REPRESENTATION_CONTEXT() REPRESENTATION_CONTEXT('2D SPACE',''
  ) );
#260 = ORIENTED_EDGE('',*,*,#261,.F.);
#261 = EDGE_CURVE('',#173,#234,#262,.T.);
#262 = SURFACE_CURVE('',#263,(#267,#274),.PCURVE_S1.);
#263 = LINE('',#264,#265);
#264 = CARTESIAN_POINT('',(0.,0.,360.));
#265 = VECTOR('',#266,1.);
#266 = DIRECTION('',(-0.,1.,0.));
#267 = PCURVE('',#181,#268);
#268 = DEFINITIONAL_REPRESENTATION('',(#269),#273);
#269 = LINE('',#270,#271);
#270 = CARTESIAN_POINT('',(360.,0.));
#271 = VECTOR('',#272,1.);
#272 = DIRECTION('',(0.,-1.));
#273 = ( GEOMETRIC_REPRESENTATION_CONTEXT(2) 
PARAMETRIC_REPRESENTATION_CONTEXT() REPRESENTATION_CONTEXT('2D SPACE',''
  ) );
#274 = PCURVE('',#275,#280);
#275 = PLANE('',#276);
#276 = AXIS2_PLACEMENT_3D('',#277,#278,#279);
#277 = CARTESIAN_POINT('',(0.,0.,360.));
#278 = DIRECTION('',(0.,0.,1.));
#279 = DIRECTION('',(1.,0.,-0.));
#280 = DEFINITIONAL_REPRESENTATION('',(#281),#285);
#281 = LINE('',#282,#283);
#282 = CARTESIAN_POINT('',(0.,0.));
#283 = VECTOR('',#284,1.);
#284 = DIRECTION('',(0.,1.));
#285 = ( GEOMETRIC_REPRESENTATION_CONTEXT(2) 
PARAMETRIC_REPRESENTATION_CONTEXT() REPRESENTATION_CONTEXT('2D SPACE',''
  ) );
#286 = ADVANCED_FACE('',(#287),#301,.T.);
#287 = FACE_BOUND('',#288,.T.);
#288 = EDGE_LOOP('',(#289,#319,#342,#365));
#289 = ORIENTED_EDGE('',*,*,#290,.F.);
#290 = EDGE_CURVE('',#291,#293,#295,.T.);
#291 = VERTEX_POINT('',#292);
#292 = CARTESIAN_POINT('',(132.,0.,0.));
#293 = VERTEX_POINT('',#294);
#294 = CARTESIAN_POINT('',(132.,0.,360.));
#295 = SURFACE_CURVE('',#296,(#300,#312),.PCURVE_S1.);
#296 = LINE('',#297,#298);
#297 = CARTESIAN_POINT('',(132.,0.,0.));
#298 = VECTOR('',#299,1.);
#299 = DIRECTION('',(0.,0.,1.));
#300 = PCURVE('',#301,#306);
#301 = PLANE('',#302);
#302 = AXIS2_PLACEMENT_3D('',#303,#304,#305);
#303 = CARTESIAN_POINT('',(132.,0.,0.));
#304 = DIRECTION('',(1.,0.,-0.));
#305 = DIRECTION('',(0.,0.,1.));
#306 = DEFINITIONAL_REPRESENTATION('',(#307),#311);
#307 = LINE('',#308,#309);
#308 = CARTESIAN_POINT('',(0.,0.));
#309 = VECTOR('',#310,1.);
#310 = DIRECTION('',(1.,0.));
#311 = ( GEOMETRIC_REPRESENTATION_CONTEXT(2) 
PARAMETRIC_REPRESENTATION_CONTEXT() REPRESENTATION_CONTEXT('2D SPACE',''
  ) );
#312 = PCURVE('',#193,#313);
#313 = DEFINITIONAL_REPRESENTATION('',(#314),#318);
#314 = LINE('',#315,#316);
#315 = CARTESIAN_POINT('',(0.,132.));
#316 = VECTOR('',#317,1.);
#317 = DIRECTION('',(1.,0.));
#318 = ( GEOMETRIC_REPRESENTATION_CONTEXT(2) 
PARAMETRIC_REPRESENTATION_CONTEXT() REPRESENTATION_CONTEXT('2D SPACE',''
  ) );
#319 = ORIENTED_EDGE('',*,*,#320,.T.);
#320 = EDGE_CURVE('',#291,#321,#323,.T.);
#321 = VERTEX_POINT('',#322);
#322 = CARTESIAN_POINT('',(132.,116.,0.));
#323 = SURFACE_CURVE('',#324,(#328,#335),.PCURVE_S1.);
#324 = LINE('',#325,#326);
#325 = CARTESIAN_POINT('',(132.,0.,0.));
#326 = VECTOR('',#327,1.);
#327 = DIRECTION('',(-0.,1.,0.));
#328 = PCURVE('',#301,#329);
#329 = DEFINITIONAL_REPRESENTATION('',(#330),#334);
#330 = LINE('',#331,#332);
#331 = CARTESIAN_POINT('',(0.,0.));
#332 = VECTOR('',#333,1.);
#333 = DIRECTION('',(0.,-1.));
#334 = ( GEOMETRIC_REPRESENTATION_CONTEXT(2) 
PARAMETRIC_REPRESENTATION_CONTEXT() REPRESENTATION_CONTEXT('2D SPACE',''
  ) );
#335 = PCURVE('',#221,#336);
#336 = DEFINITIONAL_REPRESENTATION('',(#337),#341);
#337 = LINE('',#338,#339);
#338 = CARTESIAN_POINT('',(132.,0.));
#339 = VECTOR('',#340,1.);
#340 = DIRECTION('',(0.,1.));
#341 = ( GEOMETRIC_REPRESENTATION_CONTEXT(2) 
PARAMETRIC_REPRESENTATION_CONTEXT() REPRESENTATION_CONTEXT('2D SPACE',''
  ) );
#342 = ORIENTED_EDGE('',*,*,#343,.T.);
#343 = EDGE_CURVE('',#321,#344,#346,.T.);
#344 = VERTEX_POINT('',#345);
#345 = CARTESIAN_POINT('',(132.,116.,360.));
#346 = SURFACE_CURVE('',#347,(#351,#358),.PCURVE_S1.);
#347 = LINE('',#348,#349);
#348 = CARTESIAN_POINT('',(132.,116.,0.));
#349 = VECTOR('',#350,1.);
#350 = DIRECTION('',(0.,0.,1.));
#351 = PCURVE('',#301,#352);
#352 = DEFINITIONAL_REPRESENTATION('',(#353),#357);
#353 = LINE('',#354,#355);
#354 = CARTESIAN_POINT('',(0.,-116.));
#355 = VECTOR('',#356,1.);
#356 = DIRECTION('',(1.,0.));
#357 = ( GEOMETRIC_REPRESENTATION_CONTEXT(2) 
PARAMETRIC_REPRESENTATION_CONTEXT() REPRESENTATION_CONTEXT('2D SPACE',''
  ) );
#358 = PCURVE('',#249,#359);
#359 = DEFINITIONAL_REPRESENTATION('',(#360),#364);
#360 = LINE('',#361,#362);
#361 = CARTESIAN_POINT('',(0.,132.));
#362 = VECTOR('',#363,1.);
#363 = DIRECTION('',(1.,0.));
#364 = ( GEOMETRIC_REPRESENTATION_CONTEXT(2) 
PARAMETRIC_REPRESENTATION_CONTEXT() REPRESENTATION_CONTEXT('2D SPACE',''
  ) );
#365 = ORIENTED_EDGE('',*,*,#366,.F.);
#366 = EDGE_CURVE('',#293,#344,#367,.T.);
#367 = SURFACE_CURVE('',#368,(#372,#379),.PCURVE_S1.);
#368 = LINE('',#369,#370);
#369 = CARTESIAN_POINT('',(132.,0.,360.));
#370 = VECTOR('',#371,1.);
#371 = DIRECTION('',(-0.,1.,0.));
#372 = PCURVE('',#301,#373);
#373 = DEFINITIONAL_REPRESENTATION('',(#374),#378);
#374 = LINE('',#375,#376);
#375 = CARTESIAN_POINT('',(360.,0.));
#376 = VECTOR('',#377,1.);
#377 = DIRECTION('',(0.,-1.));
#378 = ( GEOMETRIC_REPRESENTATION_CONTEXT(2) 
PARAMETRIC_REPRESENTATION_CONTEXT() REPRESENTATION_CONTEXT('2D SPACE',''
  ) );
#379 = PCURVE('',#275,#380);
#380 = DEFINITIONAL_REPRESENTATION('',(#381),#385);
#381 = LINE('',#382,#383);
#382 = CARTESIAN_POINT('',(132.,0.));
#383 = VECTOR('',#384,1.);
#384 = DIRECTION('',(0.,1.));
#385 = ( GEOMETRIC_REPRESENTATION_CONTEXT(2) 
PARAMETRIC_REPRESENTATION_CONTEXT() REPRESENTATION_CONTEXT('2D SPACE',''
  ) );
#386 = ADVANCED_FACE('',(#387),#193,.F.);
#387 = FACE_BOUND('',#388,.F.);
#388 = EDGE_LOOP('',(#389,#410,#411,#432));
#389 = ORIENTED_EDGE('',*,*,#390,.F.);
#390 = EDGE_CURVE('',#171,#291,#391,.T.);
#391 = SURFACE_CURVE('',#392,(#396,#403),.PCURVE_S1.);
#392 = LINE('',#393,#394);
#393 = CARTESIAN_POINT('',(0.,0.,0.));
#394 = VECTOR('',#395,1.);
#395 = DIRECTION('',(1.,0.,-0.));
#396 = PCURVE('',#193,#397);
#397 = DEFINITIONAL_REPRESENTATION('',(#398),#402);
#398 = LINE('',#399,#400);
#399 = CARTESIAN_POINT('',(0.,0.));
#400 = VECTOR('',#401,1.);
#401 = DIRECTION('',(0.,1.));
#402 = ( GEOMETRIC_REPRESENTATION_CONTEXT(2) 
PARAMETRIC_REPRESENTATION_CONTEXT() REPRESENTATION_CONTEXT('2D SPACE',''
  ) );
#403 = PCURVE('',#221,#404);
#404 = DEFINITIONAL_REPRESENTATION('',(#405),#409);
#405 = LINE('',#406,#407);
#406 = CARTESIAN_POINT('',(0.,0.));
#407 = VECTOR('',#408,1.);
#408 = DIRECTION('',(1.,0.));
#409 = ( GEOMETRIC_REPRESENTATION_CONTEXT(2) 
PARAMETRIC_REPRESENTATION_CONTEXT() REPRESENTATION_CONTEXT('2D SPACE',''
  ) );
#410 = ORIENTED_EDGE('',*,*,#170,.T.);
#411 = ORIENTED_EDGE('',*,*,#412,.T.);
#412 = EDGE_CURVE('',#173,#293,#413,.T.);
#413 = SURFACE_CURVE('',#414,(#418,#425),.PCURVE_S1.);
#414 = LINE('',#415,#416);
#415 = CARTESIAN_POINT('',(0.,0.,360.));
#416 = VECTOR('',#417,1.);
#417 = DIRECTION('',(1.,0.,-0.));
#418 = PCURVE('',#193,#419);
#419 = DEFINITIONAL_REPRESENTATION('',(#420),#424);
#420 = LINE('',#421,#422);
#421 = CARTESIAN_POINT('',(360.,0.));
#422 = VECTOR('',#423,1.);
#423 = DIRECTION('',(0.,1.));
#424 = ( GEOMETRIC_REPRESENTATION_CONTEXT(2) 
PARAMETRIC_REPRESENTATION_CONTEXT() REPRESENTATION_CONTEXT('2D SPACE',''
  ) );
#425 = PCURVE('',#275,#426);
#426 = DEFINITIONAL_REPRESENTATION('',(#427),#431);
#427 = LINE('',#428,#429);
#428 = CARTESIAN_POINT('',(0.,0.));
#429 = VECTOR('',#430,1.);
#430 = DIRECTION('',(1.,0.));
#431 = ( GEOMETRIC_REPRESENTATION_CONTEXT(2) 
PARAMETRIC_REPRESENTATION_CONTEXT() REPRESENTATION_CONTEXT('2D SPACE',''
  ) );
#432 = ORIENTED_EDGE('',*,*,#290,.F.);
#433 = ADVANCED_FACE('',(#434),#249,.T.);
#434 = FACE_BOUND('',#435,.T.);
#435 = EDGE_LOOP('',(#436,#457,#458,#479));
#436 = ORIENTED_EDGE('',*,*,#437,.F.);
#437 = EDGE_CURVE('',#206,#321,#438,.T.);
#438 = SURFACE_CURVE('',#439,(#443,#450),.PCURVE_S1.);
#439 = LINE('',#440,#441);
#440 = CARTESIAN_POINT('',(0.,116.,0.));
#441 = VECTOR('',#442,1.);
#442 = DIRECTION('',(1.,0.,-0.));
#443 = PCURVE('',#249,#444);
#444 = DEFINITIONAL_REPRESENTATION('',(#445),#449);
#445 = LINE('',#446,#447);
#446 = CARTESIAN_POINT('',(0.,0.));
#447 = VECTOR('',#448,1.);
#448 = DIRECTION('',(0.,1.));
#449 = ( GEOMETRIC_REPRESENTATION_CONTEXT(2) 
PARAMETRIC_REPRESENTATION_CONTEXT() REPRESENTATION_CONTEXT('2D SPACE',''
  ) );
#450 = PCURVE('',#221,#451);
#451 = DEFINITIONAL_REPRESENTATION('',(#452),#456);
#452 = LINE('',#453,#454);
#453 = CARTESIAN_POINT('',(0.,116.));
#454 = VECTOR('',#455,1.);
#455 = DIRECTION('',(1.,0.));
#456 = ( GEOMETRIC_REPRESENTATION_CONTEXT(2) 
PARAMETRIC_REPRESENTATION_CONTEXT() REPRESENTATION_CONTEXT('2D SPACE',''
  ) );
#457 = ORIENTED_EDGE('',*,*,#233,.T.);
#458 = ORIENTED_EDGE('',*,*,#459,.T.);
#459 = EDGE_CURVE('',#234,#344,#460,.T.);
#460 = SURFACE_CURVE('',#461,(#465,#472),.PCURVE_S1.);
#461 = LINE('',#462,#463);
#462 = CARTESIAN_POINT('',(0.,116.,360.));
#463 = VECTOR('',#464,1.);
#464 = DIRECTION('',(1.,0.,-0.));
#465 = PCURVE('',#249,#466);
#466 = DEFINITIONAL_REPRESENTATION('',(#467),#471);
#467 = LINE('',#468,#469);
#468 = CARTESIAN_POINT('',(360.,0.));
#469 = VECTOR('',#470,1.);
#470 = DIRECTION('',(0.,1.));
#471 = ( GEOMETRIC_REPRESENTATION_CONTEXT(2) 
PARAMETRIC_REPRESENTATION_CONTEXT() REPRESENTATION_CONTEXT('2D SPACE',''
  ) );
#472 = PCURVE('',#275,#473);
#473 = DEFINITIONAL_REPRESENTATION('',(#474),#478);
#474 = LINE('',#475,#476);
#475 = CARTESIAN_POINT('',(0.,116.));
#476 = VECTOR('',#477,1.);
#477 = DIRECTION('',(1.,0.));
#478 = ( GEOMETRIC_REPRESENTATION_CONTEXT(2) 
PARAMETRIC_REPRESENTATION_CONTEXT() REPRESENTATION_CONTEXT('2D SPACE',''
  ) );
#479 = ORIENTED_EDGE('',*,*,#343,.F.);
#480 = ADVANCED_FACE('',(#481),#221,.F.);
#481 = FACE_BOUND('',#482,.F.);
#482 = EDGE_LOOP('',(#483,#484,#485,#486));
#483 = ORIENTED_EDGE('',*,*,#205,.F.);
#484 = ORIENTED_EDGE('',*,*,#390,.T.);
#485 = ORIENTED_EDGE('',*,*,#320,.T.);
#486 = ORIENTED_EDGE('',*,*,#437,.F.);
#487 = ADVANCED_FACE('',(#488),#275,.T.);
#488 = FACE_BOUND('',#489,.T.);
#489 = EDGE_LOOP('',(#490,#491,#492,#493));
#490 = ORIENTED_EDGE('',*,*,#261,.F.);
#491 = ORIENTED_EDGE('',*,*,#412,.T.);
#492 = ORIENTED_EDGE('',*,*,#366,.T.);
#493 = ORIENTED_EDGE('',*,*,#459,.F.);
#494 = ( GEOMETRIC_REPRESENTATION_CONTEXT(3) 
GLOBAL_UNCERTAINTY_ASSIGNED_CONTEXT((#498)) GLOBAL_UNIT_ASSIGNED_CONTEXT
((#495,#496,#497)) REPRESENTATION_CONTEXT('Context #1',
  '3D Context with UNIT and UNCERTAINTY') );
#495 = ( LENGTH_UNIT() NAMED_UNIT(*) SI_UNIT(.MILLI.,.METRE.) );
#496 = ( NAMED_UNIT(*) PLANE_ANGLE_UNIT() SI_UNIT($,.RADIAN.) );
#497 = ( NAMED_UNIT(*) SI_UNIT($,.STERADIAN.) SOLID_ANGLE_UNIT() );
#498 = UNCERTAINTY_MEASURE_WITH_UNIT(LENGTH_MEASURE(1.E-07),#495,
  'distance_accuracy_value','confusion accuracy');
#499 = CONTEXT_DEPENDENT_SHAPE_REPRESENTATION(#500,#502);
#500 = ( REPRESENTATION_RELATIONSHIP('','',#163,#140) 
REPRESENTATION_RELATIONSHIP_WITH_TRANSFORMATION(#501) 
SHAPE_REPRESENTATION_RELATIONSHIP() );
#501 = ITEM_DEFINED_TRANSFORMATION('','',#11,#141);
#502 = PRODUCT_DEFINITION_SHAPE('Placement','Placement of an item',#503
  );
#503 = NEXT_ASSEMBLY_USAGE_OCCURRENCE('303','=>[0:1:1:3]','',#135,#158,$
  );
#504 = PRODUCT_RELATED_PRODUCT_CATEGORY('part',$,(#160));
#505 = SHAPE_DEFINITION_REPRESENTATION(#506,#512);
#506 = PRODUCT_DEFINITION_SHAPE('','',#507);
#507 = PRODUCT_DEFINITION('design','',#508,#511);
#508 = PRODUCT_DEFINITION_FORMATION('','',#509);
#509 = PRODUCT('left_forearm_removable_heat_shield_panel',
  'left_forearm_removable_heat_shield_panel','',(#510));
#510 = PRODUCT_CONTEXT('',#2,'mechanical');
#511 = PRODUCT_DEFINITION_CONTEXT('part definition',#2,'design');
#512 = SHAPE_REPRESENTATION('',(#11,#513),#517);
#513 = AXIS2_PLACEMENT_3D('',#514,#515,#516);
#514 = CARTESIAN_POINT('',(-52.,-9.,-143.));
#515 = DIRECTION('',(0.,0.,1.));
#516 = DIRECTION('',(1.,0.,0.));
#517 = ( GEOMETRIC_REPRESENTATION_CONTEXT(3) 
GLOBAL_UNCERTAINTY_ASSIGNED_CONTEXT((#521)) GLOBAL_UNIT_ASSIGNED_CONTEXT
((#518,#519,#520)) REPRESENTATION_CONTEXT('Context #1',
  '3D Context with UNIT and UNCERTAINTY') );
#518 = ( LENGTH_UNIT() NAMED_UNIT(*) SI_UNIT(.MILLI.,.METRE.) );
#519 = ( NAMED_UNIT(*) PLANE_ANGLE_UNIT() SI_UNIT($,.RADIAN.) );
#520 = ( NAMED_UNIT(*) SI_UNIT($,.STERADIAN.) SOLID_ANGLE_UNIT() );
#521 = UNCERTAINTY_MEASURE_WITH_UNIT(LENGTH_MEASURE(1.E-07),#518,
  'distance_accuracy_value','confusion accuracy');
#522 = CONTEXT_DEPENDENT_SHAPE_REPRESENTATION(#523,#525);
#523 = ( REPRESENTATION_RELATIONSHIP('','',#512,#10) 
REPRESENTATION_RELATIONSHIP_WITH_TRANSFORMATION(#524) 
SHAPE_REPRESENTATION_RELATIONSHIP() );
#524 = ITEM_DEFINED_TRANSFORMATION('','',#11,#19);
#525 = PRODUCT_DEFINITION_SHAPE('Placement','Placement of an item',#526
  );
#526 = NEXT_ASSEMBLY_USAGE_OCCURRENCE('306','=>[0:1:1:4]','',#5,#507,$);
#527 = PRODUCT_RELATED_PRODUCT_CATEGORY('part',$,(#509));
#528 = SHAPE_DEFINITION_REPRESENTATION(#529,#535);
#529 = PRODUCT_DEFINITION_SHAPE('','',#530);
#530 = PRODUCT_DEFINITION('design','',#531,#534);
#531 = PRODUCT_DEFINITION_FORMATION('','',#532);
#532 = PRODUCT('SOLID','SOLID','',(#533));
#533 = PRODUCT_CONTEXT('',#2,'mechanical');
#534 = PRODUCT_DEFINITION_CONTEXT('part definition',#2,'design');
#535 = ADVANCED_BREP_SHAPE_REPRESENTATION('',(#11,#536),#866);
#536 = MANIFOLD_SOLID_BREP('',#537);
#537 = CLOSED_SHELL('',(#538,#658,#758,#805,#852,#859));
#538 = ADVANCED_FACE('',(#539),#553,.F.);
#539 = FACE_BOUND('',#540,.F.);
#540 = EDGE_LOOP('',(#541,#576,#604,#632));
#541 = ORIENTED_EDGE('',*,*,#542,.F.);
#542 = EDGE_CURVE('',#543,#545,#547,.T.);
#543 = VERTEX_POINT('',#544);
#544 = CARTESIAN_POINT('',(0.,0.,0.));
#545 = VERTEX_POINT('',#546);
#546 = CARTESIAN_POINT('',(0.,0.,286.));
#547 = SURFACE_CURVE('',#548,(#552,#564),.PCURVE_S1.);
#548 = LINE('',#549,#550);
#549 = CARTESIAN_POINT('',(0.,0.,0.));
#550 = VECTOR('',#551,1.);
#551 = DIRECTION('',(0.,0.,1.));
#552 = PCURVE('',#553,#558);
#553 = PLANE('',#554);
#554 = AXIS2_PLACEMENT_3D('',#555,#556,#557);
#555 = CARTESIAN_POINT('',(0.,0.,0.));
#556 = DIRECTION('',(1.,0.,-0.));
#557 = DIRECTION('',(0.,0.,1.));
#558 = DEFINITIONAL_REPRESENTATION('',(#559),#563);
#559 = LINE('',#560,#561);
#560 = CARTESIAN_POINT('',(0.,0.));
#561 = VECTOR('',#562,1.);
#562 = DIRECTION('',(1.,0.));
#563 = ( GEOMETRIC_REPRESENTATION_CONTEXT(2) 
PARAMETRIC_REPRESENTATION_CONTEXT() REPRESENTATION_CONTEXT('2D SPACE',''
  ) );
#564 = PCURVE('',#565,#570);
#565 = PLANE('',#566);
#566 = AXIS2_PLACEMENT_3D('',#567,#568,#569);
#567 = CARTESIAN_POINT('',(0.,0.,0.));
#568 = DIRECTION('',(-0.,1.,0.));
#569 = DIRECTION('',(0.,0.,1.));
#570 = DEFINITIONAL_REPRESENTATION('',(#571),#575);
#571 = LINE('',#572,#573);
#572 = CARTESIAN_POINT('',(0.,0.));
#573 = VECTOR('',#574,1.);
#574 = DIRECTION('',(1.,0.));
#575 = ( GEOMETRIC_REPRESENTATION_CONTEXT(2) 
PARAMETRIC_REPRESENTATION_CONTEXT() REPRESENTATION_CONTEXT('2D SPACE',''
  ) );
#576 = ORIENTED_EDGE('',*,*,#577,.T.);
#577 = EDGE_CURVE('',#543,#578,#580,.T.);
#578 = VERTEX_POINT('',#579);
#579 = CARTESIAN_POINT('',(0.,18.,0.));
#580 = SURFACE_CURVE('',#581,(#585,#592),.PCURVE_S1.);
#581 = LINE('',#582,#583);
#582 = CARTESIAN_POINT('',(0.,0.,0.));
#583 = VECTOR('',#584,1.);
#584 = DIRECTION('',(-0.,1.,0.));
#585 = PCURVE('',#553,#586);
#586 = DEFINITIONAL_REPRESENTATION('',(#587),#591);
#587 = LINE('',#588,#589);
#588 = CARTESIAN_POINT('',(0.,0.));
#589 = VECTOR('',#590,1.);
#590 = DIRECTION('',(0.,-1.));
#591 = ( GEOMETRIC_REPRESENTATION_CONTEXT(2) 
PARAMETRIC_REPRESENTATION_CONTEXT() REPRESENTATION_CONTEXT('2D SPACE',''
  ) );
#592 = PCURVE('',#593,#598);
#593 = PLANE('',#594);
#594 = AXIS2_PLACEMENT_3D('',#595,#596,#597);
#595 = CARTESIAN_POINT('',(0.,0.,0.));
#596 = DIRECTION('',(0.,0.,1.));
#597 = DIRECTION('',(1.,0.,-0.));
#598 = DEFINITIONAL_REPRESENTATION('',(#599),#603);
#599 = LINE('',#600,#601);
#600 = CARTESIAN_POINT('',(0.,0.));
#601 = VECTOR('',#602,1.);
#602 = DIRECTION('',(0.,1.));
#603 = ( GEOMETRIC_REPRESENTATION_CONTEXT(2) 
PARAMETRIC_REPRESENTATION_CONTEXT() REPRESENTATION_CONTEXT('2D SPACE',''
  ) );
#604 = ORIENTED_EDGE('',*,*,#605,.T.);
#605 = EDGE_CURVE('',#578,#606,#608,.T.);
#606 = VERTEX_POINT('',#607);
#607 = CARTESIAN_POINT('',(0.,18.,286.));
#608 = SURFACE_CURVE('',#609,(#613,#620),.PCURVE_S1.);
#609 = LINE('',#610,#611);
#610 = CARTESIAN_POINT('',(0.,18.,0.));
#611 = VECTOR('',#612,1.);
#612 = DIRECTION('',(0.,0.,1.));
#613 = PCURVE('',#553,#614);
#614 = DEFINITIONAL_REPRESENTATION('',(#615),#619);
#615 = LINE('',#616,#617);
#616 = CARTESIAN_POINT('',(0.,-18.));
#617 = VECTOR('',#618,1.);
#618 = DIRECTION('',(1.,0.));
#619 = ( GEOMETRIC_REPRESENTATION_CONTEXT(2) 
PARAMETRIC_REPRESENTATION_CONTEXT() REPRESENTATION_CONTEXT('2D SPACE',''
  ) );
#620 = PCURVE('',#621,#626);
#621 = PLANE('',#622);
#622 = AXIS2_PLACEMENT_3D('',#623,#624,#625);
#623 = CARTESIAN_POINT('',(0.,18.,0.));
#624 = DIRECTION('',(-0.,1.,0.));
#625 = DIRECTION('',(0.,0.,1.));
#626 = DEFINITIONAL_REPRESENTATION('',(#627),#631);
#627 = LINE('',#628,#629);
#628 = CARTESIAN_POINT('',(0.,0.));
#629 = VECTOR('',#630,1.);
#630 = DIRECTION('',(1.,0.));
#631 = ( GEOMETRIC_REPRESENTATION_CONTEXT(2) 
PARAMETRIC_REPRESENTATION_CONTEXT() REPRESENTATION_CONTEXT('2D SPACE',''
  ) );
#632 = ORIENTED_EDGE('',*,*,#633,.F.);
#633 = EDGE_CURVE('',#545,#606,#634,.T.);
#634 = SURFACE_CURVE('',#635,(#639,#646),.PCURVE_S1.);
#635 = LINE('',#636,#637);
#636 = CARTESIAN_POINT('',(0.,0.,286.));
#637 = VECTOR('',#638,1.);
#638 = DIRECTION('',(-0.,1.,0.));
#639 = PCURVE('',#553,#640);
#640 = DEFINITIONAL_REPRESENTATION('',(#641),#645);
#641 = LINE('',#642,#643);
#642 = CARTESIAN_POINT('',(286.,0.));
#643 = VECTOR('',#644,1.);
#644 = DIRECTION('',(0.,-1.));
#645 = ( GEOMETRIC_REPRESENTATION_CONTEXT(2) 
PARAMETRIC_REPRESENTATION_CONTEXT() REPRESENTATION_CONTEXT('2D SPACE',''
  ) );
#646 = PCURVE('',#647,#652);
#647 = PLANE('',#648);
#648 = AXIS2_PLACEMENT_3D('',#649,#650,#651);
#649 = CARTESIAN_POINT('',(0.,0.,286.));
#650 = DIRECTION('',(0.,0.,1.));
#651 = DIRECTION('',(1.,0.,-0.));
#652 = DEFINITIONAL_REPRESENTATION('',(#653),#657);
#653 = LINE('',#654,#655);
#654 = CARTESIAN_POINT('',(0.,0.));
#655 = VECTOR('',#656,1.);
#656 = DIRECTION('',(0.,1.));
#657 = ( GEOMETRIC_REPRESENTATION_CONTEXT(2) 
PARAMETRIC_REPRESENTATION_CONTEXT() REPRESENTATION_CONTEXT('2D SPACE',''
  ) );
#658 = ADVANCED_FACE('',(#659),#673,.T.);
#659 = FACE_BOUND('',#660,.T.);
#660 = EDGE_LOOP('',(#661,#691,#714,#737));
#661 = ORIENTED_EDGE('',*,*,#662,.F.);
#662 = EDGE_CURVE('',#663,#665,#667,.T.);
#663 = VERTEX_POINT('',#664);
#664 = CARTESIAN_POINT('',(104.,0.,0.));
#665 = VERTEX_POINT('',#666);
#666 = CARTESIAN_POINT('',(104.,0.,286.));
#667 = SURFACE_CURVE('',#668,(#672,#684),.PCURVE_S1.);
#668 = LINE('',#669,#670);
#669 = CARTESIAN_POINT('',(104.,0.,0.));
#670 = VECTOR('',#671,1.);
#671 = DIRECTION('',(0.,0.,1.));
#672 = PCURVE('',#673,#678);
#673 = PLANE('',#674);
#674 = AXIS2_PLACEMENT_3D('',#675,#676,#677);
#675 = CARTESIAN_POINT('',(104.,0.,0.));
#676 = DIRECTION('',(1.,0.,-0.));
#677 = DIRECTION('',(0.,0.,1.));
#678 = DEFINITIONAL_REPRESENTATION('',(#679),#683);
#679 = LINE('',#680,#681);
#680 = CARTESIAN_POINT('',(0.,0.));
#681 = VECTOR('',#682,1.);
#682 = DIRECTION('',(1.,0.));
#683 = ( GEOMETRIC_REPRESENTATION_CONTEXT(2) 
PARAMETRIC_REPRESENTATION_CONTEXT() REPRESENTATION_CONTEXT('2D SPACE',''
  ) );
#684 = PCURVE('',#565,#685);
#685 = DEFINITIONAL_REPRESENTATION('',(#686),#690);
#686 = LINE('',#687,#688);
#687 = CARTESIAN_POINT('',(0.,104.));
#688 = VECTOR('',#689,1.);
#689 = DIRECTION('',(1.,0.));
#690 = ( GEOMETRIC_REPRESENTATION_CONTEXT(2) 
PARAMETRIC_REPRESENTATION_CONTEXT() REPRESENTATION_CONTEXT('2D SPACE',''
  ) );
#691 = ORIENTED_EDGE('',*,*,#692,.T.);
#692 = EDGE_CURVE('',#663,#693,#695,.T.);
#693 = VERTEX_POINT('',#694);
#694 = CARTESIAN_POINT('',(104.,18.,0.));
#695 = SURFACE_CURVE('',#696,(#700,#707),.PCURVE_S1.);
#696 = LINE('',#697,#698);
#697 = CARTESIAN_POINT('',(104.,0.,0.));
#698 = VECTOR('',#699,1.);
#699 = DIRECTION('',(-0.,1.,0.));
#700 = PCURVE('',#673,#701);
#701 = DEFINITIONAL_REPRESENTATION('',(#702),#706);
#702 = LINE('',#703,#704);
#703 = CARTESIAN_POINT('',(0.,0.));
#704 = VECTOR('',#705,1.);
#705 = DIRECTION('',(0.,-1.));
#706 = ( GEOMETRIC_REPRESENTATION_CONTEXT(2) 
PARAMETRIC_REPRESENTATION_CONTEXT() REPRESENTATION_CONTEXT('2D SPACE',''
  ) );
#707 = PCURVE('',#593,#708);
#708 = DEFINITIONAL_REPRESENTATION('',(#709),#713);
#709 = LINE('',#710,#711);
#710 = CARTESIAN_POINT('',(104.,0.));
#711 = VECTOR('',#712,1.);
#712 = DIRECTION('',(0.,1.));
#713 = ( GEOMETRIC_REPRESENTATION_CONTEXT(2) 
PARAMETRIC_REPRESENTATION_CONTEXT() REPRESENTATION_CONTEXT('2D SPACE',''
  ) );
#714 = ORIENTED_EDGE('',*,*,#715,.T.);
#715 = EDGE_CURVE('',#693,#716,#718,.T.);
#716 = VERTEX_POINT('',#717);
#717 = CARTESIAN_POINT('',(104.,18.,286.));
#718 = SURFACE_CURVE('',#719,(#723,#730),.PCURVE_S1.);
#719 = LINE('',#720,#721);
#720 = CARTESIAN_POINT('',(104.,18.,0.));
#721 = VECTOR('',#722,1.);
#722 = DIRECTION('',(0.,0.,1.));
#723 = PCURVE('',#673,#724);
#724 = DEFINITIONAL_REPRESENTATION('',(#725),#729);
#725 = LINE('',#726,#727);
#726 = CARTESIAN_POINT('',(0.,-18.));
#727 = VECTOR('',#728,1.);
#728 = DIRECTION('',(1.,0.));
#729 = ( GEOMETRIC_REPRESENTATION_CONTEXT(2) 
PARAMETRIC_REPRESENTATION_CONTEXT() REPRESENTATION_CONTEXT('2D SPACE',''
  ) );
#730 = PCURVE('',#621,#731);
#731 = DEFINITIONAL_REPRESENTATION('',(#732),#736);
#732 = LINE('',#733,#734);
#733 = CARTESIAN_POINT('',(0.,104.));
#734 = VECTOR('',#735,1.);
#735 = DIRECTION('',(1.,0.));
#736 = ( GEOMETRIC_REPRESENTATION_CONTEXT(2) 
PARAMETRIC_REPRESENTATION_CONTEXT() REPRESENTATION_CONTEXT('2D SPACE',''
  ) );
#737 = ORIENTED_EDGE('',*,*,#738,.F.);
#738 = EDGE_CURVE('',#665,#716,#739,.T.);
#739 = SURFACE_CURVE('',#740,(#744,#751),.PCURVE_S1.);
#740 = LINE('',#741,#742);
#741 = CARTESIAN_POINT('',(104.,0.,286.));
#742 = VECTOR('',#743,1.);
#743 = DIRECTION('',(-0.,1.,0.));
#744 = PCURVE('',#673,#745);
#745 = DEFINITIONAL_REPRESENTATION('',(#746),#750);
#746 = LINE('',#747,#748);
#747 = CARTESIAN_POINT('',(286.,0.));
#748 = VECTOR('',#749,1.);
#749 = DIRECTION('',(0.,-1.));
#750 = ( GEOMETRIC_REPRESENTATION_CONTEXT(2) 
PARAMETRIC_REPRESENTATION_CONTEXT() REPRESENTATION_CONTEXT('2D SPACE',''
  ) );
#751 = PCURVE('',#647,#752);
#752 = DEFINITIONAL_REPRESENTATION('',(#753),#757);
#753 = LINE('',#754,#755);
#754 = CARTESIAN_POINT('',(104.,0.));
#755 = VECTOR('',#756,1.);
#756 = DIRECTION('',(0.,1.));
#757 = ( GEOMETRIC_REPRESENTATION_CONTEXT(2) 
PARAMETRIC_REPRESENTATION_CONTEXT() REPRESENTATION_CONTEXT('2D SPACE',''
  ) );
#758 = ADVANCED_FACE('',(#759),#565,.F.);
#759 = FACE_BOUND('',#760,.F.);
#760 = EDGE_LOOP('',(#761,#782,#783,#804));
#761 = ORIENTED_EDGE('',*,*,#762,.F.);
#762 = EDGE_CURVE('',#543,#663,#763,.T.);
#763 = SURFACE_CURVE('',#764,(#768,#775),.PCURVE_S1.);
#764 = LINE('',#765,#766);
#765 = CARTESIAN_POINT('',(0.,0.,0.));
#766 = VECTOR('',#767,1.);
#767 = DIRECTION('',(1.,0.,-0.));
#768 = PCURVE('',#565,#769);
#769 = DEFINITIONAL_REPRESENTATION('',(#770),#774);
#770 = LINE('',#771,#772);
#771 = CARTESIAN_POINT('',(0.,0.));
#772 = VECTOR('',#773,1.);
#773 = DIRECTION('',(0.,1.));
#774 = ( GEOMETRIC_REPRESENTATION_CONTEXT(2) 
PARAMETRIC_REPRESENTATION_CONTEXT() REPRESENTATION_CONTEXT('2D SPACE',''
  ) );
#775 = PCURVE('',#593,#776);
#776 = DEFINITIONAL_REPRESENTATION('',(#777),#781);
#777 = LINE('',#778,#779);
#778 = CARTESIAN_POINT('',(0.,0.));
#779 = VECTOR('',#780,1.);
#780 = DIRECTION('',(1.,0.));
#781 = ( GEOMETRIC_REPRESENTATION_CONTEXT(2) 
PARAMETRIC_REPRESENTATION_CONTEXT() REPRESENTATION_CONTEXT('2D SPACE',''
  ) );
#782 = ORIENTED_EDGE('',*,*,#542,.T.);
#783 = ORIENTED_EDGE('',*,*,#784,.T.);
#784 = EDGE_CURVE('',#545,#665,#785,.T.);
#785 = SURFACE_CURVE('',#786,(#790,#797),.PCURVE_S1.);
#786 = LINE('',#787,#788);
#787 = CARTESIAN_POINT('',(0.,0.,286.));
#788 = VECTOR('',#789,1.);
#789 = DIRECTION('',(1.,0.,-0.));
#790 = PCURVE('',#565,#791);
#791 = DEFINITIONAL_REPRESENTATION('',(#792),#796);
#792 = LINE('',#793,#794);
#793 = CARTESIAN_POINT('',(286.,0.));
#794 = VECTOR('',#795,1.);
#795 = DIRECTION('',(0.,1.));
#796 = ( GEOMETRIC_REPRESENTATION_CONTEXT(2) 
PARAMETRIC_REPRESENTATION_CONTEXT() REPRESENTATION_CONTEXT('2D SPACE',''
  ) );
#797 = PCURVE('',#647,#798);
#798 = DEFINITIONAL_REPRESENTATION('',(#799),#803);
#799 = LINE('',#800,#801);
#800 = CARTESIAN_POINT('',(0.,0.));
#801 = VECTOR('',#802,1.);
#802 = DIRECTION('',(1.,0.));
#803 = ( GEOMETRIC_REPRESENTATION_CONTEXT(2) 
PARAMETRIC_REPRESENTATION_CONTEXT() REPRESENTATION_CONTEXT('2D SPACE',''
  ) );
#804 = ORIENTED_EDGE('',*,*,#662,.F.);
#805 = ADVANCED_FACE('',(#806),#621,.T.);
#806 = FACE_BOUND('',#807,.T.);
#807 = EDGE_LOOP('',(#808,#829,#830,#851));
#808 = ORIENTED_EDGE('',*,*,#809,.F.);
#809 = EDGE_CURVE('',#578,#693,#810,.T.);
#810 = SURFACE_CURVE('',#811,(#815,#822),.PCURVE_S1.);
#811 = LINE('',#812,#813);
#812 = CARTESIAN_POINT('',(0.,18.,0.));
#813 = VECTOR('',#814,1.);
#814 = DIRECTION('',(1.,0.,-0.));
#815 = PCURVE('',#621,#816);
#816 = DEFINITIONAL_REPRESENTATION('',(#817),#821);
#817 = LINE('',#818,#819);
#818 = CARTESIAN_POINT('',(0.,0.));
#819 = VECTOR('',#820,1.);
#820 = DIRECTION('',(0.,1.));
#821 = ( GEOMETRIC_REPRESENTATION_CONTEXT(2) 
PARAMETRIC_REPRESENTATION_CONTEXT() REPRESENTATION_CONTEXT('2D SPACE',''
  ) );
#822 = PCURVE('',#593,#823);
#823 = DEFINITIONAL_REPRESENTATION('',(#824),#828);
#824 = LINE('',#825,#826);
#825 = CARTESIAN_POINT('',(0.,18.));
#826 = VECTOR('',#827,1.);
#827 = DIRECTION('',(1.,0.));
#828 = ( GEOMETRIC_REPRESENTATION_CONTEXT(2) 
PARAMETRIC_REPRESENTATION_CONTEXT() REPRESENTATION_CONTEXT('2D SPACE',''
  ) );
#829 = ORIENTED_EDGE('',*,*,#605,.T.);
#830 = ORIENTED_EDGE('',*,*,#831,.T.);
#831 = EDGE_CURVE('',#606,#716,#832,.T.);
#832 = SURFACE_CURVE('',#833,(#837,#844),.PCURVE_S1.);
#833 = LINE('',#834,#835);
#834 = CARTESIAN_POINT('',(0.,18.,286.));
#835 = VECTOR('',#836,1.);
#836 = DIRECTION('',(1.,0.,-0.));
#837 = PCURVE('',#621,#838);
#838 = DEFINITIONAL_REPRESENTATION('',(#839),#843);
#839 = LINE('',#840,#841);
#840 = CARTESIAN_POINT('',(286.,0.));
#841 = VECTOR('',#842,1.);
#842 = DIRECTION('',(0.,1.));
#843 = ( GEOMETRIC_REPRESENTATION_CONTEXT(2) 
PARAMETRIC_REPRESENTATION_CONTEXT() REPRESENTATION_CONTEXT('2D SPACE',''
  ) );
#844 = PCURVE('',#647,#845);
#845 = DEFINITIONAL_REPRESENTATION('',(#846),#850);
#846 = LINE('',#847,#848);
#847 = CARTESIAN_POINT('',(0.,18.));
#848 = VECTOR('',#849,1.);
#849 = DIRECTION('',(1.,0.));
#850 = ( GEOMETRIC_REPRESENTATION_CONTEXT(2) 
PARAMETRIC_REPRESENTATION_CONTEXT() REPRESENTATION_CONTEXT('2D SPACE',''
  ) );
#851 = ORIENTED_EDGE('',*,*,#715,.F.);
#852 = ADVANCED_FACE('',(#853),#593,.F.);
#853 = FACE_BOUND('',#854,.F.);
#854 = EDGE_LOOP('',(#855,#856,#857,#858));
#855 = ORIENTED_EDGE('',*,*,#577,.F.);
#856 = ORIENTED_EDGE('',*,*,#762,.T.);
#857 = ORIENTED_EDGE('',*,*,#692,.T.);
#858 = ORIENTED_EDGE('',*,*,#809,.F.);
#859 = ADVANCED_FACE('',(#860),#647,.T.);
#860 = FACE_BOUND('',#861,.T.);
#861 = EDGE_LOOP('',(#862,#863,#864,#865));
#862 = ORIENTED_EDGE('',*,*,#633,.F.);
#863 = ORIENTED_EDGE('',*,*,#784,.T.);
#864 = ORIENTED_EDGE('',*,*,#738,.T.);
#865 = ORIENTED_EDGE('',*,*,#831,.F.);
#866 = ( GEOMETRIC_REPRESENTATION_CONTEXT(3) 
GLOBAL_UNCERTAINTY_ASSIGNED_CONTEXT((#870)) GLOBAL_UNIT_ASSIGNED_CONTEXT
((#867,#868,#869)) REPRESENTATION_CONTEXT('Context #1',
  '3D Context with UNIT and UNCERTAINTY') );
#867 = ( LENGTH_UNIT() NAMED_UNIT(*) SI_UNIT(.MILLI.,.METRE.) );
#868 = ( NAMED_UNIT(*) PLANE_ANGLE_UNIT() SI_UNIT($,.RADIAN.) );
#869 = ( NAMED_UNIT(*) SI_UNIT($,.STERADIAN.) SOLID_ANGLE_UNIT() );
#870 = UNCERTAINTY_MEASURE_WITH_UNIT(LENGTH_MEASURE(1.E-07),#867,
  'distance_accuracy_value','confusion accuracy');
#871 = CONTEXT_DEPENDENT_SHAPE_REPRESENTATION(#872,#874);
#872 = ( REPRESENTATION_RELATIONSHIP('','',#535,#512) 
REPRESENTATION_RELATIONSHIP_WITH_TRANSFORMATION(#873) 
SHAPE_REPRESENTATION_RELATIONSHIP() );
#873 = ITEM_DEFINED_TRANSFORMATION('','',#11,#513);
#874 = PRODUCT_DEFINITION_SHAPE('Placement','Placement of an item',#875
  );
#875 = NEXT_ASSEMBLY_USAGE_OCCURRENCE('305','=>[0:1:1:5]','',#507,#530,$
  );
#876 = PRODUCT_RELATED_PRODUCT_CATEGORY('part',$,(#532));
#877 = SHAPE_DEFINITION_REPRESENTATION(#878,#884);
#878 = PRODUCT_DEFINITION_SHAPE('','',#879);
#879 = PRODUCT_DEFINITION('design','',#880,#883);
#880 = PRODUCT_DEFINITION_FORMATION('','',#881);
#881 = PRODUCT('left_forearm_vectoring_nozzle_outer_ring',
  'left_forearm_vectoring_nozzle_outer_ring','',(#882));
#882 = PRODUCT_CONTEXT('',#2,'mechanical');
#883 = PRODUCT_DEFINITION_CONTEXT('part definition',#2,'design');
#884 = SHAPE_REPRESENTATION('',(#11,#885),#889);
#885 = AXIS2_PLACEMENT_3D('',#886,#887,#888);
#886 = CARTESIAN_POINT('',(0.,0.,0.));
#887 = DIRECTION('',(0.,0.,1.));
#888 = DIRECTION('',(1.,0.,-0.));
#889 = ( GEOMETRIC_REPRESENTATION_CONTEXT(3) 
GLOBAL_UNCERTAINTY_ASSIGNED_CONTEXT((#893)) GLOBAL_UNIT_ASSIGNED_CONTEXT
((#890,#891,#892)) REPRESENTATION_CONTEXT('Context #1',
  '3D Context with UNIT and UNCERTAINTY') );
#890 = ( LENGTH_UNIT() NAMED_UNIT(*) SI_UNIT(.MILLI.,.METRE.) );
#891 = ( NAMED_UNIT(*) PLANE_ANGLE_UNIT() SI_UNIT($,.RADIAN.) );
#892 = ( NAMED_UNIT(*) SI_UNIT($,.STERADIAN.) SOLID_ANGLE_UNIT() );
#893 = UNCERTAINTY_MEASURE_WITH_UNIT(LENGTH_MEASURE(1.E-07),#890,
  'distance_accuracy_value','confusion accuracy');
#894 = CONTEXT_DEPENDENT_SHAPE_REPRESENTATION(#895,#897);
#895 = ( REPRESENTATION_RELATIONSHIP('','',#884,#10) 
REPRESENTATION_RELATIONSHIP_WITH_TRANSFORMATION(#896) 
SHAPE_REPRESENTATION_RELATIONSHIP() );
#896 = ITEM_DEFINED_TRANSFORMATION('','',#11,#23);
#897 = PRODUCT_DEFINITION_SHAPE('Placement','Placement of an item',#898
  );
#898 = NEXT_ASSEMBLY_USAGE_OCCURRENCE('308','=>[0:1:1:6]','',#5,#879,$);
#899 = PRODUCT_RELATED_PRODUCT_CATEGORY('part',$,(#881));
#900 = SHAPE_DEFINITION_REPRESENTATION(#901,#907);
#901 = PRODUCT_DEFINITION_SHAPE('','',#902);
#902 = PRODUCT_DEFINITION('design','',#903,#906);
#903 = PRODUCT_DEFINITION_FORMATION('','',#904);
#904 = PRODUCT('SOLID','SOLID','',(#905));
#905 = PRODUCT_CONTEXT('',#2,'mechanical');
#906 = PRODUCT_DEFINITION_CONTEXT('part definition',#2,'design');
#907 = ADVANCED_BREP_SHAPE_REPRESENTATION('',(#11,#908),#1090);
#908 = MANIFOLD_SOLID_BREP('',#909);
#909 = CLOSED_SHELL('',(#910,#998,#1033,#1063));
#910 = ADVANCED_FACE('',(#911),#924,.T.);
#911 = FACE_BOUND('',#912,.T.);
#912 = EDGE_LOOP('',(#913,#947,#970,#997));
#913 = ORIENTED_EDGE('',*,*,#914,.F.);
#914 = EDGE_CURVE('',#915,#915,#917,.T.);
#915 = VERTEX_POINT('',#916);
#916 = CARTESIAN_POINT('',(72.,-1.763491390772E-14,26.));
#917 = SURFACE_CURVE('',#918,(#923,#935),.PCURVE_S1.);
#918 = CIRCLE('',#919,72.);
#919 = AXIS2_PLACEMENT_3D('',#920,#921,#922);
#920 = CARTESIAN_POINT('',(0.,0.,26.));
#921 = DIRECTION('',(0.,0.,1.));
#922 = DIRECTION('',(1.,0.,0.));
#923 = PCURVE('',#924,#929);
#924 = CYLINDRICAL_SURFACE('',#925,72.);
#925 = AXIS2_PLACEMENT_3D('',#926,#927,#928);
#926 = CARTESIAN_POINT('',(0.,0.,-26.));
#927 = DIRECTION('',(0.,0.,1.));
#928 = DIRECTION('',(1.,0.,0.));
#929 = DEFINITIONAL_REPRESENTATION('',(#930),#934);
#930 = LINE('',#931,#932);
#931 = CARTESIAN_POINT('',(0.,52.));
#932 = VECTOR('',#933,1.);
#933 = DIRECTION('',(1.,0.));
#934 = ( GEOMETRIC_REPRESENTATION_CONTEXT(2) 
PARAMETRIC_REPRESENTATION_CONTEXT() REPRESENTATION_CONTEXT('2D SPACE',''
  ) );
#935 = PCURVE('',#936,#941);
#936 = PLANE('',#937);
#937 = AXIS2_PLACEMENT_3D('',#938,#939,#940);
#938 = CARTESIAN_POINT('',(0.,0.,26.));
#939 = DIRECTION('',(0.,0.,1.));
#940 = DIRECTION('',(1.,0.,0.));
#941 = DEFINITIONAL_REPRESENTATION('',(#942),#946);
#942 = CIRCLE('',#943,72.);
#943 = AXIS2_PLACEMENT_2D('',#944,#945);
#944 = CARTESIAN_POINT('',(0.,0.));
#945 = DIRECTION('',(1.,0.));
#946 = ( GEOMETRIC_REPRESENTATION_CONTEXT(2) 
PARAMETRIC_REPRESENTATION_CONTEXT() REPRESENTATION_CONTEXT('2D SPACE',''
  ) );
#947 = ORIENTED_EDGE('',*,*,#948,.F.);
#948 = EDGE_CURVE('',#949,#915,#951,.T.);
#949 = VERTEX_POINT('',#950);
#950 = CARTESIAN_POINT('',(72.,-1.763491390772E-14,-26.));
#951 = SEAM_CURVE('',#952,(#956,#963),.PCURVE_S1.);
#952 = LINE('',#953,#954);
#953 = CARTESIAN_POINT('',(72.,-1.763491390772E-14,-26.));
#954 = VECTOR('',#955,1.);
#955 = DIRECTION('',(0.,0.,1.));
#956 = PCURVE('',#924,#957);
#957 = DEFINITIONAL_REPRESENTATION('',(#958),#962);
#958 = LINE('',#959,#960);
#959 = CARTESIAN_POINT('',(6.28318530718,-0.));
#960 = VECTOR('',#961,1.);
#961 = DIRECTION('',(0.,1.));
#962 = ( GEOMETRIC_REPRESENTATION_CONTEXT(2) 
PARAMETRIC_REPRESENTATION_CONTEXT() REPRESENTATION_CONTEXT('2D SPACE',''
  ) );
#963 = PCURVE('',#924,#964);
#964 = DEFINITIONAL_REPRESENTATION('',(#965),#969);
#965 = LINE('',#966,#967);
#966 = CARTESIAN_POINT('',(0.,-0.));
#967 = VECTOR('',#968,1.);
#968 = DIRECTION('',(0.,1.));
#969 = ( GEOMETRIC_REPRESENTATION_CONTEXT(2) 
PARAMETRIC_REPRESENTATION_CONTEXT() REPRESENTATION_CONTEXT('2D SPACE',''
  ) );
#970 = ORIENTED_EDGE('',*,*,#971,.T.);
#971 = EDGE_CURVE('',#949,#949,#972,.T.);
#972 = SURFACE_CURVE('',#973,(#978,#985),.PCURVE_S1.);
#973 = CIRCLE('',#974,72.);
#974 = AXIS2_PLACEMENT_3D('',#975,#976,#977);
#975 = CARTESIAN_POINT('',(0.,0.,-26.));
#976 = DIRECTION('',(0.,0.,1.));
#977 = DIRECTION('',(1.,0.,0.));
#978 = PCURVE('',#924,#979);
#979 = DEFINITIONAL_REPRESENTATION('',(#980),#984);
#980 = LINE('',#981,#982);
#981 = CARTESIAN_POINT('',(0.,0.));
#982 = VECTOR('',#983,1.);
#983 = DIRECTION('',(1.,0.));
#984 = ( GEOMETRIC_REPRESENTATION_CONTEXT(2) 
PARAMETRIC_REPRESENTATION_CONTEXT() REPRESENTATION_CONTEXT('2D SPACE',''
  ) );
#985 = PCURVE('',#986,#991);
#986 = PLANE('',#987);
#987 = AXIS2_PLACEMENT_3D('',#988,#989,#990);
#988 = CARTESIAN_POINT('',(0.,0.,-26.));
#989 = DIRECTION('',(0.,0.,1.));
#990 = DIRECTION('',(1.,0.,0.));
#991 = DEFINITIONAL_REPRESENTATION('',(#992),#996);
#992 = CIRCLE('',#993,72.);
#993 = AXIS2_PLACEMENT_2D('',#994,#995);
#994 = CARTESIAN_POINT('',(0.,0.));
#995 = DIRECTION('',(1.,0.));
#996 = ( GEOMETRIC_REPRESENTATION_CONTEXT(2) 
PARAMETRIC_REPRESENTATION_CONTEXT() REPRESENTATION_CONTEXT('2D SPACE',''
  ) );
#997 = ORIENTED_EDGE('',*,*,#948,.T.);
#998 = ADVANCED_FACE('',(#999,#1002),#936,.T.);
#999 = FACE_BOUND('',#1000,.T.);
#1000 = EDGE_LOOP('',(#1001));
#1001 = ORIENTED_EDGE('',*,*,#914,.T.);
#1002 = FACE_BOUND('',#1003,.T.);
#1003 = EDGE_LOOP('',(#1004));
#1004 = ORIENTED_EDGE('',*,*,#1005,.F.);
#1005 = EDGE_CURVE('',#1006,#1006,#1008,.T.);
#1006 = VERTEX_POINT('',#1007);
#1007 = CARTESIAN_POINT('',(42.,-1.028703311284E-14,26.));
#1008 = SURFACE_CURVE('',#1009,(#1014,#1021),.PCURVE_S1.);
#1009 = CIRCLE('',#1010,42.);
#1010 = AXIS2_PLACEMENT_3D('',#1011,#1012,#1013);
#1011 = CARTESIAN_POINT('',(0.,0.,26.));
#1012 = DIRECTION('',(0.,0.,1.));
#1013 = DIRECTION('',(1.,0.,-0.));
#1014 = PCURVE('',#936,#1015);
#1015 = DEFINITIONAL_REPRESENTATION('',(#1016),#1020);
#1016 = CIRCLE('',#1017,42.);
#1017 = AXIS2_PLACEMENT_2D('',#1018,#1019);
#1018 = CARTESIAN_POINT('',(0.,0.));
#1019 = DIRECTION('',(1.,0.));
#1020 = ( GEOMETRIC_REPRESENTATION_CONTEXT(2) 
PARAMETRIC_REPRESENTATION_CONTEXT() REPRESENTATION_CONTEXT('2D SPACE',''
  ) );
#1021 = PCURVE('',#1022,#1027);
#1022 = CYLINDRICAL_SURFACE('',#1023,42.);
#1023 = AXIS2_PLACEMENT_3D('',#1024,#1025,#1026);
#1024 = CARTESIAN_POINT('',(0.,0.,-26.5));
#1025 = DIRECTION('',(0.,0.,1.));
#1026 = DIRECTION('',(1.,0.,0.));
#1027 = DEFINITIONAL_REPRESENTATION('',(#1028),#1032);
#1028 = LINE('',#1029,#1030);
#1029 = CARTESIAN_POINT('',(0.,52.5));
#1030 = VECTOR('',#1031,1.);
#1031 = DIRECTION('',(1.,0.));
#1032 = ( GEOMETRIC_REPRESENTATION_CONTEXT(2) 
PARAMETRIC_REPRESENTATION_CONTEXT() REPRESENTATION_CONTEXT('2D SPACE',''
  ) );
#1033 = ADVANCED_FACE('',(#1034,#1037),#986,.F.);
#1034 = FACE_BOUND('',#1035,.F.);
#1035 = EDGE_LOOP('',(#1036));
#1036 = ORIENTED_EDGE('',*,*,#971,.T.);
#1037 = FACE_BOUND('',#1038,.F.);
#1038 = EDGE_LOOP('',(#1039));
#1039 = ORIENTED_EDGE('',*,*,#1040,.F.);
#1040 = EDGE_CURVE('',#1041,#1041,#1043,.T.);
#1041 = VERTEX_POINT('',#1042);
#1042 = CARTESIAN_POINT('',(42.,-1.028703311284E-14,-26.));
#1043 = SURFACE_CURVE('',#1044,(#1049,#1056),.PCURVE_S1.);
#1044 = CIRCLE('',#1045,42.);
#1045 = AXIS2_PLACEMENT_3D('',#1046,#1047,#1048);
#1046 = CARTESIAN_POINT('',(0.,0.,-26.));
#1047 = DIRECTION('',(0.,0.,1.));
#1048 = DIRECTION('',(1.,0.,-0.));
#1049 = PCURVE('',#986,#1050);
#1050 = DEFINITIONAL_REPRESENTATION('',(#1051),#1055);
#1051 = CIRCLE('',#1052,42.);
#1052 = AXIS2_PLACEMENT_2D('',#1053,#1054);
#1053 = CARTESIAN_POINT('',(0.,0.));
#1054 = DIRECTION('',(1.,0.));
#1055 = ( GEOMETRIC_REPRESENTATION_CONTEXT(2) 
PARAMETRIC_REPRESENTATION_CONTEXT() REPRESENTATION_CONTEXT('2D SPACE',''
  ) );
#1056 = PCURVE('',#1022,#1057);
#1057 = DEFINITIONAL_REPRESENTATION('',(#1058),#1062);
#1058 = LINE('',#1059,#1060);
#1059 = CARTESIAN_POINT('',(0.,0.5));
#1060 = VECTOR('',#1061,1.);
#1061 = DIRECTION('',(1.,0.));
#1062 = ( GEOMETRIC_REPRESENTATION_CONTEXT(2) 
PARAMETRIC_REPRESENTATION_CONTEXT() REPRESENTATION_CONTEXT('2D SPACE',''
  ) );
#1063 = ADVANCED_FACE('',(#1064),#1022,.F.);
#1064 = FACE_BOUND('',#1065,.F.);
#1065 = EDGE_LOOP('',(#1066,#1067,#1088,#1089));
#1066 = ORIENTED_EDGE('',*,*,#1005,.F.);
#1067 = ORIENTED_EDGE('',*,*,#1068,.F.);
#1068 = EDGE_CURVE('',#1041,#1006,#1069,.T.);
#1069 = SEAM_CURVE('',#1070,(#1074,#1081),.PCURVE_S1.);
#1070 = LINE('',#1071,#1072);
#1071 = CARTESIAN_POINT('',(42.,-1.028703311284E-14,-26.5));
#1072 = VECTOR('',#1073,1.);
#1073 = DIRECTION('',(0.,0.,1.));
#1074 = PCURVE('',#1022,#1075);
#1075 = DEFINITIONAL_REPRESENTATION('',(#1076),#1080);
#1076 = LINE('',#1077,#1078);
#1077 = CARTESIAN_POINT('',(6.28318530718,-0.));
#1078 = VECTOR('',#1079,1.);
#1079 = DIRECTION('',(0.,1.));
#1080 = ( GEOMETRIC_REPRESENTATION_CONTEXT(2) 
PARAMETRIC_REPRESENTATION_CONTEXT() REPRESENTATION_CONTEXT('2D SPACE',''
  ) );
#1081 = PCURVE('',#1022,#1082);
#1082 = DEFINITIONAL_REPRESENTATION('',(#1083),#1087);
#1083 = LINE('',#1084,#1085);
#1084 = CARTESIAN_POINT('',(0.,-0.));
#1085 = VECTOR('',#1086,1.);
#1086 = DIRECTION('',(0.,1.));
#1087 = ( GEOMETRIC_REPRESENTATION_CONTEXT(2) 
PARAMETRIC_REPRESENTATION_CONTEXT() REPRESENTATION_CONTEXT('2D SPACE',''
  ) );
#1088 = ORIENTED_EDGE('',*,*,#1040,.T.);
#1089 = ORIENTED_EDGE('',*,*,#1068,.T.);
#1090 = ( GEOMETRIC_REPRESENTATION_CONTEXT(3) 
GLOBAL_UNCERTAINTY_ASSIGNED_CONTEXT((#1094)) 
GLOBAL_UNIT_ASSIGNED_CONTEXT((#1091,#1092,#1093)) REPRESENTATION_CONTEXT
('Context #1','3D Context with UNIT and UNCERTAINTY') );
#1091 = ( LENGTH_UNIT() NAMED_UNIT(*) SI_UNIT(.MILLI.,.METRE.) );
#1092 = ( NAMED_UNIT(*) PLANE_ANGLE_UNIT() SI_UNIT($,.RADIAN.) );
#1093 = ( NAMED_UNIT(*) SI_UNIT($,.STERADIAN.) SOLID_ANGLE_UNIT() );
#1094 = UNCERTAINTY_MEASURE_WITH_UNIT(LENGTH_MEASURE(1.E-07),#1091,
  'distance_accuracy_value','confusion accuracy');
#1095 = CONTEXT_DEPENDENT_SHAPE_REPRESENTATION(#1096,#1098);
#1096 = ( REPRESENTATION_RELATIONSHIP('','',#907,#884) 
REPRESENTATION_RELATIONSHIP_WITH_TRANSFORMATION(#1097) 
SHAPE_REPRESENTATION_RELATIONSHIP() );
#1097 = ITEM_DEFINED_TRANSFORMATION('','',#11,#885);
#1098 = PRODUCT_DEFINITION_SHAPE('Placement','Placement of an item',
  #1099);
#1099 = NEXT_ASSEMBLY_USAGE_OCCURRENCE('307','=>[0:1:1:7]','',#879,#902,
  $);
#1100 = PRODUCT_RELATED_PRODUCT_CATEGORY('part',$,(#904));
#1101 = SHAPE_DEFINITION_REPRESENTATION(#1102,#1108);
#1102 = PRODUCT_DEFINITION_SHAPE('','',#1103);
#1103 = PRODUCT_DEFINITION('design','',#1104,#1107);
#1104 = PRODUCT_DEFINITION_FORMATION('','',#1105);
#1105 = PRODUCT('left_forearm_dark_nozzle_bore',
  'left_forearm_dark_nozzle_bore','',(#1106));
#1106 = PRODUCT_CONTEXT('',#2,'mechanical');
#1107 = PRODUCT_DEFINITION_CONTEXT('part definition',#2,'design');
#1108 = SHAPE_REPRESENTATION('',(#11,#1109),#1113);
#1109 = AXIS2_PLACEMENT_3D('',#1110,#1111,#1112);
#1110 = CARTESIAN_POINT('',(0.,0.,-31.));
#1111 = DIRECTION('',(0.,0.,1.));
#1112 = DIRECTION('',(1.,0.,0.));
#1113 = ( GEOMETRIC_REPRESENTATION_CONTEXT(3) 
GLOBAL_UNCERTAINTY_ASSIGNED_CONTEXT((#1117)) 
GLOBAL_UNIT_ASSIGNED_CONTEXT((#1114,#1115,#1116)) REPRESENTATION_CONTEXT
('Context #1','3D Context with UNIT and UNCERTAINTY') );
#1114 = ( LENGTH_UNIT() NAMED_UNIT(*) SI_UNIT(.MILLI.,.METRE.) );
#1115 = ( NAMED_UNIT(*) PLANE_ANGLE_UNIT() SI_UNIT($,.RADIAN.) );
#1116 = ( NAMED_UNIT(*) SI_UNIT($,.STERADIAN.) SOLID_ANGLE_UNIT() );
#1117 = UNCERTAINTY_MEASURE_WITH_UNIT(LENGTH_MEASURE(1.E-07),#1114,
  'distance_accuracy_value','confusion accuracy');
#1118 = CONTEXT_DEPENDENT_SHAPE_REPRESENTATION(#1119,#1121);
#1119 = ( REPRESENTATION_RELATIONSHIP('','',#1108,#10) 
REPRESENTATION_RELATIONSHIP_WITH_TRANSFORMATION(#1120) 
SHAPE_REPRESENTATION_RELATIONSHIP() );
#1120 = ITEM_DEFINED_TRANSFORMATION('','',#11,#27);
#1121 = PRODUCT_DEFINITION_SHAPE('Placement','Placement of an item',
  #1122);
#1122 = NEXT_ASSEMBLY_USAGE_OCCURRENCE('310','=>[0:1:1:8]','',#5,#1103,$
  );
#1123 = PRODUCT_RELATED_PRODUCT_CATEGORY('part',$,(#1105));
#1124 = SHAPE_DEFINITION_REPRESENTATION(#1125,#1131);
#1125 = PRODUCT_DEFINITION_SHAPE('','',#1126);
#1126 = PRODUCT_DEFINITION('design','',#1127,#1130);
#1127 = PRODUCT_DEFINITION_FORMATION('','',#1128);
#1128 = PRODUCT('SOLID','SOLID','',(#1129));
#1129 = PRODUCT_CONTEXT('',#2,'mechanical');
#1130 = PRODUCT_DEFINITION_CONTEXT('part definition',#2,'design');
#1131 = ADVANCED_BREP_SHAPE_REPRESENTATION('',(#11,#1132),#1230);
#1132 = MANIFOLD_SOLID_BREP('',#1133);
#1133 = CLOSED_SHELL('',(#1134,#1222,#1226));
#1134 = ADVANCED_FACE('',(#1135),#1148,.T.);
#1135 = FACE_BOUND('',#1136,.T.);
#1136 = EDGE_LOOP('',(#1137,#1171,#1194,#1221));
#1137 = ORIENTED_EDGE('',*,*,#1138,.F.);
#1138 = EDGE_CURVE('',#1139,#1139,#1141,.T.);
#1139 = VERTEX_POINT('',#1140);
#1140 = CARTESIAN_POINT('',(42.,-1.028703311284E-14,62.));
#1141 = SURFACE_CURVE('',#1142,(#1147,#1159),.PCURVE_S1.);
#1142 = CIRCLE('',#1143,42.);
#1143 = AXIS2_PLACEMENT_3D('',#1144,#1145,#1146);
#1144 = CARTESIAN_POINT('',(0.,0.,62.));
#1145 = DIRECTION('',(0.,0.,1.));
#1146 = DIRECTION('',(1.,0.,-0.));
#1147 = PCURVE('',#1148,#1153);
#1148 = CYLINDRICAL_SURFACE('',#1149,42.);
#1149 = AXIS2_PLACEMENT_3D('',#1150,#1151,#1152);
#1150 = CARTESIAN_POINT('',(0.,0.,0.));
#1151 = DIRECTION('',(0.,0.,1.));
#1152 = DIRECTION('',(1.,0.,-0.));
#1153 = DEFINITIONAL_REPRESENTATION('',(#1154),#1158);
#1154 = LINE('',#1155,#1156);
#1155 = CARTESIAN_POINT('',(0.,62.));
#1156 = VECTOR('',#1157,1.);
#1157 = DIRECTION('',(1.,0.));
#1158 = ( GEOMETRIC_REPRESENTATION_CONTEXT(2) 
PARAMETRIC_REPRESENTATION_CONTEXT() REPRESENTATION_CONTEXT('2D SPACE',''
  ) );
#1159 = PCURVE('',#1160,#1165);
#1160 = PLANE('',#1161);
#1161 = AXIS2_PLACEMENT_3D('',#1162,#1163,#1164);
#1162 = CARTESIAN_POINT('',(0.,0.,62.));
#1163 = DIRECTION('',(0.,0.,1.));
#1164 = DIRECTION('',(1.,0.,-0.));
#1165 = DEFINITIONAL_REPRESENTATION('',(#1166),#1170);
#1166 = CIRCLE('',#1167,42.);
#1167 = AXIS2_PLACEMENT_2D('',#1168,#1169);
#1168 = CARTESIAN_POINT('',(0.,0.));
#1169 = DIRECTION('',(1.,0.));
#1170 = ( GEOMETRIC_REPRESENTATION_CONTEXT(2) 
PARAMETRIC_REPRESENTATION_CONTEXT() REPRESENTATION_CONTEXT('2D SPACE',''
  ) );
#1171 = ORIENTED_EDGE('',*,*,#1172,.F.);
#1172 = EDGE_CURVE('',#1173,#1139,#1175,.T.);
#1173 = VERTEX_POINT('',#1174);
#1174 = CARTESIAN_POINT('',(42.,-1.028703311284E-14,0.));
#1175 = SEAM_CURVE('',#1176,(#1180,#1187),.PCURVE_S1.);
#1176 = LINE('',#1177,#1178);
#1177 = CARTESIAN_POINT('',(42.,-1.028703311284E-14,0.));
#1178 = VECTOR('',#1179,1.);
#1179 = DIRECTION('',(0.,0.,1.));
#1180 = PCURVE('',#1148,#1181);
#1181 = DEFINITIONAL_REPRESENTATION('',(#1182),#1186);
#1182 = LINE('',#1183,#1184);
#1183 = CARTESIAN_POINT('',(6.28318530718,-0.));
#1184 = VECTOR('',#1185,1.);
#1185 = DIRECTION('',(0.,1.));
#1186 = ( GEOMETRIC_REPRESENTATION_CONTEXT(2) 
PARAMETRIC_REPRESENTATION_CONTEXT() REPRESENTATION_CONTEXT('2D SPACE',''
  ) );
#1187 = PCURVE('',#1148,#1188);
#1188 = DEFINITIONAL_REPRESENTATION('',(#1189),#1193);
#1189 = LINE('',#1190,#1191);
#1190 = CARTESIAN_POINT('',(0.,-0.));
#1191 = VECTOR('',#1192,1.);
#1192 = DIRECTION('',(0.,1.));
#1193 = ( GEOMETRIC_REPRESENTATION_CONTEXT(2) 
PARAMETRIC_REPRESENTATION_CONTEXT() REPRESENTATION_CONTEXT('2D SPACE',''
  ) );
#1194 = ORIENTED_EDGE('',*,*,#1195,.T.);
#1195 = EDGE_CURVE('',#1173,#1173,#1196,.T.);
#1196 = SURFACE_CURVE('',#1197,(#1202,#1209),.PCURVE_S1.);
#1197 = CIRCLE('',#1198,42.);
#1198 = AXIS2_PLACEMENT_3D('',#1199,#1200,#1201);
#1199 = CARTESIAN_POINT('',(0.,0.,0.));
#1200 = DIRECTION('',(0.,0.,1.));
#1201 = DIRECTION('',(1.,0.,-0.));
#1202 = PCURVE('',#1148,#1203);
#1203 = DEFINITIONAL_REPRESENTATION('',(#1204),#1208);
#1204 = LINE('',#1205,#1206);
#1205 = CARTESIAN_POINT('',(0.,0.));
#1206 = VECTOR('',#1207,1.);
#1207 = DIRECTION('',(1.,0.));
#1208 = ( GEOMETRIC_REPRESENTATION_CONTEXT(2) 
PARAMETRIC_REPRESENTATION_CONTEXT() REPRESENTATION_CONTEXT('2D SPACE',''
  ) );
#1209 = PCURVE('',#1210,#1215);
#1210 = PLANE('',#1211);
#1211 = AXIS2_PLACEMENT_3D('',#1212,#1213,#1214);
#1212 = CARTESIAN_POINT('',(0.,0.,0.));
#1213 = DIRECTION('',(0.,0.,1.));
#1214 = DIRECTION('',(1.,0.,-0.));
#1215 = DEFINITIONAL_REPRESENTATION('',(#1216),#1220);
#1216 = CIRCLE('',#1217,42.);
#1217 = AXIS2_PLACEMENT_2D('',#1218,#1219);
#1218 = CARTESIAN_POINT('',(0.,0.));
#1219 = DIRECTION('',(1.,0.));
#1220 = ( GEOMETRIC_REPRESENTATION_CONTEXT(2) 
PARAMETRIC_REPRESENTATION_CONTEXT() REPRESENTATION_CONTEXT('2D SPACE',''
  ) );
#1221 = ORIENTED_EDGE('',*,*,#1172,.T.);
#1222 = ADVANCED_FACE('',(#1223),#1160,.T.);
#1223 = FACE_BOUND('',#1224,.T.);
#1224 = EDGE_LOOP('',(#1225));
#1225 = ORIENTED_EDGE('',*,*,#1138,.T.);
#1226 = ADVANCED_FACE('',(#1227),#1210,.F.);
#1227 = FACE_BOUND('',#1228,.T.);
#1228 = EDGE_LOOP('',(#1229));
#1229 = ORIENTED_EDGE('',*,*,#1195,.F.);
#1230 = ( GEOMETRIC_REPRESENTATION_CONTEXT(3) 
GLOBAL_UNCERTAINTY_ASSIGNED_CONTEXT((#1234)) 
GLOBAL_UNIT_ASSIGNED_CONTEXT((#1231,#1232,#1233)) REPRESENTATION_CONTEXT
('Context #1','3D Context with UNIT and UNCERTAINTY') );
#1231 = ( LENGTH_UNIT() NAMED_UNIT(*) SI_UNIT(.MILLI.,.METRE.) );
#1232 = ( NAMED_UNIT(*) PLANE_ANGLE_UNIT() SI_UNIT($,.RADIAN.) );
#1233 = ( NAMED_UNIT(*) SI_UNIT($,.STERADIAN.) SOLID_ANGLE_UNIT() );
#1234 = UNCERTAINTY_MEASURE_WITH_UNIT(LENGTH_MEASURE(1.E-07),#1231,
  'distance_accuracy_value','confusion accuracy');
#1235 = CONTEXT_DEPENDENT_SHAPE_REPRESENTATION(#1236,#1238);
#1236 = ( REPRESENTATION_RELATIONSHIP('','',#1131,#1108) 
REPRESENTATION_RELATIONSHIP_WITH_TRANSFORMATION(#1237) 
SHAPE_REPRESENTATION_RELATIONSHIP() );
#1237 = ITEM_DEFINED_TRANSFORMATION('','',#11,#1109);
#1238 = PRODUCT_DEFINITION_SHAPE('Placement','Placement of an item',
  #1239);
#1239 = NEXT_ASSEMBLY_USAGE_OCCURRENCE('309','=>[0:1:1:9]','',#1103,
  #1126,$);
#1240 = PRODUCT_RELATED_PRODUCT_CATEGORY('part',$,(#1128));
#1241 = SHAPE_DEFINITION_REPRESENTATION(#1242,#1248);
#1242 = PRODUCT_DEFINITION_SHAPE('','',#1243);
#1243 = PRODUCT_DEFINITION('design','',#1244,#1247);
#1244 = PRODUCT_DEFINITION_FORMATION('','',#1245);
#1245 = PRODUCT('left_upper_forearm_microturbine_intake',
  'left_upper_forearm_microturbine_intake','',(#1246));
#1246 = PRODUCT_CONTEXT('',#2,'mechanical');
#1247 = PRODUCT_DEFINITION_CONTEXT('part definition',#2,'design');
#1248 = SHAPE_REPRESENTATION('',(#11,#1249),#1253);
#1249 = AXIS2_PLACEMENT_3D('',#1250,#1251,#1252);
#1250 = CARTESIAN_POINT('',(0.,0.,0.));
#1251 = DIRECTION('',(0.,0.,1.));
#1252 = DIRECTION('',(1.,0.,-0.));
#1253 = ( GEOMETRIC_REPRESENTATION_CONTEXT(3) 
GLOBAL_UNCERTAINTY_ASSIGNED_CONTEXT((#1257)) 
GLOBAL_UNIT_ASSIGNED_CONTEXT((#1254,#1255,#1256)) REPRESENTATION_CONTEXT
('Context #1','3D Context with UNIT and UNCERTAINTY') );
#1254 = ( LENGTH_UNIT() NAMED_UNIT(*) SI_UNIT(.MILLI.,.METRE.) );
#1255 = ( NAMED_UNIT(*) PLANE_ANGLE_UNIT() SI_UNIT($,.RADIAN.) );
#1256 = ( NAMED_UNIT(*) SI_UNIT($,.STERADIAN.) SOLID_ANGLE_UNIT() );
#1257 = UNCERTAINTY_MEASURE_WITH_UNIT(LENGTH_MEASURE(1.E-07),#1254,
  'distance_accuracy_value','confusion accuracy');
#1258 = CONTEXT_DEPENDENT_SHAPE_REPRESENTATION(#1259,#1261);
#1259 = ( REPRESENTATION_RELATIONSHIP('','',#1248,#10) 
REPRESENTATION_RELATIONSHIP_WITH_TRANSFORMATION(#1260) 
SHAPE_REPRESENTATION_RELATIONSHIP() );
#1260 = ITEM_DEFINED_TRANSFORMATION('','',#11,#31);
#1261 = PRODUCT_DEFINITION_SHAPE('Placement','Placement of an item',
  #1262);
#1262 = NEXT_ASSEMBLY_USAGE_OCCURRENCE('312','=>[0:1:1:10]','',#5,#1243,
  $);
#1263 = PRODUCT_RELATED_PRODUCT_CATEGORY('part',$,(#1245));
#1264 = SHAPE_DEFINITION_REPRESENTATION(#1265,#1271);
#1265 = PRODUCT_DEFINITION_SHAPE('','',#1266);
#1266 = PRODUCT_DEFINITION('design','',#1267,#1270);
#1267 = PRODUCT_DEFINITION_FORMATION('','',#1268);
#1268 = PRODUCT('SOLID','SOLID','',(#1269));
#1269 = PRODUCT_CONTEXT('',#2,'mechanical');
#1270 = PRODUCT_DEFINITION_CONTEXT('part definition',#2,'design');
#1271 = ADVANCED_BREP_SHAPE_REPRESENTATION('',(#11,#1272),#1454);
#1272 = MANIFOLD_SOLID_BREP('',#1273);
#1273 = CLOSED_SHELL('',(#1274,#1362,#1397,#1427));
#1274 = ADVANCED_FACE('',(#1275),#1288,.T.);
#1275 = FACE_BOUND('',#1276,.T.);
#1276 = EDGE_LOOP('',(#1277,#1311,#1334,#1361));
#1277 = ORIENTED_EDGE('',*,*,#1278,.F.);
#1278 = EDGE_CURVE('',#1279,#1279,#1281,.T.);
#1279 = VERTEX_POINT('',#1280);
#1280 = CARTESIAN_POINT('',(54.,-1.322618543079E-14,19.));
#1281 = SURFACE_CURVE('',#1282,(#1287,#1299),.PCURVE_S1.);
#1282 = CIRCLE('',#1283,54.);
#1283 = AXIS2_PLACEMENT_3D('',#1284,#1285,#1286);
#1284 = CARTESIAN_POINT('',(0.,0.,19.));
#1285 = DIRECTION('',(0.,0.,1.));
#1286 = DIRECTION('',(1.,0.,0.));
#1287 = PCURVE('',#1288,#1293);
#1288 = CYLINDRICAL_SURFACE('',#1289,54.);
#1289 = AXIS2_PLACEMENT_3D('',#1290,#1291,#1292);
#1290 = CARTESIAN_POINT('',(0.,0.,-19.));
#1291 = DIRECTION('',(0.,0.,1.));
#1292 = DIRECTION('',(1.,0.,0.));
#1293 = DEFINITIONAL_REPRESENTATION('',(#1294),#1298);
#1294 = LINE('',#1295,#1296);
#1295 = CARTESIAN_POINT('',(0.,38.));
#1296 = VECTOR('',#1297,1.);
#1297 = DIRECTION('',(1.,0.));
#1298 = ( GEOMETRIC_REPRESENTATION_CONTEXT(2) 
PARAMETRIC_REPRESENTATION_CONTEXT() REPRESENTATION_CONTEXT('2D SPACE',''
  ) );
#1299 = PCURVE('',#1300,#1305);
#1300 = PLANE('',#1301);
#1301 = AXIS2_PLACEMENT_3D('',#1302,#1303,#1304);
#1302 = CARTESIAN_POINT('',(0.,0.,19.));
#1303 = DIRECTION('',(0.,0.,1.));
#1304 = DIRECTION('',(1.,0.,0.));
#1305 = DEFINITIONAL_REPRESENTATION('',(#1306),#1310);
#1306 = CIRCLE('',#1307,54.);
#1307 = AXIS2_PLACEMENT_2D('',#1308,#1309);
#1308 = CARTESIAN_POINT('',(0.,0.));
#1309 = DIRECTION('',(1.,0.));
#1310 = ( GEOMETRIC_REPRESENTATION_CONTEXT(2) 
PARAMETRIC_REPRESENTATION_CONTEXT() REPRESENTATION_CONTEXT('2D SPACE',''
  ) );
#1311 = ORIENTED_EDGE('',*,*,#1312,.F.);
#1312 = EDGE_CURVE('',#1313,#1279,#1315,.T.);
#1313 = VERTEX_POINT('',#1314);
#1314 = CARTESIAN_POINT('',(54.,-1.322618543079E-14,-19.));
#1315 = SEAM_CURVE('',#1316,(#1320,#1327),.PCURVE_S1.);
#1316 = LINE('',#1317,#1318);
#1317 = CARTESIAN_POINT('',(54.,-1.322618543079E-14,-19.));
#1318 = VECTOR('',#1319,1.);
#1319 = DIRECTION('',(0.,0.,1.));
#1320 = PCURVE('',#1288,#1321);
#1321 = DEFINITIONAL_REPRESENTATION('',(#1322),#1326);
#1322 = LINE('',#1323,#1324);
#1323 = CARTESIAN_POINT('',(6.28318530718,-0.));
#1324 = VECTOR('',#1325,1.);
#1325 = DIRECTION('',(0.,1.));
#1326 = ( GEOMETRIC_REPRESENTATION_CONTEXT(2) 
PARAMETRIC_REPRESENTATION_CONTEXT() REPRESENTATION_CONTEXT('2D SPACE',''
  ) );
#1327 = PCURVE('',#1288,#1328);
#1328 = DEFINITIONAL_REPRESENTATION('',(#1329),#1333);
#1329 = LINE('',#1330,#1331);
#1330 = CARTESIAN_POINT('',(0.,-0.));
#1331 = VECTOR('',#1332,1.);
#1332 = DIRECTION('',(0.,1.));
#1333 = ( GEOMETRIC_REPRESENTATION_CONTEXT(2) 
PARAMETRIC_REPRESENTATION_CONTEXT() REPRESENTATION_CONTEXT('2D SPACE',''
  ) );
#1334 = ORIENTED_EDGE('',*,*,#1335,.T.);
#1335 = EDGE_CURVE('',#1313,#1313,#1336,.T.);
#1336 = SURFACE_CURVE('',#1337,(#1342,#1349),.PCURVE_S1.);
#1337 = CIRCLE('',#1338,54.);
#1338 = AXIS2_PLACEMENT_3D('',#1339,#1340,#1341);
#1339 = CARTESIAN_POINT('',(0.,0.,-19.));
#1340 = DIRECTION('',(0.,0.,1.));
#1341 = DIRECTION('',(1.,0.,0.));
#1342 = PCURVE('',#1288,#1343);
#1343 = DEFINITIONAL_REPRESENTATION('',(#1344),#1348);
#1344 = LINE('',#1345,#1346);
#1345 = CARTESIAN_POINT('',(0.,0.));
#1346 = VECTOR('',#1347,1.);
#1347 = DIRECTION('',(1.,0.));
#1348 = ( GEOMETRIC_REPRESENTATION_CONTEXT(2) 
PARAMETRIC_REPRESENTATION_CONTEXT() REPRESENTATION_CONTEXT('2D SPACE',''
  ) );
#1349 = PCURVE('',#1350,#1355);
#1350 = PLANE('',#1351);
#1351 = AXIS2_PLACEMENT_3D('',#1352,#1353,#1354);
#1352 = CARTESIAN_POINT('',(0.,0.,-19.));
#1353 = DIRECTION('',(0.,0.,1.));
#1354 = DIRECTION('',(1.,0.,0.));
#1355 = DEFINITIONAL_REPRESENTATION('',(#1356),#1360);
#1356 = CIRCLE('',#1357,54.);
#1357 = AXIS2_PLACEMENT_2D('',#1358,#1359);
#1358 = CARTESIAN_POINT('',(0.,0.));
#1359 = DIRECTION('',(1.,0.));
#1360 = ( GEOMETRIC_REPRESENTATION_CONTEXT(2) 
PARAMETRIC_REPRESENTATION_CONTEXT() REPRESENTATION_CONTEXT('2D SPACE',''
  ) );
#1361 = ORIENTED_EDGE('',*,*,#1312,.T.);
#1362 = ADVANCED_FACE('',(#1363,#1366),#1300,.T.);
#1363 = FACE_BOUND('',#1364,.T.);
#1364 = EDGE_LOOP('',(#1365));
#1365 = ORIENTED_EDGE('',*,*,#1278,.T.);
#1366 = FACE_BOUND('',#1367,.T.);
#1367 = EDGE_LOOP('',(#1368));
#1368 = ORIENTED_EDGE('',*,*,#1369,.F.);
#1369 = EDGE_CURVE('',#1370,#1370,#1372,.T.);
#1370 = VERTEX_POINT('',#1371);
#1371 = CARTESIAN_POINT('',(30.,-7.347880794884E-15,19.));
#1372 = SURFACE_CURVE('',#1373,(#1378,#1385),.PCURVE_S1.);
#1373 = CIRCLE('',#1374,30.);
#1374 = AXIS2_PLACEMENT_3D('',#1375,#1376,#1377);
#1375 = CARTESIAN_POINT('',(0.,0.,19.));
#1376 = DIRECTION('',(0.,0.,1.));
#1377 = DIRECTION('',(1.,0.,-0.));
#1378 = PCURVE('',#1300,#1379);
#1379 = DEFINITIONAL_REPRESENTATION('',(#1380),#1384);
#1380 = CIRCLE('',#1381,30.);
#1381 = AXIS2_PLACEMENT_2D('',#1382,#1383);
#1382 = CARTESIAN_POINT('',(0.,0.));
#1383 = DIRECTION('',(1.,0.));
#1384 = ( GEOMETRIC_REPRESENTATION_CONTEXT(2) 
PARAMETRIC_REPRESENTATION_CONTEXT() REPRESENTATION_CONTEXT('2D SPACE',''
  ) );
#1385 = PCURVE('',#1386,#1391);
#1386 = CYLINDRICAL_SURFACE('',#1387,30.);
#1387 = AXIS2_PLACEMENT_3D('',#1388,#1389,#1390);
#1388 = CARTESIAN_POINT('',(0.,0.,-19.5));
#1389 = DIRECTION('',(0.,0.,1.));
#1390 = DIRECTION('',(1.,0.,0.));
#1391 = DEFINITIONAL_REPRESENTATION('',(#1392),#1396);
#1392 = LINE('',#1393,#1394);
#1393 = CARTESIAN_POINT('',(0.,38.5));
#1394 = VECTOR('',#1395,1.);
#1395 = DIRECTION('',(1.,0.));
#1396 = ( GEOMETRIC_REPRESENTATION_CONTEXT(2) 
PARAMETRIC_REPRESENTATION_CONTEXT() REPRESENTATION_CONTEXT('2D SPACE',''
  ) );
#1397 = ADVANCED_FACE('',(#1398,#1401),#1350,.F.);
#1398 = FACE_BOUND('',#1399,.F.);
#1399 = EDGE_LOOP('',(#1400));
#1400 = ORIENTED_EDGE('',*,*,#1335,.T.);
#1401 = FACE_BOUND('',#1402,.F.);
#1402 = EDGE_LOOP('',(#1403));
#1403 = ORIENTED_EDGE('',*,*,#1404,.F.);
#1404 = EDGE_CURVE('',#1405,#1405,#1407,.T.);
#1405 = VERTEX_POINT('',#1406);
#1406 = CARTESIAN_POINT('',(30.,-7.347880794884E-15,-19.));
#1407 = SURFACE_CURVE('',#1408,(#1413,#1420),.PCURVE_S1.);
#1408 = CIRCLE('',#1409,30.);
#1409 = AXIS2_PLACEMENT_3D('',#1410,#1411,#1412);
#1410 = CARTESIAN_POINT('',(0.,0.,-19.));
#1411 = DIRECTION('',(0.,0.,1.));
#1412 = DIRECTION('',(1.,0.,-0.));
#1413 = PCURVE('',#1350,#1414);
#1414 = DEFINITIONAL_REPRESENTATION('',(#1415),#1419);
#1415 = CIRCLE('',#1416,30.);
#1416 = AXIS2_PLACEMENT_2D('',#1417,#1418);
#1417 = CARTESIAN_POINT('',(0.,0.));
#1418 = DIRECTION('',(1.,0.));
#1419 = ( GEOMETRIC_REPRESENTATION_CONTEXT(2) 
PARAMETRIC_REPRESENTATION_CONTEXT() REPRESENTATION_CONTEXT('2D SPACE',''
  ) );
#1420 = PCURVE('',#1386,#1421);
#1421 = DEFINITIONAL_REPRESENTATION('',(#1422),#1426);
#1422 = LINE('',#1423,#1424);
#1423 = CARTESIAN_POINT('',(0.,0.5));
#1424 = VECTOR('',#1425,1.);
#1425 = DIRECTION('',(1.,0.));
#1426 = ( GEOMETRIC_REPRESENTATION_CONTEXT(2) 
PARAMETRIC_REPRESENTATION_CONTEXT() REPRESENTATION_CONTEXT('2D SPACE',''
  ) );
#1427 = ADVANCED_FACE('',(#1428),#1386,.F.);
#1428 = FACE_BOUND('',#1429,.F.);
#1429 = EDGE_LOOP('',(#1430,#1431,#1452,#1453));
#1430 = ORIENTED_EDGE('',*,*,#1369,.F.);
#1431 = ORIENTED_EDGE('',*,*,#1432,.F.);
#1432 = EDGE_CURVE('',#1405,#1370,#1433,.T.);
#1433 = SEAM_CURVE('',#1434,(#1438,#1445),.PCURVE_S1.);
#1434 = LINE('',#1435,#1436);
#1435 = CARTESIAN_POINT('',(30.,-7.347880794884E-15,-19.5));
#1436 = VECTOR('',#1437,1.);
#1437 = DIRECTION('',(0.,0.,1.));
#1438 = PCURVE('',#1386,#1439);
#1439 = DEFINITIONAL_REPRESENTATION('',(#1440),#1444);
#1440 = LINE('',#1441,#1442);
#1441 = CARTESIAN_POINT('',(6.28318530718,-0.));
#1442 = VECTOR('',#1443,1.);
#1443 = DIRECTION('',(0.,1.));
#1444 = ( GEOMETRIC_REPRESENTATION_CONTEXT(2) 
PARAMETRIC_REPRESENTATION_CONTEXT() REPRESENTATION_CONTEXT('2D SPACE',''
  ) );
#1445 = PCURVE('',#1386,#1446);
#1446 = DEFINITIONAL_REPRESENTATION('',(#1447),#1451);
#1447 = LINE('',#1448,#1449);
#1448 = CARTESIAN_POINT('',(0.,-0.));
#1449 = VECTOR('',#1450,1.);
#1450 = DIRECTION('',(0.,1.));
#1451 = ( GEOMETRIC_REPRESENTATION_CONTEXT(2) 
PARAMETRIC_REPRESENTATION_CONTEXT() REPRESENTATION_CONTEXT('2D SPACE',''
  ) );
#1452 = ORIENTED_EDGE('',*,*,#1404,.T.);
#1453 = ORIENTED_EDGE('',*,*,#1432,.T.);
#1454 = ( GEOMETRIC_REPRESENTATION_CONTEXT(3) 
GLOBAL_UNCERTAINTY_ASSIGNED_CONTEXT((#1458)) 
GLOBAL_UNIT_ASSIGNED_CONTEXT((#1455,#1456,#1457)) REPRESENTATION_CONTEXT
('Context #1','3D Context with UNIT and UNCERTAINTY') );
#1455 = ( LENGTH_UNIT() NAMED_UNIT(*) SI_UNIT(.MILLI.,.METRE.) );
#1456 = ( NAMED_UNIT(*) PLANE_ANGLE_UNIT() SI_UNIT($,.RADIAN.) );
#1457 = ( NAMED_UNIT(*) SI_UNIT($,.STERADIAN.) SOLID_ANGLE_UNIT() );
#1458 = UNCERTAINTY_MEASURE_WITH_UNIT(LENGTH_MEASURE(1.E-07),#1455,
  'distance_accuracy_value','confusion accuracy');
#1459 = CONTEXT_DEPENDENT_SHAPE_REPRESENTATION(#1460,#1462);
#1460 = ( REPRESENTATION_RELATIONSHIP('','',#1271,#1248) 
REPRESENTATION_RELATIONSHIP_WITH_TRANSFORMATION(#1461) 
SHAPE_REPRESENTATION_RELATIONSHIP() );
#1461 = ITEM_DEFINED_TRANSFORMATION('','',#11,#1249);
#1462 = PRODUCT_DEFINITION_SHAPE('Placement','Placement of an item',
  #1463);
#1463 = NEXT_ASSEMBLY_USAGE_OCCURRENCE('311','=>[0:1:1:11]','',#1243,
  #1266,$);
#1464 = PRODUCT_RELATED_PRODUCT_CATEGORY('part',$,(#1268));
#1465 = SHAPE_DEFINITION_REPRESENTATION(#1466,#1472);
#1466 = PRODUCT_DEFINITION_SHAPE('','',#1467);
#1467 = PRODUCT_DEFINITION('design','',#1468,#1471);
#1468 = PRODUCT_DEFINITION_FORMATION('','',#1469);
#1469 = PRODUCT('left_palm_stabilizer_nozzle_ring',
  'left_palm_stabilizer_nozzle_ring','',(#1470));
#1470 = PRODUCT_CONTEXT('',#2,'mechanical');
#1471 = PRODUCT_DEFINITION_CONTEXT('part definition',#2,'design');
#1472 = SHAPE_REPRESENTATION('',(#11,#1473),#1477);
#1473 = AXIS2_PLACEMENT_3D('',#1474,#1475,#1476);
#1474 = CARTESIAN_POINT('',(0.,0.,0.));
#1475 = DIRECTION('',(0.,0.,1.));
#1476 = DIRECTION('',(1.,0.,-0.));
#1477 = ( GEOMETRIC_REPRESENTATION_CONTEXT(3) 
GLOBAL_UNCERTAINTY_ASSIGNED_CONTEXT((#1481)) 
GLOBAL_UNIT_ASSIGNED_CONTEXT((#1478,#1479,#1480)) REPRESENTATION_CONTEXT
('Context #1','3D Context with UNIT and UNCERTAINTY') );
#1478 = ( LENGTH_UNIT() NAMED_UNIT(*) SI_UNIT(.MILLI.,.METRE.) );
#1479 = ( NAMED_UNIT(*) PLANE_ANGLE_UNIT() SI_UNIT($,.RADIAN.) );
#1480 = ( NAMED_UNIT(*) SI_UNIT($,.STERADIAN.) SOLID_ANGLE_UNIT() );
#1481 = UNCERTAINTY_MEASURE_WITH_UNIT(LENGTH_MEASURE(1.E-07),#1478,
  'distance_accuracy_value','confusion accuracy');
#1482 = CONTEXT_DEPENDENT_SHAPE_REPRESENTATION(#1483,#1485);
#1483 = ( REPRESENTATION_RELATIONSHIP('','',#1472,#10) 
REPRESENTATION_RELATIONSHIP_WITH_TRANSFORMATION(#1484) 
SHAPE_REPRESENTATION_RELATIONSHIP() );
#1484 = ITEM_DEFINED_TRANSFORMATION('','',#11,#35);
#1485 = PRODUCT_DEFINITION_SHAPE('Placement','Placement of an item',
  #1486);
#1486 = NEXT_ASSEMBLY_USAGE_OCCURRENCE('314','=>[0:1:1:12]','',#5,#1467,
  $);
#1487 = PRODUCT_RELATED_PRODUCT_CATEGORY('part',$,(#1469));
#1488 = SHAPE_DEFINITION_REPRESENTATION(#1489,#1495);
#1489 = PRODUCT_DEFINITION_SHAPE('','',#1490);
#1490 = PRODUCT_DEFINITION('design','',#1491,#1494);
#1491 = PRODUCT_DEFINITION_FORMATION('','',#1492);
#1492 = PRODUCT('SOLID','SOLID','',(#1493));
#1493 = PRODUCT_CONTEXT('',#2,'mechanical');
#1494 = PRODUCT_DEFINITION_CONTEXT('part definition',#2,'design');
#1495 = ADVANCED_BREP_SHAPE_REPRESENTATION('',(#11,#1496),#1678);
#1496 = MANIFOLD_SOLID_BREP('',#1497);
#1497 = CLOSED_SHELL('',(#1498,#1586,#1621,#1651));
#1498 = ADVANCED_FACE('',(#1499),#1512,.T.);
#1499 = FACE_BOUND('',#1500,.T.);
#1500 = EDGE_LOOP('',(#1501,#1535,#1558,#1585));
#1501 = ORIENTED_EDGE('',*,*,#1502,.F.);
#1502 = EDGE_CURVE('',#1503,#1503,#1505,.T.);
#1503 = VERTEX_POINT('',#1504);
#1504 = CARTESIAN_POINT('',(58.,-1.420590287011E-14,17.));
#1505 = SURFACE_CURVE('',#1506,(#1511,#1523),.PCURVE_S1.);
#1506 = CIRCLE('',#1507,58.);
#1507 = AXIS2_PLACEMENT_3D('',#1508,#1509,#1510);
#1508 = CARTESIAN_POINT('',(0.,0.,17.));
#1509 = DIRECTION('',(0.,0.,1.));
#1510 = DIRECTION('',(1.,0.,0.));
#1511 = PCURVE('',#1512,#1517);
#1512 = CYLINDRICAL_SURFACE('',#1513,58.);
#1513 = AXIS2_PLACEMENT_3D('',#1514,#1515,#1516);
#1514 = CARTESIAN_POINT('',(0.,0.,-17.));
#1515 = DIRECTION('',(0.,0.,1.));
#1516 = DIRECTION('',(1.,0.,0.));
#1517 = DEFINITIONAL_REPRESENTATION('',(#1518),#1522);
#1518 = LINE('',#1519,#1520);
#1519 = CARTESIAN_POINT('',(0.,34.));
#1520 = VECTOR('',#1521,1.);
#1521 = DIRECTION('',(1.,0.));
#1522 = ( GEOMETRIC_REPRESENTATION_CONTEXT(2) 
PARAMETRIC_REPRESENTATION_CONTEXT() REPRESENTATION_CONTEXT('2D SPACE',''
  ) );
#1523 = PCURVE('',#1524,#1529);
#1524 = PLANE('',#1525);
#1525 = AXIS2_PLACEMENT_3D('',#1526,#1527,#1528);
#1526 = CARTESIAN_POINT('',(0.,0.,17.));
#1527 = DIRECTION('',(0.,0.,1.));
#1528 = DIRECTION('',(1.,0.,0.));
#1529 = DEFINITIONAL_REPRESENTATION('',(#1530),#1534);
#1530 = CIRCLE('',#1531,58.);
#1531 = AXIS2_PLACEMENT_2D('',#1532,#1533);
#1532 = CARTESIAN_POINT('',(0.,0.));
#1533 = DIRECTION('',(1.,0.));
#1534 = ( GEOMETRIC_REPRESENTATION_CONTEXT(2) 
PARAMETRIC_REPRESENTATION_CONTEXT() REPRESENTATION_CONTEXT('2D SPACE',''
  ) );
#1535 = ORIENTED_EDGE('',*,*,#1536,.F.);
#1536 = EDGE_CURVE('',#1537,#1503,#1539,.T.);
#1537 = VERTEX_POINT('',#1538);
#1538 = CARTESIAN_POINT('',(58.,-1.420590287011E-14,-17.));
#1539 = SEAM_CURVE('',#1540,(#1544,#1551),.PCURVE_S1.);
#1540 = LINE('',#1541,#1542);
#1541 = CARTESIAN_POINT('',(58.,-1.420590287011E-14,-17.));
#1542 = VECTOR('',#1543,1.);
#1543 = DIRECTION('',(0.,0.,1.));
#1544 = PCURVE('',#1512,#1545);
#1545 = DEFINITIONAL_REPRESENTATION('',(#1546),#1550);
#1546 = LINE('',#1547,#1548);
#1547 = CARTESIAN_POINT('',(6.28318530718,-0.));
#1548 = VECTOR('',#1549,1.);
#1549 = DIRECTION('',(0.,1.));
#1550 = ( GEOMETRIC_REPRESENTATION_CONTEXT(2) 
PARAMETRIC_REPRESENTATION_CONTEXT() REPRESENTATION_CONTEXT('2D SPACE',''
  ) );
#1551 = PCURVE('',#1512,#1552);
#1552 = DEFINITIONAL_REPRESENTATION('',(#1553),#1557);
#1553 = LINE('',#1554,#1555);
#1554 = CARTESIAN_POINT('',(0.,-0.));
#1555 = VECTOR('',#1556,1.);
#1556 = DIRECTION('',(0.,1.));
#1557 = ( GEOMETRIC_REPRESENTATION_CONTEXT(2) 
PARAMETRIC_REPRESENTATION_CONTEXT() REPRESENTATION_CONTEXT('2D SPACE',''
  ) );
#1558 = ORIENTED_EDGE('',*,*,#1559,.T.);
#1559 = EDGE_CURVE('',#1537,#1537,#1560,.T.);
#1560 = SURFACE_CURVE('',#1561,(#1566,#1573),.PCURVE_S1.);
#1561 = CIRCLE('',#1562,58.);
#1562 = AXIS2_PLACEMENT_3D('',#1563,#1564,#1565);
#1563 = CARTESIAN_POINT('',(0.,0.,-17.));
#1564 = DIRECTION('',(0.,0.,1.));
#1565 = DIRECTION('',(1.,0.,0.));
#1566 = PCURVE('',#1512,#1567);
#1567 = DEFINITIONAL_REPRESENTATION('',(#1568),#1572);
#1568 = LINE('',#1569,#1570);
#1569 = CARTESIAN_POINT('',(0.,0.));
#1570 = VECTOR('',#1571,1.);
#1571 = DIRECTION('',(1.,0.));
#1572 = ( GEOMETRIC_REPRESENTATION_CONTEXT(2) 
PARAMETRIC_REPRESENTATION_CONTEXT() REPRESENTATION_CONTEXT('2D SPACE',''
  ) );
#1573 = PCURVE('',#1574,#1579);
#1574 = PLANE('',#1575);
#1575 = AXIS2_PLACEMENT_3D('',#1576,#1577,#1578);
#1576 = CARTESIAN_POINT('',(0.,0.,-17.));
#1577 = DIRECTION('',(0.,0.,1.));
#1578 = DIRECTION('',(1.,0.,0.));
#1579 = DEFINITIONAL_REPRESENTATION('',(#1580),#1584);
#1580 = CIRCLE('',#1581,58.);
#1581 = AXIS2_PLACEMENT_2D('',#1582,#1583);
#1582 = CARTESIAN_POINT('',(0.,0.));
#1583 = DIRECTION('',(1.,0.));
#1584 = ( GEOMETRIC_REPRESENTATION_CONTEXT(2) 
PARAMETRIC_REPRESENTATION_CONTEXT() REPRESENTATION_CONTEXT('2D SPACE',''
  ) );
#1585 = ORIENTED_EDGE('',*,*,#1536,.T.);
#1586 = ADVANCED_FACE('',(#1587,#1590),#1524,.T.);
#1587 = FACE_BOUND('',#1588,.T.);
#1588 = EDGE_LOOP('',(#1589));
#1589 = ORIENTED_EDGE('',*,*,#1502,.T.);
#1590 = FACE_BOUND('',#1591,.T.);
#1591 = EDGE_LOOP('',(#1592));
#1592 = ORIENTED_EDGE('',*,*,#1593,.F.);
#1593 = EDGE_CURVE('',#1594,#1594,#1596,.T.);
#1594 = VERTEX_POINT('',#1595);
#1595 = CARTESIAN_POINT('',(34.,-8.327598234202E-15,17.));
#1596 = SURFACE_CURVE('',#1597,(#1602,#1609),.PCURVE_S1.);
#1597 = CIRCLE('',#1598,34.);
#1598 = AXIS2_PLACEMENT_3D('',#1599,#1600,#1601);
#1599 = CARTESIAN_POINT('',(0.,0.,17.));
#1600 = DIRECTION('',(0.,0.,1.));
#1601 = DIRECTION('',(1.,0.,-0.));
#1602 = PCURVE('',#1524,#1603);
#1603 = DEFINITIONAL_REPRESENTATION('',(#1604),#1608);
#1604 = CIRCLE('',#1605,34.);
#1605 = AXIS2_PLACEMENT_2D('',#1606,#1607);
#1606 = CARTESIAN_POINT('',(0.,0.));
#1607 = DIRECTION('',(1.,0.));
#1608 = ( GEOMETRIC_REPRESENTATION_CONTEXT(2) 
PARAMETRIC_REPRESENTATION_CONTEXT() REPRESENTATION_CONTEXT('2D SPACE',''
  ) );
#1609 = PCURVE('',#1610,#1615);
#1610 = CYLINDRICAL_SURFACE('',#1611,34.);
#1611 = AXIS2_PLACEMENT_3D('',#1612,#1613,#1614);
#1612 = CARTESIAN_POINT('',(0.,0.,-17.5));
#1613 = DIRECTION('',(0.,0.,1.));
#1614 = DIRECTION('',(1.,0.,0.));
#1615 = DEFINITIONAL_REPRESENTATION('',(#1616),#1620);
#1616 = LINE('',#1617,#1618);
#1617 = CARTESIAN_POINT('',(0.,34.5));
#1618 = VECTOR('',#1619,1.);
#1619 = DIRECTION('',(1.,0.));
#1620 = ( GEOMETRIC_REPRESENTATION_CONTEXT(2) 
PARAMETRIC_REPRESENTATION_CONTEXT() REPRESENTATION_CONTEXT('2D SPACE',''
  ) );
#1621 = ADVANCED_FACE('',(#1622,#1625),#1574,.F.);
#1622 = FACE_BOUND('',#1623,.F.);
#1623 = EDGE_LOOP('',(#1624));
#1624 = ORIENTED_EDGE('',*,*,#1559,.T.);
#1625 = FACE_BOUND('',#1626,.F.);
#1626 = EDGE_LOOP('',(#1627));
#1627 = ORIENTED_EDGE('',*,*,#1628,.F.);
#1628 = EDGE_CURVE('',#1629,#1629,#1631,.T.);
#1629 = VERTEX_POINT('',#1630);
#1630 = CARTESIAN_POINT('',(34.,-8.327598234202E-15,-17.));
#1631 = SURFACE_CURVE('',#1632,(#1637,#1644),.PCURVE_S1.);
#1632 = CIRCLE('',#1633,34.);
#1633 = AXIS2_PLACEMENT_3D('',#1634,#1635,#1636);
#1634 = CARTESIAN_POINT('',(0.,0.,-17.));
#1635 = DIRECTION('',(0.,0.,1.));
#1636 = DIRECTION('',(1.,0.,-0.));
#1637 = PCURVE('',#1574,#1638);
#1638 = DEFINITIONAL_REPRESENTATION('',(#1639),#1643);
#1639 = CIRCLE('',#1640,34.);
#1640 = AXIS2_PLACEMENT_2D('',#1641,#1642);
#1641 = CARTESIAN_POINT('',(0.,0.));
#1642 = DIRECTION('',(1.,0.));
#1643 = ( GEOMETRIC_REPRESENTATION_CONTEXT(2) 
PARAMETRIC_REPRESENTATION_CONTEXT() REPRESENTATION_CONTEXT('2D SPACE',''
  ) );
#1644 = PCURVE('',#1610,#1645);
#1645 = DEFINITIONAL_REPRESENTATION('',(#1646),#1650);
#1646 = LINE('',#1647,#1648);
#1647 = CARTESIAN_POINT('',(0.,0.5));
#1648 = VECTOR('',#1649,1.);
#1649 = DIRECTION('',(1.,0.));
#1650 = ( GEOMETRIC_REPRESENTATION_CONTEXT(2) 
PARAMETRIC_REPRESENTATION_CONTEXT() REPRESENTATION_CONTEXT('2D SPACE',''
  ) );
#1651 = ADVANCED_FACE('',(#1652),#1610,.F.);
#1652 = FACE_BOUND('',#1653,.F.);
#1653 = EDGE_LOOP('',(#1654,#1655,#1676,#1677));
#1654 = ORIENTED_EDGE('',*,*,#1593,.F.);
#1655 = ORIENTED_EDGE('',*,*,#1656,.F.);
#1656 = EDGE_CURVE('',#1629,#1594,#1657,.T.);
#1657 = SEAM_CURVE('',#1658,(#1662,#1669),.PCURVE_S1.);
#1658 = LINE('',#1659,#1660);
#1659 = CARTESIAN_POINT('',(34.,-8.327598234202E-15,-17.5));
#1660 = VECTOR('',#1661,1.);
#1661 = DIRECTION('',(0.,0.,1.));
#1662 = PCURVE('',#1610,#1663);
#1663 = DEFINITIONAL_REPRESENTATION('',(#1664),#1668);
#1664 = LINE('',#1665,#1666);
#1665 = CARTESIAN_POINT('',(6.28318530718,-0.));
#1666 = VECTOR('',#1667,1.);
#1667 = DIRECTION('',(0.,1.));
#1668 = ( GEOMETRIC_REPRESENTATION_CONTEXT(2) 
PARAMETRIC_REPRESENTATION_CONTEXT() REPRESENTATION_CONTEXT('2D SPACE',''
  ) );
#1669 = PCURVE('',#1610,#1670);
#1670 = DEFINITIONAL_REPRESENTATION('',(#1671),#1675);
#1671 = LINE('',#1672,#1673);
#1672 = CARTESIAN_POINT('',(0.,-0.));
#1673 = VECTOR('',#1674,1.);
#1674 = DIRECTION('',(0.,1.));
#1675 = ( GEOMETRIC_REPRESENTATION_CONTEXT(2) 
PARAMETRIC_REPRESENTATION_CONTEXT() REPRESENTATION_CONTEXT('2D SPACE',''
  ) );
#1676 = ORIENTED_EDGE('',*,*,#1628,.T.);
#1677 = ORIENTED_EDGE('',*,*,#1656,.T.);
#1678 = ( GEOMETRIC_REPRESENTATION_CONTEXT(3) 
GLOBAL_UNCERTAINTY_ASSIGNED_CONTEXT((#1682)) 
GLOBAL_UNIT_ASSIGNED_CONTEXT((#1679,#1680,#1681)) REPRESENTATION_CONTEXT
('Context #1','3D Context with UNIT and UNCERTAINTY') );
#1679 = ( LENGTH_UNIT() NAMED_UNIT(*) SI_UNIT(.MILLI.,.METRE.) );
#1680 = ( NAMED_UNIT(*) PLANE_ANGLE_UNIT() SI_UNIT($,.RADIAN.) );
#1681 = ( NAMED_UNIT(*) SI_UNIT($,.STERADIAN.) SOLID_ANGLE_UNIT() );
#1682 = UNCERTAINTY_MEASURE_WITH_UNIT(LENGTH_MEASURE(1.E-07),#1679,
  'distance_accuracy_value','confusion accuracy');
#1683 = CONTEXT_DEPENDENT_SHAPE_REPRESENTATION(#1684,#1686);
#1684 = ( REPRESENTATION_RELATIONSHIP('','',#1495,#1472) 
REPRESENTATION_RELATIONSHIP_WITH_TRANSFORMATION(#1685) 
SHAPE_REPRESENTATION_RELATIONSHIP() );
#1685 = ITEM_DEFINED_TRANSFORMATION('','',#11,#1473);
#1686 = PRODUCT_DEFINITION_SHAPE('Placement','Placement of an item',
  #1687);
#1687 = NEXT_ASSEMBLY_USAGE_OCCURRENCE('313','=>[0:1:1:13]','',#1467,
  #1490,$);
#1688 = PRODUCT_RELATED_PRODUCT_CATEGORY('part',$,(#1492));
#1689 = SHAPE_DEFINITION_REPRESENTATION(#1690,#1696);
#1690 = PRODUCT_DEFINITION_SHAPE('','',#1691);
#1691 = PRODUCT_DEFINITION('design','',#1692,#1695);
#1692 = PRODUCT_DEFINITION_FORMATION('','',#1693);
#1693 = PRODUCT('left_palm_stabilizer_dark_bore',
  'left_palm_stabilizer_dark_bore','',(#1694));
#1694 = PRODUCT_CONTEXT('',#2,'mechanical');
#1695 = PRODUCT_DEFINITION_CONTEXT('part definition',#2,'design');
#1696 = SHAPE_REPRESENTATION('',(#11,#1697),#1701);
#1697 = AXIS2_PLACEMENT_3D('',#1698,#1699,#1700);
#1698 = CARTESIAN_POINT('',(0.,0.,-19.));
#1699 = DIRECTION('',(0.,0.,1.));
#1700 = DIRECTION('',(1.,0.,0.));
#1701 = ( GEOMETRIC_REPRESENTATION_CONTEXT(3) 
GLOBAL_UNCERTAINTY_ASSIGNED_CONTEXT((#1705)) 
GLOBAL_UNIT_ASSIGNED_CONTEXT((#1702,#1703,#1704)) REPRESENTATION_CONTEXT
('Context #1','3D Context with UNIT and UNCERTAINTY') );
#1702 = ( LENGTH_UNIT() NAMED_UNIT(*) SI_UNIT(.MILLI.,.METRE.) );
#1703 = ( NAMED_UNIT(*) PLANE_ANGLE_UNIT() SI_UNIT($,.RADIAN.) );
#1704 = ( NAMED_UNIT(*) SI_UNIT($,.STERADIAN.) SOLID_ANGLE_UNIT() );
#1705 = UNCERTAINTY_MEASURE_WITH_UNIT(LENGTH_MEASURE(1.E-07),#1702,
  'distance_accuracy_value','confusion accuracy');
#1706 = CONTEXT_DEPENDENT_SHAPE_REPRESENTATION(#1707,#1709);
#1707 = ( REPRESENTATION_RELATIONSHIP('','',#1696,#10) 
REPRESENTATION_RELATIONSHIP_WITH_TRANSFORMATION(#1708) 
SHAPE_REPRESENTATION_RELATIONSHIP() );
#1708 = ITEM_DEFINED_TRANSFORMATION('','',#11,#39);
#1709 = PRODUCT_DEFINITION_SHAPE('Placement','Placement of an item',
  #1710);
#1710 = NEXT_ASSEMBLY_USAGE_OCCURRENCE('316','=>[0:1:1:14]','',#5,#1691,
  $);
#1711 = PRODUCT_RELATED_PRODUCT_CATEGORY('part',$,(#1693));
#1712 = SHAPE_DEFINITION_REPRESENTATION(#1713,#1719);
#1713 = PRODUCT_DEFINITION_SHAPE('','',#1714);
#1714 = PRODUCT_DEFINITION('design','',#1715,#1718);
#1715 = PRODUCT_DEFINITION_FORMATION('','',#1716);
#1716 = PRODUCT('SOLID','SOLID','',(#1717));
#1717 = PRODUCT_CONTEXT('',#2,'mechanical');
#1718 = PRODUCT_DEFINITION_CONTEXT('part definition',#2,'design');
#1719 = ADVANCED_BREP_SHAPE_REPRESENTATION('',(#11,#1720),#1818);
#1720 = MANIFOLD_SOLID_BREP('',#1721);
#1721 = CLOSED_SHELL('',(#1722,#1810,#1814));
#1722 = ADVANCED_FACE('',(#1723),#1736,.T.);
#1723 = FACE_BOUND('',#1724,.T.);
#1724 = EDGE_LOOP('',(#1725,#1759,#1782,#1809));
#1725 = ORIENTED_EDGE('',*,*,#1726,.F.);
#1726 = EDGE_CURVE('',#1727,#1727,#1729,.T.);
#1727 = VERTEX_POINT('',#1728);
#1728 = CARTESIAN_POINT('',(33.,-8.082668874373E-15,38.));
#1729 = SURFACE_CURVE('',#1730,(#1735,#1747),.PCURVE_S1.);
#1730 = CIRCLE('',#1731,33.);
#1731 = AXIS2_PLACEMENT_3D('',#1732,#1733,#1734);
#1732 = CARTESIAN_POINT('',(0.,0.,38.));
#1733 = DIRECTION('',(0.,0.,1.));
#1734 = DIRECTION('',(1.,0.,-0.));
#1735 = PCURVE('',#1736,#1741);
#1736 = CYLINDRICAL_SURFACE('',#1737,33.);
#1737 = AXIS2_PLACEMENT_3D('',#1738,#1739,#1740);
#1738 = CARTESIAN_POINT('',(0.,0.,0.));
#1739 = DIRECTION('',(0.,0.,1.));
#1740 = DIRECTION('',(1.,0.,-0.));
#1741 = DEFINITIONAL_REPRESENTATION('',(#1742),#1746);
#1742 = LINE('',#1743,#1744);
#1743 = CARTESIAN_POINT('',(0.,38.));
#1744 = VECTOR('',#1745,1.);
#1745 = DIRECTION('',(1.,0.));
#1746 = ( GEOMETRIC_REPRESENTATION_CONTEXT(2) 
PARAMETRIC_REPRESENTATION_CONTEXT() REPRESENTATION_CONTEXT('2D SPACE',''
  ) );
#1747 = PCURVE('',#1748,#1753);
#1748 = PLANE('',#1749);
#1749 = AXIS2_PLACEMENT_3D('',#1750,#1751,#1752);
#1750 = CARTESIAN_POINT('',(0.,0.,38.));
#1751 = DIRECTION('',(0.,0.,1.));
#1752 = DIRECTION('',(1.,0.,-0.));
#1753 = DEFINITIONAL_REPRESENTATION('',(#1754),#1758);
#1754 = CIRCLE('',#1755,33.);
#1755 = AXIS2_PLACEMENT_2D('',#1756,#1757);
#1756 = CARTESIAN_POINT('',(0.,0.));
#1757 = DIRECTION('',(1.,0.));
#1758 = ( GEOMETRIC_REPRESENTATION_CONTEXT(2) 
PARAMETRIC_REPRESENTATION_CONTEXT() REPRESENTATION_CONTEXT('2D SPACE',''
  ) );
#1759 = ORIENTED_EDGE('',*,*,#1760,.F.);
#1760 = EDGE_CURVE('',#1761,#1727,#1763,.T.);
#1761 = VERTEX_POINT('',#1762);
#1762 = CARTESIAN_POINT('',(33.,-8.082668874373E-15,0.));
#1763 = SEAM_CURVE('',#1764,(#1768,#1775),.PCURVE_S1.);
#1764 = LINE('',#1765,#1766);
#1765 = CARTESIAN_POINT('',(33.,-8.082668874373E-15,0.));
#1766 = VECTOR('',#1767,1.);
#1767 = DIRECTION('',(0.,0.,1.));
#1768 = PCURVE('',#1736,#1769);
#1769 = DEFINITIONAL_REPRESENTATION('',(#1770),#1774);
#1770 = LINE('',#1771,#1772);
#1771 = CARTESIAN_POINT('',(6.28318530718,-0.));
#1772 = VECTOR('',#1773,1.);
#1773 = DIRECTION('',(0.,1.));
#1774 = ( GEOMETRIC_REPRESENTATION_CONTEXT(2) 
PARAMETRIC_REPRESENTATION_CONTEXT() REPRESENTATION_CONTEXT('2D SPACE',''
  ) );
#1775 = PCURVE('',#1736,#1776);
#1776 = DEFINITIONAL_REPRESENTATION('',(#1777),#1781);
#1777 = LINE('',#1778,#1779);
#1778 = CARTESIAN_POINT('',(0.,-0.));
#1779 = VECTOR('',#1780,1.);
#1780 = DIRECTION('',(0.,1.));
#1781 = ( GEOMETRIC_REPRESENTATION_CONTEXT(2) 
PARAMETRIC_REPRESENTATION_CONTEXT() REPRESENTATION_CONTEXT('2D SPACE',''
  ) );
#1782 = ORIENTED_EDGE('',*,*,#1783,.T.);
#1783 = EDGE_CURVE('',#1761,#1761,#1784,.T.);
#1784 = SURFACE_CURVE('',#1785,(#1790,#1797),.PCURVE_S1.);
#1785 = CIRCLE('',#1786,33.);
#1786 = AXIS2_PLACEMENT_3D('',#1787,#1788,#1789);
#1787 = CARTESIAN_POINT('',(0.,0.,0.));
#1788 = DIRECTION('',(0.,0.,1.));
#1789 = DIRECTION('',(1.,0.,-0.));
#1790 = PCURVE('',#1736,#1791);
#1791 = DEFINITIONAL_REPRESENTATION('',(#1792),#1796);
#1792 = LINE('',#1793,#1794);
#1793 = CARTESIAN_POINT('',(0.,0.));
#1794 = VECTOR('',#1795,1.);
#1795 = DIRECTION('',(1.,0.));
#1796 = ( GEOMETRIC_REPRESENTATION_CONTEXT(2) 
PARAMETRIC_REPRESENTATION_CONTEXT() REPRESENTATION_CONTEXT('2D SPACE',''
  ) );
#1797 = PCURVE('',#1798,#1803);
#1798 = PLANE('',#1799);
#1799 = AXIS2_PLACEMENT_3D('',#1800,#1801,#1802);
#1800 = CARTESIAN_POINT('',(0.,0.,0.));
#1801 = DIRECTION('',(0.,0.,1.));
#1802 = DIRECTION('',(1.,0.,-0.));
#1803 = DEFINITIONAL_REPRESENTATION('',(#1804),#1808);
#1804 = CIRCLE('',#1805,33.);
#1805 = AXIS2_PLACEMENT_2D('',#1806,#1807);
#1806 = CARTESIAN_POINT('',(0.,0.));
#1807 = DIRECTION('',(1.,0.));
#1808 = ( GEOMETRIC_REPRESENTATION_CONTEXT(2) 
PARAMETRIC_REPRESENTATION_CONTEXT() REPRESENTATION_CONTEXT('2D SPACE',''
  ) );
#1809 = ORIENTED_EDGE('',*,*,#1760,.T.);
#1810 = ADVANCED_FACE('',(#1811),#1748,.T.);
#1811 = FACE_BOUND('',#1812,.T.);
#1812 = EDGE_LOOP('',(#1813));
#1813 = ORIENTED_EDGE('',*,*,#1726,.T.);
#1814 = ADVANCED_FACE('',(#1815),#1798,.F.);
#1815 = FACE_BOUND('',#1816,.T.);
#1816 = EDGE_LOOP('',(#1817));
#1817 = ORIENTED_EDGE('',*,*,#1783,.F.);
#1818 = ( GEOMETRIC_REPRESENTATION_CONTEXT(3) 
GLOBAL_UNCERTAINTY_ASSIGNED_CONTEXT((#1822)) 
GLOBAL_UNIT_ASSIGNED_CONTEXT((#1819,#1820,#1821)) REPRESENTATION_CONTEXT
('Context #1','3D Context with UNIT and UNCERTAINTY') );
#1819 = ( LENGTH_UNIT() NAMED_UNIT(*) SI_UNIT(.MILLI.,.METRE.) );
#1820 = ( NAMED_UNIT(*) PLANE_ANGLE_UNIT() SI_UNIT($,.RADIAN.) );
#1821 = ( NAMED_UNIT(*) SI_UNIT($,.STERADIAN.) SOLID_ANGLE_UNIT() );
#1822 = UNCERTAINTY_MEASURE_WITH_UNIT(LENGTH_MEASURE(1.E-07),#1819,
  'distance_accuracy_value','confusion accuracy');
#1823 = CONTEXT_DEPENDENT_SHAPE_REPRESENTATION(#1824,#1826);
#1824 = ( REPRESENTATION_RELATIONSHIP('','',#1719,#1696) 
REPRESENTATION_RELATIONSHIP_WITH_TRANSFORMATION(#1825) 
SHAPE_REPRESENTATION_RELATIONSHIP() );
#1825 = ITEM_DEFINED_TRANSFORMATION('','',#11,#1697);
#1826 = PRODUCT_DEFINITION_SHAPE('Placement','Placement of an item',
  #1827);
#1827 = NEXT_ASSEMBLY_USAGE_OCCURRENCE('315','=>[0:1:1:15]','',#1691,
  #1714,$);
#1828 = PRODUCT_RELATED_PRODUCT_CATEGORY('part',$,(#1716));
#1829 = SHAPE_DEFINITION_REPRESENTATION(#1830,#1836);
#1830 = PRODUCT_DEFINITION_SHAPE('','',#1831);
#1831 = PRODUCT_DEFINITION('design','',#1832,#1835);
#1832 = PRODUCT_DEFINITION_FORMATION('','',#1833);
#1833 = PRODUCT('left_wrist_gimbal_block','left_wrist_gimbal_block','',(
    #1834));
#1834 = PRODUCT_CONTEXT('',#2,'mechanical');
#1835 = PRODUCT_DEFINITION_CONTEXT('part definition',#2,'design');
#1836 = SHAPE_REPRESENTATION('',(#11,#1837),#1841);
#1837 = AXIS2_PLACEMENT_3D('',#1838,#1839,#1840);
#1838 = CARTESIAN_POINT('',(-58.,-38.,-40.));
#1839 = DIRECTION('',(0.,0.,1.));
#1840 = DIRECTION('',(1.,0.,0.));
#1841 = ( GEOMETRIC_REPRESENTATION_CONTEXT(3) 
GLOBAL_UNCERTAINTY_ASSIGNED_CONTEXT((#1845)) 
GLOBAL_UNIT_ASSIGNED_CONTEXT((#1842,#1843,#1844)) REPRESENTATION_CONTEXT
('Context #1','3D Context with UNIT and UNCERTAINTY') );
#1842 = ( LENGTH_UNIT() NAMED_UNIT(*) SI_UNIT(.MILLI.,.METRE.) );
#1843 = ( NAMED_UNIT(*) PLANE_ANGLE_UNIT() SI_UNIT($,.RADIAN.) );
#1844 = ( NAMED_UNIT(*) SI_UNIT($,.STERADIAN.) SOLID_ANGLE_UNIT() );
#1845 = UNCERTAINTY_MEASURE_WITH_UNIT(LENGTH_MEASURE(1.E-07),#1842,
  'distance_accuracy_value','confusion accuracy');
#1846 = CONTEXT_DEPENDENT_SHAPE_REPRESENTATION(#1847,#1849);
#1847 = ( REPRESENTATION_RELATIONSHIP('','',#1836,#10) 
REPRESENTATION_RELATIONSHIP_WITH_TRANSFORMATION(#1848) 
SHAPE_REPRESENTATION_RELATIONSHIP() );
#1848 = ITEM_DEFINED_TRANSFORMATION('','',#11,#43);
#1849 = PRODUCT_DEFINITION_SHAPE('Placement','Placement of an item',
  #1850);
#1850 = NEXT_ASSEMBLY_USAGE_OCCURRENCE('318','=>[0:1:1:16]','',#5,#1831,
  $);
#1851 = PRODUCT_RELATED_PRODUCT_CATEGORY('part',$,(#1833));
#1852 = SHAPE_DEFINITION_REPRESENTATION(#1853,#1859);
#1853 = PRODUCT_DEFINITION_SHAPE('','',#1854);
#1854 = PRODUCT_DEFINITION('design','',#1855,#1858);
#1855 = PRODUCT_DEFINITION_FORMATION('','',#1856);
#1856 = PRODUCT('SOLID','SOLID','',(#1857));
#1857 = PRODUCT_CONTEXT('',#2,'mechanical');
#1858 = PRODUCT_DEFINITION_CONTEXT('part definition',#2,'design');
#1859 = ADVANCED_BREP_SHAPE_REPRESENTATION('',(#11,#1860),#2190);
#1860 = MANIFOLD_SOLID_BREP('',#1861);
#1861 = CLOSED_SHELL('',(#1862,#1982,#2082,#2129,#2176,#2183));
#1862 = ADVANCED_FACE('',(#1863),#1877,.F.);
#1863 = FACE_BOUND('',#1864,.F.);
#1864 = EDGE_LOOP('',(#1865,#1900,#1928,#1956));
#1865 = ORIENTED_EDGE('',*,*,#1866,.F.);
#1866 = EDGE_CURVE('',#1867,#1869,#1871,.T.);
#1867 = VERTEX_POINT('',#1868);
#1868 = CARTESIAN_POINT('',(0.,0.,0.));
#1869 = VERTEX_POINT('',#1870);
#1870 = CARTESIAN_POINT('',(0.,0.,80.));
#1871 = SURFACE_CURVE('',#1872,(#1876,#1888),.PCURVE_S1.);
#1872 = LINE('',#1873,#1874);
#1873 = CARTESIAN_POINT('',(0.,0.,0.));
#1874 = VECTOR('',#1875,1.);
#1875 = DIRECTION('',(0.,0.,1.));
#1876 = PCURVE('',#1877,#1882);
#1877 = PLANE('',#1878);
#1878 = AXIS2_PLACEMENT_3D('',#1879,#1880,#1881);
#1879 = CARTESIAN_POINT('',(0.,0.,0.));
#1880 = DIRECTION('',(1.,0.,-0.));
#1881 = DIRECTION('',(0.,0.,1.));
#1882 = DEFINITIONAL_REPRESENTATION('',(#1883),#1887);
#1883 = LINE('',#1884,#1885);
#1884 = CARTESIAN_POINT('',(0.,0.));
#1885 = VECTOR('',#1886,1.);
#1886 = DIRECTION('',(1.,0.));
#1887 = ( GEOMETRIC_REPRESENTATION_CONTEXT(2) 
PARAMETRIC_REPRESENTATION_CONTEXT() REPRESENTATION_CONTEXT('2D SPACE',''
  ) );
#1888 = PCURVE('',#1889,#1894);
#1889 = PLANE('',#1890);
#1890 = AXIS2_PLACEMENT_3D('',#1891,#1892,#1893);
#1891 = CARTESIAN_POINT('',(0.,0.,0.));
#1892 = DIRECTION('',(-0.,1.,0.));
#1893 = DIRECTION('',(0.,0.,1.));
#1894 = DEFINITIONAL_REPRESENTATION('',(#1895),#1899);
#1895 = LINE('',#1896,#1897);
#1896 = CARTESIAN_POINT('',(0.,0.));
#1897 = VECTOR('',#1898,1.);
#1898 = DIRECTION('',(1.,0.));
#1899 = ( GEOMETRIC_REPRESENTATION_CONTEXT(2) 
PARAMETRIC_REPRESENTATION_CONTEXT() REPRESENTATION_CONTEXT('2D SPACE',''
  ) );
#1900 = ORIENTED_EDGE('',*,*,#1901,.T.);
#1901 = EDGE_CURVE('',#1867,#1902,#1904,.T.);
#1902 = VERTEX_POINT('',#1903);
#1903 = CARTESIAN_POINT('',(0.,76.,0.));
#1904 = SURFACE_CURVE('',#1905,(#1909,#1916),.PCURVE_S1.);
#1905 = LINE('',#1906,#1907);
#1906 = CARTESIAN_POINT('',(0.,0.,0.));
#1907 = VECTOR('',#1908,1.);
#1908 = DIRECTION('',(-0.,1.,0.));
#1909 = PCURVE('',#1877,#1910);
#1910 = DEFINITIONAL_REPRESENTATION('',(#1911),#1915);
#1911 = LINE('',#1912,#1913);
#1912 = CARTESIAN_POINT('',(0.,0.));
#1913 = VECTOR('',#1914,1.);
#1914 = DIRECTION('',(0.,-1.));
#1915 = ( GEOMETRIC_REPRESENTATION_CONTEXT(2) 
PARAMETRIC_REPRESENTATION_CONTEXT() REPRESENTATION_CONTEXT('2D SPACE',''
  ) );
#1916 = PCURVE('',#1917,#1922);
#1917 = PLANE('',#1918);
#1918 = AXIS2_PLACEMENT_3D('',#1919,#1920,#1921);
#1919 = CARTESIAN_POINT('',(0.,0.,0.));
#1920 = DIRECTION('',(0.,0.,1.));
#1921 = DIRECTION('',(1.,0.,-0.));
#1922 = DEFINITIONAL_REPRESENTATION('',(#1923),#1927);
#1923 = LINE('',#1924,#1925);
#1924 = CARTESIAN_POINT('',(0.,0.));
#1925 = VECTOR('',#1926,1.);
#1926 = DIRECTION('',(0.,1.));
#1927 = ( GEOMETRIC_REPRESENTATION_CONTEXT(2) 
PARAMETRIC_REPRESENTATION_CONTEXT() REPRESENTATION_CONTEXT('2D SPACE',''
  ) );
#1928 = ORIENTED_EDGE('',*,*,#1929,.T.);
#1929 = EDGE_CURVE('',#1902,#1930,#1932,.T.);
#1930 = VERTEX_POINT('',#1931);
#1931 = CARTESIAN_POINT('',(0.,76.,80.));
#1932 = SURFACE_CURVE('',#1933,(#1937,#1944),.PCURVE_S1.);
#1933 = LINE('',#1934,#1935);
#1934 = CARTESIAN_POINT('',(0.,76.,0.));
#1935 = VECTOR('',#1936,1.);
#1936 = DIRECTION('',(0.,0.,1.));
#1937 = PCURVE('',#1877,#1938);
#1938 = DEFINITIONAL_REPRESENTATION('',(#1939),#1943);
#1939 = LINE('',#1940,#1941);
#1940 = CARTESIAN_POINT('',(0.,-76.));
#1941 = VECTOR('',#1942,1.);
#1942 = DIRECTION('',(1.,0.));
#1943 = ( GEOMETRIC_REPRESENTATION_CONTEXT(2) 
PARAMETRIC_REPRESENTATION_CONTEXT() REPRESENTATION_CONTEXT('2D SPACE',''
  ) );
#1944 = PCURVE('',#1945,#1950);
#1945 = PLANE('',#1946);
#1946 = AXIS2_PLACEMENT_3D('',#1947,#1948,#1949);
#1947 = CARTESIAN_POINT('',(0.,76.,0.));
#1948 = DIRECTION('',(-0.,1.,0.));
#1949 = DIRECTION('',(0.,0.,1.));
#1950 = DEFINITIONAL_REPRESENTATION('',(#1951),#1955);
#1951 = LINE('',#1952,#1953);
#1952 = CARTESIAN_POINT('',(0.,0.));
#1953 = VECTOR('',#1954,1.);
#1954 = DIRECTION('',(1.,0.));
#1955 = ( GEOMETRIC_REPRESENTATION_CONTEXT(2) 
PARAMETRIC_REPRESENTATION_CONTEXT() REPRESENTATION_CONTEXT('2D SPACE',''
  ) );
#1956 = ORIENTED_EDGE('',*,*,#1957,.F.);
#1957 = EDGE_CURVE('',#1869,#1930,#1958,.T.);
#1958 = SURFACE_CURVE('',#1959,(#1963,#1970),.PCURVE_S1.);
#1959 = LINE('',#1960,#1961);
#1960 = CARTESIAN_POINT('',(0.,0.,80.));
#1961 = VECTOR('',#1962,1.);
#1962 = DIRECTION('',(-0.,1.,0.));
#1963 = PCURVE('',#1877,#1964);
#1964 = DEFINITIONAL_REPRESENTATION('',(#1965),#1969);
#1965 = LINE('',#1966,#1967);
#1966 = CARTESIAN_POINT('',(80.,0.));
#1967 = VECTOR('',#1968,1.);
#1968 = DIRECTION('',(0.,-1.));
#1969 = ( GEOMETRIC_REPRESENTATION_CONTEXT(2) 
PARAMETRIC_REPRESENTATION_CONTEXT() REPRESENTATION_CONTEXT('2D SPACE',''
  ) );
#1970 = PCURVE('',#1971,#1976);
#1971 = PLANE('',#1972);
#1972 = AXIS2_PLACEMENT_3D('',#1973,#1974,#1975);
#1973 = CARTESIAN_POINT('',(0.,0.,80.));
#1974 = DIRECTION('',(0.,0.,1.));
#1975 = DIRECTION('',(1.,0.,-0.));
#1976 = DEFINITIONAL_REPRESENTATION('',(#1977),#1981);
#1977 = LINE('',#1978,#1979);
#1978 = CARTESIAN_POINT('',(0.,0.));
#1979 = VECTOR('',#1980,1.);
#1980 = DIRECTION('',(0.,1.));
#1981 = ( GEOMETRIC_REPRESENTATION_CONTEXT(2) 
PARAMETRIC_REPRESENTATION_CONTEXT() REPRESENTATION_CONTEXT('2D SPACE',''
  ) );
#1982 = ADVANCED_FACE('',(#1983),#1997,.T.);
#1983 = FACE_BOUND('',#1984,.T.);
#1984 = EDGE_LOOP('',(#1985,#2015,#2038,#2061));
#1985 = ORIENTED_EDGE('',*,*,#1986,.F.);
#1986 = EDGE_CURVE('',#1987,#1989,#1991,.T.);
#1987 = VERTEX_POINT('',#1988);
#1988 = CARTESIAN_POINT('',(116.,0.,0.));
#1989 = VERTEX_POINT('',#1990);
#1990 = CARTESIAN_POINT('',(116.,0.,80.));
#1991 = SURFACE_CURVE('',#1992,(#1996,#2008),.PCURVE_S1.);
#1992 = LINE('',#1993,#1994);
#1993 = CARTESIAN_POINT('',(116.,0.,0.));
#1994 = VECTOR('',#1995,1.);
#1995 = DIRECTION('',(0.,0.,1.));
#1996 = PCURVE('',#1997,#2002);
#1997 = PLANE('',#1998);
#1998 = AXIS2_PLACEMENT_3D('',#1999,#2000,#2001);
#1999 = CARTESIAN_POINT('',(116.,0.,0.));
#2000 = DIRECTION('',(1.,0.,-0.));
#2001 = DIRECTION('',(0.,0.,1.));
#2002 = DEFINITIONAL_REPRESENTATION('',(#2003),#2007);
#2003 = LINE('',#2004,#2005);
#2004 = CARTESIAN_POINT('',(0.,0.));
#2005 = VECTOR('',#2006,1.);
#2006 = DIRECTION('',(1.,0.));
#2007 = ( GEOMETRIC_REPRESENTATION_CONTEXT(2) 
PARAMETRIC_REPRESENTATION_CONTEXT() REPRESENTATION_CONTEXT('2D SPACE',''
  ) );
#2008 = PCURVE('',#1889,#2009);
#2009 = DEFINITIONAL_REPRESENTATION('',(#2010),#2014);
#2010 = LINE('',#2011,#2012);
#2011 = CARTESIAN_POINT('',(0.,116.));
#2012 = VECTOR('',#2013,1.);
#2013 = DIRECTION('',(1.,0.));
#2014 = ( GEOMETRIC_REPRESENTATION_CONTEXT(2) 
PARAMETRIC_REPRESENTATION_CONTEXT() REPRESENTATION_CONTEXT('2D SPACE',''
  ) );
#2015 = ORIENTED_EDGE('',*,*,#2016,.T.);
#2016 = EDGE_CURVE('',#1987,#2017,#2019,.T.);
#2017 = VERTEX_POINT('',#2018);
#2018 = CARTESIAN_POINT('',(116.,76.,0.));
#2019 = SURFACE_CURVE('',#2020,(#2024,#2031),.PCURVE_S1.);
#2020 = LINE('',#2021,#2022);
#2021 = CARTESIAN_POINT('',(116.,0.,0.));
#2022 = VECTOR('',#2023,1.);
#2023 = DIRECTION('',(-0.,1.,0.));
#2024 = PCURVE('',#1997,#2025);
#2025 = DEFINITIONAL_REPRESENTATION('',(#2026),#2030);
#2026 = LINE('',#2027,#2028);
#2027 = CARTESIAN_POINT('',(0.,0.));
#2028 = VECTOR('',#2029,1.);
#2029 = DIRECTION('',(0.,-1.));
#2030 = ( GEOMETRIC_REPRESENTATION_CONTEXT(2) 
PARAMETRIC_REPRESENTATION_CONTEXT() REPRESENTATION_CONTEXT('2D SPACE',''
  ) );
#2031 = PCURVE('',#1917,#2032);
#2032 = DEFINITIONAL_REPRESENTATION('',(#2033),#2037);
#2033 = LINE('',#2034,#2035);
#2034 = CARTESIAN_POINT('',(116.,0.));
#2035 = VECTOR('',#2036,1.);
#2036 = DIRECTION('',(0.,1.));
#2037 = ( GEOMETRIC_REPRESENTATION_CONTEXT(2) 
PARAMETRIC_REPRESENTATION_CONTEXT() REPRESENTATION_CONTEXT('2D SPACE',''
  ) );
#2038 = ORIENTED_EDGE('',*,*,#2039,.T.);
#2039 = EDGE_CURVE('',#2017,#2040,#2042,.T.);
#2040 = VERTEX_POINT('',#2041);
#2041 = CARTESIAN_POINT('',(116.,76.,80.));
#2042 = SURFACE_CURVE('',#2043,(#2047,#2054),.PCURVE_S1.);
#2043 = LINE('',#2044,#2045);
#2044 = CARTESIAN_POINT('',(116.,76.,0.));
#2045 = VECTOR('',#2046,1.);
#2046 = DIRECTION('',(0.,0.,1.));
#2047 = PCURVE('',#1997,#2048);
#2048 = DEFINITIONAL_REPRESENTATION('',(#2049),#2053);
#2049 = LINE('',#2050,#2051);
#2050 = CARTESIAN_POINT('',(0.,-76.));
#2051 = VECTOR('',#2052,1.);
#2052 = DIRECTION('',(1.,0.));
#2053 = ( GEOMETRIC_REPRESENTATION_CONTEXT(2) 
PARAMETRIC_REPRESENTATION_CONTEXT() REPRESENTATION_CONTEXT('2D SPACE',''
  ) );
#2054 = PCURVE('',#1945,#2055);
#2055 = DEFINITIONAL_REPRESENTATION('',(#2056),#2060);
#2056 = LINE('',#2057,#2058);
#2057 = CARTESIAN_POINT('',(0.,116.));
#2058 = VECTOR('',#2059,1.);
#2059 = DIRECTION('',(1.,0.));
#2060 = ( GEOMETRIC_REPRESENTATION_CONTEXT(2) 
PARAMETRIC_REPRESENTATION_CONTEXT() REPRESENTATION_CONTEXT('2D SPACE',''
  ) );
#2061 = ORIENTED_EDGE('',*,*,#2062,.F.);
#2062 = EDGE_CURVE('',#1989,#2040,#2063,.T.);
#2063 = SURFACE_CURVE('',#2064,(#2068,#2075),.PCURVE_S1.);
#2064 = LINE('',#2065,#2066);
#2065 = CARTESIAN_POINT('',(116.,0.,80.));
#2066 = VECTOR('',#2067,1.);
#2067 = DIRECTION('',(-0.,1.,0.));
#2068 = PCURVE('',#1997,#2069);
#2069 = DEFINITIONAL_REPRESENTATION('',(#2070),#2074);
#2070 = LINE('',#2071,#2072);
#2071 = CARTESIAN_POINT('',(80.,0.));
#2072 = VECTOR('',#2073,1.);
#2073 = DIRECTION('',(0.,-1.));
#2074 = ( GEOMETRIC_REPRESENTATION_CONTEXT(2) 
PARAMETRIC_REPRESENTATION_CONTEXT() REPRESENTATION_CONTEXT('2D SPACE',''
  ) );
#2075 = PCURVE('',#1971,#2076);
#2076 = DEFINITIONAL_REPRESENTATION('',(#2077),#2081);
#2077 = LINE('',#2078,#2079);
#2078 = CARTESIAN_POINT('',(116.,0.));
#2079 = VECTOR('',#2080,1.);
#2080 = DIRECTION('',(0.,1.));
#2081 = ( GEOMETRIC_REPRESENTATION_CONTEXT(2) 
PARAMETRIC_REPRESENTATION_CONTEXT() REPRESENTATION_CONTEXT('2D SPACE',''
  ) );
#2082 = ADVANCED_FACE('',(#2083),#1889,.F.);
#2083 = FACE_BOUND('',#2084,.F.);
#2084 = EDGE_LOOP('',(#2085,#2106,#2107,#2128));
#2085 = ORIENTED_EDGE('',*,*,#2086,.F.);
#2086 = EDGE_CURVE('',#1867,#1987,#2087,.T.);
#2087 = SURFACE_CURVE('',#2088,(#2092,#2099),.PCURVE_S1.);
#2088 = LINE('',#2089,#2090);
#2089 = CARTESIAN_POINT('',(0.,0.,0.));
#2090 = VECTOR('',#2091,1.);
#2091 = DIRECTION('',(1.,0.,-0.));
#2092 = PCURVE('',#1889,#2093);
#2093 = DEFINITIONAL_REPRESENTATION('',(#2094),#2098);
#2094 = LINE('',#2095,#2096);
#2095 = CARTESIAN_POINT('',(0.,0.));
#2096 = VECTOR('',#2097,1.);
#2097 = DIRECTION('',(0.,1.));
#2098 = ( GEOMETRIC_REPRESENTATION_CONTEXT(2) 
PARAMETRIC_REPRESENTATION_CONTEXT() REPRESENTATION_CONTEXT('2D SPACE',''
  ) );
#2099 = PCURVE('',#1917,#2100);
#2100 = DEFINITIONAL_REPRESENTATION('',(#2101),#2105);
#2101 = LINE('',#2102,#2103);
#2102 = CARTESIAN_POINT('',(0.,0.));
#2103 = VECTOR('',#2104,1.);
#2104 = DIRECTION('',(1.,0.));
#2105 = ( GEOMETRIC_REPRESENTATION_CONTEXT(2) 
PARAMETRIC_REPRESENTATION_CONTEXT() REPRESENTATION_CONTEXT('2D SPACE',''
  ) );
#2106 = ORIENTED_EDGE('',*,*,#1866,.T.);
#2107 = ORIENTED_EDGE('',*,*,#2108,.T.);
#2108 = EDGE_CURVE('',#1869,#1989,#2109,.T.);
#2109 = SURFACE_CURVE('',#2110,(#2114,#2121),.PCURVE_S1.);
#2110 = LINE('',#2111,#2112);
#2111 = CARTESIAN_POINT('',(0.,0.,80.));
#2112 = VECTOR('',#2113,1.);
#2113 = DIRECTION('',(1.,0.,-0.));
#2114 = PCURVE('',#1889,#2115);
#2115 = DEFINITIONAL_REPRESENTATION('',(#2116),#2120);
#2116 = LINE('',#2117,#2118);
#2117 = CARTESIAN_POINT('',(80.,0.));
#2118 = VECTOR('',#2119,1.);
#2119 = DIRECTION('',(0.,1.));
#2120 = ( GEOMETRIC_REPRESENTATION_CONTEXT(2) 
PARAMETRIC_REPRESENTATION_CONTEXT() REPRESENTATION_CONTEXT('2D SPACE',''
  ) );
#2121 = PCURVE('',#1971,#2122);
#2122 = DEFINITIONAL_REPRESENTATION('',(#2123),#2127);
#2123 = LINE('',#2124,#2125);
#2124 = CARTESIAN_POINT('',(0.,0.));
#2125 = VECTOR('',#2126,1.);
#2126 = DIRECTION('',(1.,0.));
#2127 = ( GEOMETRIC_REPRESENTATION_CONTEXT(2) 
PARAMETRIC_REPRESENTATION_CONTEXT() REPRESENTATION_CONTEXT('2D SPACE',''
  ) );
#2128 = ORIENTED_EDGE('',*,*,#1986,.F.);
#2129 = ADVANCED_FACE('',(#2130),#1945,.T.);
#2130 = FACE_BOUND('',#2131,.T.);
#2131 = EDGE_LOOP('',(#2132,#2153,#2154,#2175));
#2132 = ORIENTED_EDGE('',*,*,#2133,.F.);
#2133 = EDGE_CURVE('',#1902,#2017,#2134,.T.);
#2134 = SURFACE_CURVE('',#2135,(#2139,#2146),.PCURVE_S1.);
#2135 = LINE('',#2136,#2137);
#2136 = CARTESIAN_POINT('',(0.,76.,0.));
#2137 = VECTOR('',#2138,1.);
#2138 = DIRECTION('',(1.,0.,-0.));
#2139 = PCURVE('',#1945,#2140);
#2140 = DEFINITIONAL_REPRESENTATION('',(#2141),#2145);
#2141 = LINE('',#2142,#2143);
#2142 = CARTESIAN_POINT('',(0.,0.));
#2143 = VECTOR('',#2144,1.);
#2144 = DIRECTION('',(0.,1.));
#2145 = ( GEOMETRIC_REPRESENTATION_CONTEXT(2) 
PARAMETRIC_REPRESENTATION_CONTEXT() REPRESENTATION_CONTEXT('2D SPACE',''
  ) );
#2146 = PCURVE('',#1917,#2147);
#2147 = DEFINITIONAL_REPRESENTATION('',(#2148),#2152);
#2148 = LINE('',#2149,#2150);
#2149 = CARTESIAN_POINT('',(0.,76.));
#2150 = VECTOR('',#2151,1.);
#2151 = DIRECTION('',(1.,0.));
#2152 = ( GEOMETRIC_REPRESENTATION_CONTEXT(2) 
PARAMETRIC_REPRESENTATION_CONTEXT() REPRESENTATION_CONTEXT('2D SPACE',''
  ) );
#2153 = ORIENTED_EDGE('',*,*,#1929,.T.);
#2154 = ORIENTED_EDGE('',*,*,#2155,.T.);
#2155 = EDGE_CURVE('',#1930,#2040,#2156,.T.);
#2156 = SURFACE_CURVE('',#2157,(#2161,#2168),.PCURVE_S1.);
#2157 = LINE('',#2158,#2159);
#2158 = CARTESIAN_POINT('',(0.,76.,80.));
#2159 = VECTOR('',#2160,1.);
#2160 = DIRECTION('',(1.,0.,-0.));
#2161 = PCURVE('',#1945,#2162);
#2162 = DEFINITIONAL_REPRESENTATION('',(#2163),#2167);
#2163 = LINE('',#2164,#2165);
#2164 = CARTESIAN_POINT('',(80.,0.));
#2165 = VECTOR('',#2166,1.);
#2166 = DIRECTION('',(0.,1.));
#2167 = ( GEOMETRIC_REPRESENTATION_CONTEXT(2) 
PARAMETRIC_REPRESENTATION_CONTEXT() REPRESENTATION_CONTEXT('2D SPACE',''
  ) );
#2168 = PCURVE('',#1971,#2169);
#2169 = DEFINITIONAL_REPRESENTATION('',(#2170),#2174);
#2170 = LINE('',#2171,#2172);
#2171 = CARTESIAN_POINT('',(0.,76.));
#2172 = VECTOR('',#2173,1.);
#2173 = DIRECTION('',(1.,0.));
#2174 = ( GEOMETRIC_REPRESENTATION_CONTEXT(2) 
PARAMETRIC_REPRESENTATION_CONTEXT() REPRESENTATION_CONTEXT('2D SPACE',''
  ) );
#2175 = ORIENTED_EDGE('',*,*,#2039,.F.);
#2176 = ADVANCED_FACE('',(#2177),#1917,.F.);
#2177 = FACE_BOUND('',#2178,.F.);
#2178 = EDGE_LOOP('',(#2179,#2180,#2181,#2182));
#2179 = ORIENTED_EDGE('',*,*,#1901,.F.);
#2180 = ORIENTED_EDGE('',*,*,#2086,.T.);
#2181 = ORIENTED_EDGE('',*,*,#2016,.T.);
#2182 = ORIENTED_EDGE('',*,*,#2133,.F.);
#2183 = ADVANCED_FACE('',(#2184),#1971,.T.);
#2184 = FACE_BOUND('',#2185,.T.);
#2185 = EDGE_LOOP('',(#2186,#2187,#2188,#2189));
#2186 = ORIENTED_EDGE('',*,*,#1957,.F.);
#2187 = ORIENTED_EDGE('',*,*,#2108,.T.);
#2188 = ORIENTED_EDGE('',*,*,#2062,.T.);
#2189 = ORIENTED_EDGE('',*,*,#2155,.F.);
#2190 = ( GEOMETRIC_REPRESENTATION_CONTEXT(3) 
GLOBAL_UNCERTAINTY_ASSIGNED_CONTEXT((#2194)) 
GLOBAL_UNIT_ASSIGNED_CONTEXT((#2191,#2192,#2193)) REPRESENTATION_CONTEXT
('Context #1','3D Context with UNIT and UNCERTAINTY') );
#2191 = ( LENGTH_UNIT() NAMED_UNIT(*) SI_UNIT(.MILLI.,.METRE.) );
#2192 = ( NAMED_UNIT(*) PLANE_ANGLE_UNIT() SI_UNIT($,.RADIAN.) );
#2193 = ( NAMED_UNIT(*) SI_UNIT($,.STERADIAN.) SOLID_ANGLE_UNIT() );
#2194 = UNCERTAINTY_MEASURE_WITH_UNIT(LENGTH_MEASURE(1.E-07),#2191,
  'distance_accuracy_value','confusion accuracy');
#2195 = CONTEXT_DEPENDENT_SHAPE_REPRESENTATION(#2196,#2198);
#2196 = ( REPRESENTATION_RELATIONSHIP('','',#1859,#1836) 
REPRESENTATION_RELATIONSHIP_WITH_TRANSFORMATION(#2197) 
SHAPE_REPRESENTATION_RELATIONSHIP() );
#2197 = ITEM_DEFINED_TRANSFORMATION('','',#11,#1837);
#2198 = PRODUCT_DEFINITION_SHAPE('Placement','Placement of an item',
  #2199);
#2199 = NEXT_ASSEMBLY_USAGE_OCCURRENCE('317','=>[0:1:1:17]','',#1831,
  #1854,$);
#2200 = PRODUCT_RELATED_PRODUCT_CATEGORY('part',$,(#1856));
#2201 = SHAPE_DEFINITION_REPRESENTATION(#2202,#2208);
#2202 = PRODUCT_DEFINITION_SHAPE('','',#2203);
#2203 = PRODUCT_DEFINITION('design','',#2204,#2207);
#2204 = PRODUCT_DEFINITION_FORMATION('','',#2205);
#2205 = PRODUCT('left_forearm_status_window',
  'left_forearm_status_window','',(#2206));
#2206 = PRODUCT_CONTEXT('',#2,'mechanical');
#2207 = PRODUCT_DEFINITION_CONTEXT('part definition',#2,'design');
#2208 = SHAPE_REPRESENTATION('',(#11,#2209),#2213);
#2209 = AXIS2_PLACEMENT_3D('',#2210,#2211,#2212);
#2210 = CARTESIAN_POINT('',(-37.,-10.,-21.));
#2211 = DIRECTION('',(0.,0.,1.));
#2212 = DIRECTION('',(1.,0.,0.));
#2213 = ( GEOMETRIC_REPRESENTATION_CONTEXT(3) 
GLOBAL_UNCERTAINTY_ASSIGNED_CONTEXT((#2217)) 
GLOBAL_UNIT_ASSIGNED_CONTEXT((#2214,#2215,#2216)) REPRESENTATION_CONTEXT
('Context #1','3D Context with UNIT and UNCERTAINTY') );
#2214 = ( LENGTH_UNIT() NAMED_UNIT(*) SI_UNIT(.MILLI.,.METRE.) );
#2215 = ( NAMED_UNIT(*) PLANE_ANGLE_UNIT() SI_UNIT($,.RADIAN.) );
#2216 = ( NAMED_UNIT(*) SI_UNIT($,.STERADIAN.) SOLID_ANGLE_UNIT() );
#2217 = UNCERTAINTY_MEASURE_WITH_UNIT(LENGTH_MEASURE(1.E-07),#2214,
  'distance_accuracy_value','confusion accuracy');
#2218 = CONTEXT_DEPENDENT_SHAPE_REPRESENTATION(#2219,#2221);
#2219 = ( REPRESENTATION_RELATIONSHIP('','',#2208,#10) 
REPRESENTATION_RELATIONSHIP_WITH_TRANSFORMATION(#2220) 
SHAPE_REPRESENTATION_RELATIONSHIP() );
#2220 = ITEM_DEFINED_TRANSFORMATION('','',#11,#47);
#2221 = PRODUCT_DEFINITION_SHAPE('Placement','Placement of an item',
  #2222);
#2222 = NEXT_ASSEMBLY_USAGE_OCCURRENCE('320','=>[0:1:1:18]','',#5,#2203,
  $);
#2223 = PRODUCT_RELATED_PRODUCT_CATEGORY('part',$,(#2205));
#2224 = SHAPE_DEFINITION_REPRESENTATION(#2225,#2231);
#2225 = PRODUCT_DEFINITION_SHAPE('','',#2226);
#2226 = PRODUCT_DEFINITION('design','',#2227,#2230);
#2227 = PRODUCT_DEFINITION_FORMATION('','',#2228);
#2228 = PRODUCT('SOLID','SOLID','',(#2229));
#2229 = PRODUCT_CONTEXT('',#2,'mechanical');
#2230 = PRODUCT_DEFINITION_CONTEXT('part definition',#2,'design');
#2231 = ADVANCED_BREP_SHAPE_REPRESENTATION('',(#11,#2232),#2562);
#2232 = MANIFOLD_SOLID_BREP('',#2233);
#2233 = CLOSED_SHELL('',(#2234,#2354,#2454,#2501,#2548,#2555));
#2234 = ADVANCED_FACE('',(#2235),#2249,.F.);
#2235 = FACE_BOUND('',#2236,.F.);
#2236 = EDGE_LOOP('',(#2237,#2272,#2300,#2328));
#2237 = ORIENTED_EDGE('',*,*,#2238,.F.);
#2238 = EDGE_CURVE('',#2239,#2241,#2243,.T.);
#2239 = VERTEX_POINT('',#2240);
#2240 = CARTESIAN_POINT('',(0.,0.,0.));
#2241 = VERTEX_POINT('',#2242);
#2242 = CARTESIAN_POINT('',(0.,0.,42.));
#2243 = SURFACE_CURVE('',#2244,(#2248,#2260),.PCURVE_S1.);
#2244 = LINE('',#2245,#2246);
#2245 = CARTESIAN_POINT('',(0.,0.,0.));
#2246 = VECTOR('',#2247,1.);
#2247 = DIRECTION('',(0.,0.,1.));
#2248 = PCURVE('',#2249,#2254);
#2249 = PLANE('',#2250);
#2250 = AXIS2_PLACEMENT_3D('',#2251,#2252,#2253);
#2251 = CARTESIAN_POINT('',(0.,0.,0.));
#2252 = DIRECTION('',(1.,0.,-0.));
#2253 = DIRECTION('',(0.,0.,1.));
#2254 = DEFINITIONAL_REPRESENTATION('',(#2255),#2259);
#2255 = LINE('',#2256,#2257);
#2256 = CARTESIAN_POINT('',(0.,0.));
#2257 = VECTOR('',#2258,1.);
#2258 = DIRECTION('',(1.,0.));
#2259 = ( GEOMETRIC_REPRESENTATION_CONTEXT(2) 
PARAMETRIC_REPRESENTATION_CONTEXT() REPRESENTATION_CONTEXT('2D SPACE',''
  ) );
#2260 = PCURVE('',#2261,#2266);
#2261 = PLANE('',#2262);
#2262 = AXIS2_PLACEMENT_3D('',#2263,#2264,#2265);
#2263 = CARTESIAN_POINT('',(0.,0.,0.));
#2264 = DIRECTION('',(-0.,1.,0.));
#2265 = DIRECTION('',(0.,0.,1.));
#2266 = DEFINITIONAL_REPRESENTATION('',(#2267),#2271);
#2267 = LINE('',#2268,#2269);
#2268 = CARTESIAN_POINT('',(0.,0.));
#2269 = VECTOR('',#2270,1.);
#2270 = DIRECTION('',(1.,0.));
#2271 = ( GEOMETRIC_REPRESENTATION_CONTEXT(2) 
PARAMETRIC_REPRESENTATION_CONTEXT() REPRESENTATION_CONTEXT('2D SPACE',''
  ) );
#2272 = ORIENTED_EDGE('',*,*,#2273,.T.);
#2273 = EDGE_CURVE('',#2239,#2274,#2276,.T.);
#2274 = VERTEX_POINT('',#2275);
#2275 = CARTESIAN_POINT('',(0.,20.,0.));
#2276 = SURFACE_CURVE('',#2277,(#2281,#2288),.PCURVE_S1.);
#2277 = LINE('',#2278,#2279);
#2278 = CARTESIAN_POINT('',(0.,0.,0.));
#2279 = VECTOR('',#2280,1.);
#2280 = DIRECTION('',(-0.,1.,0.));
#2281 = PCURVE('',#2249,#2282);
#2282 = DEFINITIONAL_REPRESENTATION('',(#2283),#2287);
#2283 = LINE('',#2284,#2285);
#2284 = CARTESIAN_POINT('',(0.,0.));
#2285 = VECTOR('',#2286,1.);
#2286 = DIRECTION('',(0.,-1.));
#2287 = ( GEOMETRIC_REPRESENTATION_CONTEXT(2) 
PARAMETRIC_REPRESENTATION_CONTEXT() REPRESENTATION_CONTEXT('2D SPACE',''
  ) );
#2288 = PCURVE('',#2289,#2294);
#2289 = PLANE('',#2290);
#2290 = AXIS2_PLACEMENT_3D('',#2291,#2292,#2293);
#2291 = CARTESIAN_POINT('',(0.,0.,0.));
#2292 = DIRECTION('',(0.,0.,1.));
#2293 = DIRECTION('',(1.,0.,-0.));
#2294 = DEFINITIONAL_REPRESENTATION('',(#2295),#2299);
#2295 = LINE('',#2296,#2297);
#2296 = CARTESIAN_POINT('',(0.,0.));
#2297 = VECTOR('',#2298,1.);
#2298 = DIRECTION('',(0.,1.));
#2299 = ( GEOMETRIC_REPRESENTATION_CONTEXT(2) 
PARAMETRIC_REPRESENTATION_CONTEXT() REPRESENTATION_CONTEXT('2D SPACE',''
  ) );
#2300 = ORIENTED_EDGE('',*,*,#2301,.T.);
#2301 = EDGE_CURVE('',#2274,#2302,#2304,.T.);
#2302 = VERTEX_POINT('',#2303);
#2303 = CARTESIAN_POINT('',(0.,20.,42.));
#2304 = SURFACE_CURVE('',#2305,(#2309,#2316),.PCURVE_S1.);
#2305 = LINE('',#2306,#2307);
#2306 = CARTESIAN_POINT('',(0.,20.,0.));
#2307 = VECTOR('',#2308,1.);
#2308 = DIRECTION('',(0.,0.,1.));
#2309 = PCURVE('',#2249,#2310);
#2310 = DEFINITIONAL_REPRESENTATION('',(#2311),#2315);
#2311 = LINE('',#2312,#2313);
#2312 = CARTESIAN_POINT('',(0.,-20.));
#2313 = VECTOR('',#2314,1.);
#2314 = DIRECTION('',(1.,0.));
#2315 = ( GEOMETRIC_REPRESENTATION_CONTEXT(2) 
PARAMETRIC_REPRESENTATION_CONTEXT() REPRESENTATION_CONTEXT('2D SPACE',''
  ) );
#2316 = PCURVE('',#2317,#2322);
#2317 = PLANE('',#2318);
#2318 = AXIS2_PLACEMENT_3D('',#2319,#2320,#2321);
#2319 = CARTESIAN_POINT('',(0.,20.,0.));
#2320 = DIRECTION('',(-0.,1.,0.));
#2321 = DIRECTION('',(0.,0.,1.));
#2322 = DEFINITIONAL_REPRESENTATION('',(#2323),#2327);
#2323 = LINE('',#2324,#2325);
#2324 = CARTESIAN_POINT('',(0.,0.));
#2325 = VECTOR('',#2326,1.);
#2326 = DIRECTION('',(1.,0.));
#2327 = ( GEOMETRIC_REPRESENTATION_CONTEXT(2) 
PARAMETRIC_REPRESENTATION_CONTEXT() REPRESENTATION_CONTEXT('2D SPACE',''
  ) );
#2328 = ORIENTED_EDGE('',*,*,#2329,.F.);
#2329 = EDGE_CURVE('',#2241,#2302,#2330,.T.);
#2330 = SURFACE_CURVE('',#2331,(#2335,#2342),.PCURVE_S1.);
#2331 = LINE('',#2332,#2333);
#2332 = CARTESIAN_POINT('',(0.,0.,42.));
#2333 = VECTOR('',#2334,1.);
#2334 = DIRECTION('',(-0.,1.,0.));
#2335 = PCURVE('',#2249,#2336);
#2336 = DEFINITIONAL_REPRESENTATION('',(#2337),#2341);
#2337 = LINE('',#2338,#2339);
#2338 = CARTESIAN_POINT('',(42.,0.));
#2339 = VECTOR('',#2340,1.);
#2340 = DIRECTION('',(0.,-1.));
#2341 = ( GEOMETRIC_REPRESENTATION_CONTEXT(2) 
PARAMETRIC_REPRESENTATION_CONTEXT() REPRESENTATION_CONTEXT('2D SPACE',''
  ) );
#2342 = PCURVE('',#2343,#2348);
#2343 = PLANE('',#2344);
#2344 = AXIS2_PLACEMENT_3D('',#2345,#2346,#2347);
#2345 = CARTESIAN_POINT('',(0.,0.,42.));
#2346 = DIRECTION('',(0.,0.,1.));
#2347 = DIRECTION('',(1.,0.,-0.));
#2348 = DEFINITIONAL_REPRESENTATION('',(#2349),#2353);
#2349 = LINE('',#2350,#2351);
#2350 = CARTESIAN_POINT('',(0.,0.));
#2351 = VECTOR('',#2352,1.);
#2352 = DIRECTION('',(0.,1.));
#2353 = ( GEOMETRIC_REPRESENTATION_CONTEXT(2) 
PARAMETRIC_REPRESENTATION_CONTEXT() REPRESENTATION_CONTEXT('2D SPACE',''
  ) );
#2354 = ADVANCED_FACE('',(#2355),#2369,.T.);
#2355 = FACE_BOUND('',#2356,.T.);
#2356 = EDGE_LOOP('',(#2357,#2387,#2410,#2433));
#2357 = ORIENTED_EDGE('',*,*,#2358,.F.);
#2358 = EDGE_CURVE('',#2359,#2361,#2363,.T.);
#2359 = VERTEX_POINT('',#2360);
#2360 = CARTESIAN_POINT('',(74.,0.,0.));
#2361 = VERTEX_POINT('',#2362);
#2362 = CARTESIAN_POINT('',(74.,0.,42.));
#2363 = SURFACE_CURVE('',#2364,(#2368,#2380),.PCURVE_S1.);
#2364 = LINE('',#2365,#2366);
#2365 = CARTESIAN_POINT('',(74.,0.,0.));
#2366 = VECTOR('',#2367,1.);
#2367 = DIRECTION('',(0.,0.,1.));
#2368 = PCURVE('',#2369,#2374);
#2369 = PLANE('',#2370);
#2370 = AXIS2_PLACEMENT_3D('',#2371,#2372,#2373);
#2371 = CARTESIAN_POINT('',(74.,0.,0.));
#2372 = DIRECTION('',(1.,0.,-0.));
#2373 = DIRECTION('',(0.,0.,1.));
#2374 = DEFINITIONAL_REPRESENTATION('',(#2375),#2379);
#2375 = LINE('',#2376,#2377);
#2376 = CARTESIAN_POINT('',(0.,0.));
#2377 = VECTOR('',#2378,1.);
#2378 = DIRECTION('',(1.,0.));
#2379 = ( GEOMETRIC_REPRESENTATION_CONTEXT(2) 
PARAMETRIC_REPRESENTATION_CONTEXT() REPRESENTATION_CONTEXT('2D SPACE',''
  ) );
#2380 = PCURVE('',#2261,#2381);
#2381 = DEFINITIONAL_REPRESENTATION('',(#2382),#2386);
#2382 = LINE('',#2383,#2384);
#2383 = CARTESIAN_POINT('',(0.,74.));
#2384 = VECTOR('',#2385,1.);
#2385 = DIRECTION('',(1.,0.));
#2386 = ( GEOMETRIC_REPRESENTATION_CONTEXT(2) 
PARAMETRIC_REPRESENTATION_CONTEXT() REPRESENTATION_CONTEXT('2D SPACE',''
  ) );
#2387 = ORIENTED_EDGE('',*,*,#2388,.T.);
#2388 = EDGE_CURVE('',#2359,#2389,#2391,.T.);
#2389 = VERTEX_POINT('',#2390);
#2390 = CARTESIAN_POINT('',(74.,20.,0.));
#2391 = SURFACE_CURVE('',#2392,(#2396,#2403),.PCURVE_S1.);
#2392 = LINE('',#2393,#2394);
#2393 = CARTESIAN_POINT('',(74.,0.,0.));
#2394 = VECTOR('',#2395,1.);
#2395 = DIRECTION('',(-0.,1.,0.));
#2396 = PCURVE('',#2369,#2397);
#2397 = DEFINITIONAL_REPRESENTATION('',(#2398),#2402);
#2398 = LINE('',#2399,#2400);
#2399 = CARTESIAN_POINT('',(0.,0.));
#2400 = VECTOR('',#2401,1.);
#2401 = DIRECTION('',(0.,-1.));
#2402 = ( GEOMETRIC_REPRESENTATION_CONTEXT(2) 
PARAMETRIC_REPRESENTATION_CONTEXT() REPRESENTATION_CONTEXT('2D SPACE',''
  ) );
#2403 = PCURVE('',#2289,#2404);
#2404 = DEFINITIONAL_REPRESENTATION('',(#2405),#2409);
#2405 = LINE('',#2406,#2407);
#2406 = CARTESIAN_POINT('',(74.,0.));
#2407 = VECTOR('',#2408,1.);
#2408 = DIRECTION('',(0.,1.));
#2409 = ( GEOMETRIC_REPRESENTATION_CONTEXT(2) 
PARAMETRIC_REPRESENTATION_CONTEXT() REPRESENTATION_CONTEXT('2D SPACE',''
  ) );
#2410 = ORIENTED_EDGE('',*,*,#2411,.T.);
#2411 = EDGE_CURVE('',#2389,#2412,#2414,.T.);
#2412 = VERTEX_POINT('',#2413);
#2413 = CARTESIAN_POINT('',(74.,20.,42.));
#2414 = SURFACE_CURVE('',#2415,(#2419,#2426),.PCURVE_S1.);
#2415 = LINE('',#2416,#2417);
#2416 = CARTESIAN_POINT('',(74.,20.,0.));
#2417 = VECTOR('',#2418,1.);
#2418 = DIRECTION('',(0.,0.,1.));
#2419 = PCURVE('',#2369,#2420);
#2420 = DEFINITIONAL_REPRESENTATION('',(#2421),#2425);
#2421 = LINE('',#2422,#2423);
#2422 = CARTESIAN_POINT('',(0.,-20.));
#2423 = VECTOR('',#2424,1.);
#2424 = DIRECTION('',(1.,0.));
#2425 = ( GEOMETRIC_REPRESENTATION_CONTEXT(2) 
PARAMETRIC_REPRESENTATION_CONTEXT() REPRESENTATION_CONTEXT('2D SPACE',''
  ) );
#2426 = PCURVE('',#2317,#2427);
#2427 = DEFINITIONAL_REPRESENTATION('',(#2428),#2432);
#2428 = LINE('',#2429,#2430);
#2429 = CARTESIAN_POINT('',(0.,74.));
#2430 = VECTOR('',#2431,1.);
#2431 = DIRECTION('',(1.,0.));
#2432 = ( GEOMETRIC_REPRESENTATION_CONTEXT(2) 
PARAMETRIC_REPRESENTATION_CONTEXT() REPRESENTATION_CONTEXT('2D SPACE',''
  ) );
#2433 = ORIENTED_EDGE('',*,*,#2434,.F.);
#2434 = EDGE_CURVE('',#2361,#2412,#2435,.T.);
#2435 = SURFACE_CURVE('',#2436,(#2440,#2447),.PCURVE_S1.);
#2436 = LINE('',#2437,#2438);
#2437 = CARTESIAN_POINT('',(74.,0.,42.));
#2438 = VECTOR('',#2439,1.);
#2439 = DIRECTION('',(-0.,1.,0.));
#2440 = PCURVE('',#2369,#2441);
#2441 = DEFINITIONAL_REPRESENTATION('',(#2442),#2446);
#2442 = LINE('',#2443,#2444);
#2443 = CARTESIAN_POINT('',(42.,0.));
#2444 = VECTOR('',#2445,1.);
#2445 = DIRECTION('',(0.,-1.));
#2446 = ( GEOMETRIC_REPRESENTATION_CONTEXT(2) 
PARAMETRIC_REPRESENTATION_CONTEXT() REPRESENTATION_CONTEXT('2D SPACE',''
  ) );
#2447 = PCURVE('',#2343,#2448);
#2448 = DEFINITIONAL_REPRESENTATION('',(#2449),#2453);
#2449 = LINE('',#2450,#2451);
#2450 = CARTESIAN_POINT('',(74.,0.));
#2451 = VECTOR('',#2452,1.);
#2452 = DIRECTION('',(0.,1.));
#2453 = ( GEOMETRIC_REPRESENTATION_CONTEXT(2) 
PARAMETRIC_REPRESENTATION_CONTEXT() REPRESENTATION_CONTEXT('2D SPACE',''
  ) );
#2454 = ADVANCED_FACE('',(#2455),#2261,.F.);
#2455 = FACE_BOUND('',#2456,.F.);
#2456 = EDGE_LOOP('',(#2457,#2478,#2479,#2500));
#2457 = ORIENTED_EDGE('',*,*,#2458,.F.);
#2458 = EDGE_CURVE('',#2239,#2359,#2459,.T.);
#2459 = SURFACE_CURVE('',#2460,(#2464,#2471),.PCURVE_S1.);
#2460 = LINE('',#2461,#2462);
#2461 = CARTESIAN_POINT('',(0.,0.,0.));
#2462 = VECTOR('',#2463,1.);
#2463 = DIRECTION('',(1.,0.,-0.));
#2464 = PCURVE('',#2261,#2465);
#2465 = DEFINITIONAL_REPRESENTATION('',(#2466),#2470);
#2466 = LINE('',#2467,#2468);
#2467 = CARTESIAN_POINT('',(0.,0.));
#2468 = VECTOR('',#2469,1.);
#2469 = DIRECTION('',(0.,1.));
#2470 = ( GEOMETRIC_REPRESENTATION_CONTEXT(2) 
PARAMETRIC_REPRESENTATION_CONTEXT() REPRESENTATION_CONTEXT('2D SPACE',''
  ) );
#2471 = PCURVE('',#2289,#2472);
#2472 = DEFINITIONAL_REPRESENTATION('',(#2473),#2477);
#2473 = LINE('',#2474,#2475);
#2474 = CARTESIAN_POINT('',(0.,0.));
#2475 = VECTOR('',#2476,1.);
#2476 = DIRECTION('',(1.,0.));
#2477 = ( GEOMETRIC_REPRESENTATION_CONTEXT(2) 
PARAMETRIC_REPRESENTATION_CONTEXT() REPRESENTATION_CONTEXT('2D SPACE',''
  ) );
#2478 = ORIENTED_EDGE('',*,*,#2238,.T.);
#2479 = ORIENTED_EDGE('',*,*,#2480,.T.);
#2480 = EDGE_CURVE('',#2241,#2361,#2481,.T.);
#2481 = SURFACE_CURVE('',#2482,(#2486,#2493),.PCURVE_S1.);
#2482 = LINE('',#2483,#2484);
#2483 = CARTESIAN_POINT('',(0.,0.,42.));
#2484 = VECTOR('',#2485,1.);
#2485 = DIRECTION('',(1.,0.,-0.));
#2486 = PCURVE('',#2261,#2487);
#2487 = DEFINITIONAL_REPRESENTATION('',(#2488),#2492);
#2488 = LINE('',#2489,#2490);
#2489 = CARTESIAN_POINT('',(42.,0.));
#2490 = VECTOR('',#2491,1.);
#2491 = DIRECTION('',(0.,1.));
#2492 = ( GEOMETRIC_REPRESENTATION_CONTEXT(2) 
PARAMETRIC_REPRESENTATION_CONTEXT() REPRESENTATION_CONTEXT('2D SPACE',''
  ) );
#2493 = PCURVE('',#2343,#2494);
#2494 = DEFINITIONAL_REPRESENTATION('',(#2495),#2499);
#2495 = LINE('',#2496,#2497);
#2496 = CARTESIAN_POINT('',(0.,0.));
#2497 = VECTOR('',#2498,1.);
#2498 = DIRECTION('',(1.,0.));
#2499 = ( GEOMETRIC_REPRESENTATION_CONTEXT(2) 
PARAMETRIC_REPRESENTATION_CONTEXT() REPRESENTATION_CONTEXT('2D SPACE',''
  ) );
#2500 = ORIENTED_EDGE('',*,*,#2358,.F.);
#2501 = ADVANCED_FACE('',(#2502),#2317,.T.);
#2502 = FACE_BOUND('',#2503,.T.);
#2503 = EDGE_LOOP('',(#2504,#2525,#2526,#2547));
#2504 = ORIENTED_EDGE('',*,*,#2505,.F.);
#2505 = EDGE_CURVE('',#2274,#2389,#2506,.T.);
#2506 = SURFACE_CURVE('',#2507,(#2511,#2518),.PCURVE_S1.);
#2507 = LINE('',#2508,#2509);
#2508 = CARTESIAN_POINT('',(0.,20.,0.));
#2509 = VECTOR('',#2510,1.);
#2510 = DIRECTION('',(1.,0.,-0.));
#2511 = PCURVE('',#2317,#2512);
#2512 = DEFINITIONAL_REPRESENTATION('',(#2513),#2517);
#2513 = LINE('',#2514,#2515);
#2514 = CARTESIAN_POINT('',(0.,0.));
#2515 = VECTOR('',#2516,1.);
#2516 = DIRECTION('',(0.,1.));
#2517 = ( GEOMETRIC_REPRESENTATION_CONTEXT(2) 
PARAMETRIC_REPRESENTATION_CONTEXT() REPRESENTATION_CONTEXT('2D SPACE',''
  ) );
#2518 = PCURVE('',#2289,#2519);
#2519 = DEFINITIONAL_REPRESENTATION('',(#2520),#2524);
#2520 = LINE('',#2521,#2522);
#2521 = CARTESIAN_POINT('',(0.,20.));
#2522 = VECTOR('',#2523,1.);
#2523 = DIRECTION('',(1.,0.));
#2524 = ( GEOMETRIC_REPRESENTATION_CONTEXT(2) 
PARAMETRIC_REPRESENTATION_CONTEXT() REPRESENTATION_CONTEXT('2D SPACE',''
  ) );
#2525 = ORIENTED_EDGE('',*,*,#2301,.T.);
#2526 = ORIENTED_EDGE('',*,*,#2527,.T.);
#2527 = EDGE_CURVE('',#2302,#2412,#2528,.T.);
#2528 = SURFACE_CURVE('',#2529,(#2533,#2540),.PCURVE_S1.);
#2529 = LINE('',#2530,#2531);
#2530 = CARTESIAN_POINT('',(0.,20.,42.));
#2531 = VECTOR('',#2532,1.);
#2532 = DIRECTION('',(1.,0.,-0.));
#2533 = PCURVE('',#2317,#2534);
#2534 = DEFINITIONAL_REPRESENTATION('',(#2535),#2539);
#2535 = LINE('',#2536,#2537);
#2536 = CARTESIAN_POINT('',(42.,0.));
#2537 = VECTOR('',#2538,1.);
#2538 = DIRECTION('',(0.,1.));
#2539 = ( GEOMETRIC_REPRESENTATION_CONTEXT(2) 
PARAMETRIC_REPRESENTATION_CONTEXT() REPRESENTATION_CONTEXT('2D SPACE',''
  ) );
#2540 = PCURVE('',#2343,#2541);
#2541 = DEFINITIONAL_REPRESENTATION('',(#2542),#2546);
#2542 = LINE('',#2543,#2544);
#2543 = CARTESIAN_POINT('',(0.,20.));
#2544 = VECTOR('',#2545,1.);
#2545 = DIRECTION('',(1.,0.));
#2546 = ( GEOMETRIC_REPRESENTATION_CONTEXT(2) 
PARAMETRIC_REPRESENTATION_CONTEXT() REPRESENTATION_CONTEXT('2D SPACE',''
  ) );
#2547 = ORIENTED_EDGE('',*,*,#2411,.F.);
#2548 = ADVANCED_FACE('',(#2549),#2289,.F.);
#2549 = FACE_BOUND('',#2550,.F.);
#2550 = EDGE_LOOP('',(#2551,#2552,#2553,#2554));
#2551 = ORIENTED_EDGE('',*,*,#2273,.F.);
#2552 = ORIENTED_EDGE('',*,*,#2458,.T.);
#2553 = ORIENTED_EDGE('',*,*,#2388,.T.);
#2554 = ORIENTED_EDGE('',*,*,#2505,.F.);
#2555 = ADVANCED_FACE('',(#2556),#2343,.T.);
#2556 = FACE_BOUND('',#2557,.T.);
#2557 = EDGE_LOOP('',(#2558,#2559,#2560,#2561));
#2558 = ORIENTED_EDGE('',*,*,#2329,.F.);
#2559 = ORIENTED_EDGE('',*,*,#2480,.T.);
#2560 = ORIENTED_EDGE('',*,*,#2434,.T.);
#2561 = ORIENTED_EDGE('',*,*,#2527,.F.);
#2562 = ( GEOMETRIC_REPRESENTATION_CONTEXT(3) 
GLOBAL_UNCERTAINTY_ASSIGNED_CONTEXT((#2566)) 
GLOBAL_UNIT_ASSIGNED_CONTEXT((#2563,#2564,#2565)) REPRESENTATION_CONTEXT
('Context #1','3D Context with UNIT and UNCERTAINTY') );
#2563 = ( LENGTH_UNIT() NAMED_UNIT(*) SI_UNIT(.MILLI.,.METRE.) );
#2564 = ( NAMED_UNIT(*) PLANE_ANGLE_UNIT() SI_UNIT($,.RADIAN.) );
#2565 = ( NAMED_UNIT(*) SI_UNIT($,.STERADIAN.) SOLID_ANGLE_UNIT() );
#2566 = UNCERTAINTY_MEASURE_WITH_UNIT(LENGTH_MEASURE(1.E-07),#2563,
  'distance_accuracy_value','confusion accuracy');
#2567 = CONTEXT_DEPENDENT_SHAPE_REPRESENTATION(#2568,#2570);
#2568 = ( REPRESENTATION_RELATIONSHIP('','',#2231,#2208) 
REPRESENTATION_RELATIONSHIP_WITH_TRANSFORMATION(#2569) 
SHAPE_REPRESENTATION_RELATIONSHIP() );
#2569 = ITEM_DEFINED_TRANSFORMATION('','',#11,#2209);
#2570 = PRODUCT_DEFINITION_SHAPE('Placement','Placement of an item',
  #2571);
#2571 = NEXT_ASSEMBLY_USAGE_OCCURRENCE('319','=>[0:1:1:19]','',#2203,
  #2226,$);
#2572 = PRODUCT_RELATED_PRODUCT_CATEGORY('part',$,(#2228));
#2573 = SHAPE_DEFINITION_REPRESENTATION(#2574,#2580);
#2574 = PRODUCT_DEFINITION_SHAPE('','',#2575);
#2575 = PRODUCT_DEFINITION('design','',#2576,#2579);
#2576 = PRODUCT_DEFINITION_FORMATION('','',#2577);
#2577 = PRODUCT('left_forearm_service_boss_00',
  'left_forearm_service_boss_00','',(#2578));
#2578 = PRODUCT_CONTEXT('',#2,'mechanical');
#2579 = PRODUCT_DEFINITION_CONTEXT('part definition',#2,'design');
#2580 = SHAPE_REPRESENTATION('',(#11,#2581),#2585);
#2581 = AXIS2_PLACEMENT_3D('',#2582,#2583,#2584);
#2582 = CARTESIAN_POINT('',(0.,0.,-24.));
#2583 = DIRECTION('',(0.,0.,1.));
#2584 = DIRECTION('',(1.,0.,0.));
#2585 = ( GEOMETRIC_REPRESENTATION_CONTEXT(3) 
GLOBAL_UNCERTAINTY_ASSIGNED_CONTEXT((#2589)) 
GLOBAL_UNIT_ASSIGNED_CONTEXT((#2586,#2587,#2588)) REPRESENTATION_CONTEXT
('Context #1','3D Context with UNIT and UNCERTAINTY') );
#2586 = ( LENGTH_UNIT() NAMED_UNIT(*) SI_UNIT(.MILLI.,.METRE.) );
#2587 = ( NAMED_UNIT(*) PLANE_ANGLE_UNIT() SI_UNIT($,.RADIAN.) );
#2588 = ( NAMED_UNIT(*) SI_UNIT($,.STERADIAN.) SOLID_ANGLE_UNIT() );
#2589 = UNCERTAINTY_MEASURE_WITH_UNIT(LENGTH_MEASURE(1.E-07),#2586,
  'distance_accuracy_value','confusion accuracy');
#2590 = CONTEXT_DEPENDENT_SHAPE_REPRESENTATION(#2591,#2593);
#2591 = ( REPRESENTATION_RELATIONSHIP('','',#2580,#10) 
REPRESENTATION_RELATIONSHIP_WITH_TRANSFORMATION(#2592) 
SHAPE_REPRESENTATION_RELATIONSHIP() );
#2592 = ITEM_DEFINED_TRANSFORMATION('','',#11,#51);
#2593 = PRODUCT_DEFINITION_SHAPE('Placement','Placement of an item',
  #2594);
#2594 = NEXT_ASSEMBLY_USAGE_OCCURRENCE('322','=>[0:1:1:20]','',#5,#2575,
  $);
#2595 = PRODUCT_RELATED_PRODUCT_CATEGORY('part',$,(#2577));
#2596 = SHAPE_DEFINITION_REPRESENTATION(#2597,#2603);
#2597 = PRODUCT_DEFINITION_SHAPE('','',#2598);
#2598 = PRODUCT_DEFINITION('design','',#2599,#2602);
#2599 = PRODUCT_DEFINITION_FORMATION('','',#2600);
#2600 = PRODUCT('SOLID','SOLID','',(#2601));
#2601 = PRODUCT_CONTEXT('',#2,'mechanical');
#2602 = PRODUCT_DEFINITION_CONTEXT('part definition',#2,'design');
#2603 = ADVANCED_BREP_SHAPE_REPRESENTATION('',(#11,#2604),#2702);
#2604 = MANIFOLD_SOLID_BREP('',#2605);
#2605 = CLOSED_SHELL('',(#2606,#2694,#2698));
#2606 = ADVANCED_FACE('',(#2607),#2620,.T.);
#2607 = FACE_BOUND('',#2608,.T.);
#2608 = EDGE_LOOP('',(#2609,#2643,#2666,#2693));
#2609 = ORIENTED_EDGE('',*,*,#2610,.F.);
#2610 = EDGE_CURVE('',#2611,#2611,#2613,.T.);
#2611 = VERTEX_POINT('',#2612);
#2612 = CARTESIAN_POINT('',(12.,-2.939152317954E-15,48.));
#2613 = SURFACE_CURVE('',#2614,(#2619,#2631),.PCURVE_S1.);
#2614 = CIRCLE('',#2615,12.);
#2615 = AXIS2_PLACEMENT_3D('',#2616,#2617,#2618);
#2616 = CARTESIAN_POINT('',(0.,0.,48.));
#2617 = DIRECTION('',(0.,0.,1.));
#2618 = DIRECTION('',(1.,0.,-0.));
#2619 = PCURVE('',#2620,#2625);
#2620 = CYLINDRICAL_SURFACE('',#2621,12.);
#2621 = AXIS2_PLACEMENT_3D('',#2622,#2623,#2624);
#2622 = CARTESIAN_POINT('',(0.,0.,0.));
#2623 = DIRECTION('',(0.,0.,1.));
#2624 = DIRECTION('',(1.,0.,-0.));
#2625 = DEFINITIONAL_REPRESENTATION('',(#2626),#2630);
#2626 = LINE('',#2627,#2628);
#2627 = CARTESIAN_POINT('',(0.,48.));
#2628 = VECTOR('',#2629,1.);
#2629 = DIRECTION('',(1.,0.));
#2630 = ( GEOMETRIC_REPRESENTATION_CONTEXT(2) 
PARAMETRIC_REPRESENTATION_CONTEXT() REPRESENTATION_CONTEXT('2D SPACE',''
  ) );
#2631 = PCURVE('',#2632,#2637);
#2632 = PLANE('',#2633);
#2633 = AXIS2_PLACEMENT_3D('',#2634,#2635,#2636);
#2634 = CARTESIAN_POINT('',(0.,0.,48.));
#2635 = DIRECTION('',(0.,0.,1.));
#2636 = DIRECTION('',(1.,0.,-0.));
#2637 = DEFINITIONAL_REPRESENTATION('',(#2638),#2642);
#2638 = CIRCLE('',#2639,12.);
#2639 = AXIS2_PLACEMENT_2D('',#2640,#2641);
#2640 = CARTESIAN_POINT('',(0.,0.));
#2641 = DIRECTION('',(1.,0.));
#2642 = ( GEOMETRIC_REPRESENTATION_CONTEXT(2) 
PARAMETRIC_REPRESENTATION_CONTEXT() REPRESENTATION_CONTEXT('2D SPACE',''
  ) );
#2643 = ORIENTED_EDGE('',*,*,#2644,.F.);
#2644 = EDGE_CURVE('',#2645,#2611,#2647,.T.);
#2645 = VERTEX_POINT('',#2646);
#2646 = CARTESIAN_POINT('',(12.,-2.939152317954E-15,0.));
#2647 = SEAM_CURVE('',#2648,(#2652,#2659),.PCURVE_S1.);
#2648 = LINE('',#2649,#2650);
#2649 = CARTESIAN_POINT('',(12.,-2.939152317954E-15,0.));
#2650 = VECTOR('',#2651,1.);
#2651 = DIRECTION('',(0.,0.,1.));
#2652 = PCURVE('',#2620,#2653);
#2653 = DEFINITIONAL_REPRESENTATION('',(#2654),#2658);
#2654 = LINE('',#2655,#2656);
#2655 = CARTESIAN_POINT('',(6.28318530718,-0.));
#2656 = VECTOR('',#2657,1.);
#2657 = DIRECTION('',(0.,1.));
#2658 = ( GEOMETRIC_REPRESENTATION_CONTEXT(2) 
PARAMETRIC_REPRESENTATION_CONTEXT() REPRESENTATION_CONTEXT('2D SPACE',''
  ) );
#2659 = PCURVE('',#2620,#2660);
#2660 = DEFINITIONAL_REPRESENTATION('',(#2661),#2665);
#2661 = LINE('',#2662,#2663);
#2662 = CARTESIAN_POINT('',(0.,-0.));
#2663 = VECTOR('',#2664,1.);
#2664 = DIRECTION('',(0.,1.));
#2665 = ( GEOMETRIC_REPRESENTATION_CONTEXT(2) 
PARAMETRIC_REPRESENTATION_CONTEXT() REPRESENTATION_CONTEXT('2D SPACE',''
  ) );
#2666 = ORIENTED_EDGE('',*,*,#2667,.T.);
#2667 = EDGE_CURVE('',#2645,#2645,#2668,.T.);
#2668 = SURFACE_CURVE('',#2669,(#2674,#2681),.PCURVE_S1.);
#2669 = CIRCLE('',#2670,12.);
#2670 = AXIS2_PLACEMENT_3D('',#2671,#2672,#2673);
#2671 = CARTESIAN_POINT('',(0.,0.,0.));
#2672 = DIRECTION('',(0.,0.,1.));
#2673 = DIRECTION('',(1.,0.,-0.));
#2674 = PCURVE('',#2620,#2675);
#2675 = DEFINITIONAL_REPRESENTATION('',(#2676),#2680);
#2676 = LINE('',#2677,#2678);
#2677 = CARTESIAN_POINT('',(0.,0.));
#2678 = VECTOR('',#2679,1.);
#2679 = DIRECTION('',(1.,0.));
#2680 = ( GEOMETRIC_REPRESENTATION_CONTEXT(2) 
PARAMETRIC_REPRESENTATION_CONTEXT() REPRESENTATION_CONTEXT('2D SPACE',''
  ) );
#2681 = PCURVE('',#2682,#2687);
#2682 = PLANE('',#2683);
#2683 = AXIS2_PLACEMENT_3D('',#2684,#2685,#2686);
#2684 = CARTESIAN_POINT('',(0.,0.,0.));
#2685 = DIRECTION('',(0.,0.,1.));
#2686 = DIRECTION('',(1.,0.,-0.));
#2687 = DEFINITIONAL_REPRESENTATION('',(#2688),#2692);
#2688 = CIRCLE('',#2689,12.);
#2689 = AXIS2_PLACEMENT_2D('',#2690,#2691);
#2690 = CARTESIAN_POINT('',(0.,0.));
#2691 = DIRECTION('',(1.,0.));
#2692 = ( GEOMETRIC_REPRESENTATION_CONTEXT(2) 
PARAMETRIC_REPRESENTATION_CONTEXT() REPRESENTATION_CONTEXT('2D SPACE',''
  ) );
#2693 = ORIENTED_EDGE('',*,*,#2644,.T.);
#2694 = ADVANCED_FACE('',(#2695),#2632,.T.);
#2695 = FACE_BOUND('',#2696,.T.);
#2696 = EDGE_LOOP('',(#2697));
#2697 = ORIENTED_EDGE('',*,*,#2610,.T.);
#2698 = ADVANCED_FACE('',(#2699),#2682,.F.);
#2699 = FACE_BOUND('',#2700,.T.);
#2700 = EDGE_LOOP('',(#2701));
#2701 = ORIENTED_EDGE('',*,*,#2667,.F.);
#2702 = ( GEOMETRIC_REPRESENTATION_CONTEXT(3) 
GLOBAL_UNCERTAINTY_ASSIGNED_CONTEXT((#2706)) 
GLOBAL_UNIT_ASSIGNED_CONTEXT((#2703,#2704,#2705)) REPRESENTATION_CONTEXT
('Context #1','3D Context with UNIT and UNCERTAINTY') );
#2703 = ( LENGTH_UNIT() NAMED_UNIT(*) SI_UNIT(.MILLI.,.METRE.) );
#2704 = ( NAMED_UNIT(*) PLANE_ANGLE_UNIT() SI_UNIT($,.RADIAN.) );
#2705 = ( NAMED_UNIT(*) SI_UNIT($,.STERADIAN.) SOLID_ANGLE_UNIT() );
#2706 = UNCERTAINTY_MEASURE_WITH_UNIT(LENGTH_MEASURE(1.E-07),#2703,
  'distance_accuracy_value','confusion accuracy');
#2707 = CONTEXT_DEPENDENT_SHAPE_REPRESENTATION(#2708,#2710);
#2708 = ( REPRESENTATION_RELATIONSHIP('','',#2603,#2580) 
REPRESENTATION_RELATIONSHIP_WITH_TRANSFORMATION(#2709) 
SHAPE_REPRESENTATION_RELATIONSHIP() );
#2709 = ITEM_DEFINED_TRANSFORMATION('','',#11,#2581);
#2710 = PRODUCT_DEFINITION_SHAPE('Placement','Placement of an item',
  #2711);
#2711 = NEXT_ASSEMBLY_USAGE_OCCURRENCE('321','=>[0:1:1:21]','',#2575,
  #2598,$);
#2712 = PRODUCT_RELATED_PRODUCT_CATEGORY('part',$,(#2600));
#2713 = SHAPE_DEFINITION_REPRESENTATION(#2714,#2720);
#2714 = PRODUCT_DEFINITION_SHAPE('','',#2715);
#2715 = PRODUCT_DEFINITION('design','',#2716,#2719);
#2716 = PRODUCT_DEFINITION_FORMATION('','',#2717);
#2717 = PRODUCT('left_forearm_service_boss_01',
  'left_forearm_service_boss_01','',(#2718));
#2718 = PRODUCT_CONTEXT('',#2,'mechanical');
#2719 = PRODUCT_DEFINITION_CONTEXT('part definition',#2,'design');
#2720 = SHAPE_REPRESENTATION('',(#11,#2721),#2725);
#2721 = AXIS2_PLACEMENT_3D('',#2722,#2723,#2724);
#2722 = CARTESIAN_POINT('',(0.,0.,-24.));
#2723 = DIRECTION('',(0.,0.,1.));
#2724 = DIRECTION('',(1.,0.,0.));
#2725 = ( GEOMETRIC_REPRESENTATION_CONTEXT(3) 
GLOBAL_UNCERTAINTY_ASSIGNED_CONTEXT((#2729)) 
GLOBAL_UNIT_ASSIGNED_CONTEXT((#2726,#2727,#2728)) REPRESENTATION_CONTEXT
('Context #1','3D Context with UNIT and UNCERTAINTY') );
#2726 = ( LENGTH_UNIT() NAMED_UNIT(*) SI_UNIT(.MILLI.,.METRE.) );
#2727 = ( NAMED_UNIT(*) PLANE_ANGLE_UNIT() SI_UNIT($,.RADIAN.) );
#2728 = ( NAMED_UNIT(*) SI_UNIT($,.STERADIAN.) SOLID_ANGLE_UNIT() );
#2729 = UNCERTAINTY_MEASURE_WITH_UNIT(LENGTH_MEASURE(1.E-07),#2726,
  'distance_accuracy_value','confusion accuracy');
#2730 = CONTEXT_DEPENDENT_SHAPE_REPRESENTATION(#2731,#2733);
#2731 = ( REPRESENTATION_RELATIONSHIP('','',#2720,#10) 
REPRESENTATION_RELATIONSHIP_WITH_TRANSFORMATION(#2732) 
SHAPE_REPRESENTATION_RELATIONSHIP() );
#2732 = ITEM_DEFINED_TRANSFORMATION('','',#11,#55);
#2733 = PRODUCT_DEFINITION_SHAPE('Placement','Placement of an item',
  #2734);
#2734 = NEXT_ASSEMBLY_USAGE_OCCURRENCE('324','=>[0:1:1:22]','',#5,#2715,
  $);
#2735 = PRODUCT_RELATED_PRODUCT_CATEGORY('part',$,(#2717));
#2736 = SHAPE_DEFINITION_REPRESENTATION(#2737,#2743);
#2737 = PRODUCT_DEFINITION_SHAPE('','',#2738);
#2738 = PRODUCT_DEFINITION('design','',#2739,#2742);
#2739 = PRODUCT_DEFINITION_FORMATION('','',#2740);
#2740 = PRODUCT('SOLID','SOLID','',(#2741));
#2741 = PRODUCT_CONTEXT('',#2,'mechanical');
#2742 = PRODUCT_DEFINITION_CONTEXT('part definition',#2,'design');
#2743 = ADVANCED_BREP_SHAPE_REPRESENTATION('',(#11,#2744),#2842);
#2744 = MANIFOLD_SOLID_BREP('',#2745);
#2745 = CLOSED_SHELL('',(#2746,#2834,#2838));
#2746 = ADVANCED_FACE('',(#2747),#2760,.T.);
#2747 = FACE_BOUND('',#2748,.T.);
#2748 = EDGE_LOOP('',(#2749,#2783,#2806,#2833));
#2749 = ORIENTED_EDGE('',*,*,#2750,.F.);
#2750 = EDGE_CURVE('',#2751,#2751,#2753,.T.);
#2751 = VERTEX_POINT('',#2752);
#2752 = CARTESIAN_POINT('',(12.,-2.939152317954E-15,48.));
#2753 = SURFACE_CURVE('',#2754,(#2759,#2771),.PCURVE_S1.);
#2754 = CIRCLE('',#2755,12.);
#2755 = AXIS2_PLACEMENT_3D('',#2756,#2757,#2758);
#2756 = CARTESIAN_POINT('',(0.,0.,48.));
#2757 = DIRECTION('',(0.,0.,1.));
#2758 = DIRECTION('',(1.,0.,-0.));
#2759 = PCURVE('',#2760,#2765);
#2760 = CYLINDRICAL_SURFACE('',#2761,12.);
#2761 = AXIS2_PLACEMENT_3D('',#2762,#2763,#2764);
#2762 = CARTESIAN_POINT('',(0.,0.,0.));
#2763 = DIRECTION('',(0.,0.,1.));
#2764 = DIRECTION('',(1.,0.,-0.));
#2765 = DEFINITIONAL_REPRESENTATION('',(#2766),#2770);
#2766 = LINE('',#2767,#2768);
#2767 = CARTESIAN_POINT('',(0.,48.));
#2768 = VECTOR('',#2769,1.);
#2769 = DIRECTION('',(1.,0.));
#2770 = ( GEOMETRIC_REPRESENTATION_CONTEXT(2) 
PARAMETRIC_REPRESENTATION_CONTEXT() REPRESENTATION_CONTEXT('2D SPACE',''
  ) );
#2771 = PCURVE('',#2772,#2777);
#2772 = PLANE('',#2773);
#2773 = AXIS2_PLACEMENT_3D('',#2774,#2775,#2776);
#2774 = CARTESIAN_POINT('',(0.,0.,48.));
#2775 = DIRECTION('',(0.,0.,1.));
#2776 = DIRECTION('',(1.,0.,-0.));
#2777 = DEFINITIONAL_REPRESENTATION('',(#2778),#2782);
#2778 = CIRCLE('',#2779,12.);
#2779 = AXIS2_PLACEMENT_2D('',#2780,#2781);
#2780 = CARTESIAN_POINT('',(0.,0.));
#2781 = DIRECTION('',(1.,0.));
#2782 = ( GEOMETRIC_REPRESENTATION_CONTEXT(2) 
PARAMETRIC_REPRESENTATION_CONTEXT() REPRESENTATION_CONTEXT('2D SPACE',''
  ) );
#2783 = ORIENTED_EDGE('',*,*,#2784,.F.);
#2784 = EDGE_CURVE('',#2785,#2751,#2787,.T.);
#2785 = VERTEX_POINT('',#2786);
#2786 = CARTESIAN_POINT('',(12.,-2.939152317954E-15,0.));
#2787 = SEAM_CURVE('',#2788,(#2792,#2799),.PCURVE_S1.);
#2788 = LINE('',#2789,#2790);
#2789 = CARTESIAN_POINT('',(12.,-2.939152317954E-15,0.));
#2790 = VECTOR('',#2791,1.);
#2791 = DIRECTION('',(0.,0.,1.));
#2792 = PCURVE('',#2760,#2793);
#2793 = DEFINITIONAL_REPRESENTATION('',(#2794),#2798);
#2794 = LINE('',#2795,#2796);
#2795 = CARTESIAN_POINT('',(6.28318530718,-0.));
#2796 = VECTOR('',#2797,1.);
#2797 = DIRECTION('',(0.,1.));
#2798 = ( GEOMETRIC_REPRESENTATION_CONTEXT(2) 
PARAMETRIC_REPRESENTATION_CONTEXT() REPRESENTATION_CONTEXT('2D SPACE',''
  ) );
#2799 = PCURVE('',#2760,#2800);
#2800 = DEFINITIONAL_REPRESENTATION('',(#2801),#2805);
#2801 = LINE('',#2802,#2803);
#2802 = CARTESIAN_POINT('',(0.,-0.));
#2803 = VECTOR('',#2804,1.);
#2804 = DIRECTION('',(0.,1.));
#2805 = ( GEOMETRIC_REPRESENTATION_CONTEXT(2) 
PARAMETRIC_REPRESENTATION_CONTEXT() REPRESENTATION_CONTEXT('2D SPACE',''
  ) );
#2806 = ORIENTED_EDGE('',*,*,#2807,.T.);
#2807 = EDGE_CURVE('',#2785,#2785,#2808,.T.);
#2808 = SURFACE_CURVE('',#2809,(#2814,#2821),.PCURVE_S1.);
#2809 = CIRCLE('',#2810,12.);
#2810 = AXIS2_PLACEMENT_3D('',#2811,#2812,#2813);
#2811 = CARTESIAN_POINT('',(0.,0.,0.));
#2812 = DIRECTION('',(0.,0.,1.));
#2813 = DIRECTION('',(1.,0.,-0.));
#2814 = PCURVE('',#2760,#2815);
#2815 = DEFINITIONAL_REPRESENTATION('',(#2816),#2820);
#2816 = LINE('',#2817,#2818);
#2817 = CARTESIAN_POINT('',(0.,0.));
#2818 = VECTOR('',#2819,1.);
#2819 = DIRECTION('',(1.,0.));
#2820 = ( GEOMETRIC_REPRESENTATION_CONTEXT(2) 
PARAMETRIC_REPRESENTATION_CONTEXT() REPRESENTATION_CONTEXT('2D SPACE',''
  ) );
#2821 = PCURVE('',#2822,#2827);
#2822 = PLANE('',#2823);
#2823 = AXIS2_PLACEMENT_3D('',#2824,#2825,#2826);
#2824 = CARTESIAN_POINT('',(0.,0.,0.));
#2825 = DIRECTION('',(0.,0.,1.));
#2826 = DIRECTION('',(1.,0.,-0.));
#2827 = DEFINITIONAL_REPRESENTATION('',(#2828),#2832);
#2828 = CIRCLE('',#2829,12.);
#2829 = AXIS2_PLACEMENT_2D('',#2830,#2831);
#2830 = CARTESIAN_POINT('',(0.,0.));
#2831 = DIRECTION('',(1.,0.));
#2832 = ( GEOMETRIC_REPRESENTATION_CONTEXT(2) 
PARAMETRIC_REPRESENTATION_CONTEXT() REPRESENTATION_CONTEXT('2D SPACE',''
  ) );
#2833 = ORIENTED_EDGE('',*,*,#2784,.T.);
#2834 = ADVANCED_FACE('',(#2835),#2772,.T.);
#2835 = FACE_BOUND('',#2836,.T.);
#2836 = EDGE_LOOP('',(#2837));
#2837 = ORIENTED_EDGE('',*,*,#2750,.T.);
#2838 = ADVANCED_FACE('',(#2839),#2822,.F.);
#2839 = FACE_BOUND('',#2840,.T.);
#2840 = EDGE_LOOP('',(#2841));
#2841 = ORIENTED_EDGE('',*,*,#2807,.F.);
#2842 = ( GEOMETRIC_REPRESENTATION_CONTEXT(3) 
GLOBAL_UNCERTAINTY_ASSIGNED_CONTEXT((#2846)) 
GLOBAL_UNIT_ASSIGNED_CONTEXT((#2843,#2844,#2845)) REPRESENTATION_CONTEXT
('Context #1','3D Context with UNIT and UNCERTAINTY') );
#2843 = ( LENGTH_UNIT() NAMED_UNIT(*) SI_UNIT(.MILLI.,.METRE.) );
#2844 = ( NAMED_UNIT(*) PLANE_ANGLE_UNIT() SI_UNIT($,.RADIAN.) );
#2845 = ( NAMED_UNIT(*) SI_UNIT($,.STERADIAN.) SOLID_ANGLE_UNIT() );
#2846 = UNCERTAINTY_MEASURE_WITH_UNIT(LENGTH_MEASURE(1.E-07),#2843,
  'distance_accuracy_value','confusion accuracy');
#2847 = CONTEXT_DEPENDENT_SHAPE_REPRESENTATION(#2848,#2850);
#2848 = ( REPRESENTATION_RELATIONSHIP('','',#2743,#2720) 
REPRESENTATION_RELATIONSHIP_WITH_TRANSFORMATION(#2849) 
SHAPE_REPRESENTATION_RELATIONSHIP() );
#2849 = ITEM_DEFINED_TRANSFORMATION('','',#11,#2721);
#2850 = PRODUCT_DEFINITION_SHAPE('Placement','Placement of an item',
  #2851);
#2851 = NEXT_ASSEMBLY_USAGE_OCCURRENCE('323','=>[0:1:1:23]','',#2715,
  #2738,$);
#2852 = PRODUCT_RELATED_PRODUCT_CATEGORY('part',$,(#2740));
#2853 = SHAPE_DEFINITION_REPRESENTATION(#2854,#2860);
#2854 = PRODUCT_DEFINITION_SHAPE('','',#2855);
#2855 = PRODUCT_DEFINITION('design','',#2856,#2859);
#2856 = PRODUCT_DEFINITION_FORMATION('','',#2857);
#2857 = PRODUCT('left_forearm_service_boss_02',
  'left_forearm_service_boss_02','',(#2858));
#2858 = PRODUCT_CONTEXT('',#2,'mechanical');
#2859 = PRODUCT_DEFINITION_CONTEXT('part definition',#2,'design');
#2860 = SHAPE_REPRESENTATION('',(#11,#2861),#2865);
#2861 = AXIS2_PLACEMENT_3D('',#2862,#2863,#2864);
#2862 = CARTESIAN_POINT('',(0.,0.,-24.));
#2863 = DIRECTION('',(0.,0.,1.));
#2864 = DIRECTION('',(1.,0.,0.));
#2865 = ( GEOMETRIC_REPRESENTATION_CONTEXT(3) 
GLOBAL_UNCERTAINTY_ASSIGNED_CONTEXT((#2869)) 
GLOBAL_UNIT_ASSIGNED_CONTEXT((#2866,#2867,#2868)) REPRESENTATION_CONTEXT
('Context #1','3D Context with UNIT and UNCERTAINTY') );
#2866 = ( LENGTH_UNIT() NAMED_UNIT(*) SI_UNIT(.MILLI.,.METRE.) );
#2867 = ( NAMED_UNIT(*) PLANE_ANGLE_UNIT() SI_UNIT($,.RADIAN.) );
#2868 = ( NAMED_UNIT(*) SI_UNIT($,.STERADIAN.) SOLID_ANGLE_UNIT() );
#2869 = UNCERTAINTY_MEASURE_WITH_UNIT(LENGTH_MEASURE(1.E-07),#2866,
  'distance_accuracy_value','confusion accuracy');
#2870 = CONTEXT_DEPENDENT_SHAPE_REPRESENTATION(#2871,#2873);
#2871 = ( REPRESENTATION_RELATIONSHIP('','',#2860,#10) 
REPRESENTATION_RELATIONSHIP_WITH_TRANSFORMATION(#2872) 
SHAPE_REPRESENTATION_RELATIONSHIP() );
#2872 = ITEM_DEFINED_TRANSFORMATION('','',#11,#59);
#2873 = PRODUCT_DEFINITION_SHAPE('Placement','Placement of an item',
  #2874);
#2874 = NEXT_ASSEMBLY_USAGE_OCCURRENCE('326','=>[0:1:1:24]','',#5,#2855,
  $);
#2875 = PRODUCT_RELATED_PRODUCT_CATEGORY('part',$,(#2857));
#2876 = SHAPE_DEFINITION_REPRESENTATION(#2877,#2883);
#2877 = PRODUCT_DEFINITION_SHAPE('','',#2878);
#2878 = PRODUCT_DEFINITION('design','',#2879,#2882);
#2879 = PRODUCT_DEFINITION_FORMATION('','',#2880);
#2880 = PRODUCT('SOLID','SOLID','',(#2881));
#2881 = PRODUCT_CONTEXT('',#2,'mechanical');
#2882 = PRODUCT_DEFINITION_CONTEXT('part definition',#2,'design');
#2883 = ADVANCED_BREP_SHAPE_REPRESENTATION('',(#11,#2884),#2982);
#2884 = MANIFOLD_SOLID_BREP('',#2885);
#2885 = CLOSED_SHELL('',(#2886,#2974,#2978));
#2886 = ADVANCED_FACE('',(#2887),#2900,.T.);
#2887 = FACE_BOUND('',#2888,.T.);
#2888 = EDGE_LOOP('',(#2889,#2923,#2946,#2973));
#2889 = ORIENTED_EDGE('',*,*,#2890,.F.);
#2890 = EDGE_CURVE('',#2891,#2891,#2893,.T.);
#2891 = VERTEX_POINT('',#2892);
#2892 = CARTESIAN_POINT('',(12.,-2.939152317954E-15,48.));
#2893 = SURFACE_CURVE('',#2894,(#2899,#2911),.PCURVE_S1.);
#2894 = CIRCLE('',#2895,12.);
#2895 = AXIS2_PLACEMENT_3D('',#2896,#2897,#2898);
#2896 = CARTESIAN_POINT('',(0.,0.,48.));
#2897 = DIRECTION('',(0.,0.,1.));
#2898 = DIRECTION('',(1.,0.,-0.));
#2899 = PCURVE('',#2900,#2905);
#2900 = CYLINDRICAL_SURFACE('',#2901,12.);
#2901 = AXIS2_PLACEMENT_3D('',#2902,#2903,#2904);
#2902 = CARTESIAN_POINT('',(0.,0.,0.));
#2903 = DIRECTION('',(0.,0.,1.));
#2904 = DIRECTION('',(1.,0.,-0.));
#2905 = DEFINITIONAL_REPRESENTATION('',(#2906),#2910);
#2906 = LINE('',#2907,#2908);
#2907 = CARTESIAN_POINT('',(0.,48.));
#2908 = VECTOR('',#2909,1.);
#2909 = DIRECTION('',(1.,0.));
#2910 = ( GEOMETRIC_REPRESENTATION_CONTEXT(2) 
PARAMETRIC_REPRESENTATION_CONTEXT() REPRESENTATION_CONTEXT('2D SPACE',''
  ) );
#2911 = PCURVE('',#2912,#2917);
#2912 = PLANE('',#2913);
#2913 = AXIS2_PLACEMENT_3D('',#2914,#2915,#2916);
#2914 = CARTESIAN_POINT('',(0.,0.,48.));
#2915 = DIRECTION('',(0.,0.,1.));
#2916 = DIRECTION('',(1.,0.,-0.));
#2917 = DEFINITIONAL_REPRESENTATION('',(#2918),#2922);
#2918 = CIRCLE('',#2919,12.);
#2919 = AXIS2_PLACEMENT_2D('',#2920,#2921);
#2920 = CARTESIAN_POINT('',(0.,0.));
#2921 = DIRECTION('',(1.,0.));
#2922 = ( GEOMETRIC_REPRESENTATION_CONTEXT(2) 
PARAMETRIC_REPRESENTATION_CONTEXT() REPRESENTATION_CONTEXT('2D SPACE',''
  ) );
#2923 = ORIENTED_EDGE('',*,*,#2924,.F.);
#2924 = EDGE_CURVE('',#2925,#2891,#2927,.T.);
#2925 = VERTEX_POINT('',#2926);
#2926 = CARTESIAN_POINT('',(12.,-2.939152317954E-15,0.));
#2927 = SEAM_CURVE('',#2928,(#2932,#2939),.PCURVE_S1.);
#2928 = LINE('',#2929,#2930);
#2929 = CARTESIAN_POINT('',(12.,-2.939152317954E-15,0.));
#2930 = VECTOR('',#2931,1.);
#2931 = DIRECTION('',(0.,0.,1.));
#2932 = PCURVE('',#2900,#2933);
#2933 = DEFINITIONAL_REPRESENTATION('',(#2934),#2938);
#2934 = LINE('',#2935,#2936);
#2935 = CARTESIAN_POINT('',(6.28318530718,-0.));
#2936 = VECTOR('',#2937,1.);
#2937 = DIRECTION('',(0.,1.));
#2938 = ( GEOMETRIC_REPRESENTATION_CONTEXT(2) 
PARAMETRIC_REPRESENTATION_CONTEXT() REPRESENTATION_CONTEXT('2D SPACE',''
  ) );
#2939 = PCURVE('',#2900,#2940);
#2940 = DEFINITIONAL_REPRESENTATION('',(#2941),#2945);
#2941 = LINE('',#2942,#2943);
#2942 = CARTESIAN_POINT('',(0.,-0.));
#2943 = VECTOR('',#2944,1.);
#2944 = DIRECTION('',(0.,1.));
#2945 = ( GEOMETRIC_REPRESENTATION_CONTEXT(2) 
PARAMETRIC_REPRESENTATION_CONTEXT() REPRESENTATION_CONTEXT('2D SPACE',''
  ) );
#2946 = ORIENTED_EDGE('',*,*,#2947,.T.);
#2947 = EDGE_CURVE('',#2925,#2925,#2948,.T.);
#2948 = SURFACE_CURVE('',#2949,(#2954,#2961),.PCURVE_S1.);
#2949 = CIRCLE('',#2950,12.);
#2950 = AXIS2_PLACEMENT_3D('',#2951,#2952,#2953);
#2951 = CARTESIAN_POINT('',(0.,0.,0.));
#2952 = DIRECTION('',(0.,0.,1.));
#2953 = DIRECTION('',(1.,0.,-0.));
#2954 = PCURVE('',#2900,#2955);
#2955 = DEFINITIONAL_REPRESENTATION('',(#2956),#2960);
#2956 = LINE('',#2957,#2958);
#2957 = CARTESIAN_POINT('',(0.,0.));
#2958 = VECTOR('',#2959,1.);
#2959 = DIRECTION('',(1.,0.));
#2960 = ( GEOMETRIC_REPRESENTATION_CONTEXT(2) 
PARAMETRIC_REPRESENTATION_CONTEXT() REPRESENTATION_CONTEXT('2D SPACE',''
  ) );
#2961 = PCURVE('',#2962,#2967);
#2962 = PLANE('',#2963);
#2963 = AXIS2_PLACEMENT_3D('',#2964,#2965,#2966);
#2964 = CARTESIAN_POINT('',(0.,0.,0.));
#2965 = DIRECTION('',(0.,0.,1.));
#2966 = DIRECTION('',(1.,0.,-0.));
#2967 = DEFINITIONAL_REPRESENTATION('',(#2968),#2972);
#2968 = CIRCLE('',#2969,12.);
#2969 = AXIS2_PLACEMENT_2D('',#2970,#2971);
#2970 = CARTESIAN_POINT('',(0.,0.));
#2971 = DIRECTION('',(1.,0.));
#2972 = ( GEOMETRIC_REPRESENTATION_CONTEXT(2) 
PARAMETRIC_REPRESENTATION_CONTEXT() REPRESENTATION_CONTEXT('2D SPACE',''
  ) );
#2973 = ORIENTED_EDGE('',*,*,#2924,.T.);
#2974 = ADVANCED_FACE('',(#2975),#2912,.T.);
#2975 = FACE_BOUND('',#2976,.T.);
#2976 = EDGE_LOOP('',(#2977));
#2977 = ORIENTED_EDGE('',*,*,#2890,.T.);
#2978 = ADVANCED_FACE('',(#2979),#2962,.F.);
#2979 = FACE_BOUND('',#2980,.T.);
#2980 = EDGE_LOOP('',(#2981));
#2981 = ORIENTED_EDGE('',*,*,#2947,.F.);
#2982 = ( GEOMETRIC_REPRESENTATION_CONTEXT(3) 
GLOBAL_UNCERTAINTY_ASSIGNED_CONTEXT((#2986)) 
GLOBAL_UNIT_ASSIGNED_CONTEXT((#2983,#2984,#2985)) REPRESENTATION_CONTEXT
('Context #1','3D Context with UNIT and UNCERTAINTY') );
#2983 = ( LENGTH_UNIT() NAMED_UNIT(*) SI_UNIT(.MILLI.,.METRE.) );
#2984 = ( NAMED_UNIT(*) PLANE_ANGLE_UNIT() SI_UNIT($,.RADIAN.) );
#2985 = ( NAMED_UNIT(*) SI_UNIT($,.STERADIAN.) SOLID_ANGLE_UNIT() );
#2986 = UNCERTAINTY_MEASURE_WITH_UNIT(LENGTH_MEASURE(1.E-07),#2983,
  'distance_accuracy_value','confusion accuracy');
#2987 = CONTEXT_DEPENDENT_SHAPE_REPRESENTATION(#2988,#2990);
#2988 = ( REPRESENTATION_RELATIONSHIP('','',#2883,#2860) 
REPRESENTATION_RELATIONSHIP_WITH_TRANSFORMATION(#2989) 
SHAPE_REPRESENTATION_RELATIONSHIP() );
#2989 = ITEM_DEFINED_TRANSFORMATION('','',#11,#2861);
#2990 = PRODUCT_DEFINITION_SHAPE('Placement','Placement of an item',
  #2991);
#2991 = NEXT_ASSEMBLY_USAGE_OCCURRENCE('325','=>[0:1:1:25]','',#2855,
  #2878,$);
#2992 = PRODUCT_RELATED_PRODUCT_CATEGORY('part',$,(#2880));
#2993 = SHAPE_DEFINITION_REPRESENTATION(#2994,#3000);
#2994 = PRODUCT_DEFINITION_SHAPE('','',#2995);
#2995 = PRODUCT_DEFINITION('design','',#2996,#2999);
#2996 = PRODUCT_DEFINITION_FORMATION('','',#2997);
#2997 = PRODUCT('left_upper_arm_carbon_link',
  'left_upper_arm_carbon_link','',(#2998));
#2998 = PRODUCT_CONTEXT('',#2,'mechanical');
#2999 = PRODUCT_DEFINITION_CONTEXT('part definition',#2,'design');
#3000 = SHAPE_REPRESENTATION('',(#11,#3001),#3005);
#3001 = AXIS2_PLACEMENT_3D('',#3002,#3003,#3004);
#3002 = CARTESIAN_POINT('',(0.,0.,-102.9611577246));
#3003 = DIRECTION('',(0.,0.,1.));
#3004 = DIRECTION('',(1.,0.,0.));
#3005 = ( GEOMETRIC_REPRESENTATION_CONTEXT(3) 
GLOBAL_UNCERTAINTY_ASSIGNED_CONTEXT((#3009)) 
GLOBAL_UNIT_ASSIGNED_CONTEXT((#3006,#3007,#3008)) REPRESENTATION_CONTEXT
('Context #1','3D Context with UNIT and UNCERTAINTY') );
#3006 = ( LENGTH_UNIT() NAMED_UNIT(*) SI_UNIT(.MILLI.,.METRE.) );
#3007 = ( NAMED_UNIT(*) PLANE_ANGLE_UNIT() SI_UNIT($,.RADIAN.) );
#3008 = ( NAMED_UNIT(*) SI_UNIT($,.STERADIAN.) SOLID_ANGLE_UNIT() );
#3009 = UNCERTAINTY_MEASURE_WITH_UNIT(LENGTH_MEASURE(1.E-07),#3006,
  'distance_accuracy_value','confusion accuracy');
#3010 = CONTEXT_DEPENDENT_SHAPE_REPRESENTATION(#3011,#3013);
#3011 = ( REPRESENTATION_RELATIONSHIP('','',#3000,#10) 
REPRESENTATION_RELATIONSHIP_WITH_TRANSFORMATION(#3012) 
SHAPE_REPRESENTATION_RELATIONSHIP() );
#3012 = ITEM_DEFINED_TRANSFORMATION('','',#11,#63);
#3013 = PRODUCT_DEFINITION_SHAPE('Placement','Placement of an item',
  #3014);
#3014 = NEXT_ASSEMBLY_USAGE_OCCURRENCE('328','=>[0:1:1:26]','',#5,#2995,
  $);
#3015 = PRODUCT_RELATED_PRODUCT_CATEGORY('part',$,(#2997));
#3016 = SHAPE_DEFINITION_REPRESENTATION(#3017,#3023);
#3017 = PRODUCT_DEFINITION_SHAPE('','',#3018);
#3018 = PRODUCT_DEFINITION('design','',#3019,#3022);
#3019 = PRODUCT_DEFINITION_FORMATION('','',#3020);
#3020 = PRODUCT('SOLID','SOLID','',(#3021));
#3021 = PRODUCT_CONTEXT('',#2,'mechanical');
#3022 = PRODUCT_DEFINITION_CONTEXT('part definition',#2,'design');
#3023 = ADVANCED_BREP_SHAPE_REPRESENTATION('',(#11,#3024),#3122);
#3024 = MANIFOLD_SOLID_BREP('',#3025);
#3025 = CLOSED_SHELL('',(#3026,#3114,#3118));
#3026 = ADVANCED_FACE('',(#3027),#3040,.T.);
#3027 = FACE_BOUND('',#3028,.T.);
#3028 = EDGE_LOOP('',(#3029,#3063,#3086,#3113));
#3029 = ORIENTED_EDGE('',*,*,#3030,.F.);
#3030 = EDGE_CURVE('',#3031,#3031,#3033,.T.);
#3031 = VERTEX_POINT('',#3032);
#3032 = CARTESIAN_POINT('',(16.,-3.918869757272E-15,205.92231544929));
#3033 = SURFACE_CURVE('',#3034,(#3039,#3051),.PCURVE_S1.);
#3034 = CIRCLE('',#3035,16.);
#3035 = AXIS2_PLACEMENT_3D('',#3036,#3037,#3038);
#3036 = CARTESIAN_POINT('',(0.,0.,205.92231544929));
#3037 = DIRECTION('',(0.,0.,1.));
#3038 = DIRECTION('',(1.,0.,-0.));
#3039 = PCURVE('',#3040,#3045);
#3040 = CYLINDRICAL_SURFACE('',#3041,16.);
#3041 = AXIS2_PLACEMENT_3D('',#3042,#3043,#3044);
#3042 = CARTESIAN_POINT('',(0.,0.,0.));
#3043 = DIRECTION('',(0.,0.,1.));
#3044 = DIRECTION('',(1.,0.,-0.));
#3045 = DEFINITIONAL_REPRESENTATION('',(#3046),#3050);
#3046 = LINE('',#3047,#3048);
#3047 = CARTESIAN_POINT('',(0.,205.92231544929));
#3048 = VECTOR('',#3049,1.);
#3049 = DIRECTION('',(1.,0.));
#3050 = ( GEOMETRIC_REPRESENTATION_CONTEXT(2) 
PARAMETRIC_REPRESENTATION_CONTEXT() REPRESENTATION_CONTEXT('2D SPACE',''
  ) );
#3051 = PCURVE('',#3052,#3057);
#3052 = PLANE('',#3053);
#3053 = AXIS2_PLACEMENT_3D('',#3054,#3055,#3056);
#3054 = CARTESIAN_POINT('',(0.,0.,205.92231544929));
#3055 = DIRECTION('',(0.,0.,1.));
#3056 = DIRECTION('',(1.,0.,-0.));
#3057 = DEFINITIONAL_REPRESENTATION('',(#3058),#3062);
#3058 = CIRCLE('',#3059,16.);
#3059 = AXIS2_PLACEMENT_2D('',#3060,#3061);
#3060 = CARTESIAN_POINT('',(0.,0.));
#3061 = DIRECTION('',(1.,0.));
#3062 = ( GEOMETRIC_REPRESENTATION_CONTEXT(2) 
PARAMETRIC_REPRESENTATION_CONTEXT() REPRESENTATION_CONTEXT('2D SPACE',''
  ) );
#3063 = ORIENTED_EDGE('',*,*,#3064,.F.);
#3064 = EDGE_CURVE('',#3065,#3031,#3067,.T.);
#3065 = VERTEX_POINT('',#3066);
#3066 = CARTESIAN_POINT('',(16.,-3.918869757272E-15,0.));
#3067 = SEAM_CURVE('',#3068,(#3072,#3079),.PCURVE_S1.);
#3068 = LINE('',#3069,#3070);
#3069 = CARTESIAN_POINT('',(16.,-3.918869757272E-15,0.));
#3070 = VECTOR('',#3071,1.);
#3071 = DIRECTION('',(0.,0.,1.));
#3072 = PCURVE('',#3040,#3073);
#3073 = DEFINITIONAL_REPRESENTATION('',(#3074),#3078);
#3074 = LINE('',#3075,#3076);
#3075 = CARTESIAN_POINT('',(6.28318530718,-0.));
#3076 = VECTOR('',#3077,1.);
#3077 = DIRECTION('',(0.,1.));
#3078 = ( GEOMETRIC_REPRESENTATION_CONTEXT(2) 
PARAMETRIC_REPRESENTATION_CONTEXT() REPRESENTATION_CONTEXT('2D SPACE',''
  ) );
#3079 = PCURVE('',#3040,#3080);
#3080 = DEFINITIONAL_REPRESENTATION('',(#3081),#3085);
#3081 = LINE('',#3082,#3083);
#3082 = CARTESIAN_POINT('',(0.,-0.));
#3083 = VECTOR('',#3084,1.);
#3084 = DIRECTION('',(0.,1.));
#3085 = ( GEOMETRIC_REPRESENTATION_CONTEXT(2) 
PARAMETRIC_REPRESENTATION_CONTEXT() REPRESENTATION_CONTEXT('2D SPACE',''
  ) );
#3086 = ORIENTED_EDGE('',*,*,#3087,.T.);
#3087 = EDGE_CURVE('',#3065,#3065,#3088,.T.);
#3088 = SURFACE_CURVE('',#3089,(#3094,#3101),.PCURVE_S1.);
#3089 = CIRCLE('',#3090,16.);
#3090 = AXIS2_PLACEMENT_3D('',#3091,#3092,#3093);
#3091 = CARTESIAN_POINT('',(0.,0.,0.));
#3092 = DIRECTION('',(0.,0.,1.));
#3093 = DIRECTION('',(1.,0.,-0.));
#3094 = PCURVE('',#3040,#3095);
#3095 = DEFINITIONAL_REPRESENTATION('',(#3096),#3100);
#3096 = LINE('',#3097,#3098);
#3097 = CARTESIAN_POINT('',(0.,0.));
#3098 = VECTOR('',#3099,1.);
#3099 = DIRECTION('',(1.,0.));
#3100 = ( GEOMETRIC_REPRESENTATION_CONTEXT(2) 
PARAMETRIC_REPRESENTATION_CONTEXT() REPRESENTATION_CONTEXT('2D SPACE',''
  ) );
#3101 = PCURVE('',#3102,#3107);
#3102 = PLANE('',#3103);
#3103 = AXIS2_PLACEMENT_3D('',#3104,#3105,#3106);
#3104 = CARTESIAN_POINT('',(0.,0.,0.));
#3105 = DIRECTION('',(0.,0.,1.));
#3106 = DIRECTION('',(1.,0.,-0.));
#3107 = DEFINITIONAL_REPRESENTATION('',(#3108),#3112);
#3108 = CIRCLE('',#3109,16.);
#3109 = AXIS2_PLACEMENT_2D('',#3110,#3111);
#3110 = CARTESIAN_POINT('',(0.,0.));
#3111 = DIRECTION('',(1.,0.));
#3112 = ( GEOMETRIC_REPRESENTATION_CONTEXT(2) 
PARAMETRIC_REPRESENTATION_CONTEXT() REPRESENTATION_CONTEXT('2D SPACE',''
  ) );
#3113 = ORIENTED_EDGE('',*,*,#3064,.T.);
#3114 = ADVANCED_FACE('',(#3115),#3052,.T.);
#3115 = FACE_BOUND('',#3116,.T.);
#3116 = EDGE_LOOP('',(#3117));
#3117 = ORIENTED_EDGE('',*,*,#3030,.T.);
#3118 = ADVANCED_FACE('',(#3119),#3102,.F.);
#3119 = FACE_BOUND('',#3120,.T.);
#3120 = EDGE_LOOP('',(#3121));
#3121 = ORIENTED_EDGE('',*,*,#3087,.F.);
#3122 = ( GEOMETRIC_REPRESENTATION_CONTEXT(3) 
GLOBAL_UNCERTAINTY_ASSIGNED_CONTEXT((#3126)) 
GLOBAL_UNIT_ASSIGNED_CONTEXT((#3123,#3124,#3125)) REPRESENTATION_CONTEXT
('Context #1','3D Context with UNIT and UNCERTAINTY') );
#3123 = ( LENGTH_UNIT() NAMED_UNIT(*) SI_UNIT(.MILLI.,.METRE.) );
#3124 = ( NAMED_UNIT(*) PLANE_ANGLE_UNIT() SI_UNIT($,.RADIAN.) );
#3125 = ( NAMED_UNIT(*) SI_UNIT($,.STERADIAN.) SOLID_ANGLE_UNIT() );
#3126 = UNCERTAINTY_MEASURE_WITH_UNIT(LENGTH_MEASURE(1.E-07),#3123,
  'distance_accuracy_value','confusion accuracy');
#3127 = CONTEXT_DEPENDENT_SHAPE_REPRESENTATION(#3128,#3130);
#3128 = ( REPRESENTATION_RELATIONSHIP('','',#3023,#3000) 
REPRESENTATION_RELATIONSHIP_WITH_TRANSFORMATION(#3129) 
SHAPE_REPRESENTATION_RELATIONSHIP() );
#3129 = ITEM_DEFINED_TRANSFORMATION('','',#11,#3001);
#3130 = PRODUCT_DEFINITION_SHAPE('Placement','Placement of an item',
  #3131);
#3131 = NEXT_ASSEMBLY_USAGE_OCCURRENCE('327','=>[0:1:1:27]','',#2995,
  #3018,$);
#3132 = PRODUCT_RELATED_PRODUCT_CATEGORY('part',$,(#3020));
#3133 = SHAPE_DEFINITION_REPRESENTATION(#3134,#3140);
#3134 = PRODUCT_DEFINITION_SHAPE('','',#3135);
#3135 = PRODUCT_DEFINITION('design','',#3136,#3139);
#3136 = PRODUCT_DEFINITION_FORMATION('','',#3137);
#3137 = PRODUCT('left_lower_arm_load_link','left_lower_arm_load_link',''
  ,(#3138));
#3138 = PRODUCT_CONTEXT('',#2,'mechanical');
#3139 = PRODUCT_DEFINITION_CONTEXT('part definition',#2,'design');
#3140 = SHAPE_REPRESENTATION('',(#11,#3141),#3145);
#3141 = AXIS2_PLACEMENT_3D('',#3142,#3143,#3144);
#3142 = CARTESIAN_POINT('',(0.,0.,-77.63536565251));
#3143 = DIRECTION('',(0.,0.,1.));
#3144 = DIRECTION('',(1.,0.,0.));
#3145 = ( GEOMETRIC_REPRESENTATION_CONTEXT(3) 
GLOBAL_UNCERTAINTY_ASSIGNED_CONTEXT((#3149)) 
GLOBAL_UNIT_ASSIGNED_CONTEXT((#3146,#3147,#3148)) REPRESENTATION_CONTEXT
('Context #1','3D Context with UNIT and UNCERTAINTY') );
#3146 = ( LENGTH_UNIT() NAMED_UNIT(*) SI_UNIT(.MILLI.,.METRE.) );
#3147 = ( NAMED_UNIT(*) PLANE_ANGLE_UNIT() SI_UNIT($,.RADIAN.) );
#3148 = ( NAMED_UNIT(*) SI_UNIT($,.STERADIAN.) SOLID_ANGLE_UNIT() );
#3149 = UNCERTAINTY_MEASURE_WITH_UNIT(LENGTH_MEASURE(1.E-07),#3146,
  'distance_accuracy_value','confusion accuracy');
#3150 = CONTEXT_DEPENDENT_SHAPE_REPRESENTATION(#3151,#3153);
#3151 = ( REPRESENTATION_RELATIONSHIP('','',#3140,#10) 
REPRESENTATION_RELATIONSHIP_WITH_TRANSFORMATION(#3152) 
SHAPE_REPRESENTATION_RELATIONSHIP() );
#3152 = ITEM_DEFINED_TRANSFORMATION('','',#11,#67);
#3153 = PRODUCT_DEFINITION_SHAPE('Placement','Placement of an item',
  #3154);
#3154 = NEXT_ASSEMBLY_USAGE_OCCURRENCE('330','=>[0:1:1:28]','',#5,#3135,
  $);
#3155 = PRODUCT_RELATED_PRODUCT_CATEGORY('part',$,(#3137));
#3156 = SHAPE_DEFINITION_REPRESENTATION(#3157,#3163);
#3157 = PRODUCT_DEFINITION_SHAPE('','',#3158);
#3158 = PRODUCT_DEFINITION('design','',#3159,#3162);
#3159 = PRODUCT_DEFINITION_FORMATION('','',#3160);
#3160 = PRODUCT('SOLID','SOLID','',(#3161));
#3161 = PRODUCT_CONTEXT('',#2,'mechanical');
#3162 = PRODUCT_DEFINITION_CONTEXT('part definition',#2,'design');
#3163 = ADVANCED_BREP_SHAPE_REPRESENTATION('',(#11,#3164),#3262);
#3164 = MANIFOLD_SOLID_BREP('',#3165);
#3165 = CLOSED_SHELL('',(#3166,#3254,#3258));
#3166 = ADVANCED_FACE('',(#3167),#3180,.T.);
#3167 = FACE_BOUND('',#3168,.T.);
#3168 = EDGE_LOOP('',(#3169,#3203,#3226,#3253));
#3169 = ORIENTED_EDGE('',*,*,#3170,.F.);
#3170 = EDGE_CURVE('',#3171,#3171,#3173,.T.);
#3171 = VERTEX_POINT('',#3172);
#3172 = CARTESIAN_POINT('',(14.,-3.429011037613E-15,155.27073130503));
#3173 = SURFACE_CURVE('',#3174,(#3179,#3191),.PCURVE_S1.);
#3174 = CIRCLE('',#3175,14.);
#3175 = AXIS2_PLACEMENT_3D('',#3176,#3177,#3178);
#3176 = CARTESIAN_POINT('',(0.,0.,155.27073130503));
#3177 = DIRECTION('',(0.,0.,1.));
#3178 = DIRECTION('',(1.,0.,-0.));
#3179 = PCURVE('',#3180,#3185);
#3180 = CYLINDRICAL_SURFACE('',#3181,14.);
#3181 = AXIS2_PLACEMENT_3D('',#3182,#3183,#3184);
#3182 = CARTESIAN_POINT('',(0.,0.,0.));
#3183 = DIRECTION('',(0.,0.,1.));
#3184 = DIRECTION('',(1.,0.,-0.));
#3185 = DEFINITIONAL_REPRESENTATION('',(#3186),#3190);
#3186 = LINE('',#3187,#3188);
#3187 = CARTESIAN_POINT('',(0.,155.27073130503));
#3188 = VECTOR('',#3189,1.);
#3189 = DIRECTION('',(1.,0.));
#3190 = ( GEOMETRIC_REPRESENTATION_CONTEXT(2) 
PARAMETRIC_REPRESENTATION_CONTEXT() REPRESENTATION_CONTEXT('2D SPACE',''
  ) );
#3191 = PCURVE('',#3192,#3197);
#3192 = PLANE('',#3193);
#3193 = AXIS2_PLACEMENT_3D('',#3194,#3195,#3196);
#3194 = CARTESIAN_POINT('',(0.,0.,155.27073130503));
#3195 = DIRECTION('',(0.,0.,1.));
#3196 = DIRECTION('',(1.,0.,-0.));
#3197 = DEFINITIONAL_REPRESENTATION('',(#3198),#3202);
#3198 = CIRCLE('',#3199,14.);
#3199 = AXIS2_PLACEMENT_2D('',#3200,#3201);
#3200 = CARTESIAN_POINT('',(0.,0.));
#3201 = DIRECTION('',(1.,0.));
#3202 = ( GEOMETRIC_REPRESENTATION_CONTEXT(2) 
PARAMETRIC_REPRESENTATION_CONTEXT() REPRESENTATION_CONTEXT('2D SPACE',''
  ) );
#3203 = ORIENTED_EDGE('',*,*,#3204,.F.);
#3204 = EDGE_CURVE('',#3205,#3171,#3207,.T.);
#3205 = VERTEX_POINT('',#3206);
#3206 = CARTESIAN_POINT('',(14.,-3.429011037613E-15,0.));
#3207 = SEAM_CURVE('',#3208,(#3212,#3219),.PCURVE_S1.);
#3208 = LINE('',#3209,#3210);
#3209 = CARTESIAN_POINT('',(14.,-3.429011037613E-15,0.));
#3210 = VECTOR('',#3211,1.);
#3211 = DIRECTION('',(0.,0.,1.));
#3212 = PCURVE('',#3180,#3213);
#3213 = DEFINITIONAL_REPRESENTATION('',(#3214),#3218);
#3214 = LINE('',#3215,#3216);
#3215 = CARTESIAN_POINT('',(6.28318530718,-0.));
#3216 = VECTOR('',#3217,1.);
#3217 = DIRECTION('',(0.,1.));
#3218 = ( GEOMETRIC_REPRESENTATION_CONTEXT(2) 
PARAMETRIC_REPRESENTATION_CONTEXT() REPRESENTATION_CONTEXT('2D SPACE',''
  ) );
#3219 = PCURVE('',#3180,#3220);
#3220 = DEFINITIONAL_REPRESENTATION('',(#3221),#3225);
#3221 = LINE('',#3222,#3223);
#3222 = CARTESIAN_POINT('',(0.,-0.));
#3223 = VECTOR('',#3224,1.);
#3224 = DIRECTION('',(0.,1.));
#3225 = ( GEOMETRIC_REPRESENTATION_CONTEXT(2) 
PARAMETRIC_REPRESENTATION_CONTEXT() REPRESENTATION_CONTEXT('2D SPACE',''
  ) );
#3226 = ORIENTED_EDGE('',*,*,#3227,.T.);
#3227 = EDGE_CURVE('',#3205,#3205,#3228,.T.);
#3228 = SURFACE_CURVE('',#3229,(#3234,#3241),.PCURVE_S1.);
#3229 = CIRCLE('',#3230,14.);
#3230 = AXIS2_PLACEMENT_3D('',#3231,#3232,#3233);
#3231 = CARTESIAN_POINT('',(0.,0.,0.));
#3232 = DIRECTION('',(0.,0.,1.));
#3233 = DIRECTION('',(1.,0.,-0.));
#3234 = PCURVE('',#3180,#3235);
#3235 = DEFINITIONAL_REPRESENTATION('',(#3236),#3240);
#3236 = LINE('',#3237,#3238);
#3237 = CARTESIAN_POINT('',(0.,0.));
#3238 = VECTOR('',#3239,1.);
#3239 = DIRECTION('',(1.,0.));
#3240 = ( GEOMETRIC_REPRESENTATION_CONTEXT(2) 
PARAMETRIC_REPRESENTATION_CONTEXT() REPRESENTATION_CONTEXT('2D SPACE',''
  ) );
#3241 = PCURVE('',#3242,#3247);
#3242 = PLANE('',#3243);
#3243 = AXIS2_PLACEMENT_3D('',#3244,#3245,#3246);
#3244 = CARTESIAN_POINT('',(0.,0.,0.));
#3245 = DIRECTION('',(0.,0.,1.));
#3246 = DIRECTION('',(1.,0.,-0.));
#3247 = DEFINITIONAL_REPRESENTATION('',(#3248),#3252);
#3248 = CIRCLE('',#3249,14.);
#3249 = AXIS2_PLACEMENT_2D('',#3250,#3251);
#3250 = CARTESIAN_POINT('',(0.,0.));
#3251 = DIRECTION('',(1.,0.));
#3252 = ( GEOMETRIC_REPRESENTATION_CONTEXT(2) 
PARAMETRIC_REPRESENTATION_CONTEXT() REPRESENTATION_CONTEXT('2D SPACE',''
  ) );
#3253 = ORIENTED_EDGE('',*,*,#3204,.T.);
#3254 = ADVANCED_FACE('',(#3255),#3192,.T.);
#3255 = FACE_BOUND('',#3256,.T.);
#3256 = EDGE_LOOP('',(#3257));
#3257 = ORIENTED_EDGE('',*,*,#3170,.T.);
#3258 = ADVANCED_FACE('',(#3259),#3242,.F.);
#3259 = FACE_BOUND('',#3260,.T.);
#3260 = EDGE_LOOP('',(#3261));
#3261 = ORIENTED_EDGE('',*,*,#3227,.F.);
#3262 = ( GEOMETRIC_REPRESENTATION_CONTEXT(3) 
GLOBAL_UNCERTAINTY_ASSIGNED_CONTEXT((#3266)) 
GLOBAL_UNIT_ASSIGNED_CONTEXT((#3263,#3264,#3265)) REPRESENTATION_CONTEXT
('Context #1','3D Context with UNIT and UNCERTAINTY') );
#3263 = ( LENGTH_UNIT() NAMED_UNIT(*) SI_UNIT(.MILLI.,.METRE.) );
#3264 = ( NAMED_UNIT(*) PLANE_ANGLE_UNIT() SI_UNIT($,.RADIAN.) );
#3265 = ( NAMED_UNIT(*) SI_UNIT($,.STERADIAN.) SOLID_ANGLE_UNIT() );
#3266 = UNCERTAINTY_MEASURE_WITH_UNIT(LENGTH_MEASURE(1.E-07),#3263,
  'distance_accuracy_value','confusion accuracy');
#3267 = CONTEXT_DEPENDENT_SHAPE_REPRESENTATION(#3268,#3270);
#3268 = ( REPRESENTATION_RELATIONSHIP('','',#3163,#3140) 
REPRESENTATION_RELATIONSHIP_WITH_TRANSFORMATION(#3269) 
SHAPE_REPRESENTATION_RELATIONSHIP() );
#3269 = ITEM_DEFINED_TRANSFORMATION('','',#11,#3141);
#3270 = PRODUCT_DEFINITION_SHAPE('Placement','Placement of an item',
  #3271);
#3271 = NEXT_ASSEMBLY_USAGE_OCCURRENCE('329','=>[0:1:1:29]','',#3135,
  #3158,$);
#3272 = PRODUCT_RELATED_PRODUCT_CATEGORY('part',$,(#3160));
#3273 = SHAPE_DEFINITION_REPRESENTATION(#3274,#3280);
#3274 = PRODUCT_DEFINITION_SHAPE('','',#3275);
#3275 = PRODUCT_DEFINITION('design','',#3276,#3279);
#3276 = PRODUCT_DEFINITION_FORMATION('','',#3277);
#3277 = PRODUCT('right_forearm_structural_thruster_sleeve',
  'right_forearm_structural_thruster_sleeve','',(#3278));
#3278 = PRODUCT_CONTEXT('',#2,'mechanical');
#3279 = PRODUCT_DEFINITION_CONTEXT('part definition',#2,'design');
#3280 = SHAPE_REPRESENTATION('',(#11,#3281),#3285);
#3281 = AXIS2_PLACEMENT_3D('',#3282,#3283,#3284);
#3282 = CARTESIAN_POINT('',(-66.,-58.,-180.));
#3283 = DIRECTION('',(0.,0.,1.));
#3284 = DIRECTION('',(1.,0.,0.));
#3285 = ( GEOMETRIC_REPRESENTATION_CONTEXT(3) 
GLOBAL_UNCERTAINTY_ASSIGNED_CONTEXT((#3289)) 
GLOBAL_UNIT_ASSIGNED_CONTEXT((#3286,#3287,#3288)) REPRESENTATION_CONTEXT
('Context #1','3D Context with UNIT and UNCERTAINTY') );
#3286 = ( LENGTH_UNIT() NAMED_UNIT(*) SI_UNIT(.MILLI.,.METRE.) );
#3287 = ( NAMED_UNIT(*) PLANE_ANGLE_UNIT() SI_UNIT($,.RADIAN.) );
#3288 = ( NAMED_UNIT(*) SI_UNIT($,.STERADIAN.) SOLID_ANGLE_UNIT() );
#3289 = UNCERTAINTY_MEASURE_WITH_UNIT(LENGTH_MEASURE(1.E-07),#3286,
  'distance_accuracy_value','confusion accuracy');
#3290 = CONTEXT_DEPENDENT_SHAPE_REPRESENTATION(#3291,#3293);
#3291 = ( REPRESENTATION_RELATIONSHIP('','',#3280,#10) 
REPRESENTATION_RELATIONSHIP_WITH_TRANSFORMATION(#3292) 
SHAPE_REPRESENTATION_RELATIONSHIP() );
#3292 = ITEM_DEFINED_TRANSFORMATION('','',#11,#71);
#3293 = PRODUCT_DEFINITION_SHAPE('Placement','Placement of an item',
  #3294);
#3294 = NEXT_ASSEMBLY_USAGE_OCCURRENCE('332','=>[0:1:1:30]','',#5,#3275,
  $);
#3295 = PRODUCT_RELATED_PRODUCT_CATEGORY('part',$,(#3277));
#3296 = SHAPE_DEFINITION_REPRESENTATION(#3297,#3303);
#3297 = PRODUCT_DEFINITION_SHAPE('','',#3298);
#3298 = PRODUCT_DEFINITION('design','',#3299,#3302);
#3299 = PRODUCT_DEFINITION_FORMATION('','',#3300);
#3300 = PRODUCT('SOLID','SOLID','',(#3301));
#3301 = PRODUCT_CONTEXT('',#2,'mechanical');
#3302 = PRODUCT_DEFINITION_CONTEXT('part definition',#2,'design');
#3303 = ADVANCED_BREP_SHAPE_REPRESENTATION('',(#11,#3304),#3634);
#3304 = MANIFOLD_SOLID_BREP('',#3305);
#3305 = CLOSED_SHELL('',(#3306,#3426,#3526,#3573,#3620,#3627));
#3306 = ADVANCED_FACE('',(#3307),#3321,.F.);
#3307 = FACE_BOUND('',#3308,.F.);
#3308 = EDGE_LOOP('',(#3309,#3344,#3372,#3400));
#3309 = ORIENTED_EDGE('',*,*,#3310,.F.);
#3310 = EDGE_CURVE('',#3311,#3313,#3315,.T.);
#3311 = VERTEX_POINT('',#3312);
#3312 = CARTESIAN_POINT('',(0.,0.,0.));
#3313 = VERTEX_POINT('',#3314);
#3314 = CARTESIAN_POINT('',(0.,0.,360.));
#3315 = SURFACE_CURVE('',#3316,(#3320,#3332),.PCURVE_S1.);
#3316 = LINE('',#3317,#3318);
#3317 = CARTESIAN_POINT('',(0.,0.,0.));
#3318 = VECTOR('',#3319,1.);
#3319 = DIRECTION('',(0.,0.,1.));
#3320 = PCURVE('',#3321,#3326);
#3321 = PLANE('',#3322);
#3322 = AXIS2_PLACEMENT_3D('',#3323,#3324,#3325);
#3323 = CARTESIAN_POINT('',(0.,0.,0.));
#3324 = DIRECTION('',(1.,0.,-0.));
#3325 = DIRECTION('',(0.,0.,1.));
#3326 = DEFINITIONAL_REPRESENTATION('',(#3327),#3331);
#3327 = LINE('',#3328,#3329);
#3328 = CARTESIAN_POINT('',(0.,0.));
#3329 = VECTOR('',#3330,1.);
#3330 = DIRECTION('',(1.,0.));
#3331 = ( GEOMETRIC_REPRESENTATION_CONTEXT(2) 
PARAMETRIC_REPRESENTATION_CONTEXT() REPRESENTATION_CONTEXT('2D SPACE',''
  ) );
#3332 = PCURVE('',#3333,#3338);
#3333 = PLANE('',#3334);
#3334 = AXIS2_PLACEMENT_3D('',#3335,#3336,#3337);
#3335 = CARTESIAN_POINT('',(0.,0.,0.));
#3336 = DIRECTION('',(-0.,1.,0.));
#3337 = DIRECTION('',(0.,0.,1.));
#3338 = DEFINITIONAL_REPRESENTATION('',(#3339),#3343);
#3339 = LINE('',#3340,#3341);
#3340 = CARTESIAN_POINT('',(0.,0.));
#3341 = VECTOR('',#3342,1.);
#3342 = DIRECTION('',(1.,0.));
#3343 = ( GEOMETRIC_REPRESENTATION_CONTEXT(2) 
PARAMETRIC_REPRESENTATION_CONTEXT() REPRESENTATION_CONTEXT('2D SPACE',''
  ) );
#3344 = ORIENTED_EDGE('',*,*,#3345,.T.);
#3345 = EDGE_CURVE('',#3311,#3346,#3348,.T.);
#3346 = VERTEX_POINT('',#3347);
#3347 = CARTESIAN_POINT('',(0.,116.,0.));
#3348 = SURFACE_CURVE('',#3349,(#3353,#3360),.PCURVE_S1.);
#3349 = LINE('',#3350,#3351);
#3350 = CARTESIAN_POINT('',(0.,0.,0.));
#3351 = VECTOR('',#3352,1.);
#3352 = DIRECTION('',(-0.,1.,0.));
#3353 = PCURVE('',#3321,#3354);
#3354 = DEFINITIONAL_REPRESENTATION('',(#3355),#3359);
#3355 = LINE('',#3356,#3357);
#3356 = CARTESIAN_POINT('',(0.,0.));
#3357 = VECTOR('',#3358,1.);
#3358 = DIRECTION('',(0.,-1.));
#3359 = ( GEOMETRIC_REPRESENTATION_CONTEXT(2) 
PARAMETRIC_REPRESENTATION_CONTEXT() REPRESENTATION_CONTEXT('2D SPACE',''
  ) );
#3360 = PCURVE('',#3361,#3366);
#3361 = PLANE('',#3362);
#3362 = AXIS2_PLACEMENT_3D('',#3363,#3364,#3365);
#3363 = CARTESIAN_POINT('',(0.,0.,0.));
#3364 = DIRECTION('',(0.,0.,1.));
#3365 = DIRECTION('',(1.,0.,-0.));
#3366 = DEFINITIONAL_REPRESENTATION('',(#3367),#3371);
#3367 = LINE('',#3368,#3369);
#3368 = CARTESIAN_POINT('',(0.,0.));
#3369 = VECTOR('',#3370,1.);
#3370 = DIRECTION('',(0.,1.));
#3371 = ( GEOMETRIC_REPRESENTATION_CONTEXT(2) 
PARAMETRIC_REPRESENTATION_CONTEXT() REPRESENTATION_CONTEXT('2D SPACE',''
  ) );
#3372 = ORIENTED_EDGE('',*,*,#3373,.T.);
#3373 = EDGE_CURVE('',#3346,#3374,#3376,.T.);
#3374 = VERTEX_POINT('',#3375);
#3375 = CARTESIAN_POINT('',(0.,116.,360.));
#3376 = SURFACE_CURVE('',#3377,(#3381,#3388),.PCURVE_S1.);
#3377 = LINE('',#3378,#3379);
#3378 = CARTESIAN_POINT('',(0.,116.,0.));
#3379 = VECTOR('',#3380,1.);
#3380 = DIRECTION('',(0.,0.,1.));
#3381 = PCURVE('',#3321,#3382);
#3382 = DEFINITIONAL_REPRESENTATION('',(#3383),#3387);
#3383 = LINE('',#3384,#3385);
#3384 = CARTESIAN_POINT('',(0.,-116.));
#3385 = VECTOR('',#3386,1.);
#3386 = DIRECTION('',(1.,0.));
#3387 = ( GEOMETRIC_REPRESENTATION_CONTEXT(2) 
PARAMETRIC_REPRESENTATION_CONTEXT() REPRESENTATION_CONTEXT('2D SPACE',''
  ) );
#3388 = PCURVE('',#3389,#3394);
#3389 = PLANE('',#3390);
#3390 = AXIS2_PLACEMENT_3D('',#3391,#3392,#3393);
#3391 = CARTESIAN_POINT('',(0.,116.,0.));
#3392 = DIRECTION('',(-0.,1.,0.));
#3393 = DIRECTION('',(0.,0.,1.));
#3394 = DEFINITIONAL_REPRESENTATION('',(#3395),#3399);
#3395 = LINE('',#3396,#3397);
#3396 = CARTESIAN_POINT('',(0.,0.));
#3397 = VECTOR('',#3398,1.);
#3398 = DIRECTION('',(1.,0.));
#3399 = ( GEOMETRIC_REPRESENTATION_CONTEXT(2) 
PARAMETRIC_REPRESENTATION_CONTEXT() REPRESENTATION_CONTEXT('2D SPACE',''
  ) );
#3400 = ORIENTED_EDGE('',*,*,#3401,.F.);
#3401 = EDGE_CURVE('',#3313,#3374,#3402,.T.);
#3402 = SURFACE_CURVE('',#3403,(#3407,#3414),.PCURVE_S1.);
#3403 = LINE('',#3404,#3405);
#3404 = CARTESIAN_POINT('',(0.,0.,360.));
#3405 = VECTOR('',#3406,1.);
#3406 = DIRECTION('',(-0.,1.,0.));
#3407 = PCURVE('',#3321,#3408);
#3408 = DEFINITIONAL_REPRESENTATION('',(#3409),#3413);
#3409 = LINE('',#3410,#3411);
#3410 = CARTESIAN_POINT('',(360.,0.));
#3411 = VECTOR('',#3412,1.);
#3412 = DIRECTION('',(0.,-1.));
#3413 = ( GEOMETRIC_REPRESENTATION_CONTEXT(2) 
PARAMETRIC_REPRESENTATION_CONTEXT() REPRESENTATION_CONTEXT('2D SPACE',''
  ) );
#3414 = PCURVE('',#3415,#3420);
#3415 = PLANE('',#3416);
#3416 = AXIS2_PLACEMENT_3D('',#3417,#3418,#3419);
#3417 = CARTESIAN_POINT('',(0.,0.,360.));
#3418 = DIRECTION('',(0.,0.,1.));
#3419 = DIRECTION('',(1.,0.,-0.));
#3420 = DEFINITIONAL_REPRESENTATION('',(#3421),#3425);
#3421 = LINE('',#3422,#3423);
#3422 = CARTESIAN_POINT('',(0.,0.));
#3423 = VECTOR('',#3424,1.);
#3424 = DIRECTION('',(0.,1.));
#3425 = ( GEOMETRIC_REPRESENTATION_CONTEXT(2) 
PARAMETRIC_REPRESENTATION_CONTEXT() REPRESENTATION_CONTEXT('2D SPACE',''
  ) );
#3426 = ADVANCED_FACE('',(#3427),#3441,.T.);
#3427 = FACE_BOUND('',#3428,.T.);
#3428 = EDGE_LOOP('',(#3429,#3459,#3482,#3505));
#3429 = ORIENTED_EDGE('',*,*,#3430,.F.);
#3430 = EDGE_CURVE('',#3431,#3433,#3435,.T.);
#3431 = VERTEX_POINT('',#3432);
#3432 = CARTESIAN_POINT('',(132.,0.,0.));
#3433 = VERTEX_POINT('',#3434);
#3434 = CARTESIAN_POINT('',(132.,0.,360.));
#3435 = SURFACE_CURVE('',#3436,(#3440,#3452),.PCURVE_S1.);
#3436 = LINE('',#3437,#3438);
#3437 = CARTESIAN_POINT('',(132.,0.,0.));
#3438 = VECTOR('',#3439,1.);
#3439 = DIRECTION('',(0.,0.,1.));
#3440 = PCURVE('',#3441,#3446);
#3441 = PLANE('',#3442);
#3442 = AXIS2_PLACEMENT_3D('',#3443,#3444,#3445);
#3443 = CARTESIAN_POINT('',(132.,0.,0.));
#3444 = DIRECTION('',(1.,0.,-0.));
#3445 = DIRECTION('',(0.,0.,1.));
#3446 = DEFINITIONAL_REPRESENTATION('',(#3447),#3451);
#3447 = LINE('',#3448,#3449);
#3448 = CARTESIAN_POINT('',(0.,0.));
#3449 = VECTOR('',#3450,1.);
#3450 = DIRECTION('',(1.,0.));
#3451 = ( GEOMETRIC_REPRESENTATION_CONTEXT(2) 
PARAMETRIC_REPRESENTATION_CONTEXT() REPRESENTATION_CONTEXT('2D SPACE',''
  ) );
#3452 = PCURVE('',#3333,#3453);
#3453 = DEFINITIONAL_REPRESENTATION('',(#3454),#3458);
#3454 = LINE('',#3455,#3456);
#3455 = CARTESIAN_POINT('',(0.,132.));
#3456 = VECTOR('',#3457,1.);
#3457 = DIRECTION('',(1.,0.));
#3458 = ( GEOMETRIC_REPRESENTATION_CONTEXT(2) 
PARAMETRIC_REPRESENTATION_CONTEXT() REPRESENTATION_CONTEXT('2D SPACE',''
  ) );
#3459 = ORIENTED_EDGE('',*,*,#3460,.T.);
#3460 = EDGE_CURVE('',#3431,#3461,#3463,.T.);
#3461 = VERTEX_POINT('',#3462);
#3462 = CARTESIAN_POINT('',(132.,116.,0.));
#3463 = SURFACE_CURVE('',#3464,(#3468,#3475),.PCURVE_S1.);
#3464 = LINE('',#3465,#3466);
#3465 = CARTESIAN_POINT('',(132.,0.,0.));
#3466 = VECTOR('',#3467,1.);
#3467 = DIRECTION('',(-0.,1.,0.));
#3468 = PCURVE('',#3441,#3469);
#3469 = DEFINITIONAL_REPRESENTATION('',(#3470),#3474);
#3470 = LINE('',#3471,#3472);
#3471 = CARTESIAN_POINT('',(0.,0.));
#3472 = VECTOR('',#3473,1.);
#3473 = DIRECTION('',(0.,-1.));
#3474 = ( GEOMETRIC_REPRESENTATION_CONTEXT(2) 
PARAMETRIC_REPRESENTATION_CONTEXT() REPRESENTATION_CONTEXT('2D SPACE',''
  ) );
#3475 = PCURVE('',#3361,#3476);
#3476 = DEFINITIONAL_REPRESENTATION('',(#3477),#3481);
#3477 = LINE('',#3478,#3479);
#3478 = CARTESIAN_POINT('',(132.,0.));
#3479 = VECTOR('',#3480,1.);
#3480 = DIRECTION('',(0.,1.));
#3481 = ( GEOMETRIC_REPRESENTATION_CONTEXT(2) 
PARAMETRIC_REPRESENTATION_CONTEXT() REPRESENTATION_CONTEXT('2D SPACE',''
  ) );
#3482 = ORIENTED_EDGE('',*,*,#3483,.T.);
#3483 = EDGE_CURVE('',#3461,#3484,#3486,.T.);
#3484 = VERTEX_POINT('',#3485);
#3485 = CARTESIAN_POINT('',(132.,116.,360.));
#3486 = SURFACE_CURVE('',#3487,(#3491,#3498),.PCURVE_S1.);
#3487 = LINE('',#3488,#3489);
#3488 = CARTESIAN_POINT('',(132.,116.,0.));
#3489 = VECTOR('',#3490,1.);
#3490 = DIRECTION('',(0.,0.,1.));
#3491 = PCURVE('',#3441,#3492);
#3492 = DEFINITIONAL_REPRESENTATION('',(#3493),#3497);
#3493 = LINE('',#3494,#3495);
#3494 = CARTESIAN_POINT('',(0.,-116.));
#3495 = VECTOR('',#3496,1.);
#3496 = DIRECTION('',(1.,0.));
#3497 = ( GEOMETRIC_REPRESENTATION_CONTEXT(2) 
PARAMETRIC_REPRESENTATION_CONTEXT() REPRESENTATION_CONTEXT('2D SPACE',''
  ) );
#3498 = PCURVE('',#3389,#3499);
#3499 = DEFINITIONAL_REPRESENTATION('',(#3500),#3504);
#3500 = LINE('',#3501,#3502);
#3501 = CARTESIAN_POINT('',(0.,132.));
#3502 = VECTOR('',#3503,1.);
#3503 = DIRECTION('',(1.,0.));
#3504 = ( GEOMETRIC_REPRESENTATION_CONTEXT(2) 
PARAMETRIC_REPRESENTATION_CONTEXT() REPRESENTATION_CONTEXT('2D SPACE',''
  ) );
#3505 = ORIENTED_EDGE('',*,*,#3506,.F.);
#3506 = EDGE_CURVE('',#3433,#3484,#3507,.T.);
#3507 = SURFACE_CURVE('',#3508,(#3512,#3519),.PCURVE_S1.);
#3508 = LINE('',#3509,#3510);
#3509 = CARTESIAN_POINT('',(132.,0.,360.));
#3510 = VECTOR('',#3511,1.);
#3511 = DIRECTION('',(-0.,1.,0.));
#3512 = PCURVE('',#3441,#3513);
#3513 = DEFINITIONAL_REPRESENTATION('',(#3514),#3518);
#3514 = LINE('',#3515,#3516);
#3515 = CARTESIAN_POINT('',(360.,0.));
#3516 = VECTOR('',#3517,1.);
#3517 = DIRECTION('',(0.,-1.));
#3518 = ( GEOMETRIC_REPRESENTATION_CONTEXT(2) 
PARAMETRIC_REPRESENTATION_CONTEXT() REPRESENTATION_CONTEXT('2D SPACE',''
  ) );
#3519 = PCURVE('',#3415,#3520);
#3520 = DEFINITIONAL_REPRESENTATION('',(#3521),#3525);
#3521 = LINE('',#3522,#3523);
#3522 = CARTESIAN_POINT('',(132.,0.));
#3523 = VECTOR('',#3524,1.);
#3524 = DIRECTION('',(0.,1.));
#3525 = ( GEOMETRIC_REPRESENTATION_CONTEXT(2) 
PARAMETRIC_REPRESENTATION_CONTEXT() REPRESENTATION_CONTEXT('2D SPACE',''
  ) );
#3526 = ADVANCED_FACE('',(#3527),#3333,.F.);
#3527 = FACE_BOUND('',#3528,.F.);
#3528 = EDGE_LOOP('',(#3529,#3550,#3551,#3572));
#3529 = ORIENTED_EDGE('',*,*,#3530,.F.);
#3530 = EDGE_CURVE('',#3311,#3431,#3531,.T.);
#3531 = SURFACE_CURVE('',#3532,(#3536,#3543),.PCURVE_S1.);
#3532 = LINE('',#3533,#3534);
#3533 = CARTESIAN_POINT('',(0.,0.,0.));
#3534 = VECTOR('',#3535,1.);
#3535 = DIRECTION('',(1.,0.,-0.));
#3536 = PCURVE('',#3333,#3537);
#3537 = DEFINITIONAL_REPRESENTATION('',(#3538),#3542);
#3538 = LINE('',#3539,#3540);
#3539 = CARTESIAN_POINT('',(0.,0.));
#3540 = VECTOR('',#3541,1.);
#3541 = DIRECTION('',(0.,1.));
#3542 = ( GEOMETRIC_REPRESENTATION_CONTEXT(2) 
PARAMETRIC_REPRESENTATION_CONTEXT() REPRESENTATION_CONTEXT('2D SPACE',''
  ) );
#3543 = PCURVE('',#3361,#3544);
#3544 = DEFINITIONAL_REPRESENTATION('',(#3545),#3549);
#3545 = LINE('',#3546,#3547);
#3546 = CARTESIAN_POINT('',(0.,0.));
#3547 = VECTOR('',#3548,1.);
#3548 = DIRECTION('',(1.,0.));
#3549 = ( GEOMETRIC_REPRESENTATION_CONTEXT(2) 
PARAMETRIC_REPRESENTATION_CONTEXT() REPRESENTATION_CONTEXT('2D SPACE',''
  ) );
#3550 = ORIENTED_EDGE('',*,*,#3310,.T.);
#3551 = ORIENTED_EDGE('',*,*,#3552,.T.);
#3552 = EDGE_CURVE('',#3313,#3433,#3553,.T.);
#3553 = SURFACE_CURVE('',#3554,(#3558,#3565),.PCURVE_S1.);
#3554 = LINE('',#3555,#3556);
#3555 = CARTESIAN_POINT('',(0.,0.,360.));
#3556 = VECTOR('',#3557,1.);
#3557 = DIRECTION('',(1.,0.,-0.));
#3558 = PCURVE('',#3333,#3559);
#3559 = DEFINITIONAL_REPRESENTATION('',(#3560),#3564);
#3560 = LINE('',#3561,#3562);
#3561 = CARTESIAN_POINT('',(360.,0.));
#3562 = VECTOR('',#3563,1.);
#3563 = DIRECTION('',(0.,1.));
#3564 = ( GEOMETRIC_REPRESENTATION_CONTEXT(2) 
PARAMETRIC_REPRESENTATION_CONTEXT() REPRESENTATION_CONTEXT('2D SPACE',''
  ) );
#3565 = PCURVE('',#3415,#3566);
#3566 = DEFINITIONAL_REPRESENTATION('',(#3567),#3571);
#3567 = LINE('',#3568,#3569);
#3568 = CARTESIAN_POINT('',(0.,0.));
#3569 = VECTOR('',#3570,1.);
#3570 = DIRECTION('',(1.,0.));
#3571 = ( GEOMETRIC_REPRESENTATION_CONTEXT(2) 
PARAMETRIC_REPRESENTATION_CONTEXT() REPRESENTATION_CONTEXT('2D SPACE',''
  ) );
#3572 = ORIENTED_EDGE('',*,*,#3430,.F.);
#3573 = ADVANCED_FACE('',(#3574),#3389,.T.);
#3574 = FACE_BOUND('',#3575,.T.);
#3575 = EDGE_LOOP('',(#3576,#3597,#3598,#3619));
#3576 = ORIENTED_EDGE('',*,*,#3577,.F.);
#3577 = EDGE_CURVE('',#3346,#3461,#3578,.T.);
#3578 = SURFACE_CURVE('',#3579,(#3583,#3590),.PCURVE_S1.);
#3579 = LINE('',#3580,#3581);
#3580 = CARTESIAN_POINT('',(0.,116.,0.));
#3581 = VECTOR('',#3582,1.);
#3582 = DIRECTION('',(1.,0.,-0.));
#3583 = PCURVE('',#3389,#3584);
#3584 = DEFINITIONAL_REPRESENTATION('',(#3585),#3589);
#3585 = LINE('',#3586,#3587);
#3586 = CARTESIAN_POINT('',(0.,0.));
#3587 = VECTOR('',#3588,1.);
#3588 = DIRECTION('',(0.,1.));
#3589 = ( GEOMETRIC_REPRESENTATION_CONTEXT(2) 
PARAMETRIC_REPRESENTATION_CONTEXT() REPRESENTATION_CONTEXT('2D SPACE',''
  ) );
#3590 = PCURVE('',#3361,#3591);
#3591 = DEFINITIONAL_REPRESENTATION('',(#3592),#3596);
#3592 = LINE('',#3593,#3594);
#3593 = CARTESIAN_POINT('',(0.,116.));
#3594 = VECTOR('',#3595,1.);
#3595 = DIRECTION('',(1.,0.));
#3596 = ( GEOMETRIC_REPRESENTATION_CONTEXT(2) 
PARAMETRIC_REPRESENTATION_CONTEXT() REPRESENTATION_CONTEXT('2D SPACE',''
  ) );
#3597 = ORIENTED_EDGE('',*,*,#3373,.T.);
#3598 = ORIENTED_EDGE('',*,*,#3599,.T.);
#3599 = EDGE_CURVE('',#3374,#3484,#3600,.T.);
#3600 = SURFACE_CURVE('',#3601,(#3605,#3612),.PCURVE_S1.);
#3601 = LINE('',#3602,#3603);
#3602 = CARTESIAN_POINT('',(0.,116.,360.));
#3603 = VECTOR('',#3604,1.);
#3604 = DIRECTION('',(1.,0.,-0.));
#3605 = PCURVE('',#3389,#3606);
#3606 = DEFINITIONAL_REPRESENTATION('',(#3607),#3611);
#3607 = LINE('',#3608,#3609);
#3608 = CARTESIAN_POINT('',(360.,0.));
#3609 = VECTOR('',#3610,1.);
#3610 = DIRECTION('',(0.,1.));
#3611 = ( GEOMETRIC_REPRESENTATION_CONTEXT(2) 
PARAMETRIC_REPRESENTATION_CONTEXT() REPRESENTATION_CONTEXT('2D SPACE',''
  ) );
#3612 = PCURVE('',#3415,#3613);
#3613 = DEFINITIONAL_REPRESENTATION('',(#3614),#3618);
#3614 = LINE('',#3615,#3616);
#3615 = CARTESIAN_POINT('',(0.,116.));
#3616 = VECTOR('',#3617,1.);
#3617 = DIRECTION('',(1.,0.));
#3618 = ( GEOMETRIC_REPRESENTATION_CONTEXT(2) 
PARAMETRIC_REPRESENTATION_CONTEXT() REPRESENTATION_CONTEXT('2D SPACE',''
  ) );
#3619 = ORIENTED_EDGE('',*,*,#3483,.F.);
#3620 = ADVANCED_FACE('',(#3621),#3361,.F.);
#3621 = FACE_BOUND('',#3622,.F.);
#3622 = EDGE_LOOP('',(#3623,#3624,#3625,#3626));
#3623 = ORIENTED_EDGE('',*,*,#3345,.F.);
#3624 = ORIENTED_EDGE('',*,*,#3530,.T.);
#3625 = ORIENTED_EDGE('',*,*,#3460,.T.);
#3626 = ORIENTED_EDGE('',*,*,#3577,.F.);
#3627 = ADVANCED_FACE('',(#3628),#3415,.T.);
#3628 = FACE_BOUND('',#3629,.T.);
#3629 = EDGE_LOOP('',(#3630,#3631,#3632,#3633));
#3630 = ORIENTED_EDGE('',*,*,#3401,.F.);
#3631 = ORIENTED_EDGE('',*,*,#3552,.T.);
#3632 = ORIENTED_EDGE('',*,*,#3506,.T.);
#3633 = ORIENTED_EDGE('',*,*,#3599,.F.);
#3634 = ( GEOMETRIC_REPRESENTATION_CONTEXT(3) 
GLOBAL_UNCERTAINTY_ASSIGNED_CONTEXT((#3638)) 
GLOBAL_UNIT_ASSIGNED_CONTEXT((#3635,#3636,#3637)) REPRESENTATION_CONTEXT
('Context #1','3D Context with UNIT and UNCERTAINTY') );
#3635 = ( LENGTH_UNIT() NAMED_UNIT(*) SI_UNIT(.MILLI.,.METRE.) );
#3636 = ( NAMED_UNIT(*) PLANE_ANGLE_UNIT() SI_UNIT($,.RADIAN.) );
#3637 = ( NAMED_UNIT(*) SI_UNIT($,.STERADIAN.) SOLID_ANGLE_UNIT() );
#3638 = UNCERTAINTY_MEASURE_WITH_UNIT(LENGTH_MEASURE(1.E-07),#3635,
  'distance_accuracy_value','confusion accuracy');
#3639 = CONTEXT_DEPENDENT_SHAPE_REPRESENTATION(#3640,#3642);
#3640 = ( REPRESENTATION_RELATIONSHIP('','',#3303,#3280) 
REPRESENTATION_RELATIONSHIP_WITH_TRANSFORMATION(#3641) 
SHAPE_REPRESENTATION_RELATIONSHIP() );
#3641 = ITEM_DEFINED_TRANSFORMATION('','',#11,#3281);
#3642 = PRODUCT_DEFINITION_SHAPE('Placement','Placement of an item',
  #3643);
#3643 = NEXT_ASSEMBLY_USAGE_OCCURRENCE('331','=>[0:1:1:31]','',#3275,
  #3298,$);
#3644 = PRODUCT_RELATED_PRODUCT_CATEGORY('part',$,(#3300));
#3645 = SHAPE_DEFINITION_REPRESENTATION(#3646,#3652);
#3646 = PRODUCT_DEFINITION_SHAPE('','',#3647);
#3647 = PRODUCT_DEFINITION('design','',#3648,#3651);
#3648 = PRODUCT_DEFINITION_FORMATION('','',#3649);
#3649 = PRODUCT('right_forearm_removable_heat_shield_panel',
  'right_forearm_removable_heat_shield_panel','',(#3650));
#3650 = PRODUCT_CONTEXT('',#2,'mechanical');
#3651 = PRODUCT_DEFINITION_CONTEXT('part definition',#2,'design');
#3652 = SHAPE_REPRESENTATION('',(#11,#3653),#3657);
#3653 = AXIS2_PLACEMENT_3D('',#3654,#3655,#3656);
#3654 = CARTESIAN_POINT('',(-52.,-9.,-143.));
#3655 = DIRECTION('',(0.,0.,1.));
#3656 = DIRECTION('',(1.,0.,0.));
#3657 = ( GEOMETRIC_REPRESENTATION_CONTEXT(3) 
GLOBAL_UNCERTAINTY_ASSIGNED_CONTEXT((#3661)) 
GLOBAL_UNIT_ASSIGNED_CONTEXT((#3658,#3659,#3660)) REPRESENTATION_CONTEXT
('Context #1','3D Context with UNIT and UNCERTAINTY') );
#3658 = ( LENGTH_UNIT() NAMED_UNIT(*) SI_UNIT(.MILLI.,.METRE.) );
#3659 = ( NAMED_UNIT(*) PLANE_ANGLE_UNIT() SI_UNIT($,.RADIAN.) );
#3660 = ( NAMED_UNIT(*) SI_UNIT($,.STERADIAN.) SOLID_ANGLE_UNIT() );
#3661 = UNCERTAINTY_MEASURE_WITH_UNIT(LENGTH_MEASURE(1.E-07),#3658,
  'distance_accuracy_value','confusion accuracy');
#3662 = CONTEXT_DEPENDENT_SHAPE_REPRESENTATION(#3663,#3665);
#3663 = ( REPRESENTATION_RELATIONSHIP('','',#3652,#10) 
REPRESENTATION_RELATIONSHIP_WITH_TRANSFORMATION(#3664) 
SHAPE_REPRESENTATION_RELATIONSHIP() );
#3664 = ITEM_DEFINED_TRANSFORMATION('','',#11,#75);
#3665 = PRODUCT_DEFINITION_SHAPE('Placement','Placement of an item',
  #3666);
#3666 = NEXT_ASSEMBLY_USAGE_OCCURRENCE('334','=>[0:1:1:32]','',#5,#3647,
  $);
#3667 = PRODUCT_RELATED_PRODUCT_CATEGORY('part',$,(#3649));
#3668 = SHAPE_DEFINITION_REPRESENTATION(#3669,#3675);
#3669 = PRODUCT_DEFINITION_SHAPE('','',#3670);
#3670 = PRODUCT_DEFINITION('design','',#3671,#3674);
#3671 = PRODUCT_DEFINITION_FORMATION('','',#3672);
#3672 = PRODUCT('SOLID','SOLID','',(#3673));
#3673 = PRODUCT_CONTEXT('',#2,'mechanical');
#3674 = PRODUCT_DEFINITION_CONTEXT('part definition',#2,'design');
#3675 = ADVANCED_BREP_SHAPE_REPRESENTATION('',(#11,#3676),#4006);
#3676 = MANIFOLD_SOLID_BREP('',#3677);
#3677 = CLOSED_SHELL('',(#3678,#3798,#3898,#3945,#3992,#3999));
#3678 = ADVANCED_FACE('',(#3679),#3693,.F.);
#3679 = FACE_BOUND('',#3680,.F.);
#3680 = EDGE_LOOP('',(#3681,#3716,#3744,#3772));
#3681 = ORIENTED_EDGE('',*,*,#3682,.F.);
#3682 = EDGE_CURVE('',#3683,#3685,#3687,.T.);
#3683 = VERTEX_POINT('',#3684);
#3684 = CARTESIAN_POINT('',(0.,0.,0.));
#3685 = VERTEX_POINT('',#3686);
#3686 = CARTESIAN_POINT('',(0.,0.,286.));
#3687 = SURFACE_CURVE('',#3688,(#3692,#3704),.PCURVE_S1.);
#3688 = LINE('',#3689,#3690);
#3689 = CARTESIAN_POINT('',(0.,0.,0.));
#3690 = VECTOR('',#3691,1.);
#3691 = DIRECTION('',(0.,0.,1.));
#3692 = PCURVE('',#3693,#3698);
#3693 = PLANE('',#3694);
#3694 = AXIS2_PLACEMENT_3D('',#3695,#3696,#3697);
#3695 = CARTESIAN_POINT('',(0.,0.,0.));
#3696 = DIRECTION('',(1.,0.,-0.));
#3697 = DIRECTION('',(0.,0.,1.));
#3698 = DEFINITIONAL_REPRESENTATION('',(#3699),#3703);
#3699 = LINE('',#3700,#3701);
#3700 = CARTESIAN_POINT('',(0.,0.));
#3701 = VECTOR('',#3702,1.);
#3702 = DIRECTION('',(1.,0.));
#3703 = ( GEOMETRIC_REPRESENTATION_CONTEXT(2) 
PARAMETRIC_REPRESENTATION_CONTEXT() REPRESENTATION_CONTEXT('2D SPACE',''
  ) );
#3704 = PCURVE('',#3705,#3710);
#3705 = PLANE('',#3706);
#3706 = AXIS2_PLACEMENT_3D('',#3707,#3708,#3709);
#3707 = CARTESIAN_POINT('',(0.,0.,0.));
#3708 = DIRECTION('',(-0.,1.,0.));
#3709 = DIRECTION('',(0.,0.,1.));
#3710 = DEFINITIONAL_REPRESENTATION('',(#3711),#3715);
#3711 = LINE('',#3712,#3713);
#3712 = CARTESIAN_POINT('',(0.,0.));
#3713 = VECTOR('',#3714,1.);
#3714 = DIRECTION('',(1.,0.));
#3715 = ( GEOMETRIC_REPRESENTATION_CONTEXT(2) 
PARAMETRIC_REPRESENTATION_CONTEXT() REPRESENTATION_CONTEXT('2D SPACE',''
  ) );
#3716 = ORIENTED_EDGE('',*,*,#3717,.T.);
#3717 = EDGE_CURVE('',#3683,#3718,#3720,.T.);
#3718 = VERTEX_POINT('',#3719);
#3719 = CARTESIAN_POINT('',(0.,18.,0.));
#3720 = SURFACE_CURVE('',#3721,(#3725,#3732),.PCURVE_S1.);
#3721 = LINE('',#3722,#3723);
#3722 = CARTESIAN_POINT('',(0.,0.,0.));
#3723 = VECTOR('',#3724,1.);
#3724 = DIRECTION('',(-0.,1.,0.));
#3725 = PCURVE('',#3693,#3726);
#3726 = DEFINITIONAL_REPRESENTATION('',(#3727),#3731);
#3727 = LINE('',#3728,#3729);
#3728 = CARTESIAN_POINT('',(0.,0.));
#3729 = VECTOR('',#3730,1.);
#3730 = DIRECTION('',(0.,-1.));
#3731 = ( GEOMETRIC_REPRESENTATION_CONTEXT(2) 
PARAMETRIC_REPRESENTATION_CONTEXT() REPRESENTATION_CONTEXT('2D SPACE',''
  ) );
#3732 = PCURVE('',#3733,#3738);
#3733 = PLANE('',#3734);
#3734 = AXIS2_PLACEMENT_3D('',#3735,#3736,#3737);
#3735 = CARTESIAN_POINT('',(0.,0.,0.));
#3736 = DIRECTION('',(0.,0.,1.));
#3737 = DIRECTION('',(1.,0.,-0.));
#3738 = DEFINITIONAL_REPRESENTATION('',(#3739),#3743);
#3739 = LINE('',#3740,#3741);
#3740 = CARTESIAN_POINT('',(0.,0.));
#3741 = VECTOR('',#3742,1.);
#3742 = DIRECTION('',(0.,1.));
#3743 = ( GEOMETRIC_REPRESENTATION_CONTEXT(2) 
PARAMETRIC_REPRESENTATION_CONTEXT() REPRESENTATION_CONTEXT('2D SPACE',''
  ) );
#3744 = ORIENTED_EDGE('',*,*,#3745,.T.);
#3745 = EDGE_CURVE('',#3718,#3746,#3748,.T.);
#3746 = VERTEX_POINT('',#3747);
#3747 = CARTESIAN_POINT('',(0.,18.,286.));
#3748 = SURFACE_CURVE('',#3749,(#3753,#3760),.PCURVE_S1.);
#3749 = LINE('',#3750,#3751);
#3750 = CARTESIAN_POINT('',(0.,18.,0.));
#3751 = VECTOR('',#3752,1.);
#3752 = DIRECTION('',(0.,0.,1.));
#3753 = PCURVE('',#3693,#3754);
#3754 = DEFINITIONAL_REPRESENTATION('',(#3755),#3759);
#3755 = LINE('',#3756,#3757);
#3756 = CARTESIAN_POINT('',(0.,-18.));
#3757 = VECTOR('',#3758,1.);
#3758 = DIRECTION('',(1.,0.));
#3759 = ( GEOMETRIC_REPRESENTATION_CONTEXT(2) 
PARAMETRIC_REPRESENTATION_CONTEXT() REPRESENTATION_CONTEXT('2D SPACE',''
  ) );
#3760 = PCURVE('',#3761,#3766);
#3761 = PLANE('',#3762);
#3762 = AXIS2_PLACEMENT_3D('',#3763,#3764,#3765);
#3763 = CARTESIAN_POINT('',(0.,18.,0.));
#3764 = DIRECTION('',(-0.,1.,0.));
#3765 = DIRECTION('',(0.,0.,1.));
#3766 = DEFINITIONAL_REPRESENTATION('',(#3767),#3771);
#3767 = LINE('',#3768,#3769);
#3768 = CARTESIAN_POINT('',(0.,0.));
#3769 = VECTOR('',#3770,1.);
#3770 = DIRECTION('',(1.,0.));
#3771 = ( GEOMETRIC_REPRESENTATION_CONTEXT(2) 
PARAMETRIC_REPRESENTATION_CONTEXT() REPRESENTATION_CONTEXT('2D SPACE',''
  ) );
#3772 = ORIENTED_EDGE('',*,*,#3773,.F.);
#3773 = EDGE_CURVE('',#3685,#3746,#3774,.T.);
#3774 = SURFACE_CURVE('',#3775,(#3779,#3786),.PCURVE_S1.);
#3775 = LINE('',#3776,#3777);
#3776 = CARTESIAN_POINT('',(0.,0.,286.));
#3777 = VECTOR('',#3778,1.);
#3778 = DIRECTION('',(-0.,1.,0.));
#3779 = PCURVE('',#3693,#3780);
#3780 = DEFINITIONAL_REPRESENTATION('',(#3781),#3785);
#3781 = LINE('',#3782,#3783);
#3782 = CARTESIAN_POINT('',(286.,0.));
#3783 = VECTOR('',#3784,1.);
#3784 = DIRECTION('',(0.,-1.));
#3785 = ( GEOMETRIC_REPRESENTATION_CONTEXT(2) 
PARAMETRIC_REPRESENTATION_CONTEXT() REPRESENTATION_CONTEXT('2D SPACE',''
  ) );
#3786 = PCURVE('',#3787,#3792);
#3787 = PLANE('',#3788);
#3788 = AXIS2_PLACEMENT_3D('',#3789,#3790,#3791);
#3789 = CARTESIAN_POINT('',(0.,0.,286.));
#3790 = DIRECTION('',(0.,0.,1.));
#3791 = DIRECTION('',(1.,0.,-0.));
#3792 = DEFINITIONAL_REPRESENTATION('',(#3793),#3797);
#3793 = LINE('',#3794,#3795);
#3794 = CARTESIAN_POINT('',(0.,0.));
#3795 = VECTOR('',#3796,1.);
#3796 = DIRECTION('',(0.,1.));
#3797 = ( GEOMETRIC_REPRESENTATION_CONTEXT(2) 
PARAMETRIC_REPRESENTATION_CONTEXT() REPRESENTATION_CONTEXT('2D SPACE',''
  ) );
#3798 = ADVANCED_FACE('',(#3799),#3813,.T.);
#3799 = FACE_BOUND('',#3800,.T.);
#3800 = EDGE_LOOP('',(#3801,#3831,#3854,#3877));
#3801 = ORIENTED_EDGE('',*,*,#3802,.F.);
#3802 = EDGE_CURVE('',#3803,#3805,#3807,.T.);
#3803 = VERTEX_POINT('',#3804);
#3804 = CARTESIAN_POINT('',(104.,0.,0.));
#3805 = VERTEX_POINT('',#3806);
#3806 = CARTESIAN_POINT('',(104.,0.,286.));
#3807 = SURFACE_CURVE('',#3808,(#3812,#3824),.PCURVE_S1.);
#3808 = LINE('',#3809,#3810);
#3809 = CARTESIAN_POINT('',(104.,0.,0.));
#3810 = VECTOR('',#3811,1.);
#3811 = DIRECTION('',(0.,0.,1.));
#3812 = PCURVE('',#3813,#3818);
#3813 = PLANE('',#3814);
#3814 = AXIS2_PLACEMENT_3D('',#3815,#3816,#3817);
#3815 = CARTESIAN_POINT('',(104.,0.,0.));
#3816 = DIRECTION('',(1.,0.,-0.));
#3817 = DIRECTION('',(0.,0.,1.));
#3818 = DEFINITIONAL_REPRESENTATION('',(#3819),#3823);
#3819 = LINE('',#3820,#3821);
#3820 = CARTESIAN_POINT('',(0.,0.));
#3821 = VECTOR('',#3822,1.);
#3822 = DIRECTION('',(1.,0.));
#3823 = ( GEOMETRIC_REPRESENTATION_CONTEXT(2) 
PARAMETRIC_REPRESENTATION_CONTEXT() REPRESENTATION_CONTEXT('2D SPACE',''
  ) );
#3824 = PCURVE('',#3705,#3825);
#3825 = DEFINITIONAL_REPRESENTATION('',(#3826),#3830);
#3826 = LINE('',#3827,#3828);
#3827 = CARTESIAN_POINT('',(0.,104.));
#3828 = VECTOR('',#3829,1.);
#3829 = DIRECTION('',(1.,0.));
#3830 = ( GEOMETRIC_REPRESENTATION_CONTEXT(2) 
PARAMETRIC_REPRESENTATION_CONTEXT() REPRESENTATION_CONTEXT('2D SPACE',''
  ) );
#3831 = ORIENTED_EDGE('',*,*,#3832,.T.);
#3832 = EDGE_CURVE('',#3803,#3833,#3835,.T.);
#3833 = VERTEX_POINT('',#3834);
#3834 = CARTESIAN_POINT('',(104.,18.,0.));
#3835 = SURFACE_CURVE('',#3836,(#3840,#3847),.PCURVE_S1.);
#3836 = LINE('',#3837,#3838);
#3837 = CARTESIAN_POINT('',(104.,0.,0.));
#3838 = VECTOR('',#3839,1.);
#3839 = DIRECTION('',(-0.,1.,0.));
#3840 = PCURVE('',#3813,#3841);
#3841 = DEFINITIONAL_REPRESENTATION('',(#3842),#3846);
#3842 = LINE('',#3843,#3844);
#3843 = CARTESIAN_POINT('',(0.,0.));
#3844 = VECTOR('',#3845,1.);
#3845 = DIRECTION('',(0.,-1.));
#3846 = ( GEOMETRIC_REPRESENTATION_CONTEXT(2) 
PARAMETRIC_REPRESENTATION_CONTEXT() REPRESENTATION_CONTEXT('2D SPACE',''
  ) );
#3847 = PCURVE('',#3733,#3848);
#3848 = DEFINITIONAL_REPRESENTATION('',(#3849),#3853);
#3849 = LINE('',#3850,#3851);
#3850 = CARTESIAN_POINT('',(104.,0.));
#3851 = VECTOR('',#3852,1.);
#3852 = DIRECTION('',(0.,1.));
#3853 = ( GEOMETRIC_REPRESENTATION_CONTEXT(2) 
PARAMETRIC_REPRESENTATION_CONTEXT() REPRESENTATION_CONTEXT('2D SPACE',''
  ) );
#3854 = ORIENTED_EDGE('',*,*,#3855,.T.);
#3855 = EDGE_CURVE('',#3833,#3856,#3858,.T.);
#3856 = VERTEX_POINT('',#3857);
#3857 = CARTESIAN_POINT('',(104.,18.,286.));
#3858 = SURFACE_CURVE('',#3859,(#3863,#3870),.PCURVE_S1.);
#3859 = LINE('',#3860,#3861);
#3860 = CARTESIAN_POINT('',(104.,18.,0.));
#3861 = VECTOR('',#3862,1.);
#3862 = DIRECTION('',(0.,0.,1.));
#3863 = PCURVE('',#3813,#3864);
#3864 = DEFINITIONAL_REPRESENTATION('',(#3865),#3869);
#3865 = LINE('',#3866,#3867);
#3866 = CARTESIAN_POINT('',(0.,-18.));
#3867 = VECTOR('',#3868,1.);
#3868 = DIRECTION('',(1.,0.));
#3869 = ( GEOMETRIC_REPRESENTATION_CONTEXT(2) 
PARAMETRIC_REPRESENTATION_CONTEXT() REPRESENTATION_CONTEXT('2D SPACE',''
  ) );
#3870 = PCURVE('',#3761,#3871);
#3871 = DEFINITIONAL_REPRESENTATION('',(#3872),#3876);
#3872 = LINE('',#3873,#3874);
#3873 = CARTESIAN_POINT('',(0.,104.));
#3874 = VECTOR('',#3875,1.);
#3875 = DIRECTION('',(1.,0.));
#3876 = ( GEOMETRIC_REPRESENTATION_CONTEXT(2) 
PARAMETRIC_REPRESENTATION_CONTEXT() REPRESENTATION_CONTEXT('2D SPACE',''
  ) );
#3877 = ORIENTED_EDGE('',*,*,#3878,.F.);
#3878 = EDGE_CURVE('',#3805,#3856,#3879,.T.);
#3879 = SURFACE_CURVE('',#3880,(#3884,#3891),.PCURVE_S1.);
#3880 = LINE('',#3881,#3882);
#3881 = CARTESIAN_POINT('',(104.,0.,286.));
#3882 = VECTOR('',#3883,1.);
#3883 = DIRECTION('',(-0.,1.,0.));
#3884 = PCURVE('',#3813,#3885);
#3885 = DEFINITIONAL_REPRESENTATION('',(#3886),#3890);
#3886 = LINE('',#3887,#3888);
#3887 = CARTESIAN_POINT('',(286.,0.));
#3888 = VECTOR('',#3889,1.);
#3889 = DIRECTION('',(0.,-1.));
#3890 = ( GEOMETRIC_REPRESENTATION_CONTEXT(2) 
PARAMETRIC_REPRESENTATION_CONTEXT() REPRESENTATION_CONTEXT('2D SPACE',''
  ) );
#3891 = PCURVE('',#3787,#3892);
#3892 = DEFINITIONAL_REPRESENTATION('',(#3893),#3897);
#3893 = LINE('',#3894,#3895);
#3894 = CARTESIAN_POINT('',(104.,0.));
#3895 = VECTOR('',#3896,1.);
#3896 = DIRECTION('',(0.,1.));
#3897 = ( GEOMETRIC_REPRESENTATION_CONTEXT(2) 
PARAMETRIC_REPRESENTATION_CONTEXT() REPRESENTATION_CONTEXT('2D SPACE',''
  ) );
#3898 = ADVANCED_FACE('',(#3899),#3705,.F.);
#3899 = FACE_BOUND('',#3900,.F.);
#3900 = EDGE_LOOP('',(#3901,#3922,#3923,#3944));
#3901 = ORIENTED_EDGE('',*,*,#3902,.F.);
#3902 = EDGE_CURVE('',#3683,#3803,#3903,.T.);
#3903 = SURFACE_CURVE('',#3904,(#3908,#3915),.PCURVE_S1.);
#3904 = LINE('',#3905,#3906);
#3905 = CARTESIAN_POINT('',(0.,0.,0.));
#3906 = VECTOR('',#3907,1.);
#3907 = DIRECTION('',(1.,0.,-0.));
#3908 = PCURVE('',#3705,#3909);
#3909 = DEFINITIONAL_REPRESENTATION('',(#3910),#3914);
#3910 = LINE('',#3911,#3912);
#3911 = CARTESIAN_POINT('',(0.,0.));
#3912 = VECTOR('',#3913,1.);
#3913 = DIRECTION('',(0.,1.));
#3914 = ( GEOMETRIC_REPRESENTATION_CONTEXT(2) 
PARAMETRIC_REPRESENTATION_CONTEXT() REPRESENTATION_CONTEXT('2D SPACE',''
  ) );
#3915 = PCURVE('',#3733,#3916);
#3916 = DEFINITIONAL_REPRESENTATION('',(#3917),#3921);
#3917 = LINE('',#3918,#3919);
#3918 = CARTESIAN_POINT('',(0.,0.));
#3919 = VECTOR('',#3920,1.);
#3920 = DIRECTION('',(1.,0.));
#3921 = ( GEOMETRIC_REPRESENTATION_CONTEXT(2) 
PARAMETRIC_REPRESENTATION_CONTEXT() REPRESENTATION_CONTEXT('2D SPACE',''
  ) );
#3922 = ORIENTED_EDGE('',*,*,#3682,.T.);
#3923 = ORIENTED_EDGE('',*,*,#3924,.T.);
#3924 = EDGE_CURVE('',#3685,#3805,#3925,.T.);
#3925 = SURFACE_CURVE('',#3926,(#3930,#3937),.PCURVE_S1.);
#3926 = LINE('',#3927,#3928);
#3927 = CARTESIAN_POINT('',(0.,0.,286.));
#3928 = VECTOR('',#3929,1.);
#3929 = DIRECTION('',(1.,0.,-0.));
#3930 = PCURVE('',#3705,#3931);
#3931 = DEFINITIONAL_REPRESENTATION('',(#3932),#3936);
#3932 = LINE('',#3933,#3934);
#3933 = CARTESIAN_POINT('',(286.,0.));
#3934 = VECTOR('',#3935,1.);
#3935 = DIRECTION('',(0.,1.));
#3936 = ( GEOMETRIC_REPRESENTATION_CONTEXT(2) 
PARAMETRIC_REPRESENTATION_CONTEXT() REPRESENTATION_CONTEXT('2D SPACE',''
  ) );
#3937 = PCURVE('',#3787,#3938);
#3938 = DEFINITIONAL_REPRESENTATION('',(#3939),#3943);
#3939 = LINE('',#3940,#3941);
#3940 = CARTESIAN_POINT('',(0.,0.));
#3941 = VECTOR('',#3942,1.);
#3942 = DIRECTION('',(1.,0.));
#3943 = ( GEOMETRIC_REPRESENTATION_CONTEXT(2) 
PARAMETRIC_REPRESENTATION_CONTEXT() REPRESENTATION_CONTEXT('2D SPACE',''
  ) );
#3944 = ORIENTED_EDGE('',*,*,#3802,.F.);
#3945 = ADVANCED_FACE('',(#3946),#3761,.T.);
#3946 = FACE_BOUND('',#3947,.T.);
#3947 = EDGE_LOOP('',(#3948,#3969,#3970,#3991));
#3948 = ORIENTED_EDGE('',*,*,#3949,.F.);
#3949 = EDGE_CURVE('',#3718,#3833,#3950,.T.);
#3950 = SURFACE_CURVE('',#3951,(#3955,#3962),.PCURVE_S1.);
#3951 = LINE('',#3952,#3953);
#3952 = CARTESIAN_POINT('',(0.,18.,0.));
#3953 = VECTOR('',#3954,1.);
#3954 = DIRECTION('',(1.,0.,-0.));
#3955 = PCURVE('',#3761,#3956);
#3956 = DEFINITIONAL_REPRESENTATION('',(#3957),#3961);
#3957 = LINE('',#3958,#3959);
#3958 = CARTESIAN_POINT('',(0.,0.));
#3959 = VECTOR('',#3960,1.);
#3960 = DIRECTION('',(0.,1.));
#3961 = ( GEOMETRIC_REPRESENTATION_CONTEXT(2) 
PARAMETRIC_REPRESENTATION_CONTEXT() REPRESENTATION_CONTEXT('2D SPACE',''
  ) );
#3962 = PCURVE('',#3733,#3963);
#3963 = DEFINITIONAL_REPRESENTATION('',(#3964),#3968);
#3964 = LINE('',#3965,#3966);
#3965 = CARTESIAN_POINT('',(0.,18.));
#3966 = VECTOR('',#3967,1.);
#3967 = DIRECTION('',(1.,0.));
#3968 = ( GEOMETRIC_REPRESENTATION_CONTEXT(2) 
PARAMETRIC_REPRESENTATION_CONTEXT() REPRESENTATION_CONTEXT('2D SPACE',''
  ) );
#3969 = ORIENTED_EDGE('',*,*,#3745,.T.);
#3970 = ORIENTED_EDGE('',*,*,#3971,.T.);
#3971 = EDGE_CURVE('',#3746,#3856,#3972,.T.);
#3972 = SURFACE_CURVE('',#3973,(#3977,#3984),.PCURVE_S1.);
#3973 = LINE('',#3974,#3975);
#3974 = CARTESIAN_POINT('',(0.,18.,286.));
#3975 = VECTOR('',#3976,1.);
#3976 = DIRECTION('',(1.,0.,-0.));
#3977 = PCURVE('',#3761,#3978);
#3978 = DEFINITIONAL_REPRESENTATION('',(#3979),#3983);
#3979 = LINE('',#3980,#3981);
#3980 = CARTESIAN_POINT('',(286.,0.));
#3981 = VECTOR('',#3982,1.);
#3982 = DIRECTION('',(0.,1.));
#3983 = ( GEOMETRIC_REPRESENTATION_CONTEXT(2) 
PARAMETRIC_REPRESENTATION_CONTEXT() REPRESENTATION_CONTEXT('2D SPACE',''
  ) );
#3984 = PCURVE('',#3787,#3985);
#3985 = DEFINITIONAL_REPRESENTATION('',(#3986),#3990);
#3986 = LINE('',#3987,#3988);
#3987 = CARTESIAN_POINT('',(0.,18.));
#3988 = VECTOR('',#3989,1.);
#3989 = DIRECTION('',(1.,0.));
#3990 = ( GEOMETRIC_REPRESENTATION_CONTEXT(2) 
PARAMETRIC_REPRESENTATION_CONTEXT() REPRESENTATION_CONTEXT('2D SPACE',''
  ) );
#3991 = ORIENTED_EDGE('',*,*,#3855,.F.);
#3992 = ADVANCED_FACE('',(#3993),#3733,.F.);
#3993 = FACE_BOUND('',#3994,.F.);
#3994 = EDGE_LOOP('',(#3995,#3996,#3997,#3998));
#3995 = ORIENTED_EDGE('',*,*,#3717,.F.);
#3996 = ORIENTED_EDGE('',*,*,#3902,.T.);
#3997 = ORIENTED_EDGE('',*,*,#3832,.T.);
#3998 = ORIENTED_EDGE('',*,*,#3949,.F.);
#3999 = ADVANCED_FACE('',(#4000),#3787,.T.);
#4000 = FACE_BOUND('',#4001,.T.);
#4001 = EDGE_LOOP('',(#4002,#4003,#4004,#4005));
#4002 = ORIENTED_EDGE('',*,*,#3773,.F.);
#4003 = ORIENTED_EDGE('',*,*,#3924,.T.);
#4004 = ORIENTED_EDGE('',*,*,#3878,.T.);
#4005 = ORIENTED_EDGE('',*,*,#3971,.F.);
#4006 = ( GEOMETRIC_REPRESENTATION_CONTEXT(3) 
GLOBAL_UNCERTAINTY_ASSIGNED_CONTEXT((#4010)) 
GLOBAL_UNIT_ASSIGNED_CONTEXT((#4007,#4008,#4009)) REPRESENTATION_CONTEXT
('Context #1','3D Context with UNIT and UNCERTAINTY') );
#4007 = ( LENGTH_UNIT() NAMED_UNIT(*) SI_UNIT(.MILLI.,.METRE.) );
#4008 = ( NAMED_UNIT(*) PLANE_ANGLE_UNIT() SI_UNIT($,.RADIAN.) );
#4009 = ( NAMED_UNIT(*) SI_UNIT($,.STERADIAN.) SOLID_ANGLE_UNIT() );
#4010 = UNCERTAINTY_MEASURE_WITH_UNIT(LENGTH_MEASURE(1.E-07),#4007,
  'distance_accuracy_value','confusion accuracy');
#4011 = CONTEXT_DEPENDENT_SHAPE_REPRESENTATION(#4012,#4014);
#4012 = ( REPRESENTATION_RELATIONSHIP('','',#3675,#3652) 
REPRESENTATION_RELATIONSHIP_WITH_TRANSFORMATION(#4013) 
SHAPE_REPRESENTATION_RELATIONSHIP() );
#4013 = ITEM_DEFINED_TRANSFORMATION('','',#11,#3653);
#4014 = PRODUCT_DEFINITION_SHAPE('Placement','Placement of an item',
  #4015);
#4015 = NEXT_ASSEMBLY_USAGE_OCCURRENCE('333','=>[0:1:1:33]','',#3647,
  #3670,$);
#4016 = PRODUCT_RELATED_PRODUCT_CATEGORY('part',$,(#3672));
#4017 = SHAPE_DEFINITION_REPRESENTATION(#4018,#4024);
#4018 = PRODUCT_DEFINITION_SHAPE('','',#4019);
#4019 = PRODUCT_DEFINITION('design','',#4020,#4023);
#4020 = PRODUCT_DEFINITION_FORMATION('','',#4021);
#4021 = PRODUCT('right_forearm_vectoring_nozzle_outer_ring',
  'right_forearm_vectoring_nozzle_outer_ring','',(#4022));
#4022 = PRODUCT_CONTEXT('',#2,'mechanical');
#4023 = PRODUCT_DEFINITION_CONTEXT('part definition',#2,'design');
#4024 = SHAPE_REPRESENTATION('',(#11,#4025),#4029);
#4025 = AXIS2_PLACEMENT_3D('',#4026,#4027,#4028);
#4026 = CARTESIAN_POINT('',(0.,0.,0.));
#4027 = DIRECTION('',(0.,0.,1.));
#4028 = DIRECTION('',(1.,0.,-0.));
#4029 = ( GEOMETRIC_REPRESENTATION_CONTEXT(3) 
GLOBAL_UNCERTAINTY_ASSIGNED_CONTEXT((#4033)) 
GLOBAL_UNIT_ASSIGNED_CONTEXT((#4030,#4031,#4032)) REPRESENTATION_CONTEXT
('Context #1','3D Context with UNIT and UNCERTAINTY') );
#4030 = ( LENGTH_UNIT() NAMED_UNIT(*) SI_UNIT(.MILLI.,.METRE.) );
#4031 = ( NAMED_UNIT(*) PLANE_ANGLE_UNIT() SI_UNIT($,.RADIAN.) );
#4032 = ( NAMED_UNIT(*) SI_UNIT($,.STERADIAN.) SOLID_ANGLE_UNIT() );
#4033 = UNCERTAINTY_MEASURE_WITH_UNIT(LENGTH_MEASURE(1.E-07),#4030,
  'distance_accuracy_value','confusion accuracy');
#4034 = CONTEXT_DEPENDENT_SHAPE_REPRESENTATION(#4035,#4037);
#4035 = ( REPRESENTATION_RELATIONSHIP('','',#4024,#10) 
REPRESENTATION_RELATIONSHIP_WITH_TRANSFORMATION(#4036) 
SHAPE_REPRESENTATION_RELATIONSHIP() );
#4036 = ITEM_DEFINED_TRANSFORMATION('','',#11,#79);
#4037 = PRODUCT_DEFINITION_SHAPE('Placement','Placement of an item',
  #4038);
#4038 = NEXT_ASSEMBLY_USAGE_OCCURRENCE('336','=>[0:1:1:34]','',#5,#4019,
  $);
#4039 = PRODUCT_RELATED_PRODUCT_CATEGORY('part',$,(#4021));
#4040 = SHAPE_DEFINITION_REPRESENTATION(#4041,#4047);
#4041 = PRODUCT_DEFINITION_SHAPE('','',#4042);
#4042 = PRODUCT_DEFINITION('design','',#4043,#4046);
#4043 = PRODUCT_DEFINITION_FORMATION('','',#4044);
#4044 = PRODUCT('SOLID','SOLID','',(#4045));
#4045 = PRODUCT_CONTEXT('',#2,'mechanical');
#4046 = PRODUCT_DEFINITION_CONTEXT('part definition',#2,'design');
#4047 = ADVANCED_BREP_SHAPE_REPRESENTATION('',(#11,#4048),#4230);
#4048 = MANIFOLD_SOLID_BREP('',#4049);
#4049 = CLOSED_SHELL('',(#4050,#4138,#4173,#4203));
#4050 = ADVANCED_FACE('',(#4051),#4064,.T.);
#4051 = FACE_BOUND('',#4052,.T.);
#4052 = EDGE_LOOP('',(#4053,#4087,#4110,#4137));
#4053 = ORIENTED_EDGE('',*,*,#4054,.F.);
#4054 = EDGE_CURVE('',#4055,#4055,#4057,.T.);
#4055 = VERTEX_POINT('',#4056);
#4056 = CARTESIAN_POINT('',(72.,-1.763491390772E-14,26.));
#4057 = SURFACE_CURVE('',#4058,(#4063,#4075),.PCURVE_S1.);
#4058 = CIRCLE('',#4059,72.);
#4059 = AXIS2_PLACEMENT_3D('',#4060,#4061,#4062);
#4060 = CARTESIAN_POINT('',(0.,0.,26.));
#4061 = DIRECTION('',(0.,0.,1.));
#4062 = DIRECTION('',(1.,0.,0.));
#4063 = PCURVE('',#4064,#4069);
#4064 = CYLINDRICAL_SURFACE('',#4065,72.);
#4065 = AXIS2_PLACEMENT_3D('',#4066,#4067,#4068);
#4066 = CARTESIAN_POINT('',(0.,0.,-26.));
#4067 = DIRECTION('',(0.,0.,1.));
#4068 = DIRECTION('',(1.,0.,0.));
#4069 = DEFINITIONAL_REPRESENTATION('',(#4070),#4074);
#4070 = LINE('',#4071,#4072);
#4071 = CARTESIAN_POINT('',(0.,52.));
#4072 = VECTOR('',#4073,1.);
#4073 = DIRECTION('',(1.,0.));
#4074 = ( GEOMETRIC_REPRESENTATION_CONTEXT(2) 
PARAMETRIC_REPRESENTATION_CONTEXT() REPRESENTATION_CONTEXT('2D SPACE',''
  ) );
#4075 = PCURVE('',#4076,#4081);
#4076 = PLANE('',#4077);
#4077 = AXIS2_PLACEMENT_3D('',#4078,#4079,#4080);
#4078 = CARTESIAN_POINT('',(0.,0.,26.));
#4079 = DIRECTION('',(0.,0.,1.));
#4080 = DIRECTION('',(1.,0.,0.));
#4081 = DEFINITIONAL_REPRESENTATION('',(#4082),#4086);
#4082 = CIRCLE('',#4083,72.);
#4083 = AXIS2_PLACEMENT_2D('',#4084,#4085);
#4084 = CARTESIAN_POINT('',(0.,0.));
#4085 = DIRECTION('',(1.,0.));
#4086 = ( GEOMETRIC_REPRESENTATION_CONTEXT(2) 
PARAMETRIC_REPRESENTATION_CONTEXT() REPRESENTATION_CONTEXT('2D SPACE',''
  ) );
#4087 = ORIENTED_EDGE('',*,*,#4088,.F.);
#4088 = EDGE_CURVE('',#4089,#4055,#4091,.T.);
#4089 = VERTEX_POINT('',#4090);
#4090 = CARTESIAN_POINT('',(72.,-1.763491390772E-14,-26.));
#4091 = SEAM_CURVE('',#4092,(#4096,#4103),.PCURVE_S1.);
#4092 = LINE('',#4093,#4094);
#4093 = CARTESIAN_POINT('',(72.,-1.763491390772E-14,-26.));
#4094 = VECTOR('',#4095,1.);
#4095 = DIRECTION('',(0.,0.,1.));
#4096 = PCURVE('',#4064,#4097);
#4097 = DEFINITIONAL_REPRESENTATION('',(#4098),#4102);
#4098 = LINE('',#4099,#4100);
#4099 = CARTESIAN_POINT('',(6.28318530718,-0.));
#4100 = VECTOR('',#4101,1.);
#4101 = DIRECTION('',(0.,1.));
#4102 = ( GEOMETRIC_REPRESENTATION_CONTEXT(2) 
PARAMETRIC_REPRESENTATION_CONTEXT() REPRESENTATION_CONTEXT('2D SPACE',''
  ) );
#4103 = PCURVE('',#4064,#4104);
#4104 = DEFINITIONAL_REPRESENTATION('',(#4105),#4109);
#4105 = LINE('',#4106,#4107);
#4106 = CARTESIAN_POINT('',(0.,-0.));
#4107 = VECTOR('',#4108,1.);
#4108 = DIRECTION('',(0.,1.));
#4109 = ( GEOMETRIC_REPRESENTATION_CONTEXT(2) 
PARAMETRIC_REPRESENTATION_CONTEXT() REPRESENTATION_CONTEXT('2D SPACE',''
  ) );
#4110 = ORIENTED_EDGE('',*,*,#4111,.T.);
#4111 = EDGE_CURVE('',#4089,#4089,#4112,.T.);
#4112 = SURFACE_CURVE('',#4113,(#4118,#4125),.PCURVE_S1.);
#4113 = CIRCLE('',#4114,72.);
#4114 = AXIS2_PLACEMENT_3D('',#4115,#4116,#4117);
#4115 = CARTESIAN_POINT('',(0.,0.,-26.));
#4116 = DIRECTION('',(0.,0.,1.));
#4117 = DIRECTION('',(1.,0.,0.));
#4118 = PCURVE('',#4064,#4119);
#4119 = DEFINITIONAL_REPRESENTATION('',(#4120),#4124);
#4120 = LINE('',#4121,#4122);
#4121 = CARTESIAN_POINT('',(0.,0.));
#4122 = VECTOR('',#4123,1.);
#4123 = DIRECTION('',(1.,0.));
#4124 = ( GEOMETRIC_REPRESENTATION_CONTEXT(2) 
PARAMETRIC_REPRESENTATION_CONTEXT() REPRESENTATION_CONTEXT('2D SPACE',''
  ) );
#4125 = PCURVE('',#4126,#4131);
#4126 = PLANE('',#4127);
#4127 = AXIS2_PLACEMENT_3D('',#4128,#4129,#4130);
#4128 = CARTESIAN_POINT('',(0.,0.,-26.));
#4129 = DIRECTION('',(0.,0.,1.));
#4130 = DIRECTION('',(1.,0.,0.));
#4131 = DEFINITIONAL_REPRESENTATION('',(#4132),#4136);
#4132 = CIRCLE('',#4133,72.);
#4133 = AXIS2_PLACEMENT_2D('',#4134,#4135);
#4134 = CARTESIAN_POINT('',(0.,0.));
#4135 = DIRECTION('',(1.,0.));
#4136 = ( GEOMETRIC_REPRESENTATION_CONTEXT(2) 
PARAMETRIC_REPRESENTATION_CONTEXT() REPRESENTATION_CONTEXT('2D SPACE',''
  ) );
#4137 = ORIENTED_EDGE('',*,*,#4088,.T.);
#4138 = ADVANCED_FACE('',(#4139,#4142),#4076,.T.);
#4139 = FACE_BOUND('',#4140,.T.);
#4140 = EDGE_LOOP('',(#4141));
#4141 = ORIENTED_EDGE('',*,*,#4054,.T.);
#4142 = FACE_BOUND('',#4143,.T.);
#4143 = EDGE_LOOP('',(#4144));
#4144 = ORIENTED_EDGE('',*,*,#4145,.F.);
#4145 = EDGE_CURVE('',#4146,#4146,#4148,.T.);
#4146 = VERTEX_POINT('',#4147);
#4147 = CARTESIAN_POINT('',(42.,-1.028703311284E-14,26.));
#4148 = SURFACE_CURVE('',#4149,(#4154,#4161),.PCURVE_S1.);
#4149 = CIRCLE('',#4150,42.);
#4150 = AXIS2_PLACEMENT_3D('',#4151,#4152,#4153);
#4151 = CARTESIAN_POINT('',(0.,0.,26.));
#4152 = DIRECTION('',(0.,0.,1.));
#4153 = DIRECTION('',(1.,0.,-0.));
#4154 = PCURVE('',#4076,#4155);
#4155 = DEFINITIONAL_REPRESENTATION('',(#4156),#4160);
#4156 = CIRCLE('',#4157,42.);
#4157 = AXIS2_PLACEMENT_2D('',#4158,#4159);
#4158 = CARTESIAN_POINT('',(0.,0.));
#4159 = DIRECTION('',(1.,0.));
#4160 = ( GEOMETRIC_REPRESENTATION_CONTEXT(2) 
PARAMETRIC_REPRESENTATION_CONTEXT() REPRESENTATION_CONTEXT('2D SPACE',''
  ) );
#4161 = PCURVE('',#4162,#4167);
#4162 = CYLINDRICAL_SURFACE('',#4163,42.);
#4163 = AXIS2_PLACEMENT_3D('',#4164,#4165,#4166);
#4164 = CARTESIAN_POINT('',(0.,0.,-26.5));
#4165 = DIRECTION('',(0.,0.,1.));
#4166 = DIRECTION('',(1.,0.,0.));
#4167 = DEFINITIONAL_REPRESENTATION('',(#4168),#4172);
#4168 = LINE('',#4169,#4170);
#4169 = CARTESIAN_POINT('',(0.,52.5));
#4170 = VECTOR('',#4171,1.);
#4171 = DIRECTION('',(1.,0.));
#4172 = ( GEOMETRIC_REPRESENTATION_CONTEXT(2) 
PARAMETRIC_REPRESENTATION_CONTEXT() REPRESENTATION_CONTEXT('2D SPACE',''
  ) );
#4173 = ADVANCED_FACE('',(#4174,#4177),#4126,.F.);
#4174 = FACE_BOUND('',#4175,.F.);
#4175 = EDGE_LOOP('',(#4176));
#4176 = ORIENTED_EDGE('',*,*,#4111,.T.);
#4177 = FACE_BOUND('',#4178,.F.);
#4178 = EDGE_LOOP('',(#4179));
#4179 = ORIENTED_EDGE('',*,*,#4180,.F.);
#4180 = EDGE_CURVE('',#4181,#4181,#4183,.T.);
#4181 = VERTEX_POINT('',#4182);
#4182 = CARTESIAN_POINT('',(42.,-1.028703311284E-14,-26.));
#4183 = SURFACE_CURVE('',#4184,(#4189,#4196),.PCURVE_S1.);
#4184 = CIRCLE('',#4185,42.);
#4185 = AXIS2_PLACEMENT_3D('',#4186,#4187,#4188);
#4186 = CARTESIAN_POINT('',(0.,0.,-26.));
#4187 = DIRECTION('',(0.,0.,1.));
#4188 = DIRECTION('',(1.,0.,-0.));
#4189 = PCURVE('',#4126,#4190);
#4190 = DEFINITIONAL_REPRESENTATION('',(#4191),#4195);
#4191 = CIRCLE('',#4192,42.);
#4192 = AXIS2_PLACEMENT_2D('',#4193,#4194);
#4193 = CARTESIAN_POINT('',(0.,0.));
#4194 = DIRECTION('',(1.,0.));
#4195 = ( GEOMETRIC_REPRESENTATION_CONTEXT(2) 
PARAMETRIC_REPRESENTATION_CONTEXT() REPRESENTATION_CONTEXT('2D SPACE',''
  ) );
#4196 = PCURVE('',#4162,#4197);
#4197 = DEFINITIONAL_REPRESENTATION('',(#4198),#4202);
#4198 = LINE('',#4199,#4200);
#4199 = CARTESIAN_POINT('',(0.,0.5));
#4200 = VECTOR('',#4201,1.);
#4201 = DIRECTION('',(1.,0.));
#4202 = ( GEOMETRIC_REPRESENTATION_CONTEXT(2) 
PARAMETRIC_REPRESENTATION_CONTEXT() REPRESENTATION_CONTEXT('2D SPACE',''
  ) );
#4203 = ADVANCED_FACE('',(#4204),#4162,.F.);
#4204 = FACE_BOUND('',#4205,.F.);
#4205 = EDGE_LOOP('',(#4206,#4207,#4228,#4229));
#4206 = ORIENTED_EDGE('',*,*,#4145,.F.);
#4207 = ORIENTED_EDGE('',*,*,#4208,.F.);
#4208 = EDGE_CURVE('',#4181,#4146,#4209,.T.);
#4209 = SEAM_CURVE('',#4210,(#4214,#4221),.PCURVE_S1.);
#4210 = LINE('',#4211,#4212);
#4211 = CARTESIAN_POINT('',(42.,-1.028703311284E-14,-26.5));
#4212 = VECTOR('',#4213,1.);
#4213 = DIRECTION('',(0.,0.,1.));
#4214 = PCURVE('',#4162,#4215);
#4215 = DEFINITIONAL_REPRESENTATION('',(#4216),#4220);
#4216 = LINE('',#4217,#4218);
#4217 = CARTESIAN_POINT('',(6.28318530718,-0.));
#4218 = VECTOR('',#4219,1.);
#4219 = DIRECTION('',(0.,1.));
#4220 = ( GEOMETRIC_REPRESENTATION_CONTEXT(2) 
PARAMETRIC_REPRESENTATION_CONTEXT() REPRESENTATION_CONTEXT('2D SPACE',''
  ) );
#4221 = PCURVE('',#4162,#4222);
#4222 = DEFINITIONAL_REPRESENTATION('',(#4223),#4227);
#4223 = LINE('',#4224,#4225);
#4224 = CARTESIAN_POINT('',(0.,-0.));
#4225 = VECTOR('',#4226,1.);
#4226 = DIRECTION('',(0.,1.));
#4227 = ( GEOMETRIC_REPRESENTATION_CONTEXT(2) 
PARAMETRIC_REPRESENTATION_CONTEXT() REPRESENTATION_CONTEXT('2D SPACE',''
  ) );
#4228 = ORIENTED_EDGE('',*,*,#4180,.T.);
#4229 = ORIENTED_EDGE('',*,*,#4208,.T.);
#4230 = ( GEOMETRIC_REPRESENTATION_CONTEXT(3) 
GLOBAL_UNCERTAINTY_ASSIGNED_CONTEXT((#4234)) 
GLOBAL_UNIT_ASSIGNED_CONTEXT((#4231,#4232,#4233)) REPRESENTATION_CONTEXT
('Context #1','3D Context with UNIT and UNCERTAINTY') );
#4231 = ( LENGTH_UNIT() NAMED_UNIT(*) SI_UNIT(.MILLI.,.METRE.) );
#4232 = ( NAMED_UNIT(*) PLANE_ANGLE_UNIT() SI_UNIT($,.RADIAN.) );
#4233 = ( NAMED_UNIT(*) SI_UNIT($,.STERADIAN.) SOLID_ANGLE_UNIT() );
#4234 = UNCERTAINTY_MEASURE_WITH_UNIT(LENGTH_MEASURE(1.E-07),#4231,
  'distance_accuracy_value','confusion accuracy');
#4235 = CONTEXT_DEPENDENT_SHAPE_REPRESENTATION(#4236,#4238);
#4236 = ( REPRESENTATION_RELATIONSHIP('','',#4047,#4024) 
REPRESENTATION_RELATIONSHIP_WITH_TRANSFORMATION(#4237) 
SHAPE_REPRESENTATION_RELATIONSHIP() );
#4237 = ITEM_DEFINED_TRANSFORMATION('','',#11,#4025);
#4238 = PRODUCT_DEFINITION_SHAPE('Placement','Placement of an item',
  #4239);
#4239 = NEXT_ASSEMBLY_USAGE_OCCURRENCE('335','=>[0:1:1:35]','',#4019,
  #4042,$);
#4240 = PRODUCT_RELATED_PRODUCT_CATEGORY('part',$,(#4044));
#4241 = SHAPE_DEFINITION_REPRESENTATION(#4242,#4248);
#4242 = PRODUCT_DEFINITION_SHAPE('','',#4243);
#4243 = PRODUCT_DEFINITION('design','',#4244,#4247);
#4244 = PRODUCT_DEFINITION_FORMATION('','',#4245);
#4245 = PRODUCT('right_forearm_dark_nozzle_bore',
  'right_forearm_dark_nozzle_bore','',(#4246));
#4246 = PRODUCT_CONTEXT('',#2,'mechanical');
#4247 = PRODUCT_DEFINITION_CONTEXT('part definition',#2,'design');
#4248 = SHAPE_REPRESENTATION('',(#11,#4249),#4253);
#4249 = AXIS2_PLACEMENT_3D('',#4250,#4251,#4252);
#4250 = CARTESIAN_POINT('',(0.,0.,-31.));
#4251 = DIRECTION('',(0.,0.,1.));
#4252 = DIRECTION('',(1.,0.,0.));
#4253 = ( GEOMETRIC_REPRESENTATION_CONTEXT(3) 
GLOBAL_UNCERTAINTY_ASSIGNED_CONTEXT((#4257)) 
GLOBAL_UNIT_ASSIGNED_CONTEXT((#4254,#4255,#4256)) REPRESENTATION_CONTEXT
('Context #1','3D Context with UNIT and UNCERTAINTY') );
#4254 = ( LENGTH_UNIT() NAMED_UNIT(*) SI_UNIT(.MILLI.,.METRE.) );
#4255 = ( NAMED_UNIT(*) PLANE_ANGLE_UNIT() SI_UNIT($,.RADIAN.) );
#4256 = ( NAMED_UNIT(*) SI_UNIT($,.STERADIAN.) SOLID_ANGLE_UNIT() );
#4257 = UNCERTAINTY_MEASURE_WITH_UNIT(LENGTH_MEASURE(1.E-07),#4254,
  'distance_accuracy_value','confusion accuracy');
#4258 = CONTEXT_DEPENDENT_SHAPE_REPRESENTATION(#4259,#4261);
#4259 = ( REPRESENTATION_RELATIONSHIP('','',#4248,#10) 
REPRESENTATION_RELATIONSHIP_WITH_TRANSFORMATION(#4260) 
SHAPE_REPRESENTATION_RELATIONSHIP() );
#4260 = ITEM_DEFINED_TRANSFORMATION('','',#11,#83);
#4261 = PRODUCT_DEFINITION_SHAPE('Placement','Placement of an item',
  #4262);
#4262 = NEXT_ASSEMBLY_USAGE_OCCURRENCE('338','=>[0:1:1:36]','',#5,#4243,
  $);
#4263 = PRODUCT_RELATED_PRODUCT_CATEGORY('part',$,(#4245));
#4264 = SHAPE_DEFINITION_REPRESENTATION(#4265,#4271);
#4265 = PRODUCT_DEFINITION_SHAPE('','',#4266);
#4266 = PRODUCT_DEFINITION('design','',#4267,#4270);
#4267 = PRODUCT_DEFINITION_FORMATION('','',#4268);
#4268 = PRODUCT('SOLID','SOLID','',(#4269));
#4269 = PRODUCT_CONTEXT('',#2,'mechanical');
#4270 = PRODUCT_DEFINITION_CONTEXT('part definition',#2,'design');
#4271 = ADVANCED_BREP_SHAPE_REPRESENTATION('',(#11,#4272),#4370);
#4272 = MANIFOLD_SOLID_BREP('',#4273);
#4273 = CLOSED_SHELL('',(#4274,#4362,#4366));
#4274 = ADVANCED_FACE('',(#4275),#4288,.T.);
#4275 = FACE_BOUND('',#4276,.T.);
#4276 = EDGE_LOOP('',(#4277,#4311,#4334,#4361));
#4277 = ORIENTED_EDGE('',*,*,#4278,.F.);
#4278 = EDGE_CURVE('',#4279,#4279,#4281,.T.);
#4279 = VERTEX_POINT('',#4280);
#4280 = CARTESIAN_POINT('',(42.,-1.028703311284E-14,62.));
#4281 = SURFACE_CURVE('',#4282,(#4287,#4299),.PCURVE_S1.);
#4282 = CIRCLE('',#4283,42.);
#4283 = AXIS2_PLACEMENT_3D('',#4284,#4285,#4286);
#4284 = CARTESIAN_POINT('',(0.,0.,62.));
#4285 = DIRECTION('',(0.,0.,1.));
#4286 = DIRECTION('',(1.,0.,-0.));
#4287 = PCURVE('',#4288,#4293);
#4288 = CYLINDRICAL_SURFACE('',#4289,42.);
#4289 = AXIS2_PLACEMENT_3D('',#4290,#4291,#4292);
#4290 = CARTESIAN_POINT('',(0.,0.,0.));
#4291 = DIRECTION('',(0.,0.,1.));
#4292 = DIRECTION('',(1.,0.,-0.));
#4293 = DEFINITIONAL_REPRESENTATION('',(#4294),#4298);
#4294 = LINE('',#4295,#4296);
#4295 = CARTESIAN_POINT('',(0.,62.));
#4296 = VECTOR('',#4297,1.);
#4297 = DIRECTION('',(1.,0.));
#4298 = ( GEOMETRIC_REPRESENTATION_CONTEXT(2) 
PARAMETRIC_REPRESENTATION_CONTEXT() REPRESENTATION_CONTEXT('2D SPACE',''
  ) );
#4299 = PCURVE('',#4300,#4305);
#4300 = PLANE('',#4301);
#4301 = AXIS2_PLACEMENT_3D('',#4302,#4303,#4304);
#4302 = CARTESIAN_POINT('',(0.,0.,62.));
#4303 = DIRECTION('',(0.,0.,1.));
#4304 = DIRECTION('',(1.,0.,-0.));
#4305 = DEFINITIONAL_REPRESENTATION('',(#4306),#4310);
#4306 = CIRCLE('',#4307,42.);
#4307 = AXIS2_PLACEMENT_2D('',#4308,#4309);
#4308 = CARTESIAN_POINT('',(0.,0.));
#4309 = DIRECTION('',(1.,0.));
#4310 = ( GEOMETRIC_REPRESENTATION_CONTEXT(2) 
PARAMETRIC_REPRESENTATION_CONTEXT() REPRESENTATION_CONTEXT('2D SPACE',''
  ) );
#4311 = ORIENTED_EDGE('',*,*,#4312,.F.);
#4312 = EDGE_CURVE('',#4313,#4279,#4315,.T.);
#4313 = VERTEX_POINT('',#4314);
#4314 = CARTESIAN_POINT('',(42.,-1.028703311284E-14,0.));
#4315 = SEAM_CURVE('',#4316,(#4320,#4327),.PCURVE_S1.);
#4316 = LINE('',#4317,#4318);
#4317 = CARTESIAN_POINT('',(42.,-1.028703311284E-14,0.));
#4318 = VECTOR('',#4319,1.);
#4319 = DIRECTION('',(0.,0.,1.));
#4320 = PCURVE('',#4288,#4321);
#4321 = DEFINITIONAL_REPRESENTATION('',(#4322),#4326);
#4322 = LINE('',#4323,#4324);
#4323 = CARTESIAN_POINT('',(6.28318530718,-0.));
#4324 = VECTOR('',#4325,1.);
#4325 = DIRECTION('',(0.,1.));
#4326 = ( GEOMETRIC_REPRESENTATION_CONTEXT(2) 
PARAMETRIC_REPRESENTATION_CONTEXT() REPRESENTATION_CONTEXT('2D SPACE',''
  ) );
#4327 = PCURVE('',#4288,#4328);
#4328 = DEFINITIONAL_REPRESENTATION('',(#4329),#4333);
#4329 = LINE('',#4330,#4331);
#4330 = CARTESIAN_POINT('',(0.,-0.));
#4331 = VECTOR('',#4332,1.);
#4332 = DIRECTION('',(0.,1.));
#4333 = ( GEOMETRIC_REPRESENTATION_CONTEXT(2) 
PARAMETRIC_REPRESENTATION_CONTEXT() REPRESENTATION_CONTEXT('2D SPACE',''
  ) );
#4334 = ORIENTED_EDGE('',*,*,#4335,.T.);
#4335 = EDGE_CURVE('',#4313,#4313,#4336,.T.);
#4336 = SURFACE_CURVE('',#4337,(#4342,#4349),.PCURVE_S1.);
#4337 = CIRCLE('',#4338,42.);
#4338 = AXIS2_PLACEMENT_3D('',#4339,#4340,#4341);
#4339 = CARTESIAN_POINT('',(0.,0.,0.));
#4340 = DIRECTION('',(0.,0.,1.));
#4341 = DIRECTION('',(1.,0.,-0.));
#4342 = PCURVE('',#4288,#4343);
#4343 = DEFINITIONAL_REPRESENTATION('',(#4344),#4348);
#4344 = LINE('',#4345,#4346);
#4345 = CARTESIAN_POINT('',(0.,0.));
#4346 = VECTOR('',#4347,1.);
#4347 = DIRECTION('',(1.,0.));
#4348 = ( GEOMETRIC_REPRESENTATION_CONTEXT(2) 
PARAMETRIC_REPRESENTATION_CONTEXT() REPRESENTATION_CONTEXT('2D SPACE',''
  ) );
#4349 = PCURVE('',#4350,#4355);
#4350 = PLANE('',#4351);
#4351 = AXIS2_PLACEMENT_3D('',#4352,#4353,#4354);
#4352 = CARTESIAN_POINT('',(0.,0.,0.));
#4353 = DIRECTION('',(0.,0.,1.));
#4354 = DIRECTION('',(1.,0.,-0.));
#4355 = DEFINITIONAL_REPRESENTATION('',(#4356),#4360);
#4356 = CIRCLE('',#4357,42.);
#4357 = AXIS2_PLACEMENT_2D('',#4358,#4359);
#4358 = CARTESIAN_POINT('',(0.,0.));
#4359 = DIRECTION('',(1.,0.));
#4360 = ( GEOMETRIC_REPRESENTATION_CONTEXT(2) 
PARAMETRIC_REPRESENTATION_CONTEXT() REPRESENTATION_CONTEXT('2D SPACE',''
  ) );
#4361 = ORIENTED_EDGE('',*,*,#4312,.T.);
#4362 = ADVANCED_FACE('',(#4363),#4300,.T.);
#4363 = FACE_BOUND('',#4364,.T.);
#4364 = EDGE_LOOP('',(#4365));
#4365 = ORIENTED_EDGE('',*,*,#4278,.T.);
#4366 = ADVANCED_FACE('',(#4367),#4350,.F.);
#4367 = FACE_BOUND('',#4368,.T.);
#4368 = EDGE_LOOP('',(#4369));
#4369 = ORIENTED_EDGE('',*,*,#4335,.F.);
#4370 = ( GEOMETRIC_REPRESENTATION_CONTEXT(3) 
GLOBAL_UNCERTAINTY_ASSIGNED_CONTEXT((#4374)) 
GLOBAL_UNIT_ASSIGNED_CONTEXT((#4371,#4372,#4373)) REPRESENTATION_CONTEXT
('Context #1','3D Context with UNIT and UNCERTAINTY') );
#4371 = ( LENGTH_UNIT() NAMED_UNIT(*) SI_UNIT(.MILLI.,.METRE.) );
#4372 = ( NAMED_UNIT(*) PLANE_ANGLE_UNIT() SI_UNIT($,.RADIAN.) );
#4373 = ( NAMED_UNIT(*) SI_UNIT($,.STERADIAN.) SOLID_ANGLE_UNIT() );
#4374 = UNCERTAINTY_MEASURE_WITH_UNIT(LENGTH_MEASURE(1.E-07),#4371,
  'distance_accuracy_value','confusion accuracy');
#4375 = CONTEXT_DEPENDENT_SHAPE_REPRESENTATION(#4376,#4378);
#4376 = ( REPRESENTATION_RELATIONSHIP('','',#4271,#4248) 
REPRESENTATION_RELATIONSHIP_WITH_TRANSFORMATION(#4377) 
SHAPE_REPRESENTATION_RELATIONSHIP() );
#4377 = ITEM_DEFINED_TRANSFORMATION('','',#11,#4249);
#4378 = PRODUCT_DEFINITION_SHAPE('Placement','Placement of an item',
  #4379);
#4379 = NEXT_ASSEMBLY_USAGE_OCCURRENCE('337','=>[0:1:1:37]','',#4243,
  #4266,$);
#4380 = PRODUCT_RELATED_PRODUCT_CATEGORY('part',$,(#4268));
#4381 = SHAPE_DEFINITION_REPRESENTATION(#4382,#4388);
#4382 = PRODUCT_DEFINITION_SHAPE('','',#4383);
#4383 = PRODUCT_DEFINITION('design','',#4384,#4387);
#4384 = PRODUCT_DEFINITION_FORMATION('','',#4385);
#4385 = PRODUCT('right_upper_forearm_microturbine_intake',
  'right_upper_forearm_microturbine_intake','',(#4386));
#4386 = PRODUCT_CONTEXT('',#2,'mechanical');
#4387 = PRODUCT_DEFINITION_CONTEXT('part definition',#2,'design');
#4388 = SHAPE_REPRESENTATION('',(#11,#4389),#4393);
#4389 = AXIS2_PLACEMENT_3D('',#4390,#4391,#4392);
#4390 = CARTESIAN_POINT('',(0.,0.,0.));
#4391 = DIRECTION('',(0.,0.,1.));
#4392 = DIRECTION('',(1.,0.,-0.));
#4393 = ( GEOMETRIC_REPRESENTATION_CONTEXT(3) 
GLOBAL_UNCERTAINTY_ASSIGNED_CONTEXT((#4397)) 
GLOBAL_UNIT_ASSIGNED_CONTEXT((#4394,#4395,#4396)) REPRESENTATION_CONTEXT
('Context #1','3D Context with UNIT and UNCERTAINTY') );
#4394 = ( LENGTH_UNIT() NAMED_UNIT(*) SI_UNIT(.MILLI.,.METRE.) );
#4395 = ( NAMED_UNIT(*) PLANE_ANGLE_UNIT() SI_UNIT($,.RADIAN.) );
#4396 = ( NAMED_UNIT(*) SI_UNIT($,.STERADIAN.) SOLID_ANGLE_UNIT() );
#4397 = UNCERTAINTY_MEASURE_WITH_UNIT(LENGTH_MEASURE(1.E-07),#4394,
  'distance_accuracy_value','confusion accuracy');
#4398 = CONTEXT_DEPENDENT_SHAPE_REPRESENTATION(#4399,#4401);
#4399 = ( REPRESENTATION_RELATIONSHIP('','',#4388,#10) 
REPRESENTATION_RELATIONSHIP_WITH_TRANSFORMATION(#4400) 
SHAPE_REPRESENTATION_RELATIONSHIP() );
#4400 = ITEM_DEFINED_TRANSFORMATION('','',#11,#87);
#4401 = PRODUCT_DEFINITION_SHAPE('Placement','Placement of an item',
  #4402);
#4402 = NEXT_ASSEMBLY_USAGE_OCCURRENCE('340','=>[0:1:1:38]','',#5,#4383,
  $);
#4403 = PRODUCT_RELATED_PRODUCT_CATEGORY('part',$,(#4385));
#4404 = SHAPE_DEFINITION_REPRESENTATION(#4405,#4411);
#4405 = PRODUCT_DEFINITION_SHAPE('','',#4406);
#4406 = PRODUCT_DEFINITION('design','',#4407,#4410);
#4407 = PRODUCT_DEFINITION_FORMATION('','',#4408);
#4408 = PRODUCT('SOLID','SOLID','',(#4409));
#4409 = PRODUCT_CONTEXT('',#2,'mechanical');
#4410 = PRODUCT_DEFINITION_CONTEXT('part definition',#2,'design');
#4411 = ADVANCED_BREP_SHAPE_REPRESENTATION('',(#11,#4412),#4594);
#4412 = MANIFOLD_SOLID_BREP('',#4413);
#4413 = CLOSED_SHELL('',(#4414,#4502,#4537,#4567));
#4414 = ADVANCED_FACE('',(#4415),#4428,.T.);
#4415 = FACE_BOUND('',#4416,.T.);
#4416 = EDGE_LOOP('',(#4417,#4451,#4474,#4501));
#4417 = ORIENTED_EDGE('',*,*,#4418,.F.);
#4418 = EDGE_CURVE('',#4419,#4419,#4421,.T.);
#4419 = VERTEX_POINT('',#4420);
#4420 = CARTESIAN_POINT('',(54.,-1.322618543079E-14,19.));
#4421 = SURFACE_CURVE('',#4422,(#4427,#4439),.PCURVE_S1.);
#4422 = CIRCLE('',#4423,54.);
#4423 = AXIS2_PLACEMENT_3D('',#4424,#4425,#4426);
#4424 = CARTESIAN_POINT('',(0.,0.,19.));
#4425 = DIRECTION('',(0.,0.,1.));
#4426 = DIRECTION('',(1.,0.,0.));
#4427 = PCURVE('',#4428,#4433);
#4428 = CYLINDRICAL_SURFACE('',#4429,54.);
#4429 = AXIS2_PLACEMENT_3D('',#4430,#4431,#4432);
#4430 = CARTESIAN_POINT('',(0.,0.,-19.));
#4431 = DIRECTION('',(0.,0.,1.));
#4432 = DIRECTION('',(1.,0.,0.));
#4433 = DEFINITIONAL_REPRESENTATION('',(#4434),#4438);
#4434 = LINE('',#4435,#4436);
#4435 = CARTESIAN_POINT('',(0.,38.));
#4436 = VECTOR('',#4437,1.);
#4437 = DIRECTION('',(1.,0.));
#4438 = ( GEOMETRIC_REPRESENTATION_CONTEXT(2) 
PARAMETRIC_REPRESENTATION_CONTEXT() REPRESENTATION_CONTEXT('2D SPACE',''
  ) );
#4439 = PCURVE('',#4440,#4445);
#4440 = PLANE('',#4441);
#4441 = AXIS2_PLACEMENT_3D('',#4442,#4443,#4444);
#4442 = CARTESIAN_POINT('',(0.,0.,19.));
#4443 = DIRECTION('',(0.,0.,1.));
#4444 = DIRECTION('',(1.,0.,0.));
#4445 = DEFINITIONAL_REPRESENTATION('',(#4446),#4450);
#4446 = CIRCLE('',#4447,54.);
#4447 = AXIS2_PLACEMENT_2D('',#4448,#4449);
#4448 = CARTESIAN_POINT('',(0.,0.));
#4449 = DIRECTION('',(1.,0.));
#4450 = ( GEOMETRIC_REPRESENTATION_CONTEXT(2) 
PARAMETRIC_REPRESENTATION_CONTEXT() REPRESENTATION_CONTEXT('2D SPACE',''
  ) );
#4451 = ORIENTED_EDGE('',*,*,#4452,.F.);
#4452 = EDGE_CURVE('',#4453,#4419,#4455,.T.);
#4453 = VERTEX_POINT('',#4454);
#4454 = CARTESIAN_POINT('',(54.,-1.322618543079E-14,-19.));
#4455 = SEAM_CURVE('',#4456,(#4460,#4467),.PCURVE_S1.);
#4456 = LINE('',#4457,#4458);
#4457 = CARTESIAN_POINT('',(54.,-1.322618543079E-14,-19.));
#4458 = VECTOR('',#4459,1.);
#4459 = DIRECTION('',(0.,0.,1.));
#4460 = PCURVE('',#4428,#4461);
#4461 = DEFINITIONAL_REPRESENTATION('',(#4462),#4466);
#4462 = LINE('',#4463,#4464);
#4463 = CARTESIAN_POINT('',(6.28318530718,-0.));
#4464 = VECTOR('',#4465,1.);
#4465 = DIRECTION('',(0.,1.));
#4466 = ( GEOMETRIC_REPRESENTATION_CONTEXT(2) 
PARAMETRIC_REPRESENTATION_CONTEXT() REPRESENTATION_CONTEXT('2D SPACE',''
  ) );
#4467 = PCURVE('',#4428,#4468);
#4468 = DEFINITIONAL_REPRESENTATION('',(#4469),#4473);
#4469 = LINE('',#4470,#4471);
#4470 = CARTESIAN_POINT('',(0.,-0.));
#4471 = VECTOR('',#4472,1.);
#4472 = DIRECTION('',(0.,1.));
#4473 = ( GEOMETRIC_REPRESENTATION_CONTEXT(2) 
PARAMETRIC_REPRESENTATION_CONTEXT() REPRESENTATION_CONTEXT('2D SPACE',''
  ) );
#4474 = ORIENTED_EDGE('',*,*,#4475,.T.);
#4475 = EDGE_CURVE('',#4453,#4453,#4476,.T.);
#4476 = SURFACE_CURVE('',#4477,(#4482,#4489),.PCURVE_S1.);
#4477 = CIRCLE('',#4478,54.);
#4478 = AXIS2_PLACEMENT_3D('',#4479,#4480,#4481);
#4479 = CARTESIAN_POINT('',(0.,0.,-19.));
#4480 = DIRECTION('',(0.,0.,1.));
#4481 = DIRECTION('',(1.,0.,0.));
#4482 = PCURVE('',#4428,#4483);
#4483 = DEFINITIONAL_REPRESENTATION('',(#4484),#4488);
#4484 = LINE('',#4485,#4486);
#4485 = CARTESIAN_POINT('',(0.,0.));
#4486 = VECTOR('',#4487,1.);
#4487 = DIRECTION('',(1.,0.));
#4488 = ( GEOMETRIC_REPRESENTATION_CONTEXT(2) 
PARAMETRIC_REPRESENTATION_CONTEXT() REPRESENTATION_CONTEXT('2D SPACE',''
  ) );
#4489 = PCURVE('',#4490,#4495);
#4490 = PLANE('',#4491);
#4491 = AXIS2_PLACEMENT_3D('',#4492,#4493,#4494);
#4492 = CARTESIAN_POINT('',(0.,0.,-19.));
#4493 = DIRECTION('',(0.,0.,1.));
#4494 = DIRECTION('',(1.,0.,0.));
#4495 = DEFINITIONAL_REPRESENTATION('',(#4496),#4500);
#4496 = CIRCLE('',#4497,54.);
#4497 = AXIS2_PLACEMENT_2D('',#4498,#4499);
#4498 = CARTESIAN_POINT('',(0.,0.));
#4499 = DIRECTION('',(1.,0.));
#4500 = ( GEOMETRIC_REPRESENTATION_CONTEXT(2) 
PARAMETRIC_REPRESENTATION_CONTEXT() REPRESENTATION_CONTEXT('2D SPACE',''
  ) );
#4501 = ORIENTED_EDGE('',*,*,#4452,.T.);
#4502 = ADVANCED_FACE('',(#4503,#4506),#4440,.T.);
#4503 = FACE_BOUND('',#4504,.T.);
#4504 = EDGE_LOOP('',(#4505));
#4505 = ORIENTED_EDGE('',*,*,#4418,.T.);
#4506 = FACE_BOUND('',#4507,.T.);
#4507 = EDGE_LOOP('',(#4508));
#4508 = ORIENTED_EDGE('',*,*,#4509,.F.);
#4509 = EDGE_CURVE('',#4510,#4510,#4512,.T.);
#4510 = VERTEX_POINT('',#4511);
#4511 = CARTESIAN_POINT('',(30.,-7.347880794884E-15,19.));
#4512 = SURFACE_CURVE('',#4513,(#4518,#4525),.PCURVE_S1.);
#4513 = CIRCLE('',#4514,30.);
#4514 = AXIS2_PLACEMENT_3D('',#4515,#4516,#4517);
#4515 = CARTESIAN_POINT('',(0.,0.,19.));
#4516 = DIRECTION('',(0.,0.,1.));
#4517 = DIRECTION('',(1.,0.,-0.));
#4518 = PCURVE('',#4440,#4519);
#4519 = DEFINITIONAL_REPRESENTATION('',(#4520),#4524);
#4520 = CIRCLE('',#4521,30.);
#4521 = AXIS2_PLACEMENT_2D('',#4522,#4523);
#4522 = CARTESIAN_POINT('',(0.,0.));
#4523 = DIRECTION('',(1.,0.));
#4524 = ( GEOMETRIC_REPRESENTATION_CONTEXT(2) 
PARAMETRIC_REPRESENTATION_CONTEXT() REPRESENTATION_CONTEXT('2D SPACE',''
  ) );
#4525 = PCURVE('',#4526,#4531);
#4526 = CYLINDRICAL_SURFACE('',#4527,30.);
#4527 = AXIS2_PLACEMENT_3D('',#4528,#4529,#4530);
#4528 = CARTESIAN_POINT('',(0.,0.,-19.5));
#4529 = DIRECTION('',(0.,0.,1.));
#4530 = DIRECTION('',(1.,0.,0.));
#4531 = DEFINITIONAL_REPRESENTATION('',(#4532),#4536);
#4532 = LINE('',#4533,#4534);
#4533 = CARTESIAN_POINT('',(0.,38.5));
#4534 = VECTOR('',#4535,1.);
#4535 = DIRECTION('',(1.,0.));
#4536 = ( GEOMETRIC_REPRESENTATION_CONTEXT(2) 
PARAMETRIC_REPRESENTATION_CONTEXT() REPRESENTATION_CONTEXT('2D SPACE',''
  ) );
#4537 = ADVANCED_FACE('',(#4538,#4541),#4490,.F.);
#4538 = FACE_BOUND('',#4539,.F.);
#4539 = EDGE_LOOP('',(#4540));
#4540 = ORIENTED_EDGE('',*,*,#4475,.T.);
#4541 = FACE_BOUND('',#4542,.F.);
#4542 = EDGE_LOOP('',(#4543));
#4543 = ORIENTED_EDGE('',*,*,#4544,.F.);
#4544 = EDGE_CURVE('',#4545,#4545,#4547,.T.);
#4545 = VERTEX_POINT('',#4546);
#4546 = CARTESIAN_POINT('',(30.,-7.347880794884E-15,-19.));
#4547 = SURFACE_CURVE('',#4548,(#4553,#4560),.PCURVE_S1.);
#4548 = CIRCLE('',#4549,30.);
#4549 = AXIS2_PLACEMENT_3D('',#4550,#4551,#4552);
#4550 = CARTESIAN_POINT('',(0.,0.,-19.));
#4551 = DIRECTION('',(0.,0.,1.));
#4552 = DIRECTION('',(1.,0.,-0.));
#4553 = PCURVE('',#4490,#4554);
#4554 = DEFINITIONAL_REPRESENTATION('',(#4555),#4559);
#4555 = CIRCLE('',#4556,30.);
#4556 = AXIS2_PLACEMENT_2D('',#4557,#4558);
#4557 = CARTESIAN_POINT('',(0.,0.));
#4558 = DIRECTION('',(1.,0.));
#4559 = ( GEOMETRIC_REPRESENTATION_CONTEXT(2) 
PARAMETRIC_REPRESENTATION_CONTEXT() REPRESENTATION_CONTEXT('2D SPACE',''
  ) );
#4560 = PCURVE('',#4526,#4561);
#4561 = DEFINITIONAL_REPRESENTATION('',(#4562),#4566);
#4562 = LINE('',#4563,#4564);
#4563 = CARTESIAN_POINT('',(0.,0.5));
#4564 = VECTOR('',#4565,1.);
#4565 = DIRECTION('',(1.,0.));
#4566 = ( GEOMETRIC_REPRESENTATION_CONTEXT(2) 
PARAMETRIC_REPRESENTATION_CONTEXT() REPRESENTATION_CONTEXT('2D SPACE',''
  ) );
#4567 = ADVANCED_FACE('',(#4568),#4526,.F.);
#4568 = FACE_BOUND('',#4569,.F.);
#4569 = EDGE_LOOP('',(#4570,#4571,#4592,#4593));
#4570 = ORIENTED_EDGE('',*,*,#4509,.F.);
#4571 = ORIENTED_EDGE('',*,*,#4572,.F.);
#4572 = EDGE_CURVE('',#4545,#4510,#4573,.T.);
#4573 = SEAM_CURVE('',#4574,(#4578,#4585),.PCURVE_S1.);
#4574 = LINE('',#4575,#4576);
#4575 = CARTESIAN_POINT('',(30.,-7.347880794884E-15,-19.5));
#4576 = VECTOR('',#4577,1.);
#4577 = DIRECTION('',(0.,0.,1.));
#4578 = PCURVE('',#4526,#4579);
#4579 = DEFINITIONAL_REPRESENTATION('',(#4580),#4584);
#4580 = LINE('',#4581,#4582);
#4581 = CARTESIAN_POINT('',(6.28318530718,-0.));
#4582 = VECTOR('',#4583,1.);
#4583 = DIRECTION('',(0.,1.));
#4584 = ( GEOMETRIC_REPRESENTATION_CONTEXT(2) 
PARAMETRIC_REPRESENTATION_CONTEXT() REPRESENTATION_CONTEXT('2D SPACE',''
  ) );
#4585 = PCURVE('',#4526,#4586);
#4586 = DEFINITIONAL_REPRESENTATION('',(#4587),#4591);
#4587 = LINE('',#4588,#4589);
#4588 = CARTESIAN_POINT('',(0.,-0.));
#4589 = VECTOR('',#4590,1.);
#4590 = DIRECTION('',(0.,1.));
#4591 = ( GEOMETRIC_REPRESENTATION_CONTEXT(2) 
PARAMETRIC_REPRESENTATION_CONTEXT() REPRESENTATION_CONTEXT('2D SPACE',''
  ) );
#4592 = ORIENTED_EDGE('',*,*,#4544,.T.);
#4593 = ORIENTED_EDGE('',*,*,#4572,.T.);
#4594 = ( GEOMETRIC_REPRESENTATION_CONTEXT(3) 
GLOBAL_UNCERTAINTY_ASSIGNED_CONTEXT((#4598)) 
GLOBAL_UNIT_ASSIGNED_CONTEXT((#4595,#4596,#4597)) REPRESENTATION_CONTEXT
('Context #1','3D Context with UNIT and UNCERTAINTY') );
#4595 = ( LENGTH_UNIT() NAMED_UNIT(*) SI_UNIT(.MILLI.,.METRE.) );
#4596 = ( NAMED_UNIT(*) PLANE_ANGLE_UNIT() SI_UNIT($,.RADIAN.) );
#4597 = ( NAMED_UNIT(*) SI_UNIT($,.STERADIAN.) SOLID_ANGLE_UNIT() );
#4598 = UNCERTAINTY_MEASURE_WITH_UNIT(LENGTH_MEASURE(1.E-07),#4595,
  'distance_accuracy_value','confusion accuracy');
#4599 = CONTEXT_DEPENDENT_SHAPE_REPRESENTATION(#4600,#4602);
#4600 = ( REPRESENTATION_RELATIONSHIP('','',#4411,#4388) 
REPRESENTATION_RELATIONSHIP_WITH_TRANSFORMATION(#4601) 
SHAPE_REPRESENTATION_RELATIONSHIP() );
#4601 = ITEM_DEFINED_TRANSFORMATION('','',#11,#4389);
#4602 = PRODUCT_DEFINITION_SHAPE('Placement','Placement of an item',
  #4603);
#4603 = NEXT_ASSEMBLY_USAGE_OCCURRENCE('339','=>[0:1:1:39]','',#4383,
  #4406,$);
#4604 = PRODUCT_RELATED_PRODUCT_CATEGORY('part',$,(#4408));
#4605 = SHAPE_DEFINITION_REPRESENTATION(#4606,#4612);
#4606 = PRODUCT_DEFINITION_SHAPE('','',#4607);
#4607 = PRODUCT_DEFINITION('design','',#4608,#4611);
#4608 = PRODUCT_DEFINITION_FORMATION('','',#4609);
#4609 = PRODUCT('right_palm_stabilizer_nozzle_ring',
  'right_palm_stabilizer_nozzle_ring','',(#4610));
#4610 = PRODUCT_CONTEXT('',#2,'mechanical');
#4611 = PRODUCT_DEFINITION_CONTEXT('part definition',#2,'design');
#4612 = SHAPE_REPRESENTATION('',(#11,#4613),#4617);
#4613 = AXIS2_PLACEMENT_3D('',#4614,#4615,#4616);
#4614 = CARTESIAN_POINT('',(0.,0.,0.));
#4615 = DIRECTION('',(0.,0.,1.));
#4616 = DIRECTION('',(1.,0.,-0.));
#4617 = ( GEOMETRIC_REPRESENTATION_CONTEXT(3) 
GLOBAL_UNCERTAINTY_ASSIGNED_CONTEXT((#4621)) 
GLOBAL_UNIT_ASSIGNED_CONTEXT((#4618,#4619,#4620)) REPRESENTATION_CONTEXT
('Context #1','3D Context with UNIT and UNCERTAINTY') );
#4618 = ( LENGTH_UNIT() NAMED_UNIT(*) SI_UNIT(.MILLI.,.METRE.) );
#4619 = ( NAMED_UNIT(*) PLANE_ANGLE_UNIT() SI_UNIT($,.RADIAN.) );
#4620 = ( NAMED_UNIT(*) SI_UNIT($,.STERADIAN.) SOLID_ANGLE_UNIT() );
#4621 = UNCERTAINTY_MEASURE_WITH_UNIT(LENGTH_MEASURE(1.E-07),#4618,
  'distance_accuracy_value','confusion accuracy');
#4622 = CONTEXT_DEPENDENT_SHAPE_REPRESENTATION(#4623,#4625);
#4623 = ( REPRESENTATION_RELATIONSHIP('','',#4612,#10) 
REPRESENTATION_RELATIONSHIP_WITH_TRANSFORMATION(#4624) 
SHAPE_REPRESENTATION_RELATIONSHIP() );
#4624 = ITEM_DEFINED_TRANSFORMATION('','',#11,#91);
#4625 = PRODUCT_DEFINITION_SHAPE('Placement','Placement of an item',
  #4626);
#4626 = NEXT_ASSEMBLY_USAGE_OCCURRENCE('342','=>[0:1:1:40]','',#5,#4607,
  $);
#4627 = PRODUCT_RELATED_PRODUCT_CATEGORY('part',$,(#4609));
#4628 = SHAPE_DEFINITION_REPRESENTATION(#4629,#4635);
#4629 = PRODUCT_DEFINITION_SHAPE('','',#4630);
#4630 = PRODUCT_DEFINITION('design','',#4631,#4634);
#4631 = PRODUCT_DEFINITION_FORMATION('','',#4632);
#4632 = PRODUCT('SOLID','SOLID','',(#4633));
#4633 = PRODUCT_CONTEXT('',#2,'mechanical');
#4634 = PRODUCT_DEFINITION_CONTEXT('part definition',#2,'design');
#4635 = ADVANCED_BREP_SHAPE_REPRESENTATION('',(#11,#4636),#4818);
#4636 = MANIFOLD_SOLID_BREP('',#4637);
#4637 = CLOSED_SHELL('',(#4638,#4726,#4761,#4791));
#4638 = ADVANCED_FACE('',(#4639),#4652,.T.);
#4639 = FACE_BOUND('',#4640,.T.);
#4640 = EDGE_LOOP('',(#4641,#4675,#4698,#4725));
#4641 = ORIENTED_EDGE('',*,*,#4642,.F.);
#4642 = EDGE_CURVE('',#4643,#4643,#4645,.T.);
#4643 = VERTEX_POINT('',#4644);
#4644 = CARTESIAN_POINT('',(58.,-1.420590287011E-14,17.));
#4645 = SURFACE_CURVE('',#4646,(#4651,#4663),.PCURVE_S1.);
#4646 = CIRCLE('',#4647,58.);
#4647 = AXIS2_PLACEMENT_3D('',#4648,#4649,#4650);
#4648 = CARTESIAN_POINT('',(0.,0.,17.));
#4649 = DIRECTION('',(0.,0.,1.));
#4650 = DIRECTION('',(1.,0.,0.));
#4651 = PCURVE('',#4652,#4657);
#4652 = CYLINDRICAL_SURFACE('',#4653,58.);
#4653 = AXIS2_PLACEMENT_3D('',#4654,#4655,#4656);
#4654 = CARTESIAN_POINT('',(0.,0.,-17.));
#4655 = DIRECTION('',(0.,0.,1.));
#4656 = DIRECTION('',(1.,0.,0.));
#4657 = DEFINITIONAL_REPRESENTATION('',(#4658),#4662);
#4658 = LINE('',#4659,#4660);
#4659 = CARTESIAN_POINT('',(0.,34.));
#4660 = VECTOR('',#4661,1.);
#4661 = DIRECTION('',(1.,0.));
#4662 = ( GEOMETRIC_REPRESENTATION_CONTEXT(2) 
PARAMETRIC_REPRESENTATION_CONTEXT() REPRESENTATION_CONTEXT('2D SPACE',''
  ) );
#4663 = PCURVE('',#4664,#4669);
#4664 = PLANE('',#4665);
#4665 = AXIS2_PLACEMENT_3D('',#4666,#4667,#4668);
#4666 = CARTESIAN_POINT('',(0.,0.,17.));
#4667 = DIRECTION('',(0.,0.,1.));
#4668 = DIRECTION('',(1.,0.,0.));
#4669 = DEFINITIONAL_REPRESENTATION('',(#4670),#4674);
#4670 = CIRCLE('',#4671,58.);
#4671 = AXIS2_PLACEMENT_2D('',#4672,#4673);
#4672 = CARTESIAN_POINT('',(0.,0.));
#4673 = DIRECTION('',(1.,0.));
#4674 = ( GEOMETRIC_REPRESENTATION_CONTEXT(2) 
PARAMETRIC_REPRESENTATION_CONTEXT() REPRESENTATION_CONTEXT('2D SPACE',''
  ) );
#4675 = ORIENTED_EDGE('',*,*,#4676,.F.);
#4676 = EDGE_CURVE('',#4677,#4643,#4679,.T.);
#4677 = VERTEX_POINT('',#4678);
#4678 = CARTESIAN_POINT('',(58.,-1.420590287011E-14,-17.));
#4679 = SEAM_CURVE('',#4680,(#4684,#4691),.PCURVE_S1.);
#4680 = LINE('',#4681,#4682);
#4681 = CARTESIAN_POINT('',(58.,-1.420590287011E-14,-17.));
#4682 = VECTOR('',#4683,1.);
#4683 = DIRECTION('',(0.,0.,1.));
#4684 = PCURVE('',#4652,#4685);
#4685 = DEFINITIONAL_REPRESENTATION('',(#4686),#4690);
#4686 = LINE('',#4687,#4688);
#4687 = CARTESIAN_POINT('',(6.28318530718,-0.));
#4688 = VECTOR('',#4689,1.);
#4689 = DIRECTION('',(0.,1.));
#4690 = ( GEOMETRIC_REPRESENTATION_CONTEXT(2) 
PARAMETRIC_REPRESENTATION_CONTEXT() REPRESENTATION_CONTEXT('2D SPACE',''
  ) );
#4691 = PCURVE('',#4652,#4692);
#4692 = DEFINITIONAL_REPRESENTATION('',(#4693),#4697);
#4693 = LINE('',#4694,#4695);
#4694 = CARTESIAN_POINT('',(0.,-0.));
#4695 = VECTOR('',#4696,1.);
#4696 = DIRECTION('',(0.,1.));
#4697 = ( GEOMETRIC_REPRESENTATION_CONTEXT(2) 
PARAMETRIC_REPRESENTATION_CONTEXT() REPRESENTATION_CONTEXT('2D SPACE',''
  ) );
#4698 = ORIENTED_EDGE('',*,*,#4699,.T.);
#4699 = EDGE_CURVE('',#4677,#4677,#4700,.T.);
#4700 = SURFACE_CURVE('',#4701,(#4706,#4713),.PCURVE_S1.);
#4701 = CIRCLE('',#4702,58.);
#4702 = AXIS2_PLACEMENT_3D('',#4703,#4704,#4705);
#4703 = CARTESIAN_POINT('',(0.,0.,-17.));
#4704 = DIRECTION('',(0.,0.,1.));
#4705 = DIRECTION('',(1.,0.,0.));
#4706 = PCURVE('',#4652,#4707);
#4707 = DEFINITIONAL_REPRESENTATION('',(#4708),#4712);
#4708 = LINE('',#4709,#4710);
#4709 = CARTESIAN_POINT('',(0.,0.));
#4710 = VECTOR('',#4711,1.);
#4711 = DIRECTION('',(1.,0.));
#4712 = ( GEOMETRIC_REPRESENTATION_CONTEXT(2) 
PARAMETRIC_REPRESENTATION_CONTEXT() REPRESENTATION_CONTEXT('2D SPACE',''
  ) );
#4713 = PCURVE('',#4714,#4719);
#4714 = PLANE('',#4715);
#4715 = AXIS2_PLACEMENT_3D('',#4716,#4717,#4718);
#4716 = CARTESIAN_POINT('',(0.,0.,-17.));
#4717 = DIRECTION('',(0.,0.,1.));
#4718 = DIRECTION('',(1.,0.,0.));
#4719 = DEFINITIONAL_REPRESENTATION('',(#4720),#4724);
#4720 = CIRCLE('',#4721,58.);
#4721 = AXIS2_PLACEMENT_2D('',#4722,#4723);
#4722 = CARTESIAN_POINT('',(0.,0.));
#4723 = DIRECTION('',(1.,0.));
#4724 = ( GEOMETRIC_REPRESENTATION_CONTEXT(2) 
PARAMETRIC_REPRESENTATION_CONTEXT() REPRESENTATION_CONTEXT('2D SPACE',''
  ) );
#4725 = ORIENTED_EDGE('',*,*,#4676,.T.);
#4726 = ADVANCED_FACE('',(#4727,#4730),#4664,.T.);
#4727 = FACE_BOUND('',#4728,.T.);
#4728 = EDGE_LOOP('',(#4729));
#4729 = ORIENTED_EDGE('',*,*,#4642,.T.);
#4730 = FACE_BOUND('',#4731,.T.);
#4731 = EDGE_LOOP('',(#4732));
#4732 = ORIENTED_EDGE('',*,*,#4733,.F.);
#4733 = EDGE_CURVE('',#4734,#4734,#4736,.T.);
#4734 = VERTEX_POINT('',#4735);
#4735 = CARTESIAN_POINT('',(34.,-8.327598234202E-15,17.));
#4736 = SURFACE_CURVE('',#4737,(#4742,#4749),.PCURVE_S1.);
#4737 = CIRCLE('',#4738,34.);
#4738 = AXIS2_PLACEMENT_3D('',#4739,#4740,#4741);
#4739 = CARTESIAN_POINT('',(0.,0.,17.));
#4740 = DIRECTION('',(0.,0.,1.));
#4741 = DIRECTION('',(1.,0.,-0.));
#4742 = PCURVE('',#4664,#4743);
#4743 = DEFINITIONAL_REPRESENTATION('',(#4744),#4748);
#4744 = CIRCLE('',#4745,34.);
#4745 = AXIS2_PLACEMENT_2D('',#4746,#4747);
#4746 = CARTESIAN_POINT('',(0.,0.));
#4747 = DIRECTION('',(1.,0.));
#4748 = ( GEOMETRIC_REPRESENTATION_CONTEXT(2) 
PARAMETRIC_REPRESENTATION_CONTEXT() REPRESENTATION_CONTEXT('2D SPACE',''
  ) );
#4749 = PCURVE('',#4750,#4755);
#4750 = CYLINDRICAL_SURFACE('',#4751,34.);
#4751 = AXIS2_PLACEMENT_3D('',#4752,#4753,#4754);
#4752 = CARTESIAN_POINT('',(0.,0.,-17.5));
#4753 = DIRECTION('',(0.,0.,1.));
#4754 = DIRECTION('',(1.,0.,0.));
#4755 = DEFINITIONAL_REPRESENTATION('',(#4756),#4760);
#4756 = LINE('',#4757,#4758);
#4757 = CARTESIAN_POINT('',(0.,34.5));
#4758 = VECTOR('',#4759,1.);
#4759 = DIRECTION('',(1.,0.));
#4760 = ( GEOMETRIC_REPRESENTATION_CONTEXT(2) 
PARAMETRIC_REPRESENTATION_CONTEXT() REPRESENTATION_CONTEXT('2D SPACE',''
  ) );
#4761 = ADVANCED_FACE('',(#4762,#4765),#4714,.F.);
#4762 = FACE_BOUND('',#4763,.F.);
#4763 = EDGE_LOOP('',(#4764));
#4764 = ORIENTED_EDGE('',*,*,#4699,.T.);
#4765 = FACE_BOUND('',#4766,.F.);
#4766 = EDGE_LOOP('',(#4767));
#4767 = ORIENTED_EDGE('',*,*,#4768,.F.);
#4768 = EDGE_CURVE('',#4769,#4769,#4771,.T.);
#4769 = VERTEX_POINT('',#4770);
#4770 = CARTESIAN_POINT('',(34.,-8.327598234202E-15,-17.));
#4771 = SURFACE_CURVE('',#4772,(#4777,#4784),.PCURVE_S1.);
#4772 = CIRCLE('',#4773,34.);
#4773 = AXIS2_PLACEMENT_3D('',#4774,#4775,#4776);
#4774 = CARTESIAN_POINT('',(0.,0.,-17.));
#4775 = DIRECTION('',(0.,0.,1.));
#4776 = DIRECTION('',(1.,0.,-0.));
#4777 = PCURVE('',#4714,#4778);
#4778 = DEFINITIONAL_REPRESENTATION('',(#4779),#4783);
#4779 = CIRCLE('',#4780,34.);
#4780 = AXIS2_PLACEMENT_2D('',#4781,#4782);
#4781 = CARTESIAN_POINT('',(0.,0.));
#4782 = DIRECTION('',(1.,0.));
#4783 = ( GEOMETRIC_REPRESENTATION_CONTEXT(2) 
PARAMETRIC_REPRESENTATION_CONTEXT() REPRESENTATION_CONTEXT('2D SPACE',''
  ) );
#4784 = PCURVE('',#4750,#4785);
#4785 = DEFINITIONAL_REPRESENTATION('',(#4786),#4790);
#4786 = LINE('',#4787,#4788);
#4787 = CARTESIAN_POINT('',(0.,0.5));
#4788 = VECTOR('',#4789,1.);
#4789 = DIRECTION('',(1.,0.));
#4790 = ( GEOMETRIC_REPRESENTATION_CONTEXT(2) 
PARAMETRIC_REPRESENTATION_CONTEXT() REPRESENTATION_CONTEXT('2D SPACE',''
  ) );
#4791 = ADVANCED_FACE('',(#4792),#4750,.F.);
#4792 = FACE_BOUND('',#4793,.F.);
#4793 = EDGE_LOOP('',(#4794,#4795,#4816,#4817));
#4794 = ORIENTED_EDGE('',*,*,#4733,.F.);
#4795 = ORIENTED_EDGE('',*,*,#4796,.F.);
#4796 = EDGE_CURVE('',#4769,#4734,#4797,.T.);
#4797 = SEAM_CURVE('',#4798,(#4802,#4809),.PCURVE_S1.);
#4798 = LINE('',#4799,#4800);
#4799 = CARTESIAN_POINT('',(34.,-8.327598234202E-15,-17.5));
#4800 = VECTOR('',#4801,1.);
#4801 = DIRECTION('',(0.,0.,1.));
#4802 = PCURVE('',#4750,#4803);
#4803 = DEFINITIONAL_REPRESENTATION('',(#4804),#4808);
#4804 = LINE('',#4805,#4806);
#4805 = CARTESIAN_POINT('',(6.28318530718,-0.));
#4806 = VECTOR('',#4807,1.);
#4807 = DIRECTION('',(0.,1.));
#4808 = ( GEOMETRIC_REPRESENTATION_CONTEXT(2) 
PARAMETRIC_REPRESENTATION_CONTEXT() REPRESENTATION_CONTEXT('2D SPACE',''
  ) );
#4809 = PCURVE('',#4750,#4810);
#4810 = DEFINITIONAL_REPRESENTATION('',(#4811),#4815);
#4811 = LINE('',#4812,#4813);
#4812 = CARTESIAN_POINT('',(0.,-0.));
#4813 = VECTOR('',#4814,1.);
#4814 = DIRECTION('',(0.,1.));
#4815 = ( GEOMETRIC_REPRESENTATION_CONTEXT(2) 
PARAMETRIC_REPRESENTATION_CONTEXT() REPRESENTATION_CONTEXT('2D SPACE',''
  ) );
#4816 = ORIENTED_EDGE('',*,*,#4768,.T.);
#4817 = ORIENTED_EDGE('',*,*,#4796,.T.);
#4818 = ( GEOMETRIC_REPRESENTATION_CONTEXT(3) 
GLOBAL_UNCERTAINTY_ASSIGNED_CONTEXT((#4822)) 
GLOBAL_UNIT_ASSIGNED_CONTEXT((#4819,#4820,#4821)) REPRESENTATION_CONTEXT
('Context #1','3D Context with UNIT and UNCERTAINTY') );
#4819 = ( LENGTH_UNIT() NAMED_UNIT(*) SI_UNIT(.MILLI.,.METRE.) );
#4820 = ( NAMED_UNIT(*) PLANE_ANGLE_UNIT() SI_UNIT($,.RADIAN.) );
#4821 = ( NAMED_UNIT(*) SI_UNIT($,.STERADIAN.) SOLID_ANGLE_UNIT() );
#4822 = UNCERTAINTY_MEASURE_WITH_UNIT(LENGTH_MEASURE(1.E-07),#4819,
  'distance_accuracy_value','confusion accuracy');
#4823 = CONTEXT_DEPENDENT_SHAPE_REPRESENTATION(#4824,#4826);
#4824 = ( REPRESENTATION_RELATIONSHIP('','',#4635,#4612) 
REPRESENTATION_RELATIONSHIP_WITH_TRANSFORMATION(#4825) 
SHAPE_REPRESENTATION_RELATIONSHIP() );
#4825 = ITEM_DEFINED_TRANSFORMATION('','',#11,#4613);
#4826 = PRODUCT_DEFINITION_SHAPE('Placement','Placement of an item',
  #4827);
#4827 = NEXT_ASSEMBLY_USAGE_OCCURRENCE('341','=>[0:1:1:41]','',#4607,
  #4630,$);
#4828 = PRODUCT_RELATED_PRODUCT_CATEGORY('part',$,(#4632));
#4829 = SHAPE_DEFINITION_REPRESENTATION(#4830,#4836);
#4830 = PRODUCT_DEFINITION_SHAPE('','',#4831);
#4831 = PRODUCT_DEFINITION('design','',#4832,#4835);
#4832 = PRODUCT_DEFINITION_FORMATION('','',#4833);
#4833 = PRODUCT('right_palm_stabilizer_dark_bore',
  'right_palm_stabilizer_dark_bore','',(#4834));
#4834 = PRODUCT_CONTEXT('',#2,'mechanical');
#4835 = PRODUCT_DEFINITION_CONTEXT('part definition',#2,'design');
#4836 = SHAPE_REPRESENTATION('',(#11,#4837),#4841);
#4837 = AXIS2_PLACEMENT_3D('',#4838,#4839,#4840);
#4838 = CARTESIAN_POINT('',(0.,0.,-19.));
#4839 = DIRECTION('',(0.,0.,1.));
#4840 = DIRECTION('',(1.,0.,0.));
#4841 = ( GEOMETRIC_REPRESENTATION_CONTEXT(3) 
GLOBAL_UNCERTAINTY_ASSIGNED_CONTEXT((#4845)) 
GLOBAL_UNIT_ASSIGNED_CONTEXT((#4842,#4843,#4844)) REPRESENTATION_CONTEXT
('Context #1','3D Context with UNIT and UNCERTAINTY') );
#4842 = ( LENGTH_UNIT() NAMED_UNIT(*) SI_UNIT(.MILLI.,.METRE.) );
#4843 = ( NAMED_UNIT(*) PLANE_ANGLE_UNIT() SI_UNIT($,.RADIAN.) );
#4844 = ( NAMED_UNIT(*) SI_UNIT($,.STERADIAN.) SOLID_ANGLE_UNIT() );
#4845 = UNCERTAINTY_MEASURE_WITH_UNIT(LENGTH_MEASURE(1.E-07),#4842,
  'distance_accuracy_value','confusion accuracy');
#4846 = CONTEXT_DEPENDENT_SHAPE_REPRESENTATION(#4847,#4849);
#4847 = ( REPRESENTATION_RELATIONSHIP('','',#4836,#10) 
REPRESENTATION_RELATIONSHIP_WITH_TRANSFORMATION(#4848) 
SHAPE_REPRESENTATION_RELATIONSHIP() );
#4848 = ITEM_DEFINED_TRANSFORMATION('','',#11,#95);
#4849 = PRODUCT_DEFINITION_SHAPE('Placement','Placement of an item',
  #4850);
#4850 = NEXT_ASSEMBLY_USAGE_OCCURRENCE('344','=>[0:1:1:42]','',#5,#4831,
  $);
#4851 = PRODUCT_RELATED_PRODUCT_CATEGORY('part',$,(#4833));
#4852 = SHAPE_DEFINITION_REPRESENTATION(#4853,#4859);
#4853 = PRODUCT_DEFINITION_SHAPE('','',#4854);
#4854 = PRODUCT_DEFINITION('design','',#4855,#4858);
#4855 = PRODUCT_DEFINITION_FORMATION('','',#4856);
#4856 = PRODUCT('SOLID','SOLID','',(#4857));
#4857 = PRODUCT_CONTEXT('',#2,'mechanical');
#4858 = PRODUCT_DEFINITION_CONTEXT('part definition',#2,'design');
#4859 = ADVANCED_BREP_SHAPE_REPRESENTATION('',(#11,#4860),#4958);
#4860 = MANIFOLD_SOLID_BREP('',#4861);
#4861 = CLOSED_SHELL('',(#4862,#4950,#4954));
#4862 = ADVANCED_FACE('',(#4863),#4876,.T.);
#4863 = FACE_BOUND('',#4864,.T.);
#4864 = EDGE_LOOP('',(#4865,#4899,#4922,#4949));
#4865 = ORIENTED_EDGE('',*,*,#4866,.F.);
#4866 = EDGE_CURVE('',#4867,#4867,#4869,.T.);
#4867 = VERTEX_POINT('',#4868);
#4868 = CARTESIAN_POINT('',(33.,-8.082668874373E-15,38.));
#4869 = SURFACE_CURVE('',#4870,(#4875,#4887),.PCURVE_S1.);
#4870 = CIRCLE('',#4871,33.);
#4871 = AXIS2_PLACEMENT_3D('',#4872,#4873,#4874);
#4872 = CARTESIAN_POINT('',(0.,0.,38.));
#4873 = DIRECTION('',(0.,0.,1.));
#4874 = DIRECTION('',(1.,0.,-0.));
#4875 = PCURVE('',#4876,#4881);
#4876 = CYLINDRICAL_SURFACE('',#4877,33.);
#4877 = AXIS2_PLACEMENT_3D('',#4878,#4879,#4880);
#4878 = CARTESIAN_POINT('',(0.,0.,0.));
#4879 = DIRECTION('',(0.,0.,1.));
#4880 = DIRECTION('',(1.,0.,-0.));
#4881 = DEFINITIONAL_REPRESENTATION('',(#4882),#4886);
#4882 = LINE('',#4883,#4884);
#4883 = CARTESIAN_POINT('',(0.,38.));
#4884 = VECTOR('',#4885,1.);
#4885 = DIRECTION('',(1.,0.));
#4886 = ( GEOMETRIC_REPRESENTATION_CONTEXT(2) 
PARAMETRIC_REPRESENTATION_CONTEXT() REPRESENTATION_CONTEXT('2D SPACE',''
  ) );
#4887 = PCURVE('',#4888,#4893);
#4888 = PLANE('',#4889);
#4889 = AXIS2_PLACEMENT_3D('',#4890,#4891,#4892);
#4890 = CARTESIAN_POINT('',(0.,0.,38.));
#4891 = DIRECTION('',(0.,0.,1.));
#4892 = DIRECTION('',(1.,0.,-0.));
#4893 = DEFINITIONAL_REPRESENTATION('',(#4894),#4898);
#4894 = CIRCLE('',#4895,33.);
#4895 = AXIS2_PLACEMENT_2D('',#4896,#4897);
#4896 = CARTESIAN_POINT('',(0.,0.));
#4897 = DIRECTION('',(1.,0.));
#4898 = ( GEOMETRIC_REPRESENTATION_CONTEXT(2) 
PARAMETRIC_REPRESENTATION_CONTEXT() REPRESENTATION_CONTEXT('2D SPACE',''
  ) );
#4899 = ORIENTED_EDGE('',*,*,#4900,.F.);
#4900 = EDGE_CURVE('',#4901,#4867,#4903,.T.);
#4901 = VERTEX_POINT('',#4902);
#4902 = CARTESIAN_POINT('',(33.,-8.082668874373E-15,0.));
#4903 = SEAM_CURVE('',#4904,(#4908,#4915),.PCURVE_S1.);
#4904 = LINE('',#4905,#4906);
#4905 = CARTESIAN_POINT('',(33.,-8.082668874373E-15,0.));
#4906 = VECTOR('',#4907,1.);
#4907 = DIRECTION('',(0.,0.,1.));
#4908 = PCURVE('',#4876,#4909);
#4909 = DEFINITIONAL_REPRESENTATION('',(#4910),#4914);
#4910 = LINE('',#4911,#4912);
#4911 = CARTESIAN_POINT('',(6.28318530718,-0.));
#4912 = VECTOR('',#4913,1.);
#4913 = DIRECTION('',(0.,1.));
#4914 = ( GEOMETRIC_REPRESENTATION_CONTEXT(2) 
PARAMETRIC_REPRESENTATION_CONTEXT() REPRESENTATION_CONTEXT('2D SPACE',''
  ) );
#4915 = PCURVE('',#4876,#4916);
#4916 = DEFINITIONAL_REPRESENTATION('',(#4917),#4921);
#4917 = LINE('',#4918,#4919);
#4918 = CARTESIAN_POINT('',(0.,-0.));
#4919 = VECTOR('',#4920,1.);
#4920 = DIRECTION('',(0.,1.));
#4921 = ( GEOMETRIC_REPRESENTATION_CONTEXT(2) 
PARAMETRIC_REPRESENTATION_CONTEXT() REPRESENTATION_CONTEXT('2D SPACE',''
  ) );
#4922 = ORIENTED_EDGE('',*,*,#4923,.T.);
#4923 = EDGE_CURVE('',#4901,#4901,#4924,.T.);
#4924 = SURFACE_CURVE('',#4925,(#4930,#4937),.PCURVE_S1.);
#4925 = CIRCLE('',#4926,33.);
#4926 = AXIS2_PLACEMENT_3D('',#4927,#4928,#4929);
#4927 = CARTESIAN_POINT('',(0.,0.,0.));
#4928 = DIRECTION('',(0.,0.,1.));
#4929 = DIRECTION('',(1.,0.,-0.));
#4930 = PCURVE('',#4876,#4931);
#4931 = DEFINITIONAL_REPRESENTATION('',(#4932),#4936);
#4932 = LINE('',#4933,#4934);
#4933 = CARTESIAN_POINT('',(0.,0.));
#4934 = VECTOR('',#4935,1.);
#4935 = DIRECTION('',(1.,0.));
#4936 = ( GEOMETRIC_REPRESENTATION_CONTEXT(2) 
PARAMETRIC_REPRESENTATION_CONTEXT() REPRESENTATION_CONTEXT('2D SPACE',''
  ) );
#4937 = PCURVE('',#4938,#4943);
#4938 = PLANE('',#4939);
#4939 = AXIS2_PLACEMENT_3D('',#4940,#4941,#4942);
#4940 = CARTESIAN_POINT('',(0.,0.,0.));
#4941 = DIRECTION('',(0.,0.,1.));
#4942 = DIRECTION('',(1.,0.,-0.));
#4943 = DEFINITIONAL_REPRESENTATION('',(#4944),#4948);
#4944 = CIRCLE('',#4945,33.);
#4945 = AXIS2_PLACEMENT_2D('',#4946,#4947);
#4946 = CARTESIAN_POINT('',(0.,0.));
#4947 = DIRECTION('',(1.,0.));
#4948 = ( GEOMETRIC_REPRESENTATION_CONTEXT(2) 
PARAMETRIC_REPRESENTATION_CONTEXT() REPRESENTATION_CONTEXT('2D SPACE',''
  ) );
#4949 = ORIENTED_EDGE('',*,*,#4900,.T.);
#4950 = ADVANCED_FACE('',(#4951),#4888,.T.);
#4951 = FACE_BOUND('',#4952,.T.);
#4952 = EDGE_LOOP('',(#4953));
#4953 = ORIENTED_EDGE('',*,*,#4866,.T.);
#4954 = ADVANCED_FACE('',(#4955),#4938,.F.);
#4955 = FACE_BOUND('',#4956,.T.);
#4956 = EDGE_LOOP('',(#4957));
#4957 = ORIENTED_EDGE('',*,*,#4923,.F.);
#4958 = ( GEOMETRIC_REPRESENTATION_CONTEXT(3) 
GLOBAL_UNCERTAINTY_ASSIGNED_CONTEXT((#4962)) 
GLOBAL_UNIT_ASSIGNED_CONTEXT((#4959,#4960,#4961)) REPRESENTATION_CONTEXT
('Context #1','3D Context with UNIT and UNCERTAINTY') );
#4959 = ( LENGTH_UNIT() NAMED_UNIT(*) SI_UNIT(.MILLI.,.METRE.) );
#4960 = ( NAMED_UNIT(*) PLANE_ANGLE_UNIT() SI_UNIT($,.RADIAN.) );
#4961 = ( NAMED_UNIT(*) SI_UNIT($,.STERADIAN.) SOLID_ANGLE_UNIT() );
#4962 = UNCERTAINTY_MEASURE_WITH_UNIT(LENGTH_MEASURE(1.E-07),#4959,
  'distance_accuracy_value','confusion accuracy');
#4963 = CONTEXT_DEPENDENT_SHAPE_REPRESENTATION(#4964,#4966);
#4964 = ( REPRESENTATION_RELATIONSHIP('','',#4859,#4836) 
REPRESENTATION_RELATIONSHIP_WITH_TRANSFORMATION(#4965) 
SHAPE_REPRESENTATION_RELATIONSHIP() );
#4965 = ITEM_DEFINED_TRANSFORMATION('','',#11,#4837);
#4966 = PRODUCT_DEFINITION_SHAPE('Placement','Placement of an item',
  #4967);
#4967 = NEXT_ASSEMBLY_USAGE_OCCURRENCE('343','=>[0:1:1:43]','',#4831,
  #4854,$);
#4968 = PRODUCT_RELATED_PRODUCT_CATEGORY('part',$,(#4856));
#4969 = SHAPE_DEFINITION_REPRESENTATION(#4970,#4976);
#4970 = PRODUCT_DEFINITION_SHAPE('','',#4971);
#4971 = PRODUCT_DEFINITION('design','',#4972,#4975);
#4972 = PRODUCT_DEFINITION_FORMATION('','',#4973);
#4973 = PRODUCT('right_wrist_gimbal_block','right_wrist_gimbal_block',''
  ,(#4974));
#4974 = PRODUCT_CONTEXT('',#2,'mechanical');
#4975 = PRODUCT_DEFINITION_CONTEXT('part definition',#2,'design');
#4976 = SHAPE_REPRESENTATION('',(#11,#4977),#4981);
#4977 = AXIS2_PLACEMENT_3D('',#4978,#4979,#4980);
#4978 = CARTESIAN_POINT('',(-58.,-38.,-40.));
#4979 = DIRECTION('',(0.,0.,1.));
#4980 = DIRECTION('',(1.,0.,0.));
#4981 = ( GEOMETRIC_REPRESENTATION_CONTEXT(3) 
GLOBAL_UNCERTAINTY_ASSIGNED_CONTEXT((#4985)) 
GLOBAL_UNIT_ASSIGNED_CONTEXT((#4982,#4983,#4984)) REPRESENTATION_CONTEXT
('Context #1','3D Context with UNIT and UNCERTAINTY') );
#4982 = ( LENGTH_UNIT() NAMED_UNIT(*) SI_UNIT(.MILLI.,.METRE.) );
#4983 = ( NAMED_UNIT(*) PLANE_ANGLE_UNIT() SI_UNIT($,.RADIAN.) );
#4984 = ( NAMED_UNIT(*) SI_UNIT($,.STERADIAN.) SOLID_ANGLE_UNIT() );
#4985 = UNCERTAINTY_MEASURE_WITH_UNIT(LENGTH_MEASURE(1.E-07),#4982,
  'distance_accuracy_value','confusion accuracy');
#4986 = CONTEXT_DEPENDENT_SHAPE_REPRESENTATION(#4987,#4989);
#4987 = ( REPRESENTATION_RELATIONSHIP('','',#4976,#10) 
REPRESENTATION_RELATIONSHIP_WITH_TRANSFORMATION(#4988) 
SHAPE_REPRESENTATION_RELATIONSHIP() );
#4988 = ITEM_DEFINED_TRANSFORMATION('','',#11,#99);
#4989 = PRODUCT_DEFINITION_SHAPE('Placement','Placement of an item',
  #4990);
#4990 = NEXT_ASSEMBLY_USAGE_OCCURRENCE('346','=>[0:1:1:44]','',#5,#4971,
  $);
#4991 = PRODUCT_RELATED_PRODUCT_CATEGORY('part',$,(#4973));
#4992 = SHAPE_DEFINITION_REPRESENTATION(#4993,#4999);
#4993 = PRODUCT_DEFINITION_SHAPE('','',#4994);
#4994 = PRODUCT_DEFINITION('design','',#4995,#4998);
#4995 = PRODUCT_DEFINITION_FORMATION('','',#4996);
#4996 = PRODUCT('SOLID','SOLID','',(#4997));
#4997 = PRODUCT_CONTEXT('',#2,'mechanical');
#4998 = PRODUCT_DEFINITION_CONTEXT('part definition',#2,'design');
#4999 = ADVANCED_BREP_SHAPE_REPRESENTATION('',(#11,#5000),#5330);
#5000 = MANIFOLD_SOLID_BREP('',#5001);
#5001 = CLOSED_SHELL('',(#5002,#5122,#5222,#5269,#5316,#5323));
#5002 = ADVANCED_FACE('',(#5003),#5017,.F.);
#5003 = FACE_BOUND('',#5004,.F.);
#5004 = EDGE_LOOP('',(#5005,#5040,#5068,#5096));
#5005 = ORIENTED_EDGE('',*,*,#5006,.F.);
#5006 = EDGE_CURVE('',#5007,#5009,#5011,.T.);
#5007 = VERTEX_POINT('',#5008);
#5008 = CARTESIAN_POINT('',(0.,0.,0.));
#5009 = VERTEX_POINT('',#5010);
#5010 = CARTESIAN_POINT('',(0.,0.,80.));
#5011 = SURFACE_CURVE('',#5012,(#5016,#5028),.PCURVE_S1.);
#5012 = LINE('',#5013,#5014);
#5013 = CARTESIAN_POINT('',(0.,0.,0.));
#5014 = VECTOR('',#5015,1.);
#5015 = DIRECTION('',(0.,0.,1.));
#5016 = PCURVE('',#5017,#5022);
#5017 = PLANE('',#5018);
#5018 = AXIS2_PLACEMENT_3D('',#5019,#5020,#5021);
#5019 = CARTESIAN_POINT('',(0.,0.,0.));
#5020 = DIRECTION('',(1.,0.,-0.));
#5021 = DIRECTION('',(0.,0.,1.));
#5022 = DEFINITIONAL_REPRESENTATION('',(#5023),#5027);
#5023 = LINE('',#5024,#5025);
#5024 = CARTESIAN_POINT('',(0.,0.));
#5025 = VECTOR('',#5026,1.);
#5026 = DIRECTION('',(1.,0.));
#5027 = ( GEOMETRIC_REPRESENTATION_CONTEXT(2) 
PARAMETRIC_REPRESENTATION_CONTEXT() REPRESENTATION_CONTEXT('2D SPACE',''
  ) );
#5028 = PCURVE('',#5029,#5034);
#5029 = PLANE('',#5030);
#5030 = AXIS2_PLACEMENT_3D('',#5031,#5032,#5033);
#5031 = CARTESIAN_POINT('',(0.,0.,0.));
#5032 = DIRECTION('',(-0.,1.,0.));
#5033 = DIRECTION('',(0.,0.,1.));
#5034 = DEFINITIONAL_REPRESENTATION('',(#5035),#5039);
#5035 = LINE('',#5036,#5037);
#5036 = CARTESIAN_POINT('',(0.,0.));
#5037 = VECTOR('',#5038,1.);
#5038 = DIRECTION('',(1.,0.));
#5039 = ( GEOMETRIC_REPRESENTATION_CONTEXT(2) 
PARAMETRIC_REPRESENTATION_CONTEXT() REPRESENTATION_CONTEXT('2D SPACE',''
  ) );
#5040 = ORIENTED_EDGE('',*,*,#5041,.T.);
#5041 = EDGE_CURVE('',#5007,#5042,#5044,.T.);
#5042 = VERTEX_POINT('',#5043);
#5043 = CARTESIAN_POINT('',(0.,76.,0.));
#5044 = SURFACE_CURVE('',#5045,(#5049,#5056),.PCURVE_S1.);
#5045 = LINE('',#5046,#5047);
#5046 = CARTESIAN_POINT('',(0.,0.,0.));
#5047 = VECTOR('',#5048,1.);
#5048 = DIRECTION('',(-0.,1.,0.));
#5049 = PCURVE('',#5017,#5050);
#5050 = DEFINITIONAL_REPRESENTATION('',(#5051),#5055);
#5051 = LINE('',#5052,#5053);
#5052 = CARTESIAN_POINT('',(0.,0.));
#5053 = VECTOR('',#5054,1.);
#5054 = DIRECTION('',(0.,-1.));
#5055 = ( GEOMETRIC_REPRESENTATION_CONTEXT(2) 
PARAMETRIC_REPRESENTATION_CONTEXT() REPRESENTATION_CONTEXT('2D SPACE',''
  ) );
#5056 = PCURVE('',#5057,#5062);
#5057 = PLANE('',#5058);
#5058 = AXIS2_PLACEMENT_3D('',#5059,#5060,#5061);
#5059 = CARTESIAN_POINT('',(0.,0.,0.));
#5060 = DIRECTION('',(0.,0.,1.));
#5061 = DIRECTION('',(1.,0.,-0.));
#5062 = DEFINITIONAL_REPRESENTATION('',(#5063),#5067);
#5063 = LINE('',#5064,#5065);
#5064 = CARTESIAN_POINT('',(0.,0.));
#5065 = VECTOR('',#5066,1.);
#5066 = DIRECTION('',(0.,1.));
#5067 = ( GEOMETRIC_REPRESENTATION_CONTEXT(2) 
PARAMETRIC_REPRESENTATION_CONTEXT() REPRESENTATION_CONTEXT('2D SPACE',''
  ) );
#5068 = ORIENTED_EDGE('',*,*,#5069,.T.);
#5069 = EDGE_CURVE('',#5042,#5070,#5072,.T.);
#5070 = VERTEX_POINT('',#5071);
#5071 = CARTESIAN_POINT('',(0.,76.,80.));
#5072 = SURFACE_CURVE('',#5073,(#5077,#5084),.PCURVE_S1.);
#5073 = LINE('',#5074,#5075);
#5074 = CARTESIAN_POINT('',(0.,76.,0.));
#5075 = VECTOR('',#5076,1.);
#5076 = DIRECTION('',(0.,0.,1.));
#5077 = PCURVE('',#5017,#5078);
#5078 = DEFINITIONAL_REPRESENTATION('',(#5079),#5083);
#5079 = LINE('',#5080,#5081);
#5080 = CARTESIAN_POINT('',(0.,-76.));
#5081 = VECTOR('',#5082,1.);
#5082 = DIRECTION('',(1.,0.));
#5083 = ( GEOMETRIC_REPRESENTATION_CONTEXT(2) 
PARAMETRIC_REPRESENTATION_CONTEXT() REPRESENTATION_CONTEXT('2D SPACE',''
  ) );
#5084 = PCURVE('',#5085,#5090);
#5085 = PLANE('',#5086);
#5086 = AXIS2_PLACEMENT_3D('',#5087,#5088,#5089);
#5087 = CARTESIAN_POINT('',(0.,76.,0.));
#5088 = DIRECTION('',(-0.,1.,0.));
#5089 = DIRECTION('',(0.,0.,1.));
#5090 = DEFINITIONAL_REPRESENTATION('',(#5091),#5095);
#5091 = LINE('',#5092,#5093);
#5092 = CARTESIAN_POINT('',(0.,0.));
#5093 = VECTOR('',#5094,1.);
#5094 = DIRECTION('',(1.,0.));
#5095 = ( GEOMETRIC_REPRESENTATION_CONTEXT(2) 
PARAMETRIC_REPRESENTATION_CONTEXT() REPRESENTATION_CONTEXT('2D SPACE',''
  ) );
#5096 = ORIENTED_EDGE('',*,*,#5097,.F.);
#5097 = EDGE_CURVE('',#5009,#5070,#5098,.T.);
#5098 = SURFACE_CURVE('',#5099,(#5103,#5110),.PCURVE_S1.);
#5099 = LINE('',#5100,#5101);
#5100 = CARTESIAN_POINT('',(0.,0.,80.));
#5101 = VECTOR('',#5102,1.);
#5102 = DIRECTION('',(-0.,1.,0.));
#5103 = PCURVE('',#5017,#5104);
#5104 = DEFINITIONAL_REPRESENTATION('',(#5105),#5109);
#5105 = LINE('',#5106,#5107);
#5106 = CARTESIAN_POINT('',(80.,0.));
#5107 = VECTOR('',#5108,1.);
#5108 = DIRECTION('',(0.,-1.));
#5109 = ( GEOMETRIC_REPRESENTATION_CONTEXT(2) 
PARAMETRIC_REPRESENTATION_CONTEXT() REPRESENTATION_CONTEXT('2D SPACE',''
  ) );
#5110 = PCURVE('',#5111,#5116);
#5111 = PLANE('',#5112);
#5112 = AXIS2_PLACEMENT_3D('',#5113,#5114,#5115);
#5113 = CARTESIAN_POINT('',(0.,0.,80.));
#5114 = DIRECTION('',(0.,0.,1.));
#5115 = DIRECTION('',(1.,0.,-0.));
#5116 = DEFINITIONAL_REPRESENTATION('',(#5117),#5121);
#5117 = LINE('',#5118,#5119);
#5118 = CARTESIAN_POINT('',(0.,0.));
#5119 = VECTOR('',#5120,1.);
#5120 = DIRECTION('',(0.,1.));
#5121 = ( GEOMETRIC_REPRESENTATION_CONTEXT(2) 
PARAMETRIC_REPRESENTATION_CONTEXT() REPRESENTATION_CONTEXT('2D SPACE',''
  ) );
#5122 = ADVANCED_FACE('',(#5123),#5137,.T.);
#5123 = FACE_BOUND('',#5124,.T.);
#5124 = EDGE_LOOP('',(#5125,#5155,#5178,#5201));
#5125 = ORIENTED_EDGE('',*,*,#5126,.F.);
#5126 = EDGE_CURVE('',#5127,#5129,#5131,.T.);
#5127 = VERTEX_POINT('',#5128);
#5128 = CARTESIAN_POINT('',(116.,0.,0.));
#5129 = VERTEX_POINT('',#5130);
#5130 = CARTESIAN_POINT('',(116.,0.,80.));
#5131 = SURFACE_CURVE('',#5132,(#5136,#5148),.PCURVE_S1.);
#5132 = LINE('',#5133,#5134);
#5133 = CARTESIAN_POINT('',(116.,0.,0.));
#5134 = VECTOR('',#5135,1.);
#5135 = DIRECTION('',(0.,0.,1.));
#5136 = PCURVE('',#5137,#5142);
#5137 = PLANE('',#5138);
#5138 = AXIS2_PLACEMENT_3D('',#5139,#5140,#5141);
#5139 = CARTESIAN_POINT('',(116.,0.,0.));
#5140 = DIRECTION('',(1.,0.,-0.));
#5141 = DIRECTION('',(0.,0.,1.));
#5142 = DEFINITIONAL_REPRESENTATION('',(#5143),#5147);
#5143 = LINE('',#5144,#5145);
#5144 = CARTESIAN_POINT('',(0.,0.));
#5145 = VECTOR('',#5146,1.);
#5146 = DIRECTION('',(1.,0.));
#5147 = ( GEOMETRIC_REPRESENTATION_CONTEXT(2) 
PARAMETRIC_REPRESENTATION_CONTEXT() REPRESENTATION_CONTEXT('2D SPACE',''
  ) );
#5148 = PCURVE('',#5029,#5149);
#5149 = DEFINITIONAL_REPRESENTATION('',(#5150),#5154);
#5150 = LINE('',#5151,#5152);
#5151 = CARTESIAN_POINT('',(0.,116.));
#5152 = VECTOR('',#5153,1.);
#5153 = DIRECTION('',(1.,0.));
#5154 = ( GEOMETRIC_REPRESENTATION_CONTEXT(2) 
PARAMETRIC_REPRESENTATION_CONTEXT() REPRESENTATION_CONTEXT('2D SPACE',''
  ) );
#5155 = ORIENTED_EDGE('',*,*,#5156,.T.);
#5156 = EDGE_CURVE('',#5127,#5157,#5159,.T.);
#5157 = VERTEX_POINT('',#5158);
#5158 = CARTESIAN_POINT('',(116.,76.,0.));
#5159 = SURFACE_CURVE('',#5160,(#5164,#5171),.PCURVE_S1.);
#5160 = LINE('',#5161,#5162);
#5161 = CARTESIAN_POINT('',(116.,0.,0.));
#5162 = VECTOR('',#5163,1.);
#5163 = DIRECTION('',(-0.,1.,0.));
#5164 = PCURVE('',#5137,#5165);
#5165 = DEFINITIONAL_REPRESENTATION('',(#5166),#5170);
#5166 = LINE('',#5167,#5168);
#5167 = CARTESIAN_POINT('',(0.,0.));
#5168 = VECTOR('',#5169,1.);
#5169 = DIRECTION('',(0.,-1.));
#5170 = ( GEOMETRIC_REPRESENTATION_CONTEXT(2) 
PARAMETRIC_REPRESENTATION_CONTEXT() REPRESENTATION_CONTEXT('2D SPACE',''
  ) );
#5171 = PCURVE('',#5057,#5172);
#5172 = DEFINITIONAL_REPRESENTATION('',(#5173),#5177);
#5173 = LINE('',#5174,#5175);
#5174 = CARTESIAN_POINT('',(116.,0.));
#5175 = VECTOR('',#5176,1.);
#5176 = DIRECTION('',(0.,1.));
#5177 = ( GEOMETRIC_REPRESENTATION_CONTEXT(2) 
PARAMETRIC_REPRESENTATION_CONTEXT() REPRESENTATION_CONTEXT('2D SPACE',''
  ) );
#5178 = ORIENTED_EDGE('',*,*,#5179,.T.);
#5179 = EDGE_CURVE('',#5157,#5180,#5182,.T.);
#5180 = VERTEX_POINT('',#5181);
#5181 = CARTESIAN_POINT('',(116.,76.,80.));
#5182 = SURFACE_CURVE('',#5183,(#5187,#5194),.PCURVE_S1.);
#5183 = LINE('',#5184,#5185);
#5184 = CARTESIAN_POINT('',(116.,76.,0.));
#5185 = VECTOR('',#5186,1.);
#5186 = DIRECTION('',(0.,0.,1.));
#5187 = PCURVE('',#5137,#5188);
#5188 = DEFINITIONAL_REPRESENTATION('',(#5189),#5193);
#5189 = LINE('',#5190,#5191);
#5190 = CARTESIAN_POINT('',(0.,-76.));
#5191 = VECTOR('',#5192,1.);
#5192 = DIRECTION('',(1.,0.));
#5193 = ( GEOMETRIC_REPRESENTATION_CONTEXT(2) 
PARAMETRIC_REPRESENTATION_CONTEXT() REPRESENTATION_CONTEXT('2D SPACE',''
  ) );
#5194 = PCURVE('',#5085,#5195);
#5195 = DEFINITIONAL_REPRESENTATION('',(#5196),#5200);
#5196 = LINE('',#5197,#5198);
#5197 = CARTESIAN_POINT('',(0.,116.));
#5198 = VECTOR('',#5199,1.);
#5199 = DIRECTION('',(1.,0.));
#5200 = ( GEOMETRIC_REPRESENTATION_CONTEXT(2) 
PARAMETRIC_REPRESENTATION_CONTEXT() REPRESENTATION_CONTEXT('2D SPACE',''
  ) );
#5201 = ORIENTED_EDGE('',*,*,#5202,.F.);
#5202 = EDGE_CURVE('',#5129,#5180,#5203,.T.);
#5203 = SURFACE_CURVE('',#5204,(#5208,#5215),.PCURVE_S1.);
#5204 = LINE('',#5205,#5206);
#5205 = CARTESIAN_POINT('',(116.,0.,80.));
#5206 = VECTOR('',#5207,1.);
#5207 = DIRECTION('',(-0.,1.,0.));
#5208 = PCURVE('',#5137,#5209);
#5209 = DEFINITIONAL_REPRESENTATION('',(#5210),#5214);
#5210 = LINE('',#5211,#5212);
#5211 = CARTESIAN_POINT('',(80.,0.));
#5212 = VECTOR('',#5213,1.);
#5213 = DIRECTION('',(0.,-1.));
#5214 = ( GEOMETRIC_REPRESENTATION_CONTEXT(2) 
PARAMETRIC_REPRESENTATION_CONTEXT() REPRESENTATION_CONTEXT('2D SPACE',''
  ) );
#5215 = PCURVE('',#5111,#5216);
#5216 = DEFINITIONAL_REPRESENTATION('',(#5217),#5221);
#5217 = LINE('',#5218,#5219);
#5218 = CARTESIAN_POINT('',(116.,0.));
#5219 = VECTOR('',#5220,1.);
#5220 = DIRECTION('',(0.,1.));
#5221 = ( GEOMETRIC_REPRESENTATION_CONTEXT(2) 
PARAMETRIC_REPRESENTATION_CONTEXT() REPRESENTATION_CONTEXT('2D SPACE',''
  ) );
#5222 = ADVANCED_FACE('',(#5223),#5029,.F.);
#5223 = FACE_BOUND('',#5224,.F.);
#5224 = EDGE_LOOP('',(#5225,#5246,#5247,#5268));
#5225 = ORIENTED_EDGE('',*,*,#5226,.F.);
#5226 = EDGE_CURVE('',#5007,#5127,#5227,.T.);
#5227 = SURFACE_CURVE('',#5228,(#5232,#5239),.PCURVE_S1.);
#5228 = LINE('',#5229,#5230);
#5229 = CARTESIAN_POINT('',(0.,0.,0.));
#5230 = VECTOR('',#5231,1.);
#5231 = DIRECTION('',(1.,0.,-0.));
#5232 = PCURVE('',#5029,#5233);
#5233 = DEFINITIONAL_REPRESENTATION('',(#5234),#5238);
#5234 = LINE('',#5235,#5236);
#5235 = CARTESIAN_POINT('',(0.,0.));
#5236 = VECTOR('',#5237,1.);
#5237 = DIRECTION('',(0.,1.));
#5238 = ( GEOMETRIC_REPRESENTATION_CONTEXT(2) 
PARAMETRIC_REPRESENTATION_CONTEXT() REPRESENTATION_CONTEXT('2D SPACE',''
  ) );
#5239 = PCURVE('',#5057,#5240);
#5240 = DEFINITIONAL_REPRESENTATION('',(#5241),#5245);
#5241 = LINE('',#5242,#5243);
#5242 = CARTESIAN_POINT('',(0.,0.));
#5243 = VECTOR('',#5244,1.);
#5244 = DIRECTION('',(1.,0.));
#5245 = ( GEOMETRIC_REPRESENTATION_CONTEXT(2) 
PARAMETRIC_REPRESENTATION_CONTEXT() REPRESENTATION_CONTEXT('2D SPACE',''
  ) );
#5246 = ORIENTED_EDGE('',*,*,#5006,.T.);
#5247 = ORIENTED_EDGE('',*,*,#5248,.T.);
#5248 = EDGE_CURVE('',#5009,#5129,#5249,.T.);
#5249 = SURFACE_CURVE('',#5250,(#5254,#5261),.PCURVE_S1.);
#5250 = LINE('',#5251,#5252);
#5251 = CARTESIAN_POINT('',(0.,0.,80.));
#5252 = VECTOR('',#5253,1.);
#5253 = DIRECTION('',(1.,0.,-0.));
#5254 = PCURVE('',#5029,#5255);
#5255 = DEFINITIONAL_REPRESENTATION('',(#5256),#5260);
#5256 = LINE('',#5257,#5258);
#5257 = CARTESIAN_POINT('',(80.,0.));
#5258 = VECTOR('',#5259,1.);
#5259 = DIRECTION('',(0.,1.));
#5260 = ( GEOMETRIC_REPRESENTATION_CONTEXT(2) 
PARAMETRIC_REPRESENTATION_CONTEXT() REPRESENTATION_CONTEXT('2D SPACE',''
  ) );
#5261 = PCURVE('',#5111,#5262);
#5262 = DEFINITIONAL_REPRESENTATION('',(#5263),#5267);
#5263 = LINE('',#5264,#5265);
#5264 = CARTESIAN_POINT('',(0.,0.));
#5265 = VECTOR('',#5266,1.);
#5266 = DIRECTION('',(1.,0.));
#5267 = ( GEOMETRIC_REPRESENTATION_CONTEXT(2) 
PARAMETRIC_REPRESENTATION_CONTEXT() REPRESENTATION_CONTEXT('2D SPACE',''
  ) );
#5268 = ORIENTED_EDGE('',*,*,#5126,.F.);
#5269 = ADVANCED_FACE('',(#5270),#5085,.T.);
#5270 = FACE_BOUND('',#5271,.T.);
#5271 = EDGE_LOOP('',(#5272,#5293,#5294,#5315));
#5272 = ORIENTED_EDGE('',*,*,#5273,.F.);
#5273 = EDGE_CURVE('',#5042,#5157,#5274,.T.);
#5274 = SURFACE_CURVE('',#5275,(#5279,#5286),.PCURVE_S1.);
#5275 = LINE('',#5276,#5277);
#5276 = CARTESIAN_POINT('',(0.,76.,0.));
#5277 = VECTOR('',#5278,1.);
#5278 = DIRECTION('',(1.,0.,-0.));
#5279 = PCURVE('',#5085,#5280);
#5280 = DEFINITIONAL_REPRESENTATION('',(#5281),#5285);
#5281 = LINE('',#5282,#5283);
#5282 = CARTESIAN_POINT('',(0.,0.));
#5283 = VECTOR('',#5284,1.);
#5284 = DIRECTION('',(0.,1.));
#5285 = ( GEOMETRIC_REPRESENTATION_CONTEXT(2) 
PARAMETRIC_REPRESENTATION_CONTEXT() REPRESENTATION_CONTEXT('2D SPACE',''
  ) );
#5286 = PCURVE('',#5057,#5287);
#5287 = DEFINITIONAL_REPRESENTATION('',(#5288),#5292);
#5288 = LINE('',#5289,#5290);
#5289 = CARTESIAN_POINT('',(0.,76.));
#5290 = VECTOR('',#5291,1.);
#5291 = DIRECTION('',(1.,0.));
#5292 = ( GEOMETRIC_REPRESENTATION_CONTEXT(2) 
PARAMETRIC_REPRESENTATION_CONTEXT() REPRESENTATION_CONTEXT('2D SPACE',''
  ) );
#5293 = ORIENTED_EDGE('',*,*,#5069,.T.);
#5294 = ORIENTED_EDGE('',*,*,#5295,.T.);
#5295 = EDGE_CURVE('',#5070,#5180,#5296,.T.);
#5296 = SURFACE_CURVE('',#5297,(#5301,#5308),.PCURVE_S1.);
#5297 = LINE('',#5298,#5299);
#5298 = CARTESIAN_POINT('',(0.,76.,80.));
#5299 = VECTOR('',#5300,1.);
#5300 = DIRECTION('',(1.,0.,-0.));
#5301 = PCURVE('',#5085,#5302);
#5302 = DEFINITIONAL_REPRESENTATION('',(#5303),#5307);
#5303 = LINE('',#5304,#5305);
#5304 = CARTESIAN_POINT('',(80.,0.));
#5305 = VECTOR('',#5306,1.);
#5306 = DIRECTION('',(0.,1.));
#5307 = ( GEOMETRIC_REPRESENTATION_CONTEXT(2) 
PARAMETRIC_REPRESENTATION_CONTEXT() REPRESENTATION_CONTEXT('2D SPACE',''
  ) );
#5308 = PCURVE('',#5111,#5309);
#5309 = DEFINITIONAL_REPRESENTATION('',(#5310),#5314);
#5310 = LINE('',#5311,#5312);
#5311 = CARTESIAN_POINT('',(0.,76.));
#5312 = VECTOR('',#5313,1.);
#5313 = DIRECTION('',(1.,0.));
#5314 = ( GEOMETRIC_REPRESENTATION_CONTEXT(2) 
PARAMETRIC_REPRESENTATION_CONTEXT() REPRESENTATION_CONTEXT('2D SPACE',''
  ) );
#5315 = ORIENTED_EDGE('',*,*,#5179,.F.);
#5316 = ADVANCED_FACE('',(#5317),#5057,.F.);
#5317 = FACE_BOUND('',#5318,.F.);
#5318 = EDGE_LOOP('',(#5319,#5320,#5321,#5322));
#5319 = ORIENTED_EDGE('',*,*,#5041,.F.);
#5320 = ORIENTED_EDGE('',*,*,#5226,.T.);
#5321 = ORIENTED_EDGE('',*,*,#5156,.T.);
#5322 = ORIENTED_EDGE('',*,*,#5273,.F.);
#5323 = ADVANCED_FACE('',(#5324),#5111,.T.);
#5324 = FACE_BOUND('',#5325,.T.);
#5325 = EDGE_LOOP('',(#5326,#5327,#5328,#5329));
#5326 = ORIENTED_EDGE('',*,*,#5097,.F.);
#5327 = ORIENTED_EDGE('',*,*,#5248,.T.);
#5328 = ORIENTED_EDGE('',*,*,#5202,.T.);
#5329 = ORIENTED_EDGE('',*,*,#5295,.F.);
#5330 = ( GEOMETRIC_REPRESENTATION_CONTEXT(3) 
GLOBAL_UNCERTAINTY_ASSIGNED_CONTEXT((#5334)) 
GLOBAL_UNIT_ASSIGNED_CONTEXT((#5331,#5332,#5333)) REPRESENTATION_CONTEXT
('Context #1','3D Context with UNIT and UNCERTAINTY') );
#5331 = ( LENGTH_UNIT() NAMED_UNIT(*) SI_UNIT(.MILLI.,.METRE.) );
#5332 = ( NAMED_UNIT(*) PLANE_ANGLE_UNIT() SI_UNIT($,.RADIAN.) );
#5333 = ( NAMED_UNIT(*) SI_UNIT($,.STERADIAN.) SOLID_ANGLE_UNIT() );
#5334 = UNCERTAINTY_MEASURE_WITH_UNIT(LENGTH_MEASURE(1.E-07),#5331,
  'distance_accuracy_value','confusion accuracy');
#5335 = CONTEXT_DEPENDENT_SHAPE_REPRESENTATION(#5336,#5338);
#5336 = ( REPRESENTATION_RELATIONSHIP('','',#4999,#4976) 
REPRESENTATION_RELATIONSHIP_WITH_TRANSFORMATION(#5337) 
SHAPE_REPRESENTATION_RELATIONSHIP() );
#5337 = ITEM_DEFINED_TRANSFORMATION('','',#11,#4977);
#5338 = PRODUCT_DEFINITION_SHAPE('Placement','Placement of an item',
  #5339);
#5339 = NEXT_ASSEMBLY_USAGE_OCCURRENCE('345','=>[0:1:1:45]','',#4971,
  #4994,$);
#5340 = PRODUCT_RELATED_PRODUCT_CATEGORY('part',$,(#4996));
#5341 = SHAPE_DEFINITION_REPRESENTATION(#5342,#5348);
#5342 = PRODUCT_DEFINITION_SHAPE('','',#5343);
#5343 = PRODUCT_DEFINITION('design','',#5344,#5347);
#5344 = PRODUCT_DEFINITION_FORMATION('','',#5345);
#5345 = PRODUCT('right_forearm_status_window',
  'right_forearm_status_window','',(#5346));
#5346 = PRODUCT_CONTEXT('',#2,'mechanical');
#5347 = PRODUCT_DEFINITION_CONTEXT('part definition',#2,'design');
#5348 = SHAPE_REPRESENTATION('',(#11,#5349),#5353);
#5349 = AXIS2_PLACEMENT_3D('',#5350,#5351,#5352);
#5350 = CARTESIAN_POINT('',(-37.,-10.,-21.));
#5351 = DIRECTION('',(0.,0.,1.));
#5352 = DIRECTION('',(1.,0.,0.));
#5353 = ( GEOMETRIC_REPRESENTATION_CONTEXT(3) 
GLOBAL_UNCERTAINTY_ASSIGNED_CONTEXT((#5357)) 
GLOBAL_UNIT_ASSIGNED_CONTEXT((#5354,#5355,#5356)) REPRESENTATION_CONTEXT
('Context #1','3D Context with UNIT and UNCERTAINTY') );
#5354 = ( LENGTH_UNIT() NAMED_UNIT(*) SI_UNIT(.MILLI.,.METRE.) );
#5355 = ( NAMED_UNIT(*) PLANE_ANGLE_UNIT() SI_UNIT($,.RADIAN.) );
#5356 = ( NAMED_UNIT(*) SI_UNIT($,.STERADIAN.) SOLID_ANGLE_UNIT() );
#5357 = UNCERTAINTY_MEASURE_WITH_UNIT(LENGTH_MEASURE(1.E-07),#5354,
  'distance_accuracy_value','confusion accuracy');
#5358 = CONTEXT_DEPENDENT_SHAPE_REPRESENTATION(#5359,#5361);
#5359 = ( REPRESENTATION_RELATIONSHIP('','',#5348,#10) 
REPRESENTATION_RELATIONSHIP_WITH_TRANSFORMATION(#5360) 
SHAPE_REPRESENTATION_RELATIONSHIP() );
#5360 = ITEM_DEFINED_TRANSFORMATION('','',#11,#103);
#5361 = PRODUCT_DEFINITION_SHAPE('Placement','Placement of an item',
  #5362);
#5362 = NEXT_ASSEMBLY_USAGE_OCCURRENCE('348','=>[0:1:1:46]','',#5,#5343,
  $);
#5363 = PRODUCT_RELATED_PRODUCT_CATEGORY('part',$,(#5345));
#5364 = SHAPE_DEFINITION_REPRESENTATION(#5365,#5371);
#5365 = PRODUCT_DEFINITION_SHAPE('','',#5366);
#5366 = PRODUCT_DEFINITION('design','',#5367,#5370);
#5367 = PRODUCT_DEFINITION_FORMATION('','',#5368);
#5368 = PRODUCT('SOLID','SOLID','',(#5369));
#5369 = PRODUCT_CONTEXT('',#2,'mechanical');
#5370 = PRODUCT_DEFINITION_CONTEXT('part definition',#2,'design');
#5371 = ADVANCED_BREP_SHAPE_REPRESENTATION('',(#11,#5372),#5702);
#5372 = MANIFOLD_SOLID_BREP('',#5373);
#5373 = CLOSED_SHELL('',(#5374,#5494,#5594,#5641,#5688,#5695));
#5374 = ADVANCED_FACE('',(#5375),#5389,.F.);
#5375 = FACE_BOUND('',#5376,.F.);
#5376 = EDGE_LOOP('',(#5377,#5412,#5440,#5468));
#5377 = ORIENTED_EDGE('',*,*,#5378,.F.);
#5378 = EDGE_CURVE('',#5379,#5381,#5383,.T.);
#5379 = VERTEX_POINT('',#5380);
#5380 = CARTESIAN_POINT('',(0.,0.,0.));
#5381 = VERTEX_POINT('',#5382);
#5382 = CARTESIAN_POINT('',(0.,0.,42.));
#5383 = SURFACE_CURVE('',#5384,(#5388,#5400),.PCURVE_S1.);
#5384 = LINE('',#5385,#5386);
#5385 = CARTESIAN_POINT('',(0.,0.,0.));
#5386 = VECTOR('',#5387,1.);
#5387 = DIRECTION('',(0.,0.,1.));
#5388 = PCURVE('',#5389,#5394);
#5389 = PLANE('',#5390);
#5390 = AXIS2_PLACEMENT_3D('',#5391,#5392,#5393);
#5391 = CARTESIAN_POINT('',(0.,0.,0.));
#5392 = DIRECTION('',(1.,0.,-0.));
#5393 = DIRECTION('',(0.,0.,1.));
#5394 = DEFINITIONAL_REPRESENTATION('',(#5395),#5399);
#5395 = LINE('',#5396,#5397);
#5396 = CARTESIAN_POINT('',(0.,0.));
#5397 = VECTOR('',#5398,1.);
#5398 = DIRECTION('',(1.,0.));
#5399 = ( GEOMETRIC_REPRESENTATION_CONTEXT(2) 
PARAMETRIC_REPRESENTATION_CONTEXT() REPRESENTATION_CONTEXT('2D SPACE',''
  ) );
#5400 = PCURVE('',#5401,#5406);
#5401 = PLANE('',#5402);
#5402 = AXIS2_PLACEMENT_3D('',#5403,#5404,#5405);
#5403 = CARTESIAN_POINT('',(0.,0.,0.));
#5404 = DIRECTION('',(-0.,1.,0.));
#5405 = DIRECTION('',(0.,0.,1.));
#5406 = DEFINITIONAL_REPRESENTATION('',(#5407),#5411);
#5407 = LINE('',#5408,#5409);
#5408 = CARTESIAN_POINT('',(0.,0.));
#5409 = VECTOR('',#5410,1.);
#5410 = DIRECTION('',(1.,0.));
#5411 = ( GEOMETRIC_REPRESENTATION_CONTEXT(2) 
PARAMETRIC_REPRESENTATION_CONTEXT() REPRESENTATION_CONTEXT('2D SPACE',''
  ) );
#5412 = ORIENTED_EDGE('',*,*,#5413,.T.);
#5413 = EDGE_CURVE('',#5379,#5414,#5416,.T.);
#5414 = VERTEX_POINT('',#5415);
#5415 = CARTESIAN_POINT('',(0.,20.,0.));
#5416 = SURFACE_CURVE('',#5417,(#5421,#5428),.PCURVE_S1.);
#5417 = LINE('',#5418,#5419);
#5418 = CARTESIAN_POINT('',(0.,0.,0.));
#5419 = VECTOR('',#5420,1.);
#5420 = DIRECTION('',(-0.,1.,0.));
#5421 = PCURVE('',#5389,#5422);
#5422 = DEFINITIONAL_REPRESENTATION('',(#5423),#5427);
#5423 = LINE('',#5424,#5425);
#5424 = CARTESIAN_POINT('',(0.,0.));
#5425 = VECTOR('',#5426,1.);
#5426 = DIRECTION('',(0.,-1.));
#5427 = ( GEOMETRIC_REPRESENTATION_CONTEXT(2) 
PARAMETRIC_REPRESENTATION_CONTEXT() REPRESENTATION_CONTEXT('2D SPACE',''
  ) );
#5428 = PCURVE('',#5429,#5434);
#5429 = PLANE('',#5430);
#5430 = AXIS2_PLACEMENT_3D('',#5431,#5432,#5433);
#5431 = CARTESIAN_POINT('',(0.,0.,0.));
#5432 = DIRECTION('',(0.,0.,1.));
#5433 = DIRECTION('',(1.,0.,-0.));
#5434 = DEFINITIONAL_REPRESENTATION('',(#5435),#5439);
#5435 = LINE('',#5436,#5437);
#5436 = CARTESIAN_POINT('',(0.,0.));
#5437 = VECTOR('',#5438,1.);
#5438 = DIRECTION('',(0.,1.));
#5439 = ( GEOMETRIC_REPRESENTATION_CONTEXT(2) 
PARAMETRIC_REPRESENTATION_CONTEXT() REPRESENTATION_CONTEXT('2D SPACE',''
  ) );
#5440 = ORIENTED_EDGE('',*,*,#5441,.T.);
#5441 = EDGE_CURVE('',#5414,#5442,#5444,.T.);
#5442 = VERTEX_POINT('',#5443);
#5443 = CARTESIAN_POINT('',(0.,20.,42.));
#5444 = SURFACE_CURVE('',#5445,(#5449,#5456),.PCURVE_S1.);
#5445 = LINE('',#5446,#5447);
#5446 = CARTESIAN_POINT('',(0.,20.,0.));
#5447 = VECTOR('',#5448,1.);
#5448 = DIRECTION('',(0.,0.,1.));
#5449 = PCURVE('',#5389,#5450);
#5450 = DEFINITIONAL_REPRESENTATION('',(#5451),#5455);
#5451 = LINE('',#5452,#5453);
#5452 = CARTESIAN_POINT('',(0.,-20.));
#5453 = VECTOR('',#5454,1.);
#5454 = DIRECTION('',(1.,0.));
#5455 = ( GEOMETRIC_REPRESENTATION_CONTEXT(2) 
PARAMETRIC_REPRESENTATION_CONTEXT() REPRESENTATION_CONTEXT('2D SPACE',''
  ) );
#5456 = PCURVE('',#5457,#5462);
#5457 = PLANE('',#5458);
#5458 = AXIS2_PLACEMENT_3D('',#5459,#5460,#5461);
#5459 = CARTESIAN_POINT('',(0.,20.,0.));
#5460 = DIRECTION('',(-0.,1.,0.));
#5461 = DIRECTION('',(0.,0.,1.));
#5462 = DEFINITIONAL_REPRESENTATION('',(#5463),#5467);
#5463 = LINE('',#5464,#5465);
#5464 = CARTESIAN_POINT('',(0.,0.));
#5465 = VECTOR('',#5466,1.);
#5466 = DIRECTION('',(1.,0.));
#5467 = ( GEOMETRIC_REPRESENTATION_CONTEXT(2) 
PARAMETRIC_REPRESENTATION_CONTEXT() REPRESENTATION_CONTEXT('2D SPACE',''
  ) );
#5468 = ORIENTED_EDGE('',*,*,#5469,.F.);
#5469 = EDGE_CURVE('',#5381,#5442,#5470,.T.);
#5470 = SURFACE_CURVE('',#5471,(#5475,#5482),.PCURVE_S1.);
#5471 = LINE('',#5472,#5473);
#5472 = CARTESIAN_POINT('',(0.,0.,42.));
#5473 = VECTOR('',#5474,1.);
#5474 = DIRECTION('',(-0.,1.,0.));
#5475 = PCURVE('',#5389,#5476);
#5476 = DEFINITIONAL_REPRESENTATION('',(#5477),#5481);
#5477 = LINE('',#5478,#5479);
#5478 = CARTESIAN_POINT('',(42.,0.));
#5479 = VECTOR('',#5480,1.);
#5480 = DIRECTION('',(0.,-1.));
#5481 = ( GEOMETRIC_REPRESENTATION_CONTEXT(2) 
PARAMETRIC_REPRESENTATION_CONTEXT() REPRESENTATION_CONTEXT('2D SPACE',''
  ) );
#5482 = PCURVE('',#5483,#5488);
#5483 = PLANE('',#5484);
#5484 = AXIS2_PLACEMENT_3D('',#5485,#5486,#5487);
#5485 = CARTESIAN_POINT('',(0.,0.,42.));
#5486 = DIRECTION('',(0.,0.,1.));
#5487 = DIRECTION('',(1.,0.,-0.));
#5488 = DEFINITIONAL_REPRESENTATION('',(#5489),#5493);
#5489 = LINE('',#5490,#5491);
#5490 = CARTESIAN_POINT('',(0.,0.));
#5491 = VECTOR('',#5492,1.);
#5492 = DIRECTION('',(0.,1.));
#5493 = ( GEOMETRIC_REPRESENTATION_CONTEXT(2) 
PARAMETRIC_REPRESENTATION_CONTEXT() REPRESENTATION_CONTEXT('2D SPACE',''
  ) );
#5494 = ADVANCED_FACE('',(#5495),#5509,.T.);
#5495 = FACE_BOUND('',#5496,.T.);
#5496 = EDGE_LOOP('',(#5497,#5527,#5550,#5573));
#5497 = ORIENTED_EDGE('',*,*,#5498,.F.);
#5498 = EDGE_CURVE('',#5499,#5501,#5503,.T.);
#5499 = VERTEX_POINT('',#5500);
#5500 = CARTESIAN_POINT('',(74.,0.,0.));
#5501 = VERTEX_POINT('',#5502);
#5502 = CARTESIAN_POINT('',(74.,0.,42.));
#5503 = SURFACE_CURVE('',#5504,(#5508,#5520),.PCURVE_S1.);
#5504 = LINE('',#5505,#5506);
#5505 = CARTESIAN_POINT('',(74.,0.,0.));
#5506 = VECTOR('',#5507,1.);
#5507 = DIRECTION('',(0.,0.,1.));
#5508 = PCURVE('',#5509,#5514);
#5509 = PLANE('',#5510);
#5510 = AXIS2_PLACEMENT_3D('',#5511,#5512,#5513);
#5511 = CARTESIAN_POINT('',(74.,0.,0.));
#5512 = DIRECTION('',(1.,0.,-0.));
#5513 = DIRECTION('',(0.,0.,1.));
#5514 = DEFINITIONAL_REPRESENTATION('',(#5515),#5519);
#5515 = LINE('',#5516,#5517);
#5516 = CARTESIAN_POINT('',(0.,0.));
#5517 = VECTOR('',#5518,1.);
#5518 = DIRECTION('',(1.,0.));
#5519 = ( GEOMETRIC_REPRESENTATION_CONTEXT(2) 
PARAMETRIC_REPRESENTATION_CONTEXT() REPRESENTATION_CONTEXT('2D SPACE',''
  ) );
#5520 = PCURVE('',#5401,#5521);
#5521 = DEFINITIONAL_REPRESENTATION('',(#5522),#5526);
#5522 = LINE('',#5523,#5524);
#5523 = CARTESIAN_POINT('',(0.,74.));
#5524 = VECTOR('',#5525,1.);
#5525 = DIRECTION('',(1.,0.));
#5526 = ( GEOMETRIC_REPRESENTATION_CONTEXT(2) 
PARAMETRIC_REPRESENTATION_CONTEXT() REPRESENTATION_CONTEXT('2D SPACE',''
  ) );
#5527 = ORIENTED_EDGE('',*,*,#5528,.T.);
#5528 = EDGE_CURVE('',#5499,#5529,#5531,.T.);
#5529 = VERTEX_POINT('',#5530);
#5530 = CARTESIAN_POINT('',(74.,20.,0.));
#5531 = SURFACE_CURVE('',#5532,(#5536,#5543),.PCURVE_S1.);
#5532 = LINE('',#5533,#5534);
#5533 = CARTESIAN_POINT('',(74.,0.,0.));
#5534 = VECTOR('',#5535,1.);
#5535 = DIRECTION('',(-0.,1.,0.));
#5536 = PCURVE('',#5509,#5537);
#5537 = DEFINITIONAL_REPRESENTATION('',(#5538),#5542);
#5538 = LINE('',#5539,#5540);
#5539 = CARTESIAN_POINT('',(0.,0.));
#5540 = VECTOR('',#5541,1.);
#5541 = DIRECTION('',(0.,-1.));
#5542 = ( GEOMETRIC_REPRESENTATION_CONTEXT(2) 
PARAMETRIC_REPRESENTATION_CONTEXT() REPRESENTATION_CONTEXT('2D SPACE',''
  ) );
#5543 = PCURVE('',#5429,#5544);
#5544 = DEFINITIONAL_REPRESENTATION('',(#5545),#5549);
#5545 = LINE('',#5546,#5547);
#5546 = CARTESIAN_POINT('',(74.,0.));
#5547 = VECTOR('',#5548,1.);
#5548 = DIRECTION('',(0.,1.));
#5549 = ( GEOMETRIC_REPRESENTATION_CONTEXT(2) 
PARAMETRIC_REPRESENTATION_CONTEXT() REPRESENTATION_CONTEXT('2D SPACE',''
  ) );
#5550 = ORIENTED_EDGE('',*,*,#5551,.T.);
#5551 = EDGE_CURVE('',#5529,#5552,#5554,.T.);
#5552 = VERTEX_POINT('',#5553);
#5553 = CARTESIAN_POINT('',(74.,20.,42.));
#5554 = SURFACE_CURVE('',#5555,(#5559,#5566),.PCURVE_S1.);
#5555 = LINE('',#5556,#5557);
#5556 = CARTESIAN_POINT('',(74.,20.,0.));
#5557 = VECTOR('',#5558,1.);
#5558 = DIRECTION('',(0.,0.,1.));
#5559 = PCURVE('',#5509,#5560);
#5560 = DEFINITIONAL_REPRESENTATION('',(#5561),#5565);
#5561 = LINE('',#5562,#5563);
#5562 = CARTESIAN_POINT('',(0.,-20.));
#5563 = VECTOR('',#5564,1.);
#5564 = DIRECTION('',(1.,0.));
#5565 = ( GEOMETRIC_REPRESENTATION_CONTEXT(2) 
PARAMETRIC_REPRESENTATION_CONTEXT() REPRESENTATION_CONTEXT('2D SPACE',''
  ) );
#5566 = PCURVE('',#5457,#5567);
#5567 = DEFINITIONAL_REPRESENTATION('',(#5568),#5572);
#5568 = LINE('',#5569,#5570);
#5569 = CARTESIAN_POINT('',(0.,74.));
#5570 = VECTOR('',#5571,1.);
#5571 = DIRECTION('',(1.,0.));
#5572 = ( GEOMETRIC_REPRESENTATION_CONTEXT(2) 
PARAMETRIC_REPRESENTATION_CONTEXT() REPRESENTATION_CONTEXT('2D SPACE',''
  ) );
#5573 = ORIENTED_EDGE('',*,*,#5574,.F.);
#5574 = EDGE_CURVE('',#5501,#5552,#5575,.T.);
#5575 = SURFACE_CURVE('',#5576,(#5580,#5587),.PCURVE_S1.);
#5576 = LINE('',#5577,#5578);
#5577 = CARTESIAN_POINT('',(74.,0.,42.));
#5578 = VECTOR('',#5579,1.);
#5579 = DIRECTION('',(-0.,1.,0.));
#5580 = PCURVE('',#5509,#5581);
#5581 = DEFINITIONAL_REPRESENTATION('',(#5582),#5586);
#5582 = LINE('',#5583,#5584);
#5583 = CARTESIAN_POINT('',(42.,0.));
#5584 = VECTOR('',#5585,1.);
#5585 = DIRECTION('',(0.,-1.));
#5586 = ( GEOMETRIC_REPRESENTATION_CONTEXT(2) 
PARAMETRIC_REPRESENTATION_CONTEXT() REPRESENTATION_CONTEXT('2D SPACE',''
  ) );
#5587 = PCURVE('',#5483,#5588);
#5588 = DEFINITIONAL_REPRESENTATION('',(#5589),#5593);
#5589 = LINE('',#5590,#5591);
#5590 = CARTESIAN_POINT('',(74.,0.));
#5591 = VECTOR('',#5592,1.);
#5592 = DIRECTION('',(0.,1.));
#5593 = ( GEOMETRIC_REPRESENTATION_CONTEXT(2) 
PARAMETRIC_REPRESENTATION_CONTEXT() REPRESENTATION_CONTEXT('2D SPACE',''
  ) );
#5594 = ADVANCED_FACE('',(#5595),#5401,.F.);
#5595 = FACE_BOUND('',#5596,.F.);
#5596 = EDGE_LOOP('',(#5597,#5618,#5619,#5640));
#5597 = ORIENTED_EDGE('',*,*,#5598,.F.);
#5598 = EDGE_CURVE('',#5379,#5499,#5599,.T.);
#5599 = SURFACE_CURVE('',#5600,(#5604,#5611),.PCURVE_S1.);
#5600 = LINE('',#5601,#5602);
#5601 = CARTESIAN_POINT('',(0.,0.,0.));
#5602 = VECTOR('',#5603,1.);
#5603 = DIRECTION('',(1.,0.,-0.));
#5604 = PCURVE('',#5401,#5605);
#5605 = DEFINITIONAL_REPRESENTATION('',(#5606),#5610);
#5606 = LINE('',#5607,#5608);
#5607 = CARTESIAN_POINT('',(0.,0.));
#5608 = VECTOR('',#5609,1.);
#5609 = DIRECTION('',(0.,1.));
#5610 = ( GEOMETRIC_REPRESENTATION_CONTEXT(2) 
PARAMETRIC_REPRESENTATION_CONTEXT() REPRESENTATION_CONTEXT('2D SPACE',''
  ) );
#5611 = PCURVE('',#5429,#5612);
#5612 = DEFINITIONAL_REPRESENTATION('',(#5613),#5617);
#5613 = LINE('',#5614,#5615);
#5614 = CARTESIAN_POINT('',(0.,0.));
#5615 = VECTOR('',#5616,1.);
#5616 = DIRECTION('',(1.,0.));
#5617 = ( GEOMETRIC_REPRESENTATION_CONTEXT(2) 
PARAMETRIC_REPRESENTATION_CONTEXT() REPRESENTATION_CONTEXT('2D SPACE',''
  ) );
#5618 = ORIENTED_EDGE('',*,*,#5378,.T.);
#5619 = ORIENTED_EDGE('',*,*,#5620,.T.);
#5620 = EDGE_CURVE('',#5381,#5501,#5621,.T.);
#5621 = SURFACE_CURVE('',#5622,(#5626,#5633),.PCURVE_S1.);
#5622 = LINE('',#5623,#5624);
#5623 = CARTESIAN_POINT('',(0.,0.,42.));
#5624 = VECTOR('',#5625,1.);
#5625 = DIRECTION('',(1.,0.,-0.));
#5626 = PCURVE('',#5401,#5627);
#5627 = DEFINITIONAL_REPRESENTATION('',(#5628),#5632);
#5628 = LINE('',#5629,#5630);
#5629 = CARTESIAN_POINT('',(42.,0.));
#5630 = VECTOR('',#5631,1.);
#5631 = DIRECTION('',(0.,1.));
#5632 = ( GEOMETRIC_REPRESENTATION_CONTEXT(2) 
PARAMETRIC_REPRESENTATION_CONTEXT() REPRESENTATION_CONTEXT('2D SPACE',''
  ) );
#5633 = PCURVE('',#5483,#5634);
#5634 = DEFINITIONAL_REPRESENTATION('',(#5635),#5639);
#5635 = LINE('',#5636,#5637);
#5636 = CARTESIAN_POINT('',(0.,0.));
#5637 = VECTOR('',#5638,1.);
#5638 = DIRECTION('',(1.,0.));
#5639 = ( GEOMETRIC_REPRESENTATION_CONTEXT(2) 
PARAMETRIC_REPRESENTATION_CONTEXT() REPRESENTATION_CONTEXT('2D SPACE',''
  ) );
#5640 = ORIENTED_EDGE('',*,*,#5498,.F.);
#5641 = ADVANCED_FACE('',(#5642),#5457,.T.);
#5642 = FACE_BOUND('',#5643,.T.);
#5643 = EDGE_LOOP('',(#5644,#5665,#5666,#5687));
#5644 = ORIENTED_EDGE('',*,*,#5645,.F.);
#5645 = EDGE_CURVE('',#5414,#5529,#5646,.T.);
#5646 = SURFACE_CURVE('',#5647,(#5651,#5658),.PCURVE_S1.);
#5647 = LINE('',#5648,#5649);
#5648 = CARTESIAN_POINT('',(0.,20.,0.));
#5649 = VECTOR('',#5650,1.);
#5650 = DIRECTION('',(1.,0.,-0.));
#5651 = PCURVE('',#5457,#5652);
#5652 = DEFINITIONAL_REPRESENTATION('',(#5653),#5657);
#5653 = LINE('',#5654,#5655);
#5654 = CARTESIAN_POINT('',(0.,0.));
#5655 = VECTOR('',#5656,1.);
#5656 = DIRECTION('',(0.,1.));
#5657 = ( GEOMETRIC_REPRESENTATION_CONTEXT(2) 
PARAMETRIC_REPRESENTATION_CONTEXT() REPRESENTATION_CONTEXT('2D SPACE',''
  ) );
#5658 = PCURVE('',#5429,#5659);
#5659 = DEFINITIONAL_REPRESENTATION('',(#5660),#5664);
#5660 = LINE('',#5661,#5662);
#5661 = CARTESIAN_POINT('',(0.,20.));
#5662 = VECTOR('',#5663,1.);
#5663 = DIRECTION('',(1.,0.));
#5664 = ( GEOMETRIC_REPRESENTATION_CONTEXT(2) 
PARAMETRIC_REPRESENTATION_CONTEXT() REPRESENTATION_CONTEXT('2D SPACE',''
  ) );
#5665 = ORIENTED_EDGE('',*,*,#5441,.T.);
#5666 = ORIENTED_EDGE('',*,*,#5667,.T.);
#5667 = EDGE_CURVE('',#5442,#5552,#5668,.T.);
#5668 = SURFACE_CURVE('',#5669,(#5673,#5680),.PCURVE_S1.);
#5669 = LINE('',#5670,#5671);
#5670 = CARTESIAN_POINT('',(0.,20.,42.));
#5671 = VECTOR('',#5672,1.);
#5672 = DIRECTION('',(1.,0.,-0.));
#5673 = PCURVE('',#5457,#5674);
#5674 = DEFINITIONAL_REPRESENTATION('',(#5675),#5679);
#5675 = LINE('',#5676,#5677);
#5676 = CARTESIAN_POINT('',(42.,0.));
#5677 = VECTOR('',#5678,1.);
#5678 = DIRECTION('',(0.,1.));
#5679 = ( GEOMETRIC_REPRESENTATION_CONTEXT(2) 
PARAMETRIC_REPRESENTATION_CONTEXT() REPRESENTATION_CONTEXT('2D SPACE',''
  ) );
#5680 = PCURVE('',#5483,#5681);
#5681 = DEFINITIONAL_REPRESENTATION('',(#5682),#5686);
#5682 = LINE('',#5683,#5684);
#5683 = CARTESIAN_POINT('',(0.,20.));
#5684 = VECTOR('',#5685,1.);
#5685 = DIRECTION('',(1.,0.));
#5686 = ( GEOMETRIC_REPRESENTATION_CONTEXT(2) 
PARAMETRIC_REPRESENTATION_CONTEXT() REPRESENTATION_CONTEXT('2D SPACE',''
  ) );
#5687 = ORIENTED_EDGE('',*,*,#5551,.F.);
#5688 = ADVANCED_FACE('',(#5689),#5429,.F.);
#5689 = FACE_BOUND('',#5690,.F.);
#5690 = EDGE_LOOP('',(#5691,#5692,#5693,#5694));
#5691 = ORIENTED_EDGE('',*,*,#5413,.F.);
#5692 = ORIENTED_EDGE('',*,*,#5598,.T.);
#5693 = ORIENTED_EDGE('',*,*,#5528,.T.);
#5694 = ORIENTED_EDGE('',*,*,#5645,.F.);
#5695 = ADVANCED_FACE('',(#5696),#5483,.T.);
#5696 = FACE_BOUND('',#5697,.T.);
#5697 = EDGE_LOOP('',(#5698,#5699,#5700,#5701));
#5698 = ORIENTED_EDGE('',*,*,#5469,.F.);
#5699 = ORIENTED_EDGE('',*,*,#5620,.T.);
#5700 = ORIENTED_EDGE('',*,*,#5574,.T.);
#5701 = ORIENTED_EDGE('',*,*,#5667,.F.);
#5702 = ( GEOMETRIC_REPRESENTATION_CONTEXT(3) 
GLOBAL_UNCERTAINTY_ASSIGNED_CONTEXT((#5706)) 
GLOBAL_UNIT_ASSIGNED_CONTEXT((#5703,#5704,#5705)) REPRESENTATION_CONTEXT
('Context #1','3D Context with UNIT and UNCERTAINTY') );
#5703 = ( LENGTH_UNIT() NAMED_UNIT(*) SI_UNIT(.MILLI.,.METRE.) );
#5704 = ( NAMED_UNIT(*) PLANE_ANGLE_UNIT() SI_UNIT($,.RADIAN.) );
#5705 = ( NAMED_UNIT(*) SI_UNIT($,.STERADIAN.) SOLID_ANGLE_UNIT() );
#5706 = UNCERTAINTY_MEASURE_WITH_UNIT(LENGTH_MEASURE(1.E-07),#5703,
  'distance_accuracy_value','confusion accuracy');
#5707 = CONTEXT_DEPENDENT_SHAPE_REPRESENTATION(#5708,#5710);
#5708 = ( REPRESENTATION_RELATIONSHIP('','',#5371,#5348) 
REPRESENTATION_RELATIONSHIP_WITH_TRANSFORMATION(#5709) 
SHAPE_REPRESENTATION_RELATIONSHIP() );
#5709 = ITEM_DEFINED_TRANSFORMATION('','',#11,#5349);
#5710 = PRODUCT_DEFINITION_SHAPE('Placement','Placement of an item',
  #5711);
#5711 = NEXT_ASSEMBLY_USAGE_OCCURRENCE('347','=>[0:1:1:47]','',#5343,
  #5366,$);
#5712 = PRODUCT_RELATED_PRODUCT_CATEGORY('part',$,(#5368));
#5713 = SHAPE_DEFINITION_REPRESENTATION(#5714,#5720);
#5714 = PRODUCT_DEFINITION_SHAPE('','',#5715);
#5715 = PRODUCT_DEFINITION('design','',#5716,#5719);
#5716 = PRODUCT_DEFINITION_FORMATION('','',#5717);
#5717 = PRODUCT('right_forearm_service_boss_00',
  'right_forearm_service_boss_00','',(#5718));
#5718 = PRODUCT_CONTEXT('',#2,'mechanical');
#5719 = PRODUCT_DEFINITION_CONTEXT('part definition',#2,'design');
#5720 = SHAPE_REPRESENTATION('',(#11,#5721),#5725);
#5721 = AXIS2_PLACEMENT_3D('',#5722,#5723,#5724);
#5722 = CARTESIAN_POINT('',(0.,0.,-24.));
#5723 = DIRECTION('',(0.,0.,1.));
#5724 = DIRECTION('',(1.,0.,0.));
#5725 = ( GEOMETRIC_REPRESENTATION_CONTEXT(3) 
GLOBAL_UNCERTAINTY_ASSIGNED_CONTEXT((#5729)) 
GLOBAL_UNIT_ASSIGNED_CONTEXT((#5726,#5727,#5728)) REPRESENTATION_CONTEXT
('Context #1','3D Context with UNIT and UNCERTAINTY') );
#5726 = ( LENGTH_UNIT() NAMED_UNIT(*) SI_UNIT(.MILLI.,.METRE.) );
#5727 = ( NAMED_UNIT(*) PLANE_ANGLE_UNIT() SI_UNIT($,.RADIAN.) );
#5728 = ( NAMED_UNIT(*) SI_UNIT($,.STERADIAN.) SOLID_ANGLE_UNIT() );
#5729 = UNCERTAINTY_MEASURE_WITH_UNIT(LENGTH_MEASURE(1.E-07),#5726,
  'distance_accuracy_value','confusion accuracy');
#5730 = CONTEXT_DEPENDENT_SHAPE_REPRESENTATION(#5731,#5733);
#5731 = ( REPRESENTATION_RELATIONSHIP('','',#5720,#10) 
REPRESENTATION_RELATIONSHIP_WITH_TRANSFORMATION(#5732) 
SHAPE_REPRESENTATION_RELATIONSHIP() );
#5732 = ITEM_DEFINED_TRANSFORMATION('','',#11,#107);
#5733 = PRODUCT_DEFINITION_SHAPE('Placement','Placement of an item',
  #5734);
#5734 = NEXT_ASSEMBLY_USAGE_OCCURRENCE('350','=>[0:1:1:48]','',#5,#5715,
  $);
#5735 = PRODUCT_RELATED_PRODUCT_CATEGORY('part',$,(#5717));
#5736 = SHAPE_DEFINITION_REPRESENTATION(#5737,#5743);
#5737 = PRODUCT_DEFINITION_SHAPE('','',#5738);
#5738 = PRODUCT_DEFINITION('design','',#5739,#5742);
#5739 = PRODUCT_DEFINITION_FORMATION('','',#5740);
#5740 = PRODUCT('SOLID','SOLID','',(#5741));
#5741 = PRODUCT_CONTEXT('',#2,'mechanical');
#5742 = PRODUCT_DEFINITION_CONTEXT('part definition',#2,'design');
#5743 = ADVANCED_BREP_SHAPE_REPRESENTATION('',(#11,#5744),#5842);
#5744 = MANIFOLD_SOLID_BREP('',#5745);
#5745 = CLOSED_SHELL('',(#5746,#5834,#5838));
#5746 = ADVANCED_FACE('',(#5747),#5760,.T.);
#5747 = FACE_BOUND('',#5748,.T.);
#5748 = EDGE_LOOP('',(#5749,#5783,#5806,#5833));
#5749 = ORIENTED_EDGE('',*,*,#5750,.F.);
#5750 = EDGE_CURVE('',#5751,#5751,#5753,.T.);
#5751 = VERTEX_POINT('',#5752);
#5752 = CARTESIAN_POINT('',(12.,-2.939152317954E-15,48.));
#5753 = SURFACE_CURVE('',#5754,(#5759,#5771),.PCURVE_S1.);
#5754 = CIRCLE('',#5755,12.);
#5755 = AXIS2_PLACEMENT_3D('',#5756,#5757,#5758);
#5756 = CARTESIAN_POINT('',(0.,0.,48.));
#5757 = DIRECTION('',(0.,0.,1.));
#5758 = DIRECTION('',(1.,0.,-0.));
#5759 = PCURVE('',#5760,#5765);
#5760 = CYLINDRICAL_SURFACE('',#5761,12.);
#5761 = AXIS2_PLACEMENT_3D('',#5762,#5763,#5764);
#5762 = CARTESIAN_POINT('',(0.,0.,0.));
#5763 = DIRECTION('',(0.,0.,1.));
#5764 = DIRECTION('',(1.,0.,-0.));
#5765 = DEFINITIONAL_REPRESENTATION('',(#5766),#5770);
#5766 = LINE('',#5767,#5768);
#5767 = CARTESIAN_POINT('',(0.,48.));
#5768 = VECTOR('',#5769,1.);
#5769 = DIRECTION('',(1.,0.));
#5770 = ( GEOMETRIC_REPRESENTATION_CONTEXT(2) 
PARAMETRIC_REPRESENTATION_CONTEXT() REPRESENTATION_CONTEXT('2D SPACE',''
  ) );
#5771 = PCURVE('',#5772,#5777);
#5772 = PLANE('',#5773);
#5773 = AXIS2_PLACEMENT_3D('',#5774,#5775,#5776);
#5774 = CARTESIAN_POINT('',(0.,0.,48.));
#5775 = DIRECTION('',(0.,0.,1.));
#5776 = DIRECTION('',(1.,0.,-0.));
#5777 = DEFINITIONAL_REPRESENTATION('',(#5778),#5782);
#5778 = CIRCLE('',#5779,12.);
#5779 = AXIS2_PLACEMENT_2D('',#5780,#5781);
#5780 = CARTESIAN_POINT('',(0.,0.));
#5781 = DIRECTION('',(1.,0.));
#5782 = ( GEOMETRIC_REPRESENTATION_CONTEXT(2) 
PARAMETRIC_REPRESENTATION_CONTEXT() REPRESENTATION_CONTEXT('2D SPACE',''
  ) );
#5783 = ORIENTED_EDGE('',*,*,#5784,.F.);
#5784 = EDGE_CURVE('',#5785,#5751,#5787,.T.);
#5785 = VERTEX_POINT('',#5786);
#5786 = CARTESIAN_POINT('',(12.,-2.939152317954E-15,0.));
#5787 = SEAM_CURVE('',#5788,(#5792,#5799),.PCURVE_S1.);
#5788 = LINE('',#5789,#5790);
#5789 = CARTESIAN_POINT('',(12.,-2.939152317954E-15,0.));
#5790 = VECTOR('',#5791,1.);
#5791 = DIRECTION('',(0.,0.,1.));
#5792 = PCURVE('',#5760,#5793);
#5793 = DEFINITIONAL_REPRESENTATION('',(#5794),#5798);
#5794 = LINE('',#5795,#5796);
#5795 = CARTESIAN_POINT('',(6.28318530718,-0.));
#5796 = VECTOR('',#5797,1.);
#5797 = DIRECTION('',(0.,1.));
#5798 = ( GEOMETRIC_REPRESENTATION_CONTEXT(2) 
PARAMETRIC_REPRESENTATION_CONTEXT() REPRESENTATION_CONTEXT('2D SPACE',''
  ) );
#5799 = PCURVE('',#5760,#5800);
#5800 = DEFINITIONAL_REPRESENTATION('',(#5801),#5805);
#5801 = LINE('',#5802,#5803);
#5802 = CARTESIAN_POINT('',(0.,-0.));
#5803 = VECTOR('',#5804,1.);
#5804 = DIRECTION('',(0.,1.));
#5805 = ( GEOMETRIC_REPRESENTATION_CONTEXT(2) 
PARAMETRIC_REPRESENTATION_CONTEXT() REPRESENTATION_CONTEXT('2D SPACE',''
  ) );
#5806 = ORIENTED_EDGE('',*,*,#5807,.T.);
#5807 = EDGE_CURVE('',#5785,#5785,#5808,.T.);
#5808 = SURFACE_CURVE('',#5809,(#5814,#5821),.PCURVE_S1.);
#5809 = CIRCLE('',#5810,12.);
#5810 = AXIS2_PLACEMENT_3D('',#5811,#5812,#5813);
#5811 = CARTESIAN_POINT('',(0.,0.,0.));
#5812 = DIRECTION('',(0.,0.,1.));
#5813 = DIRECTION('',(1.,0.,-0.));
#5814 = PCURVE('',#5760,#5815);
#5815 = DEFINITIONAL_REPRESENTATION('',(#5816),#5820);
#5816 = LINE('',#5817,#5818);
#5817 = CARTESIAN_POINT('',(0.,0.));
#5818 = VECTOR('',#5819,1.);
#5819 = DIRECTION('',(1.,0.));
#5820 = ( GEOMETRIC_REPRESENTATION_CONTEXT(2) 
PARAMETRIC_REPRESENTATION_CONTEXT() REPRESENTATION_CONTEXT('2D SPACE',''
  ) );
#5821 = PCURVE('',#5822,#5827);
#5822 = PLANE('',#5823);
#5823 = AXIS2_PLACEMENT_3D('',#5824,#5825,#5826);
#5824 = CARTESIAN_POINT('',(0.,0.,0.));
#5825 = DIRECTION('',(0.,0.,1.));
#5826 = DIRECTION('',(1.,0.,-0.));
#5827 = DEFINITIONAL_REPRESENTATION('',(#5828),#5832);
#5828 = CIRCLE('',#5829,12.);
#5829 = AXIS2_PLACEMENT_2D('',#5830,#5831);
#5830 = CARTESIAN_POINT('',(0.,0.));
#5831 = DIRECTION('',(1.,0.));
#5832 = ( GEOMETRIC_REPRESENTATION_CONTEXT(2) 
PARAMETRIC_REPRESENTATION_CONTEXT() REPRESENTATION_CONTEXT('2D SPACE',''
  ) );
#5833 = ORIENTED_EDGE('',*,*,#5784,.T.);
#5834 = ADVANCED_FACE('',(#5835),#5772,.T.);
#5835 = FACE_BOUND('',#5836,.T.);
#5836 = EDGE_LOOP('',(#5837));
#5837 = ORIENTED_EDGE('',*,*,#5750,.T.);
#5838 = ADVANCED_FACE('',(#5839),#5822,.F.);
#5839 = FACE_BOUND('',#5840,.T.);
#5840 = EDGE_LOOP('',(#5841));
#5841 = ORIENTED_EDGE('',*,*,#5807,.F.);
#5842 = ( GEOMETRIC_REPRESENTATION_CONTEXT(3) 
GLOBAL_UNCERTAINTY_ASSIGNED_CONTEXT((#5846)) 
GLOBAL_UNIT_ASSIGNED_CONTEXT((#5843,#5844,#5845)) REPRESENTATION_CONTEXT
('Context #1','3D Context with UNIT and UNCERTAINTY') );
#5843 = ( LENGTH_UNIT() NAMED_UNIT(*) SI_UNIT(.MILLI.,.METRE.) );
#5844 = ( NAMED_UNIT(*) PLANE_ANGLE_UNIT() SI_UNIT($,.RADIAN.) );
#5845 = ( NAMED_UNIT(*) SI_UNIT($,.STERADIAN.) SOLID_ANGLE_UNIT() );
#5846 = UNCERTAINTY_MEASURE_WITH_UNIT(LENGTH_MEASURE(1.E-07),#5843,
  'distance_accuracy_value','confusion accuracy');
#5847 = CONTEXT_DEPENDENT_SHAPE_REPRESENTATION(#5848,#5850);
#5848 = ( REPRESENTATION_RELATIONSHIP('','',#5743,#5720) 
REPRESENTATION_RELATIONSHIP_WITH_TRANSFORMATION(#5849) 
SHAPE_REPRESENTATION_RELATIONSHIP() );
#5849 = ITEM_DEFINED_TRANSFORMATION('','',#11,#5721);
#5850 = PRODUCT_DEFINITION_SHAPE('Placement','Placement of an item',
  #5851);
#5851 = NEXT_ASSEMBLY_USAGE_OCCURRENCE('349','=>[0:1:1:49]','',#5715,
  #5738,$);
#5852 = PRODUCT_RELATED_PRODUCT_CATEGORY('part',$,(#5740));
#5853 = SHAPE_DEFINITION_REPRESENTATION(#5854,#5860);
#5854 = PRODUCT_DEFINITION_SHAPE('','',#5855);
#5855 = PRODUCT_DEFINITION('design','',#5856,#5859);
#5856 = PRODUCT_DEFINITION_FORMATION('','',#5857);
#5857 = PRODUCT('right_forearm_service_boss_01',
  'right_forearm_service_boss_01','',(#5858));
#5858 = PRODUCT_CONTEXT('',#2,'mechanical');
#5859 = PRODUCT_DEFINITION_CONTEXT('part definition',#2,'design');
#5860 = SHAPE_REPRESENTATION('',(#11,#5861),#5865);
#5861 = AXIS2_PLACEMENT_3D('',#5862,#5863,#5864);
#5862 = CARTESIAN_POINT('',(0.,0.,-24.));
#5863 = DIRECTION('',(0.,0.,1.));
#5864 = DIRECTION('',(1.,0.,0.));
#5865 = ( GEOMETRIC_REPRESENTATION_CONTEXT(3) 
GLOBAL_UNCERTAINTY_ASSIGNED_CONTEXT((#5869)) 
GLOBAL_UNIT_ASSIGNED_CONTEXT((#5866,#5867,#5868)) REPRESENTATION_CONTEXT
('Context #1','3D Context with UNIT and UNCERTAINTY') );
#5866 = ( LENGTH_UNIT() NAMED_UNIT(*) SI_UNIT(.MILLI.,.METRE.) );
#5867 = ( NAMED_UNIT(*) PLANE_ANGLE_UNIT() SI_UNIT($,.RADIAN.) );
#5868 = ( NAMED_UNIT(*) SI_UNIT($,.STERADIAN.) SOLID_ANGLE_UNIT() );
#5869 = UNCERTAINTY_MEASURE_WITH_UNIT(LENGTH_MEASURE(1.E-07),#5866,
  'distance_accuracy_value','confusion accuracy');
#5870 = CONTEXT_DEPENDENT_SHAPE_REPRESENTATION(#5871,#5873);
#5871 = ( REPRESENTATION_RELATIONSHIP('','',#5860,#10) 
REPRESENTATION_RELATIONSHIP_WITH_TRANSFORMATION(#5872) 
SHAPE_REPRESENTATION_RELATIONSHIP() );
#5872 = ITEM_DEFINED_TRANSFORMATION('','',#11,#111);
#5873 = PRODUCT_DEFINITION_SHAPE('Placement','Placement of an item',
  #5874);
#5874 = NEXT_ASSEMBLY_USAGE_OCCURRENCE('352','=>[0:1:1:50]','',#5,#5855,
  $);
#5875 = PRODUCT_RELATED_PRODUCT_CATEGORY('part',$,(#5857));
#5876 = SHAPE_DEFINITION_REPRESENTATION(#5877,#5883);
#5877 = PRODUCT_DEFINITION_SHAPE('','',#5878);
#5878 = PRODUCT_DEFINITION('design','',#5879,#5882);
#5879 = PRODUCT_DEFINITION_FORMATION('','',#5880);
#5880 = PRODUCT('SOLID','SOLID','',(#5881));
#5881 = PRODUCT_CONTEXT('',#2,'mechanical');
#5882 = PRODUCT_DEFINITION_CONTEXT('part definition',#2,'design');
#5883 = ADVANCED_BREP_SHAPE_REPRESENTATION('',(#11,#5884),#5982);
#5884 = MANIFOLD_SOLID_BREP('',#5885);
#5885 = CLOSED_SHELL('',(#5886,#5974,#5978));
#5886 = ADVANCED_FACE('',(#5887),#5900,.T.);
#5887 = FACE_BOUND('',#5888,.T.);
#5888 = EDGE_LOOP('',(#5889,#5923,#5946,#5973));
#5889 = ORIENTED_EDGE('',*,*,#5890,.F.);
#5890 = EDGE_CURVE('',#5891,#5891,#5893,.T.);
#5891 = VERTEX_POINT('',#5892);
#5892 = CARTESIAN_POINT('',(12.,-2.939152317954E-15,48.));
#5893 = SURFACE_CURVE('',#5894,(#5899,#5911),.PCURVE_S1.);
#5894 = CIRCLE('',#5895,12.);
#5895 = AXIS2_PLACEMENT_3D('',#5896,#5897,#5898);
#5896 = CARTESIAN_POINT('',(0.,0.,48.));
#5897 = DIRECTION('',(0.,0.,1.));
#5898 = DIRECTION('',(1.,0.,-0.));
#5899 = PCURVE('',#5900,#5905);
#5900 = CYLINDRICAL_SURFACE('',#5901,12.);
#5901 = AXIS2_PLACEMENT_3D('',#5902,#5903,#5904);
#5902 = CARTESIAN_POINT('',(0.,0.,0.));
#5903 = DIRECTION('',(0.,0.,1.));
#5904 = DIRECTION('',(1.,0.,-0.));
#5905 = DEFINITIONAL_REPRESENTATION('',(#5906),#5910);
#5906 = LINE('',#5907,#5908);
#5907 = CARTESIAN_POINT('',(0.,48.));
#5908 = VECTOR('',#5909,1.);
#5909 = DIRECTION('',(1.,0.));
#5910 = ( GEOMETRIC_REPRESENTATION_CONTEXT(2) 
PARAMETRIC_REPRESENTATION_CONTEXT() REPRESENTATION_CONTEXT('2D SPACE',''
  ) );
#5911 = PCURVE('',#5912,#5917);
#5912 = PLANE('',#5913);
#5913 = AXIS2_PLACEMENT_3D('',#5914,#5915,#5916);
#5914 = CARTESIAN_POINT('',(0.,0.,48.));
#5915 = DIRECTION('',(0.,0.,1.));
#5916 = DIRECTION('',(1.,0.,-0.));
#5917 = DEFINITIONAL_REPRESENTATION('',(#5918),#5922);
#5918 = CIRCLE('',#5919,12.);
#5919 = AXIS2_PLACEMENT_2D('',#5920,#5921);
#5920 = CARTESIAN_POINT('',(0.,0.));
#5921 = DIRECTION('',(1.,0.));
#5922 = ( GEOMETRIC_REPRESENTATION_CONTEXT(2) 
PARAMETRIC_REPRESENTATION_CONTEXT() REPRESENTATION_CONTEXT('2D SPACE',''
  ) );
#5923 = ORIENTED_EDGE('',*,*,#5924,.F.);
#5924 = EDGE_CURVE('',#5925,#5891,#5927,.T.);
#5925 = VERTEX_POINT('',#5926);
#5926 = CARTESIAN_POINT('',(12.,-2.939152317954E-15,0.));
#5927 = SEAM_CURVE('',#5928,(#5932,#5939),.PCURVE_S1.);
#5928 = LINE('',#5929,#5930);
#5929 = CARTESIAN_POINT('',(12.,-2.939152317954E-15,0.));
#5930 = VECTOR('',#5931,1.);
#5931 = DIRECTION('',(0.,0.,1.));
#5932 = PCURVE('',#5900,#5933);
#5933 = DEFINITIONAL_REPRESENTATION('',(#5934),#5938);
#5934 = LINE('',#5935,#5936);
#5935 = CARTESIAN_POINT('',(6.28318530718,-0.));
#5936 = VECTOR('',#5937,1.);
#5937 = DIRECTION('',(0.,1.));
#5938 = ( GEOMETRIC_REPRESENTATION_CONTEXT(2) 
PARAMETRIC_REPRESENTATION_CONTEXT() REPRESENTATION_CONTEXT('2D SPACE',''
  ) );
#5939 = PCURVE('',#5900,#5940);
#5940 = DEFINITIONAL_REPRESENTATION('',(#5941),#5945);
#5941 = LINE('',#5942,#5943);
#5942 = CARTESIAN_POINT('',(0.,-0.));
#5943 = VECTOR('',#5944,1.);
#5944 = DIRECTION('',(0.,1.));
#5945 = ( GEOMETRIC_REPRESENTATION_CONTEXT(2) 
PARAMETRIC_REPRESENTATION_CONTEXT() REPRESENTATION_CONTEXT('2D SPACE',''
  ) );
#5946 = ORIENTED_EDGE('',*,*,#5947,.T.);
#5947 = EDGE_CURVE('',#5925,#5925,#5948,.T.);
#5948 = SURFACE_CURVE('',#5949,(#5954,#5961),.PCURVE_S1.);
#5949 = CIRCLE('',#5950,12.);
#5950 = AXIS2_PLACEMENT_3D('',#5951,#5952,#5953);
#5951 = CARTESIAN_POINT('',(0.,0.,0.));
#5952 = DIRECTION('',(0.,0.,1.));
#5953 = DIRECTION('',(1.,0.,-0.));
#5954 = PCURVE('',#5900,#5955);
#5955 = DEFINITIONAL_REPRESENTATION('',(#5956),#5960);
#5956 = LINE('',#5957,#5958);
#5957 = CARTESIAN_POINT('',(0.,0.));
#5958 = VECTOR('',#5959,1.);
#5959 = DIRECTION('',(1.,0.));
#5960 = ( GEOMETRIC_REPRESENTATION_CONTEXT(2) 
PARAMETRIC_REPRESENTATION_CONTEXT() REPRESENTATION_CONTEXT('2D SPACE',''
  ) );
#5961 = PCURVE('',#5962,#5967);
#5962 = PLANE('',#5963);
#5963 = AXIS2_PLACEMENT_3D('',#5964,#5965,#5966);
#5964 = CARTESIAN_POINT('',(0.,0.,0.));
#5965 = DIRECTION('',(0.,0.,1.));
#5966 = DIRECTION('',(1.,0.,-0.));
#5967 = DEFINITIONAL_REPRESENTATION('',(#5968),#5972);
#5968 = CIRCLE('',#5969,12.);
#5969 = AXIS2_PLACEMENT_2D('',#5970,#5971);
#5970 = CARTESIAN_POINT('',(0.,0.));
#5971 = DIRECTION('',(1.,0.));
#5972 = ( GEOMETRIC_REPRESENTATION_CONTEXT(2) 
PARAMETRIC_REPRESENTATION_CONTEXT() REPRESENTATION_CONTEXT('2D SPACE',''
  ) );
#5973 = ORIENTED_EDGE('',*,*,#5924,.T.);
#5974 = ADVANCED_FACE('',(#5975),#5912,.T.);
#5975 = FACE_BOUND('',#5976,.T.);
#5976 = EDGE_LOOP('',(#5977));
#5977 = ORIENTED_EDGE('',*,*,#5890,.T.);
#5978 = ADVANCED_FACE('',(#5979),#5962,.F.);
#5979 = FACE_BOUND('',#5980,.T.);
#5980 = EDGE_LOOP('',(#5981));
#5981 = ORIENTED_EDGE('',*,*,#5947,.F.);
#5982 = ( GEOMETRIC_REPRESENTATION_CONTEXT(3) 
GLOBAL_UNCERTAINTY_ASSIGNED_CONTEXT((#5986)) 
GLOBAL_UNIT_ASSIGNED_CONTEXT((#5983,#5984,#5985)) REPRESENTATION_CONTEXT
('Context #1','3D Context with UNIT and UNCERTAINTY') );
#5983 = ( LENGTH_UNIT() NAMED_UNIT(*) SI_UNIT(.MILLI.,.METRE.) );
#5984 = ( NAMED_UNIT(*) PLANE_ANGLE_UNIT() SI_UNIT($,.RADIAN.) );
#5985 = ( NAMED_UNIT(*) SI_UNIT($,.STERADIAN.) SOLID_ANGLE_UNIT() );
#5986 = UNCERTAINTY_MEASURE_WITH_UNIT(LENGTH_MEASURE(1.E-07),#5983,
  'distance_accuracy_value','confusion accuracy');
#5987 = CONTEXT_DEPENDENT_SHAPE_REPRESENTATION(#5988,#5990);
#5988 = ( REPRESENTATION_RELATIONSHIP('','',#5883,#5860) 
REPRESENTATION_RELATIONSHIP_WITH_TRANSFORMATION(#5989) 
SHAPE_REPRESENTATION_RELATIONSHIP() );
#5989 = ITEM_DEFINED_TRANSFORMATION('','',#11,#5861);
#5990 = PRODUCT_DEFINITION_SHAPE('Placement','Placement of an item',
  #5991);
#5991 = NEXT_ASSEMBLY_USAGE_OCCURRENCE('351','=>[0:1:1:51]','',#5855,
  #5878,$);
#5992 = PRODUCT_RELATED_PRODUCT_CATEGORY('part',$,(#5880));
#5993 = SHAPE_DEFINITION_REPRESENTATION(#5994,#6000);
#5994 = PRODUCT_DEFINITION_SHAPE('','',#5995);
#5995 = PRODUCT_DEFINITION('design','',#5996,#5999);
#5996 = PRODUCT_DEFINITION_FORMATION('','',#5997);
#5997 = PRODUCT('right_forearm_service_boss_02',
  'right_forearm_service_boss_02','',(#5998));
#5998 = PRODUCT_CONTEXT('',#2,'mechanical');
#5999 = PRODUCT_DEFINITION_CONTEXT('part definition',#2,'design');
#6000 = SHAPE_REPRESENTATION('',(#11,#6001),#6005);
#6001 = AXIS2_PLACEMENT_3D('',#6002,#6003,#6004);
#6002 = CARTESIAN_POINT('',(0.,0.,-24.));
#6003 = DIRECTION('',(0.,0.,1.));
#6004 = DIRECTION('',(1.,0.,0.));
#6005 = ( GEOMETRIC_REPRESENTATION_CONTEXT(3) 
GLOBAL_UNCERTAINTY_ASSIGNED_CONTEXT((#6009)) 
GLOBAL_UNIT_ASSIGNED_CONTEXT((#6006,#6007,#6008)) REPRESENTATION_CONTEXT
('Context #1','3D Context with UNIT and UNCERTAINTY') );
#6006 = ( LENGTH_UNIT() NAMED_UNIT(*) SI_UNIT(.MILLI.,.METRE.) );
#6007 = ( NAMED_UNIT(*) PLANE_ANGLE_UNIT() SI_UNIT($,.RADIAN.) );
#6008 = ( NAMED_UNIT(*) SI_UNIT($,.STERADIAN.) SOLID_ANGLE_UNIT() );
#6009 = UNCERTAINTY_MEASURE_WITH_UNIT(LENGTH_MEASURE(1.E-07),#6006,
  'distance_accuracy_value','confusion accuracy');
#6010 = CONTEXT_DEPENDENT_SHAPE_REPRESENTATION(#6011,#6013);
#6011 = ( REPRESENTATION_RELATIONSHIP('','',#6000,#10) 
REPRESENTATION_RELATIONSHIP_WITH_TRANSFORMATION(#6012) 
SHAPE_REPRESENTATION_RELATIONSHIP() );
#6012 = ITEM_DEFINED_TRANSFORMATION('','',#11,#115);
#6013 = PRODUCT_DEFINITION_SHAPE('Placement','Placement of an item',
  #6014);
#6014 = NEXT_ASSEMBLY_USAGE_OCCURRENCE('354','=>[0:1:1:52]','',#5,#5995,
  $);
#6015 = PRODUCT_RELATED_PRODUCT_CATEGORY('part',$,(#5997));
#6016 = SHAPE_DEFINITION_REPRESENTATION(#6017,#6023);
#6017 = PRODUCT_DEFINITION_SHAPE('','',#6018);
#6018 = PRODUCT_DEFINITION('design','',#6019,#6022);
#6019 = PRODUCT_DEFINITION_FORMATION('','',#6020);
#6020 = PRODUCT('SOLID','SOLID','',(#6021));
#6021 = PRODUCT_CONTEXT('',#2,'mechanical');
#6022 = PRODUCT_DEFINITION_CONTEXT('part definition',#2,'design');
#6023 = ADVANCED_BREP_SHAPE_REPRESENTATION('',(#11,#6024),#6122);
#6024 = MANIFOLD_SOLID_BREP('',#6025);
#6025 = CLOSED_SHELL('',(#6026,#6114,#6118));
#6026 = ADVANCED_FACE('',(#6027),#6040,.T.);
#6027 = FACE_BOUND('',#6028,.T.);
#6028 = EDGE_LOOP('',(#6029,#6063,#6086,#6113));
#6029 = ORIENTED_EDGE('',*,*,#6030,.F.);
#6030 = EDGE_CURVE('',#6031,#6031,#6033,.T.);
#6031 = VERTEX_POINT('',#6032);
#6032 = CARTESIAN_POINT('',(12.,-2.939152317954E-15,48.));
#6033 = SURFACE_CURVE('',#6034,(#6039,#6051),.PCURVE_S1.);
#6034 = CIRCLE('',#6035,12.);
#6035 = AXIS2_PLACEMENT_3D('',#6036,#6037,#6038);
#6036 = CARTESIAN_POINT('',(0.,0.,48.));
#6037 = DIRECTION('',(0.,0.,1.));
#6038 = DIRECTION('',(1.,0.,-0.));
#6039 = PCURVE('',#6040,#6045);
#6040 = CYLINDRICAL_SURFACE('',#6041,12.);
#6041 = AXIS2_PLACEMENT_3D('',#6042,#6043,#6044);
#6042 = CARTESIAN_POINT('',(0.,0.,0.));
#6043 = DIRECTION('',(0.,0.,1.));
#6044 = DIRECTION('',(1.,0.,-0.));
#6045 = DEFINITIONAL_REPRESENTATION('',(#6046),#6050);
#6046 = LINE('',#6047,#6048);
#6047 = CARTESIAN_POINT('',(0.,48.));
#6048 = VECTOR('',#6049,1.);
#6049 = DIRECTION('',(1.,0.));
#6050 = ( GEOMETRIC_REPRESENTATION_CONTEXT(2) 
PARAMETRIC_REPRESENTATION_CONTEXT() REPRESENTATION_CONTEXT('2D SPACE',''
  ) );
#6051 = PCURVE('',#6052,#6057);
#6052 = PLANE('',#6053);
#6053 = AXIS2_PLACEMENT_3D('',#6054,#6055,#6056);
#6054 = CARTESIAN_POINT('',(0.,0.,48.));
#6055 = DIRECTION('',(0.,0.,1.));
#6056 = DIRECTION('',(1.,0.,-0.));
#6057 = DEFINITIONAL_REPRESENTATION('',(#6058),#6062);
#6058 = CIRCLE('',#6059,12.);
#6059 = AXIS2_PLACEMENT_2D('',#6060,#6061);
#6060 = CARTESIAN_POINT('',(0.,0.));
#6061 = DIRECTION('',(1.,0.));
#6062 = ( GEOMETRIC_REPRESENTATION_CONTEXT(2) 
PARAMETRIC_REPRESENTATION_CONTEXT() REPRESENTATION_CONTEXT('2D SPACE',''
  ) );
#6063 = ORIENTED_EDGE('',*,*,#6064,.F.);
#6064 = EDGE_CURVE('',#6065,#6031,#6067,.T.);
#6065 = VERTEX_POINT('',#6066);
#6066 = CARTESIAN_POINT('',(12.,-2.939152317954E-15,0.));
#6067 = SEAM_CURVE('',#6068,(#6072,#6079),.PCURVE_S1.);
#6068 = LINE('',#6069,#6070);
#6069 = CARTESIAN_POINT('',(12.,-2.939152317954E-15,0.));
#6070 = VECTOR('',#6071,1.);
#6071 = DIRECTION('',(0.,0.,1.));
#6072 = PCURVE('',#6040,#6073);
#6073 = DEFINITIONAL_REPRESENTATION('',(#6074),#6078);
#6074 = LINE('',#6075,#6076);
#6075 = CARTESIAN_POINT('',(6.28318530718,-0.));
#6076 = VECTOR('',#6077,1.);
#6077 = DIRECTION('',(0.,1.));
#6078 = ( GEOMETRIC_REPRESENTATION_CONTEXT(2) 
PARAMETRIC_REPRESENTATION_CONTEXT() REPRESENTATION_CONTEXT('2D SPACE',''
  ) );
#6079 = PCURVE('',#6040,#6080);
#6080 = DEFINITIONAL_REPRESENTATION('',(#6081),#6085);
#6081 = LINE('',#6082,#6083);
#6082 = CARTESIAN_POINT('',(0.,-0.));
#6083 = VECTOR('',#6084,1.);
#6084 = DIRECTION('',(0.,1.));
#6085 = ( GEOMETRIC_REPRESENTATION_CONTEXT(2) 
PARAMETRIC_REPRESENTATION_CONTEXT() REPRESENTATION_CONTEXT('2D SPACE',''
  ) );
#6086 = ORIENTED_EDGE('',*,*,#6087,.T.);
#6087 = EDGE_CURVE('',#6065,#6065,#6088,.T.);
#6088 = SURFACE_CURVE('',#6089,(#6094,#6101),.PCURVE_S1.);
#6089 = CIRCLE('',#6090,12.);
#6090 = AXIS2_PLACEMENT_3D('',#6091,#6092,#6093);
#6091 = CARTESIAN_POINT('',(0.,0.,0.));
#6092 = DIRECTION('',(0.,0.,1.));
#6093 = DIRECTION('',(1.,0.,-0.));
#6094 = PCURVE('',#6040,#6095);
#6095 = DEFINITIONAL_REPRESENTATION('',(#6096),#6100);
#6096 = LINE('',#6097,#6098);
#6097 = CARTESIAN_POINT('',(0.,0.));
#6098 = VECTOR('',#6099,1.);
#6099 = DIRECTION('',(1.,0.));
#6100 = ( GEOMETRIC_REPRESENTATION_CONTEXT(2) 
PARAMETRIC_REPRESENTATION_CONTEXT() REPRESENTATION_CONTEXT('2D SPACE',''
  ) );
#6101 = PCURVE('',#6102,#6107);
#6102 = PLANE('',#6103);
#6103 = AXIS2_PLACEMENT_3D('',#6104,#6105,#6106);
#6104 = CARTESIAN_POINT('',(0.,0.,0.));
#6105 = DIRECTION('',(0.,0.,1.));
#6106 = DIRECTION('',(1.,0.,-0.));
#6107 = DEFINITIONAL_REPRESENTATION('',(#6108),#6112);
#6108 = CIRCLE('',#6109,12.);
#6109 = AXIS2_PLACEMENT_2D('',#6110,#6111);
#6110 = CARTESIAN_POINT('',(0.,0.));
#6111 = DIRECTION('',(1.,0.));
#6112 = ( GEOMETRIC_REPRESENTATION_CONTEXT(2) 
PARAMETRIC_REPRESENTATION_CONTEXT() REPRESENTATION_CONTEXT('2D SPACE',''
  ) );
#6113 = ORIENTED_EDGE('',*,*,#6064,.T.);
#6114 = ADVANCED_FACE('',(#6115),#6052,.T.);
#6115 = FACE_BOUND('',#6116,.T.);
#6116 = EDGE_LOOP('',(#6117));
#6117 = ORIENTED_EDGE('',*,*,#6030,.T.);
#6118 = ADVANCED_FACE('',(#6119),#6102,.F.);
#6119 = FACE_BOUND('',#6120,.T.);
#6120 = EDGE_LOOP('',(#6121));
#6121 = ORIENTED_EDGE('',*,*,#6087,.F.);
#6122 = ( GEOMETRIC_REPRESENTATION_CONTEXT(3) 
GLOBAL_UNCERTAINTY_ASSIGNED_CONTEXT((#6126)) 
GLOBAL_UNIT_ASSIGNED_CONTEXT((#6123,#6124,#6125)) REPRESENTATION_CONTEXT
('Context #1','3D Context with UNIT and UNCERTAINTY') );
#6123 = ( LENGTH_UNIT() NAMED_UNIT(*) SI_UNIT(.MILLI.,.METRE.) );
#6124 = ( NAMED_UNIT(*) PLANE_ANGLE_UNIT() SI_UNIT($,.RADIAN.) );
#6125 = ( NAMED_UNIT(*) SI_UNIT($,.STERADIAN.) SOLID_ANGLE_UNIT() );
#6126 = UNCERTAINTY_MEASURE_WITH_UNIT(LENGTH_MEASURE(1.E-07),#6123,
  'distance_accuracy_value','confusion accuracy');
#6127 = CONTEXT_DEPENDENT_SHAPE_REPRESENTATION(#6128,#6130);
#6128 = ( REPRESENTATION_RELATIONSHIP('','',#6023,#6000) 
REPRESENTATION_RELATIONSHIP_WITH_TRANSFORMATION(#6129) 
SHAPE_REPRESENTATION_RELATIONSHIP() );
#6129 = ITEM_DEFINED_TRANSFORMATION('','',#11,#6001);
#6130 = PRODUCT_DEFINITION_SHAPE('Placement','Placement of an item',
  #6131);
#6131 = NEXT_ASSEMBLY_USAGE_OCCURRENCE('353','=>[0:1:1:53]','',#5995,
  #6018,$);
#6132 = PRODUCT_RELATED_PRODUCT_CATEGORY('part',$,(#6020));
#6133 = SHAPE_DEFINITION_REPRESENTATION(#6134,#6140);
#6134 = PRODUCT_DEFINITION_SHAPE('','',#6135);
#6135 = PRODUCT_DEFINITION('design','',#6136,#6139);
#6136 = PRODUCT_DEFINITION_FORMATION('','',#6137);
#6137 = PRODUCT('right_upper_arm_carbon_link',
  'right_upper_arm_carbon_link','',(#6138));
#6138 = PRODUCT_CONTEXT('',#2,'mechanical');
#6139 = PRODUCT_DEFINITION_CONTEXT('part definition',#2,'design');
#6140 = SHAPE_REPRESENTATION('',(#11,#6141),#6145);
#6141 = AXIS2_PLACEMENT_3D('',#6142,#6143,#6144);
#6142 = CARTESIAN_POINT('',(0.,0.,-102.9611577246));
#6143 = DIRECTION('',(0.,0.,1.));
#6144 = DIRECTION('',(1.,0.,0.));
#6145 = ( GEOMETRIC_REPRESENTATION_CONTEXT(3) 
GLOBAL_UNCERTAINTY_ASSIGNED_CONTEXT((#6149)) 
GLOBAL_UNIT_ASSIGNED_CONTEXT((#6146,#6147,#6148)) REPRESENTATION_CONTEXT
('Context #1','3D Context with UNIT and UNCERTAINTY') );
#6146 = ( LENGTH_UNIT() NAMED_UNIT(*) SI_UNIT(.MILLI.,.METRE.) );
#6147 = ( NAMED_UNIT(*) PLANE_ANGLE_UNIT() SI_UNIT($,.RADIAN.) );
#6148 = ( NAMED_UNIT(*) SI_UNIT($,.STERADIAN.) SOLID_ANGLE_UNIT() );
#6149 = UNCERTAINTY_MEASURE_WITH_UNIT(LENGTH_MEASURE(1.E-07),#6146,
  'distance_accuracy_value','confusion accuracy');
#6150 = CONTEXT_DEPENDENT_SHAPE_REPRESENTATION(#6151,#6153);
#6151 = ( REPRESENTATION_RELATIONSHIP('','',#6140,#10) 
REPRESENTATION_RELATIONSHIP_WITH_TRANSFORMATION(#6152) 
SHAPE_REPRESENTATION_RELATIONSHIP() );
#6152 = ITEM_DEFINED_TRANSFORMATION('','',#11,#119);
#6153 = PRODUCT_DEFINITION_SHAPE('Placement','Placement of an item',
  #6154);
#6154 = NEXT_ASSEMBLY_USAGE_OCCURRENCE('356','=>[0:1:1:54]','',#5,#6135,
  $);
#6155 = PRODUCT_RELATED_PRODUCT_CATEGORY('part',$,(#6137));
#6156 = SHAPE_DEFINITION_REPRESENTATION(#6157,#6163);
#6157 = PRODUCT_DEFINITION_SHAPE('','',#6158);
#6158 = PRODUCT_DEFINITION('design','',#6159,#6162);
#6159 = PRODUCT_DEFINITION_FORMATION('','',#6160);
#6160 = PRODUCT('SOLID','SOLID','',(#6161));
#6161 = PRODUCT_CONTEXT('',#2,'mechanical');
#6162 = PRODUCT_DEFINITION_CONTEXT('part definition',#2,'design');
#6163 = ADVANCED_BREP_SHAPE_REPRESENTATION('',(#11,#6164),#6262);
#6164 = MANIFOLD_SOLID_BREP('',#6165);
#6165 = CLOSED_SHELL('',(#6166,#6254,#6258));
#6166 = ADVANCED_FACE('',(#6167),#6180,.T.);
#6167 = FACE_BOUND('',#6168,.T.);
#6168 = EDGE_LOOP('',(#6169,#6203,#6226,#6253));
#6169 = ORIENTED_EDGE('',*,*,#6170,.F.);
#6170 = EDGE_CURVE('',#6171,#6171,#6173,.T.);
#6171 = VERTEX_POINT('',#6172);
#6172 = CARTESIAN_POINT('',(16.,-3.918869757272E-15,205.92231544929));
#6173 = SURFACE_CURVE('',#6174,(#6179,#6191),.PCURVE_S1.);
#6174 = CIRCLE('',#6175,16.);
#6175 = AXIS2_PLACEMENT_3D('',#6176,#6177,#6178);
#6176 = CARTESIAN_POINT('',(0.,0.,205.92231544929));
#6177 = DIRECTION('',(0.,0.,1.));
#6178 = DIRECTION('',(1.,0.,-0.));
#6179 = PCURVE('',#6180,#6185);
#6180 = CYLINDRICAL_SURFACE('',#6181,16.);
#6181 = AXIS2_PLACEMENT_3D('',#6182,#6183,#6184);
#6182 = CARTESIAN_POINT('',(0.,0.,0.));
#6183 = DIRECTION('',(0.,0.,1.));
#6184 = DIRECTION('',(1.,0.,-0.));
#6185 = DEFINITIONAL_REPRESENTATION('',(#6186),#6190);
#6186 = LINE('',#6187,#6188);
#6187 = CARTESIAN_POINT('',(0.,205.92231544929));
#6188 = VECTOR('',#6189,1.);
#6189 = DIRECTION('',(1.,0.));
#6190 = ( GEOMETRIC_REPRESENTATION_CONTEXT(2) 
PARAMETRIC_REPRESENTATION_CONTEXT() REPRESENTATION_CONTEXT('2D SPACE',''
  ) );
#6191 = PCURVE('',#6192,#6197);
#6192 = PLANE('',#6193);
#6193 = AXIS2_PLACEMENT_3D('',#6194,#6195,#6196);
#6194 = CARTESIAN_POINT('',(0.,0.,205.92231544929));
#6195 = DIRECTION('',(0.,0.,1.));
#6196 = DIRECTION('',(1.,0.,-0.));
#6197 = DEFINITIONAL_REPRESENTATION('',(#6198),#6202);
#6198 = CIRCLE('',#6199,16.);
#6199 = AXIS2_PLACEMENT_2D('',#6200,#6201);
#6200 = CARTESIAN_POINT('',(0.,0.));
#6201 = DIRECTION('',(1.,0.));
#6202 = ( GEOMETRIC_REPRESENTATION_CONTEXT(2) 
PARAMETRIC_REPRESENTATION_CONTEXT() REPRESENTATION_CONTEXT('2D SPACE',''
  ) );
#6203 = ORIENTED_EDGE('',*,*,#6204,.F.);
#6204 = EDGE_CURVE('',#6205,#6171,#6207,.T.);
#6205 = VERTEX_POINT('',#6206);
#6206 = CARTESIAN_POINT('',(16.,-3.918869757272E-15,0.));
#6207 = SEAM_CURVE('',#6208,(#6212,#6219),.PCURVE_S1.);
#6208 = LINE('',#6209,#6210);
#6209 = CARTESIAN_POINT('',(16.,-3.918869757272E-15,0.));
#6210 = VECTOR('',#6211,1.);
#6211 = DIRECTION('',(0.,0.,1.));
#6212 = PCURVE('',#6180,#6213);
#6213 = DEFINITIONAL_REPRESENTATION('',(#6214),#6218);
#6214 = LINE('',#6215,#6216);
#6215 = CARTESIAN_POINT('',(6.28318530718,-0.));
#6216 = VECTOR('',#6217,1.);
#6217 = DIRECTION('',(0.,1.));
#6218 = ( GEOMETRIC_REPRESENTATION_CONTEXT(2) 
PARAMETRIC_REPRESENTATION_CONTEXT() REPRESENTATION_CONTEXT('2D SPACE',''
  ) );
#6219 = PCURVE('',#6180,#6220);
#6220 = DEFINITIONAL_REPRESENTATION('',(#6221),#6225);
#6221 = LINE('',#6222,#6223);
#6222 = CARTESIAN_POINT('',(0.,-0.));
#6223 = VECTOR('',#6224,1.);
#6224 = DIRECTION('',(0.,1.));
#6225 = ( GEOMETRIC_REPRESENTATION_CONTEXT(2) 
PARAMETRIC_REPRESENTATION_CONTEXT() REPRESENTATION_CONTEXT('2D SPACE',''
  ) );
#6226 = ORIENTED_EDGE('',*,*,#6227,.T.);
#6227 = EDGE_CURVE('',#6205,#6205,#6228,.T.);
#6228 = SURFACE_CURVE('',#6229,(#6234,#6241),.PCURVE_S1.);
#6229 = CIRCLE('',#6230,16.);
#6230 = AXIS2_PLACEMENT_3D('',#6231,#6232,#6233);
#6231 = CARTESIAN_POINT('',(0.,0.,0.));
#6232 = DIRECTION('',(0.,0.,1.));
#6233 = DIRECTION('',(1.,0.,-0.));
#6234 = PCURVE('',#6180,#6235);
#6235 = DEFINITIONAL_REPRESENTATION('',(#6236),#6240);
#6236 = LINE('',#6237,#6238);
#6237 = CARTESIAN_POINT('',(0.,0.));
#6238 = VECTOR('',#6239,1.);
#6239 = DIRECTION('',(1.,0.));
#6240 = ( GEOMETRIC_REPRESENTATION_CONTEXT(2) 
PARAMETRIC_REPRESENTATION_CONTEXT() REPRESENTATION_CONTEXT('2D SPACE',''
  ) );
#6241 = PCURVE('',#6242,#6247);
#6242 = PLANE('',#6243);
#6243 = AXIS2_PLACEMENT_3D('',#6244,#6245,#6246);
#6244 = CARTESIAN_POINT('',(0.,0.,0.));
#6245 = DIRECTION('',(0.,0.,1.));
#6246 = DIRECTION('',(1.,0.,-0.));
#6247 = DEFINITIONAL_REPRESENTATION('',(#6248),#6252);
#6248 = CIRCLE('',#6249,16.);
#6249 = AXIS2_PLACEMENT_2D('',#6250,#6251);
#6250 = CARTESIAN_POINT('',(0.,0.));
#6251 = DIRECTION('',(1.,0.));
#6252 = ( GEOMETRIC_REPRESENTATION_CONTEXT(2) 
PARAMETRIC_REPRESENTATION_CONTEXT() REPRESENTATION_CONTEXT('2D SPACE',''
  ) );
#6253 = ORIENTED_EDGE('',*,*,#6204,.T.);
#6254 = ADVANCED_FACE('',(#6255),#6192,.T.);
#6255 = FACE_BOUND('',#6256,.T.);
#6256 = EDGE_LOOP('',(#6257));
#6257 = ORIENTED_EDGE('',*,*,#6170,.T.);
#6258 = ADVANCED_FACE('',(#6259),#6242,.F.);
#6259 = FACE_BOUND('',#6260,.T.);
#6260 = EDGE_LOOP('',(#6261));
#6261 = ORIENTED_EDGE('',*,*,#6227,.F.);
#6262 = ( GEOMETRIC_REPRESENTATION_CONTEXT(3) 
GLOBAL_UNCERTAINTY_ASSIGNED_CONTEXT((#6266)) 
GLOBAL_UNIT_ASSIGNED_CONTEXT((#6263,#6264,#6265)) REPRESENTATION_CONTEXT
('Context #1','3D Context with UNIT and UNCERTAINTY') );
#6263 = ( LENGTH_UNIT() NAMED_UNIT(*) SI_UNIT(.MILLI.,.METRE.) );
#6264 = ( NAMED_UNIT(*) PLANE_ANGLE_UNIT() SI_UNIT($,.RADIAN.) );
#6265 = ( NAMED_UNIT(*) SI_UNIT($,.STERADIAN.) SOLID_ANGLE_UNIT() );
#6266 = UNCERTAINTY_MEASURE_WITH_UNIT(LENGTH_MEASURE(1.E-07),#6263,
  'distance_accuracy_value','confusion accuracy');
#6267 = CONTEXT_DEPENDENT_SHAPE_REPRESENTATION(#6268,#6270);
#6268 = ( REPRESENTATION_RELATIONSHIP('','',#6163,#6140) 
REPRESENTATION_RELATIONSHIP_WITH_TRANSFORMATION(#6269) 
SHAPE_REPRESENTATION_RELATIONSHIP() );
#6269 = ITEM_DEFINED_TRANSFORMATION('','',#11,#6141);
#6270 = PRODUCT_DEFINITION_SHAPE('Placement','Placement of an item',
  #6271);
#6271 = NEXT_ASSEMBLY_USAGE_OCCURRENCE('355','=>[0:1:1:55]','',#6135,
  #6158,$);
#6272 = PRODUCT_RELATED_PRODUCT_CATEGORY('part',$,(#6160));
#6273 = SHAPE_DEFINITION_REPRESENTATION(#6274,#6280);
#6274 = PRODUCT_DEFINITION_SHAPE('','',#6275);
#6275 = PRODUCT_DEFINITION('design','',#6276,#6279);
#6276 = PRODUCT_DEFINITION_FORMATION('','',#6277);
#6277 = PRODUCT('right_lower_arm_load_link','right_lower_arm_load_link',
  '',(#6278));
#6278 = PRODUCT_CONTEXT('',#2,'mechanical');
#6279 = PRODUCT_DEFINITION_CONTEXT('part definition',#2,'design');
#6280 = SHAPE_REPRESENTATION('',(#11,#6281),#6285);
#6281 = AXIS2_PLACEMENT_3D('',#6282,#6283,#6284);
#6282 = CARTESIAN_POINT('',(0.,0.,-77.63536565251));
#6283 = DIRECTION('',(0.,0.,1.));
#6284 = DIRECTION('',(1.,0.,0.));
#6285 = ( GEOMETRIC_REPRESENTATION_CONTEXT(3) 
GLOBAL_UNCERTAINTY_ASSIGNED_CONTEXT((#6289)) 
GLOBAL_UNIT_ASSIGNED_CONTEXT((#6286,#6287,#6288)) REPRESENTATION_CONTEXT
('Context #1','3D Context with UNIT and UNCERTAINTY') );
#6286 = ( LENGTH_UNIT() NAMED_UNIT(*) SI_UNIT(.MILLI.,.METRE.) );
#6287 = ( NAMED_UNIT(*) PLANE_ANGLE_UNIT() SI_UNIT($,.RADIAN.) );
#6288 = ( NAMED_UNIT(*) SI_UNIT($,.STERADIAN.) SOLID_ANGLE_UNIT() );
#6289 = UNCERTAINTY_MEASURE_WITH_UNIT(LENGTH_MEASURE(1.E-07),#6286,
  'distance_accuracy_value','confusion accuracy');
#6290 = CONTEXT_DEPENDENT_SHAPE_REPRESENTATION(#6291,#6293);
#6291 = ( REPRESENTATION_RELATIONSHIP('','',#6280,#10) 
REPRESENTATION_RELATIONSHIP_WITH_TRANSFORMATION(#6292) 
SHAPE_REPRESENTATION_RELATIONSHIP() );
#6292 = ITEM_DEFINED_TRANSFORMATION('','',#11,#123);
#6293 = PRODUCT_DEFINITION_SHAPE('Placement','Placement of an item',
  #6294);
#6294 = NEXT_ASSEMBLY_USAGE_OCCURRENCE('358','=>[0:1:1:56]','',#5,#6275,
  $);
#6295 = PRODUCT_RELATED_PRODUCT_CATEGORY('part',$,(#6277));
#6296 = SHAPE_DEFINITION_REPRESENTATION(#6297,#6303);
#6297 = PRODUCT_DEFINITION_SHAPE('','',#6298);
#6298 = PRODUCT_DEFINITION('design','',#6299,#6302);
#6299 = PRODUCT_DEFINITION_FORMATION('','',#6300);
#6300 = PRODUCT('SOLID','SOLID','',(#6301));
#6301 = PRODUCT_CONTEXT('',#2,'mechanical');
#6302 = PRODUCT_DEFINITION_CONTEXT('part definition',#2,'design');
#6303 = ADVANCED_BREP_SHAPE_REPRESENTATION('',(#11,#6304),#6402);
#6304 = MANIFOLD_SOLID_BREP('',#6305);
#6305 = CLOSED_SHELL('',(#6306,#6394,#6398));
#6306 = ADVANCED_FACE('',(#6307),#6320,.T.);
#6307 = FACE_BOUND('',#6308,.T.);
#6308 = EDGE_LOOP('',(#6309,#6343,#6366,#6393));
#6309 = ORIENTED_EDGE('',*,*,#6310,.F.);
#6310 = EDGE_CURVE('',#6311,#6311,#6313,.T.);
#6311 = VERTEX_POINT('',#6312);
#6312 = CARTESIAN_POINT('',(14.,-3.429011037613E-15,155.27073130503));
#6313 = SURFACE_CURVE('',#6314,(#6319,#6331),.PCURVE_S1.);
#6314 = CIRCLE('',#6315,14.);
#6315 = AXIS2_PLACEMENT_3D('',#6316,#6317,#6318);
#6316 = CARTESIAN_POINT('',(0.,0.,155.27073130503));
#6317 = DIRECTION('',(0.,0.,1.));
#6318 = DIRECTION('',(1.,0.,-0.));
#6319 = PCURVE('',#6320,#6325);
#6320 = CYLINDRICAL_SURFACE('',#6321,14.);
#6321 = AXIS2_PLACEMENT_3D('',#6322,#6323,#6324);
#6322 = CARTESIAN_POINT('',(0.,0.,0.));
#6323 = DIRECTION('',(0.,0.,1.));
#6324 = DIRECTION('',(1.,0.,-0.));
#6325 = DEFINITIONAL_REPRESENTATION('',(#6326),#6330);
#6326 = LINE('',#6327,#6328);
#6327 = CARTESIAN_POINT('',(0.,155.27073130503));
#6328 = VECTOR('',#6329,1.);
#6329 = DIRECTION('',(1.,0.));
#6330 = ( GEOMETRIC_REPRESENTATION_CONTEXT(2) 
PARAMETRIC_REPRESENTATION_CONTEXT() REPRESENTATION_CONTEXT('2D SPACE',''
  ) );
#6331 = PCURVE('',#6332,#6337);
#6332 = PLANE('',#6333);
#6333 = AXIS2_PLACEMENT_3D('',#6334,#6335,#6336);
#6334 = CARTESIAN_POINT('',(0.,0.,155.27073130503));
#6335 = DIRECTION('',(0.,0.,1.));
#6336 = DIRECTION('',(1.,0.,-0.));
#6337 = DEFINITIONAL_REPRESENTATION('',(#6338),#6342);
#6338 = CIRCLE('',#6339,14.);
#6339 = AXIS2_PLACEMENT_2D('',#6340,#6341);
#6340 = CARTESIAN_POINT('',(0.,0.));
#6341 = DIRECTION('',(1.,0.));
#6342 = ( GEOMETRIC_REPRESENTATION_CONTEXT(2) 
PARAMETRIC_REPRESENTATION_CONTEXT() REPRESENTATION_CONTEXT('2D SPACE',''
  ) );
#6343 = ORIENTED_EDGE('',*,*,#6344,.F.);
#6344 = EDGE_CURVE('',#6345,#6311,#6347,.T.);
#6345 = VERTEX_POINT('',#6346);
#6346 = CARTESIAN_POINT('',(14.,-3.429011037613E-15,0.));
#6347 = SEAM_CURVE('',#6348,(#6352,#6359),.PCURVE_S1.);
#6348 = LINE('',#6349,#6350);
#6349 = CARTESIAN_POINT('',(14.,-3.429011037613E-15,0.));
#6350 = VECTOR('',#6351,1.);
#6351 = DIRECTION('',(0.,0.,1.));
#6352 = PCURVE('',#6320,#6353);
#6353 = DEFINITIONAL_REPRESENTATION('',(#6354),#6358);
#6354 = LINE('',#6355,#6356);
#6355 = CARTESIAN_POINT('',(6.28318530718,-0.));
#6356 = VECTOR('',#6357,1.);
#6357 = DIRECTION('',(0.,1.));
#6358 = ( GEOMETRIC_REPRESENTATION_CONTEXT(2) 
PARAMETRIC_REPRESENTATION_CONTEXT() REPRESENTATION_CONTEXT('2D SPACE',''
  ) );
#6359 = PCURVE('',#6320,#6360);
#6360 = DEFINITIONAL_REPRESENTATION('',(#6361),#6365);
#6361 = LINE('',#6362,#6363);
#6362 = CARTESIAN_POINT('',(0.,-0.));
#6363 = VECTOR('',#6364,1.);
#6364 = DIRECTION('',(0.,1.));
#6365 = ( GEOMETRIC_REPRESENTATION_CONTEXT(2) 
PARAMETRIC_REPRESENTATION_CONTEXT() REPRESENTATION_CONTEXT('2D SPACE',''
  ) );
#6366 = ORIENTED_EDGE('',*,*,#6367,.T.);
#6367 = EDGE_CURVE('',#6345,#6345,#6368,.T.);
#6368 = SURFACE_CURVE('',#6369,(#6374,#6381),.PCURVE_S1.);
#6369 = CIRCLE('',#6370,14.);
#6370 = AXIS2_PLACEMENT_3D('',#6371,#6372,#6373);
#6371 = CARTESIAN_POINT('',(0.,0.,0.));
#6372 = DIRECTION('',(0.,0.,1.));
#6373 = DIRECTION('',(1.,0.,-0.));
#6374 = PCURVE('',#6320,#6375);
#6375 = DEFINITIONAL_REPRESENTATION('',(#6376),#6380);
#6376 = LINE('',#6377,#6378);
#6377 = CARTESIAN_POINT('',(0.,0.));
#6378 = VECTOR('',#6379,1.);
#6379 = DIRECTION('',(1.,0.));
#6380 = ( GEOMETRIC_REPRESENTATION_CONTEXT(2) 
PARAMETRIC_REPRESENTATION_CONTEXT() REPRESENTATION_CONTEXT('2D SPACE',''
  ) );
#6381 = PCURVE('',#6382,#6387);
#6382 = PLANE('',#6383);
#6383 = AXIS2_PLACEMENT_3D('',#6384,#6385,#6386);
#6384 = CARTESIAN_POINT('',(0.,0.,0.));
#6385 = DIRECTION('',(0.,0.,1.));
#6386 = DIRECTION('',(1.,0.,-0.));
#6387 = DEFINITIONAL_REPRESENTATION('',(#6388),#6392);
#6388 = CIRCLE('',#6389,14.);
#6389 = AXIS2_PLACEMENT_2D('',#6390,#6391);
#6390 = CARTESIAN_POINT('',(0.,0.));
#6391 = DIRECTION('',(1.,0.));
#6392 = ( GEOMETRIC_REPRESENTATION_CONTEXT(2) 
PARAMETRIC_REPRESENTATION_CONTEXT() REPRESENTATION_CONTEXT('2D SPACE',''
  ) );
#6393 = ORIENTED_EDGE('',*,*,#6344,.T.);
#6394 = ADVANCED_FACE('',(#6395),#6332,.T.);
#6395 = FACE_BOUND('',#6396,.T.);
#6396 = EDGE_LOOP('',(#6397));
#6397 = ORIENTED_EDGE('',*,*,#6310,.T.);
#6398 = ADVANCED_FACE('',(#6399),#6382,.F.);
#6399 = FACE_BOUND('',#6400,.T.);
#6400 = EDGE_LOOP('',(#6401));
#6401 = ORIENTED_EDGE('',*,*,#6367,.F.);
#6402 = ( GEOMETRIC_REPRESENTATION_CONTEXT(3) 
GLOBAL_UNCERTAINTY_ASSIGNED_CONTEXT((#6406)) 
GLOBAL_UNIT_ASSIGNED_CONTEXT((#6403,#6404,#6405)) REPRESENTATION_CONTEXT
('Context #1','3D Context with UNIT and UNCERTAINTY') );
#6403 = ( LENGTH_UNIT() NAMED_UNIT(*) SI_UNIT(.MILLI.,.METRE.) );
#6404 = ( NAMED_UNIT(*) PLANE_ANGLE_UNIT() SI_UNIT($,.RADIAN.) );
#6405 = ( NAMED_UNIT(*) SI_UNIT($,.STERADIAN.) SOLID_ANGLE_UNIT() );
#6406 = UNCERTAINTY_MEASURE_WITH_UNIT(LENGTH_MEASURE(1.E-07),#6403,
  'distance_accuracy_value','confusion accuracy');
#6407 = CONTEXT_DEPENDENT_SHAPE_REPRESENTATION(#6408,#6410);
#6408 = ( REPRESENTATION_RELATIONSHIP('','',#6303,#6280) 
REPRESENTATION_RELATIONSHIP_WITH_TRANSFORMATION(#6409) 
SHAPE_REPRESENTATION_RELATIONSHIP() );
#6409 = ITEM_DEFINED_TRANSFORMATION('','',#11,#6281);
#6410 = PRODUCT_DEFINITION_SHAPE('Placement','Placement of an item',
  #6411);
#6411 = NEXT_ASSEMBLY_USAGE_OCCURRENCE('357','=>[0:1:1:57]','',#6275,
  #6298,$);
#6412 = PRODUCT_RELATED_PRODUCT_CATEGORY('part',$,(#6300));
#6413 = MECHANICAL_DESIGN_GEOMETRIC_PRESENTATION_REPRESENTATION('',(
    #6414),#4230);
#6414 = STYLED_ITEM('color',(#6415),#4048);
#6415 = PRESENTATION_STYLE_ASSIGNMENT((#6416));
#6416 = SURFACE_STYLE_USAGE(.BOTH.,#6417);
#6417 = SURFACE_SIDE_STYLE('',(#6418));
#6418 = SURFACE_STYLE_FILL_AREA(#6419);
#6419 = FILL_AREA_STYLE('',(#6420));
#6420 = FILL_AREA_STYLE_COLOUR('',#6421);
#6421 = COLOUR_RGB('',0.809468152636,0.809468152636,0.785776927019);
#6422 = MECHANICAL_DESIGN_GEOMETRIC_PRESENTATION_REPRESENTATION('',(
    #6423),#3262);
#6423 = STYLED_ITEM('color',(#6424),#3164);
#6424 = PRESENTATION_STYLE_ASSIGNMENT((#6425));
#6425 = SURFACE_STYLE_USAGE(.BOTH.,#6426);
#6426 = SURFACE_SIDE_STYLE('',(#6427));
#6427 = SURFACE_STYLE_FILL_AREA(#6428);
#6428 = FILL_AREA_STYLE('',(#6429));
#6429 = FILL_AREA_STYLE_COLOUR('',#6421);
#6430 = MECHANICAL_DESIGN_GEOMETRIC_PRESENTATION_REPRESENTATION('',(
    #6431),#866);
#6431 = STYLED_ITEM('color',(#6432),#536);
#6432 = PRESENTATION_STYLE_ASSIGNMENT((#6433));
#6433 = SURFACE_STYLE_USAGE(.BOTH.,#6434);
#6434 = SURFACE_SIDE_STYLE('',(#6435));
#6435 = SURFACE_STYLE_FILL_AREA(#6436);
#6436 = FILL_AREA_STYLE('',(#6437));
#6437 = FILL_AREA_STYLE_COLOUR('',#6438);
#6438 = COLOUR_RGB('',0.896243869286,0.886003966688,0.843389171228);
#6439 = MECHANICAL_DESIGN_GEOMETRIC_PRESENTATION_REPRESENTATION('',(
    #6440),#4958);
#6440 = STYLED_ITEM('color',(#6441),#4860);
#6441 = PRESENTATION_STYLE_ASSIGNMENT((#6442));
#6442 = SURFACE_STYLE_USAGE(.BOTH.,#6443);
#6443 = SURFACE_SIDE_STYLE('',(#6444));
#6444 = SURFACE_STYLE_FILL_AREA(#6445);
#6445 = FILL_AREA_STYLE('',(#6446));
#6446 = FILL_AREA_STYLE_COLOUR('',#6447);
#6447 = COLOUR_RGB('',0.171844088395,0.182812664181,0.189748278101);
#6448 = MECHANICAL_DESIGN_GEOMETRIC_PRESENTATION_REPRESENTATION('',(
    #6449),#1454);
#6449 = STYLED_ITEM('color',(#6450),#1272);
#6450 = PRESENTATION_STYLE_ASSIGNMENT((#6451));
#6451 = SURFACE_STYLE_USAGE(.BOTH.,#6452);
#6452 = SURFACE_SIDE_STYLE('',(#6453));
#6453 = SURFACE_STYLE_FILL_AREA(#6454);
#6454 = FILL_AREA_STYLE('',(#6455));
#6455 = FILL_AREA_STYLE_COLOUR('',#6421);
#6456 = MECHANICAL_DESIGN_GEOMETRIC_PRESENTATION_REPRESENTATION('',(
    #6457),#494);
#6457 = STYLED_ITEM('color',(#6458),#164);
#6458 = PRESENTATION_STYLE_ASSIGNMENT((#6459));
#6459 = SURFACE_STYLE_USAGE(.BOTH.,#6460);
#6460 = SURFACE_SIDE_STYLE('',(#6461));
#6461 = SURFACE_STYLE_FILL_AREA(#6462);
#6462 = FILL_AREA_STYLE('',(#6463));
#6463 = FILL_AREA_STYLE_COLOUR('',#6464);
#6464 = COLOUR_RGB('',0.436627062838,0.449203874658,0.449203874658);
#6465 = MECHANICAL_DESIGN_GEOMETRIC_PRESENTATION_REPRESENTATION('',(
    #6466),#2190);
#6466 = STYLED_ITEM('color',(#6467),#1860);
#6467 = PRESENTATION_STYLE_ASSIGNMENT((#6468));
#6468 = SURFACE_STYLE_USAGE(.BOTH.,#6469);
#6469 = SURFACE_SIDE_STYLE('',(#6470));
#6470 = SURFACE_STYLE_FILL_AREA(#6471);
#6471 = FILL_AREA_STYLE('',(#6472));
#6472 = FILL_AREA_STYLE_COLOUR('',#6473);
#6473 = COLOUR_RGB('',0.293372055022,0.303532057365,0.303532057365);
#6474 = MECHANICAL_DESIGN_GEOMETRIC_PRESENTATION_REPRESENTATION('',(
    #6475),#4006);
#6475 = STYLED_ITEM('color',(#6476),#3676);
#6476 = PRESENTATION_STYLE_ASSIGNMENT((#6477));
#6477 = SURFACE_STYLE_USAGE(.BOTH.,#6478);
#6478 = SURFACE_SIDE_STYLE('',(#6479));
#6479 = SURFACE_STYLE_FILL_AREA(#6480);
#6480 = FILL_AREA_STYLE('',(#6481));
#6481 = FILL_AREA_STYLE_COLOUR('',#6438);
#6482 = MECHANICAL_DESIGN_GEOMETRIC_PRESENTATION_REPRESENTATION('',(
    #6483),#1818);
#6483 = STYLED_ITEM('color',(#6484),#1720);
#6484 = PRESENTATION_STYLE_ASSIGNMENT((#6485));
#6485 = SURFACE_STYLE_USAGE(.BOTH.,#6486);
#6486 = SURFACE_SIDE_STYLE('',(#6487));
#6487 = SURFACE_STYLE_FILL_AREA(#6488);
#6488 = FILL_AREA_STYLE('',(#6489));
#6489 = FILL_AREA_STYLE_COLOUR('',#6447);
#6490 = MECHANICAL_DESIGN_GEOMETRIC_PRESENTATION_REPRESENTATION('',(
    #6491),#6262);
#6491 = STYLED_ITEM('color',(#6492),#6164);
#6492 = PRESENTATION_STYLE_ASSIGNMENT((#6493));
#6493 = SURFACE_STYLE_USAGE(.BOTH.,#6494);
#6494 = SURFACE_SIDE_STYLE('',(#6495));
#6495 = SURFACE_STYLE_FILL_AREA(#6496);
#6496 = FILL_AREA_STYLE('',(#6497));
#6497 = FILL_AREA_STYLE_COLOUR('',#6421);
#6498 = MECHANICAL_DESIGN_GEOMETRIC_PRESENTATION_REPRESENTATION('',(
    #6499),#4594);
#6499 = STYLED_ITEM('color',(#6500),#4412);
#6500 = PRESENTATION_STYLE_ASSIGNMENT((#6501));
#6501 = SURFACE_STYLE_USAGE(.BOTH.,#6502);
#6502 = SURFACE_SIDE_STYLE('',(#6503));
#6503 = SURFACE_STYLE_FILL_AREA(#6504);
#6504 = FILL_AREA_STYLE('',(#6505));
#6505 = FILL_AREA_STYLE_COLOUR('',#6421);
#6506 = MECHANICAL_DESIGN_GEOMETRIC_PRESENTATION_REPRESENTATION('',(
    #6507),#2842);
#6507 = STYLED_ITEM('color',(#6508),#2744);
#6508 = PRESENTATION_STYLE_ASSIGNMENT((#6509));
#6509 = SURFACE_STYLE_USAGE(.BOTH.,#6510);
#6510 = SURFACE_SIDE_STYLE('',(#6511));
#6511 = SURFACE_STYLE_FILL_AREA(#6512);
#6512 = FILL_AREA_STYLE('',(#6513));
#6513 = FILL_AREA_STYLE_COLOUR('',#6421);
#6514 = MECHANICAL_DESIGN_GEOMETRIC_PRESENTATION_REPRESENTATION('',(
    #6515),#5702);
#6515 = STYLED_ITEM('color',(#6516),#5372);
#6516 = PRESENTATION_STYLE_ASSIGNMENT((#6517));
#6517 = SURFACE_STYLE_USAGE(.BOTH.,#6518);
#6518 = SURFACE_SIDE_STYLE('',(#6519,#6523));
#6519 = SURFACE_STYLE_FILL_AREA(#6520);
#6520 = FILL_AREA_STYLE('',(#6521));
#6521 = FILL_AREA_STYLE_COLOUR('',#6522);
#6522 = COLOUR_RGB('',0.220916359979,0.313304153717,0.349190215138);
#6523 = SURFACE_STYLE_RENDERING_WITH_PROPERTIES(.NORMAL_SHADING.,#6522,(
    #6524));
#6524 = SURFACE_STYLE_TRANSPARENT(0.180000007153);
#6525 = MECHANICAL_DESIGN_GEOMETRIC_PRESENTATION_REPRESENTATION('',(
    #6526),#5330);
#6526 = STYLED_ITEM('color',(#6527),#5000);
#6527 = PRESENTATION_STYLE_ASSIGNMENT((#6528));
#6528 = SURFACE_STYLE_USAGE(.BOTH.,#6529);
#6529 = SURFACE_SIDE_STYLE('',(#6530));
#6530 = SURFACE_STYLE_FILL_AREA(#6531);
#6531 = FILL_AREA_STYLE('',(#6532));
#6532 = FILL_AREA_STYLE_COLOUR('',#6473);
#6533 = MECHANICAL_DESIGN_GEOMETRIC_PRESENTATION_REPRESENTATION('',(
    #6534),#3122);
#6534 = STYLED_ITEM('color',(#6535),#3024);
#6535 = PRESENTATION_STYLE_ASSIGNMENT((#6536));
#6536 = SURFACE_STYLE_USAGE(.BOTH.,#6537);
#6537 = SURFACE_SIDE_STYLE('',(#6538));
#6538 = SURFACE_STYLE_FILL_AREA(#6539);
#6539 = FILL_AREA_STYLE('',(#6540));
#6540 = FILL_AREA_STYLE_COLOUR('',#6421);
#6541 = MECHANICAL_DESIGN_GEOMETRIC_PRESENTATION_REPRESENTATION('',(
    #6542),#1678);
#6542 = STYLED_ITEM('color',(#6543),#1496);
#6543 = PRESENTATION_STYLE_ASSIGNMENT((#6544));
#6544 = SURFACE_STYLE_USAGE(.BOTH.,#6545);
#6545 = SURFACE_SIDE_STYLE('',(#6546));
#6546 = SURFACE_STYLE_FILL_AREA(#6547);
#6547 = FILL_AREA_STYLE('',(#6548));
#6548 = FILL_AREA_STYLE_COLOUR('',#6421);
#6549 = MECHANICAL_DESIGN_GEOMETRIC_PRESENTATION_REPRESENTATION('',(
    #6550),#6402);
#6550 = STYLED_ITEM('color',(#6551),#6304);
#6551 = PRESENTATION_STYLE_ASSIGNMENT((#6552));
#6552 = SURFACE_STYLE_USAGE(.BOTH.,#6553);
#6553 = SURFACE_SIDE_STYLE('',(#6554));
#6554 = SURFACE_STYLE_FILL_AREA(#6555);
#6555 = FILL_AREA_STYLE('',(#6556));
#6556 = FILL_AREA_STYLE_COLOUR('',#6421);
#6557 = MECHANICAL_DESIGN_GEOMETRIC_PRESENTATION_REPRESENTATION('',(
    #6558),#2562);
#6558 = STYLED_ITEM('color',(#6559),#2232);
#6559 = PRESENTATION_STYLE_ASSIGNMENT((#6560));
#6560 = SURFACE_STYLE_USAGE(.BOTH.,#6561);
#6561 = SURFACE_SIDE_STYLE('',(#6562,#6565));
#6562 = SURFACE_STYLE_FILL_AREA(#6563);
#6563 = FILL_AREA_STYLE('',(#6564));
#6564 = FILL_AREA_STYLE_COLOUR('',#6522);
#6565 = SURFACE_STYLE_RENDERING_WITH_PROPERTIES(.NORMAL_SHADING.,#6522,(
    #6566));
#6566 = SURFACE_STYLE_TRANSPARENT(0.180000007153);
#6567 = MECHANICAL_DESIGN_GEOMETRIC_PRESENTATION_REPRESENTATION('',(
    #6568),#1230);
#6568 = STYLED_ITEM('color',(#6569),#1132);
#6569 = PRESENTATION_STYLE_ASSIGNMENT((#6570));
#6570 = SURFACE_STYLE_USAGE(.BOTH.,#6571);
#6571 = SURFACE_SIDE_STYLE('',(#6572));
#6572 = SURFACE_STYLE_FILL_AREA(#6573);
#6573 = FILL_AREA_STYLE('',(#6574));
#6574 = FILL_AREA_STYLE_COLOUR('',#6473);
#6575 = MECHANICAL_DESIGN_GEOMETRIC_PRESENTATION_REPRESENTATION('',(
    #6576),#1090);
#6576 = STYLED_ITEM('color',(#6577),#908);
#6577 = PRESENTATION_STYLE_ASSIGNMENT((#6578));
#6578 = SURFACE_STYLE_USAGE(.BOTH.,#6579);
#6579 = SURFACE_SIDE_STYLE('',(#6580));
#6580 = SURFACE_STYLE_FILL_AREA(#6581);
#6581 = FILL_AREA_STYLE('',(#6582));
#6582 = FILL_AREA_STYLE_COLOUR('',#6421);
#6583 = MECHANICAL_DESIGN_GEOMETRIC_PRESENTATION_REPRESENTATION('',(
    #6584),#5982);
#6584 = STYLED_ITEM('color',(#6585),#5884);
#6585 = PRESENTATION_STYLE_ASSIGNMENT((#6586));
#6586 = SURFACE_STYLE_USAGE(.BOTH.,#6587);
#6587 = SURFACE_SIDE_STYLE('',(#6588));
#6588 = SURFACE_STYLE_FILL_AREA(#6589);
#6589 = FILL_AREA_STYLE('',(#6590));
#6590 = FILL_AREA_STYLE_COLOUR('',#6421);
#6591 = MECHANICAL_DESIGN_GEOMETRIC_PRESENTATION_REPRESENTATION('',(
    #6592),#4370);
#6592 = STYLED_ITEM('color',(#6593),#4272);
#6593 = PRESENTATION_STYLE_ASSIGNMENT((#6594));
#6594 = SURFACE_STYLE_USAGE(.BOTH.,#6595);
#6595 = SURFACE_SIDE_STYLE('',(#6596));
#6596 = SURFACE_STYLE_FILL_AREA(#6597);
#6597 = FILL_AREA_STYLE('',(#6598));
#6598 = FILL_AREA_STYLE_COLOUR('',#6473);
#6599 = MECHANICAL_DESIGN_GEOMETRIC_PRESENTATION_REPRESENTATION('',(
    #6600),#2702);
#6600 = STYLED_ITEM('color',(#6601),#2604);
#6601 = PRESENTATION_STYLE_ASSIGNMENT((#6602));
#6602 = SURFACE_STYLE_USAGE(.BOTH.,#6603);
#6603 = SURFACE_SIDE_STYLE('',(#6604));
#6604 = SURFACE_STYLE_FILL_AREA(#6605);
#6605 = FILL_AREA_STYLE('',(#6606));
#6606 = FILL_AREA_STYLE_COLOUR('',#6421);
#6607 = MECHANICAL_DESIGN_GEOMETRIC_PRESENTATION_REPRESENTATION('',(
    #6608),#4818);
#6608 = STYLED_ITEM('color',(#6609),#4636);
#6609 = PRESENTATION_STYLE_ASSIGNMENT((#6610));
#6610 = SURFACE_STYLE_USAGE(.BOTH.,#6611);
#6611 = SURFACE_SIDE_STYLE('',(#6612));
#6612 = SURFACE_STYLE_FILL_AREA(#6613);
#6613 = FILL_AREA_STYLE('',(#6614));
#6614 = FILL_AREA_STYLE_COLOUR('',#6421);
#6615 = MECHANICAL_DESIGN_GEOMETRIC_PRESENTATION_REPRESENTATION('',(
    #6616),#5842);
#6616 = STYLED_ITEM('color',(#6617),#5744);
#6617 = PRESENTATION_STYLE_ASSIGNMENT((#6618));
#6618 = SURFACE_STYLE_USAGE(.BOTH.,#6619);
#6619 = SURFACE_SIDE_STYLE('',(#6620));
#6620 = SURFACE_STYLE_FILL_AREA(#6621);
#6621 = FILL_AREA_STYLE('',(#6622));
#6622 = FILL_AREA_STYLE_COLOUR('',#6421);
#6623 = MECHANICAL_DESIGN_GEOMETRIC_PRESENTATION_REPRESENTATION('',(
    #6624),#3634);
#6624 = STYLED_ITEM('color',(#6625),#3304);
#6625 = PRESENTATION_STYLE_ASSIGNMENT((#6626));
#6626 = SURFACE_STYLE_USAGE(.BOTH.,#6627);
#6627 = SURFACE_SIDE_STYLE('',(#6628));
#6628 = SURFACE_STYLE_FILL_AREA(#6629);
#6629 = FILL_AREA_STYLE('',(#6630));
#6630 = FILL_AREA_STYLE_COLOUR('',#6464);
#6631 = MECHANICAL_DESIGN_GEOMETRIC_PRESENTATION_REPRESENTATION('',(
    #6632),#6122);
#6632 = STYLED_ITEM('color',(#6633),#6024);
#6633 = PRESENTATION_STYLE_ASSIGNMENT((#6634));
#6634 = SURFACE_STYLE_USAGE(.BOTH.,#6635);
#6635 = SURFACE_SIDE_STYLE('',(#6636));
#6636 = SURFACE_STYLE_FILL_AREA(#6637);
#6637 = FILL_AREA_STYLE('',(#6638));
#6638 = FILL_AREA_STYLE_COLOUR('',#6421);
#6639 = MECHANICAL_DESIGN_GEOMETRIC_PRESENTATION_REPRESENTATION('',(
    #6640),#2982);
#6640 = STYLED_ITEM('color',(#6641),#2884);
#6641 = PRESENTATION_STYLE_ASSIGNMENT((#6642));
#6642 = SURFACE_STYLE_USAGE(.BOTH.,#6643);
#6643 = SURFACE_SIDE_STYLE('',(#6644));
#6644 = SURFACE_STYLE_FILL_AREA(#6645);
#6645 = FILL_AREA_STYLE('',(#6646));
#6646 = FILL_AREA_STYLE_COLOUR('',#6421);
ENDSEC;
END-ISO-10303-21;
